epoch,loss,lr,mae,mape,mse,msle,rmse,val_loss,val_mae,val_mape,val_mse,val_msle,val_rmse
0,1.3373255729675293,1e-04,0.23081891,254.65256,0.06589697,0.038425524,0.25670406,1.416404128074646,0.37088003754615784,41.86239242553711,0.14688855409622192,0.05094863846898079,0.38326042890548706
1,1.33156418800354,1e-04,0.22609952,242.9666,0.062048655,0.036132395,0.24909568,1.4145921468734741,0.37104010581970215,41.881290435791016,0.14700327813625336,0.050994087010622025,0.3834100663661957
2,1.326464295387268,1e-04,0.22234014,232.03967,0.058875415,0.034141343,0.24264257,1.4127655029296875,0.37120237946510315,41.90045166015625,0.1471196860074997,0.05104021728038788,0.3835618495941162
3,1.3219760656356812,1e-04,0.22236538,222.56001,0.056330264,0.0324416,0.23733997,1.4109236001968384,0.371369332075119,41.92014694213867,0.14723961055278778,0.05108773335814476,0.3837181329727173
4,1.3180230855941772,1e-04,0.22229673,214.01999,0.05433901,0.031010462,0.2331073,1.4090675115585327,0.3715428411960602,41.940608978271484,0.147364541888237,0.051137249916791916,0.3838808834552765
5,1.3145112991333008,1e-04,0.22210865,206.51888,0.05280834,0.029816706,0.22980066,1.4072554111480713,0.3717195689678192,41.961421966552734,0.14749211072921753,0.05118779465556145,0.3840470016002655
6,1.3114334344863892,1e-04,0.22179934,200.29587,0.051670156,0.028853443,0.2273107,1.4053771495819092,0.3719107210636139,41.983917236328125,0.14763054251670837,0.0512426383793354,0.3842272162437439
7,1.3085075616836548,1e-04,0.22134964,194.95961,0.05076099,0.028025929,0.225302,1.4034909009933472,0.37211206555366516,42.00758361816406,0.1477767676115036,0.05130057409405708,0.38441744446754456
8,1.30575430393219,1e-04,0.22077791,190.67717,0.050040204,0.027334806,0.22369668,1.4015989303588867,0.3723239004611969,42.0324592590332,0.14793109893798828,0.051361728459596634,0.3846181333065033
9,1.3031120300292969,1e-04,0.2201018,187.3943,0.049444158,0.026753917,0.22236042,1.3997021913528442,0.3725462257862091,42.05854415893555,0.1480935513973236,0.05142608657479286,0.38482925295829773
10,1.3005352020263672,1e-04,0.21934293,185.041,0.048926506,0.026262617,0.22119337,1.3978028297424316,0.37277868390083313,42.085792541503906,0.1482638567686081,0.0514935664832592,0.3850504457950592
11,1.2979954481124878,1e-04,0.21852443,183.53918,0.04845645,0.025845451,0.22012825,1.3959012031555176,0.3730206787586212,42.1141357421875,0.1484415978193283,0.051563989371061325,0.38528120517730713
12,1.2954753637313843,1e-04,0.21766867,182.80751,0.048015732,0.02549133,0.21912493,1.3939979076385498,0.37327146530151367,42.14348220825195,0.1486262083053589,0.05163714662194252,0.38552069664001465
13,1.2929672002792358,1e-04,0.21679619,182.76419,0.047595594,0.025192557,0.21816415,1.3920928239822388,0.37353014945983887,42.173736572265625,0.1488170474767685,0.05171278491616249,0.3857681155204773
14,1.290469765663147,1e-04,0.21592498,183.32777,0.04719389,0.024943871,0.21724154,1.3901864290237427,0.37379583716392517,42.20479202270508,0.1490134745836258,0.051790643483400345,0.3860226273536682
15,1.2879854440689087,1e-04,0.21507011,184.41672,0.0468126,0.024741497,0.2163622,1.3882783651351929,0.3740675151348114,42.236534118652344,0.1492146998643875,0.05187041684985161,0.38628318905830383
16,1.2855195999145508,1e-04,0.21424386,185.94838,0.04645599,0.024582405,0.21553652,1.3863677978515625,0.37434425950050354,42.268856048583984,0.14942003786563873,0.05195183679461479,0.38654887676239014
17,1.2830766439437866,1e-04,0.21345542,187.83803,0.046128903,0.024463639,0.2147764,1.3844552040100098,0.3746250569820404,42.301631927490234,0.14962871372699738,0.05203459784388542,0.38681870698928833
18,1.280662178993225,1e-04,0.21271142,189.99846,0.045835715,0.024381852,0.21409278,1.3825390338897705,0.3749088943004608,42.33475112915039,0.14983998239040375,0.05211840197443962,0.3870916962623596
19,1.2782783508300781,1e-04,0.21201578,192.3391,0.045579378,0.024332916,0.21349327,1.3806196451187134,0.375194787979126,42.368106842041016,0.15005311369895935,0.05220295861363411,0.3873668909072876
20,1.2759274244308472,1e-04,0.2113701,194.76743,0.04536084,0.024311755,0.21298085,1.3786967992782593,0.3754817545413971,42.40157699584961,0.1502673178911209,0.05228797718882561,0.3876432776451111
21,1.2736082077026367,1e-04,0.21077386,197.19022,0.04517879,0.024312291,0.21255302,1.3767696619033813,0.37576889991760254,42.435062408447266,0.1504819542169571,0.05237317085266113,0.3879200220108032
22,1.271317481994629,1e-04,0.21022487,199.51657,0.045029666,0.024327664,0.21220195,1.3748383522033691,0.37605538964271545,42.46846008300781,0.15069635212421417,0.052458297461271286,0.38819628953933716
23,1.2690500020980835,1e-04,0.20971966,201.66063,0.044907995,0.024350496,0.21191506,1.3729023933410645,0.37634047865867615,42.50168991088867,0.15090994536876678,0.052543122321367264,0.3884713053703308
24,1.2667994499206543,1e-04,0.20925394,203.5467,0.04480704,0.024373448,0.21167673,1.3709626197814941,0.3766235411167145,42.53467559814453,0.15112225711345673,0.05262747034430504,0.3887444734573364
25,1.2645598649978638,1e-04,0.20882298,205.11218,0.044719536,0.02438971,0.21146993,1.3690185546875,0.37690412998199463,42.56736755371094,0.15133291482925415,0.05271117016673088,0.3890153169631958
26,1.2623240947723389,1e-04,0.20842229,206.31107,0.044638555,0.024393508,0.21127838,1.3670706748962402,0.37718185782432556,42.59972381591797,0.15154163539409637,0.05279412865638733,0.3892834782600403
27,1.2600873708724976,1e-04,0.20804763,207.11597,0.04455825,0.024380583,0.21108826,1.3651199340820312,0.37745654582977295,42.6317253112793,0.15174829959869385,0.05287628993391991,0.3895488381385803
28,1.2578459978103638,1e-04,0.20769565,207.51866,0.044474307,0.024348369,0.21088932,1.3631662130355835,0.37772825360298157,42.66337203979492,0.15195290744304657,0.05295765399932861,0.38981136679649353
29,1.255597472190857,1e-04,0.20736364,207.52907,0.044384245,0.024296084,0.21067569,1.361210584640503,0.3779970705509186,42.69468307495117,0.1521555334329605,0.05303825065493584,0.39007118344306946
30,1.2533423900604248,1e-04,0.20704982,207.17354,0.044287298,0.02422457,0.21044548,1.3592532873153687,0.3782632648944855,42.72568893432617,0.1523563414812088,0.05311814323067665,0.3903284966945648
31,1.2510812282562256,1e-04,0.2067531,206.49202,0.04418421,0.024136072,0.21020041,1.3572955131530762,0.3785272538661957,42.75642395019531,0.1525556743144989,0.0531974695622921,0.39058375358581543
32,1.2488164901733398,1e-04,0.2064729,205.53477,0.04407666,0.024033826,0.20994441,1.3553375005722046,0.37878939509391785,42.78694534301758,0.1527538001537323,0.053276341408491135,0.39083731174468994
33,1.2465505599975586,1e-04,0.20620915,204.35924,0.043966938,0.023921708,0.20968294,1.353379487991333,0.37905025482177734,42.81732177734375,0.15295113623142242,0.0533549040555954,0.39108967781066895
34,1.2442857027053833,1e-04,0.20596172,203.02628,0.0438573,0.02380382,0.20942134,1.3514231443405151,0.37931036949157715,42.847599029541016,0.1531480997800827,0.053433340042829514,0.3913414180278778
35,1.2420246601104736,1e-04,0.20573054,201.5977,0.043749724,0.023684205,0.20916435,1.3494682312011719,0.37957024574279785,42.87784957885742,0.15334507822990417,0.053511809557676315,0.39159300923347473
36,1.2397688627243042,1e-04,0.20551538,200.13353,0.043645624,0.02356657,0.20891535,1.347515344619751,0.3798304796218872,42.908138275146484,0.15354251861572266,0.053590476512908936,0.3918450176715851
37,1.2375184297561646,1e-04,0.2053157,198.6893,0.04354569,0.02345409,0.20867604,1.3455654382705688,0.3800915777683258,42.93851852416992,0.1537408083677292,0.05366950109601021,0.39209794998168945
38,1.2352745532989502,1e-04,0.20513056,197.31467,0.04344992,0.023349332,0.20844644,1.3436188697814941,0.38035401701927185,42.96905517578125,0.15394027531147003,0.05374901369214058,0.39235222339630127
39,1.2330362796783447,1e-04,0.20495878,196.05186,0.04335778,0.023254221,0.20822531,1.3416756391525269,0.3806180953979492,42.99977493286133,0.15414121747016907,0.0538291372358799,0.3926082253456116
40,1.2308028936386108,1e-04,0.20479885,194.93489,0.043268323,0.023170063,0.20801039,1.339736819267273,0.38088417053222656,43.03072738647461,0.1543438881635666,0.053909968584775925,0.39286625385284424
41,1.2285734415054321,1e-04,0.20464912,193.98904,0.04318044,0.023097608,0.20779903,1.3378021717071533,0.381152480840683,43.06193161010742,0.15454843640327454,0.05399155989289284,0.3931264877319336
42,1.226346731185913,1e-04,0.2045077,193.23073,0.043092992,0.023037096,0.20758852,1.3358721733093262,0.38142308592796326,43.09340286254883,0.15475498139858246,0.05407397449016571,0.39338910579681396
43,1.2241222858428955,1e-04,0.2043728,192.66763,0.043005086,0.0229884,0.20737667,1.3339468240737915,0.38169607520103455,43.12514114379883,0.15496349334716797,0.05415720120072365,0.3936540186405182
44,1.221899390220642,1e-04,0.20424262,192.2997,0.042916078,0.022951048,0.20716196,1.3320258855819702,0.3819713294506073,43.15715026855469,0.15517397224903107,0.054241228848695755,0.39392128586769104
45,1.2196776866912842,1e-04,0.20411555,192.11923,0.042825706,0.022924317,0.20694372,1.3301100730895996,0.38224878907203674,43.18940734863281,0.15538634359836578,0.05432601645588875,0.3941907584667206
46,1.21745765209198,1e-04,0.20399009,192.11201,0.042733993,0.022907242,0.20672202,1.3281984329223633,0.382528156042099,43.22188186645508,0.15560032427310944,0.05441148951649666,0.39446207880973816
47,1.215239405632019,1e-04,0.20386498,192.25838,0.04264128,0.022898702,0.20649765,1.3262913227081299,0.38280919194221497,43.254547119140625,0.15581578016281128,0.05449756979942322,0.39473506808280945
48,1.2130235433578491,1e-04,0.20373905,192.53415,0.042548038,0.022897353,0.20627175,1.324388027191162,0.383091539144516,43.2873649597168,0.15603241324424744,0.05458414927124977,0.3950093984603882
49,1.2108104228973389,1e-04,0.20361139,192.91179,0.04245485,0.022901753,0.20604575,1.3224891424179077,0.38337478041648865,43.32029342651367,0.15624992549419403,0.05467110872268677,0.39528462290763855
50,1.208601474761963,1e-04,0.2034813,193.36157,0.04236228,0.022910308,0.205821,1.3205938339233398,0.3836585581302643,43.3532829284668,0.15646803379058838,0.05475832149386406,0.3955604135990143
51,1.206396460533142,1e-04,0.20334812,193.85294,0.042270724,0.022921335,0.20559846,1.3187016248703003,0.38394248485565186,43.38628005981445,0.15668639540672302,0.0548456571996212,0.39583632349967957
52,1.2041957378387451,1e-04,0.20321132,194.3556,0.04218045,0.0229331,0.2053788,1.3168127536773682,0.3842261731624603,43.41925048828125,0.1569046974182129,0.05493300035595894,0.39611196517944336
53,1.201999545097351,1e-04,0.20307063,194.84068,0.042091522,0.022943888,0.20516218,1.314926266670227,0.38450920581817627,43.4521598815918,0.1571226865053177,0.05502024665474892,0.3963870406150818
54,1.1998074054718018,1e-04,0.2029257,195.2822,0.042003814,0.02295209,0.20494832,1.3130426406860352,0.3847912847995758,43.48494338989258,0.15734004974365234,0.05510726198554039,0.3966611325740814
55,1.1976196765899658,1e-04,0.20277634,195.65758,0.04191706,0.02295622,0.20473656,1.3111610412597656,0.38507211208343506,43.5175895690918,0.15755659341812134,0.05519397184252739,0.39693400263786316
56,1.1954352855682373,1e-04,0.20262255,195.94905,0.04183094,0.02295507,0.20452613,1.309281826019287,0.3853514492511749,43.5500602722168,0.15777210891246796,0.055280301719903946,0.3972053825855255
57,1.193254828453064,1e-04,0.20246424,196.14359,0.041745063,0.022947675,0.20431608,1.3074045181274414,0.38562917709350586,43.58235168457031,0.15798647701740265,0.05536620691418648,0.39747512340545654
58,1.1910771131515503,1e-04,0.20230147,196.234,0.041659098,0.022933453,0.2041056,1.3055294752120972,0.3859051465988159,43.61444091796875,0.15819965302944183,0.055451650172472,0.39774319529533386
59,1.188902735710144,1e-04,0.20213437,196.21802,0.041572828,0.02291215,0.20389415,1.3036558628082275,0.3861793577671051,43.646331787109375,0.15841157734394073,0.05553661659359932,0.3980095088481903
60,1.1867303848266602,1e-04,0.20196305,196.09909,0.041486092,0.02288388,0.20368135,1.301784634590149,0.38645192980766296,43.67802810668945,0.15862230956554413,0.05562113597989082,0.39827415347099304
61,1.1845611333847046,1e-04,0.20178768,195.8848,0.041398864,0.022849059,0.20346712,1.2999156713485718,0.3867228329181671,43.709537506103516,0.1588319092988968,0.05570521950721741,0.39853721857070923
62,1.1823948621749878,1e-04,0.20160842,195.58696,0.04131121,0.022808388,0.20325159,1.298048973083496,0.38699233531951904,43.74088668823242,0.15904048085212708,0.055788908153772354,0.39879879355430603
63,1.1802316904067993,1e-04,0.20142545,195.2203,0.041223235,0.022762762,0.20303506,1.2961845397949219,0.3872605264186859,43.7720832824707,0.15924817323684692,0.05587228015065193,0.39905911684036255
64,1.17807137966156,1e-04,0.20123892,194.80153,0.04113509,0.022713225,0.20281787,1.2943223714828491,0.3875277042388916,43.80316162109375,0.15945518016815186,0.055955395102500916,0.3993183970451355
65,1.1759141683578491,1e-04,0.20104888,194.34851,0.041046895,0.022660872,0.20260033,1.2924631834030151,0.38779401779174805,43.83414077758789,0.159661665558815,0.056038323789834976,0.399576872587204
66,1.1737602949142456,1e-04,0.2008555,193.87892,0.04095876,0.022606794,0.2023827,1.29060697555542,0.38805973529815674,43.865055084228516,0.1598677635192871,0.05612112209200859,0.39983466267585754
67,1.171609878540039,1e-04,0.20065881,193.40987,0.040870715,0.022552026,0.20216507,1.2887537479400635,0.3883250653743744,43.895931243896484,0.16007369756698608,0.05620388686656952,0.40009212493896484
68,1.16946280002594,1e-04,0.20045887,192.95656,0.040782787,0.022497479,0.20194748,1.2869036197662354,0.3885901868343353,43.92677688598633,0.16027958691120148,0.05628664419054985,0.40034931898117065
69,1.1673189401626587,1e-04,0.20025575,192.53226,0.040694926,0.022443952,0.20172983,1.2850568294525146,0.3888552486896515,43.95762252807617,0.16048561036586761,0.05636947229504585,0.40060654282569885
70,1.1651782989501953,1e-04,0.20004952,192.14738,0.04060709,0.022392064,0.20151201,1.2832130193710327,0.3891204297542572,43.98847579956055,0.1606917828321457,0.05645240470767021,0.40086379647254944
71,1.1630403995513916,1e-04,0.19984028,191.80937,0.0405192,0.022342255,0.20129381,1.281373143196106,0.38938578963279724,44.019351959228516,0.16089825332164764,0.05653546378016472,0.40112125873565674
72,1.160906195640564,1e-04,0.19962819,191.5227,0.040431235,0.022294836,0.2010752,1.2795369625091553,0.3896513879299164,44.050262451171875,0.16110505163669586,0.05661867931485176,0.40137892961502075
73,1.1587750911712646,1e-04,0.19941333,191.28868,0.04034313,0.022249894,0.20085599,1.2777040004730225,0.3899172246456146,44.08119201660156,0.16131216287612915,0.05670204758644104,0.40163686871528625
74,1.156646728515625,1e-04,0.1991961,191.10616,0.040254924,0.02220743,0.2006363,1.275874376296997,0.3901832401752472,44.112152099609375,0.16151955723762512,0.05678555369377136,0.4018949568271637
75,1.1545214653015137,1e-04,0.19897662,190.97107,0.040166616,0.022167275,0.2004161,1.274048089981079,0.3904494047164917,44.143123626708984,0.1617272049188614,0.056869179010391235,0.40215322375297546
76,1.1523993015289307,1e-04,0.19875523,190.87758,0.040078294,0.022129165,0.20019564,1.272225260734558,0.3907155990600586,44.174102783203125,0.16193503141403198,0.05695289745926857,0.4024115204811096
77,1.150280237197876,1e-04,0.1985323,190.81819,0.039990008,0.02209274,0.19997501,1.2704054117202759,0.3909817636013031,44.205074310302734,0.16214294731616974,0.057036686688661575,0.4026697874069214
78,1.14816415309906,1e-04,0.19830813,190.78404,0.03990181,0.022057576,0.19975437,1.2685890197753906,0.3912477493286133,44.236026763916016,0.1623508632183075,0.05712048336863518,0.40292787551879883
79,1.1460520029067993,1e-04,0.19808309,190.76607,0.03981378,0.022023212,0.19953391,1.266775369644165,0.3915133774280548,44.266937255859375,0.1625586748123169,0.057204265147447586,0.4031856656074524
80,1.1439425945281982,1e-04,0.19785753,190.75491,0.039725967,0.021989191,0.19931374,1.2649645805358887,0.3917786180973053,44.29780578613281,0.1627662628889084,0.05728797987103462,0.40344300866127014
81,1.1418367624282837,1e-04,0.19763175,190.74179,0.03963838,0.021955049,0.19909391,1.263156771659851,0.39204326272010803,44.3286018371582,0.1629735678434372,0.057371605187654495,0.4036998450756073
82,1.139734148979187,1e-04,0.19740607,190.71878,0.03955106,0.021920377,0.19887449,1.2613513469696045,0.3923072814941406,44.35932922363281,0.16318048536777496,0.057455092668533325,0.4039560556411743
83,1.1376348733901978,1e-04,0.19718075,190.67929,0.039463993,0.021884834,0.19865546,1.259548306465149,0.3925706148147583,44.38997268676758,0.1633869856595993,0.057538438588380814,0.40421155095100403
84,1.1355384588241577,1e-04,0.19695607,190.61803,0.03937718,0.02184816,0.19843684,1.2577483654022217,0.39283308386802673,44.4205207824707,0.16359294950962067,0.05762160196900368,0.4044662415981293
85,1.1334459781646729,1e-04,0.19673225,190.5316,0.03929061,0.021810174,0.1982186,1.255950689315796,0.3930948078632355,44.450984954833984,0.1637984663248062,0.05770459771156311,0.4047202467918396
86,1.1313564777374268,1e-04,0.19650938,190.41826,0.03920426,0.021770794,0.19800065,1.2541552782058716,0.39335569739341736,44.48134231567383,0.16400344669818878,0.05778739973902702,0.4049733877182007
87,1.1292699575424194,1e-04,0.19628766,190.27791,0.039118133,0.021730045,0.19778305,1.252362608909607,0.39361584186553955,44.51162338256836,0.16420798003673553,0.057870034128427505,0.40522584319114685
88,1.127186894416809,1e-04,0.19606723,190.11198,0.03903225,0.021688042,0.19756581,1.2505725622177124,0.39387521147727966,44.54180908203125,0.16441206634044647,0.05795251205563545,0.4054775834083557
89,1.1251070499420166,1e-04,0.19584806,189.92342,0.038946595,0.021644956,0.19734892,1.248785138130188,0.39413395524024963,44.57191848754883,0.16461573541164398,0.058034852147102356,0.40572863817214966
90,1.1230305433273315,1e-04,0.1956302,189.71606,0.038861174,0.02160103,0.19713238,1.2470002174377441,0.39439210295677185,44.60197067260742,0.16481907665729523,0.0581170879304409,0.4059791564941406
91,1.1209571361541748,1e-04,0.1954137,189.4946,0.03877602,0.021556552,0.19691628,1.245218276977539,0.3946497440338135,44.6319580078125,0.16502220928668976,0.05819924175739288,0.40622925758361816
92,1.118887186050415,1e-04,0.19519843,189.2639,0.03869113,0.02151182,0.1967006,1.2434393167495728,0.39490699768066406,44.661895751953125,0.16522513329982758,0.05828133225440979,0.4064789414405823
93,1.1168208122253418,1e-04,0.19498445,189.02922,0.038606517,0.021467132,0.19648542,1.241662859916687,0.3951639235019684,44.69179916381836,0.16542792320251465,0.0583634078502655,0.4067283272743225
94,1.1147570610046387,1e-04,0.19477162,188.79552,0.038522173,0.021422783,0.19627066,1.2398896217346191,0.395420640707016,44.7216796875,0.16563069820404053,0.058445487171411514,0.40697750449180603
95,1.1126971244812012,1e-04,0.19455986,188.56711,0.0384381,0.021379014,0.19605637,1.2381194829940796,0.39567720890045166,44.75153732299805,0.1658334881067276,0.058527592569589615,0.4072265923023224
96,1.110640287399292,1e-04,0.19434908,188.34782,0.038354285,0.021336047,0.1958425,1.2363522052764893,0.3959336578845978,44.7813835144043,0.16603632271289825,0.0586097426712513,0.4074755609035492
97,1.1085865497589111,1e-04,0.19413927,188.14053,0.038270734,0.021294037,0.19562908,1.234588384628296,0.3961900472640991,44.81121826171875,0.16623924672603607,0.05869195982813835,0.4077244699001312
98,1.1065365076065063,1e-04,0.19393025,187.94725,0.038187418,0.021253081,0.19541602,1.2328274250030518,0.39644643664360046,44.8410530090332,0.16644233465194702,0.05877424776554108,0.40797343850135803
99,1.1044894456863403,1e-04,0.19372198,187.76884,0.038104337,0.021213228,0.19520332,1.231069803237915,0.39670273661613464,44.870880126953125,0.16664546728134155,0.05885658785700798,0.4082223176956177
100,1.1024458408355713,1e-04,0.19351435,187.60545,0.03802148,0.02117446,0.19499098,1.2293154001235962,0.39695897698402405,44.90070724487305,0.16684873402118683,0.05893899127840996,0.4084712266921997
101,1.1004054546356201,1e-04,0.19330736,187.45619,0.037938852,0.02113672,0.19477898,1.227563500404358,0.39721521735191345,44.930511474609375,0.16705210506916046,0.05902145802974701,0.40872007608413696
102,1.0983678102493286,1e-04,0.19310093,187.31953,0.03785643,0.021099905,0.1945673,1.2258154153823853,0.39747127890586853,44.9603157043457,0.1672554761171341,0.05910395458340645,0.40896880626678467
103,1.0963340997695923,1e-04,0.19289504,187.19319,0.037774228,0.02106388,0.19435593,1.2240700721740723,0.3977271616458893,44.99009323120117,0.16745887696743011,0.05918647348880768,0.40921738743782043
104,1.0943034887313843,1e-04,0.19268967,187.07484,0.03769224,0.021028485,0.1941449,1.2223278284072876,0.3979828357696533,45.019840240478516,0.16766220331192017,0.05926899239420891,0.4094657599925995
105,1.0922759771347046,1e-04,0.19248477,186.9615,0.037610453,0.02099353,0.19393414,1.2205884456634521,0.3982382118701935,45.049556732177734,0.16786544024944305,0.05935148522257805,0.40971386432647705
106,1.0902519226074219,1e-04,0.19228038,186.85046,0.037528876,0.02095886,0.19372371,1.218852162361145,0.3984932005405426,45.079227447509766,0.16806848347187042,0.0594339482486248,0.4099615514278412
107,1.0882312059402466,1e-04,0.19207644,186.739,0.037447512,0.020924302,0.1935136,1.217118740081787,0.3987478017807007,45.10885238647461,0.16827137768268585,0.05951635167002678,0.41020894050598145
108,1.0862137079238892,1e-04,0.191873,186.62466,0.037366334,0.020889688,0.19330373,1.2153879404067993,0.39900192618370056,45.138423919677734,0.1684740036725998,0.059598665684461594,0.4104558527469635
109,1.0841991901397705,1e-04,0.19166997,186.50548,0.037285354,0.020854903,0.19309416,1.2136603593826294,0.39925551414489746,45.16792678833008,0.16867633163928986,0.05968087911605835,0.4107022285461426
110,1.082188606262207,1e-04,0.1914674,186.37996,0.037204556,0.020819847,0.19288483,1.2119354009628296,0.3995085656642914,45.19737243652344,0.16887836158275604,0.05976300314068794,0.41094812750816345
111,1.0801810026168823,1e-04,0.19126526,186.24718,0.03712394,0.020784443,0.19267574,1.2102129459381104,0.39976099133491516,45.22675704956055,0.16908001899719238,0.05984499678015709,0.4111934006214142
112,1.078176498413086,1e-04,0.19106348,186.10661,0.03704349,0.020748656,0.19246686,1.2084938287734985,0.40001288056373596,45.25606155395508,0.16928137838840485,0.05992688238620758,0.4114381968975067
113,1.076175570487976,1e-04,0.19086203,185.95842,0.036963202,0.020712482,0.19225816,1.2067769765853882,0.40026426315307617,45.285308837890625,0.16948240995407104,0.06000865623354912,0.4116824269294739
114,1.0741777420043945,1e-04,0.19066088,185.80327,0.036883097,0.020675955,0.19204973,1.2050628662109375,0.40051499009132385,45.314483642578125,0.1696830838918686,0.06009030342102051,0.4119260609149933
115,1.0721828937530518,1e-04,0.19046,185.64206,0.03680315,0.020639112,0.19184147,1.2033518552780151,0.40076515078544617,45.343597412109375,0.1698833853006363,0.06017183139920235,0.41216912865638733
116,1.070191740989685,1e-04,0.19025932,185.47598,0.036723357,0.02060202,0.19163339,1.2016433477401733,0.4010148048400879,45.372650146484375,0.1700834184885025,0.06025327369570732,0.41241171956062317
117,1.0682036876678467,1e-04,0.19005874,185.30667,0.036643725,0.020564761,0.1914255,1.1999377012252808,0.401263952255249,45.401641845703125,0.17028318345546722,0.06033461168408394,0.4126538336277008
118,1.0662187337875366,1e-04,0.18985829,185.1356,0.036564257,0.020527411,0.19121782,1.1982353925704956,0.40151259303092957,45.43057632446289,0.17048263549804688,0.06041586399078369,0.41289544105529785
119,1.0642377138137817,1e-04,0.18965784,184.96425,0.036484938,0.020490067,0.19101031,1.196535348892212,0.4017607867717743,45.4594612121582,0.1706819087266922,0.06049703061580658,0.41313666105270386
120,1.0622591972351074,1e-04,0.18945737,184.79411,0.03640578,0.020452794,0.19080299,1.194838285446167,0.4020085334777832,45.48829650878906,0.17088091373443604,0.0605781264603138,0.41337743401527405
121,1.06028413772583,1e-04,0.18925683,184.62639,0.036326773,0.020415667,0.19059584,1.1931442022323608,0.40225592255592346,45.517086029052734,0.17107968032360077,0.06065915897488594,0.4136177897453308
122,1.0583125352859497,1e-04,0.18905619,184.462,0.036247917,0.020378733,0.19038886,1.1914530992507935,0.4025028645992279,45.54581832885742,0.17127825319766998,0.06074012443423271,0.41385775804519653
123,1.0563440322875977,1e-04,0.18885541,184.30164,0.03616922,0.020342031,0.19018207,1.1897647380828857,0.4027493894100189,45.57451248168945,0.17147666215896606,0.060821037739515305,0.414097398519516
124,1.0543787479400635,1e-04,0.1886545,184.14554,0.036090665,0.020305576,0.18997543,1.188079595565796,0.40299558639526367,45.6031608581543,0.17167483270168304,0.06090188026428223,0.414336621761322
125,1.0524170398712158,1e-04,0.18845339,183.99391,0.03601226,0.020269377,0.18976896,1.1863969564437866,0.4032413065433502,45.63176345825195,0.1718728095293045,0.060982659459114075,0.414575457572937
126,1.0504581928253174,1e-04,0.18825221,183.84651,0.035934012,0.020233426,0.1895627,1.1847174167633057,0.4034866392612457,45.66031265258789,0.17207057774066925,0.06106337904930115,0.41481390595436096
127,1.0485026836395264,1e-04,0.18805082,183.70277,0.0358559,0.020197678,0.18935655,1.183040738105774,0.4037315547466278,45.68881607055664,0.1722680926322937,0.06114400550723076,0.4150519073009491
128,1.0465506315231323,1e-04,0.18784937,183.56212,0.035777945,0.020162119,0.18915059,1.1813668012619019,0.4039759933948517,45.71726989746094,0.17246538400650024,0.061224568635225296,0.4152895212173462
129,1.0446016788482666,1e-04,0.18764782,183.42375,0.035700146,0.020126697,0.18894482,1.1796958446502686,0.40422001481056213,45.74566650390625,0.1726623922586441,0.06130504608154297,0.4155266582965851
130,1.0426559448242188,1e-04,0.18744624,183.28679,0.03562249,0.020091364,0.18873921,1.1780277490615845,0.4044634997844696,45.77400207519531,0.17285914719104767,0.06138542294502258,0.41576331853866577
131,1.0407135486602783,1e-04,0.18724465,183.1504,0.035544984,0.02005607,0.18853377,1.1763625144958496,0.4047064781188965,45.80228805541992,0.17305557429790497,0.06146569922566414,0.41599950194358826
132,1.0387744903564453,1e-04,0.18704309,183.01389,0.035467636,0.020020787,0.18832853,1.1746995449066162,0.4049489498138428,45.83050537109375,0.1732516884803772,0.06154586002230644,0.41623514890670776
133,1.0368382930755615,1e-04,0.18684156,182.87646,0.03539043,0.019985467,0.18812343,1.1730397939682007,0.4051908552646637,45.85866165161133,0.17344748973846436,0.06162591651082039,0.4164702892303467
134,1.0349056720733643,1e-04,0.18664014,182.73752,0.035313375,0.019950079,0.18791853,1.1713826656341553,0.40543222427368164,45.88675308227539,0.17364293336868286,0.06170584633946419,0.41670486330986023
135,1.0329761505126953,1e-04,0.18643884,182.59673,0.03523648,0.019914612,0.18771383,1.169728398323059,0.4056730270385742,45.91477966308594,0.1738380342721939,0.06178565323352814,0.4169388711452484
136,1.0310500860214233,1e-04,0.18623771,182.45389,0.035159733,0.019879052,0.18750928,1.168076515197754,0.40591326355934143,45.942745208740234,0.1740327924489975,0.06186534836888313,0.417172372341156
137,1.0291268825531006,1e-04,0.18603672,182.30894,0.03508314,0.0198434,0.18730494,1.166427731513977,0.4061529338359833,45.97064208984375,0.17422719299793243,0.06194491311907768,0.41740530729293823
138,1.0272072553634644,1e-04,0.18583593,182.16197,0.0350067,0.01980767,0.18710077,1.1647814512252808,0.40639206767082214,45.99847412109375,0.1744212657213211,0.06202436611056328,0.4176377058029175
139,1.025290608406067,1e-04,0.18563533,182.01329,0.034930423,0.019771878,0.18689683,1.1631380319595337,0.40663060545921326,46.0262451171875,0.1746150255203247,0.06210368871688843,0.4178696274757385
140,1.0233772993087769,1e-04,0.1854349,181.86308,0.034854285,0.019736035,0.18669303,1.1614971160888672,0.4068686068058014,46.0539436340332,0.17480842769145966,0.06218290328979492,0.4181009829044342
141,1.0214669704437256,1e-04,0.18523462,181.71199,0.034778308,0.019700184,0.18648943,1.159859299659729,0.4071061313152313,46.08159255981445,0.17500150203704834,0.062262002378702164,0.4183318018913269
142,1.0195602178573608,1e-04,0.18503454,181.56029,0.03470249,0.019664347,0.18628605,1.1582238674163818,0.40734314918518066,46.10918045043945,0.17519427835941315,0.06234100088477135,0.4185621440410614
143,1.0176564455032349,1e-04,0.18483463,181.40858,0.034626823,0.019628553,0.18608284,1.1565912961959839,0.40757957100868225,46.1367073059082,0.17538674175739288,0.06241989508271217,0.4187920093536377
144,1.0157558917999268,1e-04,0.1846349,181.25728,0.034551315,0.019592835,0.18587984,1.1549615859985352,0.4078156054019928,46.1641845703125,0.17557895183563232,0.06249869242310524,0.4190214276313782
145,1.0138585567474365,1e-04,0.18443528,181.10669,0.03447596,0.019557206,0.18567704,1.153334617614746,0.40805113315582275,46.19160079956055,0.1757708340883255,0.06257738918066025,0.4192503094673157
146,1.0119645595550537,1e-04,0.18423583,180.9571,0.034400765,0.019521685,0.18547443,1.1517103910446167,0.4082861840724945,46.218963623046875,0.17596246302127838,0.0626559779047966,0.41947880387306213
147,1.0100735425949097,1e-04,0.18403652,180.80887,0.03432572,0.019486297,0.18527201,1.1500890254974365,0.40852072834968567,46.24626541137695,0.17615382373332977,0.06273447722196579,0.4197068214416504
148,1.0081861019134521,1e-04,0.18383737,180.66191,0.03425084,0.019451039,0.18506983,1.148470401763916,0.408754825592041,46.27351760864258,0.1763448715209961,0.06281288713216782,0.41993436217308044
149,1.006301760673523,1e-04,0.18363835,180.51639,0.034176122,0.01941592,0.18486784,1.1468545198440552,0.40898847579956055,46.300716400146484,0.17653566598892212,0.06289120763540268,0.42016148567199707
150,1.0044203996658325,1e-04,0.18343945,180.37209,0.034101542,0.019380918,0.18466602,1.1452412605285645,0.4092215597629547,46.32785415649414,0.17672614753246307,0.06296940892934799,0.4203881025314331
151,1.0025421380996704,1e-04,0.1832407,180.22896,0.034027122,0.019346042,0.18446442,1.1436309814453125,0.40945425629615784,46.35493850708008,0.17691636085510254,0.06304752826690674,0.4206142723560333
152,1.0006674528121948,1e-04,0.18304212,180.08675,0.033952866,0.019311275,0.18426304,1.1420230865478516,0.409686416387558,46.381961822509766,0.17710624635219574,0.06312552839517593,0.42083993554115295
153,0.9987956285476685,1e-04,0.18284369,179.94516,0.033878755,0.019276593,0.18406183,1.1404179334640503,0.4099179804325104,46.408931732177734,0.17729580402374268,0.06320340931415558,0.421065092086792
154,0.9969268441200256,1e-04,0.1826454,179.80399,0.033804797,0.01924199,0.18386081,1.1388156414031982,0.41014912724494934,46.43583297729492,0.17748506367206573,0.06328118592500687,0.4212897717952728
155,0.9950616359710693,1e-04,0.1824473,179.66292,0.033730995,0.019207448,0.18366,1.1372160911560059,0.41037967801094055,46.462677001953125,0.17767398059368134,0.0633588433265686,0.4215139150619507
156,0.9931994676589966,1e-04,0.1822494,179.52176,0.03365735,0.019172952,0.1834594,1.1356192827224731,0.41060975193977356,46.48945999145508,0.17786253988742828,0.06343638151884079,0.42173752188682556
157,0.9913405179977417,1e-04,0.18205164,179.38028,0.033583846,0.019138489,0.18325897,1.134024977684021,0.4108392298221588,46.51617431640625,0.17805075645446777,0.06351378560066223,0.42196062207221985
158,0.9894848465919495,1e-04,0.18185411,179.23836,0.03351051,0.01910405,0.18305875,1.132428765296936,0.4110688865184784,46.54291915893555,0.17823922634124756,0.06359130889177322,0.4221838712692261
159,0.9876266717910767,1e-04,0.18165617,179.09543,0.033437107,0.019069523,0.18285815,1.1308399438858032,0.4112972021102905,46.56949996948242,0.17842668294906616,0.06366845220327377,0.42240583896636963
160,0.9857772588729858,1e-04,0.18145898,178.95227,0.03336405,0.019035107,0.18265828,1.1292533874511719,0.41152501106262207,46.59601974487305,0.1786138266324997,0.06374546140432358,0.4226273000240326
161,0.9839307069778442,1e-04,0.18126202,178.8085,0.033291157,0.019000709,0.18245864,1.1276698112487793,0.41175222396850586,46.62247848510742,0.178800567984581,0.06382233649492264,0.4228481650352478
162,0.9820876121520996,1e-04,0.18106519,178.66415,0.03321841,0.018966317,0.18225919,1.1260887384414673,0.4119788706302643,46.64886474609375,0.17898695170879364,0.06389907747507095,0.42306849360466003
163,0.9802476167678833,1e-04,0.18086854,178.51941,0.033145808,0.018931951,0.1820599,1.124510407447815,0.41220489144325256,46.67518615722656,0.17917294800281525,0.06397566944360733,0.4232882559299469
164,0.9784107804298401,1e-04,0.18067208,178.3743,0.03307336,0.01889761,0.18186082,1.1229344606399536,0.41243040561676025,46.70143508911133,0.17935854196548462,0.06405214220285416,0.423507422208786
165,0.9765770435333252,1e-04,0.18047576,178.22903,0.033001058,0.018863304,0.18166193,1.1213613748550415,0.4126552641391754,46.72762680053711,0.17954377830028534,0.06412846595048904,0.42372605204582214
166,0.9747465252876282,1e-04,0.18027957,178.08371,0.03292889,0.01882903,0.1814632,1.11979079246521,0.41287961602211,46.75374984741211,0.1797286421060562,0.06420466303825378,0.4239441454410553
167,0.9729189276695251,1e-04,0.18008353,177.9385,0.032856874,0.01879481,0.18126465,1.118222713470459,0.4131034314632416,46.77980422973633,0.17991311848163605,0.06428071111440659,0.4241616725921631
168,0.9710946083068848,1e-04,0.17988761,177.7935,0.032785006,0.018760646,0.1810663,1.1166572570800781,0.413326621055603,46.8057975769043,0.18009723722934723,0.06435662508010864,0.4243786633014679
169,0.9692733883857727,1e-04,0.1796918,177.6489,0.032713283,0.018726539,0.18086813,1.115094780921936,0.4135492742061615,46.831722259521484,0.18028096854686737,0.06443240493535995,0.42459505796432495
170,0.9674555063247681,1e-04,0.17949612,177.50467,0.0326417,0.018692499,0.18067014,1.1135345697402954,0.41377130150794983,46.857574462890625,0.18046431243419647,0.06450803577899933,0.42481091618537903
171,0.9656404852867126,1e-04,0.17930056,177.36098,0.032570273,0.01865853,0.18047236,1.1119771003723145,0.4139927923679352,46.88337326049805,0.18064726889133453,0.06458353251218796,0.42502620816230774
172,0.9638287425041199,1e-04,0.17910512,177.21767,0.032498978,0.018624617,0.18027472,1.110421895980835,0.4142136573791504,46.909088134765625,0.18082983791828156,0.06465887278318405,0.4252409040927887
173,0.9620199203491211,1e-04,0.17890976,177.07486,0.032427836,0.018590776,0.1800773,1.1088697910308838,0.41443395614624023,46.934749603271484,0.18101203441619873,0.0647340789437294,0.42545509338378906
174,0.9602146148681641,1e-04,0.1787145,176.93245,0.032356832,0.018556993,0.17988005,1.107319951057434,0.4146536886692047,46.960330963134766,0.1811937838792801,0.06480913609266281,0.4256686270236969
175,0.958412230014801,1e-04,0.1785194,176.79036,0.03228597,0.018523267,0.17968297,1.105772614479065,0.41487279534339905,46.98585510253906,0.181375190615654,0.06488404422998428,0.42588165402412415
176,0.956612765789032,1e-04,0.17832436,176.64851,0.032215245,0.0184896,0.17948605,1.1042280197143555,0.41509127616882324,47.01130294799805,0.1815561056137085,0.06495879590511322,0.4260939955711365
177,0.9548165202140808,1e-04,0.17812945,176.50684,0.032144673,0.018455977,0.17928936,1.102685809135437,0.41530919075012207,47.036678314208984,0.18173664808273315,0.06503338366746902,0.4263058006763458
178,0.953023374080658,1e-04,0.17793468,176.36531,0.032074235,0.018422395,0.17909281,1.1011459827423096,0.41552647948265076,47.061981201171875,0.1819167584180832,0.06510782241821289,0.4265170097351074
179,0.9512332081794739,1e-04,0.17774002,176.22371,0.032003947,0.018388856,0.17889647,1.099609136581421,0.4157431125640869,47.08720779418945,0.1820964217185974,0.06518209725618362,0.4267275631427765
180,0.949446439743042,1e-04,0.17754552,176.08205,0.03193379,0.018355343,0.17870027,1.0980744361877441,0.41595911979675293,47.11237716674805,0.182275652885437,0.06525620073080063,0.4269375205039978
181,0.9476625323295593,1e-04,0.17735113,175.94035,0.031863775,0.018321874,0.17850427,1.0965423583984375,0.4161745011806488,47.1374626159668,0.182454451918602,0.0653301477432251,0.42714688181877136
182,0.9458818435668945,1e-04,0.1771569,175.79851,0.03179391,0.018288432,0.17830847,1.0950126647949219,0.41638922691345215,47.162471771240234,0.18263278901576996,0.06540391594171524,0.4273555874824524
183,0.944104015827179,1e-04,0.17696276,175.6565,0.031724177,0.018255016,0.17811282,1.0934855937957764,0.41660332679748535,47.187408447265625,0.18281066417694092,0.06547752022743225,0.4275636374950409
184,0.9423295259475708,1e-04,0.17676878,175.51433,0.031654585,0.018221634,0.17791736,1.0919609069824219,0.4168168008327484,47.212276458740234,0.18298809230327606,0.06555096060037613,0.42777106165885925
185,0.9405578970909119,1e-04,0.17657496,175.3721,0.03158514,0.018188288,0.17772208,1.0904386043548584,0.41702958941459656,47.237060546875,0.1831650733947754,0.06562420725822449,0.42797788977622986
186,0.938789427280426,1e-04,0.17638125,175.22975,0.031515826,0.018154975,0.17752697,1.088918924331665,0.4172417223453522,47.26177978515625,0.1833416074514389,0.06569730490446091,0.4281840920448303
187,0.9370239973068237,1e-04,0.17618768,175.08736,0.03144665,0.018121693,0.17733203,1.0874018669128418,0.41745319962501526,47.28641891479492,0.18351764976978302,0.0657702088356018,0.42838960886001587
188,0.9352618455886841,1e-04,0.17599426,174.94493,0.03137762,0.018088454,0.1771373,1.0858869552612305,0.4176640510559082,47.31097412109375,0.18369324505329132,0.06584294885396957,0.4285944998264313
189,0.9335024356842041,1e-04,0.175801,174.80257,0.03130873,0.01805526,0.17694274,1.0843746662139893,0.4178743064403534,47.33546829223633,0.183868408203125,0.06591550260782242,0.4287987947463989
190,0.9317461848258972,1e-04,0.17560782,174.66026,0.031239973,0.018022109,0.17674834,1.0828649997711182,0.4180838167667389,47.35988235473633,0.1840430498123169,0.06598788499832153,0.4290023744106293
191,0.9299932718276978,1e-04,0.17541479,174.51814,0.031171363,0.017989011,0.17655413,1.081357479095459,0.41829267144203186,47.38421630859375,0.18421722948551178,0.06606008857488632,0.42920535802841187
192,0.9282430410385132,1e-04,0.17522189,174.37613,0.031102883,0.017955957,0.1763601,1.0798524618148804,0.4185009300708771,47.408477783203125,0.18439097702503204,0.06613212078809738,0.4294077157974243
193,0.9264960289001465,1e-04,0.17502914,174.23428,0.03103455,0.017922958,0.17616625,1.0783499479293823,0.41870853304862976,47.43265914916992,0.18456421792507172,0.06620395183563232,0.42960938811302185
194,0.9247519373893738,1e-04,0.17483649,174.0926,0.030966347,0.017890008,0.17597258,1.0768496990203857,0.41891539096832275,47.45676803588867,0.184736967086792,0.06627561897039413,0.42981037497520447
195,0.923011064529419,1e-04,0.17464401,173.95117,0.030898293,0.017857118,0.1757791,1.0753519535064697,0.4191216230392456,47.48079299926758,0.18490926921367645,0.06634708493947983,0.43001076579093933
196,0.9212730526924133,1e-04,0.17445163,173.80984,0.03083037,0.017824268,0.17558579,1.0738565921783447,0.41932716965675354,47.5047492980957,0.18508104979991913,0.0664183720946312,0.4302104711532593
197,0.9195381999015808,1e-04,0.17425942,173.66872,0.030762592,0.017791476,0.17539269,1.0723636150360107,0.41953206062316895,47.52862548828125,0.1852523535490036,0.06648946553468704,0.4304095208644867
198,0.9178061485290527,1e-04,0.17406729,173.52762,0.030694937,0.017758725,0.1751997,1.0708731412887573,0.41973623633384705,47.55241394042969,0.18542315065860748,0.06656038016080856,0.4306078851222992
199,0.9160774946212769,1e-04,0.17387536,173.38664,0.030627433,0.017726028,0.17500696,1.0693848133087158,0.41993972659111023,47.57612991333008,0.18559344112873077,0.06663108617067337,0.4308055639266968
200,0.9143514633178711,1e-04,0.17368354,173.24571,0.03056006,0.017693372,0.17481436,1.0678993463516235,0.4201425611972809,47.599761962890625,0.18576323986053467,0.06670160591602325,0.43100258708000183
201,0.9126288890838623,1e-04,0.17349187,173.10487,0.030492827,0.017660765,0.17462195,1.066415786743164,0.42034468054771423,47.623321533203125,0.18593251705169678,0.06677191704511642,0.43119892477989197
202,0.9109089374542236,1e-04,0.17330036,172.964,0.030425731,0.017628197,0.17442973,1.0649346113204956,0.4205460548400879,47.64678955078125,0.18610124289989471,0.06684202700853348,0.4313945472240448
203,0.9091920852661133,1e-04,0.17310895,172.82317,0.03035877,0.017595675,0.17423768,1.0634558200836182,0.42074671387672424,47.6701774597168,0.18626947700977325,0.06691194325685501,0.4315894842147827
204,0.9074783325195312,1e-04,0.17291771,172.68224,0.030291943,0.017563185,0.1740458,1.0619795322418213,0.42094671726226807,47.6934928894043,0.18643717467784882,0.06698164343833923,0.4317837059497833
205,0.9057676196098328,1e-04,0.17272663,172.54129,0.030225253,0.017530741,0.17385411,1.0605055093765259,0.4211460053920746,47.71671676635742,0.1866043359041214,0.06705114990472794,0.431977242231369
206,0.9040597677230835,1e-04,0.17253567,172.40039,0.0301587,0.017498342,0.1736626,1.0590336322784424,0.421344518661499,47.73984909057617,0.18677091598510742,0.06712042540311813,0.43217000365257263
207,0.9023549556732178,1e-04,0.17234485,172.25937,0.03009228,0.017465975,0.17347127,1.0575640201568604,0.42154231667518616,47.762908935546875,0.18693701922893524,0.06718950718641281,0.4323621392250061
208,0.9006530046463013,1e-04,0.17215422,172.11842,0.030026,0.017433658,0.17328012,1.0560969114303589,0.4217394292354584,47.785884857177734,0.1871025413274765,0.06725836545228958,0.4325534999370575
209,0.8989542126655579,1e-04,0.17196369,171.97739,0.029959844,0.017401375,0.17308912,1.0546320676803589,0.42193570733070374,47.808773040771484,0.1872674971818924,0.06732701510190964,0.4327441453933716
210,0.8972583413124084,1e-04,0.17177334,171.83643,0.02989384,0.017369142,0.17289835,1.05316960811615,0.4221312999725342,47.831573486328125,0.1874319314956665,0.06739544123411179,0.43293410539627075
211,0.8955655694007874,1e-04,0.1715831,171.69547,0.029827956,0.017336944,0.17270772,1.0517090559005737,0.4223261773586273,47.85429000854492,0.18759576976299286,0.06746365129947662,0.43312326073646545
212,0.8938754796981812,1e-04,0.17139302,171.55458,0.02976221,0.017304797,0.17251727,1.0502510070800781,0.4225202798843384,47.876922607421875,0.18775904178619385,0.06753164529800415,0.43331170082092285
213,0.892188549041748,1e-04,0.17120309,171.4138,0.0296966,0.017272696,0.17232701,1.0487953424453735,0.42271363735198975,47.89946365356445,0.18792176246643066,0.06759940832853317,0.43349942564964294
214,0.8905046582221985,1e-04,0.17101327,171.27307,0.029631129,0.017240642,0.17213695,1.0473418235778809,0.4229062497615814,47.92192459106445,0.1880839318037033,0.06766696274280548,0.43368643522262573
215,0.8888236880302429,1e-04,0.1708236,171.13235,0.029565781,0.017208626,0.17194703,1.0458904504776,0.423098087310791,47.94429397583008,0.18824546039104462,0.0677342638373375,0.43387264013290405
216,0.8871456384658813,1e-04,0.17063406,170.99179,0.029500565,0.017176662,0.17175728,1.0444413423538208,0.4232891798019409,47.96657180786133,0.18840645253658295,0.0678013488650322,0.43405812978744507
217,0.8854705095291138,1e-04,0.17044468,170.8513,0.029435491,0.017144749,0.17156774,1.042994499206543,0.42347946763038635,47.98876953125,0.18856684863567352,0.0678681954741478,0.434242844581604
218,0.8837983012199402,1e-04,0.17025544,170.71089,0.02937055,0.01711288,0.17137839,1.0415499210357666,0.4236690104007721,48.010868072509766,0.18872661888599396,0.06793481111526489,0.43442678451538086
219,0.8821290731430054,1e-04,0.17006633,170.57053,0.029305732,0.017081048,0.17118917,1.0401076078414917,0.42385777831077576,48.03288269042969,0.18888582289218903,0.06800118833780289,0.434609979391098
220,0.8804628252983093,1e-04,0.16987737,170.43019,0.029241055,0.017049266,0.17100017,1.0386674404144287,0.42404571175575256,48.0548095703125,0.18904440104961395,0.06806733459234238,0.4347923696041107
221,0.8787993788719177,1e-04,0.16968855,170.28996,0.029176507,0.01701753,0.17081133,1.037229299545288,0.4242328703403473,48.07664108276367,0.18920238316059113,0.06813323497772217,0.4349740147590637
222,0.8771390914916992,1e-04,0.16949986,170.14978,0.029112091,0.01698584,0.17062266,1.035793423652649,0.4244192838668823,48.0983772277832,0.18935972452163696,0.06819888204336166,0.43515482544898987
223,0.8754816651344299,1e-04,0.16931131,170.00963,0.029047813,0.016954193,0.17043419,1.0343598127365112,0.4246048033237457,48.120025634765625,0.18951646983623505,0.06826429069042206,0.4353348910808563
224,0.8738270401954651,1e-04,0.16912292,169.86943,0.028983658,0.016922582,0.17024587,1.032928228378296,0.4247896373271942,48.14158248901367,0.1896725744009018,0.06832945346832275,0.4355141520500183
225,0.872175395488739,1e-04,0.16893466,169.72937,0.028919635,0.01689102,0.17005774,1.0314990282058716,0.42497357726097107,48.16303634643555,0.189828023314476,0.06839435547590256,0.43569257855415344
226,0.8705267310142517,1e-04,0.16874658,169.58925,0.028855745,0.016859496,0.16986978,1.03007173538208,0.42515671253204346,48.18440628051758,0.1899828463792801,0.06845901161432266,0.4358702301979065
227,0.8688808679580688,1e-04,0.16855858,169.44917,0.028791985,0.016828017,0.16968201,1.02864670753479,0.42533907294273376,48.20567321777344,0.19013702869415283,0.06852339953184128,0.4360470473766327
228,0.8672381043434143,1e-04,0.16837075,169.30916,0.028728351,0.01679658,0.1694944,1.0272237062454224,0.42552050948143005,48.22684860229492,0.19029055535793304,0.0685875341296196,0.4362230598926544
229,0.8655980229377747,1e-04,0.16818309,169.16911,0.028664859,0.01676519,0.169307,1.0258028507232666,0.4257011413574219,48.247928619384766,0.19044344127178192,0.06865140795707703,0.4363982677459717
230,0.8639609813690186,1e-04,0.16799556,169.02907,0.028601486,0.016733838,0.16911975,1.0243840217590332,0.4258809983730316,48.2689094543457,0.1905956268310547,0.06871501356363297,0.4365725815296173
231,0.8623267412185669,1e-04,0.16780816,168.88905,0.02853824,0.016702527,0.16893265,1.0229673385620117,0.42605993151664734,48.289794921875,0.19074714183807373,0.06877834349870682,0.43674609065055847
232,0.8606953024864197,1e-04,0.16762093,168.74907,0.028475134,0.016671263,0.16874577,1.0215528011322021,0.4262380301952362,48.310577392578125,0.19089800119400024,0.06884142011404037,0.4369187653064728
233,0.8590668439865112,1e-04,0.16743383,168.60922,0.028412154,0.016640047,0.16855904,1.0201404094696045,0.4264152944087982,48.331268310546875,0.19104818999767303,0.06890422105789185,0.43709060549736023
234,0.8574414849281311,1e-04,0.1672469,168.46931,0.028349306,0.016608872,0.16837253,1.0187300443649292,0.4265917241573334,48.35185623168945,0.1911977082490921,0.06896674633026123,0.4372616112232208
235,0.8558188676834106,1e-04,0.16706009,168.3295,0.028286586,0.016577737,0.16818616,1.0173214673995972,0.4267672598361969,48.37234878540039,0.19134652614593506,0.06902899593114853,0.4374317526817322
236,0.8541989326477051,1e-04,0.16687343,168.18974,0.028223991,0.01654665,0.16799997,1.0159152746200562,0.4269419014453888,48.39274215698242,0.1914946436882019,0.06909096986055374,0.4376010000705719
237,0.8525822162628174,1e-04,0.1666869,168.05,0.028161526,0.016515609,0.16781396,1.014510989189148,0.42711567878723145,48.41302490234375,0.19164203107357025,0.06915266066789627,0.4377693831920624
238,0.8509681224822998,1e-04,0.16650052,167.91025,0.028099189,0.016484603,0.16762812,1.0131086111068726,0.42728862166404724,48.4332160949707,0.19178873300552368,0.06921406835317612,0.4379369020462036
239,0.8493568301200867,1e-04,0.16631429,167.77065,0.028036976,0.01645365,0.16744246,1.0117058753967285,0.42746102809906006,48.45335006713867,0.19193506240844727,0.06927532702684402,0.43810394406318665
240,0.8477455973625183,1e-04,0.16612789,167.63078,0.02797478,0.016422687,0.16725664,1.0103076696395874,0.4276321232318878,48.47332763671875,0.1920803338289261,0.06933616101741791,0.438269704580307
241,0.8461401462554932,1e-04,0.16594194,167.49126,0.027912831,0.01639182,0.16707133,1.008911371231079,0.42780235409736633,48.49320602416992,0.1922249048948288,0.06939669698476791,0.4384346008300781
242,0.8445375561714172,1e-04,0.16575615,167.35178,0.027851006,0.016361002,0.16688621,1.0075172185897827,0.4279716908931732,48.51298522949219,0.192368745803833,0.06945694237947464,0.4385986030101776
243,0.842937707901001,1e-04,0.16557051,167.21236,0.027789308,0.016330225,0.16670126,1.0061250925064087,0.42814013361930847,48.532649993896484,0.19251179695129395,0.06951688230037689,0.4387616515159607
244,0.841340959072113,1e-04,0.16538502,167.07295,0.027727736,0.016299495,0.16651647,1.004734754562378,0.4283076226711273,48.552215576171875,0.19265413284301758,0.06957653164863586,0.43892383575439453
245,0.83974689245224,1e-04,0.16519968,166.93356,0.027666297,0.016268807,0.16633189,1.00334632396698,0.42847415804862976,48.5716667175293,0.19279567897319794,0.06963586807250977,0.4390850365161896
246,0.8381556272506714,1e-04,0.16501448,166.79422,0.027604971,0.016238164,0.16614744,1.0019599199295044,0.42863979935646057,48.59101486206055,0.19293652474880219,0.0696948990225792,0.43924540281295776
247,0.8365671634674072,1e-04,0.1648294,166.65492,0.027543783,0.016207563,0.1659632,1.0005755424499512,0.428804486989975,48.610260009765625,0.19307656586170197,0.06975362449884415,0.43940478563308716
248,0.8349816799163818,1e-04,0.1646445,166.51562,0.02748272,0.016177008,0.16577913,0.9991929531097412,0.4289681911468506,48.629390716552734,0.19321584701538086,0.06981202214956284,0.43956324458122253
249,0.8333988189697266,1e-04,0.16445974,166.37637,0.027421776,0.016146492,0.16559522,0.9978122115135193,0.42913103103637695,48.64841079711914,0.19335435330867767,0.06987012177705765,0.4397207796573639
250,0.8318188786506653,1e-04,0.16427515,166.23718,0.027360966,0.016116025,0.1654115,0.9964336156845093,0.42929282784461975,48.66732406616211,0.19349205493927002,0.0699278935790062,0.43987733125686646
251,0.830241858959198,1e-04,0.16409068,166.09798,0.027300278,0.016085597,0.16522795,0.9950567483901978,0.4294537305831909,48.686126708984375,0.19362898170948029,0.06998535245656967,0.4400329291820526
252,0.8286675214767456,1e-04,0.16390641,165.95879,0.02723972,0.016055213,0.16504459,0.9936819076538086,0.4296136796474457,48.70481491088867,0.19376511871814728,0.07004248350858688,0.44018760323524475
253,0.8270960450172424,1e-04,0.16372225,165.81967,0.027179286,0.016024878,0.16486141,0.9923088550567627,0.42977261543273926,48.723392486572266,0.1939004510641098,0.07009928673505783,0.4403412938117981
254,0.8255273699760437,1e-04,0.16353823,165.68056,0.027118968,0.01599458,0.16467838,0.9909377694129944,0.42993053793907166,48.74186325073242,0.19403497874736786,0.07015576213598251,0.44049403071403503
255,0.8239615559577942,1e-04,0.16335438,165.54152,0.02705878,0.015964331,0.16449553,0.9895682334899902,0.43008747696876526,48.76021194458008,0.19416864216327667,0.07021189481019974,0.4406457245349884
256,0.82239830493927,1e-04,0.16317068,165.40247,0.026998715,0.015934123,0.16431285,0.9882007837295532,0.43024349212646484,48.778446197509766,0.1943015307188034,0.0702676996588707,0.44079646468162537
257,0.8208379745483398,1e-04,0.1629871,165.2635,0.026938772,0.015903959,0.16413034,0.9868350625038147,0.43039846420288086,48.79656982421875,0.1944335699081421,0.0703231692314148,0.44094622135162354
258,0.8192804455757141,1e-04,0.1628037,165.12453,0.026878962,0.01587384,0.16394804,0.9854713082313538,0.4305523633956909,48.814571380615234,0.19456475973129272,0.07037828117609024,0.4410949647426605
259,0.8177257776260376,1e-04,0.16262043,164.98564,0.026819268,0.015843766,0.16376589,0.9841092228889465,0.43070530891418457,48.832462310791016,0.1946951150894165,0.07043307274580002,0.44124269485473633
260,0.816173791885376,1e-04,0.16243733,164.8468,0.02675971,0.015813738,0.16358395,0.9827489256858826,0.43085727095603943,48.8502311706543,0.19482459127902985,0.07048749178647995,0.44138938188552856
261,0.8146246075630188,1e-04,0.16225436,164.708,0.026700258,0.015783751,0.16340214,0.9813904762268066,0.43100810050964355,48.86788558959961,0.19495324790477753,0.07054156064987183,0.4415351152420044
262,0.8130781650543213,1e-04,0.16207157,164.5692,0.026640935,0.01575381,0.16322051,0.9800336956977844,0.4311579763889313,48.88541793823242,0.19508104026317596,0.07059528678655624,0.44167980551719666
263,0.8115344047546387,1e-04,0.16188891,164.43047,0.02658174,0.01572391,0.16303907,0.9786788821220398,0.43130674958229065,48.9028205871582,0.19520790874958038,0.07064864784479141,0.44182339310646057
264,0.8099936246871948,1e-04,0.1617064,164.29178,0.026522668,0.015694061,0.16285782,0.9773257374763489,0.43145453929901123,48.92012023925781,0.19533391296863556,0.07070165127515793,0.4419659674167633
265,0.8084555268287659,1e-04,0.16152404,164.15315,0.026463715,0.015664252,0.16267672,0.9759742617607117,0.4316011965274811,48.937286376953125,0.1954590529203415,0.0707542821764946,0.44210749864578247
266,0.8069201111793518,1e-04,0.16134182,164.01456,0.026404884,0.015634486,0.16249579,0.9746245741844177,0.43174681067466736,48.95433044433594,0.1955832690000534,0.07080655544996262,0.44224798679351807
267,0.8053874373435974,1e-04,0.16115977,163.87598,0.026346175,0.015604769,0.16231506,0.9732764959335327,0.43189141154289246,48.971256256103516,0.1957065910100937,0.07085844874382019,0.4423873722553253
268,0.8038575053215027,1e-04,0.16097786,163.73744,0.026287585,0.015575089,0.16213447,0.9719302654266357,0.4320348799228668,48.98805236816406,0.19582898914813995,0.07090996950864792,0.4425256848335266
269,0.8023303747177124,1e-04,0.16079609,163.5989,0.026229115,0.015545453,0.16195406,0.9705857038497925,0.43217721581459045,49.00472640991211,0.1959504932165146,0.0709611177444458,0.44266295433044434
270,0.800805926322937,1e-04,0.1606145,163.46045,0.026170773,0.015515862,0.16177383,0.9692428112030029,0.4323185384273529,49.021270751953125,0.19607104361057281,0.07101187855005264,0.44279909133911133
271,0.7992843389511108,1e-04,0.16043305,163.32202,0.026112553,0.01548632,0.1615938,0.9679017066955566,0.4324587285518646,49.03769302368164,0.19619067013263702,0.07106224447488785,0.44293415546417236
272,0.7977654933929443,1e-04,0.16025175,163.1836,0.026054453,0.015456815,0.16141392,0.966562032699585,0.4325977563858032,49.05398178100586,0.19630932807922363,0.0711122378706932,0.44306808710098267
273,0.7962491512298584,1e-04,0.16007063,163.04526,0.025996473,0.015427358,0.16123421,0.965224027633667,0.4327356815338135,49.07014465332031,0.19642706215381622,0.07116182893514633,0.4432009160518646
274,0.7947355508804321,1e-04,0.15988961,162.90695,0.02593861,0.015397943,0.16105469,0.9638878703117371,0.4328725039958954,49.086177825927734,0.19654381275177002,0.07121102511882782,0.44333261251449585
275,0.7932249307632446,1e-04,0.15970877,162.76868,0.025880873,0.015368574,0.16087534,0.9625531435012817,0.43300819396972656,49.102081298828125,0.1966596096754074,0.07125981897115707,0.44346320629119873
276,0.7917167544364929,1e-04,0.15952809,162.63042,0.02582325,0.015339246,0.16069615,0.9612200260162354,0.433142751455307,49.11784744262695,0.1967744380235672,0.07130821794271469,0.4435926377773285
277,0.7902113199234009,1e-04,0.15934753,162.49226,0.02576575,0.015309965,0.16051714,0.959888756275177,0.43327608704566956,49.133487701416016,0.196888267993927,0.07135619968175888,0.4437209367752075
278,0.7887088656425476,1e-04,0.15916713,162.35411,0.025708364,0.015280725,0.16033828,0.958558976650238,0.43340829014778137,49.148990631103516,0.19700109958648682,0.07140377908945084,0.4438480734825134
279,0.7872089743614197,1e-04,0.15898691,162.21605,0.025651108,0.015251532,0.16015963,0.9572305083274841,0.43353939056396484,49.164363861083984,0.19711296260356903,0.07145094871520996,0.4439740478992462
280,0.7857115268707275,1e-04,0.15880682,162.07796,0.025593966,0.015222385,0.15998115,0.9559038877487183,0.43366923928260803,49.179595947265625,0.19722378253936768,0.07149770110845566,0.4440988302230835
281,0.7842170000076294,1e-04,0.15862688,161.93993,0.025536941,0.015193276,0.15980282,0.9545788168907166,0.4337979257106781,49.1946907043457,0.19733358919620514,0.07154402881860733,0.44422245025634766
282,0.7827252149581909,1e-04,0.1584471,161.80197,0.025480038,0.015164218,0.15962468,0.9532551765441895,0.4339253902435303,49.20965576171875,0.19744236767292023,0.07158992439508438,0.4443448781967163
283,0.7812360525131226,1e-04,0.15826748,161.66402,0.02542325,0.015135199,0.1594467,0.9519329071044922,0.43405166268348694,49.2244758605957,0.19755013287067413,0.071635402739048,0.44446611404418945
284,0.7797493934631348,1e-04,0.158088,161.52612,0.025366586,0.015106223,0.15926892,0.9506124258041382,0.4341767728328705,49.23915481567383,0.19765682518482208,0.07168043404817581,0.4445861279964447
285,0.7782655954360962,1e-04,0.15790866,161.38826,0.025310028,0.015077291,0.15909126,0.9492933750152588,0.43430063128471375,49.25370407104492,0.19776248931884766,0.0717250406742096,0.44470494985580444
286,0.7767845392227173,1e-04,0.1577295,161.25044,0.025253603,0.015048402,0.15891382,0.9479758143424988,0.43442320823669434,49.26810073852539,0.19786708056926727,0.07176920771598816,0.4448225200176239
287,0.7753060460090637,1e-04,0.15755048,161.11264,0.025197292,0.015019563,0.15873654,0.9466597437858582,0.4345446527004242,49.28236389160156,0.19797061383724213,0.07181292772293091,0.44493889808654785
288,0.773830235004425,1e-04,0.15737163,160.97488,0.025141096,0.014990762,0.15855944,0.9453450441360474,0.4346647560596466,49.296478271484375,0.19807302951812744,0.07185619324445724,0.44505396485328674
289,0.7723570466041565,1e-04,0.15719292,160.83716,0.025085013,0.014962002,0.15838249,0.9440317749977112,0.43478360772132874,49.31044387817383,0.1981744021177292,0.07189900428056717,0.4451678395271301
290,0.7708864808082581,1e-04,0.15701437,160.69946,0.025029052,0.014933293,0.15820573,0.9427199959754944,0.43490123748779297,49.32426834106445,0.198274627327919,0.07194136828184128,0.44528040289878845
291,0.7694185376167297,1e-04,0.15683596,160.56186,0.024973204,0.014904623,0.15802912,0.9414079785346985,0.4350179135799408,49.33799362182617,0.19837407767772675,0.07198339700698853,0.44539204239845276
292,0.767951250076294,1e-04,0.15665746,160.42409,0.024917398,0.014875957,0.15785246,0.9400990605354309,0.4351329803466797,49.35152053833008,0.19847209751605988,0.07202482223510742,0.44550207257270813
293,0.7664887309074402,1e-04,0.15647936,160.28654,0.02486178,0.014847376,0.15767619,0.9387914538383484,0.4352467358112335,49.36490249633789,0.19856901466846466,0.0720657929778099,0.44561082124710083
294,0.765028715133667,1e-04,0.15630141,160.14908,0.024806289,0.014818842,0.15750012,0.9374853372573853,0.4353592097759247,49.37813949584961,0.19866478443145752,0.07210629433393478,0.44571828842163086
295,0.7635714411735535,1e-04,0.15612362,160.01161,0.024750905,0.014790348,0.15732421,0.936180591583252,0.4354703426361084,49.3912239074707,0.19875942170619965,0.07214631885290146,0.44582441449165344
296,0.7621167898178101,1e-04,0.15594599,159.87425,0.024695644,0.0147619,0.15714848,0.9348771572113037,0.43558016419410706,49.40415573120117,0.19885289669036865,0.07218585163354874,0.44592925906181335
297,0.7606647610664368,1e-04,0.1557685,159.73692,0.024640495,0.014733498,0.15697291,0.9335752129554749,0.43568864464759827,49.41693115234375,0.19894520938396454,0.07222490757703781,0.44603273272514343
298,0.7592154145240784,1e-04,0.15559117,159.59958,0.02458546,0.014705134,0.15679751,0.932274341583252,0.4357958734035492,49.4295539855957,0.1990363597869873,0.07226347178220749,0.44613492488861084
299,0.7577685117721558,1e-04,0.155414,159.46233,0.024530541,0.014676817,0.15662229,0.930975079536438,0.4359016716480255,49.442020416259766,0.19912631809711456,0.07230155915021896,0.446235716342926
300,0.7563244700431824,1e-04,0.15523697,159.3251,0.024475738,0.014648546,0.15644723,0.9296768307685852,0.4360060691833496,49.4543342590332,0.1992150992155075,0.07233912497758865,0.44633519649505615
301,0.7548827528953552,1e-04,0.1550601,159.1879,0.024421046,0.014620311,0.15627234,0.9283801913261414,0.43610915541648865,49.46649169921875,0.19930267333984375,0.07237619906663895,0.44643327593803406
302,0.7534440159797668,1e-04,0.1548834,159.05078,0.024366474,0.014592128,0.15609764,0.9270846247673035,0.43621087074279785,49.478485107421875,0.1993890255689621,0.07241276651620865,0.44652998447418213
303,0.7520076632499695,1e-04,0.15470684,158.91373,0.024312014,0.014563985,0.1559231,0.9257903099060059,0.4363112151622772,49.490325927734375,0.19947415590286255,0.07244883477687836,0.446625292301178
304,0.7505738735198975,1e-04,0.15453042,158.77664,0.02425767,0.014535884,0.15574874,0.9244971871376038,0.4364100992679596,49.50199890136719,0.1995580643415451,0.07248437404632568,0.446719229221344
305,0.749142587184906,1e-04,0.15435418,158.6396,0.024203435,0.014507827,0.15557453,0.9232056140899658,0.43650761246681213,49.51351547241211,0.19964073598384857,0.07251940667629242,0.4468117356300354
306,0.7477141618728638,1e-04,0.15417807,158.50267,0.024149314,0.014479816,0.1554005,0.9219149947166443,0.43660369515419006,49.52486801147461,0.19972215592861176,0.07255391031503677,0.4469028413295746
307,0.7462881207466125,1e-04,0.15400212,158.36575,0.024095308,0.014451847,0.15522663,0.920625627040863,0.4366982877254486,49.53605270385742,0.19980229437351227,0.07258787751197815,0.4469924867153168
308,0.7448647618293762,1e-04,0.15382636,158.22887,0.024041416,0.014423922,0.15505295,0.9193375110626221,0.4367915093898773,49.54706954956055,0.1998811811208725,0.07262132316827774,0.44708073139190674
309,0.7434439659118652,1e-04,0.15365073,158.09207,0.023987634,0.01439604,0.15487942,0.9180504083633423,0.4368833005428314,49.55792236328125,0.19995878636837006,0.07265422493219376,0.4471675157546997
310,0.74202561378479,1e-04,0.15347525,157.95529,0.023933968,0.014368206,0.15470606,0.9167646765708923,0.43697357177734375,49.5686149597168,0.20003509521484375,0.0726865902543068,0.4472528398036957
311,0.7406100630760193,1e-04,0.15329991,157.81859,0.023880413,0.01434041,0.15453288,0.9154801368713379,0.4370623528957367,49.57912826538086,0.2001100778579712,0.07271840423345566,0.4473366439342499
312,0.7391970157623291,1e-04,0.15312473,157.68181,0.023826972,0.014312657,0.15435988,0.9141965508460999,0.43714967370033264,49.589473724365234,0.20018379390239716,0.07274967432022095,0.44741904735565186
313,0.7377864122390747,1e-04,0.15294974,157.54524,0.023773644,0.0142849535,0.15418704,0.9129141569137573,0.4372355043888092,49.59964370727539,0.20025615394115448,0.07278038561344147,0.4474999010562897
314,0.7363784313201904,1e-04,0.15277489,157.40865,0.023720426,0.0142572895,0.15401436,0.9116328358650208,0.4373198449611664,49.60964584350586,0.20032714307308197,0.07281053066253662,0.44757920503616333
315,0.7349730134010315,1e-04,0.15260017,157.27208,0.023667319,0.014229668,0.15384187,0.9103526473045349,0.4374026358127594,49.61947250366211,0.2003968358039856,0.0728401243686676,0.44765704870224
316,0.7335701584815979,1e-04,0.1524256,157.13559,0.02361432,0.01420209,0.15366952,0.909073531627655,0.43748390674591064,49.629119873046875,0.2004651576280594,0.07286913692951202,0.4477333426475525
317,0.7321698069572449,1e-04,0.15225123,156.99915,0.023561439,0.014174557,0.15349735,0.9077956080436707,0.4375636577606201,49.63859939575195,0.20053213834762573,0.07289759069681168,0.4478081464767456
318,0.7307721376419067,1e-04,0.15207696,156.86278,0.023508666,0.014147068,0.15332536,0.9065185785293579,0.43764185905456543,49.647891998291016,0.20059771835803986,0.07292544841766357,0.4478813707828522
319,0.7293769121170044,1e-04,0.15190287,156.7264,0.023455998,0.014119619,0.15315351,0.9052426815032959,0.4377184808254242,49.65700912475586,0.20066188275814056,0.07295272499322891,0.4479529857635498
320,0.7279842495918274,1e-04,0.15172894,156.5901,0.023403449,0.014092217,0.15298186,0.9039661884307861,0.4377937614917755,49.66597366333008,0.20072491466999054,0.07297953218221664,0.44802334904670715
321,0.7265921831130981,1e-04,0.15155493,156.45369,0.023350937,0.014064819,0.15281014,0.9026921391487122,0.43786725401878357,49.67473220825195,0.2007863074541092,0.07300562411546707,0.44809186458587646
322,0.7252044081687927,1e-04,0.15138127,156.31749,0.023298604,0.014037506,0.15263881,0.9014192223548889,0.4379390776157379,49.68330001831055,0.20084625482559204,0.07303112745285034,0.44815874099731445
323,0.723819375038147,1e-04,0.15120782,156.18132,0.023246387,0.014010234,0.15246765,0.9001473188400269,0.4380093514919281,49.69168472290039,0.20090478658676147,0.07305601984262466,0.4482240378856659
324,0.7224368453025818,1e-04,0.15103449,156.04526,0.02319427,0.013983003,0.15229665,0.8988762497901917,0.43807801604270935,49.699886322021484,0.20096184313297272,0.07308032363653183,0.4482876658439636
325,0.7210566997528076,1e-04,0.15086134,155.9092,0.023142269,0.0139558185,0.15212584,0.8976062536239624,0.4381450116634369,49.7078971862793,0.20101745426654816,0.07310400158166885,0.4483497142791748
326,0.7196791768074036,1e-04,0.15068832,155.77322,0.02309038,0.013928676,0.15195519,0.8963358402252197,0.4382106065750122,49.71574783325195,0.2010718584060669,0.07312715798616409,0.44841036200523376
327,0.7183024883270264,1e-04,0.15051524,155.63704,0.023038525,0.013901537,0.15178446,0.8950673937797546,0.4382742941379547,49.723384857177734,0.20112450420856476,0.07314959168434143,0.4484690725803375
328,0.7169297337532043,1e-04,0.15034254,155.50114,0.02298685,0.01387448,0.15161414,0.8938000202178955,0.4383362829685211,49.7308235168457,0.20117567479610443,0.07317139953374863,0.4485261142253876
329,0.7155596613883972,1e-04,0.15017,155.36525,0.022935284,0.013847465,0.151444,0.892533540725708,0.4383966028690338,49.738067626953125,0.20122532546520233,0.07319257408380508,0.4485814571380615
330,0.7141920924186707,1e-04,0.14999762,155.22939,0.022883827,0.013820492,0.15127401,0.8912681937217712,0.4384552538394928,49.7451171875,0.20127348601818085,0.0732131078839302,0.44863513112068176
331,0.7128271460533142,1e-04,0.14982535,155.09361,0.022832474,0.013793563,0.15110418,0.8900034427642822,0.4385121762752533,49.75197219848633,0.2013201117515564,0.07323300093412399,0.4486871063709259
332,0.711464524269104,1e-04,0.14965329,154.9579,0.022781234,0.013766675,0.15093453,0.8887395262718201,0.4385673999786377,49.758636474609375,0.20136518776416779,0.07325223833322525,0.44873732328414917
333,0.7101044058799744,1e-04,0.14948137,154.82224,0.022730099,0.013739833,0.15076505,0.8874764442443848,0.4386208951473236,49.76509475708008,0.20140869915485382,0.07327083498239517,0.44878581166267395
334,0.7087467908859253,1e-04,0.1493096,154.68663,0.022679076,0.013713035,0.15059574,0.8862142562866211,0.43867263197898865,49.7713508605957,0.2014506608247757,0.07328876107931137,0.44883254170417786
335,0.7073917388916016,1e-04,0.14913797,154.55106,0.022628153,0.013686277,0.15042657,0.8849526643753052,0.4387225806713104,49.77741622924805,0.20149105787277222,0.07330602407455444,0.4488775432109833
336,0.7060389518737793,1e-04,0.14896652,154.41556,0.022577344,0.013659568,0.15025759,0.88369220495224,0.43877077102661133,49.783267974853516,0.201529860496521,0.07332262396812439,0.4489207863807678
337,0.7046889662742615,1e-04,0.1487952,154.28012,0.022526639,0.0136328945,0.15008877,0.882432222366333,0.43881717324256897,49.78891372680664,0.20156703889369965,0.07333853840827942,0.44896218180656433
338,0.7033411860466003,1e-04,0.14862405,154.1447,0.022476042,0.01360627,0.14992012,0.8811730742454529,0.43886181712150574,49.79436111450195,0.20160263776779175,0.07335378974676132,0.44900181889533997
339,0.7019959688186646,1e-04,0.14845307,154.00935,0.022425547,0.013579683,0.14975162,0.8799145221710205,0.43890461325645447,49.799591064453125,0.20163655281066895,0.07336833328008652,0.4490395784378052
340,0.700653076171875,1e-04,0.14828221,153.87407,0.022375166,0.013553144,0.14958331,0.8786567449569702,0.43894562125205994,49.804622650146484,0.2016689032316208,0.07338220626115799,0.4490756094455719
341,0.6993127465248108,1e-04,0.1481115,153.73878,0.022324884,0.013526642,0.14941514,0.8773996829986572,0.4389847218990326,49.80942916870117,0.20169954001903534,0.07339537143707275,0.4491097331047058
342,0.6979748606681824,1e-04,0.14794098,153.60364,0.022274712,0.013500189,0.14924715,0.8761433362960815,0.4390219748020172,49.81403732299805,0.20172853767871857,0.07340783625841141,0.4491420090198517
343,0.6966394186019897,1e-04,0.1477706,153.46854,0.022224646,0.013473778,0.14907932,0.8748875260353088,0.43905743956565857,49.818424224853516,0.20175586640834808,0.07341959327459335,0.4491724371910095
344,0.6953063607215881,1e-04,0.14760037,153.3335,0.022174684,0.0134474095,0.14891167,0.873632550239563,0.4390909671783447,49.82259750366211,0.2017815113067627,0.07343064248561859,0.44920095801353455
345,0.6939758658409119,1e-04,0.14743029,153.19844,0.022124825,0.013421081,0.14874417,0.8723781108856201,0.43912258744239807,49.82655334472656,0.20180542767047882,0.07344097644090652,0.44922760128974915
346,0.6926477551460266,1e-04,0.14726035,153.06345,0.022075076,0.013394795,0.14857684,0.8711240887641907,0.4391523599624634,49.83028793334961,0.20182764530181885,0.07345057278871536,0.44925230741500854
347,0.6913219094276428,1e-04,0.1470906,152.92851,0.022025425,0.013368552,0.14840965,0.8698708415031433,0.4391801357269287,49.83380126953125,0.201848104596138,0.0734594464302063,0.44927507638931274
348,0.6899986863136292,1e-04,0.146921,152.79361,0.021975884,0.013342352,0.14824265,0.8686182498931885,0.4392060339450836,49.83709716796875,0.20186682045459747,0.07346758246421814,0.44929590821266174
349,0.6886778473854065,1e-04,0.14675154,152.6588,0.021926448,0.013316194,0.14807582,0.8673660159111023,0.43922996520996094,49.84016418457031,0.20188380777835846,0.07347497344017029,0.44931483268737793
350,0.6873593330383301,1e-04,0.14658223,152.52405,0.02187712,0.01329008,0.14790916,0.8661144971847534,0.43925192952156067,49.843017578125,0.20189905166625977,0.07348162680864334,0.44933179020881653
351,0.686043381690979,1e-04,0.14641309,152.38928,0.021827882,0.013264003,0.14774261,0.8648632764816284,0.4392719268798828,49.84563064575195,0.20191244781017303,0.0734875276684761,0.4493466913700104
352,0.6847295761108398,1e-04,0.1462441,152.25462,0.021778762,0.013237975,0.14757629,0.8636128306388855,0.4392898976802826,49.8480110168457,0.20192408561706543,0.07349266856908798,0.44935962557792664
353,0.6834184527397156,1e-04,0.14607526,152.12003,0.021729741,0.013211987,0.14741011,0.8623628616333008,0.4393058717250824,49.85017776489258,0.20193390548229218,0.07349704951047897,0.4493705630302429
354,0.6821098327636719,1e-04,0.14590658,151.98549,0.021680823,0.013186043,0.1472441,0.8611132502555847,0.4393198490142822,49.85210037231445,0.20194192230701447,0.07350065559148788,0.44937947392463684
355,0.6808033585548401,1e-04,0.14573805,151.85098,0.021632006,0.013160139,0.14707823,0.8598639965057373,0.4393317699432373,49.85379409790039,0.20194806158542633,0.07350347191095352,0.449386328458786
356,0.6794992089271545,1e-04,0.14556967,151.71657,0.02158329,0.0131342765,0.14691253,0.8586154580116272,0.43934166431427,49.855255126953125,0.20195241272449493,0.07350554317235947,0.4493911564350128
357,0.6781977415084839,1e-04,0.14540145,151.58218,0.021534685,0.01310846,0.14674701,0.8573670983314514,0.4393494129180908,49.856475830078125,0.20195484161376953,0.07350680232048035,0.4493938684463501
358,0.6768984198570251,1e-04,0.14523338,151.44786,0.02148618,0.013082684,0.14658165,0.8561192750930786,0.43935513496398926,49.857452392578125,0.2019553929567337,0.07350727170705795,0.44939446449279785
359,0.6756016612052917,1e-04,0.14506546,151.31358,0.021437777,0.013056953,0.14641646,0.8548717498779297,0.43935880064964294,49.85819625854492,0.20195411145687103,0.07350695133209229,0.44939303398132324
360,0.674307107925415,1e-04,0.1448977,151.17941,0.021389473,0.013031261,0.14625141,0.8536233901977539,0.43936052918434143,49.85872268676758,0.20195110142230988,0.07350590825080872,0.4493896961212158
361,0.67301344871521,1e-04,0.1447299,151.04509,0.02134122,0.01300558,0.14608635,0.8523765206336975,0.4393599033355713,49.858978271484375,0.2019459456205368,0.07350397109985352,0.4493839740753174
362,0.6717237234115601,1e-04,0.14456245,150.91098,0.021293124,0.012979976,0.14592163,0.8511301875114441,0.439357191324234,49.85898971557617,0.20193888247013092,0.07350122183561325,0.44937610626220703
363,0.670436441898346,1e-04,0.14439513,150.77696,0.021245122,0.012954412,0.14575706,0.8498839735984802,0.43935227394104004,49.85874938964844,0.20192986726760864,0.07349764555692673,0.4493660628795624
364,0.6691513657569885,1e-04,0.14422801,150.64299,0.021197239,0.012928894,0.14559272,0.8486382961273193,0.43934521079063416,49.85826110839844,0.20191890001296997,0.07349324226379395,0.4493538737297058
365,0.6678687930107117,1e-04,0.14406098,150.50914,0.021149438,0.012903412,0.14542846,0.8473927974700928,0.4393359124660492,49.85752487182617,0.20190592110157013,0.0734880119562149,0.4493394196033478
366,0.6665886044502258,1e-04,0.1438942,150.37523,0.021101752,0.012877973,0.14526442,0.8461475372314453,0.43932437896728516,49.85652542114258,0.2018909901380539,0.07348192483186722,0.44932281970977783
367,0.6653106808662415,1e-04,0.14372751,150.24138,0.021054158,0.012852577,0.1451005,0.8449024558067322,0.4393106698989868,49.85528564453125,0.2018740177154541,0.07347500324249268,0.44930392503738403
368,0.6640351414680481,1e-04,0.14356098,150.1077,0.02100667,0.012827224,0.14493679,0.8436575531959534,0.4392947256565094,49.85377883911133,0.20185506343841553,0.07346723228693008,0.44928282499313354
369,0.6627618074417114,1e-04,0.1433946,149.97398,0.020959282,0.012801911,0.14477322,0.8424129486083984,0.4392765462398529,49.85201644897461,0.201834037899971,0.07345860451459885,0.4492594301700592
370,0.6614909172058105,1e-04,0.1432284,149.84032,0.02091199,0.012776638,0.14460978,0.8411686420440674,0.43925604224205017,49.84999465942383,0.20181100070476532,0.07344911247491837,0.4492338001728058
371,0.6602224707603455,1e-04,0.14306232,149.7067,0.020864798,0.012751407,0.14444652,0.8399244546890259,0.43923327326774597,49.847713470458984,0.2017858773469925,0.07343874126672745,0.44920581579208374
372,0.6589562892913818,1e-04,0.1428964,149.57317,0.020817712,0.012726223,0.14428344,0.8386803865432739,0.43920817971229553,49.84516525268555,0.20175869762897491,0.07342750579118729,0.44917556643486023
373,0.6576923727989197,1e-04,0.14273064,149.43971,0.02077072,0.012701077,0.1441205,0.8374363780021667,0.43918076157569885,49.84234619140625,0.2017294317483902,0.07341538369655609,0.4491429924964905
374,0.6564307808876038,1e-04,0.14256504,149.30635,0.020723833,0.012675975,0.14395775,0.8361925482749939,0.4391510486602783,49.839263916015625,0.20169802010059357,0.07340236753225327,0.4491080343723297
375,0.6551715731620789,1e-04,0.1423996,149.17299,0.020677043,0.012650915,0.14379515,0.8349488377571106,0.43911898136138916,49.835906982421875,0.2016645222902298,0.0733884647488594,0.4490707218647003
376,0.6539146304130554,1e-04,0.1422343,149.0397,0.020630348,0.012625893,0.14363268,0.8337053060531616,0.439084529876709,49.8322868347168,0.2016288787126541,0.07337366789579391,0.4490310549736023
377,0.6526601910591125,1e-04,0.14206915,148.9065,0.020583758,0.0126009155,0.1434704,0.8324617147445679,0.4390477240085602,49.82838821411133,0.2015911191701889,0.0733579620718956,0.44898900389671326
378,0.6514078378677368,1e-04,0.14190416,148.77336,0.020537267,0.012575982,0.1433083,0.8312181234359741,0.4390084743499756,49.82421875,0.201551154255867,0.07334133982658386,0.44894447922706604
379,0.6501578092575073,1e-04,0.14173934,148.64029,0.020490872,0.012551091,0.14314634,0.8299747109413147,0.4389668405056,49.81976318359375,0.20150905847549438,0.0733238011598587,0.4488976001739502
380,0.6489102244377136,1e-04,0.14157465,148.5073,0.020444574,0.012526237,0.14298452,0.8287311792373657,0.4389227330684662,49.815032958984375,0.2014647126197815,0.07330533117055893,0.4488482177257538
381,0.6476648449897766,1e-04,0.14141013,148.37428,0.020398377,0.012501423,0.14282289,0.8274876475334167,0.4388761520385742,49.81001663208008,0.2014181762933731,0.07328593730926514,0.4487963616847992
382,0.6464217305183411,1e-04,0.14124574,148.24138,0.020352276,0.0124766575,0.14266141,0.8262441754341125,0.43882712721824646,49.80472946166992,0.20136941969394684,0.07326561212539673,0.4487420320510864
383,0.6451810002326965,1e-04,0.1410815,148.10852,0.020306272,0.012451929,0.14250007,0.8250004649162292,0.43877556920051575,49.79914474487305,0.2013184279203415,0.07324433326721191,0.4486852288246155
384,0.6439423561096191,1e-04,0.14091744,147.97571,0.020260362,0.012427236,0.1423389,0.8237568736076355,0.43872153759002686,49.79327392578125,0.2012651562690735,0.0732221007347107,0.4486258625984192
385,0.6427063345909119,1e-04,0.14075352,147.843,0.020214558,0.012402594,0.14217791,0.8225131630897522,0.4386650025844574,49.787113189697266,0.20120961964130402,0.07319891452789307,0.44856396317481995
386,0.641472339630127,1e-04,0.14058976,147.71031,0.02016885,0.0123779895,0.14201708,0.8212692141532898,0.43860581517219543,49.78066635131836,0.2011518031358719,0.07317477464675903,0.44849950075149536
387,0.6402406096458435,1e-04,0.14042617,147.57771,0.02012324,0.012353429,0.1418564,0.8200253248214722,0.4385441839694977,49.77392578125,0.2010916918516159,0.0731496587395668,0.44843247532844543
388,0.6390113830566406,1e-04,0.14026271,147.44516,0.02007772,0.012328907,0.14169587,0.8187812566757202,0.4384799003601074,49.76688003540039,0.2010292410850525,0.07312357425689697,0.4483628571033478
389,0.6377843022346497,1e-04,0.1400994,147.31267,0.020032303,0.012304427,0.14153552,0.8175369501113892,0.4384130537509918,49.75954055786133,0.20096451044082642,0.07309651374816895,0.4482906460762024
390,0.6365594267845154,1e-04,0.13993624,147.18025,0.019986976,0.0122799855,0.1413753,0.8162925243377686,0.4383436143398285,49.75190734863281,0.20089741051197052,0.07306845486164093,0.4482158124446869
391,0.6353368759155273,1e-04,0.13977325,147.04785,0.019941749,0.012255586,0.14121526,0.8150479197502136,0.43827152252197266,49.74397277832031,0.2008279412984848,0.07303941249847412,0.4481382966041565
392,0.6341166496276855,1e-04,0.13961042,146.91563,0.019896623,0.012231233,0.14105539,0.81380295753479,0.4381967782974243,49.7357292175293,0.20075608789920807,0.07300937175750732,0.4480581283569336
393,0.6328985095024109,1e-04,0.13944772,146.78334,0.019851586,0.012206914,0.14089565,0.8125579357147217,0.4381193220615387,49.7271842956543,0.20068185031414032,0.07297832518815994,0.4479752779006958
394,0.6316826939582825,1e-04,0.13928518,146.6512,0.019806648,0.012182641,0.14073609,0.8113125562667847,0.43803921341896057,49.71832275390625,0.20060522854328156,0.07294625788927078,0.4478897452354431
395,0.6304691433906555,1e-04,0.13912283,146.51912,0.01976181,0.012158411,0.1405767,0.8100669384002686,0.43795645236968994,49.70915603637695,0.200526162981987,0.07291317731142044,0.44780147075653076
396,0.6292577981948853,1e-04,0.13896058,146.38708,0.019717064,0.012134218,0.14041746,0.8088211417198181,0.43787094950675964,49.69968032836914,0.20044465363025665,0.07287908345460892,0.44771045446395874
397,0.6280488967895508,1e-04,0.13879849,146.25511,0.019672405,0.012110065,0.14025836,0.8075749278068542,0.4377826154232025,49.689884185791016,0.20036067068576813,0.07284394651651382,0.44761666655540466
398,0.6268420815467834,1e-04,0.13863657,146.12317,0.019627849,0.0120859565,0.14009942,0.8063284158706665,0.4376915693283081,49.679779052734375,0.2002742886543274,0.07280778139829636,0.4475201666355133
399,0.6256375312805176,1e-04,0.1384748,145.99133,0.019583387,0.0120618865,0.13994065,0.8050814867019653,0.43759775161743164,49.66935348510742,0.2001853734254837,0.07277057319879532,0.44742080569267273
400,0.6244351267814636,1e-04,0.13831319,145.85959,0.019539023,0.01203786,0.13978206,0.8038341403007507,0.43750110268592834,49.658599853515625,0.20009398460388184,0.07273232191801071,0.4473186731338501
401,0.6232349276542664,1e-04,0.13815174,145.72784,0.019494748,0.012013872,0.1396236,0.8025864958763123,0.4374016523361206,49.647525787353516,0.20000003278255463,0.07269301265478134,0.44721361994743347
402,0.6220371127128601,1e-04,0.13799043,145.5962,0.01945057,0.011989924,0.1394653,0.8013386130332947,0.4372994005680084,49.63612747192383,0.19990360736846924,0.07265263050794601,0.4471058249473572
403,0.6208415031433105,1e-04,0.13782926,145.46461,0.019406484,0.01196602,0.13930716,0.8000900149345398,0.43719425797462463,49.62440490722656,0.19980460405349731,0.07261119037866592,0.4469950795173645
404,0.6196479201316833,1e-04,0.13766824,145.3331,0.019362494,0.011942153,0.13914917,0.7988411784172058,0.43708619475364685,49.61234664916992,0.19970302283763885,0.07256867736577988,0.4468814432621002
405,0.6184567213058472,1e-04,0.1375074,145.20161,0.019318596,0.011918328,0.13899136,0.7975917458534241,0.43697527050971985,49.59996032714844,0.19959889352321625,0.07252508401870728,0.44676491618156433
406,0.6172676682472229,1e-04,0.1373467,145.07024,0.019274797,0.0118945455,0.1388337,0.7963418960571289,0.43686142563819885,49.58723831176758,0.19949215650558472,0.07248040288686752,0.44664543867111206
407,0.6160807609558105,1e-04,0.13718615,144.9389,0.01923109,0.011870804,0.13867621,0.795091450214386,0.43674468994140625,49.57418441772461,0.19938282668590546,0.07243464142084122,0.4465230405330658
408,0.6148961186408997,1e-04,0.13702576,144.80765,0.019187475,0.0118471,0.13851885,0.7938407063484192,0.4366249740123749,49.560791015625,0.19927088916301727,0.07238777726888657,0.44639769196510315
409,0.613713800907135,1e-04,0.13686551,144.67645,0.019143948,0.011823437,0.13836166,0.7925892472267151,0.43650224804878235,49.54705810546875,0.1991562843322754,0.07233981043100357,0.44626930356025696
410,0.6125335097312927,1e-04,0.13670543,144.54536,0.01910052,0.01179982,0.13820463,0.791337251663208,0.43637657165527344,49.53297805786133,0.1990390419960022,0.07229073345661163,0.4461379051208496
411,0.6113554239273071,1e-04,0.1365455,144.41429,0.019057183,0.011776239,0.13804775,0.790084719657898,0.43624791502952576,49.5185546875,0.1989191323518753,0.07224055379629135,0.4460035264492035
412,0.6101795434951782,1e-04,0.13638571,144.28336,0.01901394,0.011752702,0.13789104,0.7888315916061401,0.43611612915992737,49.5037841796875,0.19879651069641113,0.07218922674655914,0.44586601853370667
413,0.6090058088302612,1e-04,0.13622609,144.15244,0.018970791,0.011729202,0.1377345,0.7875779271125793,0.4359813630580902,49.48866653442383,0.19867122173309326,0.07213679701089859,0.4457255005836487
414,0.6078343987464905,1e-04,0.1360666,144.02159,0.018927729,0.011705742,0.13757809,0.7863235473632812,0.4358435571193695,49.47319412231445,0.1985432356595993,0.07208322733640671,0.44558191299438477
415,0.6066650748252869,1e-04,0.1359073,143.8908,0.018884767,0.011682325,0.13742186,0.7850685119628906,0.4357025623321533,49.457366943359375,0.1984124630689621,0.0720285102725029,0.44543513655662537
416,0.6054979562759399,1e-04,0.13574812,143.76006,0.018841889,0.011658945,0.13726576,0.7838129997253418,0.4355584681034088,49.44118118286133,0.1982789784669876,0.07197265326976776,0.44528529047966003
417,0.6043330430984497,1e-04,0.13558911,143.6294,0.018799108,0.011635606,0.13710983,0.7825564742088318,0.4354112446308136,49.42463684082031,0.19814269244670868,0.0719156339764595,0.44513222575187683
418,0.6031701564788818,1e-04,0.13543023,143.4988,0.01875641,0.011612306,0.13695404,0.781299352645874,0.43526092171669006,49.40773391723633,0.1980036497116089,0.07185747474431992,0.44497600197792053
419,0.6020095348358154,1e-04,0.13527153,143.36829,0.018713815,0.011589051,0.13679844,0.780041515827179,0.43510735034942627,49.39046096801758,0.19786180555820465,0.07179813832044601,0.44481658935546875
420,0.6008509993553162,1e-04,0.13511297,143.23781,0.018671304,0.01156583,0.13664298,0.7787830829620361,0.4349506199359894,49.372833251953125,0.19771718978881836,0.07173764705657959,0.44465401768684387
421,0.5996947288513184,1e-04,0.13495456,143.10745,0.01862889,0.011542655,0.1364877,0.7775236964225769,0.434790700674057,49.35483169555664,0.19756972789764404,0.07167597860097885,0.44448816776275635
422,0.5985405445098877,1e-04,0.1347963,142.9771,0.01858656,0.011519516,0.13633253,0.7762637138366699,0.4346275329589844,49.33646011352539,0.1974194496870041,0.0716131255030632,0.44431909918785095
423,0.5973885655403137,1e-04,0.1346382,142.8469,0.018544326,0.011496419,0.13617755,0.7750027179718018,0.4344611167907715,49.317718505859375,0.19726629555225372,0.07154909521341324,0.44414669275283813
424,0.5962386131286621,1e-04,0.13448025,142.71674,0.01850218,0.011473364,0.13602272,0.7737411260604858,0.43429139256477356,49.29859924316406,0.19711029529571533,0.07148388028144836,0.44397103786468506
425,0.595090925693512,1e-04,0.13432245,142.58662,0.018460123,0.011450346,0.13586803,0.7724785208702087,0.4341184198856354,49.27910232543945,0.19695140421390533,0.07141745835542679,0.44379207491874695
426,0.5939452648162842,1e-04,0.13416483,142.45662,0.018418163,0.011427371,0.13571353,0.7712153196334839,0.43394210934638977,49.25923156738281,0.19678963720798492,0.07134983688592911,0.4436097741127014
427,0.5928019285202026,1e-04,0.13400732,142.32669,0.018376287,0.011404433,0.13555917,0.7699509859085083,0.43376246094703674,49.23897171020508,0.19662491977214813,0.07128100842237473,0.4434240758419037
428,0.5916605591773987,1e-04,0.13384996,142.1968,0.018334499,0.011381539,0.13540494,0.7686858177185059,0.43357953429222107,49.21833801269531,0.19645734131336212,0.07121098041534424,0.4432350993156433
429,0.5905212759971619,1e-04,0.13369279,142.067,0.01829281,0.011358683,0.13525091,0.7674198150634766,0.4333931505680084,49.19731140136719,0.19628679752349854,0.07113972306251526,0.44304266571998596
430,0.5893841981887817,1e-04,0.13353576,141.93721,0.018251201,0.011335862,0.13509701,0.7661527991294861,0.4332033693790436,49.1758918762207,0.19611327350139618,0.07106723636388779,0.44284677505493164
431,0.5882492065429688,1e-04,0.13337886,141.80753,0.018209685,0.011313086,0.13494326,0.7648847699165344,0.43301019072532654,49.154083251953125,0.19593679904937744,0.07099353522062302,0.4426474869251251
432,0.5871163010597229,1e-04,0.13322213,141.67795,0.018168258,0.011290349,0.13478968,0.7636160850524902,0.4328136146068573,49.13188552856445,0.19575734436511993,0.07091859728097916,0.44244474172592163
433,0.5859856605529785,1e-04,0.13306558,141.54842,0.018126925,0.011267655,0.13463627,0.7623462080955505,0.4326134920120239,49.109283447265625,0.19557486474514008,0.07084241509437561,0.4422384798526764
434,0.5848570466041565,1e-04,0.13290916,141.41896,0.018085679,0.011244996,0.13448301,0.7610754370689392,0.4324099123477936,49.0862922668457,0.19538943469524384,0.07076499611139297,0.4420287609100342
435,0.5837305188179016,1e-04,0.13275288,141.2896,0.018044522,0.011222379,0.1343299,0.7598035931587219,0.43220290541648865,49.062896728515625,0.19520090520381927,0.07068631798028946,0.44181546568870544
436,0.5826061367988586,1e-04,0.13259676,141.16026,0.01800345,0.011199799,0.13417694,0.7585307359695435,0.4319923222064972,49.03910446166992,0.19500939548015594,0.07060640305280685,0.44159868359565735
437,0.581483781337738,1e-04,0.13244079,141.03102,0.017962465,0.0111772595,0.13402413,0.7572568655014038,0.4317781925201416,49.014892578125,0.1948148012161255,0.07052522152662277,0.44137829542160034
438,0.5803636312484741,1e-04,0.13228498,140.90187,0.017921573,0.011154762,0.13387148,0.7559818625450134,0.4315605163574219,48.99028396606445,0.1946171522140503,0.07044276595115662,0.4411543309688568
439,0.5792454481124878,1e-04,0.13212933,140.77274,0.01788077,0.011132302,0.133719,0.7547057271003723,0.4313392639160156,48.96525955200195,0.19441640377044678,0.07035905867815018,0.44092676043510437
440,0.5781294107437134,1e-04,0.13197382,140.64372,0.017840054,0.011109882,0.13356666,0.75342857837677,0.43111440539360046,48.939823150634766,0.19421257078647614,0.07027406245470047,0.44069555401802063
441,0.5770154595375061,1e-04,0.13181849,140.51479,0.01779943,0.011087505,0.1334145,0.752150297164917,0.430885910987854,48.91397476196289,0.19400562345981598,0.07018779963254929,0.4404606819152832
442,0.5759035348892212,1e-04,0.13166328,140.38585,0.017758884,0.011065158,0.13326246,0.750870943069458,0.43065378069877625,48.8877067565918,0.1937955766916275,0.07010024785995483,0.44022220373153687
443,0.574793815612793,1e-04,0.1315082,140.25705,0.01771843,0.011042858,0.1331106,0.7495903968811035,0.4304180145263672,48.86102294921875,0.19358240067958832,0.07001141458749771,0.43998000025749207
444,0.5736860632896423,1e-04,0.13135332,140.12833,0.017678065,0.011020598,0.13295889,0.7483086585998535,0.4301784932613373,48.83391189575195,0.19336605072021484,0.06992128491401672,0.4397340714931488
445,0.5725804567337036,1e-04,0.13119859,139.99966,0.01763779,0.010998375,0.13280734,0.7470251321792603,0.4299354553222656,48.806400299072266,0.1931467056274414,0.06982993334531784,0.4394845962524414
446,0.5714759230613708,1e-04,0.13104385,139.87096,0.01759756,0.01097617,0.1326558,0.745741069316864,0.42968857288360596,48.7784423828125,0.19292403757572174,0.06973721832036972,0.43923118710517883
447,0.5703744292259216,1e-04,0.13088942,139.74246,0.017557457,0.010954025,0.13250455,0.7444557547569275,0.42943787574768066,48.75004959106445,0.192698135972023,0.06964317709207535,0.43897396326065063
448,0.5692750215530396,1e-04,0.13073513,139.614,0.017517436,0.010931918,0.13235345,0.7431691884994507,0.4291834831237793,48.72123336791992,0.19246912002563477,0.0695478543639183,0.438713014125824
449,0.5681775808334351,1e-04,0.130581,139.48567,0.017477509,0.010909855,0.13220254,0.7418815493583679,0.4289252460002899,48.69198226928711,0.19223685562610626,0.06945119798183441,0.4384482502937317
450,0.5670823454856873,1e-04,0.130427,139.35738,0.017437663,0.010887829,0.13205174,0.7405924797058105,0.4286632239818573,48.662288665771484,0.1920013576745987,0.06935324519872665,0.4381795823574066
451,0.5659890174865723,1e-04,0.1302732,139.22916,0.017397907,0.010865842,0.13190113,0.7393023371696472,0.42839738726615906,48.63216781616211,0.19176267087459564,0.06925397366285324,0.4379071593284607
452,0.5648978352546692,1e-04,0.13011952,139.10104,0.017358236,0.010843894,0.13175066,0.7380106449127197,0.428127646446228,48.601593017578125,0.19152069091796875,0.06915336847305298,0.4376307725906372
453,0.5638086199760437,1e-04,0.12996599,138.97296,0.017318647,0.010821983,0.13160034,0.7367177605628967,0.427854061126709,48.57058334350586,0.1912754625082016,0.06905142217874527,0.4373505115509033
454,0.5627214908599854,1e-04,0.12981261,138.84502,0.01727915,0.010800115,0.13145018,0.7354236245155334,0.42757663130760193,48.539127349853516,0.1910269856452942,0.0689481794834137,0.43706634640693665
455,0.5616363883018494,1e-04,0.1296594,138.71709,0.017239736,0.010778284,0.13130018,0.7341282367706299,0.4272952079772949,48.50722122192383,0.19077520072460175,0.06884358078241348,0.4367782175540924
456,0.5605534315109253,1e-04,0.12950632,138.58925,0.017200407,0.010756491,0.13115032,0.7328311800956726,0.4270099103450775,48.47486877441406,0.19052012264728546,0.06873764842748642,0.4364860951900482
457,0.5594722032546997,1e-04,0.12935342,138.46152,0.017161166,0.01073474,0.13100064,0.7315330505371094,0.42672061920166016,48.44206237792969,0.19026176631450653,0.06863036751747131,0.43619006872177124
458,0.5583932995796204,1e-04,0.12920067,138.33382,0.01712201,0.010713026,0.1308511,0.7302334904670715,0.42642736434936523,48.40879821777344,0.19000005722045898,0.06852174550294876,0.43588995933532715
459,0.5573163628578186,1e-04,0.12904806,138.20622,0.017082935,0.0106913475,0.1307017,0.7289325594902039,0.42613014578819275,48.37508010864258,0.1897350698709488,0.06841179728507996,0.4355858862400055
460,0.5562414526939392,1e-04,0.12889561,138.07874,0.017043954,0.010669716,0.1305525,0.7276301383972168,0.4258289039134979,48.34090042114258,0.1894667148590088,0.06830046325922012,0.4352777302265167
461,0.5551684498786926,1e-04,0.12874332,137.95123,0.01700505,0.0106481165,0.13040341,0.7263262867927551,0.4255236089229584,48.3062629699707,0.18919503688812256,0.06818780303001404,0.4349655508995056
462,0.5540974736213684,1e-04,0.12859116,137.82387,0.016966231,0.010626556,0.13025449,0.7250211238861084,0.4252142906188965,48.27116012573242,0.1889200210571289,0.06807378679513931,0.4346493184566498
463,0.5530285835266113,1e-04,0.12843916,137.69656,0.016927497,0.010605036,0.13010572,0.7237144708633423,0.4249008893966675,48.235591888427734,0.18864162266254425,0.06795840710401535,0.43432894349098206
464,0.5519616603851318,1e-04,0.12828733,137.56934,0.016888851,0.010583555,0.12995711,0.7224063277244568,0.42458343505859375,48.199554443359375,0.18835985660552979,0.06784167140722275,0.43400445580482483
465,0.5508967638015747,1e-04,0.12813564,137.44226,0.01685029,0.010562115,0.12980866,0.7210968136787415,0.42426180839538574,48.16304397583008,0.1880747228860855,0.06772357225418091,0.4336758255958557
466,0.5498339533805847,1e-04,0.1279841,137.31517,0.016811812,0.010540714,0.12966037,0.7197858691215515,0.423936128616333,48.126068115234375,0.18778620660305023,0.06760411709547043,0.4333430528640747
467,0.5487731099128723,1e-04,0.12783273,137.18823,0.016773416,0.010519347,0.12951222,0.7184733152389526,0.4236062467098236,48.0886116027832,0.18749423325061798,0.06748328357934952,0.43300604820251465
468,0.547714114189148,1e-04,0.1276815,137.06136,0.016735105,0.010498023,0.12936424,0.7171593308448792,0.42327216267585754,48.05067825317383,0.1871989220380783,0.06736108660697937,0.4326649010181427
469,0.5466573238372803,1e-04,0.12753043,136.93448,0.016696876,0.010476732,0.12921639,0.7158437371253967,0.422933965921402,48.01226806640625,0.18690013885498047,0.0672375038266182,0.4323194921016693
470,0.5456023216247559,1e-04,0.1273795,136.80775,0.016658735,0.010455484,0.12906872,0.7145266532897949,0.4225914776325226,47.9733772277832,0.18659794330596924,0.06711255759000778,0.43196985125541687
471,0.5445494055747986,1e-04,0.12722872,136.68109,0.016620675,0.010434273,0.1289212,0.713208019733429,0.4222448170185089,47.93400192260742,0.18629233539104462,0.06698624044656754,0.431615948677063
472,0.5434983968734741,1e-04,0.12707812,136.5545,0.016582698,0.010413102,0.12877382,0.7118878960609436,0.4218939244747162,47.894134521484375,0.18598325550556183,0.06685853749513626,0.4312577545642853
473,0.542449414730072,1e-04,0.12692764,136.42795,0.016544802,0.010391966,0.1286266,0.7105661630630493,0.42153871059417725,47.853790283203125,0.18567074835300446,0.06672946363687515,0.43089529871940613
474,0.5414023399353027,1e-04,0.12677735,136.30153,0.016506994,0.01037087,0.12847954,0.7092430591583252,0.42117929458618164,47.81294631958008,0.1853548288345337,0.06659902632236481,0.43052855134010315
475,0.5403575301170349,1e-04,0.12662719,136.17519,0.016469266,0.010349813,0.12833264,0.707918107509613,0.4208155572414398,47.7716178894043,0.18503542244434357,0.06646720319986343,0.43015745282173157
476,0.539314329624176,1e-04,0.12647718,136.04892,0.01643162,0.010328795,0.12818588,0.7065916657447815,0.420447438955307,47.72978591918945,0.1847124844789505,0.06633398681879044,0.4297819137573242
477,0.538273274898529,1e-04,0.12632732,135.92271,0.016394058,0.010307813,0.12803929,0.7052636742591858,0.42007502913475037,47.68746566772461,0.18438617885112762,0.0661994144320488,0.42940211296081543
478,0.5372340679168701,1e-04,0.12617764,135.79662,0.016356576,0.01028687,0.12789284,0.7039341926574707,0.41969823837280273,47.644649505615234,0.184056356549263,0.06606344133615494,0.42901790142059326
479,0.5361970067024231,1e-04,0.12602809,135.67062,0.016319184,0.010265969,0.12774657,0.7026028633117676,0.4193170964717865,47.601322174072266,0.18372304737567902,0.06592609733343124,0.4286292791366577
480,0.5351617336273193,1e-04,0.1258787,135.54471,0.016281867,0.010245104,0.12760042,0.7012701034545898,0.4189315736293793,47.5574951171875,0.18338622152805328,0.06578735262155533,0.428236186504364
481,0.5341284275054932,1e-04,0.12572947,135.41882,0.016244637,0.010224276,0.12745444,0.6999356746673584,0.4185415804386139,47.51316833496094,0.18304593861103058,0.06564723700284958,0.42783868312835693
482,0.5330972075462341,1e-04,0.12558039,135.29308,0.016207485,0.010203488,0.12730862,0.698599636554718,0.4181472063064575,47.468326568603516,0.18270212411880493,0.0655057355761528,0.4274366796016693
483,0.5320678353309631,1e-04,0.12543145,135.16739,0.016170416,0.010182737,0.12716295,0.6972618699073792,0.41774842143058777,47.42298889160156,0.1823548674583435,0.06536286324262619,0.4270302951335907
484,0.5310404300689697,1e-04,0.12528266,135.0418,0.016133428,0.010162024,0.12701742,0.6959224939346313,0.41734516620635986,47.37713623046875,0.18200409412384033,0.06521860510110855,0.42661938071250916
485,0.5300148725509644,1e-04,0.12513404,134.91621,0.016096521,0.010141348,0.12687206,0.6945813894271851,0.41693735122680664,47.33076477050781,0.18164975941181183,0.06507294625043869,0.4262039065361023
486,0.5289913415908813,1e-04,0.12498557,134.79083,0.0160597,0.010120713,0.12672688,0.6932387948036194,0.41652512550354004,47.28388595581055,0.18129193782806396,0.06492593139410019,0.4257839024066925
487,0.5279697775840759,1e-04,0.12483726,134.66547,0.016022956,0.010100114,0.12658182,0.6918943524360657,0.4161083400249481,47.23648452758789,0.18093061447143555,0.06477751582860947,0.4253593981266022
488,0.5269500613212585,1e-04,0.124689095,134.54015,0.015986295,0.01007955,0.12643692,0.690548300743103,0.41568705439567566,47.188568115234375,0.1805657595396042,0.0646277368068695,0.42493030428886414
489,0.5259323120117188,1e-04,0.12454109,134.41495,0.015949715,0.010059028,0.12629218,0.6892006397247314,0.4152611792087555,47.1401252746582,0.1801973581314087,0.06447657197713852,0.424496591091156
490,0.5249164700508118,1e-04,0.12439323,134.28984,0.015913215,0.010038545,0.12614758,0.6878513097763062,0.4148308038711548,47.0911750793457,0.17982546985149384,0.0643240287899971,0.42405834794044495
491,0.5239026546478271,1e-04,0.12424553,134.16476,0.015876794,0.010018095,0.12600315,0.6865002512931824,0.41439583897590637,47.04169845581055,0.17945007979869843,0.06417012959718704,0.4236154854297638
492,0.5228906273841858,1e-04,0.12409799,134.03984,0.015840458,0.009997685,0.12585887,0.6851474046707153,0.41395625472068787,46.9916877746582,0.17907114326953888,0.06401484459638596,0.42316797375679016
493,0.5218804478645325,1e-04,0.12395059,133.915,0.0158042,0.009977314,0.12571475,0.6837928891181946,0.41351208090782166,46.9411506652832,0.1786886602640152,0.06385817378759384,0.42271581292152405
494,0.5208722352981567,1e-04,0.12380334,133.79019,0.015768018,0.009956979,0.12557077,0.6824367642402649,0.41306331753730774,46.89009094238281,0.17830269038677216,0.06370016187429428,0.42225903272628784
495,0.5198659896850586,1e-04,0.123656265,133.6655,0.015731921,0.009936683,0.12542696,0.6810789108276367,0.41260990500450134,46.8385009765625,0.17791318893432617,0.06354076415300369,0.42179757356643677
496,0.5188616514205933,1e-04,0.12350934,133.54086,0.015695905,0.009916425,0.1252833,0.6797193884849548,0.41215184330940247,46.786376953125,0.17752020061016083,0.06338000297546387,0.4213314652442932
497,0.5178592205047607,1e-04,0.123362556,133.41637,0.01565997,0.009896205,0.1251398,0.678358256816864,0.4116891622543335,46.73372268676758,0.17712366580963135,0.06321790814399719,0.42086061835289
498,0.516858696937561,1e-04,0.12321593,133.29193,0.015624112,0.009876021,0.124996446,0.6769952774047852,0.4112217426300049,46.6805305480957,0.17672361433506012,0.06305443495512009,0.42038509249687195
499,0.5158600211143494,1e-04,0.12306946,133.16757,0.015588335,0.009855876,0.12485325,0.6756305694580078,0.4107496738433838,46.626800537109375,0.17632003128528595,0.06288959830999374,0.41990479826927185
500,0.5148631930351257,1e-04,0.12292314,133.04329,0.015552637,0.009835767,0.12471021,0.6742643117904663,0.41027283668518066,46.57253646850586,0.17591296136379242,0.06272340565919876,0.4194197952747345
501,0.5138683319091797,1e-04,0.122776985,132.91911,0.015517018,0.0098156985,0.12456732,0.672896146774292,0.40979138016700745,46.517730712890625,0.17550234496593475,0.06255588680505753,0.4189299941062927
502,0.5128753185272217,1e-04,0.122631,132.79504,0.015481486,0.009795668,0.12442462,0.6715263724327087,0.4093051850795746,46.46238327026367,0.1750882863998413,0.06238700821995735,0.4184355139732361
503,0.5118841528892517,1e-04,0.12248512,132.671,0.015446021,0.009775671,0.124282025,0.6701549887657166,0.4088141918182373,46.406490325927734,0.17467065155506134,0.062216777354478836,0.41793617606163025
504,0.5108950138092041,1e-04,0.12233942,132.54707,0.015410638,0.009755711,0.12413959,0.6687817573547363,0.408318430185318,46.35005569458008,0.1742495745420456,0.06204524263739586,0.41743212938308716
505,0.509907603263855,1e-04,0.12219387,132.42322,0.015375337,0.00973579,0.12399732,0.6674069166183472,0.4078179597854614,46.2930793762207,0.1738249659538269,0.061872344464063644,0.4169232249259949
506,0.5089220404624939,1e-04,0.1220485,132.29948,0.015340114,0.009715907,0.12385521,0.6660304069519043,0.4073127210140228,46.23555374145508,0.17339687049388885,0.061698127537965775,0.4164094924926758
507,0.5079384446144104,1e-04,0.12190325,132.1758,0.015304969,0.009696062,0.123713255,0.6646521091461182,0.4068026542663574,46.1774787902832,0.17296528816223145,0.06152258440852165,0.41589096188545227
508,0.5069567561149597,1e-04,0.12175818,132.05223,0.015269904,0.009676254,0.123571455,0.6632722020149231,0.40628781914711,46.118865966796875,0.17253027856349945,0.06134572997689247,0.41536763310432434
509,0.5059768557548523,1e-04,0.12161325,131.92873,0.015234916,0.009656481,0.1234298,0.6618906259536743,0.4057682454586029,46.059696197509766,0.1720917969942093,0.06116757169365883,0.4148394763469696
510,0.5049988627433777,1e-04,0.12146847,131.80536,0.015200009,0.0096367495,0.12328832,0.660507321357727,0.40524372458457947,45.99997329711914,0.17164981365203857,0.060988087207078934,0.4143064320087433
511,0.5040226578712463,1e-04,0.12132385,131.68208,0.015165178,0.009617054,0.12314698,0.6591223478317261,0.4047144949436188,45.939701080322266,0.17120440304279327,0.06080731377005577,0.4137685298919678
512,0.5030483603477478,1e-04,0.121179394,131.55885,0.015130425,0.009597396,0.12300579,0.6577356457710266,0.4041803777217865,45.87887191772461,0.1707555055618286,0.06062522158026695,0.4132257401943207
513,0.5020758509635925,1e-04,0.12103506,131.43573,0.01509575,0.0095777735,0.12286476,0.6563472747802734,0.40364137291908264,45.8174934387207,0.17030318081378937,0.060441840440034866,0.412678062915802
514,0.5011052489280701,1e-04,0.12089092,131.31265,0.015061153,0.009558188,0.12272389,0.6549572944641113,0.403097540140152,45.75555419921875,0.16984744369983673,0.060257185250520706,0.41212552785873413
515,0.5001364946365356,1e-04,0.12074693,131.18971,0.015026635,0.00953864,0.12258317,0.6535655856132507,0.4025489091873169,45.69306564331055,0.1693882942199707,0.06007125601172447,0.4115681052207947
516,0.4991695284843445,1e-04,0.12060309,131.06685,0.014992192,0.00951913,0.12244261,0.6521722674369812,0.40199530124664307,45.6300048828125,0.1689256876707077,0.05988403037190437,0.4110057055950165
517,0.49820443987846375,1e-04,0.1204594,130.94406,0.014957829,0.009499655,0.122302204,0.650777280330658,0.4014368951320648,45.566402435302734,0.1684596985578537,0.05969555303454399,0.4104384183883667
518,0.49724116921424866,1e-04,0.12031586,130.82133,0.014923541,0.0094802175,0.12216195,0.6493807435035706,0.4008735716342926,45.502227783203125,0.16799034178256989,0.05950581654906273,0.40986624360084534
519,0.49627968668937683,1e-04,0.12017249,130.69875,0.014889332,0.009460817,0.12202185,0.6479825973510742,0.4003053605556488,45.437503814697266,0.16751758754253387,0.05931481719017029,0.4092891216278076
520,0.4953201413154602,1e-04,0.12002927,130.57625,0.014855198,0.009441455,0.1218819,0.6465827226638794,0.3997322618961334,45.37221908569336,0.16704149544239044,0.05912258103489876,0.4087071120738983
521,0.49436235427856445,1e-04,0.11988618,130.45384,0.01482114,0.009422129,0.12174211,0.6451812386512756,0.39915427565574646,45.306365966796875,0.1665620356798172,0.058929115533828735,0.40812012553215027
522,0.49340641498565674,1e-04,0.119743295,130.33147,0.0147871645,0.0094028395,0.12160248,0.6437783241271973,0.39857134222984314,45.239959716796875,0.16607923805713654,0.058734405785799026,0.40752819180488586
523,0.4924522936344147,1e-04,0.119600534,130.20921,0.01475326,0.009383584,0.121463,0.6423736810684204,0.3979835510253906,45.1729850769043,0.16559310257434845,0.05853848531842232,0.4069313108921051
524,0.49150002002716064,1e-04,0.11945794,130.08705,0.014719433,0.009364368,0.12132367,0.6409674882888794,0.39739084243774414,45.10545349121094,0.16510367393493652,0.058341365307569504,0.40632951259613037
525,0.4905494749546051,1e-04,0.11931548,129.965,0.014685685,0.009345191,0.121184506,0.6395598649978638,0.3967932164669037,45.037357330322266,0.16461098194122314,0.05814303830265999,0.40572279691696167
526,0.48960086703300476,1e-04,0.11917321,129.84306,0.014652017,0.009326053,0.121045515,0.6381504535675049,0.3961906433105469,44.96870040893555,0.16411495208740234,0.057943496853113174,0.40511104464530945
527,0.48865392804145813,1e-04,0.11903106,129.72116,0.014618414,0.009306944,0.120906636,0.6367397308349609,0.3955831527709961,44.89947509765625,0.16361568868160248,0.057742778211832047,0.40449437499046326
528,0.4877088665962219,1e-04,0.11888907,129.59938,0.014584894,0.009287876,0.120767936,0.6353272795677185,0.39497074484825134,44.829681396484375,0.16311316192150116,0.057540882378816605,0.40387269854545593
529,0.486765593290329,1e-04,0.11874725,129.4777,0.014551451,0.009268845,0.1206294,0.6339134573936462,0.39435335993766785,44.75932693481445,0.16260740160942078,0.057337816804647446,0.40324607491493225
530,0.4858241677284241,1e-04,0.1186056,129.35611,0.014518084,0.00924985,0.12049101,0.6324980854988098,0.39373111724853516,44.68841552734375,0.1620984673500061,0.05713361129164696,0.4026145339012146
531,0.4848844110965729,1e-04,0.11846407,129.23459,0.014484788,0.00923089,0.12035277,0.6310812830924988,0.3931039273738861,44.6169319152832,0.16158631443977356,0.05692824348807335,0.4019780158996582
532,0.4839465618133545,1e-04,0.11832273,129.11317,0.014451574,0.00921197,0.1202147,0.6296630501747131,0.39247170090675354,44.544891357421875,0.16107098758220673,0.05672173574566841,0.4013364911079407
533,0.483010470867157,1e-04,0.11818152,128.99185,0.014418429,0.009193082,0.12007676,0.6282432675361633,0.39183470606803894,44.4722785949707,0.160552516579628,0.05651411414146423,0.4006900489330292
534,0.48207613825798035,1e-04,0.11804046,128.87059,0.014385359,0.009174233,0.119938985,0.6268221735954285,0.3911926746368408,44.39910888671875,0.16003090143203735,0.05630537495017052,0.40003862977027893
535,0.48114365339279175,1e-04,0.11789959,128.74948,0.014352373,0.009155422,0.11980139,0.625399649143219,0.3905457556247711,44.32536697387695,0.1595061868429184,0.05609552189707756,0.39938226342201233
536,0.4802129566669464,1e-04,0.117758855,128.62842,0.014319454,0.009136645,0.119663924,0.6239757537841797,0.38989391922950745,44.251068115234375,0.15897837281227112,0.05588458850979805,0.398720920085907
537,0.4792839288711548,1e-04,0.11761826,128.50746,0.014286612,0.009117904,0.11952662,0.622550368309021,0.3892371356487274,44.176204681396484,0.1584474742412567,0.05567255616188049,0.3980545997619629
538,0.4783567786216736,1e-04,0.11747787,128.38664,0.01425385,0.009099203,0.11938949,0.621123731136322,0.3885754644870758,44.100772857666016,0.15791356563568115,0.05545946955680847,0.3973833918571472
539,0.4774313271045685,1e-04,0.11733759,128.26585,0.014221157,0.009080537,0.119252495,0.6196957230567932,0.38790884613990784,44.0247802734375,0.15737658739089966,0.05524531006813049,0.3967071771621704
540,0.4765077233314514,1e-04,0.11719746,128.1452,0.014188537,0.009061904,0.11911565,0.6182664632797241,0.38723739981651306,43.9482307434082,0.15683667361736298,0.05503012239933014,0.3960261046886444
541,0.47558581829071045,1e-04,0.117057525,128.02463,0.014155997,0.009043312,0.11897898,0.6168359518051147,0.38656091690063477,43.87111282348633,0.15629370510578156,0.05481388047337532,0.3953399956226349
542,0.4746657609939575,1e-04,0.11691774,127.90416,0.014123528,0.009024754,0.11884245,0.6154040098190308,0.38587960600852966,43.79343795776367,0.15574781596660614,0.05459662154316902,0.3946489691734314
543,0.4737473130226135,1e-04,0.11677811,127.78375,0.014091134,0.009006232,0.118706085,0.6139708161354065,0.3851933479309082,43.71519470214844,0.15519897639751434,0.05437834560871124,0.39395302534103394
544,0.4728306531906128,1e-04,0.11663864,127.66345,0.014058818,0.008987746,0.11856989,0.6125364899635315,0.3845021724700928,43.63639450073242,0.15464723110198975,0.054159075021743774,0.3932521343231201
545,0.4719158113002777,1e-04,0.1164993,127.54326,0.014026569,0.008969294,0.11843382,0.6111009120941162,0.38380613923072815,43.557037353515625,0.15409262478351593,0.05393882468342781,0.39254632592201233
546,0.4710027575492859,1e-04,0.11636012,127.42317,0.013994395,0.008950882,0.118297905,0.609664261341095,0.38310524821281433,43.47711181640625,0.1535351723432541,0.053717587143182755,0.39183562994003296
547,0.47009140253067017,1e-04,0.11622112,127.30317,0.0139623,0.008932506,0.11816218,0.6082264184951782,0.38239946961402893,43.39664077758789,0.1529749035835266,0.05349541828036308,0.3911200761795044
548,0.4691818356513977,1e-04,0.116082266,127.18327,0.013930276,0.008914164,0.11802659,0.6067875027656555,0.3816889226436615,43.31561279296875,0.15241184830665588,0.053272295743227005,0.39039960503578186
549,0.46827396750450134,1e-04,0.11594356,127.06346,0.013898326,0.008895858,0.11789116,0.6053474545478821,0.3809734284877777,43.23402404785156,0.1518460363149643,0.05304825305938721,0.38967427611351013
550,0.46736788749694824,1e-04,0.11580502,126.94373,0.013866448,0.008877589,0.11775588,0.6039063334465027,0.3802531063556671,43.151885986328125,0.15127749741077423,0.05282328650355339,0.3889440894126892
551,0.46646350622177124,1e-04,0.115666635,126.82412,0.013834645,0.008859356,0.117620766,0.6024640798568726,0.3795279562473297,43.06918716430664,0.1507062166929245,0.05259741470217705,0.3882089853286743
552,0.46556079387664795,1e-04,0.115528405,126.7046,0.013802911,0.008841158,0.11748579,0.6010209321975708,0.3787979781627655,42.98594284057617,0.15013225376605988,0.052370648831129074,0.38746902346611023
553,0.4646599292755127,1e-04,0.115390345,126.585205,0.013771256,0.008822999,0.117350996,0.5995767116546631,0.37806329131126404,42.90214920043945,0.1495557278394699,0.05214304104447365,0.3867243528366089
554,0.463760644197464,1e-04,0.11525243,126.465904,0.013739673,0.0088048745,0.117216356,0.5981315970420837,0.3773236572742462,42.81779861450195,0.14897650480270386,0.051914554089307785,0.3859747350215912
555,0.4628632664680481,1e-04,0.11511469,126.346664,0.013708164,0.008786785,0.117081866,0.596685528755188,0.37657928466796875,42.732906341552734,0.14839473366737366,0.051685232669115067,0.38522037863731384
556,0.4619675278663635,1e-04,0.114977084,126.22752,0.013676724,0.008768729,0.11694753,0.5952385067939758,0.37583020329475403,42.647464752197266,0.1478104144334793,0.05145508423447609,0.3844611942768097
557,0.46107345819473267,1e-04,0.114839636,126.1085,0.013645358,0.0087507125,0.11681335,0.5937906503677368,0.3750762939453125,42.56147766113281,0.1472235769033432,0.05122412368655205,0.3836972415447235
558,0.4601811468601227,1e-04,0.11470237,125.98956,0.013614066,0.0087327305,0.11667933,0.5923418998718262,0.3743177354335785,42.47494888305664,0.1466342657804489,0.050992369651794434,0.3829285502433777
559,0.4592905342578888,1e-04,0.11456524,125.87071,0.0135828415,0.008714781,0.116545446,0.5908924341201782,0.37355437874794006,42.38788986206055,0.14604254066944122,0.050759851932525635,0.3821551203727722
560,0.45840156078338623,1e-04,0.11442826,125.751976,0.0135516925,0.008696871,0.11641174,0.5894421935081482,0.37278637290000916,42.3002815246582,0.14544840157032013,0.050526559352874756,0.3813769817352295
561,0.4575144648551941,1e-04,0.11429147,125.63332,0.013520619,0.008678997,0.116278194,0.5879912376403809,0.372013658285141,42.21213150024414,0.14485183358192444,0.05029251053929329,0.38059404492378235
562,0.4566290080547333,1e-04,0.1141548,125.51475,0.0134896105,0.008661154,0.116144784,0.5865394473075867,0.3712362051010132,42.123443603515625,0.1442529410123825,0.05005773901939392,0.3798064589500427
563,0.45574522018432617,1e-04,0.11401831,125.39631,0.0134586785,0.008643347,0.116011545,0.5850871205329895,0.37045422196388245,42.034236907958984,0.1436518132686615,0.04982227087020874,0.379014253616333
564,0.45486313104629517,1e-04,0.11388197,125.27794,0.013427815,0.008625577,0.11587845,0.5836341381072998,0.36966750025749207,41.944488525390625,0.14304836094379425,0.049586087465286255,0.37821733951568604
565,0.45398274064064026,1e-04,0.1137458,125.15971,0.013397029,0.008607847,0.11574554,0.5821805596351624,0.36887624859809875,41.85422134399414,0.1424427479505539,0.04934925213456154,0.37741589546203613
566,0.4531041085720062,1e-04,0.113609776,125.04158,0.013366312,0.00859015,0.11561277,0.5807263851165771,0.36808037757873535,41.763427734375,0.14183492958545685,0.0491117425262928,0.37660977244377136
567,0.4522271454334259,1e-04,0.11347393,124.92353,0.013335667,0.008572486,0.115480155,0.5792717337608337,0.3672800064086914,41.67211151123047,0.14122499525547028,0.04887361451983452,0.37579914927482605
568,0.4513517916202545,1e-04,0.11333822,124.8056,0.013305091,0.00855486,0.1153477,0.577816367149353,0.36647501587867737,41.580265045166016,0.1406129002571106,0.048634838312864304,0.37498387694358826
569,0.45047810673713684,1e-04,0.11320267,124.68777,0.013274587,0.008537268,0.11521539,0.5763607025146484,0.3656655251979828,41.4879035949707,0.13999877870082855,0.04839545488357544,0.3741641044616699
570,0.44960612058639526,1e-04,0.11306727,124.57003,0.013244153,0.008519714,0.11508325,0.5749046802520752,0.36485156416893005,41.39503860473633,0.13938264548778534,0.04815550148487091,0.37333986163139343
571,0.4487358331680298,1e-04,0.112932034,124.45241,0.013213793,0.008502192,0.11495126,0.5734481811523438,0.3640330731868744,41.3016471862793,0.13876445591449738,0.04791494086384773,0.37251102924346924
572,0.4478672742843628,1e-04,0.11279696,124.33488,0.013183502,0.008484706,0.11481943,0.5719915628433228,0.36321017146110535,41.20774841308594,0.138144388794899,0.04767385125160217,0.37167781591415405
573,0.4470003843307495,1e-04,0.112662055,124.217445,0.013153285,0.008467258,0.11468777,0.5705344676971436,0.36238279938697815,41.113338470458984,0.1375223994255066,0.04743222892284393,0.3708401322364807
574,0.44613513350486755,1e-04,0.11252729,124.10009,0.013123133,0.00844984,0.114556246,0.5690770149230957,0.36155107617378235,41.018428802490234,0.13689853250980377,0.04719008132815361,0.3699980080127716
575,0.4452715218067169,1e-04,0.11239269,123.98287,0.013093056,0.008432461,0.11442489,0.5676194429397583,0.36071500182151794,40.92301940917969,0.13627289235591888,0.04694743826985359,0.36915159225463867
576,0.44440957903862,1e-04,0.112258255,123.86573,0.013063049,0.008415116,0.114293694,0.5661616325378418,0.3598744869232178,40.82710647583008,0.13564543426036835,0.046704310923814774,0.36830073595046997
577,0.4435493052005768,1e-04,0.11212398,123.748695,0.013033112,0.008397807,0.11416265,0.5647037625312805,0.35902974009513855,40.7307014465332,0.1350162774324417,0.04646073654294014,0.36744561791419983
578,0.44269073009490967,1e-04,0.111989856,123.63177,0.013003243,0.008380531,0.11403176,0.5632457733154297,0.3581806719303131,40.63380432128906,0.13438542187213898,0.04621671512722969,0.36658617854118347
579,0.44183382391929626,1e-04,0.11185591,123.51495,0.012973448,0.008363294,0.11390105,0.5617877244949341,0.3573273718357086,40.53641891479492,0.1337529420852661,0.045972276479005814,0.36572250723838806
580,0.4409785270690918,1e-04,0.11172213,123.39823,0.012943723,0.008346089,0.113770485,0.5603297352790833,0.3564698398113251,40.43854904174805,0.1331188678741455,0.045727431774139404,0.3648545742034912
581,0.4401249289512634,1e-04,0.11158848,123.28162,0.012914066,0.00832892,0.11364007,0.5588716268539429,0.35560810565948486,40.3401985168457,0.13248322904109955,0.04548220708966255,0.3639824688434601
582,0.4392728805541992,1e-04,0.11145498,123.165085,0.012884477,0.008311784,0.11350981,0.5574136972427368,0.3547421991825104,40.24136734008789,0.1318461000919342,0.04523661732673645,0.3631061911582947
583,0.4384225010871887,1e-04,0.11132165,123.04868,0.012854959,0.008294685,0.11337971,0.5559558272361755,0.35387229919433594,40.1420783996582,0.13120757043361664,0.04499070718884468,0.36222586035728455
584,0.43757379055023193,1e-04,0.111188486,122.93238,0.012825513,0.008277621,0.113249786,0.5544981360435486,0.35299813747406006,40.042301177978516,0.1305675506591797,0.04474444314837456,0.36134132742881775
585,0.4367266893386841,1e-04,0.11105549,122.81616,0.012796135,0.008260591,0.113120005,0.5530407428741455,0.3521200716495514,39.942073822021484,0.12992627918720245,0.044497910887002945,0.36045289039611816
586,0.43588128685951233,1e-04,0.11092264,122.70007,0.012766825,0.008243596,0.11299038,0.5515835285186768,0.35123786330223083,39.841373443603516,0.129283607006073,0.04425106942653656,0.3595603108406067
587,0.4350374937057495,1e-04,0.110789955,122.58409,0.012737587,0.008226636,0.11286092,0.5501266121864319,0.3503516614437103,39.74021530151367,0.12863965332508087,0.044003959745168686,0.3586637079715729
588,0.4341953694820404,1e-04,0.11065743,122.468155,0.012708413,0.008209707,0.1127316,0.5486700534820557,0.34946155548095703,39.63861083984375,0.12799453735351562,0.043756622821092606,0.35776323080062866
589,0.43335479497909546,1e-04,0.11052506,122.3524,0.012679314,0.008192818,0.11260246,0.5472138524055481,0.34856757521629333,39.53654861450195,0.12734824419021606,0.04350905492901802,0.35685884952545166
590,0.4325158894062042,1e-04,0.110392846,122.236694,0.01265028,0.008175961,0.112473466,0.545758068561554,0.3476696014404297,39.43404006958008,0.12670080363750458,0.043261270970106125,0.35595056414604187
591,0.4316785931587219,1e-04,0.1102608,122.1211,0.012621315,0.008159139,0.11234463,0.5443028211593628,0.3467678725719452,39.33108901977539,0.12605230510234833,0.0430133230984211,0.35503846406936646
592,0.43084290623664856,1e-04,0.1101289,122.00564,0.01259242,0.008142352,0.11221595,0.5428480505943298,0.34586235880851746,39.22771072387695,0.1254028081893921,0.042765211313962936,0.3541225790977478
593,0.4300088584423065,1e-04,0.109997176,121.890274,0.012563594,0.0081256,0.112087436,0.5413939356803894,0.3449530601501465,39.123905181884766,0.12475235015153885,0.04251696169376373,0.3532029986381531
594,0.4291764199733734,1e-04,0.10986563,121.775024,0.012534841,0.008108885,0.11195911,0.5399404764175415,0.3440401256084442,39.01966857910156,0.12410099059343338,0.04226859286427498,0.3522796928882599
595,0.42834562063217163,1e-04,0.109734215,121.6599,0.012506149,0.008092203,0.11183089,0.5384875535964966,0.3431234359741211,38.915008544921875,0.12344873696565628,0.042020123451948166,0.351352721452713
596,0.4275163412094116,1e-04,0.10960295,121.54484,0.012477526,0.008075553,0.11170285,0.5370355248451233,0.3422032296657562,38.809932708740234,0.1227957084774971,0.041771579533815384,0.3504221737384796
597,0.4266887307167053,1e-04,0.10947186,121.429886,0.012448972,0.008058937,0.11157496,0.5355840921401978,0.34127935767173767,38.704444885253906,0.12214187532663345,0.04152296856045723,0.3494880199432373
598,0.42586272954940796,1e-04,0.10934092,121.31505,0.012420485,0.008042357,0.11144723,0.5341336131095886,0.3403519093990326,38.59854507446289,0.1214873269200325,0.04127431660890579,0.34855031967163086
599,0.42503833770751953,1e-04,0.10921017,121.20033,0.012392071,0.008025813,0.111319676,0.5326834917068481,0.3394211530685425,38.49226379394531,0.12083224207162857,0.04102569445967674,0.3476093113422394
600,0.42421501874923706,1e-04,0.109079465,121.08565,0.012363701,0.008009292,0.11119218,0.5312348008155823,0.33848679065704346,38.38557052612305,0.12017645686864853,0.04077703878283501,0.34666475653648376
601,0.42339372634887695,1e-04,0.108949006,120.97111,0.012335418,0.007992813,0.111064926,0.529787003993988,0.33754897117614746,38.27847671508789,0.11952006071805954,0.040528375655412674,0.3457167446613312
602,0.42257413268089294,1e-04,0.108818725,120.856705,0.012307204,0.007976371,0.11093784,0.528340220451355,0.33660784363746643,38.17100524902344,0.11886320263147354,0.04027979448437691,0.34476542472839355
603,0.4217560887336731,1e-04,0.1086886,120.74239,0.012279058,0.007959962,0.11081091,0.5268945097923279,0.3356633484363556,38.06314468383789,0.11820587515830994,0.04003125801682472,0.3438108265399933
604,0.420939564704895,1e-04,0.10855863,120.6282,0.012250978,0.007943587,0.110684134,0.5254499912261963,0.3347156345844269,37.95491027832031,0.1175481379032135,0.0397828035056591,0.34285295009613037
605,0.4201248288154602,1e-04,0.10842884,120.514145,0.01222297,0.007927251,0.11055754,0.5240065455436707,0.3337646722793579,37.84630584716797,0.11689005047082901,0.03953446075320244,0.3418918550014496
606,0.4193114638328552,1e-04,0.10829918,120.40014,0.01219502,0.007910943,0.11043107,0.5225642919540405,0.33281055092811584,37.737335205078125,0.11623170226812363,0.03928624466061592,0.34092772006988525
607,0.41849973797798157,1e-04,0.10816969,120.28627,0.012167143,0.0078946715,0.11030477,0.5211232900619507,0.3318532705307007,37.62800216674805,0.11557302623987198,0.03903815895318985,0.33996033668518066
608,0.41768962144851685,1e-04,0.108040385,120.1725,0.0121393325,0.007878433,0.11017864,0.5196836590766907,0.330892950296402,37.518314361572266,0.11491421610116959,0.038790252059698105,0.3389900028705597
609,0.4168810546398163,1e-04,0.107911214,120.05884,0.012111584,0.007862227,0.11005264,0.5182453393936157,0.3299296796321869,37.408287048339844,0.11425528675317764,0.03854254260659218,0.33801668882369995
610,0.4160740077495575,1e-04,0.10778221,119.94532,0.012083911,0.00784606,0.10992684,0.5168085694313049,0.3289633095264435,37.297908782958984,0.11359623819589615,0.038295019418001175,0.33704042434692383
611,0.4152686297893524,1e-04,0.107653365,119.83187,0.012056297,0.007829924,0.109801166,0.5153732895851135,0.3279941976070404,37.18720626831055,0.11293723434209824,0.03804776445031166,0.33606135845184326
612,0.4144648015499115,1e-04,0.10752467,119.718544,0.012028752,0.00781382,0.10967567,0.513939380645752,0.32702210545539856,37.076168060302734,0.11227819323539734,0.037800729274749756,0.3350793719291687
613,0.41366249322891235,1e-04,0.10739615,119.605354,0.012001274,0.007797755,0.10955033,0.5125070810317993,0.3260471522808075,36.96479797363281,0.11161920428276062,0.03755396232008934,0.3340946137905121
614,0.41286176443099976,1e-04,0.107267804,119.49225,0.0119738635,0.0077817203,0.10942515,0.5110763907432556,0.3250695466995239,36.853118896484375,0.11096040159463882,0.0373074933886528,0.33310720324516296
615,0.41206252574920654,1e-04,0.107139595,119.37923,0.011946515,0.0077657187,0.109300114,0.5096474885940552,0.32408925890922546,36.74113082885742,0.11030178517103195,0.03706134483218193,0.33211714029312134
616,0.41126495599746704,1e-04,0.10701156,119.26634,0.011919237,0.0077497535,0.10917526,0.5082201361656189,0.32310622930526733,36.62882614135742,0.10964334011077881,0.036815494298934937,0.33112436532974243
617,0.41046881675720215,1e-04,0.10688366,119.15357,0.011892019,0.007733818,0.109050535,0.5067946910858154,0.322120726108551,36.516231536865234,0.10898526757955551,0.036570027470588684,0.3301291763782501
618,0.4096742868423462,1e-04,0.106755964,119.04092,0.011864873,0.007717922,0.108926,0.5053709745407104,0.3211326003074646,36.40333938598633,0.1083274856209755,0.036324914544820786,0.32913142442703247
619,0.4088813066482544,1e-04,0.10662841,118.92839,0.011837791,0.0077020554,0.10880161,0.5039491653442383,0.32014200091362,36.2901611328125,0.10767009854316711,0.03608018532395363,0.32813122868537903
620,0.408089816570282,1e-04,0.106501,118.815926,0.011810771,0.0076862234,0.10867737,0.5025292634963989,0.319148987531662,36.17669677734375,0.10701314359903336,0.03583585098385811,0.32712864875793457
621,0.4072999358177185,1e-04,0.10637379,118.70361,0.011783822,0.0076704263,0.10855331,0.5011113882064819,0.31815364956855774,36.06297302246094,0.10635673999786377,0.0355919785797596,0.32612380385398865
622,0.406511515378952,1e-04,0.10624671,118.591385,0.011756935,0.007654662,0.1084294,0.4996955692768097,0.31715601682662964,35.948978424072266,0.10570090264081955,0.03534853830933571,0.32511675357818604
623,0.40572479367256165,1e-04,0.1061198,118.47926,0.011730113,0.0076389303,0.10830565,0.4982817471027374,0.3161560893058777,35.834720611572266,0.1050456240773201,0.03510556370019913,0.32410743832588196
624,0.4049395024776459,1e-04,0.105993055,118.36727,0.011703357,0.0076232324,0.10818206,0.4968700110912323,0.31515398621559143,35.720211029052734,0.10439100861549377,0.034863073378801346,0.32309597730636597
625,0.4041557013988495,1e-04,0.105866455,118.25539,0.011676667,0.007607568,0.10805863,0.49546054005622864,0.31414976716041565,35.6054573059082,0.10373713821172714,0.034621089696884155,0.3220824897289276
626,0.40337345004081726,1e-04,0.10574003,118.14362,0.011650041,0.007591938,0.107935354,0.49405333399772644,0.3131434917449951,35.49045944213867,0.10308399796485901,0.03437962755560875,0.3210669755935669
627,0.40259280800819397,1e-04,0.105613776,118.031975,0.01162348,0.007576342,0.10781225,0.49264833331108093,0.3121351897716522,35.37522888183594,0.10243167728185654,0.03413870930671692,0.3200494945049286
628,0.4018135964870453,1e-04,0.10548766,117.920425,0.011596983,0.007560778,0.10768929,0.4912455976009369,0.31112489104270935,35.259765625,0.10178017616271973,0.033898334950208664,0.3190300464630127
629,0.40103596448898315,1e-04,0.10536174,117.809,0.011570552,0.007545247,0.107566506,0.4898451864719391,0.31011274456977844,35.14409255981445,0.10112965106964111,0.033658549189567566,0.3180088996887207
630,0.40025970339775085,1e-04,0.10523596,117.69767,0.0115441885,0.0075297514,0.107443884,0.4884473383426666,0.3090987503528595,35.028202056884766,0.10048007220029831,0.03341935575008392,0.3169859051704407
631,0.39948514103889465,1e-04,0.105110355,117.58643,0.011517884,0.0075142854,0.107321404,0.4870518147945404,0.30808302760124207,34.912105560302734,0.09983149915933609,0.033180780708789825,0.31596124172210693
632,0.3987119495868683,1e-04,0.104984894,117.47533,0.011491644,0.007498853,0.10719909,0.4856588542461395,0.30706551671028137,34.795806884765625,0.09918399900197983,0.03294283151626587,0.3149349093437195
633,0.3979403078556061,1e-04,0.10485961,117.36432,0.01146547,0.0074834554,0.107076935,0.48426851630210876,0.3060464560985565,34.6793212890625,0.0985376238822937,0.03270554170012474,0.31390702724456787
634,0.39717021584510803,1e-04,0.10473448,117.25347,0.011439363,0.0074680927,0.106954955,0.48288074135780334,0.30502578616142273,34.562652587890625,0.0978924036026001,0.03246890753507614,0.3128776252269745
635,0.39640164375305176,1e-04,0.10460951,117.1427,0.011413315,0.0074527604,0.10683312,0.4814956784248352,0.30400368571281433,34.4458122253418,0.09724847227334976,0.03223298490047455,0.31184688210487366
636,0.3956345319747925,1e-04,0.104484715,117.03204,0.011387331,0.007437461,0.10671144,0.4801132380962372,0.302979975938797,34.32878875732422,0.09660571068525314,0.03199772536754608,0.31081458926200867
637,0.394868940114975,1e-04,0.10436007,116.92151,0.011361414,0.007422196,0.106589936,0.47873368859291077,0.301954984664917,34.21162033081055,0.09596434235572815,0.031763214617967606,0.30978113412857056
638,0.39410486817359924,1e-04,0.10423559,116.8111,0.011335557,0.0074069635,0.10646857,0.4773567318916321,0.30092862248420715,34.09428405761719,0.09532430022954941,0.03152943029999733,0.308746337890625
639,0.39334219694137573,1e-04,0.10411126,116.700806,0.011309766,0.007391763,0.10634738,0.4759826958179474,0.2999011278152466,33.976806640625,0.09468571096658707,0.03129640966653824,0.3077104389667511
640,0.392581045627594,1e-04,0.10398712,116.59062,0.011284038,0.0073765973,0.106226355,0.4746116101741791,0.29887235164642334,33.85919189453125,0.09404858201742172,0.031064152717590332,0.30667340755462646
641,0.39182141423225403,1e-04,0.10386312,116.48049,0.011258372,0.0073614614,0.10610548,0.47324347496032715,0.29784250259399414,33.7414436340332,0.09341295808553696,0.030832679942250252,0.30563533306121826
642,0.39106327295303345,1e-04,0.1037393,116.37058,0.011232772,0.007346363,0.10598477,0.4718782603740692,0.2968114912509918,33.62356185913086,0.09277886152267456,0.030601993203163147,0.3045962154865265
643,0.39030662178993225,1e-04,0.10361563,116.26074,0.011207231,0.0073312935,0.10586421,0.47051605582237244,0.29577958583831787,33.50557327270508,0.09214641898870468,0.030372148379683495,0.30355629324913025
644,0.3895513713359833,1e-04,0.103492126,116.15102,0.011181757,0.007316259,0.105743825,0.46915698051452637,0.2947467267513275,33.38747024536133,0.09151560813188553,0.030143126845359802,0.3025154769420624
645,0.38879773020744324,1e-04,0.10336877,116.04144,0.011156345,0.007301259,0.1056236,0.46780094504356384,0.29371288418769836,33.26925277709961,0.0908864364027977,0.02991492487490177,0.3014737665653229
646,0.3880455195903778,1e-04,0.10324559,115.93192,0.011130994,0.0072862874,0.10550353,0.466448038816452,0.2926783263683319,33.15095138549805,0.09025904536247253,0.029687605798244476,0.30043143033981323
647,0.3872947096824646,1e-04,0.10312257,115.822525,0.011105708,0.007271349,0.10538362,0.4650983512401581,0.29164302349090576,33.03255081176758,0.08963342756032944,0.029461152851581573,0.29938840866088867
648,0.3865453898906708,1e-04,0.102999724,115.71326,0.011080482,0.007256444,0.10526387,0.463751882314682,0.2906070649623871,32.91408157348633,0.08900965005159378,0.0292356014251709,0.29834485054016113
649,0.38579753041267395,1e-04,0.102877036,115.60413,0.011055323,0.007241574,0.1051443,0.46240881085395813,0.28957048058509827,32.795536041259766,0.08838775008916855,0.02901095151901245,0.297300785779953
650,0.38505128026008606,1e-04,0.10275448,115.49508,0.011030219,0.007226732,0.105024844,0.46106889843940735,0.28853335976600647,32.67692184448242,0.08776775747537613,0.028787216171622276,0.29625624418258667
651,0.3843063414096832,1e-04,0.10263212,115.38616,0.011005181,0.0072119245,0.10490558,0.45973244309425354,0.28749582171440125,32.55825424194336,0.08714974671602249,0.028564423322677612,0.2952113449573517
652,0.3835628926753998,1e-04,0.10250994,115.27736,0.010980209,0.0071971524,0.10478649,0.45839932560920715,0.28645777702331543,32.43952941894531,0.08653368800878525,0.028342561796307564,0.29416608810424805
653,0.3828209340572357,1e-04,0.1023879,115.168686,0.0109552955,0.0071824105,0.104667544,0.45706966519355774,0.28541943430900574,32.32075881958008,0.08591968566179276,0.028121665120124817,0.2931205928325653
654,0.38208043575286865,1e-04,0.102266006,115.06013,0.010930441,0.0071676993,0.10454875,0.4557434916496277,0.2843807637691498,32.20195388793945,0.08530775457620621,0.027901729568839073,0.29207491874694824
655,0.3813413977622986,1e-04,0.10214429,114.951675,0.010905651,0.0071530226,0.104430124,0.4544205367565155,0.2833421528339386,32.08314895629883,0.08469808101654053,0.02768283151090145,0.29102933406829834
656,0.3806033432483673,1e-04,0.10202267,114.84328,0.010880908,0.007138368,0.10431159,0.45310139656066895,0.282303124666214,31.96429443359375,0.08409044146537781,0.027464881539344788,0.28998351097106934
657,0.37986719608306885,1e-04,0.10190128,114.73506,0.010856241,0.0071237558,0.104193285,0.4517858922481537,0.2812640964984894,31.845434188842773,0.08348502963781357,0.027247950434684753,0.2889377474784851
658,0.379132479429245,1e-04,0.10178006,114.62699,0.010831638,0.007109176,0.104075156,0.4504739046096802,0.2802249789237976,31.7265567779541,0.08288180083036423,0.027032017707824707,0.2878919839859009
659,0.37839919328689575,1e-04,0.10165899,114.51899,0.010807092,0.007094626,0.10395717,0.4491656422615051,0.279185950756073,31.60768699645996,0.08228088170289993,0.02681712992489338,0.28684642910957336
660,0.3776673674583435,1e-04,0.101538084,114.41113,0.01078261,0.0070801093,0.103839345,0.44786107540130615,0.2781470715999603,31.48883056640625,0.08168229460716248,0.026603294536471367,0.28580114245414734
661,0.37693697214126587,1e-04,0.10141737,114.30339,0.010758189,0.0070656263,0.103721686,0.4465601444244385,0.2771083414554596,31.369985580444336,0.08108603209257126,0.026390502229332924,0.2847560942173004
662,0.37620794773101807,1e-04,0.10129678,114.19573,0.010733827,0.007051172,0.10360418,0.4452630877494812,0.27606984972953796,31.25116539001465,0.08049216121435165,0.026178771629929543,0.28371140360832214
663,0.3754804730415344,1e-04,0.10117639,114.08825,0.010709529,0.0070367535,0.10348685,0.4439697563648224,0.275031715631485,31.132383346557617,0.07990074902772903,0.025968139991164207,0.28266721963882446
664,0.37475430965423584,1e-04,0.10105614,113.98084,0.010685288,0.0070223627,0.10336967,0.4426802694797516,0.27399399876594543,31.013635635375977,0.0793117806315422,0.02575857937335968,0.2816234827041626
665,0.37402960658073425,1e-04,0.100936055,113.87359,0.010661112,0.007008009,0.103252664,0.44139477610588074,0.2729567289352417,30.894943237304688,0.07872533053159714,0.025550127029418945,0.2805803418159485
666,0.37330642342567444,1e-04,0.10081613,113.766426,0.010636992,0.0069936835,0.103135794,0.4401129484176636,0.27191996574401855,30.776304244995117,0.07814139872789383,0.025342777371406555,0.2795378267765045
667,0.3725844919681549,1e-04,0.10069637,113.65942,0.010612936,0.006979392,0.1030191,0.4388352036476135,0.2708836793899536,30.65771484375,0.07755997776985168,0.02513653039932251,0.2784959077835083
668,0.3718641698360443,1e-04,0.100576796,113.552505,0.010588941,0.0069651315,0.102902584,0.4375613331794739,0.26984819769859314,30.539209365844727,0.07698120921850204,0.024931425228714943,0.2774548828601837
669,0.3711451292037964,1e-04,0.100457355,113.445724,0.010565002,0.0069509028,0.1027862,0.43629148602485657,0.2688133418560028,30.4207706451416,0.07640504091978073,0.02472744695842266,0.2764146029949188
670,0.37042757868766785,1e-04,0.10033808,113.33904,0.010541126,0.0069367043,0.102669984,0.4350256025791168,0.2677792012691498,30.302419662475586,0.07583151012659073,0.02452460490167141,0.27537521719932556
671,0.36971142888069153,1e-04,0.10021899,113.23249,0.010517312,0.00692254,0.10255395,0.4337637722492218,0.2667459547519684,30.184158325195312,0.075260691344738,0.02432292141020298,0.2743368148803711
672,0.36899664998054504,1e-04,0.100100055,113.12606,0.010493557,0.006908409,0.10243806,0.4325059652328491,0.2657136023044586,30.065994262695312,0.07469254732131958,0.024122387170791626,0.27329936623573303
673,0.3682832717895508,1e-04,0.099981286,113.01975,0.0104698595,0.0068943063,0.10232233,0.43125230073928833,0.26468220353126526,29.947938919067383,0.0741271898150444,0.023923026397824287,0.2722630798816681
674,0.36757132411003113,1e-04,0.09986264,112.913536,0.010446219,0.0068802326,0.102206744,0.43000268936157227,0.2636518180370331,29.829992294311523,0.0735645517706871,0.023724829778075218,0.2712278664112091
675,0.3668607771396637,1e-04,0.09974421,112.80748,0.010422645,0.0068661952,0.10209136,0.4287572503089905,0.26262250542640686,29.712167739868164,0.07300474494695663,0.023527825251221657,0.2701939046382904
676,0.3661516308784485,1e-04,0.09962592,112.70154,0.010399126,0.0068521886,0.101976104,0.42751598358154297,0.26159438490867615,29.594467163085938,0.0724477544426918,0.02333199977874756,0.269161194562912
677,0.3654438853263855,1e-04,0.09950781,112.5957,0.010375669,0.006838213,0.10186103,0.42627885937690735,0.26056745648384094,29.476903915405273,0.071893610060215,0.023137370124459267,0.268129825592041
678,0.36473754048347473,1e-04,0.09938984,112.489975,0.010352269,0.0068242666,0.1017461,0.4250459671020508,0.259541779756546,29.359479904174805,0.07134232670068741,0.022943934425711632,0.26709985733032227
679,0.3640325665473938,1e-04,0.09927205,112.38441,0.010328929,0.0068103545,0.101631336,0.42381739616394043,0.25851741433143616,29.242202758789062,0.07079395651817322,0.022751713171601295,0.2660713493824005
680,0.36332908272743225,1e-04,0.09915442,112.27889,0.010305649,0.0067964713,0.10151674,0.4225929379463196,0.2574945092201233,29.125083923339844,0.07024852186441422,0.022560706362128258,0.2650443911552429
681,0.3626268208026886,1e-04,0.09903695,112.17358,0.010282426,0.0067826225,0.1014023,0.4213728606700897,0.2564730644226074,29.008132934570312,0.069706030189991,0.022370921447873116,0.2640189826488495
682,0.3619261085987091,1e-04,0.09891965,112.06834,0.010259263,0.006768803,0.10128802,0.42015698552131653,0.25545310974121094,28.89134407043457,0.06916650384664536,0.022182345390319824,0.26299524307250977
683,0.3612266480922699,1e-04,0.098802514,111.96326,0.010236161,0.0067550167,0.101173915,0.4189454913139343,0.2544347941875458,28.774736404418945,0.06862998753786087,0.021995017305016518,0.2619732618331909
684,0.3605286478996277,1e-04,0.09868555,111.858284,0.010213117,0.00674126,0.101059966,0.41773831844329834,0.25341796875,28.658302307128906,0.06809643656015396,0.021808898076415062,0.2609529495239258
685,0.3598320484161377,1e-04,0.09856872,111.753426,0.010190128,0.0067275343,0.100946166,0.41653546690940857,0.2524029314517975,28.542062759399414,0.06756594032049179,0.02162403054535389,0.2599344849586487
686,0.3591367304325104,1e-04,0.09845208,111.64867,0.010167201,0.00671384,0.10083254,0.4153370261192322,0.25138965249061584,28.4260196685791,0.06703849881887436,0.021440401673316956,0.2589179277420044
687,0.35844284296035767,1e-04,0.09833559,111.54403,0.010144328,0.006700176,0.10071906,0.4141428768634796,0.2503781318664551,28.3101806640625,0.06651410460472107,0.021258017048239708,0.2579032778739929
688,0.3577503263950348,1e-04,0.09821928,111.43957,0.01012152,0.006686545,0.10060576,0.4129531979560852,0.24936848878860474,28.194543838500977,0.0659928023815155,0.021076872944831848,0.2568906545639038
689,0.35705918073654175,1e-04,0.09810312,111.3352,0.010098766,0.0066729444,0.10049261,0.4117678999900818,0.24836082756519318,28.079133987426758,0.06547463685274124,0.020896999165415764,0.25588011741638184
690,0.3563693165779114,1e-04,0.09798714,111.23096,0.010076069,0.006659373,0.10037962,0.41058704257011414,0.2473551481962204,27.963945388793945,0.0649595856666565,0.020718375220894814,0.2548716962337494
691,0.355680912733078,1e-04,0.0978713,111.12683,0.010053433,0.0066458345,0.10026681,0.40941065549850464,0.2463514357805252,27.84897804260254,0.06444764882326126,0.020541002973914146,0.25386542081832886
692,0.3549938201904297,1e-04,0.09775563,111.02282,0.010030851,0.006632325,0.10015413,0.4082386791706085,0.24534983932971954,27.734251022338867,0.06393887102603912,0.02036489173769951,0.2528613805770874
693,0.3543080985546112,1e-04,0.09764014,110.91894,0.0100083295,0.006618847,0.100041635,0.4070711135864258,0.24435031414031982,27.6197566986084,0.0634332150220871,0.020190028473734856,0.25185951590538025
694,0.35362377762794495,1e-04,0.0975248,110.81518,0.009985864,0.0066054007,0.099929295,0.4059080481529236,0.24335306882858276,27.50551414489746,0.06293078511953354,0.020016448572278023,0.2508600950241089
695,0.35294073820114136,1e-04,0.09740964,110.711525,0.0099634575,0.006591983,0.09981712,0.4047495424747467,0.2423580139875412,27.39151954650879,0.06243152543902397,0.01984412781894207,0.24986301362514496
696,0.3522591292858124,1e-04,0.09729463,110.60801,0.009941108,0.0065785977,0.0997051,0.403595507144928,0.24136529862880707,27.27779197692871,0.06193548068404198,0.019673071801662445,0.2488684058189392
697,0.35157883167266846,1e-04,0.09717978,110.50462,0.0099188145,0.0065652435,0.099593244,0.4024459719657898,0.24037496745586395,27.16432762145996,0.06144265457987785,0.019503295421600342,0.24787628650665283
698,0.350899875164032,1e-04,0.097065106,110.401375,0.009896579,0.0065519204,0.09948155,0.40130093693733215,0.23938699066638947,27.05113410949707,0.060953039675951004,0.01933477818965912,0.2468867003917694
699,0.35022231936454773,1e-04,0.09695058,110.29821,0.009874401,0.006538626,0.09937002,0.40016043186187744,0.23840148746967316,26.938217163085938,0.06046667322516441,0.01916753686964512,0.2458997219800949
700,0.34954604506492615,1e-04,0.096836224,110.19519,0.00985228,0.0065253624,0.099258654,0.39902442693710327,0.23741848766803741,26.825586318969727,0.05998355150222778,0.019001564010977745,0.24491539597511292
701,0.3488710820674896,1e-04,0.096722044,110.09228,0.009830213,0.006512128,0.09914743,0.39789295196533203,0.2364380806684494,26.713241577148438,0.05950367450714111,0.018836868926882744,0.2439337521791458
702,0.3481975197792053,1e-04,0.09660803,109.98957,0.00980821,0.00649893,0.0990364,0.3967660665512085,0.23546023666858673,26.6011905670166,0.059027064591646194,0.01867343857884407,0.24295486509799957
703,0.3475252389907837,1e-04,0.09649415,109.88689,0.009786254,0.006485756,0.09892549,0.3956437110900879,0.23448503017425537,26.48943519592285,0.05855371430516243,0.018511274829506874,0.2419787496328354
704,0.34685438871383667,1e-04,0.096380465,109.784355,0.009764358,0.006472614,0.09881477,0.3945258855819702,0.23351263999938965,26.378000259399414,0.058083683252334595,0.018350405618548393,0.2410055696964264
705,0.34618473052978516,1e-04,0.096266925,109.681984,0.009742522,0.0064595044,0.09870421,0.393412709236145,0.23254291713237762,26.26686668395996,0.05761690065264702,0.018190791830420494,0.24003520607948303
706,0.34551653265953064,1e-04,0.09615355,109.579704,0.009720738,0.0064464235,0.0985938,0.3923039734363556,0.23157595098018646,26.156044006347656,0.05715338885784149,0.018032437190413475,0.23906774818897247
707,0.3448496162891388,1e-04,0.09604036,109.47754,0.009699012,0.006433372,0.09848356,0.39119982719421387,0.2306118756532669,26.045547485351562,0.056693185120821,0.017875364050269127,0.23810330033302307
708,0.344184011220932,1e-04,0.095927306,109.375534,0.009677342,0.006420351,0.09837348,0.39010027050971985,0.22965069115161896,25.935380935668945,0.05623629316687584,0.017719561234116554,0.2371419221162796
709,0.3435197174549103,1e-04,0.095814444,109.27363,0.009655729,0.006407362,0.09826357,0.38900521397590637,0.2286924570798874,25.825546264648438,0.05578269436955452,0.01756502501666546,0.23618359863758087
710,0.34285667538642883,1e-04,0.09570173,109.17187,0.009634169,0.006394401,0.0981538,0.3879148066043854,0.2277371734380722,25.71604347229004,0.05533239617943764,0.017411747947335243,0.23522838950157166
711,0.3421950936317444,1e-04,0.09558917,109.07019,0.009612666,0.0063814702,0.09804421,0.3868289589881897,0.22678492963314056,25.606887817382812,0.054885417222976685,0.017259739339351654,0.23427636921405792
712,0.34153473377227783,1e-04,0.0954768,108.968704,0.009591222,0.0063685724,0.09793478,0.3857475817203522,0.22583575546741486,25.498083114624023,0.05444173887372017,0.017108989879488945,0.23332753777503967
713,0.34087568521499634,1e-04,0.09536457,108.867294,0.009569828,0.0063557,0.0978255,0.3846708834171295,0.22488968074321747,25.38962745666504,0.05400137975811958,0.016959501430392265,0.23238196969032288
714,0.3402180075645447,1e-04,0.095252514,108.76605,0.009548495,0.0063428613,0.0977164,0.3835986256599426,0.2239467054605484,25.281518936157227,0.053564298897981644,0.016811257228255272,0.23143962025642395
715,0.3395615518093109,1e-04,0.09514061,108.66487,0.009527211,0.006330051,0.097607434,0.3825310468673706,0.22300691902637482,25.17377471923828,0.05313054099678993,0.01666427217423916,0.23050063848495483
716,0.33890649676322937,1e-04,0.095028885,108.56386,0.009505986,0.006317269,0.09749865,0.3814679980278015,0.22207045555114746,25.06640625,0.052700117230415344,0.016518546268343925,0.22956505417823792
717,0.3382526636123657,1e-04,0.09491732,108.463005,0.009484818,0.0063045216,0.09739003,0.38040947914123535,0.2211371809244156,24.959402084350586,0.0522729866206646,0.01637406460940838,0.2286328673362732
718,0.3376002013683319,1e-04,0.09480592,108.36224,0.009463703,0.0062918006,0.09728157,0.3793555200099945,0.22020725905895233,24.8527774810791,0.05184916779398918,0.016230829060077667,0.22770412266254425
719,0.3369489908218384,1e-04,0.09469468,108.2616,0.009442641,0.0062791095,0.09717325,0.378306120634079,0.21928060054779053,24.74652099609375,0.05142864212393761,0.016088830307126045,0.22677883505821228
720,0.3362990915775299,1e-04,0.094583616,108.16108,0.009421636,0.0062664477,0.09706511,0.3772611618041992,0.21835732460021973,24.640653610229492,0.051011402159929276,0.015948066487908363,0.22585703432559967
721,0.3356504440307617,1e-04,0.0944727,108.06069,0.009400683,0.006253816,0.096957125,0.37622085213661194,0.2174375057220459,24.535171508789062,0.05059747025370598,0.015808535739779472,0.22493880987167358
722,0.33500316739082336,1e-04,0.09436197,107.960434,0.00937979,0.006241215,0.096849315,0.3751850724220276,0.21652118861675262,24.430089950561523,0.0501868762075901,0.015670252963900566,0.22402428090572357
723,0.3343571424484253,1e-04,0.09425138,107.86029,0.009358947,0.006228642,0.096741654,0.3741537630558014,0.21560828387737274,24.325395584106445,0.049779534339904785,0.015533185563981533,0.2231132835149765
724,0.3337123990058899,1e-04,0.09414096,107.76031,0.009338162,0.0062161004,0.096634164,0.3731268644332886,0.21469883620738983,24.221094131469727,0.049375444650650024,0.015397327952086926,0.22220586240291595
725,0.33306884765625,1e-04,0.0940307,107.66039,0.009317426,0.006203586,0.09652682,0.37210458517074585,0.21379292011260986,24.117197036743164,0.04897462949156761,0.015262692235410213,0.2213021218776703
726,0.33242669701576233,1e-04,0.093920626,107.56061,0.009296745,0.0061910986,0.09641963,0.37108683586120605,0.21289075911045074,24.013723373413086,0.04857717081904411,0.015129287727177143,0.2204023003578186
727,0.33178579807281494,1e-04,0.0938107,107.461,0.009276124,0.006178646,0.096312635,0.370073527097702,0.2119920253753662,23.9106388092041,0.04818287864327431,0.014997065998613834,0.21950598061084747
728,0.3311462104320526,1e-04,0.09370094,107.36151,0.009255552,0.0061662197,0.09620578,0.3690647482872009,0.21109707653522491,23.807985305786133,0.04779192805290222,0.014866073615849018,0.2186136543750763
729,0.33050787448883057,1e-04,0.09359133,107.26212,0.009235033,0.006153823,0.09609908,0.368060439825058,0.21020568907260895,23.705739974975586,0.04740417003631592,0.014736257493495941,0.2177249938249588
730,0.3298708200454712,1e-04,0.093481906,107.16289,0.009214571,0.0061414572,0.09599256,0.36706051230430603,0.20931808650493622,23.603919982910156,0.04701969027519226,0.014607653021812439,0.2168402373790741
731,0.3292349874973297,1e-04,0.093372636,107.063774,0.00919416,0.0061291195,0.09588618,0.366065114736557,0.20843420922756195,23.502527236938477,0.04663844406604767,0.014480233192443848,0.2159593552350998
732,0.3286004662513733,1e-04,0.093263544,106.964775,0.009173804,0.0061168117,0.09577998,0.36507412791252136,0.20755410194396973,23.40156364440918,0.04626043513417244,0.014354000799357891,0.21508239209651947
733,0.32796719670295715,1e-04,0.093154594,106.86593,0.009153501,0.0061045326,0.09567393,0.3640875518321991,0.20667774975299835,23.301023483276367,0.045885611325502396,0.0142289400100708,0.21420927345752716
734,0.3273352086544037,1e-04,0.09304579,106.7672,0.009133251,0.0060922834,0.095568046,0.363105446100235,0.20580528676509857,23.200929641723633,0.045514047145843506,0.014105063863098621,0.21334020793437958
735,0.3267044723033905,1e-04,0.092937194,106.6686,0.009113057,0.0060800626,0.09546233,0.3621276915073395,0.20493654906749725,23.10125732421875,0.045145630836486816,0.01398234348744154,0.2124750167131424
736,0.3260749578475952,1e-04,0.09282874,106.57012,0.009092912,0.0060678707,0.09535676,0.3611542880535126,0.20407171547412872,23.00203514099121,0.0447804220020771,0.013860784471035004,0.21161384880542755
737,0.3254466950893402,1e-04,0.09272045,106.471794,0.0090728225,0.0060557085,0.09525137,0.360185444355011,0.20321084558963776,22.903257369995117,0.04441841319203377,0.013740390539169312,0.21075676381587982
738,0.32481980323791504,1e-04,0.092612326,106.37357,0.009052784,0.0060435734,0.09514612,0.35922083258628845,0.202353835105896,22.804922103881836,0.04405955597758293,0.01362114679068327,0.20990368723869324
739,0.324194073677063,1e-04,0.09250436,106.27546,0.009032798,0.006031468,0.09504104,0.35826054215431213,0.20150069892406464,22.7070255279541,0.04370381310582161,0.013503025285899639,0.20905457437038422
740,0.3235695958137512,1e-04,0.09239656,106.177505,0.009012865,0.00601939,0.09493611,0.3573046624660492,0.20065152645111084,22.609580993652344,0.043351221829652786,0.013386055827140808,0.2082095593214035
741,0.3229464292526245,1e-04,0.09228892,106.07966,0.008992986,0.0060073426,0.094831355,0.3563529849052429,0.19980628788471222,22.512588500976562,0.04300174489617348,0.013270199298858643,0.2073686271905899
742,0.3223244249820709,1e-04,0.09218146,105.981926,0.008973158,0.005995322,0.094726756,0.3554057478904724,0.19896511733531952,22.41605567932129,0.042655427008867264,0.01315548736602068,0.20653189718723297
743,0.32170370221138,1e-04,0.092074156,105.88436,0.008953385,0.0059833326,0.09462233,0.35446271300315857,0.19812791049480438,22.319976806640625,0.042312175035476685,0.013041880913078785,0.20569923520088196
744,0.321084201335907,1e-04,0.091967,105.78689,0.008933659,0.005971369,0.094518036,0.35352399945259094,0.19729472696781158,22.2243595123291,0.041972022503614426,0.012929394841194153,0.20487074553966522
745,0.32046595215797424,1e-04,0.09186004,105.68958,0.008913991,0.0059594368,0.094413936,0.35258951783180237,0.1964656561613083,22.12920570373535,0.04163496196269989,0.012818011455237865,0.20404647290706635
746,0.3198489248752594,1e-04,0.09175321,105.592384,0.008894371,0.0059475307,0.09430997,0.3516593277454376,0.19564072787761688,22.03452491760254,0.04130098968744278,0.012707732617855072,0.20322644710540771
747,0.31923314929008484,1e-04,0.09164657,105.495346,0.008874807,0.0059356573,0.09420619,0.35073336958885193,0.19481973350048065,21.940298080444336,0.04097001627087593,0.012598534114658833,0.2024105191230774
748,0.31861862540245056,1e-04,0.09154009,105.398415,0.0088552935,0.0059238104,0.09410257,0.3498115837574005,0.1940029263496399,21.846542358398438,0.04064210504293442,0.012490428984165192,0.2015988677740097
749,0.3180053234100342,1e-04,0.09143375,105.301575,0.008835827,0.0059119877,0.09399908,0.34889402985572815,0.19319026172161102,21.753259658813477,0.040317222476005554,0.01238340139389038,0.20079149305820465
750,0.3173932135105133,1e-04,0.09132759,105.2049,0.008816415,0.0059001977,0.09389577,0.34798064827919006,0.19238168001174927,21.660446166992188,0.03999532014131546,0.012277446687221527,0.19998830556869507
751,0.3167823851108551,1e-04,0.09122159,105.10836,0.008797055,0.005888435,0.09379262,0.34707140922546387,0.19157733023166656,21.568115234375,0.039676446467638016,0.012172560207545757,0.1991894692182541
752,0.31617271900177,1e-04,0.09111575,105.011925,0.008777746,0.0058767,0.09368963,0.34616634249687195,0.19077706336975098,21.476247787475586,0.03936050459742546,0.012068718671798706,0.19839482009410858
753,0.3155643045902252,1e-04,0.091010086,104.915665,0.008758491,0.005864995,0.09358681,0.34526538848876953,0.18998093903064728,21.384857177734375,0.03904752805829048,0.011965930461883545,0.1976044774055481
754,0.3149571418762207,1e-04,0.09090458,104.81951,0.008739284,0.0058533167,0.09348414,0.3443685472011566,0.189189150929451,21.293954849243164,0.03873753175139427,0.011864197440445423,0.1968185305595398
755,0.3143511414527893,1e-04,0.090799205,104.72347,0.008720126,0.0058416654,0.09338161,0.3434757888317108,0.188401460647583,21.20352554321289,0.03843042626976967,0.011763484217226505,0.19603680074214935
756,0.3137463927268982,1e-04,0.09069403,104.62759,0.0087010255,0.0058300463,0.09327929,0.3425871431827545,0.18761801719665527,21.11358070373535,0.038126248866319656,0.011663809418678284,0.1952594369649887
757,0.313142865896225,1e-04,0.09058901,104.53182,0.00868197,0.005818452,0.09317709,0.34170249104499817,0.18683882057666779,21.024120330810547,0.037824973464012146,0.011565160006284714,0.19448643922805786
758,0.3125404715538025,1e-04,0.09048416,104.436195,0.008662969,0.0058068866,0.093075074,0.3408219516277313,0.18606388568878174,20.93514633178711,0.03752657771110535,0.01146752666682005,0.19371777772903442
759,0.31193938851356506,1e-04,0.09037946,104.34068,0.008644015,0.0057953475,0.092973195,0.33994537591934204,0.18529312312602997,20.846649169921875,0.037231024354696274,0.011370892636477947,0.192953422665596
760,0.31133943796157837,1e-04,0.09027492,104.24532,0.008625114,0.0057838405,0.092871495,0.3390728235244751,0.18452660739421844,20.758638381958008,0.03693830594420433,0.01127525046467781,0.192193403840065
761,0.31074076890945435,1e-04,0.09017054,104.15003,0.008606261,0.0057723545,0.092769936,0.33820417523384094,0.18376438319683075,20.67111587524414,0.03664842247962952,0.011180609464645386,0.19143778085708618
762,0.31014320254325867,1e-04,0.09006633,104.054955,0.008587462,0.005760903,0.092668556,0.33733952045440674,0.1830063909292221,20.584077835083008,0.036361340433359146,0.011086948215961456,0.19068649411201477
763,0.30954688787460327,1e-04,0.089962296,103.959946,0.008568712,0.005749476,0.09256733,0.3364787995815277,0.18225260078907013,20.497520446777344,0.03607702627778053,0.010994252748787403,0.18993952870368958
764,0.30895179510116577,1e-04,0.089858435,103.8651,0.0085500125,0.0057380786,0.09246628,0.33562201261520386,0.18150317668914795,20.411460876464844,0.03579551354050636,0.010902543552219868,0.18919701874256134
765,0.3083578646183014,1e-04,0.089754716,103.770386,0.008531364,0.005726709,0.092365384,0.3347691297531128,0.18075807392597198,20.325897216796875,0.035516757518053055,0.01081179454922676,0.1884589046239853
766,0.3077651262283325,1e-04,0.08965113,103.675766,0.008512759,0.0057153627,0.092264615,0.33392009139060974,0.1800171583890915,20.240812301635742,0.03524071350693703,0.01072198897600174,0.18772509694099426
767,0.30717360973358154,1e-04,0.08954776,103.58128,0.00849421,0.005704048,0.09216404,0.33307498693466187,0.1792805939912796,20.156221389770508,0.03496740385890007,0.0106331342831254,0.186995729804039
768,0.3065832853317261,1e-04,0.08944452,103.48693,0.008475707,0.005692758,0.092063606,0.33223357796669006,0.17854823172092438,20.072114944458008,0.03469676896929741,0.0105452174320817,0.18627068400382996
769,0.30599406361579895,1e-04,0.089341454,103.39276,0.008457257,0.005681499,0.09196335,0.33139610290527344,0.17782016098499298,19.98849868774414,0.03442879393696785,0.010458220727741718,0.18554997444152832
770,0.3054061532020569,1e-04,0.08923856,103.29869,0.008438856,0.0056702658,0.091863245,0.3305623531341553,0.17709648609161377,19.90538215637207,0.034163523465394974,0.010372161865234375,0.18483377993106842
771,0.3048193156719208,1e-04,0.08913582,103.20472,0.008420504,0.0056590596,0.0917633,0.32973241806030273,0.17637713253498077,19.82276153564453,0.0339009054005146,0.010287024080753326,0.1841219812631607
772,0.30423372983932495,1e-04,0.08903323,103.11091,0.0084021995,0.005647882,0.09166351,0.32890623807907104,0.17566199600696564,19.740629196166992,0.03364088758826256,0.010202780365943909,0.1834145188331604
773,0.30364930629730225,1e-04,0.08893083,103.01723,0.008383948,0.0056367316,0.0915639,0.32808372378349304,0.1749512404203415,19.65898895263672,0.03338348865509033,0.01011944655328989,0.18271149694919586
774,0.3030659854412079,1e-04,0.088828556,102.92367,0.008365741,0.005625606,0.09146442,0.32726502418518066,0.1742447167634964,19.577838897705078,0.033128660172224045,0.010036997497081757,0.18201279640197754
775,0.3024839162826538,1e-04,0.08872645,102.830246,0.00834758,0.0056145075,0.09136509,0.3264499604701996,0.1735425442457199,19.497182846069336,0.0328763946890831,0.009955438785254955,0.1813184916973114
776,0.30190303921699524,1e-04,0.08862453,102.73696,0.008329476,0.00560344,0.09126596,0.32563862204551697,0.17284469306468964,19.417022705078125,0.032626695930957794,0.009874762035906315,0.18062861263751984
777,0.3013233244419098,1e-04,0.08852275,102.643814,0.008311418,0.005592398,0.09116698,0.3248308598995209,0.1721511334180832,19.33735466003418,0.032379526644945145,0.009794949553906918,0.17994311451911926
778,0.3007447123527527,1e-04,0.08842114,102.55078,0.008293407,0.0055813817,0.09106815,0.3240267038345337,0.17146183550357819,19.258176803588867,0.032134853303432465,0.009716001339256763,0.1792619675397873
779,0.3001673221588135,1e-04,0.08831968,102.45789,0.008275445,0.005570394,0.09096947,0.3232262134552002,0.1707768440246582,19.17949104309082,0.03189266845583916,0.009637908078730106,0.17858518660068512
780,0.299591064453125,1e-04,0.08821841,102.36515,0.008257533,0.0055594337,0.09087097,0.3224292993545532,0.17009608447551727,19.101285934448242,0.03165293112397194,0.009560652077198029,0.17791271209716797
781,0.2990160286426544,1e-04,0.088117264,102.27248,0.008239665,0.005548497,0.0907726,0.3216359317302704,0.16941969096660614,19.023584365844727,0.0314156673848629,0.00948424357920885,0.1772446483373642
782,0.2984420955181122,1e-04,0.08801632,102.18,0.008221851,0.005537591,0.09067442,0.3208460807800293,0.1687476485967636,18.946382522583008,0.031180864199995995,0.009408674202859402,0.17658104002475739
783,0.2978692948818207,1e-04,0.087915525,102.08763,0.008204083,0.0055267112,0.090576395,0.3200598359107971,0.16807980835437775,18.869661331176758,0.03094845451414585,0.009333926253020763,0.1759217232465744
784,0.29729777574539185,1e-04,0.08781488,101.9954,0.008186364,0.0055158576,0.090478525,0.3192770481109619,0.1674162745475769,18.79343032836914,0.030718430876731873,0.00925999041646719,0.17526674270629883
785,0.2967272996902466,1e-04,0.08771441,101.90328,0.00816869,0.00550503,0.0903808,0.3184976875782013,0.1667570024728775,18.71769142150879,0.030490780249238014,0.009186864830553532,0.17461609840393066
786,0.29615798592567444,1e-04,0.087614104,101.81132,0.008151066,0.0054942295,0.09028325,0.31772181391716003,0.16610196232795715,18.64243507385254,0.030265474691987038,0.009114540182054043,0.17396974563598633
787,0.2955898344516754,1e-04,0.08751394,101.71947,0.008133488,0.005483456,0.09018585,0.31694939732551575,0.16545121371746063,18.567668914794922,0.030042508617043495,0.009043007157742977,0.1733277440071106
788,0.2950228452682495,1e-04,0.087413944,101.627754,0.008115959,0.00547271,0.09008862,0.31618037819862366,0.16480477154254913,18.493398666381836,0.029821885749697685,0.008972273208200932,0.17269013822078705
789,0.29445698857307434,1e-04,0.08731411,101.53619,0.008098477,0.0054619894,0.08999154,0.315414696931839,0.1641625165939331,18.41960906982422,0.02960352599620819,0.008902308531105518,0.17205674946308136
790,0.2938922345638275,1e-04,0.08721445,101.44474,0.008081042,0.0054512955,0.089894615,0.3146524131298065,0.16352447867393494,18.346303939819336,0.02938743866980076,0.008833113126456738,0.1714276522397995
791,0.2933286428451538,1e-04,0.08711493,101.35343,0.008063655,0.0054406286,0.08979786,0.31389352679252625,0.1628907173871994,18.27348518371582,0.02917361445724964,0.00876468326896429,0.17080284655094147
792,0.2927662134170532,1e-04,0.087015584,101.26225,0.008046316,0.0054299883,0.08970126,0.313137948513031,0.1622612327337265,18.20115852355957,0.02896205149590969,0.008697021752595901,0.17018240690231323
793,0.29220491647720337,1e-04,0.086916395,101.17118,0.00802902,0.005419372,0.0896048,0.312385618686676,0.16163583099842072,18.129302978515625,0.02875266969203949,0.008630097843706608,0.16956612467765808
794,0.29164475202560425,1e-04,0.08681737,101.08028,0.008011776,0.0054087862,0.089508526,0.31163662672042847,0.16101469099521637,18.057933807373047,0.02854549139738083,0.008563918992877007,0.16895410418510437
795,0.29108572006225586,1e-04,0.086718515,100.98948,0.007994578,0.0053982236,0.089412406,0.31089088320732117,0.1603977531194687,17.987045288085938,0.028340494260191917,0.008498471230268478,0.1683463454246521
796,0.2905277907848358,1e-04,0.0866198,100.89881,0.007977424,0.0053876867,0.08931643,0.3101484179496765,0.15978507697582245,17.916648864746094,0.028137685731053352,0.008433762937784195,0.16774292290210724
797,0.2899710536003113,1e-04,0.08652126,100.80829,0.007960319,0.0053771776,0.08922062,0.30940914154052734,0.15917649865150452,17.84671974182129,0.027936989441514015,0.008369767107069492,0.16714361310005188
798,0.2894153892993927,1e-04,0.08642288,100.71788,0.00794326,0.0053666933,0.08912496,0.30867305397987366,0.15857206284999847,17.777265548706055,0.027738405391573906,0.008306480944156647,0.16654850542545319
799,0.28886088728904724,1e-04,0.08632467,100.627625,0.007926247,0.0053562364,0.089029476,0.3079400956630707,0.15797178447246552,17.708290100097656,0.02754192054271698,0.008243903517723083,0.16595758497714996
800,0.28830745816230774,1e-04,0.0862266,100.5375,0.00790928,0.005345805,0.08893413,0.30721035599708557,0.157375767827034,17.639802932739258,0.027347559109330177,0.008182033896446228,0.16537097096443176
801,0.28775516152381897,1e-04,0.08612869,100.44752,0.00789236,0.0053354003,0.08883896,0.30648374557495117,0.15678393840789795,17.57179832458496,0.027155274525284767,0.008120864629745483,0.16478857398033142
802,0.28720396757125854,1e-04,0.08603096,100.35767,0.007875487,0.005325022,0.08874394,0.3057602643966675,0.15619611740112305,17.50425148010254,0.026964997872710228,0.008060368709266186,0.1642102301120758
803,0.28665393590927124,1e-04,0.085933365,100.26794,0.007858658,0.005314669,0.08864907,0.3050398528575897,0.15561243891716003,17.437179565429688,0.026776762679219246,0.008000551722943783,0.16363607347011566
804,0.2861050069332123,1e-04,0.08583594,100.178345,0.007841876,0.0053043426,0.08855437,0.30432260036468506,0.15503285825252533,17.370580673217773,0.026590531691908836,0.007941407151520252,0.16306602954864502
805,0.28555721044540405,1e-04,0.085738674,100.08889,0.007825139,0.005294041,0.08845981,0.3036082983016968,0.15445733070373535,17.304445266723633,0.026406267657876015,0.007882922887802124,0.1625000536441803
806,0.2850104570388794,1e-04,0.085641585,99.99955,0.00780845,0.005283765,0.088365436,0.3028968870639801,0.15388600528240204,17.238792419433594,0.02622402459383011,0.007825110107660294,0.16193833947181702
807,0.28446465730667114,1e-04,0.0855446,99.9103,0.0077917976,0.0052735102,0.088271156,0.3021886646747589,0.15331867337226868,17.17359733581543,0.026043705642223358,0.007767938077449799,0.1613806188106537
808,0.28392013907432556,1e-04,0.08544783,99.82123,0.007775198,0.0052632866,0.088177085,0.3014834225177765,0.15275533497333527,17.108861923217773,0.025865307077765465,0.007711408194154501,0.16082695126533508
809,0.2833767235279083,1e-04,0.08535118,99.7323,0.007758642,0.005253087,0.088083155,0.3007811903953552,0.15219606459140778,17.044593811035156,0.02568882144987583,0.007655517663806677,0.1602773219347
810,0.282834529876709,1e-04,0.08525473,99.643486,0.007742134,0.0052429135,0.0879894,0.30008190870285034,0.15164081752300262,16.980789184570312,0.02551424317061901,0.007600255776196718,0.15973179042339325
811,0.28229331970214844,1e-04,0.08515843,99.55483,0.007725672,0.0052327667,0.0878958,0.2993854880332947,0.15108951926231384,16.917436599731445,0.025341525673866272,0.007545617874711752,0.15919022262096405
812,0.28175321221351624,1e-04,0.08506228,99.46631,0.007709253,0.005222645,0.08780235,0.2986920475959778,0.1505422741174698,16.85454750061035,0.02517067641019821,0.007491597905755043,0.15865269303321838
813,0.28121423721313477,1e-04,0.084966294,99.37787,0.0076928777,0.0052125454,0.087709054,0.29800140857696533,0.1499989926815033,16.792118072509766,0.02500166930258274,0.007438190281391144,0.15811915695667267
814,0.2806762754917145,1e-04,0.08487048,99.28961,0.00767655,0.0052024764,0.08761592,0.29731371998786926,0.14945955574512482,16.730127334594727,0.02483445405960083,0.0073853749781847,0.15758951008319855
815,0.2801395058631897,1e-04,0.0847748,99.201454,0.007660265,0.0051924293,0.08752294,0.2966288626194,0.14892424643039703,16.668611526489258,0.024669090285897255,0.007333172019571066,0.15706397593021393
816,0.2796038091182709,1e-04,0.084679306,99.11346,0.007644027,0.005182409,0.08743013,0.29594677686691284,0.14839281141757965,16.607542037963867,0.02450549602508545,0.007281556725502014,0.1565423160791397
817,0.27906912565231323,1e-04,0.08458396,99.02559,0.007627834,0.0051724142,0.08733747,0.29526758193969727,0.14786523580551147,16.54691505432129,0.024343661963939667,0.007230523973703384,0.15602456033229828
818,0.2785356044769287,1e-04,0.08448877,98.93784,0.0076116836,0.0051624444,0.087244965,0.29459115862846375,0.14734162390232086,16.486745834350586,0.024183595553040504,0.007180073764175177,0.15551075339317322
819,0.27800312638282776,1e-04,0.08439374,98.85023,0.007595577,0.0051524984,0.08715261,0.2939175069332123,0.14682193100452423,16.42702293395996,0.024025266990065575,0.00713019585236907,0.15500086545944214
820,0.27747175097465515,1e-04,0.084298864,98.762764,0.007579516,0.0051425793,0.087060414,0.2932465970516205,0.14630599319934845,16.36773681640625,0.023868629708886147,0.007080876734107733,0.1544947624206543
821,0.2769414782524109,1e-04,0.08420415,98.67541,0.0075634983,0.0051326836,0.08696838,0.29257839918136597,0.14579398930072784,16.30889892578125,0.02371370792388916,0.007032123859971762,0.15399256348609924
822,0.2764122188091278,1e-04,0.084109604,98.5882,0.0075475266,0.0051228153,0.086876504,0.2919130027294159,0.14528582990169525,16.250505447387695,0.023560479283332825,0.006983925122767687,0.1534942388534546
823,0.27588412165641785,1e-04,0.08401521,98.50112,0.0075315987,0.005112971,0.08678478,0.29125022888183594,0.1447814255952835,16.192541122436523,0.02340889535844326,0.006936270743608475,0.1529996544122696
824,0.27535706758499146,1e-04,0.08392097,98.41418,0.0075157126,0.005103151,0.08669321,0.29059016704559326,0.14428089559078217,16.13502311706543,0.02325897477567196,0.006889163050800562,0.1525089293718338
825,0.274831086397171,1e-04,0.0838269,98.327385,0.0074998713,0.0050933557,0.086601794,0.2899327278137207,0.14378409087657928,16.07793617248535,0.02311067096889019,0.006842585746198893,0.15202194452285767
826,0.27430611848831177,1e-04,0.08373298,98.24066,0.0074840724,0.0050835847,0.08651053,0.28927794098854065,0.14329107105731964,16.021284103393555,0.02296399511396885,0.006796541158109903,0.15153875946998596
827,0.27378225326538086,1e-04,0.083639205,98.15413,0.007468318,0.0050738393,0.08641943,0.2886258065700531,0.14280188083648682,15.965069770812988,0.022818928584456444,0.006751025561243296,0.1510593593120575
828,0.2732594907283783,1e-04,0.0835456,98.067726,0.007452608,0.0050641196,0.08632849,0.2879762351512909,0.1423163264989853,15.909274101257324,0.022675422951579094,0.006706021726131439,0.15058360993862152
829,0.2727377414703369,1e-04,0.08345216,97.98145,0.007436942,0.005054423,0.086237706,0.2873292565345764,0.1418345719575882,15.85391616821289,0.022533506155014038,0.0066615380346775055,0.15011164546012878
830,0.2722170948982239,1e-04,0.08335887,97.8953,0.007421317,0.005044753,0.08614707,0.28668487071990967,0.1413564383983612,15.798975944519043,0.022393113002181053,0.006617553532123566,0.14964328706264496
831,0.2716974914073944,1e-04,0.083265744,97.80927,0.007405736,0.005035106,0.08605658,0.28604304790496826,0.14088207483291626,15.744468688964844,0.022254282608628273,0.006574075203388929,0.14917869865894318
832,0.2711789608001709,1e-04,0.08317276,97.723404,0.0073902,0.005025486,0.085966274,0.28540366888046265,0.14041130244731903,15.690376281738281,0.022116942331194878,0.006531089078634977,0.14871765673160553
833,0.27066147327423096,1e-04,0.08307997,97.63765,0.0073747053,0.0050158873,0.08587611,0.2847668528556824,0.13994412124156952,15.636693000793457,0.02198108471930027,0.006488586310297251,0.1482601910829544
834,0.2701450288295746,1e-04,0.08298727,97.55202,0.0073592504,0.005006312,0.085786074,0.28413254022598267,0.1394806206226349,15.583436012268066,0.021846741437911987,0.006446575280278921,0.14780643582344055
835,0.26962965726852417,1e-04,0.08289479,97.466545,0.007343843,0.0049967654,0.08569623,0.28350067138671875,0.13902075588703156,15.530597686767578,0.021713869646191597,0.006405045744031668,0.14735627174377441
836,0.26911526918411255,1e-04,0.08280246,97.3812,0.0073284777,0.004987241,0.08560653,0.2828713059425354,0.13856446743011475,15.478169441223145,0.02158244512975216,0.006363982800394297,0.1469096541404724
837,0.26860201358795166,1e-04,0.08271026,97.29596,0.007313152,0.00497774,0.08551697,0.28224441409111023,0.13811172544956207,15.426152229309082,0.02145245485007763,0.006323392037302256,0.14646656811237335
838,0.26808983087539673,1e-04,0.08261823,97.210884,0.0072978707,0.004968264,0.085427575,0.2816198766231537,0.1376626044511795,15.374550819396973,0.021323904395103455,0.006283269729465246,0.146027073264122
839,0.2675786018371582,1e-04,0.08252635,97.12594,0.007282632,0.0049588126,0.08533834,0.28099778294563293,0.13721689581871033,15.32334041595459,0.021196724846959114,0.006243592593818903,0.14559094607830048
840,0.2670685052871704,1e-04,0.08243464,97.04109,0.0072674337,0.004949384,0.085249245,0.2803780734539032,0.1367747187614441,15.272537231445312,0.021070951595902443,0.006204367149621248,0.14515836536884308
841,0.2665593922138214,1e-04,0.082343064,96.956406,0.0072522783,0.004939981,0.08516031,0.2797607183456421,0.13633602857589722,15.222137451171875,0.020946549251675606,0.0061655896715819836,0.14472922682762146
842,0.266051322221756,1e-04,0.08225167,96.871864,0.0072371666,0.0049306015,0.08507154,0.2791456878185272,0.1359008550643921,15.172142028808594,0.020823515951633453,0.00612725829705596,0.144303560256958
843,0.26554426550865173,1e-04,0.08216042,96.78743,0.007222096,0.0049212463,0.08498292,0.27853313088417053,0.13546918332576752,15.12254810333252,0.020701851695775986,0.006089369300752878,0.14388138055801392
844,0.2650383412837982,1e-04,0.082069345,96.70313,0.007207067,0.004911915,0.08489445,0.27792274951934814,0.13504081964492798,15.073336601257324,0.02058148756623268,0.006051900330930948,0.14346249401569366
845,0.2645333409309387,1e-04,0.081978396,96.618965,0.007192079,0.004902606,0.08480613,0.2773147225379944,0.1346159726381302,15.024531364440918,0.020462466403841972,0.006014864891767502,0.14304707944393158
846,0.2640293836593628,1e-04,0.08188762,96.53495,0.0071771345,0.004893323,0.084717974,0.27670904994010925,0.1341945379972458,14.976115226745605,0.020344749093055725,0.005978252738714218,0.1426350176334381
847,0.2635265290737152,1e-04,0.08179698,96.45105,0.0071622287,0.0048840633,0.08462995,0.2761056125164032,0.13377642631530762,14.928085327148438,0.02022830955684185,0.005942054558545351,0.14222626388072968
848,0.2630246579647064,1e-04,0.081706524,96.36731,0.0071473685,0.0048748287,0.08454211,0.2755044102668762,0.1333616077899933,14.88043212890625,0.020113134756684303,0.005906259641051292,0.1418207883834839
849,0.2625238001346588,1e-04,0.081616215,96.28368,0.0071325474,0.004865616,0.08445441,0.2749054729938507,0.13295023143291473,14.833178520202637,0.01999923586845398,0.005870882421731949,0.14141865074634552
850,0.2620239853858948,1e-04,0.081526056,96.200195,0.0071177683,0.004856429,0.084366865,0.2743087708950043,0.13254210352897644,14.786297798156738,0.01988658308982849,0.0058359019458293915,0.1410197913646698
851,0.2615252137184143,1e-04,0.081436075,96.11683,0.0071030296,0.0048472625,0.08427947,0.27371424436569214,0.13213732838630676,14.739802360534668,0.01977516897022724,0.005801327060908079,0.14062421023845673
852,0.26102739572525024,1e-04,0.08134622,96.03359,0.0070883324,0.0048381225,0.08419223,0.27312198281288147,0.13173577189445496,14.693679809570312,0.019664965569972992,0.005767135415226221,0.14023183286190033
853,0.2605307102203369,1e-04,0.081256546,95.95049,0.0070736767,0.004829004,0.08410515,0.2725318372249603,0.131337508559227,14.647936820983887,0.01955597661435604,0.005733339581638575,0.139842689037323
854,0.2600349485874176,1e-04,0.08116698,95.86753,0.0070590586,0.0048199086,0.0840182,0.2719438970088959,0.1309424787759781,14.602561950683594,0.01944817788898945,0.005699925124645233,0.13945671916007996
855,0.2595402002334595,1e-04,0.08107759,95.78467,0.0070444816,0.0048108357,0.08393141,0.27135810256004333,0.13055066764354706,14.557562828063965,0.01934155821800232,0.005666890647262335,0.1390739381313324
856,0.2590464949607849,1e-04,0.08098839,95.70199,0.00702995,0.004801791,0.083844796,0.2707744538784027,0.1301620453596115,14.512931823730469,0.019236110150814056,0.00563422916457057,0.13869430124759674
857,0.25855380296707153,1e-04,0.08089931,95.61942,0.007015456,0.004792767,0.08375832,0.2701929211616516,0.12977664172649384,14.468667030334473,0.019131816923618317,0.00560194393619895,0.13831780850887299
858,0.25806212425231934,1e-04,0.08081039,95.536995,0.0070010014,0.0047837645,0.08367199,0.26961350440979004,0.12939439713954926,14.424769401550293,0.019028672948479652,0.00557002192363143,0.13794445991516113
859,0.25757139921188354,1e-04,0.08072164,95.454704,0.0069865906,0.0047747893,0.08358583,0.2690361440181732,0.129015251994133,14.38122844696045,0.018926644697785378,0.005538459867238998,0.13757413625717163
860,0.2570817470550537,1e-04,0.08063302,95.37252,0.0069722156,0.0047658333,0.0834998,0.2684609591960907,0.128639355301857,14.33806324005127,0.018825773149728775,0.005507269874215126,0.1372070461511612
861,0.25659307837486267,1e-04,0.080544576,95.29052,0.006957886,0.004756904,0.08341394,0.26788780093193054,0.12826646864414215,14.295243263244629,0.01872597075998783,0.00547642121091485,0.13684286177158356
862,0.2561054229736328,1e-04,0.080456264,95.20862,0.006943592,0.004747995,0.08332822,0.26731663942337036,0.12789659202098846,14.25277328491211,0.018627246841788292,0.00544591573998332,0.13648167252540588
863,0.25561872124671936,1e-04,0.08036814,95.12685,0.0069293412,0.0047391118,0.08324266,0.2667475938796997,0.12752984464168549,14.210661888122559,0.0185296218842268,0.005415765102952719,0.13612355291843414
864,0.25513309240341187,1e-04,0.08028013,95.04517,0.0069151265,0.0047302474,0.08315724,0.26618051528930664,0.12716613709926605,14.168899536132812,0.018433062359690666,0.005385952536016703,0.13576841354370117
865,0.2546484172344208,1e-04,0.080192305,94.96368,0.0069009545,0.004721409,0.083071984,0.26561543345451355,0.1268053650856018,14.127476692199707,0.018337538465857506,0.0053564743138849735,0.1354161649942398
866,0.2541646957397461,1e-04,0.08010463,94.88231,0.006886822,0.0047125933,0.08298688,0.26505231857299805,0.1264476180076599,14.086405754089355,0.018243057653307915,0.005327323451638222,0.13506686687469482
867,0.2536819875240326,1e-04,0.08001709,94.80105,0.0068727275,0.004703799,0.08290192,0.2644912898540497,0.12609294056892395,14.045684814453125,0.018149638548493385,0.005298515781760216,0.1347205936908722
868,0.25320032238960266,1e-04,0.07992972,94.71993,0.006858674,0.0046950295,0.08281711,0.26393216848373413,0.12574119865894318,14.005305290222168,0.01805722713470459,0.005270028952509165,0.13437718152999878
869,0.25271958112716675,1e-04,0.07984249,94.63898,0.00684466,0.0046862825,0.08273246,0.26337501406669617,0.12539242208003998,13.965264320373535,0.017965830862522125,0.0052418638952076435,0.13403667509555817
870,0.252239853143692,1e-04,0.07975542,94.55812,0.0068306844,0.0046775565,0.08264796,0.2628198266029358,0.12504656612873077,13.925562858581543,0.0178754311054945,0.005214020609855652,0.13369902968406677
871,0.25176113843917847,1e-04,0.079668514,94.47741,0.006816749,0.004668855,0.08256361,0.26226651668548584,0.12470356374979019,13.886192321777344,0.01778600923717022,0.0051864818669855595,0.13336420059204102
872,0.2512833774089813,1e-04,0.079581745,94.396835,0.0068028527,0.0046601756,0.08247941,0.2617151737213135,0.12436341494321823,13.847147941589355,0.017697550356388092,0.005159254651516676,0.13303214311599731
873,0.250806599855423,1e-04,0.079495125,94.31637,0.006788993,0.0046515176,0.082395345,0.26116567850112915,0.12402614206075668,13.80843448638916,0.017610058188438416,0.005132333841174841,0.13270288705825806
874,0.2503308057785034,1e-04,0.07940867,94.236046,0.006775174,0.004642883,0.082311444,0.2606181204319,0.12369176745414734,13.770057678222656,0.01752353273332119,0.005105719435960054,0.13237647712230682
875,0.24985599517822266,1e-04,0.079322375,94.15586,0.006761394,0.004634271,0.0822277,0.2600724697113037,0.12336022406816483,13.732007026672363,0.017437955364584923,0.005079407244920731,0.13205285370349884
876,0.24938218295574188,1e-04,0.07923622,94.07581,0.0067476532,0.004625682,0.082144104,0.25952860713005066,0.12303141504526138,13.6942720413208,0.01735328696668148,0.005053384695202112,0.13173188269138336
877,0.24890927970409393,1e-04,0.0791502,93.99589,0.0067339474,0.0046171146,0.082060635,0.2589866816997528,0.12270539999008179,13.656859397888184,0.017269542440772057,0.005027650389820337,0.13141362369060516
878,0.24843743443489075,1e-04,0.07906436,93.91608,0.0067202845,0.0046085683,0.08197734,0.2584465444087982,0.12238213419914246,13.619763374328613,0.01718670129776001,0.005002209451049566,0.13109806180000305
879,0.24796649813652039,1e-04,0.07897866,93.83643,0.0067066588,0.0046000476,0.08189419,0.25790828466415405,0.12206172943115234,13.58299732208252,0.01710479147732258,0.004977060481905937,0.1307852864265442
880,0.24749656021595,1e-04,0.07889312,93.75691,0.006693073,0.0045915483,0.081811205,0.25737181305885315,0.12174400687217712,13.546542167663574,0.017023758962750435,0.004952187184244394,0.13047513365745544
881,0.24702757596969604,1e-04,0.07880771,93.67753,0.006679521,0.004583069,0.08172834,0.2568369507789612,0.12142899632453918,13.51039981842041,0.01694360561668873,0.004927593283355236,0.13016760349273682
882,0.24655935168266296,1e-04,0.07872244,93.59823,0.0066660056,0.004574611,0.08164561,0.2563040852546692,0.12111666798591614,13.474566459655762,0.016864322125911713,0.004903276916593313,0.1298627108335495
883,0.246092289686203,1e-04,0.07863734,93.51909,0.006652531,0.0045661763,0.08156305,0.25577303767204285,0.12080705910921097,13.439045906066895,0.016785914078354836,0.004879236686974764,0.1295604705810547
884,0.24562622606754303,1e-04,0.07855241,93.44013,0.0066390983,0.0045577665,0.08148066,0.2552436888217926,0.12050000578165054,13.403820991516113,0.01670832373201847,0.004855453968048096,0.12926067411899567
885,0.2451610565185547,1e-04,0.07846762,93.361275,0.0066257017,0.0045493776,0.08139841,0.254716157913208,0.12019558995962143,13.368901252746582,0.016631579026579857,0.004831939935684204,0.12896348536014557
886,0.24469691514968872,1e-04,0.07838298,93.282524,0.0066123414,0.0045410087,0.08131631,0.2541903257369995,0.11989378929138184,13.334282875061035,0.0165556650608778,0.004808686673641205,0.12866881489753723
887,0.24423366785049438,1e-04,0.078298494,93.20393,0.0065990197,0.0045326636,0.08123435,0.2536662518978119,0.11959455162286758,13.299962043762207,0.016480565071105957,0.004785690922290087,0.12837664783000946
888,0.24377140402793884,1e-04,0.078214146,93.12544,0.006585733,0.0045243395,0.08115253,0.253143846988678,0.11929786205291748,13.2659330368042,0.016406267881393433,0.0047629475593566895,0.12808695435523987
889,0.2433100789785385,1e-04,0.07812996,93.04708,0.0065724873,0.0045160362,0.08107088,0.25262323021888733,0.1190037652850151,13.232203483581543,0.016332784667611122,0.004740463104099035,0.12779977917671204
890,0.2428497076034546,1e-04,0.07804592,92.968864,0.0065592774,0.0045077554,0.08098937,0.2521042823791504,0.11871213465929031,13.198760986328125,0.016260074451565742,0.004718222189694643,0.1275150030851364
891,0.24239033460617065,1e-04,0.07796204,92.89081,0.006546105,0.004499498,0.080908,0.25158706307411194,0.11842310428619385,13.165614128112793,0.016188176348805428,0.004696234595030546,0.12723276019096375
892,0.24193185567855835,1e-04,0.07787831,92.81287,0.0065329713,0.0044912617,0.0808268,0.2510714530944824,0.1181364431977272,13.132746696472168,0.01611701212823391,0.004674482624977827,0.12695279717445374
893,0.24147434532642365,1e-04,0.07779472,92.73502,0.0065198718,0.004483045,0.08074572,0.2505576014518738,0.11785241961479187,13.100178718566895,0.01604665443301201,0.004652980249375105,0.12667539715766907
894,0.24101775884628296,1e-04,0.07771128,92.65734,0.0065068104,0.004474851,0.080664806,0.2500453591346741,0.11757075041532516,13.067886352539062,0.015977025032043457,0.0046317074447870255,0.12640026211738586
895,0.24056212604045868,1e-04,0.077628,92.57978,0.006493787,0.0044666794,0.080584034,0.24953477084636688,0.11729162186384201,13.035884857177734,0.015908172354102135,0.0046106805093586445,0.12612760066986084
896,0.24010740220546722,1e-04,0.07754485,92.502335,0.006480798,0.0044585285,0.080503404,0.2490258663892746,0.1170148253440857,13.00415325164795,0.015840034931898117,0.004589878022670746,0.12585720419883728
897,0.23965369164943695,1e-04,0.077461876,92.42507,0.006467849,0.0044504,0.08042294,0.24851854145526886,0.11674044281244278,12.972702026367188,0.015772633254528046,0.004569305572658777,0.12558914721012115
898,0.23920084536075592,1e-04,0.07737904,92.3479,0.006454935,0.0044422923,0.080342606,0.24801288545131683,0.11646855622529984,12.941535949707031,0.015705978497862816,0.004548968747258186,0.12532348930835724
899,0.2387489527463913,1e-04,0.077296354,92.270874,0.0064420574,0.004434205,0.08026243,0.24750879406929016,0.11619891971349716,12.910632133483887,0.015640003606677055,0.004528845194727182,0.12506000697612762
900,0.23829801380634308,1e-04,0.07721381,92.19397,0.006429217,0.004426141,0.080182396,0.2470063418149948,0.11593165993690491,12.880001068115234,0.015574750490486622,0.004508946556597948,0.12479884177446365
901,0.23784799873828888,1e-04,0.077131405,92.1172,0.006416411,0.004418097,0.0801025,0.2465054988861084,0.11566679924726486,12.849647521972656,0.015510208904743195,0.004489272367209196,0.12453998625278473
902,0.23739895224571228,1e-04,0.07704916,92.040565,0.0064036427,0.0044100736,0.08002277,0.24600617587566376,0.11540421843528748,12.819558143615723,0.015446343459188938,0.004469811450690031,0.1242833212018013
903,0.23695075511932373,1e-04,0.07696707,91.964066,0.0063909115,0.0044020726,0.07994318,0.24550852179527283,0.11514387279748917,12.789726257324219,0.015383151359856129,0.004450558684766293,0.12402883172035217
904,0.23650357127189636,1e-04,0.076885104,91.88769,0.0063782143,0.004394092,0.07986373,0.2450122982263565,0.1148858293890953,12.760162353515625,0.015320631675422192,0.004431519191712141,0.12377654016017914
905,0.23605720698833466,1e-04,0.07680333,91.811424,0.0063655553,0.004386133,0.07978443,0.24451768398284912,0.11463002115488052,12.730854034423828,0.01525877695530653,0.004412687383592129,0.1235264241695404
906,0.23561182618141174,1e-04,0.07672167,91.735306,0.0063529303,0.0043781954,0.07970527,0.2440246045589447,0.11437654495239258,12.701815605163574,0.015197600238025188,0.004394066985696554,0.12327855080366135
907,0.23516733944416046,1e-04,0.07664017,91.65932,0.0063403407,0.004370277,0.079626255,0.24353313446044922,0.11412522941827774,12.673027038574219,0.015137064270675182,0.004375647287815809,0.12303277850151062
908,0.23472385108470917,1e-04,0.076558806,91.58347,0.006327787,0.0043623806,0.07954739,0.24304309487342834,0.11387616395950317,12.644497871398926,0.015077173709869385,0.004357428755611181,0.12278914451599121
909,0.23428119719028473,1e-04,0.076477595,91.50776,0.0063152714,0.004354506,0.07946868,0.24255461990833282,0.11362916231155396,12.616209983825684,0.015017894096672535,0.0043394011445343494,0.12254751473665237
910,0.23383952677249908,1e-04,0.07639653,91.43215,0.0063027893,0.004346651,0.07939011,0.2420676350593567,0.11338437348604202,12.588175773620605,0.014959252439439297,0.004321574699133635,0.12230802327394485
911,0.23339872062206268,1e-04,0.07631562,91.35668,0.0062903417,0.0043388167,0.07931168,0.24158214032649994,0.1131417527794838,12.56039047241211,0.014901232905685902,0.0043039401061832905,0.12207060307264328
912,0.2329588383436203,1e-04,0.076234855,91.281334,0.0062779305,0.0043310034,0.07923339,0.24109813570976257,0.11290127784013748,12.532855033874512,0.014843826182186604,0.004286496434360743,0.12183523923158646
913,0.23251986503601074,1e-04,0.07615423,91.20612,0.006265554,0.0043232096,0.07915525,0.2406156063079834,0.11266294121742249,12.505565643310547,0.014787033200263977,0.004269246011972427,0.12160194665193558
914,0.23208177089691162,1e-04,0.07607375,91.13105,0.0062532127,0.0043154387,0.07907726,0.2401345819234848,0.11242670565843582,12.478519439697266,0.014730840921401978,0.0042521837167441845,0.12137067317962646
915,0.2316446453332901,1e-04,0.07599343,91.056114,0.006240909,0.004307688,0.07899942,0.23965498805046082,0.11219257861375809,12.451716423034668,0.014675244688987732,0.004235304892063141,0.12114142626523972
916,0.23120836913585663,1e-04,0.07591325,90.98128,0.0062286365,0.004299956,0.07892171,0.23917685449123383,0.11196047812700272,12.425148963928223,0.014620224945247173,0.00421860720962286,0.12091412395238876
917,0.23077301681041718,1e-04,0.075833224,90.90659,0.0062164026,0.004292247,0.07884417,0.23870016634464264,0.1117304190993309,12.398815155029297,0.014565781690180302,0.004202085547149181,0.1206887811422348
918,0.23033858835697174,1e-04,0.075753324,90.832016,0.006204198,0.004284555,0.07876673,0.23822495341300964,0.11150253564119339,12.372734069824219,0.014511942863464355,0.0041857557371258736,0.12046552449464798
919,0.22990505397319794,1e-04,0.07567358,90.75762,0.0061920327,0.004276887,0.07868947,0.23775115609169006,0.1112765446305275,12.34687328338623,0.014458638615906239,0.004169592633843422,0.12024407833814621
920,0.22947239875793457,1e-04,0.07559397,90.68329,0.0061798994,0.0042692376,0.078612335,0.2372787743806839,0.11105260252952576,12.321246147155762,0.014405906200408936,0.004153603687882423,0.12002460658550262
921,0.22904068231582642,1e-04,0.07551454,90.60912,0.0061678044,0.0042616106,0.07853537,0.23680779337882996,0.1108306422829628,12.295849800109863,0.014353728853166103,0.004137791693210602,0.11980704963207245
922,0.22860980033874512,1e-04,0.07543522,90.5351,0.006155741,0.0042540026,0.07845853,0.23633822798728943,0.11061064153909683,12.270679473876953,0.014302092604339123,0.0041221450082957745,0.1195913553237915
923,0.22817984223365784,1e-04,0.07535606,90.461174,0.0061437106,0.0042464132,0.07838183,0.23587006330490112,0.1103925108909607,12.24572467803955,0.014250975102186203,0.004106661770492792,0.11937744915485382
924,0.22775080800056458,1e-04,0.07527705,90.38744,0.0061317193,0.0042388476,0.0783053,0.23540328443050385,0.11017639189958572,12.221003532409668,0.01420041173696518,0.004091348964720964,0.11916548013687134
925,0.22732262313365936,1e-04,0.07519817,90.31377,0.006119757,0.0042312974,0.078228876,0.2349378913640976,0.10996220260858536,12.196503639221191,0.014150376431643963,0.004076202865689993,0.1189553514122963
926,0.22689534723758698,1e-04,0.07511945,90.240234,0.006107832,0.004223771,0.07815262,0.23447385430335999,0.10974989086389542,12.172222137451172,0.014100857079029083,0.004061213228851557,0.1187470331788063
927,0.22646895051002502,1e-04,0.07504087,90.16683,0.006095939,0.0042162635,0.0780765,0.2340112179517746,0.1095394715666771,12.148158073425293,0.01405185554176569,0.004046384710818529,0.11854052543640137
928,0.2260434478521347,1e-04,0.07496244,90.09356,0.0060840794,0.0042087752,0.07800051,0.23354989290237427,0.1093309223651886,12.124312400817871,0.014003361575305462,0.004031715914607048,0.1183357983827591
929,0.22561880946159363,1e-04,0.074884154,90.02044,0.0060722567,0.004201309,0.07792468,0.23308996856212616,0.10912424325942993,12.10068130493164,0.013955369591712952,0.004017200320959091,0.11813284456729889
930,0.22519506514072418,1e-04,0.07480599,89.947426,0.006060464,0.0041938596,0.07784898,0.23263134062290192,0.10891931504011154,12.077251434326172,0.013907860033214092,0.004002835601568222,0.11793158948421478
931,0.22477219998836517,1e-04,0.07472799,89.87452,0.0060487064,0.0041864314,0.07777343,0.2321740835905075,0.10871630907058716,12.054045677185059,0.01386086642742157,0.003988631535321474,0.11773218214511871
932,0.2243501991033554,1e-04,0.07465012,89.80177,0.006036982,0.0041790227,0.077698015,0.23171818256378174,0.10851506143808365,12.031041145324707,0.013814342208206654,0.003974571358412504,0.11753442883491516
933,0.22392913699150085,1e-04,0.07457243,89.729126,0.0060252924,0.0041716346,0.07762276,0.23126357793807983,0.108315609395504,12.008247375488281,0.01376829668879509,0.003960662055760622,0.1173383817076683
934,0.22350889444351196,1e-04,0.07449484,89.65662,0.0060136328,0.0041642645,0.07754762,0.23081019520759583,0.10811793804168701,11.98565673828125,0.013722729869186878,0.0039468975737690926,0.11714405566453934
935,0.22308948636054993,1e-04,0.07441743,89.58424,0.006002012,0.004156917,0.07747266,0.2303583025932312,0.10792211443185806,11.963279724121094,0.013677653856575489,0.003933283966034651,0.11695150285959244
936,0.22267106175422668,1e-04,0.07434014,89.51202,0.0059904205,0.004149587,0.07739781,0.2299075871706009,0.107728011906147,11.9411039352417,0.01363302767276764,0.0039198137819767,0.11676055938005447
937,0.22225341200828552,1e-04,0.07426299,89.43992,0.0059788628,0.004142277,0.07732311,0.22945816814899445,0.10753560811281204,11.919123649597168,0.013588855974376202,0.0039064823649823666,0.11657124757766724
938,0.221836656332016,1e-04,0.07418598,89.36791,0.0059673367,0.004134986,0.077248536,0.22901007533073425,0.10734501481056213,11.897350311279297,0.013545160181820393,0.0038932960014790297,0.11638367921113968
939,0.2214207649230957,1e-04,0.07410913,89.29607,0.005955846,0.0041277166,0.07717413,0.22856329381465912,0.10715606808662415,11.875767707824707,0.013501902110874653,0.003880246775224805,0.11619768291711807
940,0.22100578248500824,1e-04,0.07403242,89.22435,0.0059443875,0.0041204663,0.07709985,0.22811773419380188,0.10696882009506226,11.854382514953613,0.013459086418151855,0.0038673330564051867,0.116013303399086
941,0.22059163451194763,1e-04,0.07395584,89.152725,0.005932961,0.0041132336,0.07702572,0.2276734858751297,0.10678330808877945,11.833199501037598,0.013416714034974575,0.003854556707665324,0.11583054065704346
942,0.22017833590507507,1e-04,0.07387938,89.081245,0.005921564,0.00410602,0.0769517,0.2272304892539978,0.10659939795732498,11.812201499938965,0.013374769128859043,0.003841912606731057,0.11564933508634567
943,0.21976593136787415,1e-04,0.07380311,89.009926,0.0059102043,0.0040988275,0.076877855,0.2267887443304062,0.1064172014594078,11.791398048400879,0.01333326380699873,0.0038294040132313967,0.11546975374221802
944,0.21935436129570007,1e-04,0.07372695,88.93873,0.0058988757,0.004091654,0.07680414,0.22634822130203247,0.10623650997877121,11.770771026611328,0.013292157091200352,0.00381701928563416,0.11529161781072617
945,0.21894364058971405,1e-04,0.07365094,88.86762,0.0058875787,0.004084499,0.07673056,0.22590894997119904,0.10605752468109131,11.750340461730957,0.013251487165689468,0.003804766805842519,0.11511510610580444
946,0.21853376924991608,1e-04,0.07357509,88.796684,0.0058763176,0.004077365,0.076657146,0.22547094523906708,0.10588008910417557,11.730090141296387,0.013211220502853394,0.0037926409859210253,0.11494007706642151
947,0.21812480688095093,1e-04,0.07349936,88.725815,0.005865083,0.0040702466,0.07658383,0.22503413259983063,0.10570430010557175,11.710029602050781,0.013171368278563023,0.003780641593039036,0.11476658284664154
948,0.21771664917469025,1e-04,0.073423766,88.655106,0.0058538835,0.0040631504,0.076510675,0.22459854185581207,0.10552998632192612,11.690139770507812,0.013131900690495968,0.003768760012462735,0.11459450423717499
949,0.21730937063694,1e-04,0.07334833,88.584496,0.005842714,0.0040560695,0.07643765,0.2241641730070114,0.10535729676485062,11.67043685913086,0.013092846609652042,0.003757007420063019,0.1144239753484726
950,0.21690291166305542,1e-04,0.073273025,88.51405,0.0058315783,0.0040490106,0.07636477,0.22373104095458984,0.10518613457679749,11.650910377502441,0.013054181821644306,0.003745374036952853,0.1142548993229866
951,0.21649733185768127,1e-04,0.073197864,88.4437,0.005820473,0.004041969,0.07629202,0.22329910099506378,0.10501649975776672,11.631561279296875,0.013015907257795334,0.003733861492946744,0.11408727616071701
952,0.21609258651733398,1e-04,0.073122844,88.37349,0.0058094016,0.004034947,0.07621943,0.22286835312843323,0.10484844446182251,11.612395286560059,0.012978027574717999,0.0037224700208753347,0.1139211431145668
953,0.21568867564201355,1e-04,0.07304798,88.30341,0.0057983617,0.004027946,0.076146975,0.222438782453537,0.10468184947967529,11.593396186828613,0.012940521351993084,0.003711191937327385,0.11375641077756882
954,0.21528559923171997,1e-04,0.07297323,88.23346,0.005787351,0.0040209605,0.076074645,0.22201040387153625,0.10451675206422806,11.574572563171387,0.012903395108878613,0.0037000335287302732,0.11359310895204544
955,0.21488338708877563,1e-04,0.07289863,88.16361,0.0057763723,0.0040139942,0.07600245,0.22158321738243103,0.10435318946838379,11.555923461914062,0.012866648845374584,0.003688989905640483,0.11343125253915787
956,0.21448199450969696,1e-04,0.072824165,88.093925,0.0057654264,0.0040070484,0.0759304,0.22115720808506012,0.10419105738401413,11.53744125366211,0.012830262072384357,0.003678056411445141,0.11327074468135834
957,0.21408146619796753,1e-04,0.072749846,88.02436,0.0057545123,0.0040001217,0.0758585,0.2207324057817459,0.10403043776750565,11.519134521484375,0.012794253416359425,0.0036672409623861313,0.11311168223619461
958,0.21368177235126495,1e-04,0.07267565,87.95489,0.0057436274,0.003993211,0.075786725,0.22030870616436005,0.10387123376131058,11.500990867614746,0.012758600525557995,0.0036565326154232025,0.11295397579669952
959,0.21328289806842804,1e-04,0.072601624,87.885574,0.005732776,0.003986321,0.075715095,0.21988609433174133,0.10371353477239609,11.483020782470703,0.01272331178188324,0.0036459353286772966,0.11279765516519547
960,0.21288473904132843,1e-04,0.0725277,87.816345,0.0057219504,0.003979446,0.07564358,0.2194647341966629,0.10355714708566666,11.465202331542969,0.012688354589045048,0.0036354430485516787,0.11264259368181229
961,0.21248753368854523,1e-04,0.072453916,87.7473,0.0057111597,0.003972593,0.075572215,0.2190445214509964,0.1034022867679596,11.44756031036377,0.012653780169785023,0.0036250650882720947,0.11248902231454849
962,0.2120911329984665,1e-04,0.07238029,87.67835,0.0057003996,0.0039657573,0.07550099,0.21862547099590302,0.1032487154006958,11.430068969726562,0.012619517743587494,0.0036147870123386383,0.11233662813901901
963,0.2116956263780594,1e-04,0.0723068,87.609535,0.00568967,0.003958941,0.0754299,0.21820750832557678,0.10309651494026184,11.412732124328613,0.012585599906742573,0.003604610450565815,0.11218556016683578
964,0.21130087971687317,1e-04,0.07223343,87.540825,0.00567897,0.0039521414,0.07535894,0.21779073774814606,0.10294574499130249,11.395565032958984,0.012552025727927685,0.003594539361074567,0.1120358258485794
965,0.2109070122241974,1e-04,0.07216024,87.472275,0.0056683053,0.003945363,0.07528815,0.21737505495548248,0.10279631614685059,11.37855052947998,0.012518785893917084,0.0035845732782036066,0.1118873804807663
966,0.21051393449306488,1e-04,0.072087154,87.403824,0.005657668,0.0039386,0.07521747,0.21696051955223083,0.10264825075864792,11.3616943359375,0.012485876679420471,0.0035747054498642683,0.11174021661281586
967,0.21012169122695923,1e-04,0.07201421,87.335495,0.0056470605,0.0039318567,0.07514693,0.21654705703258514,0.10250144451856613,11.344983100891113,0.012453276664018631,0.003564935876056552,0.11159425228834152
968,0.20973026752471924,1e-04,0.07194142,87.267296,0.0056364844,0.0039251316,0.07507652,0.21613474190235138,0.10235595703125,11.328425407409668,0.012420999817550182,0.003555264323949814,0.11144953966140747
969,0.2093396633863449,1e-04,0.071868755,87.199234,0.00562594,0.0039184242,0.07500627,0.21572351455688477,0.10221187025308609,11.312027931213379,0.01238905917853117,0.003545692889019847,0.11130615323781967
970,0.20894989371299744,1e-04,0.07179623,87.131294,0.005615425,0.003911735,0.07493614,0.2153133749961853,0.10206899791955948,11.295771598815918,0.012357416562736034,0.00353621575050056,0.1111639142036438
971,0.20856089890003204,1e-04,0.07172383,87.06345,0.0056049367,0.0039050619,0.07486612,0.21490435302257538,0.10192752629518509,11.279678344726562,0.012326101772487164,0.00352683593519032,0.11102297902107239
972,0.2081727236509323,1e-04,0.07165158,86.995766,0.005594481,0.0038984087,0.07479626,0.21449638903141022,0.10178717225790024,11.263710975646973,0.012295070104300976,0.0035175459925085306,0.11088313907384872
973,0.20778538286685944,1e-04,0.071579464,86.9282,0.005584056,0.0038917747,0.074726544,0.21408957242965698,0.10164812952280045,11.24789810180664,0.012264348566532135,0.0035083508118987083,0.11074452102184296
974,0.20739887654781342,1e-04,0.07150749,86.86074,0.0055736597,0.003885156,0.07465695,0.21368378400802612,0.10151029378175735,11.232223510742188,0.012233920395374298,0.0034992406144738197,0.11060705035924911
975,0.20701315999031067,1e-04,0.071435645,86.7934,0.005563295,0.003878557,0.0745875,0.2132790982723236,0.1013738289475441,11.216708183288574,0.012203813530504704,0.003490235423669219,0.11047086864709854
976,0.2066282480955124,1e-04,0.071363926,86.7262,0.005552956,0.0038719736,0.07451816,0.21287545561790466,0.10123846679925919,11.20132064819336,0.012173975817859173,0.003481307765468955,0.11033574491739273
977,0.20624412596225739,1e-04,0.071292356,86.659096,0.005542648,0.0038654085,0.074448965,0.21247287094593048,0.10110434144735336,11.186074256896973,0.012144428677856922,0.0034724685829132795,0.11020176112651825
978,0.20586082339286804,1e-04,0.07122094,86.59218,0.0055323755,0.0038588648,0.07437994,0.21207138895988464,0.10097146034240723,11.170971870422363,0.012115183286368847,0.0034637225326150656,0.11006899178028107
979,0.20547832548618317,1e-04,0.07114964,86.52534,0.005522127,0.003852336,0.07431101,0.21167095005512238,0.10083971172571182,11.156001091003418,0.01208620797842741,0.0034550614655017853,0.10993728786706924
980,0.20509664714336395,1e-04,0.07107846,86.45861,0.005511907,0.0038458235,0.07424222,0.21127155423164368,0.10070926696062088,11.141181945800781,0.012057532556355,0.0034464895725250244,0.10980679839849472
981,0.20471572875976562,1e-04,0.07100743,86.39203,0.0055017183,0.00383933,0.07417357,0.21087321639060974,0.10057986527681351,11.126480102539062,0.012029114179313183,0.0034379952121526003,0.10967731475830078
982,0.20433565974235535,1e-04,0.07093654,86.32556,0.005491558,0.0038328532,0.07410505,0.21047592163085938,0.10045170783996582,11.111926078796387,0.012000981718301773,0.0034295895602554083,0.10954899340867996
983,0.20395636558532715,1e-04,0.07086577,86.259224,0.0054814285,0.0038263963,0.07403667,0.21007965505123138,0.10032463073730469,11.097493171691895,0.011973108164966106,0.0034212626051157713,0.10942170023918152
984,0.20357787609100342,1e-04,0.07079514,86.19301,0.005471326,0.0038199548,0.07396841,0.20968441665172577,0.10019873827695847,11.083199501037598,0.011945508420467377,0.0034130190033465624,0.10929550975561142
985,0.20320014655590057,1e-04,0.07072466,86.12693,0.0054612546,0.0038135324,0.073900305,0.20929023623466492,0.10007400065660477,11.069038391113281,0.011918182484805584,0.003404858522117138,0.10917042940855026
986,0.20282325148582458,1e-04,0.070654295,86.06098,0.005451212,0.0038071263,0.073832326,0.2088969349861145,0.09995035082101822,11.055004119873047,0.011891110800206661,0.0033967772033065557,0.10904636979103088
987,0.20244701206684113,1e-04,0.07058406,85.995094,0.005441194,0.0038007356,0.07376445,0.2085048109292984,0.09982786327600479,11.04110336303711,0.011864308267831802,0.003388775745406747,0.10892340540885925
988,0.20207171142101288,1e-04,0.07051398,85.929375,0.005431209,0.003794365,0.07369674,0.2081136405467987,0.09970641881227493,11.027321815490723,0.01183775532990694,0.0033808518201112747,0.1088014468550682
989,0.20169714093208313,1e-04,0.07044401,85.86378,0.005421251,0.003788011,0.07362915,0.20772352814674377,0.09958601742982864,11.01366138458252,0.01181144267320633,0.0033729991409927607,0.10868046432733536
990,0.20132340490818024,1e-04,0.0703742,85.798294,0.0054113227,0.0037816737,0.07356169,0.20733441412448883,0.09946679323911667,11.000137329101562,0.011785396374762058,0.0033652300480753183,0.10856056213378906
991,0.20095042884349823,1e-04,0.07030449,85.73291,0.005401419,0.003775352,0.073494345,0.20694628357887268,0.09934854507446289,10.986727714538574,0.01175958663225174,0.003357530338689685,0.10844162851572037
992,0.2005782425403595,1e-04,0.070234925,85.66766,0.005391547,0.003769049,0.073427156,0.2065591812133789,0.09923144429922104,10.973448753356934,0.01173403486609459,0.0033499121200293303,0.10832375288009644
993,0.20020686089992523,1e-04,0.0701655,85.60254,0.005381704,0.0037627628,0.0733601,0.20617303252220154,0.0991152748465538,10.96027660369873,0.011708706617355347,0.0033423593267798424,0.10820677876472473
994,0.19983622431755066,1e-04,0.07009621,85.53758,0.0053718886,0.0037564947,0.07329317,0.20578792691230774,0.0990002229809761,10.947235107421875,0.0116836316883564,0.0033348845317959785,0.1080908477306366
995,0.19946640729904175,1e-04,0.07002705,85.47268,0.0053621014,0.003750243,0.07322637,0.20540376007556915,0.0988861620426178,10.934307098388672,0.011658783070743084,0.003327480284497142,0.10797584801912308
996,0.19909732043743134,1e-04,0.06995803,85.40794,0.005352342,0.0037440078,0.0731597,0.20502059161663055,0.09877315908670425,10.921501159667969,0.011634178459644318,0.003320149378851056,0.10786184668540955
997,0.1987290233373642,1e-04,0.069889136,85.3433,0.005342611,0.00373779,0.07309317,0.20463843643665314,0.0986611470580101,10.908809661865234,0.011609800159931183,0.00331288599409163,0.10774878412485123
998,0.19836154580116272,1e-04,0.06982037,85.27879,0.005332907,0.0037315886,0.073026754,0.20425719022750854,0.09855008870363235,10.896228790283203,0.01158564630895853,0.003305690595880151,0.10763663798570633
999,0.19799476861953735,1e-04,0.06975175,85.214424,0.0053232335,0.0037254055,0.072960496,0.20387695729732513,0.09844013303518295,10.883774757385254,0.011561736464500427,0.0032985692378133535,0.10752551257610321
1000,0.19762881100177765,1e-04,0.06968325,85.150154,0.005313586,0.0037192379,0.07289435,0.20349770784378052,0.09833111613988876,10.871429443359375,0.011538040824234486,0.0032915163319557905,0.10741527378559113
1001,0.19726362824440002,1e-04,0.069614865,85.086,0.005303965,0.0037130867,0.07282832,0.2031194120645523,0.09822303801774979,10.8591947555542,0.011514566838741302,0.0032845251262187958,0.10730595141649246
1002,0.19689922034740448,1e-04,0.069546625,85.02197,0.005294373,0.0037069533,0.07276244,0.20274204015731812,0.09811588376760483,10.847064018249512,0.011491297744214535,0.0032776009757071733,0.10719747096300125
1003,0.19653555750846863,1e-04,0.06947852,84.95808,0.0052848086,0.0037008359,0.072696686,0.20236565172672272,0.09800981730222702,10.835057258605957,0.01146827731281519,0.0032707492355257273,0.1070900410413742
1004,0.19617265462875366,1e-04,0.06941055,84.89429,0.005275272,0.0036947355,0.07263107,0.20199021697044373,0.09790462255477905,10.823155403137207,0.011445450596511364,0.0032639598939567804,0.10698341578245163
1005,0.19581052660942078,1e-04,0.069342695,84.83061,0.0052657607,0.0036886507,0.07256556,0.20161570608615875,0.0978003665804863,10.811358451843262,0.011422841809689999,0.0032572324853390455,0.10687769204378128
1006,0.19544915854930878,1e-04,0.06927497,84.76708,0.0052562775,0.003682583,0.07250019,0.20124219357967377,0.0976969301700592,10.799656867980957,0.011400417424738407,0.003250564681366086,0.10677273571491241
1007,0.19508861005306244,1e-04,0.0692074,84.703674,0.0052468246,0.003676533,0.07243497,0.20086954534053802,0.0975944921374321,10.788071632385254,0.011378214694559574,0.0032439623028039932,0.10666871815919876
1008,0.19472873210906982,1e-04,0.069139935,84.640335,0.0052373935,0.0036704952,0.072369836,0.20049789547920227,0.097493015229702,10.776596069335938,0.011356229893863201,0.003237425582483411,0.10656560957431793
1009,0.19436967372894287,1e-04,0.06907261,84.57714,0.0052279937,0.003664478,0.07230487,0.20012712478637695,0.09739229083061218,10.765209197998047,0.011334418319165707,0.0032309414818882942,0.106463223695755
1010,0.19401133060455322,1e-04,0.069005415,84.514084,0.0052186185,0.003658476,0.07224001,0.19975733757019043,0.09729260206222534,10.75394058227539,0.011312834918498993,0.003224526299163699,0.10636181384325027
1011,0.19365377724170685,1e-04,0.06893834,84.45116,0.005209272,0.0036524902,0.07217529,0.19938841462135315,0.09719374030828476,10.742767333984375,0.011291439644992352,0.003218169091269374,0.10626118630170822
1012,0.19329693913459778,1e-04,0.06887141,84.388306,0.0051999516,0.0036465204,0.07211069,0.19902047514915466,0.097095787525177,10.73169994354248,0.011270243674516678,0.0032118733506649733,0.10616140067577362
1013,0.1929408758878708,1e-04,0.068804584,84.325584,0.0051906565,0.0036405656,0.07204621,0.1986534297466278,0.09699863940477371,10.720723152160645,0.011249232105910778,0.0032056316267699003,0.1060623973608017
1014,0.19258558750152588,1e-04,0.06873791,84.263,0.00518139,0.0036346286,0.07198187,0.19828727841377258,0.0969022884964943,10.70984172821045,0.011228402145206928,0.0031994443852454424,0.10596415400505066
1015,0.19223102927207947,1e-04,0.06867136,84.20055,0.0051721493,0.0036287082,0.07191765,0.19792206585407257,0.09680694341659546,10.699073791503906,0.011207785457372665,0.003193322801962495,0.10586682707071304
1016,0.19187721610069275,1e-04,0.06860494,84.13819,0.005162936,0.0036228038,0.07185358,0.19755776226520538,0.09671235084533691,10.688392639160156,0.011187341995537281,0.0031872547697275877,0.10577023029327393
1017,0.19152416288852692,1e-04,0.06853864,84.07594,0.0051537487,0.0036169142,0.071789615,0.19719433784484863,0.09661859273910522,10.677809715270996,0.011167083866894245,0.003181241685524583,0.10567442327737808
1018,0.1911718249320984,1e-04,0.06847248,84.01382,0.0051445873,0.0036110405,0.07172578,0.1968318372964859,0.09652570635080338,10.667325019836426,0.011147018522024155,0.003175286576151848,0.1055794432759285
1019,0.19082027673721313,1e-04,0.06840642,83.95182,0.0051354505,0.0036051827,0.07166206,0.1964702159166336,0.0964336022734642,10.65693187713623,0.011127124540507793,0.0031693836208432913,0.10548518598079681
1020,0.190469428896904,1e-04,0.06834052,83.88993,0.005126343,0.0035993424,0.071598485,0.19610950350761414,0.0963422954082489,10.64663028717041,0.011107412166893482,0.0031635353807359934,0.10539171099662781
1021,0.19011935591697693,1e-04,0.06827473,83.828186,0.0051172604,0.003593517,0.07153503,0.1957496851682663,0.09625188261270523,10.636432647705078,0.011087891645729542,0.0031577441841363907,0.10529905557632446
1022,0.18976999819278717,1e-04,0.06820907,83.76654,0.0051082037,0.0035877079,0.0714717,0.1953907608985901,0.09616217762231827,10.626317024230957,0.01106853038072586,0.003152004210278392,0.10520708560943604
1023,0.1894214153289795,1e-04,0.06814353,83.70502,0.005099173,0.0035819137,0.071408495,0.19503268599510193,0.09607327729463577,10.616293907165527,0.011049344204366207,0.0031463131308555603,0.1051158607006073
1024,0.18907351791858673,1e-04,0.06807814,83.64361,0.0050901696,0.003576137,0.071345426,0.1946755051612854,0.09598517417907715,10.60636043548584,0.011030335910618305,0.0031406793277710676,0.10502540320158005
1025,0.18872636556625366,1e-04,0.06801285,83.58231,0.0050811907,0.0035703746,0.07128247,0.1943192332983017,0.09589779376983643,10.596511840820312,0.011011488735675812,0.003135092556476593,0.10493563860654831
1026,0.18837998807430267,1e-04,0.0679477,83.52111,0.0050722365,0.0035646267,0.07121964,0.19396382570266724,0.09581118077039719,10.586751937866211,0.0109928073361516,0.0031295570079237223,0.10484658926725388
1027,0.188034325838089,1e-04,0.06788268,83.46008,0.0050633107,0.003558897,0.07115694,0.1936092972755432,0.095725417137146,10.5770902633667,0.010974309407174587,0.0031240752432495356,0.10475833714008331
1028,0.1876893937587738,1e-04,0.06781777,83.39915,0.0050544096,0.0035531821,0.07109437,0.19325558841228485,0.09564030915498734,10.567503929138184,0.010955959558486938,0.0031186395790427923,0.10467071831226349
1029,0.18734516203403473,1e-04,0.067753,83.338326,0.0050455336,0.0035474827,0.07103192,0.1929028034210205,0.09555596113204956,10.558005332946777,0.010937772691249847,0.0031132542062550783,0.10458380728960037
1030,0.18700172007083893,1e-04,0.06768834,83.277626,0.0050366824,0.0035417986,0.07096959,0.19255083799362183,0.0954723134636879,10.54858684539795,0.010919745080173016,0.003107914701104164,0.10449758172035217
1031,0.18665896356105804,1e-04,0.06762383,83.217026,0.0050278576,0.0035361296,0.070907384,0.19219975173473358,0.0953894630074501,10.539259910583496,0.010901886969804764,0.003102624788880348,0.10441210120916367
1032,0.18631692230701447,1e-04,0.06755944,83.15655,0.005019059,0.003530477,0.07084531,0.19184954464435577,0.09530732780694962,10.530016899108887,0.010884180665016174,0.0030973840039223433,0.10432727634906769
1033,0.18597564101219177,1e-04,0.06749515,83.09621,0.005010283,0.0035248382,0.070783354,0.19150014221668243,0.09522584080696106,10.52084732055664,0.010866623371839523,0.003092187223955989,0.10424309968948364
1034,0.185635045170784,1e-04,0.06743101,83.035965,0.0050015342,0.0035192166,0.07072153,0.19115160405635834,0.0951450988650322,10.511763572692871,0.010849221609532833,0.003087037242949009,0.10415959358215332
1035,0.1852951943874359,1e-04,0.06736699,82.97585,0.0049928115,0.0035136102,0.07065983,0.1908039152622223,0.09506499767303467,10.502755165100098,0.010831966064870358,0.0030819314997643232,0.10407672822475433
1036,0.18495607376098633,1e-04,0.06730308,82.91582,0.00498411,0.0035080167,0.07059823,0.19045709073543549,0.0949857160449028,10.493839263916016,0.010814880020916462,0.003076877212151885,0.10399461537599564
1037,0.18461763858795166,1e-04,0.067239314,82.85592,0.0049754377,0.0035024404,0.070536785,0.19011107087135315,0.09490698575973511,10.48498821258545,0.010797920636832714,0.0030718615744262934,0.10391304641962051
1038,0.18427994847297668,1e-04,0.067175664,82.79615,0.0049667875,0.0034968783,0.07047544,0.18976591527462006,0.09482896327972412,10.476218223571777,0.010781112127006054,0.0030668897088617086,0.10383213311433792
1039,0.183942973613739,1e-04,0.067112125,82.73647,0.0049581616,0.0034913316,0.070414215,0.18942157924175262,0.09475162625312805,10.467527389526367,0.010764454491436481,0.0030619632452726364,0.10375189036130905
1040,0.18360669910907745,1e-04,0.067048736,82.676926,0.0049495627,0.0034857995,0.07035313,0.18907807767391205,0.09467494487762451,10.458911895751953,0.010747936554253101,0.003057079389691353,0.10367225855588913
1041,0.183271124958992,1e-04,0.066985436,82.617485,0.004940986,0.003480283,0.070292145,0.18873542547225952,0.09459897875785828,10.450379371643066,0.010731570422649384,0.0030522409360855818,0.10359328985214233
1042,0.18293629586696625,1e-04,0.0669223,82.55818,0.004932438,0.003474783,0.07023132,0.18839357793331146,0.09452355653047562,10.441908836364746,0.010715325362980366,0.0030474411323666573,0.10351485759019852
1043,0.1826021522283554,1e-04,0.06685926,82.49897,0.0049239113,0.0034692965,0.07017059,0.18805257976055145,0.09444882720708847,10.433516502380371,0.010699227452278137,0.0030426830053329468,0.10343707352876663
1044,0.18226875364780426,1e-04,0.06679635,82.43988,0.0049154093,0.003463825,0.07010998,0.18771237134933472,0.09437475353479385,10.425202369689941,0.01068327110260725,0.0030379716772586107,0.10335990786552429
1045,0.18193602561950684,1e-04,0.066733554,82.38091,0.004906933,0.0034583684,0.0700495,0.18737296760082245,0.09430130571126938,10.416958808898926,0.010667449794709682,0.003033296437934041,0.1032833456993103
1046,0.18160398304462433,1e-04,0.066670895,82.32204,0.0048984797,0.0034529269,0.06998914,0.18703442811965942,0.09422851353883743,10.408791542053223,0.010651770047843456,0.0030286647379398346,0.10320740938186646
1047,0.1812727004289627,1e-04,0.06660835,82.26328,0.0048900507,0.0034474996,0.0699289,0.1866966187953949,0.09415634721517563,10.400696754455566,0.010636220686137676,0.0030240723863244057,0.10313205420970917
1048,0.18094204366207123,1e-04,0.06654591,82.20463,0.0048816437,0.0034420863,0.06986876,0.18635965883731842,0.09408479928970337,10.392672538757324,0.01062080543488264,0.00301952357403934,0.10305729508399963
1049,0.18061210215091705,1e-04,0.06648361,82.146126,0.004873264,0.0034366895,0.069808766,0.1860235333442688,0.09401384741067886,10.384716987609863,0.010605521500110626,0.0030150096863508224,0.10298310965299606
1050,0.18028292059898376,1e-04,0.06642143,82.087715,0.004864908,0.0034313074,0.06974889,0.18568824231624603,0.09394346922636032,10.376826286315918,0.010590358637273312,0.0030105356127023697,0.10290946811437607
1051,0.17995445430278778,1e-04,0.06635936,82.029434,0.004856575,0.0034259392,0.06968913,0.18535369634628296,0.09387368708848953,10.369006156921387,0.01057532336562872,0.0030060987919569016,0.10283639281988144
1052,0.17962664365768433,1e-04,0.066297434,81.97126,0.004848267,0.003420586,0.0696295,0.18501998484134674,0.09380453079938889,10.36125659942627,0.010560419410467148,0.003001699922606349,0.10276389867067337
1053,0.17929953336715698,1e-04,0.066235624,81.9132,0.0048399833,0.0034152488,0.06956999,0.18468701839447021,0.09373593330383301,10.353571891784668,0.010545640252530575,0.002997340401634574,0.10269197076559067
1054,0.17897309362888336,1e-04,0.06617392,81.855225,0.00483172,0.0034099226,0.06951058,0.18435490131378174,0.0936678946018219,10.345952033996582,0.010530974715948105,0.0029930153395980597,0.10262053459882736
1055,0.17864739894866943,1e-04,0.06611235,81.797386,0.004823484,0.0034046138,0.06945131,0.18402358889579773,0.09360051900148392,10.338408470153809,0.010516449809074402,0.002988730324432254,0.10254974663257599
1056,0.17832240462303162,1e-04,0.06605089,81.73967,0.0048152697,0.0033993195,0.069392145,0.1836930364370346,0.09353363513946533,10.330920219421387,0.010502035729587078,0.002984480233862996,0.10247944295406342
1057,0.17799808084964752,1e-04,0.06598955,81.68206,0.0048070787,0.003394038,0.0693331,0.18336328864097595,0.0934673547744751,10.323501586914062,0.010487747378647327,0.0029802683275192976,0.10240970551967621
1058,0.17767444252967834,1e-04,0.06592833,81.62457,0.004798914,0.0033887718,0.069274195,0.1830342561006546,0.09340155124664307,10.31613826751709,0.010473556816577911,0.0029760869219899178,0.10234040021896362
1059,0.1773514747619629,1e-04,0.06586724,81.56716,0.0047907694,0.0033835198,0.06921539,0.1827060729265213,0.093336321413517,10.30884075164795,0.010459494777023792,0.0029719409067183733,0.102271668612957
1060,0.17702920734882355,1e-04,0.065806255,81.50987,0.0047826474,0.003378281,0.069156684,0.1823786050081253,0.09327158331871033,10.301600456237793,0.01044553518295288,0.002967826323583722,0.10220339894294739
1061,0.17670764029026031,1e-04,0.065745406,81.45271,0.004774553,0.003373059,0.06909814,0.18205194175243378,0.09320741891860962,10.294425010681152,0.01043169666081667,0.0029637489933520555,0.10213568061590195
1062,0.1763867288827896,1e-04,0.06568467,81.395645,0.004766478,0.0033678485,0.06903969,0.18172606825828552,0.09314378350973129,10.287310600280762,0.010417970828711987,0.002959705889225006,0.1020684614777565
1063,0.17606651782989502,1e-04,0.06562405,81.3387,0.0047584265,0.0033626526,0.06898135,0.18140096962451935,0.09308064728975296,10.280255317687988,0.010404352098703384,0.0029556939844042063,0.10200172662734985
1064,0.17574702203273773,1e-04,0.06556356,81.28186,0.0047504003,0.0033574724,0.068923146,0.18107661604881287,0.0930180773139,10.273262023925781,0.010390851646661758,0.0029517195653170347,0.10193552821874619
1065,0.17542815208435059,1e-04,0.06550319,81.22512,0.0047423956,0.0033523047,0.06886505,0.18075305223464966,0.0929560586810112,10.26633358001709,0.010377469472587109,0.0029477786738425493,0.1018698662519455
1066,0.17511001229286194,1e-04,0.06544292,81.16852,0.0047344146,0.0033471526,0.06880708,0.18043021857738495,0.09289447218179703,10.259455680847168,0.010364176705479622,0.0029438657220453024,0.10180459916591644
1067,0.17479249835014343,1e-04,0.065382786,81.112015,0.0047264555,0.0033420136,0.06874922,0.18010815978050232,0.09283345937728882,10.252642631530762,0.010351006872951984,0.0029399872291833162,0.10173989832401276
1068,0.17447566986083984,1e-04,0.06532275,81.055626,0.0047185197,0.0033368883,0.068691485,0.17978689074516296,0.09277293086051941,10.245884895324707,0.01033793855458498,0.002936143660917878,0.10167565196752548
1069,0.17415955662727356,1e-04,0.06526285,80.99934,0.004710606,0.0033317774,0.068633854,0.1794663369655609,0.09271291643381119,10.239188194274902,0.010324981063604355,0.0029323294293135405,0.1016119122505188
1070,0.1738440841436386,1e-04,0.06520306,80.9432,0.004702717,0.0033266824,0.06857636,0.17914657294750214,0.09265335649251938,10.23254108428955,0.010312114842236042,0.002928544068709016,0.10154858231544495
1071,0.17352929711341858,1e-04,0.06514338,80.88714,0.004694847,0.0033215985,0.06851895,0.17882755398750305,0.09259433299303055,10.225956916809082,0.01029936596751213,0.0029247943311929703,0.10148578882217407
1072,0.17321519553661346,1e-04,0.065083824,80.83118,0.0046870024,0.0033165296,0.06846169,0.17850923538208008,0.09253571182489395,10.2194185256958,0.010286702774465084,0.0029210688080638647,0.10142338275909424
1073,0.1729017198085785,1e-04,0.06502439,80.775345,0.0046791798,0.003311474,0.06840453,0.17819175124168396,0.09247764945030212,10.212944984436035,0.010274152271449566,0.0029173779767006636,0.10136149078607559
1074,0.17258897423744202,1e-04,0.064965054,80.71961,0.0046713776,0.0033064329,0.06834748,0.17787495255470276,0.09241998940706253,10.206517219543457,0.010261689312756062,0.0029137127567082644,0.10129999369382858
1075,0.17227685451507568,1e-04,0.064905845,80.663994,0.0046635987,0.0033014042,0.06829055,0.17755888402462006,0.09236282855272293,10.200146675109863,0.010249334387481213,0.002910082461312413,0.10123899579048157
1076,0.17196539044380188,1e-04,0.06484676,80.6085,0.004655843,0.0032963904,0.068233736,0.17724357545375824,0.09230614453554153,10.193831443786621,0.010237076319754124,0.002906477078795433,0.10117843747138977
1077,0.1716546267271042,1e-04,0.06478779,80.55309,0.0046481094,0.0032913906,0.068177044,0.17692901194095612,0.09224987030029297,10.187561988830566,0.010224904865026474,0.0029029001016169786,0.10111827403306961
1078,0.17134450376033783,1e-04,0.06472891,80.49779,0.0046403953,0.0032864015,0.06812045,0.1766151785850525,0.09219411015510559,10.181352615356445,0.01021284144371748,0.002899355487897992,0.10105860233306885
1079,0.1710350513458252,1e-04,0.064670175,80.44261,0.0046327063,0.003281429,0.06806399,0.17630207538604736,0.09213868528604507,10.17518138885498,0.01020085159689188,0.002895832061767578,0.10099926590919495
1080,0.17072626948356628,1e-04,0.064611554,80.38753,0.0046250396,0.0032764697,0.06800764,0.17598971724510193,0.09208383411169052,10.169075965881348,0.010188979096710682,0.002892344258725643,0.10094047337770462
1081,0.1704181283712387,1e-04,0.06455304,80.33254,0.0046173916,0.0032715222,0.06795139,0.17567802965641022,0.09202934056520462,10.163012504577637,0.010177181102335453,0.00288887950591743,0.10088201612234116
1082,0.17011062800884247,1e-04,0.06449463,80.27772,0.004609768,0.0032665902,0.06789527,0.17536713182926178,0.09197536110877991,10.157005310058594,0.010165496729314327,0.0028854485135525465,0.10082408785820007
1083,0.16980381309986115,1e-04,0.06443636,80.22296,0.0046021664,0.003261671,0.067839265,0.17505693435668945,0.09192166477441788,10.151033401489258,0.010153865441679955,0.0028820319566875696,0.1007663905620575
1084,0.16949763894081116,1e-04,0.0643782,80.168335,0.004594586,0.003256766,0.06778338,0.17474746704101562,0.09186854958534241,10.145126342773438,0.010142358019948006,0.0028786531183868647,0.10070927441120148
1085,0.1691921353340149,1e-04,0.06432014,80.113785,0.0045870254,0.0032518727,0.06772758,0.1744387000799179,0.0918157696723938,10.13925838470459,0.010130921378731728,0.0028752980288118124,0.10065247863531113
1086,0.16888727247714996,1e-04,0.064262204,80.05937,0.0045794887,0.0032469942,0.06767192,0.1741306632757187,0.09176341444253922,10.133439064025879,0.010119575075805187,0.0028719662223011255,0.1005961000919342
1087,0.16858308017253876,1e-04,0.06420438,80.00505,0.004571973,0.0032421278,0.067616366,0.17382334172725677,0.09171146899461746,10.127667427062988,0.010108313523232937,0.002868662355467677,0.10054010897874832
1088,0.1682795137166977,1e-04,0.06414668,79.95083,0.004564478,0.0032372747,0.06756092,0.17351673543453217,0.09165992587804794,10.121939659118652,0.010097135789692402,0.0028653827030211687,0.10048450529575348
1089,0.16797660291194916,1e-04,0.06408906,79.89671,0.0045570023,0.0032324332,0.067505576,0.17321084439754486,0.09160878509283066,10.116259574890137,0.010086044669151306,0.0028621277306228876,0.10042930394411087
1090,0.16767434775829315,1e-04,0.06403159,79.84273,0.0045495527,0.0032276083,0.067450374,0.17290566861629486,0.09155803173780441,10.110623359680176,0.010075032711029053,0.0028588976711034775,0.10037446022033691
1091,0.16737274825572968,1e-04,0.063974224,79.78882,0.0045421203,0.0032227936,0.067395255,0.17260117828845978,0.09150773286819458,10.105040550231934,0.010064116679131985,0.0028556969482451677,0.10032007098197937
1092,0.16707175970077515,1e-04,0.06391696,79.735054,0.004534711,0.0032179938,0.06734026,0.1722974181175232,0.0914578065276146,10.099498748779297,0.010053274221718311,0.002852516481652856,0.10026601701974869
1093,0.16677145659923553,1e-04,0.063859805,79.68137,0.004527323,0.0032132075,0.06728538,0.17199435830116272,0.09140825271606445,10.094000816345215,0.010042517445981503,0.0028493625577539206,0.10021236538887024
1094,0.16647179424762726,1e-04,0.063802786,79.62781,0.0045199557,0.0032084328,0.06723062,0.17169196903705597,0.09135908633470535,10.088546752929688,0.010031836107373238,0.0028462298214435577,0.10015905648469925
1095,0.16617274284362793,1e-04,0.063745864,79.57434,0.0045126094,0.0032036717,0.06717596,0.17139028012752533,0.09131025522947311,10.083130836486816,0.010021227411925793,0.0028431203681975603,0.10010608285665512
1096,0.16587434709072113,1e-04,0.06368907,79.520996,0.004505285,0.0031989247,0.067121424,0.1710893213748932,0.0912618562579155,10.077763557434082,0.01001070998609066,0.002840038388967514,0.10005353391170502
1097,0.16557660698890686,1e-04,0.06363236,79.467735,0.0044979793,0.0031941887,0.067066975,0.17078901827335358,0.09121381491422653,10.072440147399902,0.010000261478126049,0.0028369780629873276,0.10000130534172058
1098,0.16527946293354034,1e-04,0.063575774,79.41457,0.004490695,0.0031894648,0.067012645,0.17048944532871246,0.09116611629724503,10.067153930664062,0.00998989213258028,0.0028339389245957136,0.09994944930076599
1099,0.16498297452926636,1e-04,0.06351929,79.36152,0.0044834306,0.0031847549,0.06695843,0.17019054293632507,0.09111876040697098,10.061905860900879,0.009979592636227608,0.0028309219051152468,0.09989791363477707
1100,0.1646871417760849,1e-04,0.06346295,79.30859,0.00447619,0.003180059,0.066904336,0.1698923259973526,0.09107180684804916,10.056705474853516,0.009969373233616352,0.0028279286343604326,0.099846750497818
1101,0.1643919199705124,1e-04,0.06340671,79.25575,0.004468969,0.0031753755,0.06685035,0.16959479451179504,0.09102511405944824,10.051533699035645,0.00995921716094017,0.002824953990057111,0.0997958779335022
1102,0.16409733891487122,1e-04,0.063350566,79.20304,0.004461767,0.0031707038,0.06679646,0.1692979782819748,0.09097886830568314,10.046414375305176,0.009949148632586002,0.0028220051899552345,0.09974542260169983
1103,0.16380341351032257,1e-04,0.06329453,79.15041,0.0044545857,0.0031660448,0.06674268,0.16900181770324707,0.09093298763036728,10.041335105895996,0.009939157404005527,0.002819080138579011,0.09969532489776611
1104,0.16351008415222168,1e-04,0.06323862,79.09791,0.0044474276,0.0031613999,0.06668904,0.16870632767677307,0.09088741987943649,10.036293029785156,0.009929230436682701,0.0028161730151623487,0.09964552521705627
1105,0.16321738064289093,1e-04,0.063182816,79.04548,0.0044402857,0.0031567651,0.06663547,0.168411523103714,0.09084217995405197,10.031288146972656,0.009919366799294949,0.0028132873121649027,0.09959601610898972
1106,0.16292531788349152,1e-04,0.06312711,78.99315,0.0044331644,0.0031521432,0.06658201,0.16811738908290863,0.09079722315073013,10.026314735412598,0.009909574873745441,0.002810421399772167,0.09954684972763062
1107,0.16263388097286224,1e-04,0.06307153,78.94094,0.004426066,0.0031475355,0.066528685,0.1678239405155182,0.09075269103050232,10.021390914916992,0.009899863973259926,0.0028075797017663717,0.09949806332588196
1108,0.16234305500984192,1e-04,0.06301605,78.888855,0.004418987,0.0031429403,0.06647546,0.16753117740154266,0.09070848673582077,10.01650333404541,0.009890220127999783,0.0028047573287039995,0.09944958239793777
1109,0.16205288469791412,1e-04,0.06296068,78.83685,0.0044119274,0.0031383564,0.06642234,0.16723909974098206,0.09066460281610489,10.011653900146484,0.009880646131932735,0.002801956608891487,0.09940143674612045
1110,0.16176334023475647,1e-04,0.06290542,78.78497,0.004404889,0.0031337866,0.06636934,0.16694766283035278,0.09062101691961288,10.006836891174316,0.009871133603155613,0.002799173817038536,0.09935358166694641
1111,0.16147439181804657,1e-04,0.06285027,78.733154,0.0043978677,0.0031292266,0.06631642,0.16665689647197723,0.09057775139808655,10.002058029174805,0.009861689060926437,0.002796412445604801,0.09930603951215744
1112,0.16118605434894562,1e-04,0.06279523,78.68148,0.0043908698,0.0031246808,0.06626364,0.1663667857646942,0.0905347689986229,9.997310638427734,0.009852303192019463,0.00279366597533226,0.09925876557826996
1113,0.1608983874320984,1e-04,0.0627403,78.62989,0.00438389,0.003120147,0.06621095,0.16607733070850372,0.09049218147993088,9.992608070373535,0.009842999279499054,0.0027909455820918083,0.09921189397573471
1114,0.16061127185821533,1e-04,0.06268548,78.578415,0.00437693,0.0031156256,0.06615837,0.16578856110572815,0.09044984728097916,9.987935066223145,0.009833751246333122,0.0027882426511496305,0.09916527569293976
1115,0.1603248119354248,1e-04,0.06263077,78.527054,0.0043699923,0.0031111173,0.06610592,0.16550038754940033,0.09040787816047668,9.98330307006836,0.009824573993682861,0.0027855599764734507,0.09911899268627167
1116,0.16003887355327606,1e-04,0.06257615,78.47576,0.00436307,0.0031066185,0.06605354,0.16521292924880981,0.09036611765623093,9.978694915771484,0.009815443307161331,0.0027828915044665337,0.09907291829586029
1117,0.15975365042686462,1e-04,0.06252166,78.424576,0.0043561696,0.0031021342,0.06600129,0.16492614150047302,0.09032470732927322,9.974127769470215,0.00980638712644577,0.002780246315523982,0.09902720153331757
1118,0.15946903824806213,1e-04,0.062467255,78.37349,0.0043492867,0.0030976597,0.06594912,0.16463996469974518,0.09028363227844238,9.969597816467285,0.009797397069633007,0.0027776171918958426,0.09898180514574051
1119,0.1591850072145462,1e-04,0.062412966,78.32251,0.0043424247,0.0030931996,0.06589708,0.16435448825359344,0.09024279564619064,9.965094566345215,0.009788458235561848,0.0027750059962272644,0.09893663972616196
1120,0.1589016169309616,1e-04,0.06235879,78.27166,0.004335583,0.0030887513,0.06584515,0.16406963765621185,0.09020224958658218,9.960624694824219,0.00977958831936121,0.0027724148239940405,0.09889180213212967
1121,0.15861882269382477,1e-04,0.062304735,78.2209,0.004328762,0.0030843162,0.06579333,0.1637854129076004,0.09016197174787521,9.956185340881348,0.009770764969289303,0.0027698371559381485,0.09884718060493469
1122,0.1583366096019745,1e-04,0.06225077,78.17021,0.004321958,0.0030798907,0.0657416,0.16350188851356506,0.09012200683355331,9.9517822265625,0.009762012399733067,0.00276728137396276,0.09880289435386658
1123,0.15805505216121674,1e-04,0.062196907,78.11964,0.004315173,0.003075478,0.06568997,0.16321898996829987,0.09008226543664932,9.947404861450195,0.009753303602337837,0.0027647383976727724,0.09875881671905518
1124,0.15777410566806793,1e-04,0.062143173,78.0692,0.0043084105,0.0030710788,0.06563848,0.1629367470741272,0.09004291146993637,9.943070411682129,0.009744678623974323,0.002762220101431012,0.09871514141559601
1125,0.1574937254190445,1e-04,0.062089525,78.018814,0.004301663,0.0030666888,0.065587066,0.16265510022640228,0.09000379592180252,9.938763618469238,0.00973610207438469,0.0027597155421972275,0.09867168962955475
1126,0.1572139412164688,1e-04,0.06203598,77.96853,0.0042949356,0.0030623116,0.06553576,0.16237413883209229,0.08996496349573135,9.934489250183105,0.00972758512943983,0.0027572300750762224,0.09862852096557617
1127,0.15693478286266327,1e-04,0.061982553,77.91838,0.0042882287,0.0030579474,0.06548457,0.16209380328655243,0.0899263247847557,9.930235862731934,0.00971910823136568,0.002754755085334182,0.09858553856611252
1128,0.15665623545646667,1e-04,0.061929237,77.86833,0.0042815413,0.0030535955,0.06543349,0.16181407868862152,0.08988802880048752,9.92602252960205,0.009710701182484627,0.00275230105035007,0.09854289144277573
1129,0.15637825429439545,1e-04,0.06187603,77.81837,0.004274872,0.0030492544,0.0653825,0.16153502464294434,0.08984998613595963,9.921838760375977,0.009702351875603199,0.002749866107478738,0.09850051999092102
1130,0.15610088407993317,1e-04,0.06182291,77.768486,0.0042682206,0.0030449242,0.06533162,0.1612565815448761,0.08981216698884964,9.917678833007812,0.009694046340882778,0.0027474432718008757,0.09845834970474243
1131,0.15582412481307983,1e-04,0.061769906,77.718735,0.0042615887,0.0030406066,0.06528085,0.1609787791967392,0.08977460861206055,9.913549423217773,0.00968579575419426,0.002745034173130989,0.09841644018888474
1132,0.15554796159267426,1e-04,0.061717,77.66908,0.004254976,0.0030363011,0.065230176,0.16070158779621124,0.08973732590675354,9.909451484680176,0.009677600115537643,0.002742646262049675,0.09837479144334793
1133,0.15527237951755524,1e-04,0.061664205,77.619514,0.004248381,0.0030320066,0.06517961,0.160425066947937,0.08970024436712265,9.905375480651855,0.009669456630945206,0.0027402706909924746,0.09833339601755142
1134,0.15499740839004517,1e-04,0.06161151,77.570045,0.0042418046,0.0030277227,0.06512914,0.16014914214611053,0.08966348320245743,9.901336669921875,0.009661370888352394,0.0027379123494029045,0.098292276263237
1135,0.15472301840782166,1e-04,0.061558925,77.52069,0.0042352476,0.0030234524,0.06507878,0.159873828291893,0.08962693065404892,9.897320747375488,0.009653330780565739,0.0027355675119906664,0.09825136512517929
1136,0.1544492095708847,1e-04,0.06150643,77.4714,0.004228708,0.0030191916,0.06502852,0.1595991849899292,0.08959069103002548,9.893340110778809,0.009645356796681881,0.0027332426980137825,0.09821077436208725
1137,0.1541760116815567,1e-04,0.061454058,77.42224,0.004222188,0.0030149445,0.06497837,0.15932509303092957,0.0895545557141304,9.889372825622559,0.009637408889830112,0.0027309253346174955,0.09817030280828476
1138,0.15390336513519287,1e-04,0.06140179,77.37317,0.0042156866,0.0030107074,0.064928316,0.15905167162418365,0.08951876312494278,9.885443687438965,0.009629531763494015,0.002728629158809781,0.09813017398118973
1139,0.15363134443759918,1e-04,0.061349608,77.32418,0.0042092022,0.0030064818,0.06487837,0.1587788611650467,0.08948316425085068,9.881535530090332,0.009621691890060902,0.0027263453230261803,0.09809022396802902
1140,0.15335990488529205,1e-04,0.061297536,77.27533,0.0042027375,0.003002268,0.06482852,0.15850667655467987,0.08944784849882126,9.877660751342773,0.009613911621272564,0.00272407871671021,0.098050557076931
1141,0.15308904647827148,1e-04,0.061245568,77.22655,0.0041962895,0.0029980654,0.064778775,0.1582350730895996,0.08941269665956497,9.873805046081543,0.00960617046803236,0.0027218239847570658,0.0980110764503479
1142,0.15281876921653748,1e-04,0.061193705,77.177864,0.00418986,0.0029938743,0.06472913,0.15796412527561188,0.08937782049179077,9.869978904724121,0.009598481468856335,0.0027195808943361044,0.0979718416929245
1143,0.15254908800125122,1e-04,0.061141934,77.12929,0.004183449,0.0029896942,0.064679585,0.1576937586069107,0.08934313803911209,9.86617660522461,0.009590836241841316,0.002717355266213417,0.09793281555175781
1144,0.15227997303009033,1e-04,0.06109028,77.0808,0.004177056,0.0029855254,0.06463014,0.1574239879846573,0.08930864185094833,9.862393379211426,0.00958323199301958,0.002715139649808407,0.09789398312568665
1145,0.152011439204216,1e-04,0.06103873,77.0324,0.004170682,0.0029813685,0.06458081,0.1571548581123352,0.08927442878484726,9.858643531799316,0.009575686417520046,0.002712941961362958,0.09785543382167816
1146,0.15174348652362823,1e-04,0.060987275,76.98411,0.004164324,0.002977222,0.06453157,0.15688632428646088,0.08924046158790588,9.854920387268066,0.00956819113343954,0.0027107615023851395,0.09781713038682938
1147,0.15147611498832703,1e-04,0.060935915,76.93591,0.004157984,0.002973086,0.064482436,0.1566184163093567,0.08920659869909286,9.85120964050293,0.00956072099506855,0.0027085852343589067,0.09777893871068954
1148,0.15120935440063477,1e-04,0.060884662,76.88781,0.0041516623,0.0029689616,0.064433396,0.15635105967521667,0.0891730785369873,9.847538948059082,0.009553317911922932,0.0027064301539212465,0.09774107486009598
1149,0.1509431004524231,1e-04,0.06083352,76.83984,0.0041453615,0.002964851,0.06438448,0.1560843586921692,0.08913972973823547,9.843886375427246,0.00954595860093832,0.0027042862493544817,0.09770341962575912
1150,0.15067747235298157,1e-04,0.060782466,76.791916,0.004139074,0.0029607483,0.06433564,0.15581822395324707,0.08910655230283737,9.840252876281738,0.009538627229630947,0.0027021532878279686,0.09766589850187302
1151,0.1504124104976654,1e-04,0.06073153,76.744125,0.004132807,0.0029566584,0.06428691,0.1555527001619339,0.08907359838485718,9.83664608001709,0.009531348943710327,0.0027000363916158676,0.0976286306977272
1152,0.1501479148864746,1e-04,0.060680665,76.69639,0.004126554,0.002952577,0.06423826,0.15528777241706848,0.08904090523719788,9.833067893981934,0.009524124674499035,0.002697933232411742,0.09759162366390228
1153,0.14988397061824799,1e-04,0.060629923,76.64878,0.0041203215,0.0029485088,0.06418973,0.15502344071865082,0.08900835365056992,9.82950496673584,0.009516929276287556,0.00269583729095757,0.0975547507405281
1154,0.14962060749530792,1e-04,0.060579274,76.60127,0.004114107,0.0029444525,0.0641413,0.1547597199678421,0.08897603303194046,9.825968742370605,0.00950978696346283,0.002693761372938752,0.09751813858747482
1155,0.1493578404188156,1e-04,0.06052872,76.55383,0.004107908,0.002940404,0.064092964,0.15449656546115875,0.08894390612840652,9.822455406188965,0.009502681903541088,0.0026916933711618185,0.09748169779777527
1156,0.14909560978412628,1e-04,0.060478278,76.50649,0.0041017267,0.0029363688,0.06404472,0.15423403680324554,0.08891197293996811,9.818962097167969,0.009495616890490055,0.0026896365452557802,0.09744545817375183
1157,0.1488339751958847,1e-04,0.060427934,76.459274,0.004095564,0.0029323434,0.0639966,0.15397204458713531,0.08888021856546402,9.815489768981934,0.009488590992987156,0.002687595086172223,0.09740939736366272
1158,0.1485728770494461,1e-04,0.0603777,76.41213,0.0040894193,0.0029283303,0.063948564,0.15371063351631165,0.08884865790605545,9.81203842163086,0.009481611661612988,0.002685563638806343,0.09737356752157211
1159,0.1483123004436493,1e-04,0.06032753,76.365074,0.004083288,0.0029243254,0.06390061,0.15344984829425812,0.08881732821464539,9.808615684509277,0.009474668651819229,0.002683544298633933,0.09733790904283524
1160,0.1480523645877838,1e-04,0.060277488,76.31812,0.004077176,0.0029203326,0.06385277,0.15318965911865234,0.08878611773252487,9.805203437805176,0.00946776196360588,0.0026815372984856367,0.09730242192745209
1161,0.1477929800748825,1e-04,0.060227547,76.27126,0.0040710825,0.002916351,0.063805036,0.15293003618717194,0.08875516057014465,9.8018217086792,0.009460906498134136,0.0026795445010066032,0.09726718813180923
1162,0.14753413200378418,1e-04,0.060177702,76.224495,0.004065004,0.0029123793,0.06375738,0.15267100930213928,0.088724285364151,9.79844856262207,0.009454070590436459,0.0026775554288178682,0.09723204374313354
1163,0.1472758799791336,1e-04,0.06012794,76.17782,0.0040589427,0.002908418,0.06370983,0.1524125337600708,0.08869368582963943,9.795105934143066,0.009447288699448109,0.0026755856815725565,0.09719716757535934
1164,0.14701813459396362,1e-04,0.060078304,76.13124,0.0040529007,0.0029044691,0.063662395,0.15215465426445007,0.0886632427573204,9.791781425476074,0.009440544061362743,0.0026736247818917036,0.09716246277093887
1165,0.1467609852552414,1e-04,0.060028743,76.08477,0.0040468737,0.0029005294,0.06361504,0.15189732611179352,0.08863300830125809,9.788480758666992,0.00943384412676096,0.0026716776192188263,0.09712798148393631
1166,0.14650434255599976,1e-04,0.05997928,76.03837,0.0040408624,0.0028965992,0.06356778,0.1516406089067459,0.08860287070274353,9.78519058227539,0.009427164681255817,0.0026697376742959023,0.09709358960390091
1167,0.14624831080436707,1e-04,0.059929926,75.992065,0.00403487,0.002892681,0.063520625,0.1513843834400177,0.08857300877571106,9.78193187713623,0.009420539252460003,0.002667810767889023,0.097059465944767
1168,0.14599274098873138,1e-04,0.059880648,75.94584,0.0040288907,0.0028887715,0.063473545,0.1511288285255432,0.08854321390390396,9.778680801391602,0.00941393431276083,0.002665891544893384,0.09702543169260025
1169,0.14573781192302704,1e-04,0.059831493,75.89972,0.0040229307,0.002884874,0.06342658,0.1508737951517105,0.08851361274719238,9.775450706481934,0.00940737035125494,0.002663985826075077,0.09699159860610962
1170,0.14548341929912567,1e-04,0.059782427,75.853714,0.004016989,0.0028809882,0.06337972,0.15061937272548676,0.08848422020673752,9.77224349975586,0.009400849230587482,0.0026620905846357346,0.0969579741358757
1171,0.14522959291934967,1e-04,0.059733458,75.80779,0.0040110624,0.0028771118,0.06333295,0.15036553144454956,0.08845498412847519,9.769054412841797,0.009394361637532711,0.0026602072175592184,0.09692451357841492
1172,0.14497631788253784,1e-04,0.059684597,75.76195,0.0040051527,0.0028732452,0.063286275,0.15011218190193176,0.08842592686414719,9.765886306762695,0.009387913160026073,0.00265833199955523,0.09689124673604965
1173,0.14472351968288422,1e-04,0.059635814,75.716225,0.0039992593,0.0028693893,0.06323969,0.1498594433069229,0.08839703351259232,9.762737274169922,0.009381496347486973,0.002656470285728574,0.09685812145471573
1174,0.14447133243083954,1e-04,0.059587132,75.67055,0.0039933817,0.0028655436,0.06319321,0.14960728585720062,0.0883682444691658,9.759598731994629,0.00937510747462511,0.0026546146254986525,0.09682513773441315
1175,0.14421971142292023,1e-04,0.059538543,75.62498,0.00398752,0.0028617072,0.063146815,0.1493556946516037,0.088339664041996,9.75648307800293,0.00936876144260168,0.0026527708396315575,0.09679236263036728
1176,0.1439686119556427,1e-04,0.059490077,75.57952,0.003981677,0.0028578832,0.06310053,0.14910465478897095,0.08831120282411575,9.75338077545166,0.00936244335025549,0.002650938229635358,0.09675972163677216
1177,0.14371806383132935,1e-04,0.05944168,75.534164,0.003975849,0.002854069,0.06305434,0.14885416626930237,0.08828292042016983,9.750298500061035,0.009356161579489708,0.002649113768711686,0.09672725200653076
1178,0.14346803724765778,1e-04,0.059393372,75.48885,0.003970036,0.0028502631,0.06300822,0.14860427379608154,0.08825480192899704,9.747235298156738,0.009349915198981762,0.00264730048365891,0.0966949611902237
1179,0.14321859180927277,1e-04,0.05934519,75.44367,0.003964242,0.0028464699,0.06296223,0.1483549177646637,0.08822684735059738,9.744190216064453,0.009343704208731651,0.002645496977493167,0.09666283428668976
1180,0.14296966791152954,1e-04,0.059297092,75.39855,0.0039584623,0.0028426854,0.06291631,0.14810611307621002,0.08819899708032608,9.741157531738281,0.009337515570223331,0.0026437018532305956,0.09663081914186478
1181,0.1427212953567505,1e-04,0.059249077,75.35356,0.0039526992,0.0028389117,0.062870495,0.14785785973072052,0.08817126601934433,9.738136291503906,0.009331355802714825,0.0026419132482260466,0.09659894555807114
1182,0.14247345924377441,1e-04,0.05920117,75.30861,0.003946951,0.0028351466,0.06282476,0.14761018753051758,0.08814378827810287,9.735145568847656,0.009325248189270496,0.002640140475705266,0.09656732529401779
1183,0.14222615957260132,1e-04,0.059153367,75.2638,0.003941222,0.0028313939,0.06277915,0.14736302196979523,0.08811639994382858,9.732162475585938,0.00931916106492281,0.002638374688103795,0.09653580188751221
1184,0.1419793665409088,1e-04,0.05910563,75.21905,0.003935504,0.0028276488,0.06273359,0.14711643755435944,0.08808913081884384,9.729195594787598,0.009313098154962063,0.002636616351082921,0.09650439769029617
1185,0.14173313975334167,1e-04,0.059058003,75.17439,0.003929805,0.0028239149,0.06268816,0.14687040448188782,0.08806208521127701,9.726252555847168,0.009307082742452621,0.002634872682392597,0.09647322446107864
1186,0.14148743450641632,1e-04,0.05901047,75.12982,0.003924121,0.0028201907,0.062642805,0.14662492275238037,0.08803511410951614,9.72331714630127,0.009301088750362396,0.0026331304106861353,0.09644215553998947
1187,0.14124229550361633,1e-04,0.058963027,75.085365,0.003918453,0.002816477,0.06259755,0.1463800072669983,0.0880083218216896,9.720401763916016,0.009295129217207432,0.0026314028073102236,0.09641125053167343
1188,0.14099767804145813,1e-04,0.058915682,75.04096,0.0039128005,0.0028127723,0.062552385,0.1461355835199356,0.08798164874315262,9.717500686645508,0.009289197623729706,0.002629682654514909,0.09638048708438873
1189,0.14075355231761932,1e-04,0.05886843,74.99668,0.003907164,0.002809078,0.06250731,0.14589174091815948,0.08795515447854996,9.714618682861328,0.009283301420509815,0.0026279736775904894,0.09634988754987717
1190,0.14050999283790588,1e-04,0.05882127,74.95246,0.0039015433,0.0028053937,0.062462334,0.14564840495586395,0.08792868256568909,9.711739540100098,0.009277417324483395,0.0026262663304805756,0.09631934762001038
1191,0.14026692509651184,1e-04,0.058774207,74.90834,0.003895938,0.0028017187,0.062417448,0.14540566504001617,0.08790244907140732,9.70888614654541,0.009271577931940556,0.0026245741173624992,0.09628903120756149
1192,0.14002443850040436,1e-04,0.05872723,74.8643,0.0038903467,0.0027980527,0.062372644,0.145163431763649,0.08787628263235092,9.706040382385254,0.009265759028494358,0.0026228856295347214,0.09625881165266037
1193,0.13978244364261627,1e-04,0.05868035,74.82036,0.0038847725,0.002794398,0.062327944,0.14492173492908478,0.08785025030374527,9.703210830688477,0.009259972721338272,0.002621207619085908,0.09622874855995178
1194,0.13954098522663116,1e-04,0.058633577,74.776505,0.0038792144,0.0027907528,0.06228334,0.14468060433864594,0.08782435208559036,9.700394630432129,0.009254210628569126,0.0026195377577096224,0.09619880467653275
1195,0.13930006325244904,1e-04,0.058586873,74.732735,0.00387367,0.0027871162,0.062238816,0.14443999528884888,0.08779862523078918,9.697598457336426,0.009248482994735241,0.0026178769767284393,0.09616903215646744
1196,0.1390596330165863,1e-04,0.058540285,74.689064,0.0038681428,0.002783491,0.062194396,0.1441999077796936,0.08777302503585815,9.694817543029785,0.009242785163223743,0.0026162266731262207,0.09613940119743347
1197,0.13881975412368774,1e-04,0.058493767,74.64547,0.0038626294,0.0027798743,0.062150057,0.1439603716135025,0.08774755150079727,9.692049980163574,0.009237117134034634,0.0026145826559513807,0.09610991925001144
1198,0.13858038187026978,1e-04,0.05844736,74.60195,0.0038571323,0.0027762672,0.062105816,0.143721342086792,0.08772213011980057,9.689286231994629,0.00923146028071642,0.00261294306255877,0.0960804894566536
1199,0.1383415311574936,1e-04,0.058401022,74.55854,0.0038516484,0.002772669,0.06206165,0.14348287880420685,0.08769688010215759,9.686543464660645,0.009225841611623764,0.0026113151106983423,0.09605124592781067
1200,0.1381032019853592,1e-04,0.058354802,74.51522,0.0038461823,0.0027690823,0.062017597,0.1432449370622635,0.08767177909612656,9.683815956115723,0.009220251813530922,0.0026096953079104424,0.09602214395999908
1201,0.13786542415618896,1e-04,0.058308654,74.47195,0.0038407291,0.0027655028,0.061973616,0.14300751686096191,0.08764678239822388,9.68110179901123,0.009214692749083042,0.0026080841198563576,0.09599319100379944
1202,0.13762810826301575,1e-04,0.058262594,74.42882,0.0038352918,0.0027619344,0.061929733,0.14277060329914093,0.08762186020612717,9.678394317626953,0.009209142066538334,0.0026064764242619276,0.09596427530050278
1203,0.1373913288116455,1e-04,0.058216628,74.385735,0.0038298687,0.0027583747,0.061885934,0.1425342559814453,0.08759712427854538,9.675707817077637,0.009203637950122356,0.002604881301522255,0.09593559056520462
1204,0.13715508580207825,1e-04,0.058170754,74.34273,0.0038244599,0.0027548238,0.061842218,0.14229841530323029,0.08757247775793076,9.6730318069458,0.009198150597512722,0.0026032901369035244,0.09590698778629303
1205,0.13691933453083038,1e-04,0.05812498,74.29985,0.0038190687,0.0027512838,0.061798614,0.14206309616565704,0.08754792809486389,9.670367240905762,0.009192689321935177,0.0026017085183411837,0.09587851166725159
1206,0.1366840898990631,1e-04,0.058079295,74.25704,0.0038136912,0.0027477534,0.06175509,0.14182829856872559,0.08752351254224777,9.667716026306152,0.009187251329421997,0.0026001352816820145,0.0958501473069191
1207,0.13644938170909882,1e-04,0.058033686,74.21431,0.0038083275,0.00274423,0.061711647,0.1415940523147583,0.0874992087483406,9.665078163146973,0.009181845001876354,0.002598566235974431,0.09582194685935974
1208,0.1362151801586151,1e-04,0.057988185,74.17168,0.00380298,0.0027407182,0.061668307,0.14136028289794922,0.08747506141662598,9.662456512451172,0.009176467545330524,0.002597010461613536,0.09579388052225113
1209,0.1359814703464508,1e-04,0.057942756,74.12911,0.0037976466,0.002737215,0.06162505,0.1411270797252655,0.08745095133781433,9.659839630126953,0.00917110312730074,0.0025954570155590773,0.09576587378978729
1210,0.13574829697608948,1e-04,0.05789743,74.08663,0.003792328,0.0027337212,0.06158188,0.14089435338974,0.08742699772119522,9.657240867614746,0.009165770374238491,0.002593911485746503,0.09573803097009659
1211,0.13551561534404755,1e-04,0.057852186,74.04425,0.0037870235,0.002730236,0.061538797,0.14066213369369507,0.08740314096212387,9.654651641845703,0.009160458110272884,0.0025923734065145254,0.09571028500795364
1212,0.135283425450325,1e-04,0.057807036,74.001945,0.0037817333,0.0027267602,0.0614958,0.14043046534061432,0.08737935870885849,9.652070999145508,0.009155167266726494,0.0025908418465405703,0.09568263590335846
1213,0.13505174219608307,1e-04,0.05776198,73.95974,0.0037764588,0.002723294,0.0614529,0.14019928872585297,0.08735573291778564,9.649507522583008,0.00914990995079279,0.002589320531114936,0.095655158162117
1214,0.1348205804824829,1e-04,0.057717,73.9176,0.0037711973,0.002719836,0.061410073,0.1399686634540558,0.08733224868774414,9.646961212158203,0.009144678711891174,0.002587804337963462,0.0956278145313263
1215,0.13458992540836334,1e-04,0.05767211,73.87554,0.0037659514,0.002716388,0.061367348,0.1397385150194168,0.08730875700712204,9.64441204071045,0.009139453060925007,0.0025862918701022863,0.09560048580169678
1216,0.13435977697372437,1e-04,0.057627317,73.83357,0.0037607183,0.0027129478,0.061324697,0.13950888812541962,0.08728540688753128,9.641879081726074,0.009134259074926376,0.002584789413958788,0.0955733209848404
1217,0.13413013517856598,1e-04,0.057582617,73.7917,0.003755502,0.002709519,0.06128215,0.13927976787090302,0.08726220577955246,9.639362335205078,0.009129094891250134,0.002583292545750737,0.09554629772901535
1218,0.1339009702205658,1e-04,0.057538,73.7499,0.0037502993,0.002706098,0.061239686,0.1390511393547058,0.08723906427621841,9.636853218078613,0.009123945608735085,0.0025818024296313524,0.09551934897899628
1219,0.1336723119020462,1e-04,0.05749346,73.708176,0.0037451093,0.0027026853,0.0611973,0.13882304728031158,0.08721602708101273,9.634354591369629,0.00911882147192955,0.00258032139390707,0.09549251943826675
1220,0.1334441602230072,1e-04,0.057449017,73.66655,0.0037399344,0.002699282,0.061155003,0.13859544694423676,0.08719310909509659,9.631869316101074,0.00911372434347868,0.002578843617811799,0.09546583145856857
1221,0.1332165002822876,1e-04,0.057404656,73.625,0.0037347733,0.0026958878,0.06111279,0.13836835324764252,0.08717031031847,9.62939739227295,0.009108650498092175,0.002577376551926136,0.09543924778699875
1222,0.1329893320798874,1e-04,0.057360377,73.58351,0.0037296263,0.002692502,0.061070666,0.13814176619052887,0.087147556245327,9.626930236816406,0.009103587828576565,0.002575909486040473,0.0954127237200737
1223,0.13276267051696777,1e-04,0.057316195,73.54215,0.0037244938,0.0026891262,0.06102863,0.13791561126708984,0.08712489157915115,9.624473571777344,0.00909854844212532,0.002574452431872487,0.0953863114118576
1224,0.13253644108772278,1e-04,0.0572721,73.50085,0.003719375,0.0026857588,0.06098668,0.13769005239009857,0.08710236102342606,9.622031211853027,0.00909353792667389,0.0025730018969625235,0.09536004066467285
1225,0.13231077790260315,1e-04,0.057228092,73.45963,0.0037142702,0.0026823995,0.060944814,0.1374649554491043,0.08707991242408752,9.619597434997559,0.009088545106351376,0.002571557415649295,0.09533385932445526
1226,0.13208559155464172,1e-04,0.05718418,73.41848,0.0037091805,0.00267905,0.060903043,0.13724038004875183,0.08705758303403854,9.617176055908203,0.009083577431738377,0.002570120384916663,0.09530780464410782
1227,0.1318608969449997,1e-04,0.057140324,73.37742,0.003704102,0.0026757077,0.060861334,0.13701628148555756,0.08703530579805374,9.614762306213379,0.009078627452254295,0.002568688942119479,0.09528183192014694
1228,0.13163669407367706,1e-04,0.057096574,73.33644,0.0036990389,0.0026723756,0.060819723,0.13679267466068268,0.0870131328701973,9.612358093261719,0.009073697961866856,0.0025672607589513063,0.09525596350431442
1229,0.13141296803951263,1e-04,0.057052918,73.29555,0.0036939904,0.002669052,0.060778208,0.13656958937644958,0.0869910791516304,9.609969139099121,0.00906879547983408,0.0025658435188233852,0.09523022174835205
1230,0.1311897486448288,1e-04,0.05700934,73.25475,0.0036889552,0.0026657376,0.06073677,0.1363469958305359,0.08696909993886948,9.607585906982422,0.009063907898962498,0.0025644300039857626,0.09520455449819565
1231,0.13096702098846436,1e-04,0.056965854,73.214035,0.0036839345,0.002662432,0.060695425,0.1361248791217804,0.08694719523191452,9.605212211608887,0.009059040807187557,0.0025630213785916567,0.0951789915561676
1232,0.13074477016925812,1e-04,0.056922436,73.17336,0.0036789249,0.0026591334,0.06065414,0.1359032839536667,0.08692541718482971,9.602852821350098,0.00905420072376728,0.002561621367931366,0.0951535627245903
1233,0.13052301108837128,1e-04,0.056879107,73.1328,0.0036739297,0.002655844,0.06061295,0.1356821358203888,0.08690366894006729,9.600496292114258,0.00904936995357275,0.0025602232199162245,0.09512817859649658
1234,0.13030171394348145,1e-04,0.05683589,73.09232,0.0036689509,0.0026525648,0.060571864,0.1354614943265915,0.08688200265169144,9.59814739227295,0.009044558741152287,0.00255883252248168,0.09510288387537003
1235,0.1300809234380722,1e-04,0.056792725,73.051895,0.0036639813,0.002649292,0.06053083,0.13524135947227478,0.08686050027608871,9.595817565917969,0.009039781056344509,0.002557449508458376,0.0950777605175972
1236,0.12986060976982117,1e-04,0.05674966,73.01159,0.0036590286,0.0026460295,0.060489904,0.13502168655395508,0.08683904260396957,9.593493461608887,0.009035015478730202,0.0025560720823705196,0.09505269676446915
1237,0.12964075803756714,1e-04,0.05670667,72.971306,0.0036540867,0.002642773,0.06044904,0.13480252027511597,0.08681762218475342,9.591172218322754,0.009030260145664215,0.0025546972174197435,0.09502767771482468
1238,0.1294214129447937,1e-04,0.056663778,72.931145,0.0036491596,0.0026395272,0.060408276,0.13458383083343506,0.0867963433265686,9.5888671875,0.009025536477565765,0.00255333143286407,0.09500282257795334
1239,0.12920254468917847,1e-04,0.056620948,72.891045,0.0036442447,0.0026362885,0.06036758,0.13436561822891235,0.08677512407302856,9.586567878723145,0.009020824916660786,0.0025519677437841892,0.09497802704572678
1240,0.12898413836956024,1e-04,0.056578226,72.85106,0.003639346,0.00263306,0.060326993,0.13414789736270905,0.08675403147935867,9.584282875061035,0.009016142226755619,0.002550613833591342,0.09495336562395096
1241,0.1287662237882614,1e-04,0.056535576,72.811134,0.0036344586,0.0026298393,0.06028647,0.13393068313598633,0.08673297613859177,9.582001686096191,0.009011469781398773,0.0025492634158581495,0.09492876380681992
1242,0.1285487860441208,1e-04,0.05649302,72.771286,0.0036295855,0.0026266272,0.060246043,0.13371391594409943,0.0867120623588562,9.579736709594727,0.00900682806968689,0.0025479209143668413,0.09490431100130081
1243,0.12833181023597717,1e-04,0.056450542,72.73153,0.0036247247,0.0026234235,0.060205687,0.13349764049053192,0.08669117838144302,9.577475547790527,0.009002194739878178,0.0025465793441981077,0.09487989544868469
1244,0.12811532616615295,1e-04,0.05640814,72.69182,0.0036198758,0.002620227,0.0601654,0.13328184187412262,0.08667031675577164,9.575214385986328,0.008997571654617786,0.0025452447589486837,0.09485553205013275
1245,0.12789931893348694,1e-04,0.05636582,72.65221,0.003615041,0.0026170388,0.060125213,0.13306652009487152,0.08664961904287338,9.572972297668457,0.008992980234324932,0.0025439162272959948,0.09483132511377335
1246,0.12768375873565674,1e-04,0.056323595,72.61268,0.003610221,0.00261386,0.060085114,0.13285167515277863,0.0866289809346199,9.5707368850708,0.008988405577838421,0.002542592817917466,0.0948072001338005
1247,0.12746869027614594,1e-04,0.056281447,72.5732,0.0036054107,0.0026106872,0.06004507,0.13263732194900513,0.08660838752985,9.568507194519043,0.00898384116590023,0.0025412740651518106,0.09478312730789185
1248,0.12725408375263214,1e-04,0.056239385,72.53383,0.003600616,0.002607525,0.060005132,0.13242341578006744,0.08658786863088608,9.566283226013184,0.008979293517768383,0.0025399592705070972,0.09475913643836975
1249,0.12703995406627655,1e-04,0.056197405,72.494514,0.0035958327,0.0026043702,0.059965264,0.13221000134944916,0.0865674689412117,9.564074516296387,0.008974774740636349,0.0025386533234268427,0.094735287129879
1250,0.12682628631591797,1e-04,0.056155507,72.45531,0.0035910641,0.0026012242,0.05992549,0.13199706375598907,0.08654714375734329,9.561873435974121,0.008970268070697784,0.002537350170314312,0.09471149742603302
1251,0.1266130954027176,1e-04,0.056113668,72.416145,0.003586305,0.002598085,0.059885766,0.1317845731973648,0.08652683347463608,9.559672355651855,0.008965770713984966,0.002536051906645298,0.09468775242567062
1252,0.12640036642551422,1e-04,0.056071956,72.37709,0.0035815628,0.0025949557,0.05984616,0.13157257437705994,0.08650665730237961,9.557486534118652,0.008961305022239685,0.002534758998081088,0.09466417133808136
1253,0.12618809938430786,1e-04,0.0560303,72.3381,0.0035768317,0.0025918335,0.05980662,0.13136103749275208,0.08648655563592911,9.555310249328613,0.008956855162978172,0.002533473540097475,0.09464066475629807
1254,0.1259762942790985,1e-04,0.05598871,72.29917,0.0035721115,0.002588719,0.059767146,0.13114996254444122,0.08646649122238159,9.553136825561523,0.00895241554826498,0.002532189479097724,0.09461720287799835
1255,0.12576495110988617,1e-04,0.055947218,72.26033,0.0035674057,0.0025856125,0.059727762,0.13093936443328857,0.08644657582044601,9.550980567932129,0.008948002941906452,0.00253091542981565,0.09459388256072998
1256,0.12555408477783203,1e-04,0.055905808,72.22155,0.0035627119,0.0025825142,0.059688456,0.13072925806045532,0.08642668277025223,9.548826217651367,0.008943605236709118,0.002529643941670656,0.09457063674926758
1257,0.1253436803817749,1e-04,0.055864487,72.18289,0.0035580327,0.002579426,0.059649248,0.1305195689201355,0.08640686422586441,9.546680450439453,0.00893921684473753,0.002528376178815961,0.09454742819070816
1258,0.1251337081193924,1e-04,0.055823214,72.14427,0.0035533628,0.002576343,0.05961009,0.13031035661697388,0.08638712018728256,9.544541358947754,0.008934848010540009,0.002527112141251564,0.0945243239402771
1259,0.12492423504590988,1e-04,0.055782054,72.105736,0.0035487083,0.0025732692,0.059571035,0.13010162115097046,0.0863674059510231,9.542407035827637,0.008930493146181107,0.002525854390114546,0.09450128674507141
1260,0.12471519410610199,1e-04,0.05574097,72.06731,0.0035440659,0.0025702042,0.059532057,0.12989334762096405,0.0863477885723114,9.540282249450684,0.008926155976951122,0.002524601062759757,0.09447833895683289
1261,0.1245066225528717,1e-04,0.055699963,72.02893,0.003539436,0.0025671464,0.059493158,0.12968553602695465,0.08632826805114746,9.538166999816895,0.008921840228140354,0.0025233544874936342,0.09445549547672272
1262,0.12429851293563843,1e-04,0.05565903,71.99061,0.0035348167,0.002564095,0.059454326,0.12947817146778107,0.08630876988172531,9.536055564880371,0.008917532861232758,0.002522110240533948,0.09443268924951553
1263,0.12409084290266037,1e-04,0.055618163,71.95235,0.003530208,0.0025610507,0.059415553,0.1292712539434433,0.08628934621810913,9.533951759338379,0.008913240395486355,0.002520871115848422,0.09440995752811432
1264,0.12388364225625992,1e-04,0.055577405,71.91421,0.0035256164,0.0025580176,0.0593769,0.12906482815742493,0.0862700343132019,9.5318603515625,0.008908978663384914,0.0025196399074047804,0.09438738971948624
1265,0.12367688119411469,1e-04,0.055536713,71.87611,0.003521034,0.0025549892,0.0593383,0.12885883450508118,0.0862506702542305,9.529763221740723,0.008904705755412579,0.002518403111025691,0.09436474740505219
1266,0.12347058951854706,1e-04,0.055496115,71.83811,0.0035164657,0.0025519712,0.059299793,0.12865330278873444,0.08623149991035461,9.527687072753906,0.008900471031665802,0.0025171786546707153,0.09434230625629425
1267,0.12326475232839584,1e-04,0.05545557,71.80017,0.0035119075,0.0025489593,0.059261348,0.1284482181072235,0.0862123891711235,9.525616645812988,0.008896253071725368,0.002515960717573762,0.09431994706392288
1268,0.12305931746959686,1e-04,0.055415113,71.7623,0.003507362,0.002545955,0.059222985,0.1282435804605484,0.08619329333305359,9.523548126220703,0.008892042562365532,0.0025147441774606705,0.0942976251244545
1269,0.12285437434911728,1e-04,0.05537473,71.72452,0.003502829,0.002542959,0.059184704,0.1280393898487091,0.08617427945137024,9.521489143371582,0.008887848816812038,0.0025135318282991648,0.09427538514137268
1270,0.12264984101057053,1e-04,0.05533442,71.686775,0.0034983058,0.0025399684,0.05914648,0.12783567607402802,0.08615534752607346,9.519438743591309,0.008883673697710037,0.0025123266968876123,0.09425324201583862
1271,0.12244579195976257,1e-04,0.055294205,71.64916,0.0034937982,0.0025369893,0.05910836,0.12763240933418274,0.08613649755716324,9.5173978805542,0.008879517205059528,0.0025111266877502203,0.09423118829727173
1272,0.12224218249320984,1e-04,0.055254065,71.611595,0.0034893013,0.0025340163,0.059070308,0.12742957472801208,0.08611764758825302,9.515355110168457,0.008875364437699318,0.00250992551445961,0.09420914947986603
1273,0.12203903496265411,1e-04,0.055214014,71.57411,0.0034848175,0.0025310514,0.059032343,0.12722721695899963,0.08609891682863235,9.513327598571777,0.008871234022080898,0.002508732723072171,0.09418722987174988
1274,0.1218363344669342,1e-04,0.055174027,71.53669,0.0034803445,0.0025280933,0.058994446,0.127025306224823,0.08608022332191467,9.51130199432373,0.008867115713655949,0.0025075434241443872,0.0941653624176979
1275,0.12163407355546951,1e-04,0.05513411,71.49935,0.0034758828,0.0025251429,0.05895662,0.12682382762432098,0.08606162667274475,9.50928783416748,0.008863020688295364,0.002506359713152051,0.09414361417293549
1276,0.12143224477767944,1e-04,0.055094272,71.462074,0.0034714334,0.0025221992,0.05891887,0.12662282586097717,0.08604303747415543,9.50727367401123,0.008858931250870228,0.0025051783304661512,0.09412189573049545
1277,0.12123089283704758,1e-04,0.055054527,71.42488,0.0034669961,0.0025192648,0.058881205,0.1264222413301468,0.08602461218833923,9.505278587341309,0.008854870684444904,0.0025040062610059977,0.09410031884908676
1278,0.12102995067834854,1e-04,0.05501484,71.38775,0.0034625693,0.0025163367,0.0588436,0.12622211873531342,0.08600613474845886,9.503275871276855,0.00885081011801958,0.002502834191545844,0.09407874196767807
1279,0.12082946300506592,1e-04,0.05497525,71.35069,0.0034581565,0.0025134168,0.05880609,0.12602242827415466,0.08598778396844864,9.501289367675781,0.008846770040690899,0.0025016653817147017,0.09405726939439774
1280,0.12062942236661911,1e-04,0.05493572,71.313705,0.0034537527,0.002510503,0.058768637,0.12582318484783173,0.0859694853425026,9.499306678771973,0.008842747658491135,0.0025005049537867308,0.09403588622808456
1281,0.12042979896068573,1e-04,0.054896284,71.27682,0.0034493643,0.0025075993,0.058731288,0.1256243884563446,0.0859512984752655,9.497337341308594,0.008838742040097713,0.0024993487168103456,0.09401458501815796
1282,0.12023063004016876,1e-04,0.054856904,71.239975,0.0034449846,0.0025047006,0.05869399,0.1254260241985321,0.08593308180570602,9.495363235473633,0.00883474200963974,0.0024981917813420296,0.09399330615997314
1283,0.12003190815448761,1e-04,0.054817617,71.2032,0.003440617,0.00250181,0.05865677,0.12522809207439423,0.08591490238904953,9.493392944335938,0.008830748498439789,0.0024970397353172302,0.09397206455469131
1284,0.11983360350131989,1e-04,0.054778397,71.16652,0.003436261,0.0024989268,0.05861963,0.12503060698509216,0.08589685708284378,9.491438865661621,0.0088267857208848,0.002495893044397235,0.09395097196102142
1285,0.11963573843240738,1e-04,0.05473926,71.12989,0.0034319174,0.0024960511,0.05858257,0.12483354657888412,0.08587878942489624,9.489481925964355,0.008822816424071789,0.0024947472847998142,0.09392984956502914
1286,0.11943831294775009,1e-04,0.054700192,71.093315,0.0034275833,0.0024931808,0.058545567,0.1246369481086731,0.08586084842681885,9.487536430358887,0.008818880654871464,0.0024936117697507143,0.0939088985323906
1287,0.11924132704734802,1e-04,0.054661218,71.056854,0.0034232636,0.0024903212,0.05850866,0.1244407519698143,0.08584295958280563,9.48559856414795,0.00881495326757431,0.0024924767203629017,0.09388798475265503
1288,0.11904475092887878,1e-04,0.054622293,71.02044,0.003418952,0.0024874657,0.058471806,0.12424501776695251,0.08582514524459839,9.48366928100586,0.00881104450672865,0.002491346327587962,0.09386716783046722
1289,0.11884862184524536,1e-04,0.054583464,70.98411,0.0034146537,0.0024846196,0.058435038,0.12404970079660416,0.08580733090639114,9.481738090515137,0.008807137608528137,0.0024902194272726774,0.09384635090827942
1290,0.11865291744470596,1e-04,0.054544687,70.94783,0.0034103654,0.002481779,0.058398332,0.12385482341051102,0.08578959852457047,9.479817390441895,0.008803251199424267,0.0024890974164009094,0.09382564574480057
1291,0.11845765262842178,1e-04,0.054506004,70.91163,0.0034060895,0.0024789465,0.058361713,0.1236603781580925,0.08577200025320053,9.477910995483398,0.008799386210739613,0.002487980527803302,0.09380504488945007
1292,0.11826281994581223,1e-04,0.05446738,70.87548,0.0034018233,0.0024761206,0.058325153,0.12346635013818741,0.08575436472892761,9.47599983215332,0.008795523084700108,0.0024868652690201998,0.09378445148468018
1293,0.1180684044957161,1e-04,0.054428842,70.83943,0.0033975705,0.0024733033,0.058288682,0.12327276170253754,0.08573683351278305,9.474100112915039,0.008791682310402393,0.0024857567623257637,0.09376396983861923
1294,0.11787441372871399,1e-04,0.054390375,70.80344,0.0033933271,0.0024704912,0.05825227,0.12307962030172348,0.08571934700012207,9.47220516204834,0.008787853643298149,0.002484650583937764,0.09374355524778366
1295,0.1176808550953865,1e-04,0.054351993,70.76753,0.0033890966,0.0024676882,0.05821595,0.12288690358400345,0.08570197224617004,9.470322608947754,0.008784043602645397,0.0024835506919771433,0.09372323006391525
1296,0.11748773604631424,1e-04,0.054313667,70.731674,0.0033848763,0.002464891,0.05817969,0.12269460409879684,0.08568459749221802,9.468440055847168,0.008780243806540966,0.002482453128322959,0.09370295703411102
1297,0.11729501932859421,1e-04,0.054275427,70.6959,0.0033806667,0.0024621014,0.0581435,0.12250273674726486,0.08566731959581375,9.466567993164062,0.008776457980275154,0.002481359988451004,0.09368275105953217
1298,0.11710274964570999,1e-04,0.054237258,70.660194,0.0033764686,0.002459318,0.058107387,0.12231128662824631,0.08565004914999008,9.464695930480957,0.008772678673267365,0.002480269642546773,0.09366258233785629
1299,0.1169108971953392,1e-04,0.054199167,70.62453,0.0033722813,0.0024565423,0.058071345,0.12212026119232178,0.08563285320997238,9.4628324508667,0.008768918924033642,0.002479182556271553,0.09364250302314758
1300,0.11671945452690125,1e-04,0.05416114,70.58896,0.003368105,0.0024537735,0.058035377,0.12192966043949127,0.08561568707227707,9.46097183227539,0.008765165694057941,0.0024780987296253443,0.09362246096134186
1301,0.11652843654155731,1e-04,0.05412318,70.553444,0.0033639378,0.0024510107,0.057999466,0.12173948436975479,0.08559862524271011,9.459122657775879,0.008761435747146606,0.002477022586390376,0.09360253810882568
1302,0.1163378357887268,1e-04,0.054085303,70.51802,0.0033597841,0.0024482564,0.057963643,0.12154971808195114,0.08558154851198196,9.457271575927734,0.008757703937590122,0.002475946443155408,0.09358260780572891
1303,0.11614765971899033,1e-04,0.054047514,70.48264,0.0033556412,0.002445509,0.057927895,0.1213604062795639,0.08556460589170456,9.455435752868652,0.008754000999033451,0.002474874956533313,0.09356281906366348
1304,0.11595790088176727,1e-04,0.05400976,70.44735,0.0033515065,0.0024427671,0.057892196,0.12117146700620651,0.08554766327142715,9.453598976135254,0.008750301785767078,0.0024738062638789415,0.09354304522275925
1305,0.11576855182647705,1e-04,0.053972103,70.4121,0.0033473843,0.0024400323,0.057856582,0.12098298221826553,0.08553079515695572,9.451769828796387,0.0087466174736619,0.00247274455614388,0.09352335333824158
1306,0.11557963490486145,1e-04,0.053934522,70.37696,0.0033432744,0.0024373059,0.057821054,0.12079489231109619,0.08551400154829025,9.449950218200684,0.008742950856685638,0.002471685642376542,0.09350375086069107
1307,0.11539110541343689,1e-04,0.053896997,70.34184,0.0033391726,0.0024345845,0.057785574,0.12060722708702087,0.08549723029136658,9.448132514953613,0.008739291690289974,0.002470629056915641,0.09348417818546295
1308,0.11520301550626755,1e-04,0.053859565,70.3068,0.0033350824,0.002431871,0.057750173,0.12041999399662018,0.08548054099082947,9.446322441101074,0.008735650219023228,0.0024695785250514746,0.09346470236778259
1309,0.11501534283161163,1e-04,0.053822193,70.27185,0.0033310032,0.0024291642,0.057714846,0.12023317813873291,0.08546394109725952,9.444523811340332,0.00873202458024025,0.0024685317184776068,0.0934453010559082
1310,0.11482808738946915,1e-04,0.05378488,70.236946,0.0033269331,0.002426463,0.05767957,0.12004676461219788,0.08544737100601196,9.442727088928223,0.008728411979973316,0.0024674879387021065,0.09342597424983978
1311,0.1146412342786789,1e-04,0.053747665,70.20211,0.0033228758,0.0024237703,0.05764439,0.11986076086759567,0.08543083816766739,9.440936088562012,0.00872480683028698,0.0024664478842169046,0.09340667724609375
1312,0.11445478349924088,1e-04,0.053710494,70.167336,0.0033188264,0.0024210822,0.057609256,0.1196751743555069,0.0854143276810646,9.4391450881958,0.00872121099382639,0.0024654087610542774,0.0933874249458313
1313,0.11426874995231628,1e-04,0.053673413,70.132645,0.0033147896,0.0024184023,0.05757421,0.11949000507593155,0.08539793640375137,9.437369346618652,0.008717636577785015,0.0024643775541335344,0.0933682844042778
1314,0.11408312618732452,1e-04,0.05363639,70.098,0.0033107619,0.0024157285,0.05753922,0.11930522322654724,0.08538153022527695,9.435588836669922,0.008714063093066216,0.0024633463472127914,0.0933491438627243
1315,0.11389791965484619,1e-04,0.053599454,70.06344,0.0033067465,0.0024130624,0.05750432,0.11912086606025696,0.08536520600318909,9.433819770812988,0.008710509166121483,0.0024623211938887835,0.09333010762929916
1316,0.1137131005525589,1e-04,0.053562593,70.02896,0.0033027416,0.0024104032,0.057469483,0.1189369410276413,0.08534896373748779,9.432058334350586,0.008706971071660519,0.0024612986017018557,0.09331115335226059
1317,0.11352871358394623,1e-04,0.053525776,69.99451,0.003298744,0.0024077483,0.057434693,0.11875341832637787,0.08533277362585068,9.430302619934082,0.008703446015715599,0.0024602811317890882,0.09329225867986679
1318,0.11334472894668579,1e-04,0.053489033,69.960144,0.0032947587,0.0024051021,0.05739999,0.11857027560472488,0.08531662076711655,9.42855167388916,0.008699932135641575,0.0024592666886746883,0.09327342361211777
1319,0.11316113919019699,1e-04,0.05345238,69.925865,0.0032907852,0.0024024632,0.057365365,0.11838756501674652,0.08530053496360779,9.42680835723877,0.00869643036276102,0.002458255970850587,0.09325465559959412
1320,0.11297795176506042,1e-04,0.053415783,69.89161,0.0032868194,0.002399828,0.05733079,0.1182052493095398,0.08528447896242142,9.425066947937012,0.008692940697073936,0.0024572499096393585,0.09323593974113464
1321,0.11279517412185669,1e-04,0.05337925,69.85741,0.003282863,0.0023971996,0.057296272,0.1180233284831047,0.08526847511529922,9.423332214355469,0.00868945848196745,0.0024562443140894175,0.09321726858615875
1322,0.11261279135942459,1e-04,0.053342808,69.82332,0.0032789193,0.0023945796,0.057261847,0.11784183979034424,0.0852525606751442,9.421606063842773,0.008685997687280178,0.002455245004966855,0.09319870173931122
1323,0.11243082582950592,1e-04,0.05330641,69.78926,0.0032749842,0.0023919647,0.057227477,0.11766073852777481,0.08523669093847275,9.41988468170166,0.008682548068463802,0.0024542503524571657,0.09318019449710846
1324,0.11224924772977829,1e-04,0.053270094,69.755295,0.00327106,0.0023893577,0.057193182,0.11748001724481583,0.0852208137512207,9.418163299560547,0.008679099380970001,0.0024532543029636145,0.0931616872549057
1325,0.1120680645108223,1e-04,0.053233854,69.72135,0.0032671455,0.002386755,0.05715895,0.11729970574378967,0.08520501106977463,9.416447639465332,0.008675671182572842,0.002452263841405511,0.0931432843208313
1326,0.11188726127147675,1e-04,0.05319766,69.68749,0.0032632402,0.0023841592,0.05712478,0.11711980402469635,0.08518930524587631,9.414745330810547,0.008672256954014301,0.0024512798991054296,0.09312495589256287
1327,0.11170689016580582,1e-04,0.05316156,69.653725,0.0032593473,0.0023815723,0.057090692,0.11694029718637466,0.085173599421978,9.413042068481445,0.008668848313391209,0.002450296189635992,0.09310664981603622
1328,0.11152691394090652,1e-04,0.053125508,69.619995,0.003255462,0.0023789895,0.057056658,0.11676120012998581,0.08515799790620804,9.411351203918457,0.008665462024509907,0.002449317602440715,0.09308846294879913
1329,0.11134733259677887,1e-04,0.053089555,69.58634,0.0032515891,0.0023764144,0.057022706,0.11658251285552979,0.08514245599508286,9.40966510772705,0.008662085048854351,0.0024483439046889544,0.09307032078504562
1330,0.11116814613342285,1e-04,0.053053636,69.55273,0.003247723,0.0023738432,0.056988798,0.11640419065952301,0.08512690663337708,9.407979011535645,0.008658712729811668,0.002447370206937194,0.0930522009730339
1331,0.11098934710025787,1e-04,0.053017803,69.51921,0.0032438692,0.0023712812,0.056954976,0.11622630059719086,0.08511146903038025,9.406304359436035,0.008655364625155926,0.0024464032612740993,0.09303421527147293
1332,0.11081095784902573,1e-04,0.052982025,69.485725,0.0032400233,0.0023687233,0.056921203,0.11604878306388855,0.08509603142738342,9.404629707336426,0.008652017451822758,0.0024454391095787287,0.09301622211933136
1333,0.11063295602798462,1e-04,0.05294633,69.45233,0.0032361893,0.0023661735,0.056887515,0.11587167531251907,0.08508068323135376,9.402965545654297,0.008648689836263657,0.0024444789160043,0.09299833327531815
1334,0.11045534908771515,1e-04,0.052910704,69.41898,0.003232365,0.0023636296,0.05685389,0.11569495499134064,0.08506538718938828,9.401307106018066,0.008645371533930302,0.002443520585075021,0.09298048913478851
1335,0.11027812957763672,1e-04,0.052875135,69.38567,0.0032285475,0.0023610902,0.05682031,0.11551863700151443,0.08505010604858398,9.399650573730469,0.008642059750854969,0.0024425662122666836,0.09296268224716187
1336,0.11010131984949112,1e-04,0.052839637,69.352455,0.0032247421,0.002358558,0.056786813,0.11534268409013748,0.08503490686416626,9.398001670837402,0.008638766594231129,0.002441614167764783,0.09294496476650238
1337,0.10992486029863358,1e-04,0.052804206,69.31931,0.0032209472,0.0023560326,0.05675339,0.11516714841127396,0.08501977473497391,9.39635944366455,0.008635489270091057,0.002440668409690261,0.09292733669281006
1338,0.10974881798028946,1e-04,0.052768834,69.286224,0.0032171607,0.0023535134,0.056720022,0.11499199271202087,0.08500463515520096,9.3947172164917,0.008632211945950985,0.002439723815768957,0.09290970116853714
1339,0.10957317054271698,1e-04,0.052733537,69.25317,0.0032133828,0.0023509988,0.056686707,0.11481724679470062,0.08498964458703995,9.393092155456543,0.008628963492810726,0.0024387857411056757,0.09289221465587616
1340,0.10939788818359375,1e-04,0.052698307,69.2202,0.0032096163,0.0023484922,0.056653477,0.11464287340641022,0.08497465401887894,9.391467094421387,0.008625716902315617,0.0024378488305956125,0.09287473559379578
1341,0.10922301560640335,1e-04,0.05266315,69.1873,0.0032058598,0.0023459923,0.05662031,0.11446887999773026,0.0849597230553627,9.389846801757812,0.008622485212981701,0.0024369165766984224,0.09285733848810196
1342,0.1090485081076622,1e-04,0.05262804,69.15446,0.003202111,0.0023434968,0.056587197,0.11429528146982193,0.08494480699300766,9.388228416442871,0.008619259111583233,0.0024359864182770252,0.09283996373414993
1343,0.10887438803911209,1e-04,0.052593015,69.12165,0.003198372,0.0023410073,0.05655415,0.11412207782268524,0.08493001013994217,9.386624336242676,0.008616055361926556,0.0024350611492991447,0.09282270818948746
1344,0.10870066285133362,1e-04,0.052558042,69.08893,0.003194643,0.0023385244,0.056521174,0.113949254155159,0.08491525053977966,9.385022163391113,0.008612862788140774,0.0024341391399502754,0.09280551224946976
1345,0.10852731764316559,1e-04,0.052523136,69.05624,0.003190922,0.0023360464,0.056488246,0.11377681791782379,0.08490049839019775,9.3834228515625,0.008609671145677567,0.002433219226077199,0.09278831630945206
1346,0.1083543598651886,1e-04,0.052488316,69.023674,0.0031872133,0.0023335766,0.05645541,0.11360476911067963,0.0848858579993248,9.381834983825684,0.00860650185495615,0.002432306297123432,0.09277123212814331
1347,0.10818177461624146,1e-04,0.052453548,68.99113,0.0031835132,0.0023311127,0.05642263,0.1134331002831459,0.08487128466367722,9.380253791809082,0.008603350259363651,0.002431396162137389,0.09275424480438232
1348,0.10800956934690475,1e-04,0.05241882,68.95863,0.00317982,0.002328653,0.056389894,0.11326181888580322,0.08485674113035202,9.378677368164062,0.0086002042517066,0.002430489519611001,0.09273728728294373
1349,0.10783775895833969,1e-04,0.052384194,68.92622,0.003176139,0.002326201,0.056357246,0.11309091001749039,0.08484222739934921,9.377102851867676,0.008597064763307571,0.0024295849725604057,0.09272035956382751
1350,0.10766630619764328,1e-04,0.052349616,68.89385,0.0031724651,0.002323753,0.056324642,0.112920381128788,0.08482774347066879,9.375531196594238,0.008593936450779438,0.0024286815896630287,0.09270348399877548
1351,0.10749524086713791,1e-04,0.052315094,68.86155,0.0031688006,0.0023213122,0.0562921,0.11275024712085724,0.08481340855360031,9.373977661132812,0.008590835146605968,0.0024277858901768923,0.09268675744533539
1352,0.10732455551624298,1e-04,0.05228066,68.8293,0.0031651466,0.002318877,0.056259636,0.11258049309253693,0.08479902893304825,9.372418403625488,0.008587728254497051,0.002426890889182687,0.09266999363899231
1353,0.10715426504611969,1e-04,0.052246273,68.79711,0.0031615014,0.0023164484,0.05622723,0.11241109669208527,0.08478471636772156,9.370865821838379,0.008584638126194477,0.002425998682156205,0.0926533192396164
1354,0.10698432475328445,1e-04,0.052211966,68.76501,0.0031578657,0.002314025,0.05619489,0.11224210262298584,0.08477050811052322,9.369325637817383,0.008581566624343395,0.002425113460049033,0.09263674914836884
1355,0.10681477189064026,1e-04,0.05217772,68.73294,0.0031542387,0.0023116076,0.05616261,0.11207345128059387,0.0847562775015831,9.367781639099121,0.008578493259847164,0.0024242259096354246,0.09262015670537949
1356,0.10664558410644531,1e-04,0.052143507,68.70091,0.003150619,0.002309195,0.056130376,0.11190520972013474,0.08474215120077133,9.366249084472656,0.008575444109737873,0.0024233462754637003,0.09260369092226028
1357,0.10647677630186081,1e-04,0.0521094,68.66898,0.0031470114,0.0023067896,0.05609823,0.11173733323812485,0.08472803980112076,9.36471939086914,0.00857239868491888,0.002422468503937125,0.09258724749088287
1358,0.10630834102630615,1e-04,0.052075334,68.637085,0.0031434111,0.0023043894,0.056066133,0.1115698292851448,0.08471405506134033,9.363202095031738,0.008569376543164253,0.0024215972516685724,0.09257093071937561
1359,0.10614027827978134,1e-04,0.05204133,68.60525,0.0031398188,0.0023019942,0.056034084,0.11140270531177521,0.08470005542039871,9.36168384552002,0.008566356264054775,0.0024207262322306633,0.09255461394786835
1360,0.10597258806228638,1e-04,0.052007403,68.57348,0.0031362376,0.002299606,0.05600212,0.11123594641685486,0.08468615263700485,9.360176086425781,0.008563350886106491,0.00241985940374434,0.09253837168216705
1361,0.10580526292324066,1e-04,0.05197353,68.54177,0.0031326641,0.002297223,0.055970207,0.11106956750154495,0.08467230945825577,9.358675956726074,0.00856036227196455,0.002418998396024108,0.09252222627401352
1362,0.1056383028626442,1e-04,0.051939726,68.51012,0.003129101,0.0022948463,0.055938367,0.1109035536646843,0.08465847373008728,9.35717487335205,0.008557375520467758,0.0024181355256587267,0.09250608086585999
1363,0.10547172278165817,1e-04,0.051905982,68.47853,0.003125546,0.0022924752,0.055906583,0.11073792725801468,0.08464474231004715,9.35568618774414,0.008554412052035332,0.0024172819685190916,0.0924900621175766
1364,0.1053055077791214,1e-04,0.051872313,68.44701,0.0031219998,0.0022901099,0.055874858,0.11057262122631073,0.08463100343942642,9.35419750213623,0.00855144765228033,0.0024164270143955946,0.09247403591871262
1365,0.10513963550329208,1e-04,0.051838677,68.41551,0.0031184612,0.0022877492,0.055843186,0.11040771752595901,0.08461735397577286,9.352717399597168,0.008548501878976822,0.0024155769497156143,0.09245810657739639
1366,0.10497414320707321,1e-04,0.05180511,68.38409,0.003114932,0.0022853941,0.055811577,0.11024317145347595,0.08460375666618347,9.351242065429688,0.008545567281544209,0.002414732240140438,0.09244223684072495
1367,0.10480902343988419,1e-04,0.051771633,68.352715,0.003111413,0.0022830458,0.055780042,0.11007902026176453,0.08459021896123886,9.349774360656738,0.00854264572262764,0.0024138896260410547,0.09242643415927887
1368,0.104644276201725,1e-04,0.051738195,68.32142,0.0031079017,0.0022807028,0.055748556,0.10991522669792175,0.08457670360803604,9.348309516906738,0.008539731614291668,0.0024130488745868206,0.09241066873073578
1369,0.10447987914085388,1e-04,0.051704817,68.290146,0.0031043978,0.0022783638,0.05571712,0.10975179821252823,0.08456327766180038,9.346854209899902,0.00853683240711689,0.002412214409559965,0.09239497780799866
1370,0.1043158695101738,1e-04,0.051671516,68.25897,0.0031009049,0.002276033,0.05568577,0.10958872735500336,0.08454988151788712,9.345401763916016,0.008533945307135582,0.002411381108686328,0.09237935394048691
1371,0.10415220260620117,1e-04,0.051638253,68.227806,0.0030974175,0.0022737049,0.055654448,0.10942602157592773,0.08453654497861862,9.343955039978027,0.008531064726412296,0.0024105508346110582,0.09236375987529755
1372,0.1039889007806778,1e-04,0.051605072,68.19674,0.0030939416,0.0022713845,0.05562321,0.10926369577646255,0.08452331274747849,9.342521667480469,0.008528211154043674,0.0024097280111163855,0.09234831482172012
1373,0.10382595658302307,1e-04,0.051571947,68.16572,0.0030904734,0.002269069,0.055592027,0.10910173505544662,0.08451014012098312,9.341094970703125,0.0085253631696105,0.0024089075159281492,0.09233289211988449
1374,0.10366339236497879,1e-04,0.051538892,68.134766,0.0030870154,0.0022667604,0.055560917,0.10894012451171875,0.08449692279100418,9.339661598205566,0.008522517047822475,0.002408085623756051,0.09231747686862946
1375,0.10350117087364197,1e-04,0.051505886,68.10384,0.003083564,0.0022644554,0.055529848,0.10877887904644012,0.08448383212089539,9.338242530822754,0.008519693277776241,0.0024072739761322737,0.09230218827724457
1376,0.1033393070101738,1e-04,0.05147295,68.07298,0.003080121,0.0022621558,0.05549884,0.10861798375844955,0.08447080850601196,9.336832046508789,0.008516880683600903,0.0024064620956778526,0.09228694438934326
1377,0.10317779332399368,1e-04,0.051440064,68.042175,0.003076687,0.0022598621,0.055467892,0.10845746845006943,0.08445779234170914,9.335420608520508,0.008514074608683586,0.0024056534748524427,0.09227174520492554
1378,0.10301664471626282,1e-04,0.051407244,68.01144,0.0030732616,0.0022575741,0.055437006,0.10829730331897736,0.08444485813379288,9.334019660949707,0.008511282503604889,0.002404848812147975,0.09225661307573318
1379,0.1028558611869812,1e-04,0.051374488,67.98078,0.0030698448,0.0022552921,0.05540618,0.10813749581575394,0.0844319686293602,9.332622528076172,0.008508502505719662,0.0024040478747338057,0.0922415480017662
1380,0.10269542783498764,1e-04,0.05134179,67.95011,0.0030664357,0.0022530134,0.05537541,0.10797806084156036,0.08441918343305588,9.33123779296875,0.008505740202963352,0.002403251128271222,0.09222657233476639
1381,0.10253535956144333,1e-04,0.05130915,67.91956,0.0030630361,0.0022507429,0.055344705,0.10781897604465485,0.08440641313791275,9.329854011535645,0.00850298535078764,0.0024024583399295807,0.09221163392066956
1382,0.10237562656402588,1e-04,0.05127657,67.88902,0.003059643,0.0022484753,0.05531404,0.10766023397445679,0.0843936875462532,9.328475952148438,0.008500239811837673,0.002401665085926652,0.0921967476606369
1383,0.10221624374389648,1e-04,0.051244047,67.85855,0.0030562594,0.0022462143,0.055283446,0.10750185698270798,0.08438103646039963,9.327105522155762,0.00849751103669405,0.002400880679488182,0.09218194335699081
1384,0.10205722600221634,1e-04,0.051211596,67.82814,0.0030528845,0.0022439589,0.055252913,0.10734384506940842,0.084368497133255,9.3257474899292,0.00849479902535677,0.002400099067017436,0.09216723591089249
1385,0.10189856588840485,1e-04,0.05117919,67.79778,0.0030495168,0.0022417072,0.05522243,0.10718618333339691,0.0843559205532074,9.324385643005371,0.00849208515137434,0.0023993162903934717,0.09215251356363297
1386,0.10174024850130081,1e-04,0.051146854,67.76747,0.0030461575,0.002239462,0.055192005,0.10702884942293167,0.08434345573186874,9.323036193847656,0.008489391766488552,0.002398541895672679,0.0921378955245018
1387,0.10158226639032364,1e-04,0.051114563,67.73722,0.0030428062,0.0022372212,0.055161636,0.10687190294265747,0.08433102816343307,9.321690559387207,0.00848670955747366,0.002397769596427679,0.09212333709001541
1388,0.10142464935779572,1e-04,0.05108232,67.70701,0.0030394618,0.002234985,0.055131312,0.10671529918909073,0.0843186303973198,9.320347785949707,0.008484032936394215,0.002396997297182679,0.09210880845785141
1389,0.10126739740371704,1e-04,0.051050175,67.676865,0.0030361286,0.0022327565,0.055101074,0.10655903816223145,0.08430633693933487,9.319018363952637,0.008481376804411411,0.0023962329141795635,0.09209439158439636
1390,0.10111047327518463,1e-04,0.051018078,67.646805,0.003032803,0.002230533,0.055070892,0.10640314221382141,0.08429408818483353,9.317691802978516,0.008478729985654354,0.002395470393821597,0.0920800194144249
1391,0.10095389187335968,1e-04,0.05098602,67.61676,0.0030294843,0.0022283134,0.05504075,0.10624758899211884,0.08428189158439636,9.316370964050293,0.008476096205413342,0.00239471229724586,0.0920657142996788
1392,0.10079766064882278,1e-04,0.050954033,67.58678,0.0030261732,0.0022260984,0.055010665,0.10609236359596252,0.0842696949839592,9.315051078796387,0.008473462425172329,0.002393953502178192,0.09205140918493271
1393,0.10064177960157394,1e-04,0.050922118,67.55685,0.0030228724,0.0022238903,0.054980654,0.10593751817941666,0.08425763249397278,9.313745498657227,0.00847085565328598,0.002393200760707259,0.09203725308179855
1394,0.10048624128103256,1e-04,0.050890233,67.526985,0.0030195774,0.0022216863,0.05495068,0.10578300058841705,0.08424555510282516,9.312438011169434,0.008468245156109333,0.0023924510460346937,0.09202306717634201
1395,0.10033104568719864,1e-04,0.050858434,67.497185,0.0030162933,0.002219489,0.054920793,0.1056288480758667,0.0842336043715477,9.311145782470703,0.00846566166728735,0.002391706919297576,0.0920090302824974
1396,0.10017620772123337,1e-04,0.05082667,67.467415,0.0030130143,0.0022172949,0.05489093,0.1054750382900238,0.08422169089317322,9.309856414794922,0.008463090285658836,0.002390965586528182,0.09199505299329758
1397,0.10002169013023376,1e-04,0.050794978,67.43768,0.003009744,0.0022151063,0.054861132,0.10532157123088837,0.0842098668217659,9.308578491210938,0.00846052821725607,0.002390229841694236,0.09198112785816193
1398,0.09986752271652222,1e-04,0.050763335,67.40802,0.0030064809,0.0022129228,0.054831386,0.1051684319972992,0.08419802039861679,9.307296752929688,0.008457966148853302,0.0023894906044006348,0.09196720272302628
1399,0.09971369802951813,1e-04,0.050731745,67.37842,0.0030032266,0.002210745,0.054801702,0.10501568019390106,0.08418633788824081,9.30603313446045,0.008455437608063221,0.0023887630086392164,0.09195345640182495
1400,0.0995602160692215,1e-04,0.050700214,67.34886,0.0029999795,0.0022085714,0.054772068,0.1048632338643074,0.08417464047670364,9.304768562316895,0.00845290720462799,0.002388033317402005,0.09193969517946243
1401,0.09940706938505173,1e-04,0.05066877,67.31937,0.002996742,0.0022064042,0.054742508,0.1047111377120018,0.08416298776865005,9.303508758544922,0.008450387977063656,0.002387308282777667,0.09192599356174469
1402,0.09925425797700882,1e-04,0.050637342,67.28989,0.002993509,0.0022042394,0.05471297,0.10455936938524246,0.08415141701698303,9.302257537841797,0.008447878994047642,0.0023865869734436274,0.09191234409809113
1403,0.09910178929567337,1e-04,0.050605994,67.2605,0.0029902868,0.0022020817,0.054683514,0.10440798103809357,0.08413990586996078,9.301012992858887,0.00844538863748312,0.0023858712520450354,0.09189879894256592
1404,0.09894966334104538,1e-04,0.050574686,67.23115,0.0029870705,0.002199928,0.0546541,0.10425690561532974,0.08412843942642212,9.299774169921875,0.008442905731499195,0.0023851548321545124,0.0918852835893631
1405,0.09879786521196365,1e-04,0.05054346,67.201836,0.002983863,0.00219778,0.054624747,0.10410617291927338,0.08411704748868942,9.298542976379395,0.008440435864031315,0.0023844458628445864,0.09187184274196625
1406,0.09864640235900879,1e-04,0.050512277,67.1726,0.0029806632,0.0021956374,0.05459545,0.10395579040050507,0.0841057300567627,9.297320365905762,0.008437984623014927,0.002383740385994315,0.09185850620269775
1407,0.09849528223276138,1e-04,0.05048114,67.143394,0.0029774695,0.002193498,0.054566193,0.10380574315786362,0.08409443497657776,9.296100616455078,0.008435536175966263,0.0023830353748053312,0.09184517711400986
1408,0.09834448993206024,1e-04,0.05045006,67.11424,0.0029742836,0.002191364,0.054536995,0.10365602374076843,0.08408323675394058,9.294890403747559,0.00843310821801424,0.0023823371157050133,0.09183195978403091
1409,0.09819403290748596,1e-04,0.05041905,67.08517,0.0029711076,0.0021892365,0.054507867,0.1035066619515419,0.08407213538885117,9.293692588806152,0.008430694229900837,0.0023816425818949938,0.09181880950927734
1410,0.09804389625787735,1e-04,0.050388098,67.056145,0.0029679388,0.002187113,0.05447879,0.10335762053728104,0.08406100422143936,9.29249095916748,0.008428282104432583,0.002380948280915618,0.09180567413568497
1411,0.09789411723613739,1e-04,0.05035719,67.02716,0.0029647772,0.002184995,0.054449767,0.10320890694856644,0.08404994755983353,9.29129695892334,0.008425881154835224,0.002380258170887828,0.09179259836673737
1412,0.0977446511387825,1e-04,0.050326336,66.99819,0.0029616207,0.0021828797,0.054420773,0.10306055843830109,0.08403898030519485,9.290112495422363,0.008423500694334507,0.002379573881626129,0.09177963435649872
1413,0.09759553521871567,1e-04,0.050295554,66.969315,0.0029584751,0.0021807717,0.054391865,0.10291251540184021,0.08402807265520096,9.288936614990234,0.008421128615736961,0.0023788914550095797,0.09176670759916306
1414,0.09744672477245331,1e-04,0.050264806,66.940475,0.0029553347,0.0021786666,0.05436299,0.10276482254266739,0.08401721715927124,9.287765502929688,0.008418767713010311,0.002378212520852685,0.09175384044647217
1415,0.09729824960231781,1e-04,0.050234105,66.91166,0.002952201,0.002176566,0.05433416,0.10261746495962143,0.0840064287185669,9.286602020263672,0.00841642078012228,0.002377535682171583,0.09174105525016785
1416,0.09715011715888977,1e-04,0.0502035,66.88295,0.002949079,0.002174473,0.054305423,0.10247042030096054,0.08399570733308792,9.285445213317871,0.008414090611040592,0.0023768676910549402,0.09172835201025009
1417,0.0970022976398468,1e-04,0.050172906,66.85424,0.0029459596,0.0021723818,0.054276694,0.10232372581958771,0.08398505300283432,9.284295082092285,0.00841176975518465,0.0023761994671076536,0.09171570092439651
1418,0.0968548059463501,1e-04,0.050142407,66.825615,0.0029428513,0.0021702978,0.054248054,0.10217736661434174,0.08397442102432251,9.283149719238281,0.008409455418586731,0.0023755356669425964,0.09170307964086533
1419,0.09670765697956085,1e-04,0.05011194,66.797035,0.0029397483,0.0021682174,0.054219447,0.10203131288290024,0.08396392315626144,9.282017707824707,0.008407166227698326,0.0023748769890516996,0.09169059991836548
1420,0.09656079858541489,1e-04,0.05008152,66.7685,0.0029366533,0.0021661415,0.054190896,0.1018856093287468,0.08395344018936157,9.280889511108398,0.00840488076210022,0.002374220173805952,0.09167813509702682
1421,0.09641429036855698,1e-04,0.050051156,66.74,0.0029335648,0.0021640698,0.054162394,0.10174021869897842,0.08394297957420349,9.279762268066406,0.008402599021792412,0.0023735645227134228,0.09166569262742996
1422,0.09626810252666473,1e-04,0.05002087,66.71156,0.0029304854,0.0021620048,0.05413396,0.10159517079591751,0.08393261581659317,9.278645515441895,0.00840033870190382,0.002372913993895054,0.09165336191654205
1423,0.09612224251031876,1e-04,0.049990613,66.68317,0.0029274113,0.002159943,0.054105558,0.10145045071840286,0.08392233401536942,9.277539253234863,0.008398094214498997,0.0023722692858427763,0.09164111316204071
1424,0.09597670286893845,1e-04,0.049960405,66.6548,0.0029243438,0.0021578849,0.0540772,0.10130605101585388,0.08391208201646805,9.276435852050781,0.008395854383707047,0.0023716259747743607,0.09162889420986176
1425,0.0958314836025238,1e-04,0.049930274,66.62651,0.0029212853,0.002155833,0.054048914,0.10116198658943176,0.08390190452337265,9.27534008026123,0.00839362945407629,0.0023709870874881744,0.09161674976348877
1426,0.09568659216165543,1e-04,0.04990018,66.598274,0.0029182334,0.0021537845,0.054020677,0.1010182574391365,0.08389180898666382,9.274252891540527,0.008391421288251877,0.0023703528568148613,0.09160470217466354
1427,0.09554202109575272,1e-04,0.04987016,66.57007,0.0029151898,0.002151742,0.0539925,0.10087482631206512,0.08388171344995499,9.273167610168457,0.008389213122427464,0.0023697183933109045,0.09159264713525772
1428,0.09539776295423508,1e-04,0.04984016,66.541916,0.002912151,0.0021497032,0.05396435,0.1007317379117012,0.0838717445731163,9.272095680236816,0.008387028239667416,0.002369091846048832,0.09158071875572205
1429,0.0952538326382637,1e-04,0.049810253,66.51383,0.0029091223,0.0021476704,0.05393628,0.10058896243572235,0.08386176824569702,9.27102279663086,0.008384846150875092,0.0023684639018028975,0.09156880527734756
1430,0.0951102077960968,1e-04,0.049780373,66.48574,0.0029060976,0.0021456394,0.053908233,0.10044649988412857,0.0838518962264061,9.2699613571167,0.008382681757211685,0.0023678431753069162,0.09155698865652084
1431,0.09496690332889557,1e-04,0.049750548,66.45775,0.0029030826,0.0021436156,0.053880263,0.10030438750982285,0.08384215831756592,9.268915176391602,0.008380542509257793,0.0023672301322221756,0.09154530614614487
1432,0.09482391923666,1e-04,0.049720783,66.429794,0.0029000728,0.0021415951,0.053852323,0.1001625806093216,0.08383242040872574,9.267868995666504,0.008378402329981327,0.0023666147608309984,0.0915336161851883
1433,0.0946812629699707,1e-04,0.049691062,66.40189,0.0028970714,0.00213958,0.05382445,0.1000211164355278,0.08382275700569153,9.266830444335938,0.008376280777156353,0.0023660047445446253,0.09152202308177948
1434,0.09453891217708588,1e-04,0.049661405,66.37404,0.002894077,0.0021375692,0.053796627,0.09987995773553848,0.0838131308555603,9.26579761505127,0.008374161086976528,0.0023653972893953323,0.09151044487953186
1435,0.09439688175916672,1e-04,0.0496318,66.34623,0.0028910895,0.002135563,0.053768855,0.09973911941051483,0.08380364626646042,9.264780044555664,0.008372072130441666,0.0023647977504879236,0.09149903059005737
1436,0.09425514936447144,1e-04,0.049602218,66.31844,0.002888107,0.0021335597,0.053741112,0.09959858655929565,0.08379414677619934,9.263760566711426,0.008369979448616505,0.0023641977459192276,0.0914875939488411
1437,0.09411373734474182,1e-04,0.049572725,66.29073,0.0028851333,0.0021315622,0.053713437,0.09945838898420334,0.08378472924232483,9.262751579284668,0.008367904461920261,0.0023636019323021173,0.09147625416517258
1438,0.09397265315055847,1e-04,0.049543273,66.26307,0.0028821672,0.0021295694,0.053685818,0.0993185043334961,0.0837753638625145,9.261746406555176,0.008365839719772339,0.0023630091454833746,0.09146496653556824
1439,0.093831866979599,1e-04,0.049513858,66.23542,0.002879205,0.0021275799,0.053658225,0.09917892515659332,0.08376606553792953,9.260749816894531,0.008363787084817886,0.0023624200839549303,0.09145374596118927
1440,0.0936913937330246,1e-04,0.04948451,66.20784,0.0028762515,0.0021255952,0.053630695,0.09903968870639801,0.08375682681798935,9.259758949279785,0.008361748419702053,0.002361835679039359,0.09144259989261627
1441,0.09355124086141586,1e-04,0.049455218,66.18032,0.0028733057,0.002123616,0.053603224,0.09890074282884598,0.08374769240617752,9.258782386779785,0.008359723724424839,0.0023612554650753736,0.09143152832984924
1442,0.093411386013031,1e-04,0.04942596,66.15285,0.0028703657,0.0021216404,0.053575795,0.09876211732625961,0.08373857289552689,9.257804870605469,0.008357707411050797,0.0023606775794178247,0.0914205014705658
1443,0.09327185153961182,1e-04,0.049396772,66.12539,0.002867433,0.0021196692,0.053548418,0.09862381964921951,0.0837295725941658,9.256842613220215,0.008355709724128246,0.0023601038847118616,0.09140957146883011
1444,0.0931326150894165,1e-04,0.049367614,66.09798,0.0028645056,0.0021177016,0.053521078,0.09848583489656448,0.0837206318974495,9.25588607788086,0.008353726007044315,0.002359536476433277,0.09139872342348099
1445,0.09299369156360626,1e-04,0.04933851,66.070625,0.0028615852,0.0021157388,0.053493787,0.09834814816713333,0.08371170610189438,9.254931449890137,0.008351744152605534,0.0023589683696627617,0.09138787537813187
1446,0.09285508096218109,1e-04,0.049309466,66.04333,0.0028586735,0.0021137807,0.053466562,0.09821078181266785,0.08370289206504822,9.253989219665527,0.008349784649908543,0.0023584060836583376,0.0913771539926529
1447,0.0927167609333992,1e-04,0.049280472,66.016075,0.0028557673,0.0021118275,0.05343938,0.09807372838258743,0.08369415253400803,9.25305461883545,0.008347839117050171,0.002357849385589361,0.09136650711297989
1448,0.09257875382900238,1e-04,0.049251534,65.98887,0.0028528683,0.0021098782,0.053412247,0.09793698787689209,0.08368543535470963,9.252124786376953,0.008345898240804672,0.0023572936188429594,0.09135589003562927
1449,0.09244106709957123,1e-04,0.04922263,65.961716,0.0028499754,0.002107933,0.05338516,0.09780056029558182,0.08367680758237839,9.251202583312988,0.008343973197042942,0.0023567418102174997,0.09134535491466522
1450,0.09230367839336395,1e-04,0.049193792,65.934586,0.0028470887,0.0021059911,0.05335812,0.09766442328691483,0.08366820961236954,9.250285148620605,0.008342057466506958,0.002356192795559764,0.09133486449718475
1451,0.09216658025979996,1e-04,0.049165003,65.90751,0.0028442093,0.002104055,0.05333113,0.0975286141037941,0.08365970104932785,9.249377250671387,0.008340153843164444,0.002355647971853614,0.09132444113492966
1452,0.09202979505062103,1e-04,0.04913626,65.88047,0.0028413364,0.0021021222,0.053304188,0.09739311039447784,0.08365126699209213,9.248477935791016,0.008338266983628273,0.002355107804760337,0.09131411463022232
1453,0.09189331531524658,1e-04,0.049107555,65.853485,0.0028384693,0.0021001934,0.053277288,0.09725791960954666,0.08364292979240417,9.247590065002441,0.008336398750543594,0.0023545734584331512,0.09130388498306274
1454,0.09175712615251541,1e-04,0.049078915,65.82655,0.0028356104,0.0020982702,0.05325045,0.09712302684783936,0.08363458514213562,9.24670124053955,0.008334528654813766,0.0023540379479527473,0.09129364043474197
1455,0.09162124991416931,1e-04,0.04905031,65.799644,0.0028327557,0.0020963496,0.05322364,0.09698845446109772,0.083626389503479,9.245829582214355,0.008332686498761177,0.0023535112850368023,0.09128355234861374
1456,0.09148567914962769,1e-04,0.049021777,65.772804,0.0028299096,0.0020944346,0.053196896,0.09685418009757996,0.08361822366714478,9.24496078491211,0.008330848067998886,0.0023529857862740755,0.0912734791636467
1457,0.09135039895772934,1e-04,0.048993282,65.745995,0.00282707,0.0020925235,0.053170197,0.09672020375728607,0.08361010998487473,9.244095802307129,0.008329023607075214,0.002352462150156498,0.09126348793506622
1458,0.09121541678905487,1e-04,0.048964832,65.71924,0.0028242357,0.0020906164,0.05314354,0.09658654034137726,0.08360206335783005,9.243241310119629,0.008327212184667587,0.0023519452661275864,0.09125355631113052
1459,0.09108074009418488,1e-04,0.048936434,65.69253,0.0028214094,0.0020887142,0.05311694,0.09645318239927292,0.08359411358833313,9.24239730834961,0.008325413800776005,0.002351431641727686,0.09124370664358139
1460,0.09094635397195816,1e-04,0.048908077,65.66584,0.0028185865,0.002086814,0.053090364,0.09632012248039246,0.08358622342348099,9.241559028625488,0.008323632180690765,0.0023509219754487276,0.09123393893241882
1461,0.09081225842237473,1e-04,0.048879776,65.63921,0.0028157723,0.0020849188,0.05306385,0.09618738293647766,0.0835784450173378,9.240735054016113,0.00832186546176672,0.002350415801629424,0.09122426062822342
1462,0.09067848324775696,1e-04,0.048851524,65.61262,0.0028129637,0.0020830282,0.05303738,0.09605491161346436,0.08357065171003342,9.239907264709473,0.008320098742842674,0.002349911956116557,0.09121457487344742
1463,0.09054497629404068,1e-04,0.04882333,65.586075,0.0028101623,0.002081142,0.053010963,0.09592276811599731,0.08356297016143799,9.239093780517578,0.008318355306982994,0.002349414164200425,0.09120501577854156
1464,0.09041178226470947,1e-04,0.048795164,65.55957,0.0028073657,0.0020792591,0.05298458,0.09579092264175415,0.08355533331632614,9.23828411102295,0.008316616527736187,0.002348917769268155,0.0911954864859581
1465,0.09027888625860214,1e-04,0.048767067,65.53313,0.0028045771,0.002077381,0.052958257,0.09565937519073486,0.08354779332876205,9.237485885620117,0.008314897306263447,0.0023484269622713327,0.09118606150150299
1466,0.0901462733745575,1e-04,0.048738994,65.50671,0.0028017932,0.0020755061,0.052931968,0.09552812576293945,0.08354028314352036,9.23669147491455,0.008313185535371304,0.0023479375522583723,0.09117667376995087
1467,0.09001395106315613,1e-04,0.04871099,65.48033,0.0027990162,0.0020736353,0.05290573,0.09539717435836792,0.08353286981582642,9.235908508300781,0.008311490528285503,0.0023474532645195723,0.0911673754453659
1468,0.08988192677497864,1e-04,0.04868303,65.45402,0.0027962464,0.0020717697,0.052879546,0.09526653587818146,0.08352559059858322,9.235139846801758,0.008309818804264069,0.0023469747975468636,0.09115821123123169
1469,0.08975019305944443,1e-04,0.0486551,65.42773,0.002793481,0.0020699073,0.052853394,0.09513618052005768,0.08351828902959824,9.234368324279785,0.008308145217597485,0.0023464972618967295,0.09114902466535568
1470,0.0896187573671341,1e-04,0.04862725,65.40148,0.0027907237,0.0020680488,0.052827302,0.09500613063573837,0.08351105451583862,9.23360538482666,0.00830648373812437,0.0023460248485207558,0.09113991260528564
1471,0.08948761969804764,1e-04,0.048599433,65.37531,0.0027879733,0.0020661955,0.052801263,0.09487635642290115,0.08350393921136856,9.232855796813965,0.008304846473038197,0.0023455587215721607,0.09113092720508575
1472,0.08935673534870148,1e-04,0.04857165,65.34913,0.002785226,0.0020643445,0.05277524,0.09474688768386841,0.08349683880805969,9.232107162475586,0.008303207345306873,0.002345090499147773,0.09112193435430527
1473,0.08922617137432098,1e-04,0.048543934,65.32302,0.002782487,0.0020624988,0.052749284,0.09461773186922073,0.08348986506462097,9.23137378692627,0.00830159429460764,0.002344630192965269,0.09111308306455612
1474,0.08909589052200317,1e-04,0.048516244,65.29695,0.0027797527,0.0020606553,0.05272336,0.09448885917663574,0.08348292857408524,9.230644226074219,0.008299987763166428,0.00234417081810534,0.09110426902770996
1475,0.08896589279174805,1e-04,0.04848862,65.27091,0.0027770256,0.0020588173,0.05269749,0.09436029195785522,0.08347605913877487,9.2299222946167,0.008298392407596111,0.002343718195334077,0.09109551459550858
1476,0.0888361930847168,1e-04,0.048461027,65.24493,0.0027743042,0.0020569826,0.052671663,0.0942320004105568,0.08346927165985107,9.229209899902344,0.008296814747154713,0.0023432685993611813,0.09108684957027435
1477,0.08870677649974823,1e-04,0.048433505,65.219,0.0027715904,0.002055153,0.052645896,0.09410400688648224,0.08346255868673325,9.228506088256836,0.008295245468616486,0.002342821331694722,0.09107823669910431
1478,0.08857764303684235,1e-04,0.048406005,65.19309,0.0027688805,0.0020533255,0.052620154,0.09397630393505096,0.08345591276884079,9.227808952331543,0.008293692953884602,0.0023423784878104925,0.09106971323490143
1479,0.08844879269599915,1e-04,0.04837856,65.16722,0.002766177,0.0020515027,0.052594457,0.09384890645742416,0.0834493339061737,9.227120399475098,0.008292155340313911,0.0023419405333697796,0.09106127172708511
1480,0.08832022547721863,1e-04,0.04835116,65.1414,0.0027634797,0.0020496834,0.05256881,0.09372178465127945,0.08344286680221558,9.226445198059082,0.008290630765259266,0.002341507701203227,0.09105289727449417
1481,0.0881919339299202,1e-04,0.04832379,65.11561,0.002760787,0.0020478673,0.052543193,0.09359495341777802,0.08343639224767685,9.225767135620117,0.008289110846817493,0.0023410755675286055,0.09104455262422562
1482,0.08806395530700684,1e-04,0.048296504,65.08988,0.002758103,0.0020460573,0.052517645,0.09346843510866165,0.0834299847483635,9.22509765625,0.008287603966891766,0.0023406457621604204,0.09103627502918243
1483,0.08793624490499496,1e-04,0.048269242,65.064186,0.0027554235,0.0020442496,0.052492127,0.09334218502044678,0.08342371135950089,9.224444389343262,0.008286119438707829,0.0023402238730341196,0.0910281240940094
1484,0.08780881762504578,1e-04,0.04824203,65.03853,0.00275275,0.0020424458,0.052466657,0.09321622550487518,0.08341749757528305,9.223795890808105,0.008284644223749638,0.0023398043122142553,0.09102001786231995
1485,0.08768166601657867,1e-04,0.048214853,65.01292,0.0027500826,0.0020406465,0.052441232,0.09309055656194687,0.083411306142807,9.223152160644531,0.008283175528049469,0.0023393870797008276,0.09101195633411407
1486,0.08755480498075485,1e-04,0.048187725,64.98734,0.0027474202,0.0020388498,0.05241584,0.09296517819166183,0.0834052562713623,9.22252368927002,0.00828173104673624,0.002338977297767997,0.09100401401519775
1487,0.08742821961641312,1e-04,0.048160665,64.961815,0.0027447662,0.0020370586,0.052390516,0.09284008294343948,0.08339923620223999,9.221898078918457,0.00828029215335846,0.0023385684471577406,0.09099610894918442
1488,0.08730190247297287,1e-04,0.04813362,64.93631,0.002742115,0.002035269,0.052365206,0.09271527081727982,0.08339329808950424,9.221282005310059,0.008278871886432171,0.002338165184482932,0.09098830819129944
1489,0.0871758684515953,1e-04,0.048106622,64.91084,0.00273947,0.002033484,0.052339945,0.09259075671434402,0.08338745683431625,9.220677375793457,0.008277463726699352,0.002337767044082284,0.09098056703805923
1490,0.08705012500286102,1e-04,0.048079677,64.88544,0.0027368313,0.002031703,0.052314732,0.09246652573347092,0.08338167518377304,9.220078468322754,0.008276070468127728,0.0023373709991574287,0.0909729078412056
1491,0.08692465722560883,1e-04,0.04805278,64.86006,0.002734199,0.002029926,0.052289568,0.0923425555229187,0.08337590098381042,9.219482421875,0.008274673484265804,0.0023369742557406425,0.09096523374319077
1492,0.08679945021867752,1e-04,0.048025932,64.834724,0.0027315717,0.002028152,0.05226444,0.09221889078617096,0.08337026834487915,9.218901634216309,0.008273306302726269,0.002336587058380246,0.09095771610736847
1493,0.08667454123497009,1e-04,0.047999136,64.80947,0.0027289523,0.0020263838,0.052239377,0.0920955166220665,0.08336470276117325,9.218327522277832,0.008271954022347927,0.0023362047504633665,0.09095028042793274
1494,0.08654990047216415,1e-04,0.047972362,64.78422,0.0027263372,0.0020246177,0.05221434,0.09197240322828293,0.08335917443037033,9.217758178710938,0.00827060267329216,0.002335822442546487,0.0909428521990776
1495,0.0864255279302597,1e-04,0.047945645,64.758995,0.002723727,0.0020228554,0.05218934,0.09184958785772324,0.08335376530885696,9.217203140258789,0.008269275538623333,0.0023354452569037676,0.09093555808067322
1496,0.08630143851041794,1e-04,0.047918957,64.73381,0.002721122,0.002021096,0.052164376,0.09172705560922623,0.08334843069314957,9.216656684875488,0.008267958648502827,0.002335072262212634,0.09092831611633301
1497,0.08617762476205826,1e-04,0.04789234,64.70869,0.0027185252,0.0020193416,0.05213948,0.0916047990322113,0.08334314078092575,9.216114044189453,0.008266652934253216,0.0023347034584730864,0.09092113375663757
1498,0.08605407178401947,1e-04,0.047865745,64.68358,0.0027159315,0.0020175898,0.0521146,0.09148282557725906,0.0833379402756691,9.215582847595215,0.008265365846455097,0.002334339078515768,0.0909140557050705
1499,0.08593080192804337,1e-04,0.0478392,64.65855,0.002713345,0.0020158424,0.052089777,0.09136112779378891,0.08333278447389603,9.215056419372559,0.008264082483947277,0.002333977958187461,0.09090700000524521
1500,0.08580780774354935,1e-04,0.0478127,64.63351,0.0027107622,0.0020140975,0.05206498,0.09123971313238144,0.08332771807909012,9.214539527893066,0.00826281774789095,0.0023336189333349466,0.09090004116296768
1501,0.08568508177995682,1e-04,0.047786254,64.60856,0.002708188,0.002012358,0.052040253,0.09111858159303665,0.08332274109125137,9.214034080505371,0.00826156884431839,0.002333266893401742,0.09089317172765732
1502,0.08556262403726578,1e-04,0.04775984,64.58363,0.002705618,0.0020106216,0.052015554,0.09099769592285156,0.08331774920225143,9.21352481842041,0.008260316215455532,0.002332910895347595,0.09088627994060516
1503,0.08544043451547623,1e-04,0.047733463,64.5587,0.0027030515,0.0020088863,0.051990878,0.09087713062763214,0.08331293612718582,9.213038444519043,0.008259098045527935,0.0023325677029788494,0.09087958186864853
1504,0.08531852811574936,1e-04,0.047707133,64.53384,0.0027004916,0.0020071564,0.051966254,0.09075681120157242,0.08330812305212021,9.212550163269043,0.008257878012955189,0.0023322252091020346,0.0908728688955307
1505,0.08519686758518219,1e-04,0.047680855,64.509026,0.0026979386,0.0020054304,0.051941685,0.09063677489757538,0.08330338448286057,9.212071418762207,0.008256671018898487,0.0023318836465477943,0.09086622297763824
1506,0.0850754901766777,1e-04,0.04765461,64.48424,0.0026953896,0.0020037077,0.05191714,0.09051702916622162,0.08329882472753525,9.211613655090332,0.008255493827164173,0.0023315518628805876,0.09085974842309952
1507,0.08495438098907471,1e-04,0.04762843,64.45952,0.002692849,0.0020019899,0.051892668,0.09039755165576935,0.08329425007104874,9.211153030395508,0.008254320360720158,0.0023312231060117483,0.09085328876972198
1508,0.0848335325717926,1e-04,0.047602274,64.4348,0.002690311,0.002000274,0.051868208,0.09027834236621857,0.08328979462385178,9.210705757141113,0.008253161795437336,0.00233089760877192,0.09084691107273102
1509,0.08471295982599258,1e-04,0.047576156,64.4101,0.0026877776,0.0019985607,0.05184378,0.09015940129756927,0.08328533917665482,9.210261344909668,0.008252006955444813,0.002330570248886943,0.09084055572748184
1510,0.08459264785051346,1e-04,0.047550105,64.3855,0.0026852528,0.0019968532,0.051819425,0.09004075080156326,0.08328104019165039,9.209831237792969,0.008250880055129528,0.0023302542977035046,0.0908343568444252
1511,0.08447259664535522,1e-04,0.04752406,64.36091,0.0026827313,0.0019951484,0.051795088,0.08992236852645874,0.08327675610780716,9.209403991699219,0.008249755948781967,0.0023299388121813536,0.09082816541194916
1512,0.08435282856225967,1e-04,0.0474981,64.33635,0.0026802167,0.001993447,0.05177081,0.0898042619228363,0.08327258378267288,9.208991050720215,0.008248649537563324,0.00232962635345757,0.09082207828760147
1513,0.08423331379890442,1e-04,0.047472138,64.31182,0.0026777047,0.0019917479,0.051746543,0.08968640863895416,0.08326847106218338,9.20858383178711,0.00824755523353815,0.0023293213453143835,0.09081605076789856
1514,0.08411405980587006,1e-04,0.047446243,64.28735,0.0026752,0.0019900536,0.051722337,0.0895688384771347,0.08326441794633865,9.208182334899902,0.008246472105383873,0.0023290161043405533,0.09081009030342102
1515,0.08399505913257599,1e-04,0.04742039,64.26291,0.002672701,0.0019883628,0.05169817,0.08945153653621674,0.08326052874326706,9.20780086517334,0.00824541412293911,0.002328719012439251,0.09080426394939423
1516,0.08387633413076401,1e-04,0.047394566,64.238495,0.0026702064,0.0019866747,0.05167404,0.08933451026678085,0.08325659483671188,9.207413673400879,0.008244351483881474,0.0023284212220460176,0.09079840779304504
1517,0.08375787734985352,1e-04,0.0473688,64.21415,0.002667718,0.0019849911,0.051649958,0.08921775221824646,0.08325278759002686,9.20704174041748,0.008243311196565628,0.0023281308822333813,0.0907926857471466
1518,0.08363968133926392,1e-04,0.047343075,64.18982,0.0026652347,0.0019833106,0.05162591,0.08910125494003296,0.0832490548491478,9.206677436828613,0.008242284879088402,0.0023278428707271814,0.09078703075647354
1519,0.08352172374725342,1e-04,0.047317386,64.165504,0.0026627558,0.001981632,0.051601898,0.08898503333330154,0.08324537426233292,9.206320762634277,0.008241268806159496,0.0023275590501725674,0.09078143537044525
1520,0.083404041826725,1e-04,0.04729173,64.14123,0.0026602815,0.001979957,0.05157792,0.08886907994747162,0.0832417905330658,9.205973625183105,0.008240267634391785,0.002327280817553401,0.09077592194080353
1521,0.08328662067651749,1e-04,0.047266122,64.11701,0.0026578128,0.0019782868,0.05155398,0.0887533649802208,0.08323821425437927,9.20562744140625,0.008239269256591797,0.0023270004894584417,0.090770423412323
1522,0.08316944539546967,1e-04,0.047240548,64.09283,0.00265535,0.0019766192,0.05153009,0.08863794803619385,0.0832347571849823,9.20529556274414,0.008238290436565876,0.0023267276119440794,0.09076502919197083
1523,0.08305254578590393,1e-04,0.047215022,64.068665,0.0026528921,0.0019749547,0.051506232,0.08852279186248779,0.08323141932487488,9.204976081848145,0.00823733489960432,0.0023264612536877394,0.0907597616314888
1524,0.0829358920454979,1e-04,0.047189552,64.04458,0.002650441,0.001973295,0.05148243,0.08840790390968323,0.08322810381650925,9.204660415649414,0.008236381225287914,0.0023261960595846176,0.09075450897216797
1525,0.08281951397657394,1e-04,0.047164105,64.0205,0.0026479936,0.0019716376,0.05145866,0.08829326182603836,0.08322489261627197,9.204357147216797,0.008235445246100426,0.0023259357549250126,0.0907493531703949
1526,0.0827033743262291,1e-04,0.0471387,63.99646,0.0026455515,0.0019699836,0.051434923,0.08817891031503677,0.08322177082300186,9.20406436920166,0.00823452603071928,0.002325679175555706,0.09074428677558899
1527,0.08258749544620514,1e-04,0.04711333,63.972446,0.0026431126,0.0019683316,0.05141121,0.08806480467319489,0.08321866393089294,9.203770637512207,0.008233612403273582,0.0023254244588315487,0.09073925763368607
1528,0.08247187733650208,1e-04,0.04708802,63.948498,0.0026406816,0.0019666853,0.051387563,0.08795095980167389,0.08321571350097656,9.203497886657715,0.008232721127569675,0.002325179520994425,0.0907343402504921
1529,0.08235649764537811,1e-04,0.047062732,63.92454,0.0026382538,0.0019650403,0.051363934,0.08783739805221558,0.08321281522512436,9.203228950500488,0.008231843821704388,0.0023249362129718065,0.09072951227426529
1530,0.08224138617515564,1e-04,0.047037482,63.900654,0.0026358324,0.0019633998,0.05134036,0.08772408217191696,0.08320996910333633,9.202967643737793,0.008230973966419697,0.00232469430193305,0.09072471410036087
1531,0.08212652057409286,1e-04,0.04701228,63.876797,0.0026334154,0.0019617623,0.051316813,0.08761104196310043,0.08320724219083786,9.202717781066895,0.008230124600231647,0.00232446170412004,0.090720035135746
1532,0.08201192319393158,1e-04,0.046987124,63.852985,0.0026310037,0.001960128,0.05129331,0.0874982476234436,0.08320453017950058,9.202471733093262,0.008229277096688747,0.0023242244496941566,0.09071536362171173
1533,0.0818975642323494,1e-04,0.046962,63.82918,0.002628597,0.001958497,0.051269844,0.08738571405410767,0.08320194482803345,9.202239990234375,0.008228453807532787,0.0023239993024617434,0.0907108262181282
1534,0.08178345113992691,1e-04,0.04693692,63.80544,0.002626195,0.001956869,0.051246416,0.08727346360683441,0.08319943398237228,9.20201587677002,0.008227641694247723,0.0023237743880599737,0.09070634841918945
1535,0.08166961371898651,1e-04,0.046911884,63.78172,0.0026237997,0.0019552456,0.05122304,0.08716143667697906,0.08319693803787231,9.201794624328613,0.008226833306252956,0.0023235504049807787,0.09070189297199249
1536,0.08155600726604462,1e-04,0.046886884,63.758038,0.0026214072,0.0019536237,0.05119968,0.0870496854186058,0.08319458365440369,9.201589584350586,0.00822604913264513,0.0023233352694660425,0.09069757163524628
1537,0.08144266158342361,1e-04,0.046861917,63.734386,0.0026190202,0.0019520056,0.05117636,0.08693818747997284,0.08319226652383804,9.201388359069824,0.008225270546972752,0.0023231199011206627,0.09069328010082245
1538,0.08132955431938171,1e-04,0.04683698,63.710762,0.0026166372,0.0019503898,0.051153075,0.08682695776224136,0.08319005370140076,9.201199531555176,0.008224512450397015,0.0023229143116623163,0.09068910032510757
1539,0.0812167078256607,1e-04,0.04681212,63.687202,0.0026142618,0.0019487791,0.05112985,0.08671598136425018,0.08318793773651123,9.201022148132324,0.008223769254982471,0.0023227098863571882,0.09068500250577927
1540,0.0811041072010994,1e-04,0.046787262,63.663635,0.0026118886,0.0019471695,0.05110664,0.0866052582859993,0.0831858292222023,9.200843811035156,0.008223030716180801,0.0023225070908665657,0.09068092703819275
1541,0.08099174499511719,1e-04,0.046762455,63.64013,0.0026095212,0.0019455642,0.05108347,0.08649478852748871,0.08318384736776352,9.20068073272705,0.008222308941185474,0.0023223108146339655,0.09067694842815399
1542,0.08087962865829468,1e-04,0.046737693,63.616657,0.002607159,0.0019439616,0.05106035,0.08638457953929901,0.08318192511796951,9.200525283813477,0.008221604861319065,0.0023221191950142384,0.090673066675663
1543,0.08076776564121246,1e-04,0.046712965,63.593227,0.0026048026,0.0019423636,0.051037267,0.08627460896968842,0.08318004757165909,9.200374603271484,0.008220900781452656,0.0023219247814267874,0.090669184923172
1544,0.08065616339445114,1e-04,0.04668829,63.569828,0.0026024503,0.001940768,0.05101422,0.0861649215221405,0.0831783190369606,9.200242042541504,0.00822022557258606,0.002321743406355381,0.09066545963287354
1545,0.08054479211568832,1e-04,0.04666362,63.54644,0.002600101,0.0019391739,0.050991185,0.0860554650425911,0.08317660540342331,9.200108528137207,0.00821955781430006,0.0023215620312839746,0.09066177904605865
1546,0.08043365925550461,1e-04,0.046639018,63.523106,0.0025977585,0.0019375844,0.05096821,0.08594626188278198,0.08317498117685318,9.19998836517334,0.008218899369239807,0.002321383683010936,0.09065814316272736
1547,0.08032277971506119,1e-04,0.04661445,63.499794,0.0025954207,0.0019359983,0.05094527,0.08583731204271317,0.08317341655492783,9.199872016906738,0.008218253031373024,0.002321207197383046,0.09065458178520203
1548,0.08021214604377747,1e-04,0.046589915,63.47653,0.0025930873,0.001934414,0.050922364,0.08572861552238464,0.08317195624113083,9.199769973754883,0.008217626251280308,0.002321039093658328,0.09065112471580505
1549,0.08010174334049225,1e-04,0.04656541,63.453278,0.0025907573,0.0019328331,0.050899483,0.08562017977237701,0.0831705704331398,9.199676513671875,0.008217011578381062,0.002320872386917472,0.09064773470163345
1550,0.07999160140752792,1e-04,0.046540953,63.430096,0.0025884344,0.0019312567,0.05087666,0.08551198989152908,0.08316925168037415,9.199589729309082,0.00821640808135271,0.0023207112681120634,0.09064440429210663
1551,0.0798816978931427,1e-04,0.04651652,63.40691,0.0025861135,0.0019296812,0.050853845,0.08540404587984085,0.08316802978515625,9.19951343536377,0.008215823210775852,0.0023205531761050224,0.09064117819070816
1552,0.07977201789617538,1e-04,0.04649215,63.383762,0.0025837994,0.00192811,0.050831087,0.08529636263847351,0.08316686749458313,9.199446678161621,0.00821524579077959,0.0023203992750495672,0.09063799679279327
1553,0.07966260612010956,1e-04,0.046467815,63.360687,0.002581491,0.001926543,0.050808374,0.08518891036510468,0.08316577225923538,9.199385643005371,0.008214683271944523,0.0023202490992844105,0.09063488990068436
1554,0.07955341041088104,1e-04,0.04644349,63.33759,0.0025791845,0.0019249764,0.050785672,0.08508172631263733,0.08316480368375778,9.199339866638184,0.008214139379560947,0.002320105442777276,0.0906318873167038
1555,0.07944446802139282,1e-04,0.046419222,63.314552,0.0025768839,0.0019234143,0.05076302,0.08497478067874908,0.08316386491060257,9.199296951293945,0.008213605731725693,0.0023199624847620726,0.09062894433736801
1556,0.0793357640504837,1e-04,0.046394978,63.291542,0.0025745872,0.0019218542,0.05074039,0.08486808091402054,0.08316302299499512,9.199265480041504,0.008213083259761333,0.0023198251146823168,0.090626060962677
1557,0.07922729104757309,1e-04,0.046370797,63.268604,0.0025722974,0.0019202996,0.05071782,0.08476163446903229,0.08316224813461304,9.199241638183594,0.008212574757635593,0.0023196896072477102,0.09062325954437256
1558,0.07911907136440277,1e-04,0.046346627,63.245636,0.002570009,0.001918745,0.050695255,0.08465539664030075,0.08316148072481155,9.19921875,0.008212068118155003,0.0023195568937808275,0.09062046557664871
1559,0.07901106029748917,1e-04,0.046322502,63.22273,0.0025677271,0.0019171947,0.050672743,0.0845494493842125,0.08316090703010559,9.199217796325684,0.008211595937609673,0.0023194325622171164,0.09061785787343979
1560,0.07890330255031586,1e-04,0.046298426,63.199867,0.0025654505,0.0019156479,0.050650276,0.08444374799728394,0.083160400390625,9.199225425720215,0.00821113120764494,0.0023193119559437037,0.09061529487371445
1561,0.07879579067230225,1e-04,0.046274383,63.177025,0.0025631771,0.0019141032,0.05062783,0.08433826267719269,0.0831599235534668,9.199236869812012,0.008210673928260803,0.0023191922809928656,0.09061276912689209
1562,0.07868850231170654,1e-04,0.046250377,63.154224,0.0025609098,0.0019125629,0.05060543,0.08423305302858353,0.08315955847501755,9.199259757995605,0.00821023527532816,0.0023190779611468315,0.09061034768819809
1563,0.07858146727085114,1e-04,0.04622639,63.131443,0.002558645,0.0019110237,0.05058305,0.08412807434797287,0.08315924555063248,9.199289321899414,0.008209808729588985,0.002318970626220107,0.09060799330472946
1564,0.07847464829683304,1e-04,0.04620244,63.108685,0.002556384,0.0019094875,0.050560698,0.08402334153652191,0.08315897732973099,9.199324607849121,0.00820938777178526,0.0023188611958175898,0.09060566872358322
1565,0.07836808264255524,1e-04,0.046178546,63.085976,0.00255413,0.0019079549,0.050538402,0.08391884714365005,0.08315887302160263,9.199377059936523,0.008208994753658772,0.0023187592159956694,0.09060350060462952
1566,0.07826173305511475,1e-04,0.046154674,63.063293,0.0025518793,0.0019064253,0.05051613,0.0838145911693573,0.08315879851579666,9.199435234069824,0.008208608254790306,0.0023186623584479094,0.0906013697385788
1567,0.07815562188625336,1e-04,0.046130855,63.040657,0.0025496345,0.001904899,0.050493907,0.08371058851480484,0.08315881341695786,9.199501991271973,0.00820823572576046,0.0023185675963759422,0.09059931337833405
1568,0.07804974913597107,1e-04,0.04610705,63.018024,0.002547392,0.0019033743,0.050471693,0.08360682427883148,0.08315891027450562,9.199578285217285,0.008207877166569233,0.002318478189408779,0.09059733897447586
1569,0.07794410735368729,1e-04,0.046083283,62.99544,0.0025451544,0.0019018536,0.050449524,0.08350330591201782,0.08315909653902054,9.199666023254395,0.008207536302506924,0.002318393671885133,0.09059545397758484
1570,0.07783869653940201,1e-04,0.046059575,62.9729,0.0025429227,0.0019003358,0.0504274,0.08340001106262207,0.08315930515527725,9.199755668640137,0.008207195438444614,0.0023183096200227737,0.09059357643127441
1571,0.07773350924253464,1e-04,0.04603588,62.95038,0.0025406943,0.0018988202,0.0504053,0.08329697698354721,0.08315963298082352,9.199859619140625,0.008206878788769245,0.002318232087418437,0.09059182554483414
1572,0.07762857526540756,1e-04,0.046012234,62.92789,0.002538471,0.0018973082,0.05038324,0.08319416642189026,0.08316000550985336,9.199966430664062,0.008206569589674473,0.0023181557189673185,0.09059011936187744
1573,0.0775238499045372,1e-04,0.04598862,62.905422,0.0025362505,0.0018957978,0.0503612,0.08309159427881241,0.08316051959991455,9.200092315673828,0.008206280879676342,0.0023180870339274406,0.0905885249376297
1574,0.07741934806108475,1e-04,0.04596504,62.883022,0.0025340363,0.0018942918,0.05033921,0.08298926800489426,0.08316102623939514,9.200217247009277,0.00820599403232336,0.0023180183488875628,0.09058694541454315
1575,0.07731509953737259,1e-04,0.0459415,62.860626,0.0025318267,0.0018927882,0.05031726,0.08288716524839401,0.08316165208816528,9.20035457611084,0.00820572767406702,0.002317956183105707,0.09058547019958496
1576,0.07721105962991714,1e-04,0.045917995,62.838257,0.00252962,0.0018912872,0.050295327,0.08278530091047287,0.08316231518983841,9.2004976272583,0.008205465972423553,0.0023178947158157825,0.09058402478694916
1577,0.0771072581410408,1e-04,0.04589453,62.815907,0.0025274178,0.0018897885,0.05027343,0.08268369734287262,0.08316311985254288,9.200655937194824,0.00820523127913475,0.0023178395349532366,0.09058272838592529
1578,0.07700368762016296,1e-04,0.045871086,62.793613,0.0025252204,0.0018882932,0.05025157,0.08258229494094849,0.08316394686698914,9.20081615447998,0.008204998448491096,0.0023177878465503454,0.09058144688606262
1579,0.07690032571554184,1e-04,0.045847684,62.771328,0.0025230262,0.0018867998,0.050229736,0.08248115330934525,0.08316487818956375,9.200989723205566,0.00820478517562151,0.0023177412804216146,0.09058026969432831
1580,0.07679720968008041,1e-04,0.045824323,62.749092,0.0025208385,0.0018853109,0.050207954,0.0823802500963211,0.08316591382026672,9.20117473602295,0.00820458959788084,0.0023176998365670443,0.09057918936014175
1581,0.0766943097114563,1e-04,0.045800973,62.72687,0.0025186518,0.0018838224,0.050186172,0.08227957040071487,0.08316701650619507,9.201367378234863,0.008204404264688492,0.0023176618851721287,0.09057816863059998
1582,0.07659164071083069,1e-04,0.04577768,62.704685,0.0025164713,0.001882338,0.050164443,0.08217911422252655,0.0831681415438652,9.201563835144043,0.008204221725463867,0.002317623468115926,0.0905771553516388
1583,0.07648918777704239,1e-04,0.045754425,62.682552,0.0025142964,0.0018808572,0.05014276,0.08207888901233673,0.0831693708896637,9.201770782470703,0.008204060606658459,0.002317592268809676,0.09057626873254776
1584,0.0763869509100914,1e-04,0.045731194,62.660427,0.002512124,0.001879378,0.05012109,0.08197890967130661,0.08317071199417114,9.201991081237793,0.008203916251659393,0.002317564096301794,0.09057547152042389
1585,0.07628494501113892,1e-04,0.045708004,62.638348,0.0025099567,0.0018779024,0.05009947,0.08187916874885559,0.08317211270332336,9.202218055725098,0.008203783072531223,0.0023175429087132215,0.0905747339129448
1586,0.07618317008018494,1e-04,0.045684826,62.616272,0.0025077914,0.0018764279,0.05007785,0.08177965134382248,0.08317358046770096,9.202454566955566,0.008203660137951374,0.002317521022632718,0.09057405591011047
1587,0.07608162611722946,1e-04,0.045661706,62.594257,0.0025056326,0.0018749579,0.050056294,0.08168037235736847,0.0831751599907875,9.202702522277832,0.008203556761145592,0.002317507052794099,0.09057348966598511
1588,0.0759802907705307,1e-04,0.045638613,62.572247,0.0025034773,0.0018734895,0.05003476,0.08158130943775177,0.08317676931619644,9.202954292297363,0.008203459903597832,0.002317494712769985,0.09057295322418213
1589,0.07587917149066925,1e-04,0.045615543,62.550274,0.002501325,0.0018720239,0.050013248,0.08148249983787537,0.08317849040031433,9.203218460083008,0.00820337887853384,0.002317487495020032,0.09057250618934631
1590,0.0757782906293869,1e-04,0.045592528,62.528316,0.002499178,0.0018705606,0.04999178,0.08138390630483627,0.08318028599023819,9.2034912109375,0.008203315548598766,0.0023174844682216644,0.09057215601205826
1591,0.07567762583494186,1e-04,0.045569535,62.50641,0.0024970355,0.0018691005,0.049970347,0.08128554373979568,0.08318215608596802,9.20377254486084,0.00820325966924429,0.002317483304068446,0.09057185053825378
1592,0.07557717710733414,1e-04,0.04554658,62.48453,0.002494897,0.0018676438,0.049948946,0.0811874195933342,0.0831841304898262,9.204066276550293,0.008203227072954178,0.002317489357665181,0.09057167172431946
1593,0.07547695189714432,1e-04,0.04552365,62.462685,0.0024927617,0.0018661888,0.049927566,0.08108949661254883,0.08318611234426498,9.204360961914062,0.008203189820051193,0.002317494945600629,0.09057146310806274
1594,0.07537693530321121,1e-04,0.045500763,62.440884,0.0024906318,0.0018647378,0.04990623,0.08099183440208435,0.0831882432103157,9.204672813415527,0.008203183300793171,0.0023175112437456846,0.09057142585515976
1595,0.07527714967727661,1e-04,0.045477893,62.419067,0.002488504,0.0018632878,0.049884908,0.08089437335729599,0.08319038897752762,9.204986572265625,0.008203177712857723,0.0023175242822617292,0.09057139605283737
1596,0.07517757266759872,1e-04,0.045455072,62.397312,0.0024863824,0.0018618414,0.049863636,0.08079715818166733,0.08319268375635147,9.205317497253418,0.008203196339309216,0.0023175461683422327,0.09057150036096573
1597,0.07507821917533875,1e-04,0.04543229,62.37557,0.0024842639,0.0018603972,0.04984239,0.08070015907287598,0.08319497853517532,9.205648422241211,0.008203214965760708,0.002317568752914667,0.09057160466909409
1598,0.07497909665107727,1e-04,0.04540952,62.353855,0.0024821484,0.0018589552,0.049821164,0.08060337603092194,0.08319735527038574,9.205988883972168,0.008203248493373394,0.0023175945971161127,0.09057178348302841
1599,0.07488016784191132,1e-04,0.0453868,62.332176,0.0024800382,0.0018575165,0.049799982,0.0805068239569664,0.08319982141256332,9.206337928771973,0.008203297853469849,0.002317625330761075,0.0905720591545105
1600,0.07478146255016327,1e-04,0.045364108,62.310535,0.0024779323,0.0018560803,0.049778834,0.08041050285100937,0.08320236951112747,9.20669937133789,0.008203358389437199,0.002317659091204405,0.09057239443063736
1601,0.07468297332525253,1e-04,0.04534146,62.288918,0.0024758303,0.0018546475,0.049757715,0.08031440526247025,0.08320498466491699,9.207066535949707,0.008203434757888317,0.0023176984395831823,0.09057281166315079
1602,0.07458470016717911,1e-04,0.04531883,62.267334,0.0024737322,0.0018532166,0.04973663,0.08021852374076843,0.08320772647857666,9.207449913024902,0.008203528821468353,0.002317741746082902,0.09057333320379257
1603,0.0744866356253624,1e-04,0.045296233,62.245766,0.0024716374,0.0018517878,0.049715564,0.08012288063764572,0.0832105204463005,9.207839012145996,0.00820363312959671,0.002317789476364851,0.09057390689849854
1604,0.07438879460096359,1e-04,0.04527368,62.22423,0.0024695473,0.0018503618,0.04969454,0.08002744615077972,0.08321332931518555,9.208229064941406,0.008203741163015366,0.002317838603630662,0.09057450294494629
1605,0.0742911621928215,1e-04,0.045251142,62.20272,0.0024674602,0.0018489377,0.049673535,0.07993223518133163,0.08321627974510193,9.208635330200195,0.008203872479498386,0.0023178926203399897,0.09057523310184479
1606,0.07419373840093613,1e-04,0.045228656,62.18127,0.002465379,0.0018475185,0.049652584,0.07983725517988205,0.08321934938430786,9.20905590057373,0.008204025216400623,0.002317955018952489,0.09057607501745224
1607,0.07409653067588806,1e-04,0.04520619,62.15981,0.0024632995,0.0018460999,0.04963164,0.07974249124526978,0.0832223892211914,9.20947265625,0.008204170502722263,0.0023180132266134024,0.09057687968015671
1608,0.0739995464682579,1e-04,0.04518375,62.13837,0.002461224,0.0018446833,0.049610727,0.07964793592691422,0.08322557061910629,9.209906578063965,0.008204340003430843,0.0023180798161774874,0.09057781100273132
1609,0.07390274852514267,1e-04,0.045161348,62.116985,0.0024591533,0.0018432703,0.04958985,0.07955361157655716,0.08322878926992416,9.210343360900879,0.00820451881736517,0.00231814943253994,0.09057880192995071
1610,0.07380618155002594,1e-04,0.045138992,62.095623,0.0024570867,0.0018418599,0.04956901,0.07945951819419861,0.08323211222887039,9.210793495178223,0.008204714395105839,0.0023182237055152655,0.09057987481355667
1611,0.07370983064174652,1e-04,0.045116663,62.0743,0.0024550243,0.0018404525,0.0495482,0.07936561852693558,0.0832354724407196,9.211247444152832,0.008204915560781956,0.002318297978490591,0.09058099240064621
1612,0.07361366599798203,1e-04,0.045094367,62.05298,0.0024529654,0.0018390465,0.04952742,0.07927196472883224,0.08323895931243896,9.211716651916504,0.008205138146877289,0.0023183810990303755,0.0905822142958641
1613,0.07351773977279663,1e-04,0.045072086,62.031704,0.0024509095,0.0018376431,0.04950666,0.07917851209640503,0.08324253559112549,9.21219539642334,0.008205375634133816,0.0023184679448604584,0.09058352559804916
1614,0.07342199236154556,1e-04,0.045049846,62.010445,0.0024488582,0.0018362424,0.04948594,0.07908529043197632,0.08324617892503738,9.21268367767334,0.008205626159906387,0.0023185580503195524,0.09058491140604019
1615,0.0733264833688736,1e-04,0.045027636,61.989223,0.0024468105,0.0018348446,0.049465246,0.07899226993322372,0.08324985951185226,9.213173866271973,0.008205880410969257,0.0023186509497463703,0.09058631211519241
1616,0.07323116064071655,1e-04,0.045005474,61.968037,0.002444767,0.0018334497,0.049444586,0.07889947295188904,0.08325362950563431,9.213676452636719,0.008206150494515896,0.0023187464103102684,0.0905878022313118
1617,0.07313604652881622,1e-04,0.04498332,61.946857,0.0024427262,0.0018320553,0.049423944,0.07880690693855286,0.0832575336098671,9.214194297790527,0.008206446655094624,0.0023188507184386253,0.09058944135904312
1618,0.0730411484837532,1e-04,0.044961195,61.92571,0.0024406894,0.0018306643,0.049403332,0.0787145346403122,0.08326137065887451,9.214702606201172,0.008206729777157307,0.00231895106844604,0.09059100598096848
1619,0.0729464590549469,1e-04,0.044939112,61.90458,0.0024386565,0.0018292757,0.049382754,0.07862240076065063,0.0832655057311058,9.21524715423584,0.00820705946534872,0.002319064922630787,0.09059282392263412
1620,0.07285196334123611,1e-04,0.044917066,61.88349,0.002436628,0.0018278903,0.049362212,0.0785304605960846,0.08326954394578934,9.215779304504395,0.008207377977669239,0.00231917598284781,0.090594582259655
1621,0.07275767624378204,1e-04,0.04489504,61.86244,0.0024346027,0.0018265068,0.049341694,0.07843873649835587,0.08327370882034302,9.216326713562012,0.0082077132537961,0.002319292165338993,0.09059643000364304
1622,0.07266360521316528,1e-04,0.04487306,61.84141,0.0024325824,0.0018251261,0.049321216,0.07834724336862564,0.08327797800302505,9.216886520385742,0.008208069950342178,0.002319412538781762,0.09059839695692062
1623,0.07256973534822464,1e-04,0.044851083,61.820396,0.0024305633,0.0018237466,0.049300745,0.07825595140457153,0.08328229933977127,9.217452049255371,0.008208437822759151,0.0023195380344986916,0.09060043096542358
1624,0.07247605919837952,1e-04,0.044829153,61.799408,0.0024285486,0.0018223702,0.04928031,0.07816486805677414,0.08328668028116226,9.218024253845215,0.008208812214434147,0.002319664927199483,0.09060249477624893
1625,0.0723825991153717,1e-04,0.044807266,61.778473,0.0024265402,0.0018209979,0.049259927,0.07807399332523346,0.08329112082719803,9.21860408782959,0.008209197781980038,0.002319795312359929,0.09060462564229965
1626,0.07228933274745941,1e-04,0.04478539,61.75753,0.0024245328,0.0018196255,0.049239546,0.07798334956169128,0.08329572528600693,9.21920108795166,0.008209609426558018,0.002319934079423547,0.09060689806938171
1627,0.07219627499580383,1e-04,0.044763543,61.736603,0.0024225286,0.0018182556,0.049219187,0.07789289951324463,0.08330029994249344,9.21979808807373,0.00821001548320055,0.00232007191516459,0.09060913324356079
1628,0.07210341095924377,1e-04,0.04474173,61.715755,0.0024205302,0.0018168899,0.049198885,0.07780267298221588,0.08330503851175308,9.22041130065918,0.00821045134216547,0.002320217667147517,0.0906115397810936
1629,0.07201075553894043,1e-04,0.044719968,61.694893,0.0024185348,0.0018155258,0.0491786,0.07771264761686325,0.08330979198217392,9.221026420593262,0.008210889995098114,0.0023203622549772263,0.0906139612197876
1630,0.0719183012843132,1e-04,0.044698212,61.674072,0.0024165418,0.0018141632,0.049158335,0.07762284576892853,0.08331462740898132,9.221652030944824,0.008211340755224228,0.0023205126635730267,0.09061644971370697
1631,0.07182605564594269,1e-04,0.044676505,61.65329,0.0024145546,0.0018128045,0.049138118,0.07753323763608932,0.08331958204507828,9.222290992736816,0.008211814798414707,0.002320669824257493,0.09061906486749649
1632,0.0717339962720871,1e-04,0.044654816,61.63251,0.0024125692,0.0018114466,0.04911791,0.07744385302066803,0.08332455903291702,9.222931861877441,0.00821229163557291,0.0023208255879580975,0.0906216949224472
1633,0.07164215296506882,1e-04,0.044633172,61.61178,0.0024105888,0.0018100921,0.049097747,0.07735466212034225,0.08332964777946472,9.223587036132812,0.008212787099182606,0.0023209911305457354,0.09062442928552628
1634,0.07155048847198486,1e-04,0.04461154,61.591045,0.0024086107,0.0018087393,0.049077597,0.07726569473743439,0.08333481103181839,9.224250793457031,0.008213292807340622,0.002321156905964017,0.09062721580266953
1635,0.07145904004573822,1e-04,0.04458993,61.570354,0.0024066363,0.0018073891,0.04905748,0.07717692852020264,0.08334001898765564,9.224918365478516,0.008213809691369534,0.002321326406672597,0.09063006937503815
1636,0.0713677778840065,1e-04,0.044568364,61.5497,0.0024046663,0.0018060415,0.049037397,0.0770883560180664,0.08334530144929886,9.225595474243164,0.00821433961391449,0.0023214996326714754,0.09063299745321274
1637,0.0712767168879509,1e-04,0.044546835,61.529057,0.0024026998,0.0018046962,0.04901734,0.07699999958276749,0.08335068821907043,9.22628402709961,0.00821488443762064,0.0023216779809445143,0.0906360000371933
1638,0.07118585705757141,1e-04,0.044525318,61.50843,0.0024007352,0.0018033516,0.048997298,0.07691184431314468,0.0833560898900032,9.226975440979004,0.008215433917939663,0.0023218567948788404,0.09063903242349625
1639,0.07109518349170685,1e-04,0.044503838,61.487854,0.0023987757,0.0018020113,0.048977297,0.07682390511035919,0.08336163312196732,9.227683067321777,0.008216004818677902,0.0023220430593937635,0.09064217656850815
1640,0.0710047259926796,1e-04,0.044482384,61.46729,0.002396819,0.0018006725,0.048957318,0.07673617452383041,0.0833672285079956,9.228395462036133,0.008216588757932186,0.0023222307208925486,0.09064540266990662
1641,0.07091445475816727,1e-04,0.04446096,61.44674,0.002394866,0.0017993351,0.04893737,0.07664863765239716,0.08337286859750748,9.229114532470703,0.008217176422476768,0.0023224230390042067,0.09064864367246628
1642,0.07082437723875046,1e-04,0.044439573,61.426228,0.0023929165,0.001798001,0.048917446,0.07656130939722061,0.08337864279747009,9.22984790802002,0.00821778830140829,0.0023226214107125998,0.09065201878547668
1643,0.07073449343442917,1e-04,0.04441821,61.405735,0.002390971,0.0017966693,0.048897557,0.07647418975830078,0.08338449150323868,9.230591773986816,0.008218410424888134,0.0023228225763887167,0.09065544605255127
1644,0.070644810795784,1e-04,0.044396877,61.38529,0.0023890291,0.00179534,0.048877697,0.07638727128505707,0.08339036256074905,9.231337547302246,0.008219041861593723,0.0023230246733874083,0.09065893292427063
1645,0.07055531442165375,1e-04,0.04437557,61.364845,0.0023870897,0.0017940125,0.048857853,0.07630054652690887,0.08339628577232361,9.232088088989258,0.008219677954912186,0.002323230030015111,0.09066244214773178
1646,0.07046602666378021,1e-04,0.044354297,61.34443,0.0023851546,0.0017926873,0.048838045,0.0762140303850174,0.08340238779783249,9.23285961151123,0.008220345713198185,0.0023234456311911345,0.09066612273454666
1647,0.0703769102692604,1e-04,0.04433305,61.324055,0.0023832226,0.0017913647,0.04881826,0.07612772285938263,0.08340851217508316,9.233634948730469,0.008221018128097057,0.0023236603010445833,0.09066983312368393
1648,0.07028798758983612,1e-04,0.04431182,61.303684,0.002381293,0.0017900432,0.048798494,0.07604160159826279,0.0834147036075592,9.234417915344238,0.008221697993576527,0.0023238782305270433,0.09067358076572418
1649,0.07019927352666855,1e-04,0.04429063,61.283325,0.0023793676,0.0017887244,0.04877876,0.07595568895339966,0.08342092484235764,9.235203742980957,0.008222385309636593,0.0023240994196385145,0.09067736566066742
1650,0.0701107531785965,1e-04,0.04426947,61.26302,0.002377446,0.001787408,0.04875906,0.07586998492479324,0.08342727273702621,9.236003875732422,0.008223096840083599,0.002324324334040284,0.090681292116642
1651,0.07002241909503937,1e-04,0.04424835,61.242744,0.0023755284,0.0017860945,0.048739392,0.07578447461128235,0.08343369513750076,9.23681354522705,0.008223817683756351,0.002324557164683938,0.09068527072668076
1652,0.06993426382541656,1e-04,0.044227242,61.22248,0.0023736132,0.0017847829,0.04871974,0.07569916546344757,0.08344020694494247,9.237632751464844,0.008224555291235447,0.0023247923236340284,0.09068933129310608
1653,0.06984630972146988,1e-04,0.044206165,61.202244,0.0023717012,0.0017834726,0.048700117,0.07561405003070831,0.08344676345586777,9.238457679748535,0.008225299417972565,0.002325028646737337,0.09069343656301498
1654,0.06975854933261871,1e-04,0.04418511,61.182026,0.002369793,0.0017821655,0.048680518,0.07552914321422577,0.08345337957143784,9.239289283752441,0.008226054720580578,0.0023252691607922316,0.09069760143756866
1655,0.06967097520828247,1e-04,0.04416408,61.161816,0.0023678872,0.0017808594,0.04866094,0.07544442266225815,0.08346007019281387,9.240130424499512,0.008226823061704636,0.002325513167306781,0.09070183336734772
1656,0.06958359479904175,1e-04,0.0441431,61.141666,0.0023659864,0.0017795569,0.048641406,0.07535989582538605,0.08346683531999588,9.24098014831543,0.008227602578699589,0.002325759967789054,0.09070613235235214
1657,0.06949637830257416,1e-04,0.044122137,61.121525,0.002364088,0.0017782558,0.04862189,0.07527559995651245,0.08347377926111221,9.241849899291992,0.008228414691984653,0.0023260179441422224,0.0907106101512909
1658,0.06940937787294388,1e-04,0.0441012,61.101402,0.002362193,0.0017769568,0.0486024,0.07519146800041199,0.08348065614700317,9.242711067199707,0.008229213766753674,0.002326273126527667,0.09071501344442368
1659,0.06932255625724792,1e-04,0.044080276,61.081318,0.0023603009,0.0017756602,0.048582926,0.07510754466056824,0.08348768949508667,9.243592262268066,0.008230037055909634,0.002326532267034054,0.0907195508480072
1660,0.0692359134554863,1e-04,0.044059392,61.061245,0.0023584121,0.0017743654,0.048563484,0.07502381503582001,0.08349474519491196,9.244475364685059,0.00823086779564619,0.0023267949000000954,0.09072413295507431
1661,0.06914947181940079,1e-04,0.044038534,61.04119,0.0023565267,0.0017730724,0.048544068,0.0749402791261673,0.083501897752285,9.245369911193848,0.008231711573898792,0.0023270610254257917,0.09072878211736679
1662,0.0690632164478302,1e-04,0.04401771,61.021175,0.0023546454,0.0017717824,0.04852469,0.07485693693161011,0.08350908756256104,9.246268272399902,0.00823256652802229,0.0023273308761417866,0.09073349088430405
1663,0.06897713989019394,1e-04,0.04399691,61.00118,0.0023527665,0.0017704946,0.048505325,0.07477379590272903,0.08351641893386841,9.247183799743652,0.008233442902565002,0.0023276074789464474,0.09073831886053085
1664,0.068891242146492,1e-04,0.043976136,60.981194,0.0023508908,0.0017692081,0.048485987,0.07469084113836288,0.08352375030517578,9.24809741973877,0.008234318345785141,0.002327883616089821,0.09074314683675766
1665,0.06880554556846619,1e-04,0.043955393,60.961246,0.002349019,0.0017679242,0.04846668,0.07460810244083405,0.08353123813867569,9.249031066894531,0.008235222660005093,0.0023281676694750786,0.090748131275177
1666,0.06872003525495529,1e-04,0.043934684,60.941338,0.0023471515,0.0017666436,0.04844741,0.07452553510665894,0.08353876322507858,9.249968528747559,0.008236131630837917,0.002328454749658704,0.09075313806533813
1667,0.06863468885421753,1e-04,0.043913994,60.92141,0.0023452851,0.0017653627,0.048428144,0.07444315403699875,0.08354633301496506,9.250911712646484,0.00823704618960619,0.002328741829842329,0.09075817465782166
1668,0.06854953616857529,1e-04,0.04389332,60.90155,0.0023434225,0.0017640853,0.04840891,0.07436098158359528,0.08355399966239929,9.25186538696289,0.008237981237471104,0.002329036360606551,0.09076332300901413
1669,0.06846456229686737,1e-04,0.043872688,60.881683,0.0023415633,0.0017628098,0.048389703,0.07427900284528732,0.0835617259144783,9.252825736999512,0.008238925598561764,0.002329333918169141,0.09076853096485138
1670,0.06837978214025497,1e-04,0.04385207,60.861847,0.002339707,0.0017615361,0.048370518,0.0741972029209137,0.0835694670677185,9.253788948059082,0.008239871822297573,0.002329629845917225,0.09077373892068863
1671,0.0682951807975769,1e-04,0.0438315,60.84205,0.0023378555,0.0017602654,0.048351377,0.07411559671163559,0.08357739448547363,9.254773139953613,0.00824084784835577,0.0023299360182136297,0.09077911823987961
1672,0.06821075081825256,1e-04,0.043810938,60.82227,0.0023360054,0.0017589958,0.04833224,0.0740341767668724,0.08358531445264816,9.255756378173828,0.008241825737059116,0.00233024382032454,0.09078450500965118
1673,0.06812650710344315,1e-04,0.043790393,60.80249,0.0023341572,0.0017577274,0.048313115,0.07395295053720474,0.08359330892562866,9.25674819946289,0.008242814801633358,0.002330553950741887,0.09078995138406754
1674,0.06804244965314865,1e-04,0.0437699,60.782734,0.0023323142,0.0017564624,0.048294038,0.0738719180226326,0.08360138535499573,9.257750511169434,0.008243818767368793,0.0023308671079576015,0.09079547971487045
1675,0.06795857846736908,1e-04,0.04374943,60.76304,0.0023304746,0.0017552,0.04827499,0.07379107177257538,0.08360955119132996,9.25876235961914,0.008244836702942848,0.002331187017261982,0.09080108255147934
1676,0.06787487119436264,1e-04,0.043728974,60.74333,0.0023286373,0.0017539382,0.048255958,0.07371041923761368,0.08361777663230896,9.259781837463379,0.008245863951742649,0.0023315090220421553,0.0908067375421524
1677,0.06779135763645172,1e-04,0.043708533,60.723644,0.0023268017,0.0017526782,0.048236933,0.0736299604177475,0.08362609148025513,9.260809898376465,0.008246908895671368,0.002331834752112627,0.09081248939037323
1678,0.06770802289247513,1e-04,0.04368815,60.704002,0.002324972,0.0017514218,0.048217963,0.07354968041181564,0.08363445848226547,9.261845588684082,0.008247962221503258,0.0023321632761508226,0.09081829339265823
1679,0.06762485951185226,1e-04,0.043667775,60.68437,0.0023231439,0.0017501664,0.048199,0.07346958667039871,0.08364289999008179,9.26288890838623,0.008249027654528618,0.0023324962239712477,0.09082415699958801
1680,0.06754188239574432,1e-04,0.043647416,60.66476,0.002321318,0.0017489124,0.04818006,0.0733896866440773,0.08365144580602646,9.263945579528809,0.008250109851360321,0.002332832897081971,0.09083011746406555
1681,0.06745907664299011,1e-04,0.043627106,60.645172,0.0023194968,0.001747662,0.048161156,0.07330995798110962,0.08365998417139053,9.26500129699707,0.008251193910837173,0.0023331723641604185,0.09083608537912369
1682,0.06737644225358963,1e-04,0.0436068,60.62561,0.0023176782,0.0017464124,0.04814227,0.07323043793439865,0.08366867154836655,9.266074180603027,0.008252298459410667,0.002333518350496888,0.09084216505289078
1683,0.06729400157928467,1e-04,0.043586534,60.60608,0.0023158628,0.0017451654,0.04812341,0.07315109670162201,0.08367738872766495,9.267149925231934,0.008253414183855057,0.002333864802494645,0.09084830433130264
1684,0.06721173226833344,1e-04,0.04356629,60.586575,0.0023140502,0.0017439205,0.048104577,0.07307194918394089,0.08368620276451111,9.268237113952637,0.00825454294681549,0.0023342168424278498,0.09085451811552048
1685,0.06712964177131653,1e-04,0.043546073,60.567078,0.002312241,0.0017426774,0.048085768,0.0729929581284523,0.08369500190019608,9.269323348999023,0.008255667984485626,0.0023345660883933306,0.09086070954799652
1686,0.06704773008823395,1e-04,0.043525882,60.54762,0.002310435,0.0017414367,0.048066985,0.07291416078805923,0.08370398730039597,9.270430564880371,0.008256826549768448,0.0023349267430603504,0.09086707979440689
1687,0.0669659674167633,1e-04,0.04350571,60.52815,0.0023086309,0.0017401965,0.048048213,0.07283556461334229,0.08371299505233765,9.271540641784668,0.008257987909018993,0.0023352873977273703,0.09087347239255905
1688,0.06688440591096878,1e-04,0.043485582,60.508736,0.0023068315,0.0017389599,0.048029486,0.07275713980197906,0.08372210711240768,9.272662162780762,0.008259165100753307,0.002335654804483056,0.09087994694709778
1689,0.06680300831794739,1e-04,0.043465458,60.48932,0.0023050332,0.0017377241,0.04801076,0.07267890870571136,0.08373124152421951,9.273787498474121,0.008260352537035942,0.002336023608222604,0.09088648110628128
1690,0.06672179698944092,1e-04,0.043445375,60.46995,0.0023032392,0.0017364909,0.047992073,0.0726008489727974,0.08374044299125671,9.274918556213379,0.008261546492576599,0.002336394041776657,0.09089305251836777
1691,0.06664074957370758,1e-04,0.0434253,60.45059,0.0023014473,0.0017352594,0.0479734,0.07252297550439835,0.08374974131584167,9.276062965393066,0.008262756280601025,0.002336770063266158,0.09089970588684082
1692,0.06655987352132797,1e-04,0.043405265,60.431248,0.0022996594,0.0017340299,0.047954764,0.07244528830051422,0.0837591290473938,9.277216911315918,0.008263986557722092,0.0023371519055217505,0.09090647101402283
1693,0.06647917628288269,1e-04,0.04338525,60.411938,0.0022978743,0.0017328028,0.04793615,0.07236777991056442,0.08376851677894592,9.27837085723877,0.008265211246907711,0.00233753165230155,0.09091320633888245
1694,0.06639865040779114,1e-04,0.043365262,60.392628,0.0022960915,0.001731577,0.04791755,0.07229043543338776,0.0837780013680458,9.279536247253418,0.008266453631222248,0.002337916987016797,0.09092003852128983
1695,0.06631829589605331,1e-04,0.04334529,60.373352,0.002294311,0.0017303526,0.047898967,0.07221329212188721,0.08378758281469345,9.280713081359863,0.008267712779343128,0.0023383081424981356,0.09092696756124496
1696,0.06623812019824982,1e-04,0.043325346,60.354107,0.0022925346,0.0017291309,0.04788042,0.07213632762432098,0.08379721641540527,9.281895637512207,0.008268982172012329,0.0023387018591165543,0.09093394130468369
1697,0.06615810096263885,1e-04,0.04330543,60.33488,0.002290761,0.0017279115,0.047861896,0.07205954194068909,0.08380690962076187,9.283085823059082,0.008270260877907276,0.002339098369702697,0.09094097465276718
1698,0.06607826799154282,1e-04,0.04328555,60.315678,0.002288991,0.0017266936,0.0478434,0.07198292762041092,0.08381667733192444,9.284283638000488,0.008271553553640842,0.0023394974414259195,0.09094808250665665
1699,0.06599859893321991,1e-04,0.043265678,60.2965,0.0022872232,0.001725478,0.047824923,0.07190649211406708,0.08382651954889297,9.285490989685059,0.008272858336567879,0.00233990210108459,0.09095525741577148
1700,0.06591909378767014,1e-04,0.043245833,60.277344,0.0022854581,0.0017242639,0.047806464,0.07183023542165756,0.08383640646934509,9.286704063415527,0.008274168707430363,0.0023403088562190533,0.09096245467662811
1701,0.06583976745605469,1e-04,0.043226022,60.25817,0.0022836956,0.0017230505,0.047788028,0.07175416499376297,0.08384638279676437,9.28792667388916,0.008275494910776615,0.0023407188709825277,0.0909697487950325
1702,0.06576061248779297,1e-04,0.043206226,60.239037,0.0022819361,0.0017218398,0.047769614,0.0716782808303833,0.08385646343231201,9.28916072845459,0.008276841603219509,0.0023411354050040245,0.09097714722156525
1703,0.06568161398172379,1e-04,0.04318646,60.219944,0.0022801799,0.0017206318,0.04775123,0.07160256057977676,0.08386655896902084,9.290396690368652,0.008278190158307552,0.0023415531031787395,0.09098456054925919
1704,0.06560279428958893,1e-04,0.043166723,60.200863,0.0022784267,0.0017194252,0.047732867,0.07152701169252396,0.08387669175863266,9.291638374328613,0.008279544301331043,0.002341971965506673,0.09099200367927551
1705,0.0655241459608078,1e-04,0.04314701,60.181812,0.0022766772,0.0017182209,0.04771454,0.07145165652036667,0.08388698846101761,9.292899131774902,0.008280929177999496,0.002342398278415203,0.09099961072206497
1706,0.06544565409421921,1e-04,0.043127302,60.162758,0.002274928,0.0017170167,0.047696203,0.07137645035982132,0.08389723300933838,9.29415225982666,0.008282299153506756,0.0023428229615092278,0.09100713580846786
1707,0.06536733359098434,1e-04,0.04310763,60.143734,0.002273183,0.001715816,0.047677908,0.07130143791437149,0.0839076116681099,9.295422554016113,0.008283696137368679,0.002343255328014493,0.0910148099064827
1708,0.06528918445110321,1e-04,0.043087985,60.124733,0.0022714403,0.0017146161,0.04765963,0.07122661173343658,0.08391811698675156,9.29670524597168,0.008285116404294968,0.0023436921183019876,0.09102261811494827
1709,0.06521119177341461,1e-04,0.04306836,60.105755,0.0022697016,0.0017134188,0.047641385,0.07115194946527481,0.08392862230539322,9.297989845275879,0.008286532945930958,0.0023441307712346315,0.09103039652109146
1710,0.06513337790966034,1e-04,0.043048758,60.086796,0.0022679644,0.0017122228,0.04762315,0.07107745110988617,0.08393915742635727,9.299277305603027,0.00828795600682497,0.0023445694241672754,0.09103821218013763
1711,0.0650557279586792,1e-04,0.043029193,60.067863,0.002266232,0.0017110296,0.047604956,0.07100313901901245,0.08394983410835266,9.300581932067871,0.008289404213428497,0.002345016459003091,0.09104616194963455
1712,0.0649782344698906,1e-04,0.043009628,60.04894,0.0022644997,0.0017098365,0.047586758,0.07092900574207306,0.08396060019731522,9.301898002624512,0.008290865458548069,0.0023454686161130667,0.09105418622493744
1713,0.06490091234445572,1e-04,0.042990107,60.030052,0.0022627725,0.0017086472,0.047568608,0.0708550289273262,0.08397140353918076,9.303215026855469,0.008292333222925663,0.002345919841900468,0.09106224775314331
1714,0.06482373923063278,1e-04,0.042970594,60.01119,0.002261047,0.0017074591,0.04755047,0.07078124582767487,0.08398228138685226,9.304543495178223,0.0082938177511096,0.0023463787510991096,0.09107039868831635
1715,0.06474675238132477,1e-04,0.042951114,59.992313,0.002259324,0.0017062718,0.047532346,0.07070761919021606,0.08399315923452377,9.305870056152344,0.008295300416648388,0.0023468350991606712,0.09107854217290878
1716,0.06466992199420929,1e-04,0.04293165,59.973476,0.002257604,0.0017050869,0.04751425,0.0706341564655304,0.08400414139032364,9.307210922241211,0.008296798914670944,0.002347297267988324,0.09108676761388779
1717,0.06459324061870575,1e-04,0.042912208,59.95467,0.0022558866,0.0017039039,0.047496174,0.07056088000535965,0.08401521295309067,9.308560371398926,0.008298314176499844,0.0023477638605982065,0.09109508246183395
1718,0.06451673805713654,1e-04,0.042892803,59.93586,0.002254172,0.0017027223,0.04747812,0.07048776745796204,0.08402631431818008,9.309914588928223,0.008299835957586765,0.0023482332471758127,0.0911034345626831
1719,0.06444039940834045,1e-04,0.042873424,59.917114,0.002252462,0.001701544,0.04746011,0.07041483372449875,0.08403751999139786,9.311280250549316,0.008301375433802605,0.002348707290366292,0.09111188352108002
1720,0.06436420977115631,1e-04,0.042854045,59.89834,0.0022507515,0.0017003656,0.047442086,0.0703420639038086,0.08404874801635742,9.312647819519043,0.008302916772663593,0.0023491820320487022,0.09112033993005753
1721,0.0642881914973259,1e-04,0.04283471,59.879597,0.0022490458,0.0016991897,0.047424104,0.07026946544647217,0.08406008034944534,9.3140287399292,0.0083044758066535,0.0023496607318520546,0.0911288931965828
1722,0.06421232968568802,1e-04,0.042815387,59.860893,0.0022473424,0.0016980156,0.047406144,0.07019703090190887,0.08407145738601685,9.315414428710938,0.008306044153869152,0.0023501438554376364,0.09113749861717224
1723,0.06413662433624268,1e-04,0.0427961,59.842213,0.0022456422,0.0016968438,0.047388207,0.07012477517127991,0.08408290892839432,9.31680965423584,0.00830762553960085,0.0023506295401602983,0.09114617854356766
1724,0.06406109035015106,1e-04,0.042776827,59.82352,0.0022439435,0.0016956723,0.04737028,0.07005268335342407,0.08409444242715836,9.31821346282959,0.00830921996384859,0.0023511217441409826,0.09115492552518845
1725,0.06398571282625198,1e-04,0.042757563,59.80485,0.002242247,0.0016945029,0.04735237,0.06998075544834137,0.08410599827766418,9.319619178771973,0.008310818113386631,0.0023516134824603796,0.09116368740797043
1726,0.06391049176454544,1e-04,0.042738345,59.78623,0.002240555,0.0016933364,0.0473345,0.0699089914560318,0.08411762863397598,9.321035385131836,0.00831243023276329,0.002352108247578144,0.09117253124713898
1727,0.06383542716503143,1e-04,0.042719144,59.767616,0.0022388652,0.0016921711,0.047316648,0.06983741372823715,0.08412936329841614,9.32246208190918,0.008314060978591442,0.002352609997615218,0.09118147194385529
1728,0.06376052647829056,1e-04,0.042699955,59.749016,0.0022371777,0.0016910072,0.04729881,0.06976598501205444,0.08414109796285629,9.32388973236084,0.00831568893045187,0.0023531117476522923,0.0911903977394104
1729,0.06368578970432281,1e-04,0.042680796,59.730446,0.0022354932,0.0016898457,0.047281,0.06969472765922546,0.0841529443860054,9.325329780578613,0.00831733737140894,0.002353618387132883,0.09119943529367447
1730,0.06361120194196701,1e-04,0.042661663,59.711884,0.0022338107,0.0016886853,0.047263205,0.06962364166975021,0.08416483551263809,9.326775550842285,0.00831899419426918,0.0023541273549199104,0.09120851755142212
1731,0.06353677809238434,1e-04,0.042642538,59.69333,0.0022321302,0.0016875259,0.047245424,0.06955272704362869,0.08417681604623795,9.328231811523438,0.008320668712258339,0.002354641677811742,0.09121769666671753
1732,0.0634625107049942,1e-04,0.042623453,59.674816,0.002230454,0.0016863694,0.047227684,0.06948196887969971,0.08418884873390198,9.329693794250488,0.00832234974950552,0.002355157397687435,0.09122691303491592
1733,0.063388392329216,1e-04,0.04260438,59.656315,0.0022287793,0.0016852139,0.04720995,0.06941136717796326,0.0842008963227272,9.331158638000488,0.0083240307867527,0.0023556752130389214,0.09123612940311432
1734,0.06331443786621094,1e-04,0.042585332,59.637844,0.0022271078,0.0016840609,0.047192242,0.06934093683958054,0.08421304821968079,9.332633972167969,0.008325734175741673,0.0023561972193419933,0.09124545753002167
1735,0.06324063986539841,1e-04,0.0425663,59.619377,0.0022254386,0.001682909,0.047174554,0.06927067041397095,0.08422525972127914,9.334115982055664,0.00832744687795639,0.0023567231837660074,0.09125484526157379
1736,0.06316699087619781,1e-04,0.042547304,59.600933,0.0022237722,0.0016817589,0.04715689,0.06920056790113449,0.08423751592636108,9.335604667663574,0.008329165168106556,0.0023572510108351707,0.0912642627954483
1737,0.06309351325035095,1e-04,0.042528328,59.582497,0.0022221082,0.0016806104,0.047139242,0.06913062185049057,0.0842498317360878,9.337100982666016,0.008330893702805042,0.0023577813990414143,0.091273732483387
1738,0.06302017718553543,1e-04,0.042509373,59.564087,0.0022204467,0.0016794635,0.047121618,0.06906085461378098,0.08426228165626526,9.338610649108887,0.008332652039825916,0.0023583194706588984,0.09128335863351822
1739,0.06294699013233185,1e-04,0.04249043,59.545715,0.0022187883,0.0016783188,0.047104016,0.06899124383926392,0.08427471667528152,9.340120315551758,0.008334401063621044,0.0023588561452925205,0.09129294008016586
1740,0.062873974442482,1e-04,0.042471517,59.527348,0.0022171324,0.0016771754,0.047086436,0.06892179697751999,0.08428725600242615,9.34164047241211,0.008336169645190239,0.0023593998048454523,0.09130262583494186
1741,0.06280110776424408,1e-04,0.04245263,59.509007,0.002215479,0.0016760342,0.047068875,0.0688525065779686,0.08429986983537674,9.343171119689941,0.008337953127920628,0.002359947422519326,0.09131239354610443
1742,0.06272837519645691,1e-04,0.04243374,59.490654,0.0022138262,0.0016748932,0.047051314,0.06878337264060974,0.08431250602006912,9.344703674316406,0.008339738473296165,0.002360493177548051,0.0913221687078476
1743,0.06265581399202347,1e-04,0.042414896,59.472363,0.0022121784,0.0016737554,0.0470338,0.06871439516544342,0.08432520180940628,9.346242904663086,0.00834153313189745,0.002361045917496085,0.09133199602365494
1744,0.06258340179920197,1e-04,0.04239605,59.45406,0.0022105312,0.0016726179,0.047016285,0.06864560395479202,0.08433801680803299,9.347796440124512,0.008343351073563099,0.0023616019170731306,0.09134194254875183
1745,0.0625111386179924,1e-04,0.04237726,59.4358,0.0022088892,0.001671484,0.04699882,0.06857694685459137,0.0843508243560791,9.349349021911621,0.008345164358615875,0.0023621588479727507,0.09135187417268753
1746,0.06243903189897537,1e-04,0.042358477,59.41754,0.0022072478,0.0016703502,0.046981357,0.06850847601890564,0.08436375856399536,9.35091495513916,0.008347001858055592,0.0023627218324691057,0.09136192500591278
1747,0.06236708164215088,1e-04,0.0423397,59.399284,0.002205608,0.0016692173,0.0469639,0.06844013929367065,0.08437669277191162,9.352482795715332,0.008348840288817883,0.0023632869124412537,0.09137199074029922
1748,0.06229527294635773,1e-04,0.042320967,59.3811,0.0022039735,0.0016680884,0.046946496,0.0683719739317894,0.08438973873853683,9.3540620803833,0.008350695483386517,0.0023638547863811255,0.09138213843107224
1749,0.062223613262176514,1e-04,0.04230225,59.36291,0.0022023404,0.00166696,0.0469291,0.06830396503210068,0.08440279960632324,9.355644226074219,0.008352558128535748,0.0023644245229661465,0.09139233082532883
1750,0.062152113765478134,1e-04,0.042283542,59.344696,0.0022007083,0.0016658321,0.046911705,0.06823611259460449,0.08441594988107681,9.357236862182617,0.008354433812201023,0.002364999847486615,0.09140259027481079
1751,0.062080759555101395,1e-04,0.04226486,59.326557,0.0021990794,0.0016647067,0.04689434,0.06816842406988144,0.08442917466163635,9.358838081359863,0.008356320671737194,0.0023655768018215895,0.09141290932893753
1752,0.06200955808162689,1e-04,0.042246215,59.30842,0.0021974545,0.0016635841,0.046877015,0.06810089200735092,0.08444244414567947,9.360444068908691,0.008358217775821686,0.002366158412769437,0.09142328798770905
1753,0.061938509345054626,1e-04,0.042227563,59.29028,0.0021958298,0.0016624611,0.04685968,0.06803350150585175,0.08445572853088379,9.362052917480469,0.008360113948583603,0.002366740023717284,0.09143365919589996
1754,0.061867598444223404,1e-04,0.042208947,59.27216,0.0021942088,0.0016613408,0.04684238,0.0679662898182869,0.08446914702653885,9.363676071166992,0.008362038992345333,0.002367329550907016,0.09144418686628342
1755,0.06179684028029442,1e-04,0.04219035,59.254078,0.0021925897,0.0016602216,0.046825096,0.06789922714233398,0.0844826027750969,9.365303993225098,0.008363964967429638,0.0023679181467741728,0.09145471453666687
1756,0.06172623112797737,1e-04,0.042171787,59.23602,0.0021909748,0.0016591056,0.046807848,0.06783231347799301,0.08449608087539673,9.366934776306152,0.00836589839309454,0.0023685097694396973,0.0914652869105339
1757,0.06165577471256256,1e-04,0.04215322,59.21795,0.0021893592,0.0016579883,0.04679059,0.06776556372642517,0.08450966328382492,9.368577003479004,0.008367848582565784,0.0023691069800406694,0.0914759486913681
1758,0.06158546358346939,1e-04,0.04213468,59.19991,0.0021877473,0.0016568737,0.04677336,0.06769896298646927,0.0845232680439949,9.370223045349121,0.008369802497327328,0.002369706751778722,0.0914866253733635
1759,0.06151530146598816,1e-04,0.042116188,59.181904,0.0021861398,0.0016557623,0.046756174,0.0676325112581253,0.08453693240880966,9.371874809265137,0.008371769450604916,0.002370309317484498,0.09149737656116486
1760,0.06144527345895767,1e-04,0.042097695,59.163906,0.0021845328,0.001654651,0.046738986,0.06756622344255447,0.08455067873001099,9.373536109924316,0.008373748511075974,0.002370913280174136,0.09150818735361099
1761,0.06137540191411972,1e-04,0.042079218,59.14591,0.002182928,0.0016535411,0.046721812,0.06750008463859558,0.0845644548535347,9.375202178955078,0.008375735022127628,0.0023715209681540728,0.09151904284954071
1762,0.06130567938089371,1e-04,0.04206077,59.127953,0.0021813265,0.0016524334,0.046704672,0.06743410229682922,0.08457831293344498,9.376876831054688,0.008377732709050179,0.002372132847085595,0.0915299579501152
1763,0.06123609468340874,1e-04,0.04204235,59.109997,0.0021797267,0.0016513269,0.046687543,0.067368283867836,0.08459225296974182,9.378561973571777,0.008379745297133923,0.0023727475199848413,0.09154094755649567
1764,0.061166662722826004,1e-04,0.042023934,59.092075,0.00217813,0.0016502229,0.04667044,0.06730259954929352,0.08460619300603867,9.380245208740234,0.008381761610507965,0.0023733654525130987,0.09155195951461792
1765,0.061097368597984314,1e-04,0.04200555,59.074165,0.0021765355,0.0016491195,0.046653356,0.06723707169294357,0.08462023735046387,9.381941795349121,0.008383791893720627,0.0023739850148558617,0.09156304597854614
1766,0.06102822721004486,1e-04,0.04198718,59.056274,0.0021749432,0.001648018,0.046636287,0.06717170029878616,0.08463428169488907,9.383639335632324,0.008385824970901012,0.002374608302488923,0.09157414734363556
1767,0.06095922738313675,1e-04,0.041968826,59.038387,0.0021733525,0.0016469167,0.04661923,0.06710648536682129,0.084648497402668,9.385355949401855,0.008387885056436062,0.0023752376437187195,0.09158539772033691
1768,0.06089036539196968,1e-04,0.041950498,59.020527,0.0021717648,0.0016458185,0.046602197,0.06704141944646835,0.08466270565986633,9.387070655822754,0.008389946073293686,0.0023758693132549524,0.09159664809703827
1769,0.06082165241241455,1e-04,0.04193219,59.00269,0.0021701804,0.001644722,0.046585195,0.06697650998830795,0.08467698842287064,9.388795852661133,0.008392018266022205,0.002376501215621829,0.0916079580783844
1770,0.06075308471918106,1e-04,0.041913908,58.984856,0.0021685967,0.0016436258,0.046568193,0.0669117420911789,0.08469130843877792,9.390523910522461,0.008394098840653896,0.0023771380074322224,0.09161931276321411
1771,0.06068465858697891,1e-04,0.04189563,58.967045,0.0021670156,0.0016425311,0.046551213,0.06684712320566177,0.08470568805932999,9.392260551452637,0.008396192453801632,0.002377777360379696,0.09163074195384979
1772,0.06061637029051781,1e-04,0.04187739,58.94925,0.0021654374,0.001641439,0.046534263,0.06678266078233719,0.08472014218568802,9.394004821777344,0.008398293517529964,0.0023784192744642496,0.09164220094680786
1773,0.06054823100566864,1e-04,0.04185917,58.931515,0.0021638633,0.0016403495,0.046517342,0.06671833246946335,0.08473461121320724,9.395750999450684,0.008400398306548595,0.002379062818363309,0.09165368974208832
1774,0.06048022583127022,1e-04,0.041840952,58.91372,0.0021622877,0.0016392587,0.046500407,0.06665416806936264,0.08474916964769363,9.397506713867188,0.008402523584663868,0.002379713812842965,0.09166528284549713
1775,0.06041236221790314,1e-04,0.041822758,58.895996,0.0021607166,0.0016381707,0.04648351,0.06659016013145447,0.08476381748914719,9.399273872375488,0.008404658176004887,0.0023803641088306904,0.09167692065238953
1776,0.060344647616147995,1e-04,0.04180459,58.87827,0.0021591478,0.0016370843,0.04646663,0.06652628630399704,0.08477848768234253,9.401042938232422,0.0084068039432168,0.002381021622568369,0.0916886255145073
1777,0.060277070850133896,1e-04,0.04178645,58.860577,0.0021575817,0.0016360001,0.046449777,0.06646256893873215,0.08479318767786026,9.402815818786621,0.008408951573073864,0.00238167610950768,0.09170033782720566
1778,0.06020963191986084,1e-04,0.041768312,58.842884,0.0021560164,0.0016349159,0.046432924,0.06639900803565979,0.08480799943208694,9.40460205078125,0.008411118760704994,0.0023823378141969442,0.09171215444803238
1779,0.060142338275909424,1e-04,0.0417502,58.82519,0.0021544534,0.0016338333,0.04641609,0.06633557379245758,0.08482285588979721,9.406393051147461,0.008413293398916721,0.0023830023128539324,0.09172400832176208
1780,0.06007517874240875,1e-04,0.04173212,58.80755,0.0021528942,0.0016327532,0.04639929,0.06627228111028671,0.08483769744634628,9.408183097839355,0.008415465243160725,0.002383665880188346,0.0917358472943306
1781,0.060008153319358826,1e-04,0.041714054,58.78993,0.0021513377,0.0016316746,0.046382517,0.06620916724205017,0.08485269546508789,9.409991264343262,0.008417665027081966,0.0023843382950872183,0.09174783527851105
1782,0.05994127690792084,1e-04,0.04169599,58.772278,0.00214978,0.0016305958,0.04636572,0.06614616513252258,0.08486761897802353,9.411789894104004,0.008419851772487164,0.0023850055877119303,0.09175974875688553
1783,0.05987453833222389,1e-04,0.04167797,58.7547,0.0021482285,0.0016295208,0.046348985,0.06608333438634872,0.0848827064037323,9.41360855102539,0.008422068320214748,0.0023856826592236757,0.09177182614803314
1784,0.05980794131755829,1e-04,0.04165995,58.7371,0.0021466769,0.0016284456,0.046332244,0.06602063030004501,0.08489779382944107,9.415427207946777,0.008424283005297184,0.0023863594979047775,0.09178389608860016
1785,0.05974147096276283,1e-04,0.04164195,58.719517,0.0021451274,0.0016273714,0.04631552,0.06595808267593384,0.0849129781126976,9.417255401611328,0.008426518179476261,0.0023870428558439016,0.09179607033729553
1786,0.05967514216899872,1e-04,0.041624,58.70197,0.002143582,0.0016263006,0.046298835,0.06589566916227341,0.08492819219827652,9.419089317321777,0.008428757078945637,0.0023877250496298075,0.0918082594871521
1787,0.05960895121097565,1e-04,0.041606028,58.68442,0.002142037,0.0016252297,0.046282146,0.06583341211080551,0.08494347333908081,9.420929908752441,0.008431006222963333,0.0023884123656898737,0.09182050824165344
1788,0.05954290181398392,1e-04,0.041588098,58.666897,0.002140495,0.0016241608,0.046265483,0.06577128916978836,0.08495879173278809,9.422774314880371,0.008433264680206776,0.0023891034070402384,0.09183280915021896
1789,0.05947698652744293,1e-04,0.041570183,58.64941,0.0021389558,0.0016230938,0.046248846,0.06570932269096375,0.08497419208288193,9.424629211425781,0.008435536175966263,0.0023897956125438213,0.09184517711400986
1790,0.05941120162606239,1e-04,0.04155227,58.63192,0.0021374177,0.0016220277,0.046232216,0.06564747542142868,0.08498958498239517,9.426484107971191,0.0084378058090806,0.0023904878180474043,0.09185753017663956
1791,0.059345562011003494,1e-04,0.041534405,58.614445,0.0021358824,0.0016209634,0.04621561,0.06558580696582794,0.08500510454177856,9.428351402282715,0.008440098725259304,0.002391188172623515,0.0918700098991394
1792,0.05928005278110504,1e-04,0.04151655,58.596985,0.0021343494,0.0016199005,0.04619902,0.06552425026893616,0.08502063155174255,9.430221557617188,0.008442393504083157,0.0023918868973851204,0.09188249707221985
1793,0.059214673936367035,1e-04,0.041498702,58.579548,0.0021328183,0.0016188382,0.046182446,0.06546284258365631,0.08503621816635132,9.432097434997559,0.008444700390100479,0.0023925912100821733,0.09189505130052567
1794,0.05914943292737007,1e-04,0.041480877,58.56211,0.0021312889,0.0016177774,0.046165884,0.065401591360569,0.08505187183618546,9.433981895446777,0.008447017520666122,0.0023932994809001684,0.09190765768289566
1795,0.05908433720469475,1e-04,0.04146307,58.544704,0.002129762,0.0016167186,0.046149343,0.06534046679735184,0.08506757020950317,9.435871124267578,0.008449340239167213,0.002394006820395589,0.09192029386758804
1796,0.059019364416599274,1e-04,0.041445304,58.527317,0.0021282386,0.0016156619,0.046132836,0.06527949869632721,0.08508332818746567,9.43776798248291,0.008451676927506924,0.0023947206791490316,0.0919330045580864
1797,0.05895453691482544,1e-04,0.04142752,58.50995,0.0021267154,0.0016146058,0.046116326,0.06521865725517273,0.08509918302297592,9.439675331115723,0.008454028517007828,0.002395438263192773,0.09194578975439072
1798,0.05888982117176056,1e-04,0.041409783,58.492603,0.002125196,0.0016135519,0.04609985,0.06515795737504959,0.08511504530906677,9.441584587097168,0.008456381969153881,0.002396155381575227,0.09195858985185623
1799,0.05882525444030762,1e-04,0.041392047,58.47523,0.002123677,0.0016124976,0.04608337,0.06509740650653839,0.0851309597492218,9.443498611450195,0.008458748459815979,0.0023968785535544157,0.09197145700454712
1800,0.05876082181930542,1e-04,0.04137433,58.457905,0.0021221607,0.0016114453,0.046066917,0.06503698229789734,0.08514690399169922,9.445416450500488,0.008461116813123226,0.00239760079421103,0.0919843316078186
1801,0.05869651213288307,1e-04,0.041356646,58.440605,0.0021206473,0.0016103956,0.046050485,0.06497671455144882,0.0851629376411438,9.447345733642578,0.008463500998914242,0.0023983297869563103,0.09199728816747665
1802,0.058632347732782364,1e-04,0.04133897,58.42331,0.0021191356,0.0016093465,0.04603407,0.06491658091545105,0.08517903089523315,9.449280738830566,0.008465897291898727,0.002399059245362878,0.09201031178236008
1803,0.058568306267261505,1e-04,0.041321304,58.40601,0.0021176257,0.0016082983,0.046017665,0.06485657393932343,0.0851951315999031,9.451217651367188,0.008468295447528362,0.002399790333583951,0.0920233428478241
1804,0.05850439518690109,1e-04,0.04130367,58.388752,0.0021161179,0.001607252,0.04600128,0.06479671597480774,0.08521132916212082,9.453165054321289,0.008470708504319191,0.002400527009740472,0.09203644841909409
1805,0.058440618216991425,1e-04,0.04128606,58.37152,0.0021146138,0.0016062077,0.04598493,0.0647369921207428,0.08522755652666092,9.455116271972656,0.008473130874335766,0.0024012643843889236,0.09204961359500885
1806,0.0583769716322422,1e-04,0.04126845,58.35427,0.0021131097,0.0016051633,0.045968574,0.0646774023771286,0.085243821144104,9.457072257995605,0.008475556038320065,0.0024020036216825247,0.09206278622150421
1807,0.058313459157943726,1e-04,0.041250866,58.337048,0.0021116086,0.0016041218,0.045952242,0.06461796164512634,0.08526013046503067,9.459033012390137,0.008477993309497833,0.002402748679742217,0.09207601845264435
1808,0.058250073343515396,1e-04,0.0412333,58.319828,0.002110109,0.0016030798,0.04593592,0.06455865502357483,0.0852765366435051,9.461004257202148,0.008480442687869072,0.002403492806479335,0.09208931773900986
1809,0.05818681791424751,1e-04,0.041215744,58.302643,0.0021086116,0.0016020403,0.045919623,0.06449946761131287,0.08529290556907654,9.462971687316895,0.008482891134917736,0.002404240658506751,0.09210260957479477
1810,0.058123692870140076,1e-04,0.041198228,58.285496,0.0021071178,0.0016010037,0.04590335,0.06444042921066284,0.08530941605567932,9.46495532989502,0.008485361933708191,0.0024049945641309023,0.09211602061986923
1811,0.058060698211193085,1e-04,0.041180726,58.268337,0.0021056256,0.0015999668,0.045887098,0.06438153982162476,0.08532597869634628,9.46694564819336,0.008487843908369541,0.002405752195045352,0.09212949872016907
1812,0.05799782648682594,1e-04,0.041163225,58.251186,0.0021041338,0.0015989308,0.045870837,0.06432276964187622,0.08534252643585205,9.468934059143066,0.008490323089063168,0.0024065065663307905,0.09214294701814651
1813,0.057935092598199844,1e-04,0.041145746,58.23407,0.0021026453,0.001597897,0.04585461,0.06426412612199783,0.0853591337800026,9.470931053161621,0.008492808789014816,0.002407264430075884,0.09215644001960754
1814,0.057872477918863297,1e-04,0.041128278,58.21695,0.0021011578,0.0015968635,0.04583839,0.06420563161373138,0.0853758230805397,9.472935676574707,0.008495313115417957,0.0024080295115709305,0.09217002242803574
1815,0.057809993624687195,1e-04,0.041110847,58.199856,0.002099674,0.001595833,0.0458222,0.06414727121591568,0.08539256453514099,9.474946022033691,0.008497827686369419,0.0024087943602353334,0.0921836644411087
1816,0.05774763599038124,1e-04,0.04109343,58.182774,0.0020981913,0.0015948027,0.045806017,0.06408904492855072,0.08540933579206467,9.476961135864258,0.008500345051288605,0.0024095620028674603,0.09219731390476227
1817,0.057685405015945435,1e-04,0.041076023,58.165703,0.0020967103,0.0015937735,0.04578985,0.0640309602022171,0.0854262113571167,9.478987693786621,0.008502882905304432,0.002410335699096322,0.09221107512712479
1818,0.05762331187725067,1e-04,0.041058633,58.148643,0.0020952313,0.0015927457,0.045773696,0.06397299468517303,0.08544308692216873,9.481014251708984,0.008505419827997684,0.0024111084640026093,0.0922248363494873
1819,0.057561326771974564,1e-04,0.041041248,58.13162,0.0020937545,0.0015917197,0.045757562,0.06391517072916031,0.08546001464128494,9.483047485351562,0.008507967926561832,0.0024118840228766203,0.092238649725914
1820,0.0574994832277298,1e-04,0.0410239,58.114594,0.0020922802,0.001590695,0.04574145,0.06385747343301773,0.08547696471214294,9.48508358001709,0.00851051788777113,0.0024126621428877115,0.0922524705529213
1821,0.05743776261806488,1e-04,0.04100656,58.097576,0.0020908073,0.001589671,0.045725346,0.0637999027967453,0.08549398183822632,9.487126350402832,0.008513081818819046,0.0024134430568665266,0.09226636588573456
1822,0.057376161217689514,1e-04,0.04098925,58.080616,0.0020893381,0.00158865,0.04570928,0.06374248117208481,0.08551105856895447,9.489176750183105,0.008515655994415283,0.002414227928966284,0.092280313372612
1823,0.05731469392776489,1e-04,0.040971942,58.063625,0.0020878692,0.0015876286,0.045693208,0.06368517875671387,0.0855281725525856,9.491230964660645,0.008518236689269543,0.002415014896541834,0.09229429066181183
1824,0.05725334212183952,1e-04,0.04095465,58.046642,0.0020864015,0.0015866087,0.045677144,0.06362802535295486,0.08554539084434509,9.493297576904297,0.008520836941897869,0.002415807219222188,0.09230837970972061
1825,0.0571921207010746,1e-04,0.040937398,58.02972,0.0020849386,0.0015855914,0.04566113,0.06357099860906601,0.08556265383958817,9.495369911193848,0.008523444645106792,0.0024166018702089787,0.09232250601053238
1826,0.05713102966547012,1e-04,0.040920146,58.01278,0.0020834755,0.0015845738,0.045645103,0.06351407617330551,0.08557984977960587,9.49743366241455,0.00852604117244482,0.002417392795905471,0.09233656525611877
1827,0.0570700541138649,1e-04,0.040902924,57.995907,0.0020820168,0.0015835597,0.04562912,0.06345731019973755,0.08559717983007431,9.499512672424316,0.008528660982847214,0.0024181923363357782,0.09235075116157532
1828,0.05700920522212982,1e-04,0.040885694,57.978966,0.0020805565,0.0015825437,0.045613118,0.06340065598487854,0.08561450242996216,9.501591682434082,0.008531282655894756,0.0024189890827983618,0.09236494451761246
1829,0.056948475539684296,1e-04,0.040868513,57.9621,0.0020791015,0.0015815318,0.045597166,0.06334414333105087,0.08563190698623657,9.503681182861328,0.00853391457349062,0.0024197909515351057,0.09237919002771378
1830,0.056887879967689514,1e-04,0.04085133,57.945225,0.0020776463,0.0015805196,0.045581207,0.06328776478767395,0.08564939349889755,9.505778312683105,0.008536565117537975,0.0024205998051911592,0.09239353239536285
1831,0.056827396154403687,1e-04,0.040834162,57.928368,0.0020761937,0.0015795091,0.04556527,0.06323152780532837,0.08566689491271973,9.507878303527832,0.008539218455553055,0.002421407261863351,0.09240788966417313
1832,0.056767046451568604,1e-04,0.04081701,57.911503,0.002074742,0.001578499,0.045549337,0.06317539513111115,0.08568444103002548,9.50998306274414,0.008541878312826157,0.0024222182109951973,0.09242228418588638
1833,0.056706808507442474,1e-04,0.040799886,57.894684,0.002073294,0.001577492,0.045533437,0.06311939656734467,0.08570203185081482,9.512093544006348,0.008544545620679855,0.0024230293929576874,0.09243670850992203
1834,0.056646693497896194,1e-04,0.04078276,57.87787,0.0020718467,0.0015764849,0.04551754,0.06306352466344833,0.08571964502334595,9.514206886291504,0.008547217585146427,0.0024238433688879013,0.09245116263628006
1835,0.05658670514822006,1e-04,0.040765673,57.86106,0.002070402,0.0015754793,0.04550167,0.06300777941942215,0.08573734015226364,9.516327857971191,0.008549907244741917,0.002424662234261632,0.09246570616960526
1836,0.05652683228254318,1e-04,0.040748604,57.8443,0.0020689603,0.0015744764,0.045485824,0.06295217573642731,0.08575507998466492,9.51845645904541,0.008552605286240578,0.0024254838936030865,0.09248029440641403
1837,0.05646709352731705,1e-04,0.040731546,57.827534,0.0020675194,0.0015734732,0.045469984,0.06289668381214142,0.08577281981706619,9.520584106445312,0.00855530146509409,0.0024263057857751846,0.09249487519264221
1838,0.05640746280550957,1e-04,0.040714495,57.81077,0.0020660802,0.0015724718,0.045454156,0.06284133344888687,0.08579064160585403,9.522720336914062,0.008558015339076519,0.0024271332658827305,0.09250954538583755
1839,0.05634795501828194,1e-04,0.040697455,57.794018,0.002064642,0.0015714705,0.04543833,0.06278608739376068,0.08580850809812546,9.524863243103027,0.008560731075704098,0.0024279598146677017,0.0925242155790329
1840,0.05628855898976326,1e-04,0.040680442,57.777306,0.0020632073,0.0015704718,0.045422543,0.06273098289966583,0.08582641929388046,9.527010917663574,0.008563457988202572,0.0024287905544042587,0.09253895282745361
1841,0.05622929707169533,1e-04,0.040663444,57.760586,0.0020617738,0.0015694739,0.04540676,0.06267599761486053,0.08584430813789368,9.529155731201172,0.008566184900701046,0.002429619198665023,0.09255369007587433
1842,0.056170158088207245,1e-04,0.040646467,57.743885,0.0020603428,0.0015684774,0.045391,0.06262114644050598,0.08586236834526062,9.53132152557373,0.008568938821554184,0.0024304604157805443,0.09256856143474579
1843,0.05611112341284752,1e-04,0.0406295,57.727184,0.0020589123,0.0015674811,0.04537524,0.06256640702486038,0.085880346596241,9.533476829528809,0.008571681566536427,0.0024312937166541815,0.09258337318897247
1844,0.05605221167206764,1e-04,0.04061256,57.71053,0.0020574857,0.0015664881,0.04535952,0.06251180917024612,0.08589846640825272,9.535648345947266,0.008574448525905609,0.0024321379605680704,0.0925983190536499
1845,0.055993422865867615,1e-04,0.040595632,57.69386,0.0020560601,0.0015654949,0.045343798,0.062457334250211716,0.08591660857200623,9.537821769714355,0.008577220141887665,0.0024329826701432467,0.09261327981948853
1846,0.05593474581837654,1e-04,0.040578716,57.67721,0.0020546357,0.0015645026,0.045328088,0.06240297481417656,0.08593478053808212,9.539999961853027,0.008579994551837444,0.0024338255170732737,0.09262826293706894
1847,0.05587619170546532,1e-04,0.040561814,57.66059,0.0020532138,0.0015635125,0.0453124,0.06234873831272125,0.08595294505357742,9.5421781539917,0.008582773618400097,0.002434672089293599,0.09264326095581055
1848,0.05581776052713394,1e-04,0.04054494,57.644,0.0020517947,0.0015625239,0.04529674,0.062294650822877884,0.08597127348184586,9.544373512268066,0.008585578761994839,0.002435526577755809,0.0926584005355835
1849,0.05575944855809212,1e-04,0.040528066,57.627388,0.0020503758,0.0015615356,0.045281075,0.06224064901471138,0.0859895721077919,9.5465669631958,0.008588376455008984,0.0024363796692341566,0.09267349541187286
1850,0.055701229721307755,1e-04,0.040511217,57.610798,0.0020489593,0.0015605486,0.045265432,0.062186792492866516,0.08600789308547974,9.548761367797852,0.00859118439257145,0.0024372334592044353,0.09268864244222641
1851,0.05564315244555473,1e-04,0.04049439,57.594242,0.0020475457,0.0015595638,0.045249816,0.0621330551803112,0.08602631092071533,9.550968170166016,0.00859400350600481,0.0024380923714488745,0.09270384907722473
1852,0.055585186928510666,1e-04,0.040477578,57.57767,0.0020461332,0.0015585795,0.045234203,0.06207942217588425,0.08604466915130615,9.553168296813965,0.008596817962825298,0.0024389491882175207,0.09271902590990067
1853,0.055527329444885254,1e-04,0.04046076,57.56112,0.0020447213,0.0015575952,0.045218594,0.06202594190835953,0.0860632061958313,9.555388450622559,0.0085996612906456,0.002439814619719982,0.09273435920476913
1854,0.055469587445259094,1e-04,0.04044398,57.544575,0.002043312,0.0015566132,0.045203008,0.061972569674253464,0.08608173578977585,9.557607650756836,0.0086025046184659,0.002440680982545018,0.092749685049057
1855,0.05541197210550308,1e-04,0.040427208,57.528076,0.0020419057,0.0015556334,0.04518745,0.061919309198856354,0.08610022813081741,9.559823036193848,0.008605342358350754,0.0024415445514023304,0.09276498109102249
1856,0.055354464799165726,1e-04,0.04041045,57.511562,0.0020404996,0.0015546532,0.04517189,0.06186617910861969,0.08611882477998734,9.562050819396973,0.008608199656009674,0.002442414639517665,0.09278038144111633
1857,0.05529707670211792,1e-04,0.040393718,57.49508,0.002039097,0.0015536752,0.045156363,0.061813175678253174,0.08613749593496323,9.564286231994629,0.008611070923507214,0.0024432882200926542,0.09279585629701614
1858,0.05523980036377907,1e-04,0.040376995,57.4786,0.002037695,0.0015526979,0.045140833,0.061760276556015015,0.08615615218877792,9.566520690917969,0.008613938465714455,0.002444160869345069,0.09281130880117416
1859,0.05518263578414917,1e-04,0.040360283,57.462124,0.0020362942,0.0015517212,0.045125317,0.0617075189948082,0.086174875497818,9.568763732910156,0.00861681904643774,0.002445037243887782,0.09282682090997696
1860,0.05512559413909912,1e-04,0.0403436,57.44567,0.0020348968,0.0015507467,0.04510983,0.06165485829114914,0.08619358390569687,9.571002960205078,0.008619701489806175,0.002445916412398219,0.09284234791994095
1861,0.05506865680217743,1e-04,0.04032692,57.42925,0.0020335007,0.0015497732,0.045094352,0.06160232424736023,0.0862123966217041,9.573256492614746,0.008622594177722931,0.002446796977892518,0.09285792708396912
1862,0.05501183494925499,1e-04,0.04031027,57.412815,0.0020321065,0.0015488005,0.045078892,0.06154991686344147,0.08623125404119492,9.575514793395996,0.008625500835478306,0.0024476826656609774,0.09287357330322266
1863,0.0549551323056221,1e-04,0.040293623,57.396404,0.0020307135,0.0015478294,0.04506344,0.061497632414102554,0.08625014871358871,9.577775955200195,0.008628414012491703,0.0024485678877681494,0.09288925677537918
1864,0.054898541420698166,1e-04,0.040276997,57.38001,0.002029323,0.0015468594,0.04504801,0.061445459723472595,0.08626905828714371,9.580039978027344,0.008631334640085697,0.002449455438181758,0.09290497750043869
1865,0.054842062294483185,1e-04,0.040260386,57.363647,0.0020279349,0.0015458912,0.045032598,0.06139339879155159,0.08628800511360168,9.582308769226074,0.008634254336357117,0.002450344618409872,0.0929206907749176
1866,0.05478568747639656,1e-04,0.040243782,57.347256,0.0020265465,0.0015449226,0.04501718,0.061341460794210434,0.08630701154470444,9.584583282470703,0.008637188002467155,0.0024512384552508593,0.09293647110462189
1867,0.054729435592889786,1e-04,0.040227197,57.33089,0.0020251607,0.0015439556,0.045001786,0.06128963828086853,0.08632604032754898,9.586861610412598,0.008640128187835217,0.0024521329905837774,0.09295228868722916
1868,0.05467328801751137,1e-04,0.040210642,57.31454,0.002023777,0.0015429897,0.04498641,0.06123793125152588,0.08634509891271591,9.589142799377441,0.008643073961138725,0.002453029155731201,0.09296813607215881
1869,0.0546172559261322,1e-04,0.040194083,57.298218,0.002022395,0.0015420258,0.044971045,0.06118636205792427,0.0863642767071724,9.591438293457031,0.00864604115486145,0.0024539323057979345,0.09298408776521683
1870,0.05456133559346199,1e-04,0.040177554,57.28192,0.0020210159,0.0015410634,0.044955708,0.06113488972187042,0.0863834097981453,9.593728065490723,0.008648999966681004,0.0024548342917114496,0.09300000220537186
1871,0.05450552701950073,1e-04,0.04016102,57.265602,0.0020196366,0.0015401008,0.044940367,0.061083536595106125,0.08640258759260178,9.596022605895996,0.008651967160403728,0.0024557369761168957,0.09301595389842987
1872,0.05444983020424843,1e-04,0.040144514,57.249317,0.0020182598,0.00153914,0.044925045,0.06103229895234108,0.08642183989286423,9.598326683044434,0.008654949255287647,0.0024566452484577894,0.09303198009729385
1873,0.05439423397183418,1e-04,0.040128026,57.23305,0.0020168852,0.0015381806,0.044909745,0.06098118796944618,0.08644115924835205,9.600638389587402,0.008657942526042461,0.0024575546849519014,0.09304806590080261
1874,0.05433875694870949,1e-04,0.04011155,57.21677,0.0020155117,0.0015372217,0.04489445,0.06093017756938934,0.08646044135093689,9.602946281433105,0.008660930208861828,0.0024584645871073008,0.09306412190198898
1875,0.05428338795900345,1e-04,0.0400951,57.20054,0.002014141,0.0015362649,0.044879183,0.06087929382920265,0.08647981286048889,9.605263710021973,0.008663933724164963,0.0024593796115368605,0.09308025240898132
1876,0.05422813072800636,1e-04,0.04007864,57.184288,0.0020127704,0.0015353083,0.04486391,0.06082852557301521,0.08649922162294388,9.607585906982422,0.008666947484016418,0.002460295334458351,0.09309644252061844
1877,0.05417298153042793,1e-04,0.040062215,57.168064,0.0020114027,0.0015343532,0.044848666,0.060777854174375534,0.08651861548423767,9.609906196594238,0.008669956587255001,0.0024612124543637037,0.09311260282993317
1878,0.05411793291568756,1e-04,0.040045798,57.15185,0.0020100363,0.001533399,0.04483343,0.0607273131608963,0.08653805404901505,9.612232208251953,0.008672975935041904,0.0024621309712529182,0.09312881529331207
1879,0.05406300723552704,1e-04,0.040029407,57.135654,0.002008672,0.0015324464,0.04481821,0.06067687273025513,0.0865575447678566,9.614563941955566,0.008676004596054554,0.002463051350787282,0.09314507246017456
1880,0.054008178412914276,1e-04,0.04001302,57.119473,0.0020073096,0.0015314945,0.04480301,0.0606265664100647,0.08657710999250412,9.616904258728027,0.008679046295583248,0.0024639787152409554,0.09316139668226242
1881,0.053953468799591064,1e-04,0.039996658,57.1033,0.0020059492,0.0015305445,0.044787824,0.06057635322213173,0.08659663796424866,9.619239807128906,0.008682082407176495,0.0024649016559123993,0.0931776911020279
1882,0.05389885976910591,1e-04,0.03998031,57.087135,0.0020045894,0.0015295947,0.04477264,0.06052625924348831,0.08661624789237976,9.62158489227295,0.008685133419930935,0.002465830883011222,0.09319406002759933
1883,0.053844355046749115,1e-04,0.039963957,57.070984,0.0020032316,0.0015286466,0.044757474,0.06047628074884415,0.08663588762283325,9.623934745788574,0.008688189089298248,0.002466761041432619,0.09321045875549316
1884,0.05378996580839157,1e-04,0.039947633,57.05485,0.002001876,0.001527699,0.04474233,0.06042640656232834,0.08665551990270615,9.626282691955566,0.008691246621310711,0.0024676905013620853,0.093226857483387
1885,0.053735680878162384,1e-04,0.03993133,57.038723,0.0020005216,0.0015267524,0.04472719,0.060376640409231186,0.08667520433664322,9.628636360168457,0.008694314397871494,0.002468625083565712,0.093243308365345
1886,0.053681496530771255,1e-04,0.039915033,57.02262,0.0019991694,0.0015258074,0.04471207,0.06032700091600418,0.08669494837522507,9.630997657775879,0.008697391487658024,0.0024695598985999823,0.09325980395078659
1887,0.05362742766737938,1e-04,0.039898746,57.00651,0.0019978178,0.0015248632,0.044696953,0.06027747318148613,0.0867147371172905,9.633363723754883,0.0087004778906703,0.0024705003015697002,0.09327635169029236
1888,0.05357346311211586,1e-04,0.03988247,56.990406,0.0019964674,0.0015239196,0.044681847,0.060228053480386734,0.08673456311225891,9.635735511779785,0.008703570812940598,0.002471444196999073,0.09329292923212051
1889,0.0535196028649807,1e-04,0.039866213,56.97434,0.00199512,0.0015229778,0.044666767,0.06017874926328659,0.08675441890954971,9.638108253479004,0.008706673048436642,0.002472386695444584,0.09330955147743225
1890,0.05346585065126419,1e-04,0.039849985,56.958294,0.001993775,0.0015220375,0.044651706,0.06012953817844391,0.08677425980567932,9.640481948852539,0.008709766902029514,0.002473328495398164,0.0933261290192604
1891,0.05341220274567604,1e-04,0.039833773,56.942253,0.0019924312,0.0015210988,0.04463666,0.060080453753471375,0.08679419755935669,9.642865180969238,0.008712883107364178,0.0024742770474404097,0.09334282577037811
1892,0.05335865914821625,1e-04,0.03981756,56.926205,0.0019910883,0.0015201594,0.044621613,0.060031477361917496,0.08681416511535645,9.645252227783203,0.008716007694602013,0.00247522653080523,0.0933595597743988
1893,0.05330521613359451,1e-04,0.039801367,56.910187,0.0019897479,0.0015192224,0.04460659,0.059982605278491974,0.0868341326713562,9.647639274597168,0.008719127625226974,0.002476176479831338,0.0933762714266777
1894,0.05325188487768173,1e-04,0.039785188,56.89419,0.0019884086,0.0015182864,0.044591576,0.059933848679065704,0.08685415983200073,9.650032997131348,0.008722263388335705,0.0024771287571638823,0.09339305758476257
1895,0.05319865420460701,1e-04,0.03976902,56.878185,0.0019870705,0.0015173507,0.04457657,0.05988519638776779,0.08687425404787064,9.652436256408691,0.008725408464670181,0.002478087553754449,0.09340989589691162
1896,0.053145527839660645,1e-04,0.03975287,56.862213,0.0019857357,0.0015164173,0.044561595,0.05983665958046913,0.08689433336257935,9.65483570098877,0.008728552609682083,0.0024790428578853607,0.09342672675848007
1897,0.053092509508132935,1e-04,0.03973674,56.846252,0.0019844023,0.0015154848,0.04454663,0.05978821590542793,0.08691444247961044,9.657238960266113,0.008731699548661709,0.0024800023529678583,0.09344356507062912
1898,0.053039584308862686,1e-04,0.039720614,56.830284,0.0019830693,0.0015145525,0.044531666,0.059739887714385986,0.08693455904722214,9.65964412689209,0.008734853938221931,0.002480961149558425,0.09346044063568115
1899,0.05298677086830139,1e-04,0.03970451,56.81433,0.0019817383,0.0015136214,0.04451672,0.059691689908504486,0.08695482462644577,9.662064552307129,0.008738036267459393,0.002481931122019887,0.09347746521234512
1900,0.05293406546115875,1e-04,0.0396884,56.798393,0.0019804083,0.001512691,0.044501778,0.059643570333719254,0.08697500079870224,9.664477348327637,0.008741199970245361,0.0024828920140862465,0.09349438548088074
1901,0.052881449460983276,1e-04,0.03967232,56.78246,0.0019790803,0.001511762,0.044486854,0.059595562517642975,0.08699522167444229,9.66689395904541,0.008744371123611927,0.0024838570971041918,0.09351134300231934
1902,0.052828945219516754,1e-04,0.039656263,56.766552,0.0019777548,0.0015108347,0.044471953,0.05954767018556595,0.08701548725366592,9.669316291809082,0.008747554384171963,0.0024848266039043665,0.09352836012840271
1903,0.05277654528617859,1e-04,0.039640214,56.750664,0.0019764304,0.001509908,0.044457063,0.05949988216161728,0.08703581243753433,9.671745300292969,0.008750746957957745,0.0024857965763658285,0.09354542940855026
1904,0.052724242210388184,1e-04,0.039624173,56.734745,0.0019751063,0.0015089816,0.04444217,0.05945219099521637,0.08705613762140274,9.674174308776855,0.008753941394388676,0.002486770274117589,0.09356249868869781
1905,0.05267203599214554,1e-04,0.039608154,56.71889,0.0019737862,0.0015080575,0.044427313,0.05940461903810501,0.08707647770643234,9.676603317260742,0.00875713862478733,0.0024877425748854876,0.09357958287000656
1906,0.052619945257902145,1e-04,0.039592147,56.703033,0.001972467,0.0015071343,0.044412464,0.05935714766383171,0.08709690719842911,9.679044723510742,0.008760351687669754,0.0024887218605726957,0.09359674900770187
1907,0.052567943930625916,1e-04,0.03957615,56.687176,0.0019711487,0.0015062118,0.04439762,0.059309788048267365,0.08711735159158707,9.681487083435059,0.0087635712698102,0.002489701611921191,0.09361394494771957
1908,0.05251605063676834,1e-04,0.039560173,56.67132,0.0019698315,0.0015052893,0.044382785,0.05926252156496048,0.0871378481388092,9.68393611907959,0.008766796439886093,0.0024906815961003304,0.09363117069005966
1909,0.05246424302458763,1e-04,0.039544202,56.655506,0.0019685167,0.0015043692,0.04436797,0.059215374290943146,0.08715832978487015,9.686383247375488,0.008770022541284561,0.002491663908585906,0.09364839643239975
1910,0.05241255462169647,1e-04,0.03952825,56.639683,0.0019672033,0.0015034497,0.044353165,0.05916832387447357,0.08717885613441467,9.688834190368652,0.008773259818553925,0.002492649480700493,0.09366568177938461
1911,0.052360955625772476,1e-04,0.03951231,56.623894,0.001965892,0.0015025318,0.044338383,0.059121377766132355,0.08719942718744278,9.691292762756348,0.008776500821113586,0.002493634121492505,0.09368298202753067
1912,0.05230945721268654,1e-04,0.03949638,56.608093,0.001964582,0.0015016145,0.044323605,0.05907455086708069,0.08722005039453506,9.693756103515625,0.008779756724834442,0.0024946259800344706,0.0937003567814827
1913,0.05225806683301926,1e-04,0.039480474,56.592316,0.0019632739,0.0015006982,0.044308845,0.05902780592441559,0.08724064379930496,9.696216583251953,0.008783004246652126,0.002495614578947425,0.09371768683195114
1914,0.052206769585609436,1e-04,0.03946457,56.576557,0.0019619672,0.0014997836,0.0442941,0.05898117274045944,0.08726128935813904,9.698681831359863,0.008786262013018131,0.002496605971828103,0.09373506158590317
1915,0.052155572921037674,1e-04,0.03944869,56.56081,0.0019606624,0.0014988696,0.044279367,0.05893465131521225,0.08728200197219849,9.701155662536621,0.008789535611867905,0.002497601555660367,0.09375252574682236
1916,0.05210447311401367,1e-04,0.039432824,56.54508,0.0019593588,0.001497957,0.044264644,0.05888821929693222,0.08730268478393555,9.703625679016113,0.008792800828814507,0.0024985948111861944,0.09376993775367737
1917,0.05205347388982773,1e-04,0.039416943,56.529316,0.001958055,0.0014970435,0.044249915,0.05884189158678055,0.08732341974973679,9.706103324890137,0.008796077221632004,0.002499591326341033,0.09378740191459656
1918,0.052002571523189545,1e-04,0.039401114,56.513603,0.001956755,0.0014961333,0.044235226,0.058795683085918427,0.08734419196844101,9.708582878112793,0.008799364790320396,0.0025005924981087446,0.09380493313074112
1919,0.05195177346467972,1e-04,0.03938527,56.49789,0.0019554556,0.0014952226,0.044220533,0.05874955281615257,0.08736496418714523,9.711063385009766,0.008802649565041065,0.002501591807231307,0.0938224345445633
1920,0.051901061087846756,1e-04,0.039369464,56.482197,0.0019541583,0.0014943137,0.044205863,0.05870354548096657,0.0873858630657196,9.7135591506958,0.0088059576228261,0.0025025992654263973,0.09384006261825562
1921,0.05185045301914215,1e-04,0.03935366,56.466522,0.0019528627,0.0014934059,0.044191208,0.058657627552747726,0.08740666508674622,9.716043472290039,0.008809252642095089,0.0025036016013473272,0.09385761618614197
1922,0.051799941807985306,1e-04,0.039337866,56.45083,0.0019515677,0.0014924984,0.044176552,0.05861181393265724,0.0874275341629982,9.718535423278809,0.008812556974589825,0.0025046069640666246,0.0938752219080925
1923,0.05174953117966652,1e-04,0.0393221,56.43519,0.001950276,0.0014915933,0.04416193,0.058566100895404816,0.08744845539331436,9.721034049987793,0.00881587341427803,0.002505615586414933,0.09389287978410721
1924,0.051699213683605194,1e-04,0.03930634,56.419537,0.0019489846,0.001490688,0.044147305,0.05852048099040985,0.08746936172246933,9.723530769348145,0.008819186128675938,0.0025066242087632418,0.09391052275896072
1925,0.05164898931980133,1e-04,0.03929058,56.403877,0.0019476935,0.0014897833,0.04413268,0.05847497656941414,0.08749029785394669,9.726030349731445,0.008822507224977016,0.002507635159417987,0.09392820298671722
1926,0.05159887298941612,1e-04,0.03927485,56.388256,0.0019464056,0.0014888808,0.044118088,0.05842956528067589,0.0875113233923912,9.728540420532227,0.008825843222439289,0.0025086512323468924,0.0939459577202797
1927,0.05154884234070778,1e-04,0.039259117,56.372646,0.0019451188,0.0014879784,0.0441035,0.0583842508494854,0.08753230422735214,9.73104476928711,0.008829174563288689,0.002509663114324212,0.09396369010210037
1928,0.051498912274837494,1e-04,0.039243426,56.357037,0.0019438345,0.0014870779,0.044088937,0.058339040726423264,0.08755334466695786,9.73355770111084,0.008832513354718685,0.002510681049898267,0.09398145228624344
1929,0.05144907534122467,1e-04,0.039227724,56.341442,0.0019425502,0.0014861777,0.04407437,0.05829392746090889,0.08757441490888596,9.73607349395752,0.008835859596729279,0.002511698752641678,0.09399925172328949
1930,0.05139933526515961,1e-04,0.039212037,56.325863,0.001941268,0.0014852788,0.044059824,0.05824892222881317,0.08759552240371704,9.738593101501465,0.008839217014610767,0.0025127194821834564,0.09401711076498032
1931,0.0513496920466423,1e-04,0.039196372,56.31028,0.0019399872,0.0014843805,0.044045284,0.058204010128974915,0.08761665225028992,9.74111557006836,0.00884257536381483,0.002513742307201028,0.09403496980667114
1932,0.05130014196038246,1e-04,0.039180715,56.294727,0.0019387079,0.0014834831,0.04403076,0.05815918371081352,0.08763772994279861,9.743631362915039,0.008845928125083447,0.0025147635024040937,0.09405279159545898
1933,0.05125068500638008,1e-04,0.03916507,56.279175,0.0019374304,0.0014825873,0.04401625,0.05811447277665138,0.08765896409749985,9.74616527557373,0.008849306963384151,0.0025157902855426073,0.09407075494527817
1934,0.051201317459344864,1e-04,0.03914943,56.26364,0.0019361537,0.001481692,0.044001747,0.05806984379887581,0.08768012374639511,9.74869155883789,0.008852675557136536,0.002516815671697259,0.09408865869045258
1935,0.05115204676985741,1e-04,0.039133817,56.24811,0.0019348795,0.001480798,0.043987263,0.05802533030509949,0.08770138025283813,9.751229286193848,0.008856061846017838,0.0025178464129567146,0.09410665184259415
1936,0.05110287666320801,1e-04,0.03911822,56.23261,0.0019336067,0.0014799053,0.043972794,0.057980913668870926,0.08772263675928116,9.753766059875488,0.008859447203576565,0.0025188764557242393,0.09412463754415512
1937,0.05105379968881607,1e-04,0.039102618,56.217113,0.001932335,0.0014790135,0.043958332,0.05793660134077072,0.08774396777153015,9.756311416625977,0.00886285025626421,0.0025199134834110737,0.09414271265268326
1938,0.051004812121391296,1e-04,0.03908704,56.201607,0.0019310645,0.0014781217,0.04394388,0.057892367243766785,0.08776523917913437,9.75885009765625,0.00886624213308096,0.002520945155993104,0.09416072815656662
1939,0.05095592141151428,1e-04,0.039071478,56.18614,0.0019297963,0.001477232,0.043929446,0.0578482449054718,0.08778660744428635,9.761399269104004,0.008869651705026627,0.002521981718018651,0.09417882561683655
1940,0.05090712010860443,1e-04,0.03905592,56.170673,0.0019285288,0.0014763424,0.04391502,0.057804208248853683,0.08780796080827713,9.763949394226074,0.00887306034564972,0.002523018280044198,0.09419692307710648
1941,0.05085841193795204,1e-04,0.039040383,56.155212,0.001927263,0.0014754542,0.043900605,0.057760272175073624,0.0878293588757515,9.766502380371094,0.008876477368175983,0.0025240599643439054,0.09421505779027939
1942,0.050809796899557114,1e-04,0.039024837,56.139763,0.0019259978,0.0014745668,0.043886192,0.05771642178297043,0.08785071223974228,9.769049644470215,0.008879884146153927,0.00252509699203074,0.09423314034938812
1943,0.05076127499341965,1e-04,0.03900935,56.124348,0.001924737,0.0014736814,0.043871824,0.05767267197370529,0.08787214010953903,9.771607398986816,0.008883308619260788,0.002526139607653022,0.09425130486488342
1944,0.050712838768959045,1e-04,0.038993854,56.10892,0.0019234756,0.0014727962,0.043857448,0.05762903019785881,0.08789358288049698,9.774166107177734,0.008886738680303097,0.0025271817576140165,0.09426949918270111
1945,0.0506645068526268,1e-04,0.038978357,56.093487,0.001922215,0.001471911,0.043843072,0.05758547782897949,0.0879151001572609,9.7767333984375,0.008890178985893726,0.0025282299611717463,0.09428774565458298
1946,0.05061625689268112,1e-04,0.038962867,56.07807,0.0019209554,0.001471027,0.043828703,0.05754200369119644,0.08793655037879944,9.779293060302734,0.00889360997825861,0.0025292737409472466,0.09430593997240067
1947,0.050568096339702606,1e-04,0.038947407,56.062687,0.001919699,0.001470145,0.04381437,0.057498641312122345,0.08795809000730515,9.781861305236816,0.00889706052839756,0.002530323574319482,0.09432423114776611
1948,0.050520025193691254,1e-04,0.038931966,56.047325,0.0019184442,0.0014692639,0.04380005,0.057455360889434814,0.08797960728406906,9.784430503845215,0.008900503627955914,0.0025313713122159243,0.09434247761964798
1949,0.05047205090522766,1e-04,0.03891653,56.03195,0.0019171902,0.0014683831,0.04378573,0.057412199676036835,0.08800121396780014,9.787007331848145,0.008903964422643185,0.002532425569370389,0.0943608209490776
1950,0.05042416602373123,1e-04,0.038901083,56.016563,0.001915936,0.0014675023,0.043771405,0.057369109243154526,0.08802280575037003,9.789584159851074,0.008907425217330456,0.002533477731049061,0.09437915682792664
1951,0.05037636682391167,1e-04,0.03888567,56.001225,0.0019146848,0.0014666239,0.04375711,0.05732611566781998,0.08804439753293991,9.792159080505371,0.008910886012017727,0.0025345312897115946,0.09439749270677567
1952,0.05032866448163986,1e-04,0.038870275,55.9859,0.0019134359,0.0014657466,0.04374284,0.057283222675323486,0.08806603401899338,9.794739723205566,0.008914357982575893,0.0025355888064950705,0.09441588073968887
1953,0.05028104782104492,1e-04,0.038854897,55.970577,0.0019121885,0.0014648706,0.04372858,0.05724042281508446,0.08808770775794983,9.79732608795166,0.008917835541069508,0.002536647953093052,0.09443429112434387
1954,0.05023353174328804,1e-04,0.038839526,55.95527,0.0019109418,0.001463995,0.04371432,0.057197704911231995,0.08810935169458389,9.799908638000488,0.008921308442950249,0.002537704072892666,0.09445267915725708
1955,0.05018609017133713,1e-04,0.038824167,55.939953,0.0019096959,0.0014631192,0.04370007,0.05715508386492729,0.08813106268644333,9.802497863769531,0.008924794383347034,0.002538764150813222,0.09447112679481506
1956,0.05013874173164368,1e-04,0.03880881,55.924652,0.0019084516,0.0014622454,0.043685827,0.05711256340146065,0.08815275877714157,9.805085182189941,0.008928281255066395,0.0025398260913789272,0.09448958188295364
1957,0.050091493874788284,1e-04,0.038793467,55.909374,0.0019072092,0.001461372,0.043671604,0.05707012116909027,0.0881744995713234,9.807679176330566,0.008931775577366352,0.002540889661759138,0.09450807422399521
1958,0.050044313073158264,1e-04,0.038778137,55.894085,0.0019059669,0.0014604992,0.04365738,0.05702778324484825,0.0881962701678276,9.810275077819824,0.008935272693634033,0.0025419562589377165,0.09452657401561737
1959,0.0499972403049469,1e-04,0.03876284,55.878864,0.0019047292,0.0014596295,0.043643203,0.05698553845286369,0.0882180705666542,9.812875747680664,0.008938781917095184,0.0025430216919630766,0.09454513341188431
1960,0.0499502532184124,1e-04,0.03874754,55.863617,0.0019034912,0.0014587594,0.043629017,0.0569433756172657,0.08823984116315842,9.815471649169922,0.008942283689975739,0.0025440871249884367,0.09456364810466766
1961,0.04990334436297417,1e-04,0.03873225,55.84835,0.0019022533,0.0014578894,0.043614827,0.056901298463344574,0.08826164156198502,9.818072319030762,0.00894579291343689,0.0025451553519815207,0.094582200050354
1962,0.049856528639793396,1e-04,0.03871697,55.833126,0.0019010175,0.0014570208,0.04360066,0.05685931816697121,0.0882834866642952,9.820677757263184,0.008949307724833488,0.0025462256744503975,0.09460078179836273
1963,0.04980979487299919,1e-04,0.038701717,55.817905,0.0018997842,0.0014561537,0.043586515,0.056817442178726196,0.08830535411834717,9.823285102844238,0.008952832780778408,0.002547298325225711,0.09461940824985504
1964,0.04976315796375275,1e-04,0.03868646,55.8027,0.0018985511,0.0014552866,0.043572366,0.056775640696287155,0.08832725137472153,9.825896263122559,0.008956360630691051,0.002548373304307461,0.09463804960250854
1965,0.04971659928560257,1e-04,0.038671207,55.787487,0.0018973191,0.0014544206,0.043558225,0.056733932346105576,0.08834914118051529,9.828507423400879,0.008959890343248844,0.002549447352066636,0.09465669840574265
1966,0.049670133739709854,1e-04,0.03865599,55.7723,0.0018960895,0.0014535561,0.04354411,0.056692324578762054,0.08837106823921204,9.831121444702148,0.008963427506387234,0.00255052512511611,0.09467537701129913
1967,0.0496237576007843,1e-04,0.03864077,55.75714,0.0018948611,0.0014526924,0.043530002,0.0566507950425148,0.08839303255081177,9.833741188049316,0.008966970257461071,0.0025516024325042963,0.09469408541917801
1968,0.04957745969295502,1e-04,0.038625564,55.741962,0.0018936336,0.0014518292,0.043515902,0.056609347462654114,0.08841497451066971,9.836358070373535,0.008970510214567184,0.0025526792742311954,0.09471277892589569
1969,0.0495312437415123,1e-04,0.038610373,55.726795,0.0018924075,0.001450967,0.04350181,0.05656800419092178,0.08843696117401123,9.83897876739502,0.008974061347544193,0.002553761238232255,0.09473152458667755
1970,0.04948513209819794,1e-04,0.038595196,55.71167,0.0018911837,0.0014501064,0.043487743,0.05652674660086632,0.08845894783735275,9.841599464416504,0.008977613411843777,0.0025548420380800962,0.09475027024745941
1971,0.049439094960689545,1e-04,0.038580038,55.69654,0.0018899614,0.0014492468,0.043473687,0.05648557469248772,0.08848098665475845,9.844228744506836,0.008981174789369106,0.0025559267960488796,0.09476906061172485
1972,0.04939313977956772,1e-04,0.03856488,55.681404,0.0018887393,0.0014483866,0.043459628,0.05644448474049568,0.08850300312042236,9.846853256225586,0.008984734304249287,0.0025570096913725138,0.0947878360748291
1973,0.04934727028012276,1e-04,0.03854974,55.666298,0.0018875195,0.0014475288,0.04344559,0.05640348792076111,0.08852501958608627,9.849478721618652,0.008988293819129467,0.00255809398368001,0.09480661153793335
1974,0.04930149018764496,1e-04,0.038534615,55.651196,0.0018863009,0.0014466712,0.043431565,0.056362584233284,0.08854711800813675,9.852112770080566,0.008991868235170841,0.0025591806042939425,0.09482546150684357
1975,0.04925579950213432,1e-04,0.038519494,55.636105,0.0018850832,0.0014458147,0.043417543,0.05632176250219345,0.08856918662786484,9.854743957519531,0.008995439857244492,0.0025602697860449553,0.094844289124012
1976,0.049210190773010254,1e-04,0.038504384,55.62102,0.0018838668,0.001444959,0.043403536,0.05628102272748947,0.08859125524759293,9.857375144958496,0.00899901520460844,0.002561357105150819,0.09486313909292221
1977,0.04916466027498245,1e-04,0.03848931,55.605965,0.0018826536,0.0014441051,0.043389555,0.056240376085042953,0.08861339092254639,9.860013961791992,0.009002599865198135,0.0025624495465308428,0.09488203376531601
1978,0.049119215458631516,1e-04,0.03847421,55.5909,0.0018814392,0.0014432507,0.04337556,0.056199811398983,0.08863553404808044,9.862652778625488,0.00900618638843298,0.0025635419879108667,0.09490092843770981
1979,0.049073848873376846,1e-04,0.03845913,55.575813,0.0018802261,0.0014423968,0.043361574,0.05615934729576111,0.08865771442651749,9.8652982711792,0.009009781293570995,0.00256463629193604,0.09491986781358719
1980,0.049028582870960236,1e-04,0.038444083,55.5608,0.0018790168,0.0014415452,0.043347627,0.05611895024776459,0.08867979794740677,9.86793041229248,0.009013363160192966,0.002565726637840271,0.0949387326836586
1981,0.04898339509963989,1e-04,0.038429048,55.545757,0.0018778072,0.0014406937,0.043333672,0.05607864633202553,0.0887020006775856,9.870577812194824,0.009016965515911579,0.002566822338849306,0.09495770186185837
1982,0.04893828183412552,1e-04,0.038414,55.530724,0.0018765989,0.0014398432,0.04331973,0.05603843182325363,0.08872418850660324,9.873221397399902,0.009020566008985043,0.0025679192040115595,0.09497666358947754
1983,0.04889325797557831,1e-04,0.03839898,55.51574,0.0018753929,0.0014389943,0.043305807,0.055998291820287704,0.08874639868736267,9.875869750976562,0.00902416929602623,0.0025690170004963875,0.09499562531709671
1984,0.04884830862283707,1e-04,0.03838397,55.500732,0.0018741874,0.0014381453,0.043291885,0.05595824494957924,0.0887686014175415,9.87851619720459,0.009027775377035141,0.00257011572830379,0.09501460939645767
1985,0.04880345240235329,1e-04,0.03836898,55.48574,0.001872984,0.001437298,0.043277986,0.055918291211128235,0.0887908861041069,9.881171226501465,0.009031398221850395,0.0025712179485708475,0.0950336679816246
1986,0.048758670687675476,1e-04,0.03835398,55.470757,0.0018717805,0.0014364508,0.04326408,0.0558784082531929,0.08881313353776932,9.88382339477539,0.009035012684762478,0.0025723185390233994,0.09505268186330795
1987,0.04871397465467453,1e-04,0.038339015,55.4558,0.0018705803,0.0014356052,0.043250207,0.05583862215280533,0.08883541077375412,9.886478424072266,0.009038634598255157,0.002573421224951744,0.09507173299789429
1988,0.04866936802864075,1e-04,0.03832404,55.440834,0.0018693797,0.00143476,0.043236323,0.05579891800880432,0.08885770291090012,9.889134407043457,0.009042262099683285,0.002574523910880089,0.09509080648422241
1989,0.04862483590841293,1e-04,0.038309086,55.425877,0.0018681809,0.0014339153,0.043222457,0.05575929209589958,0.0888800248503685,9.89179515838623,0.009045892395079136,0.0025756305549293756,0.09510989487171173
1990,0.048580385744571686,1e-04,0.038294144,55.410946,0.0018669841,0.0014330726,0.04320861,0.05571974441409111,0.0889022946357727,9.894449234008789,0.009049519896507263,0.0025767365004867315,0.09512896090745926
1991,0.04853601008653641,1e-04,0.0382792,55.396,0.0018657867,0.0014322291,0.043194752,0.0556802973151207,0.08892466872930527,9.897114753723145,0.009053163230419159,0.0025778438430279493,0.09514810889959335
1992,0.04849172756075859,1e-04,0.038264297,55.3811,0.0018645937,0.0014313887,0.043180943,0.05564092844724655,0.08894702047109604,9.899779319763184,0.009056804701685905,0.0025789530482143164,0.09516724944114685
1993,0.04844752326607704,1e-04,0.038249392,55.366207,0.001863401,0.0014305485,0.04316713,0.055601634085178375,0.08896934241056442,9.90243911743164,0.009060442447662354,0.002580061089247465,0.09518635272979736
1994,0.04840339720249176,1e-04,0.038234483,55.35128,0.0018622071,0.0014297072,0.043153297,0.05556241795420647,0.0889916941523552,9.905102729797363,0.00906408578157425,0.002581169595941901,0.09520549327135086
1995,0.04835934937000275,1e-04,0.03821961,55.33639,0.0018610172,0.0014288686,0.04313951,0.05552329495549202,0.08901407569646835,9.907770156860352,0.009067735634744167,0.0025822818279266357,0.09522465616464615
1996,0.0483153872191906,1e-04,0.038204733,55.32151,0.0018598275,0.0014280302,0.04312572,0.05548425018787384,0.0890364870429039,9.910440444946289,0.009071392007172108,0.002583396155387163,0.09524385631084442
1997,0.04827149957418442,1e-04,0.03818987,55.306633,0.0018586392,0.0014271926,0.04311194,0.05544528365135193,0.08905884623527527,9.913105010986328,0.009075040929019451,0.002584506291896105,0.09526301175355911
1998,0.048227693885564804,1e-04,0.038175017,55.291775,0.0018574521,0.0014263559,0.043098167,0.05540641024708748,0.08908126503229141,9.915776252746582,0.00907870288938284,0.0025856224820017815,0.09528222680091858
1999,0.048183973878622055,1e-04,0.03816017,55.27691,0.0018562656,0.0014255195,0.0430844,0.05536762252449989,0.08910376578569412,9.91845703125,0.009082378819584846,0.0025867423973977566,0.09530151635408401
2000,0.04814032465219498,1e-04,0.038145363,55.262096,0.0018550837,0.0014246864,0.04307068,0.05532889440655708,0.08912617713212967,9.921128273010254,0.009086038917303085,0.0025878555607050657,0.09532071650028229
2001,0.048096753656864166,1e-04,0.038130544,55.247253,0.0018538997,0.0014238518,0.043056935,0.05529024451971054,0.08914854377508163,9.923791885375977,0.009089695289731026,0.0025889703538268805,0.09533989429473877
2002,0.04805327206850052,1e-04,0.038115736,55.23244,0.0018527183,0.001423019,0.043043215,0.05525168776512146,0.08917101472616196,9.926469802856445,0.009093367494642735,0.002590087242424488,0.09535914659500122
2003,0.048009857535362244,1e-04,0.03810095,55.217625,0.0018515381,0.0014221867,0.043029502,0.055213212966918945,0.08919347077608109,9.929144859313965,0.009097043424844742,0.0025912064593285322,0.09537842124700546
2004,0.04796652868390083,1e-04,0.038086172,55.20283,0.0018503597,0.001421356,0.043015808,0.0551748126745224,0.08921598643064499,9.931827545166016,0.009100724942982197,0.002592328703030944,0.0953977182507515
2005,0.04792327061295509,1e-04,0.038071387,55.188023,0.0018491809,0.0014205247,0.043002103,0.05513649806380272,0.08923846483230591,9.934505462646484,0.009104405529797077,0.0025934483855962753,0.09541700780391693
2006,0.04788009822368622,1e-04,0.03805662,55.17324,0.0018480035,0.0014196942,0.042988412,0.05509825795888901,0.08926090598106384,9.937179565429688,0.00910808052867651,0.002594568533822894,0.09543626755475998
2007,0.04783700406551361,1e-04,0.038041893,55.15849,0.0018468302,0.0014188668,0.042974763,0.05506010353565216,0.08928343653678894,9.939864158630371,0.009111772291362286,0.0025956938043236732,0.095455601811409
2008,0.04779398441314697,1e-04,0.038027145,55.143696,0.0018456543,0.0014180372,0.04296108,0.05502202361822128,0.08930593729019165,9.942543983459473,0.009115458466112614,0.0025968158151954412,0.09547491371631622
2009,0.0477510504424572,1e-04,0.038012426,55.128967,0.0018444831,0.0014172109,0.042947445,0.05498403310775757,0.08932849764823914,9.945231437683105,0.009119157679378986,0.0025979429483413696,0.09549427777528763
2010,0.047708187252283096,1e-04,0.03799771,55.114227,0.0018433115,0.0014163846,0.042933803,0.05494611710309982,0.08935105800628662,9.947918891906738,0.009122858755290508,0.002599070081487298,0.09551365673542023
2011,0.04766539856791496,1e-04,0.037983,55.09948,0.001842141,0.0014155587,0.042920172,0.05490826815366745,0.08937355875968933,9.95059871673584,0.009126551449298859,0.002600194187834859,0.09553298354148865
2012,0.0476226881146431,1e-04,0.03796831,55.084755,0.001840972,0.0014147342,0.04290655,0.054870497435331345,0.08939611166715622,9.953285217285156,0.009130251593887806,0.0026013220194727182,0.09555234760046005
2013,0.0475800521671772,1e-04,0.03795364,55.07006,0.0018398056,0.0014139112,0.042892955,0.054832812398672104,0.0894186720252037,9.955972671508789,0.009133954532444477,0.002602450316771865,0.09557172656059265
2014,0.04753749817609787,1e-04,0.03793896,55.055336,0.0018386383,0.0014130874,0.042879347,0.05479521304368973,0.08944126218557358,9.958662986755371,0.009137664921581745,0.0026035800110548735,0.09559113532304764
2015,0.04749502241611481,1e-04,0.037924293,55.04064,0.0018374727,0.0014122647,0.042865753,0.05475768446922302,0.08946385979652405,9.961355209350586,0.009141377173364162,0.0026047120336443186,0.09561055153608322
2016,0.047452617436647415,1e-04,0.037909653,55.02597,0.0018363094,0.0014114437,0.042852182,0.05472022667527199,0.08948644250631332,9.964045524597168,0.00914508942514658,0.002605841727927327,0.09562996029853821
2017,0.04741028696298599,1e-04,0.037895024,55.0113,0.0018351476,0.0014106238,0.042838622,0.054682858288288116,0.08950904756784439,9.9667387008667,0.00914880633354187,0.002606974681839347,0.09564939141273499
2018,0.047368038445711136,1e-04,0.037880395,54.99661,0.0018339854,0.0014098034,0.042825058,0.05464557185769081,0.08953171223402023,9.969436645507812,0.00915253534913063,0.0026081104297190905,0.09566888213157654
2019,0.04732586070895195,1e-04,0.037865777,54.981968,0.0018328255,0.0014089851,0.04281151,0.05460834130644798,0.08955427259206772,9.972124099731445,0.009156245738267899,0.0026092405896633863,0.09568827599287033
2020,0.04728376120328903,1e-04,0.037851173,54.96732,0.0018316663,0.0014081664,0.04279797,0.05457121133804321,0.08957699686288834,9.974830627441406,0.009159989655017853,0.0026103800628334284,0.09570783376693726
2021,0.047241728752851486,1e-04,0.037836555,54.95265,0.0018305071,0.0014073477,0.042784426,0.05453413352370262,0.08959957212209702,9.977519035339355,0.009163704700767994,0.0026115148793905973,0.09572724252939224
2022,0.047199781984090805,1e-04,0.037821997,54.93807,0.001829353,0.0014065333,0.042770937,0.05449714511632919,0.08962223678827286,9.980219841003418,0.009167439304292202,0.0026126515585929155,0.09574674814939499
2023,0.047157902270555496,1e-04,0.037807412,54.92343,0.0018281972,0.0014057166,0.04275742,0.054460231214761734,0.0896448865532875,9.982916831970215,0.009171171113848686,0.002613787306472659,0.09576623141765594
2024,0.047116100788116455,1e-04,0.037792854,54.908813,0.0018270428,0.0014049017,0.04274392,0.05442339926958084,0.08966755867004395,9.985615730285645,0.009174909442663193,0.002614926313981414,0.09578574448823929
2025,0.04707438126206398,1e-04,0.0377783,54.894222,0.0018258906,0.001404088,0.042730443,0.054386626929044724,0.089690200984478,9.988311767578125,0.009178642183542252,0.0026160646229982376,0.09580522775650024
2026,0.04703272506594658,1e-04,0.037763767,54.879635,0.0018247395,0.001403275,0.04271697,0.05434993654489517,0.08971288055181503,9.991013526916504,0.009182381443679333,0.0026172036305069923,0.09582474082708359
2027,0.046991147100925446,1e-04,0.03774923,54.865055,0.0018235889,0.0014024626,0.0427035,0.054313331842422485,0.08973554521799088,9.993712425231934,0.009186125360429287,0.0026183435693383217,0.09584427624940872
2028,0.04694964364171028,1e-04,0.037734713,54.850483,0.0018224397,0.0014016505,0.042690042,0.05427677556872368,0.08975818008184433,9.996407508850098,0.009189858101308346,0.0026194823440164328,0.09586374461650848
2029,0.04690820723772049,1e-04,0.037720196,54.83591,0.0018212915,0.0014008393,0.04267659,0.05424031242728233,0.08978084474802017,9.999107360839844,0.00919360388070345,0.0026206232141703367,0.09588328003883362
2030,0.04686685651540756,1e-04,0.037705712,54.82136,0.0018201454,0.0014000299,0.04266316,0.05420391261577606,0.08980349451303482,10.001805305480957,0.00919734500348568,0.002621761756017804,0.09590278565883636
2031,0.04682556539773941,1e-04,0.03769123,54.806816,0.0018190005,0.0013992203,0.042649742,0.054167602211236954,0.08982622623443604,10.004509925842285,0.009201101958751678,0.0026229070499539375,0.09592237323522568
2032,0.046784356236457825,1e-04,0.03767676,54.792267,0.0018178556,0.0013984116,0.04263632,0.054131340235471725,0.0898488387465477,10.007203102111816,0.00920483935624361,0.002624046988785267,0.09594185650348663
2033,0.04674321413040161,1e-04,0.037662294,54.77775,0.001816713,0.0013976041,0.042622916,0.054095178842544556,0.08987153321504593,10.009905815124512,0.00920859258621931,0.0026251906529068947,0.09596141427755356
2034,0.04670215770602226,1e-04,0.037647847,54.763252,0.0018155721,0.0013967978,0.04260953,0.05405907705426216,0.08989423513412476,10.012609481811523,0.00921234767884016,0.0026263317558914423,0.09598097205162048
2035,0.04666116088628769,1e-04,0.0376334,54.748726,0.0018144312,0.0013959913,0.04259614,0.054023053497076035,0.08991693705320358,10.015311241149902,0.00921610463410616,0.002627478912472725,0.0960005447268486
2036,0.046620238572359085,1e-04,0.037618954,54.734215,0.0018132904,0.0013951849,0.042582747,0.05398709699511528,0.08993963152170181,10.018013954162598,0.009219861589372158,0.0026286232750862837,0.09602010995149612
2037,0.04657938703894615,1e-04,0.037604544,54.71975,0.0018121537,0.0013943817,0.0425694,0.05395122617483139,0.08996238559484482,10.020722389221191,0.009223629720509052,0.002629772061482072,0.09603972733020782
2038,0.046538613736629486,1e-04,0.037590127,54.70526,0.0018110164,0.0013935778,0.042556036,0.053915414959192276,0.08998508006334305,10.023425102233887,0.009227391332387924,0.0026309192180633545,0.09605931490659714
2039,0.04649790748953819,1e-04,0.03757572,54.69079,0.00180988,0.0013927744,0.042542685,0.05387967824935913,0.09000778198242188,10.026127815246582,0.00923115387558937,0.0026320654433220625,0.09607889503240585
2040,0.04645726829767227,1e-04,0.03756133,54.676323,0.0018087456,0.0013919722,0.04252935,0.05384401977062225,0.09003052115440369,10.028834342956543,0.009234923869371414,0.0026332123670727015,0.09609851241111755
2041,0.04641670733690262,1e-04,0.037546955,54.661873,0.0018076125,0.0013911711,0.042516027,0.05380842089653015,0.09005320072174072,10.031535148620605,0.009238684549927711,0.0026343592908233404,0.09611807763576508
2042,0.04637621343135834,1e-04,0.037532587,54.647434,0.0018064806,0.0013903705,0.042502712,0.053772903978824615,0.09007596224546432,10.034244537353516,0.009242460131645203,0.002635509939864278,0.09613771736621857
2043,0.046335794031620026,1e-04,0.037518237,54.633022,0.0018053509,0.0013895718,0.04248942,0.05373746529221535,0.09009873121976852,10.036955833435059,0.009246238507330418,0.0026366610545665026,0.09615736454725266
2044,0.04629544913768768,1e-04,0.03750388,54.61859,0.0018042204,0.0013887726,0.042476114,0.05370207875967026,0.09012139588594437,10.039653778076172,0.009250002913177013,0.002637808909639716,0.09617693722248077
2045,0.046255167573690414,1e-04,0.037489537,54.604156,0.0018030909,0.0013879734,0.04246282,0.05366677790880203,0.09014414995908737,10.04236125946045,0.009253783151507378,0.002638960024341941,0.09619658440351486
2046,0.046214960515499115,1e-04,0.037475202,54.58976,0.001801964,0.0013871763,0.042449545,0.05363154411315918,0.09016691893339157,10.045072555541992,0.009257566183805466,0.0026401143986731768,0.09621624648571014
2047,0.04617481678724289,1e-04,0.037460897,54.575356,0.0018008378,0.0013863795,0.04243628,0.0535963699221611,0.09018958359956741,10.047772407531738,0.009261329658329487,0.0026412627194076777,0.09623580425977707
2048,0.04613475501537323,1e-04,0.037446596,54.56098,0.0017997136,0.0013855845,0.042423032,0.05356127768754959,0.09021235257387161,10.050481796264648,0.009265117347240448,0.002642415463924408,0.09625548124313354
2049,0.04609474912285805,1e-04,0.037432287,54.546608,0.0017985894,0.0013847892,0.042409778,0.05352625623345375,0.09023509174585342,10.053189277648926,0.00926890131086111,0.002643567742779851,0.09627513587474823
2050,0.04605482146143913,1e-04,0.037418008,54.53222,0.0017974662,0.0013839945,0.042396534,0.05349130555987358,0.09025784581899643,10.055895805358887,0.009272683411836624,0.002644722117111087,0.09629477560520172
2051,0.04601496830582619,1e-04,0.037403725,54.517864,0.0017963445,0.0013832009,0.042383306,0.05345641449093819,0.09028057008981705,10.058601379394531,0.009276467375457287,0.002645875560119748,0.09631442278623581
2052,0.04597517102956772,1e-04,0.037389465,54.503517,0.0017952248,0.0013824087,0.042370092,0.05342158302664757,0.09030326455831528,10.06130313873291,0.009280242957174778,0.002647026674821973,0.09633401781320572
2053,0.04593544825911522,1e-04,0.03737522,54.48919,0.0017941062,0.0013816168,0.04235689,0.05338684096932411,0.0903259888291359,10.064007759094238,0.009284031577408314,0.0026481812819838524,0.096353679895401
2054,0.04589579626917839,1e-04,0.037360962,54.474827,0.0017929868,0.0013808245,0.042343676,0.05335216224193573,0.0903487280011177,10.066715240478516,0.0092878183349967,0.00264933449216187,0.09637332707643509
2055,0.04585621505975723,1e-04,0.037346747,54.46053,0.0017918719,0.0013800353,0.042330507,0.05331755802035332,0.0903715118765831,10.069425582885742,0.009291616268455982,0.002650492824614048,0.09639303386211395
2056,0.04581669718027115,1e-04,0.0373325,54.44618,0.0017907541,0.0013792441,0.042317305,0.05328301712870598,0.09039425849914551,10.07213306427002,0.009295408613979816,0.002651648595929146,0.09641269594430923
2057,0.045777250081300735,1e-04,0.037318293,54.431892,0.0017896404,0.0013784559,0.042304143,0.05324853956699371,0.09041693806648254,10.074832916259766,0.00929919071495533,0.0026528015732765198,0.09643231332302094
2058,0.04573787376284599,1e-04,0.037304096,54.417595,0.0017885271,0.0013776674,0.04229098,0.05321412533521652,0.09043967723846436,10.077539443969727,0.009302984923124313,0.002653958275914192,0.09645198285579681
2059,0.04569855332374573,1e-04,0.03728989,54.40328,0.001787414,0.0013768794,0.04227782,0.0531797856092453,0.09046238660812378,10.080242156982422,0.009306774474680424,0.0026551131159067154,0.0964716225862503
2060,0.04565931484103203,1e-04,0.037275713,54.389015,0.0017863037,0.0013760935,0.042264685,0.05314552038908005,0.09048513323068619,10.0829496383667,0.00931057333946228,0.002656272379681468,0.09649131447076797
2061,0.0456201396882534,1e-04,0.03726154,54.374744,0.0017851933,0.0013753067,0.04225155,0.05311132222414017,0.0905078575015068,10.085653305053711,0.009314368478953838,0.0026574283838272095,0.09651097655296326
2062,0.045581039041280746,1e-04,0.03724738,54.36048,0.001784085,0.0013745222,0.04223843,0.053077179938554764,0.09053057432174683,10.088356971740723,0.009318162687122822,0.002658584387972951,0.09653063118457794
2063,0.04554199427366257,1e-04,0.037233207,54.34622,0.0017829767,0.0013737371,0.04222531,0.05304311588406563,0.09055332094430923,10.091064453125,0.009321965277194977,0.002659745514392853,0.09655032306909561
2064,0.04550302028656006,1e-04,0.03721908,54.331997,0.0017818713,0.0013729547,0.042212218,0.053009115159511566,0.09057605266571045,10.093769073486328,0.009325765073299408,0.0026609040796756744,0.09657000005245209
2065,0.04546411707997322,1e-04,0.037204955,54.317757,0.0017807664,0.0013721717,0.042199127,0.05297517031431198,0.09059872478246689,10.096467018127441,0.009329555556178093,0.0026620598509907722,0.09658962488174438
2066,0.04542527347803116,1e-04,0.037190832,54.30352,0.0017796617,0.0013713893,0.042186037,0.05294128507375717,0.09062138944864273,10.099165916442871,0.009333346970379353,0.00266321562230587,0.09660924971103668
2067,0.04538649693131447,1e-04,0.037176702,54.28928,0.0017785571,0.0013706067,0.042172942,0.052907489240169525,0.09064412862062454,10.101871490478516,0.00933715421706438,0.0026643744204193354,0.09662894904613495
2068,0.04534779116511345,1e-04,0.037162602,54.275085,0.0017774563,0.0013698267,0.04215989,0.052873753011226654,0.09066686034202576,10.104576110839844,0.009340958669781685,0.002665537176653743,0.09664863348007202
2069,0.045309148728847504,1e-04,0.037148517,54.26089,0.0017763559,0.0013690471,0.04214684,0.052840083837509155,0.09068959206342697,10.107280731201172,0.009344766847789288,0.0026666969060897827,0.09666833281517029
2070,0.04527056962251663,1e-04,0.037134428,54.246677,0.0017752552,0.0013682669,0.04213378,0.05280648171901703,0.0907123014330864,10.109983444213867,0.009348570369184017,0.0026678573340177536,0.09668800234794617
2071,0.04523206874728203,1e-04,0.037120365,54.232517,0.0017741577,0.0013674896,0.04212075,0.05277293175458908,0.09073495119810104,10.112678527832031,0.00935236643999815,0.002669014735147357,0.09670763462781906
2072,0.0451936274766922,1e-04,0.037106294,54.21833,0.0017730595,0.0013667113,0.042107712,0.0527394562959671,0.09075764566659927,10.115378379821777,0.009356173686683178,0.00267017656005919,0.09672731906175613
2073,0.04515524581074715,1e-04,0.037092246,54.204163,0.0017719634,0.0013659346,0.042094696,0.0527060404419899,0.0907803401350975,10.11807918548584,0.009359975345432758,0.0026713355910032988,0.09674696624279022
2074,0.045116931200027466,1e-04,0.03707819,54.19,0.0017708677,0.0013651578,0.04208168,0.05267269164323807,0.09080302715301514,10.120779037475586,0.009363781660795212,0.002672496484592557,0.0967666357755661
2075,0.04507868364453316,1e-04,0.037064157,54.17585,0.0017697735,0.0013643826,0.042068675,0.05263940617442131,0.09082569926977158,10.1234769821167,0.00936758704483509,0.002673657611012459,0.09678629785776138
2076,0.04504050314426422,1e-04,0.037050147,54.161713,0.0017686813,0.001363608,0.042055693,0.052606187760829926,0.09084833413362503,10.12617015838623,0.009371388703584671,0.002674815943464637,0.09680593013763428
2077,0.04500238597393036,1e-04,0.03703613,54.147583,0.0017675894,0.001362834,0.04204271,0.052573032677173615,0.09087101370096207,10.12886905670166,0.009375197812914848,0.002675978234037757,0.09682560712099075
2078,0.04496432840824127,1e-04,0.037022118,54.133457,0.0017664984,0.0013620609,0.04202973,0.05253993719816208,0.09089367836713791,10.131564140319824,0.009379002265632153,0.0026771381963044405,0.09684524685144424
2079,0.044926341623067856,1e-04,0.03700813,54.119347,0.0017654091,0.0013612882,0.04201677,0.05250690504908562,0.09091629832983017,10.134256362915039,0.009382803924381733,0.002678297460079193,0.09686487168073654
2080,0.04488842189311981,1e-04,0.036994137,54.105244,0.0017643205,0.0013605164,0.042003814,0.05247393622994423,0.09093892574310303,10.136948585510254,0.009386607445776463,0.002679455326870084,0.09688450396060944
2081,0.044850561767816544,1e-04,0.036980163,54.091145,0.0017632331,0.0013597453,0.04199087,0.05244103819131851,0.09096158295869827,10.139644622802734,0.009390418417751789,0.0026806213427335024,0.09690417349338531
2082,0.04481276869773865,1e-04,0.036966205,54.07705,0.001762147,0.0013589748,0.041977935,0.052408188581466675,0.09098417311906815,10.142332077026367,0.00939422007650137,0.0026817794423550367,0.09692378342151642
2083,0.04477503150701523,1e-04,0.036952257,54.062977,0.0017610622,0.0013582055,0.04196501,0.05237540602684021,0.09100677818059921,10.145021438598633,0.00939802173525095,0.0026829398702830076,0.09694339334964752
2084,0.04473736137151718,1e-04,0.03693831,54.04891,0.001759978,0.0013574368,0.041952092,0.05234269052743912,0.09102940559387207,10.147713661193848,0.009401830844581127,0.002684101229533553,0.09696304053068161
2085,0.04469975456595421,1e-04,0.036924373,54.03482,0.0017588943,0.0013566678,0.041939173,0.0523100383579731,0.09105201810598373,10.15040397644043,0.009405636228621006,0.0026852618902921677,0.09698265790939331
2086,0.044662218540906906,1e-04,0.036910463,54.0208,0.0017578139,0.0013559016,0.04192629,0.052277445793151855,0.09107460826635361,10.153090476989746,0.009409441612660885,0.0026864211540669203,0.09700227528810501
2087,0.04462473839521408,1e-04,0.036896545,54.006744,0.0017567327,0.0013551343,0.041913394,0.05224491283297539,0.09109719842672348,10.155778884887695,0.009413246065378189,0.002687581581994891,0.09702188521623611
2088,0.04458731785416603,1e-04,0.03688263,53.992702,0.0017556524,0.001354368,0.041900504,0.052212443202733994,0.09111976623535156,10.158463478088379,0.009417052380740643,0.0026887438725680113,0.09704149514436722
2089,0.04454996436834335,1e-04,0.036868732,53.978657,0.0017545737,0.0013536023,0.04188763,0.05218003690242767,0.09114232659339905,10.161148071289062,0.009420856833457947,0.0026899047661572695,0.09706109762191772
2090,0.04451267421245575,1e-04,0.036854845,53.96465,0.0017534962,0.0013528379,0.04187477,0.052147697657346725,0.09116489440202713,10.163832664489746,0.009424664080142975,0.0026910649612545967,0.09708070755004883
2091,0.044475454837083817,1e-04,0.03684098,53.95062,0.0017524196,0.0013520737,0.04186191,0.052115414291620255,0.0911874771118164,10.166518211364746,0.009428471326828003,0.002692227018997073,0.09710031747817993
2092,0.04443828761577606,1e-04,0.036827106,53.93662,0.0017513444,0.0013513109,0.041849066,0.05208318680524826,0.0912100151181221,10.16919994354248,0.009432275779545307,0.0026933876797556877,0.09711990505456924
2093,0.04440118372440338,1e-04,0.03681324,53.92261,0.0017502696,0.0013505479,0.041836224,0.05205102264881134,0.09123256057500839,10.171881675720215,0.00943608209490776,0.002694549737498164,0.09713950008153915
2094,0.04436413571238518,1e-04,0.036799397,53.908638,0.001749197,0.0013497864,0.041823402,0.052018921822309494,0.09125509113073349,10.174561500549316,0.00943988561630249,0.0026957106310874224,0.09715907275676727
2095,0.04432716220617294,1e-04,0.03678556,53.894646,0.0017481248,0.0013490254,0.041810583,0.05198689177632332,0.09127762913703918,10.177241325378418,0.009443697519600391,0.0026968717575073242,0.09717869013547897
2096,0.044290248304605484,1e-04,0.036771726,53.880688,0.0017470538,0.0013482653,0.041797772,0.051954902708530426,0.09130015224218369,10.17992115020752,0.009447499178349972,0.0026980319526046515,0.0971982479095459
2097,0.0442533865571022,1e-04,0.036757916,53.86673,0.0017459842,0.0013475062,0.041784976,0.051922984421253204,0.09132268279790878,10.182601928710938,0.009451308287680149,0.002699194708839059,0.09721784293651581
2098,0.044216591864824295,1e-04,0.03674411,53.852776,0.0017449156,0.001346747,0.041772187,0.051891129463911057,0.09134521335363388,10.185281753540039,0.009455119259655476,0.00270035769790411,0.09723743796348572
2099,0.04417985677719116,1e-04,0.036730297,53.83884,0.0017438479,0.0013459892,0.041759405,0.05185932666063309,0.09136771410703659,10.187957763671875,0.009458926506340504,0.0027015190571546555,0.09725701063871384
2100,0.044143181294202805,1e-04,0.036716502,53.824894,0.0017427802,0.0013452311,0.04174662,0.05182758718729019,0.09139018505811691,10.190629959106445,0.009462730027735233,0.002702678320929408,0.09727656096220016
2101,0.04410657286643982,1e-04,0.036702745,53.81097,0.0017417158,0.0013444751,0.04173387,0.05179590359330177,0.09141267091035843,10.193305015563965,0.009466536343097687,0.002703840611502528,0.09729612618684769
2102,0.04407001659274101,1e-04,0.036688957,53.797062,0.0017406513,0.001343719,0.041721113,0.05176427960395813,0.09143509715795517,10.195971488952637,0.009470333345234394,0.002704997779801488,0.09731563925743103
2103,0.04403353109955788,1e-04,0.03667519,53.78312,0.0017395865,0.0013429628,0.04170835,0.05173271894454956,0.09145758301019669,10.198647499084473,0.009474142454564571,0.0027061610016971827,0.09733520448207855
2104,0.04399710148572922,1e-04,0.036661446,53.76923,0.001738525,0.001342209,0.041695625,0.051701199263334274,0.09147994965314865,10.201308250427246,0.009477930143475533,0.002707317704334855,0.09735465794801712
2105,0.043960731476545334,1e-04,0.036647703,53.755333,0.0017374633,0.0013414546,0.041682888,0.05166974663734436,0.0915023609995842,10.203972816467285,0.009481730870902538,0.0027084785979241133,0.09737417846918106
2106,0.043924421072006226,1e-04,0.03663396,53.74143,0.0017364025,0.0013407011,0.041670162,0.05163835361599922,0.09152477234601974,10.206637382507324,0.00948553066700697,0.002709637163206935,0.0973936915397644
2107,0.043888166546821594,1e-04,0.03662023,53.727566,0.0017353434,0.0013399487,0.04165745,0.05160702392458916,0.09154719114303589,10.209304809570312,0.00948933232575655,0.002710796892642975,0.09741320461034775
2108,0.04385197535157204,1e-04,0.036606517,53.71368,0.0017342843,0.001339196,0.04164474,0.05157575011253357,0.09156957268714905,10.211966514587402,0.009493130259215832,0.002711956389248371,0.0974326953291893
2109,0.04381584748625755,1e-04,0.036592815,53.69982,0.0017332279,0.0013384452,0.041632053,0.05154452472925186,0.09159193187952042,10.21462631225586,0.009496924467384815,0.002713113324716687,0.09745216369628906
2110,0.04377977177500725,1e-04,0.036579113,53.685955,0.0017321712,0.0013376942,0.04161936,0.05151336267590523,0.09161428362131119,10.217284202575684,0.009500718675553799,0.0027142707258462906,0.09747163206338882
2111,0.043743763118982315,1e-04,0.036565427,53.67212,0.0017311164,0.0013369451,0.041606687,0.05148225277662277,0.09163662046194077,10.219941139221191,0.009504510089755058,0.002715429989621043,0.0974910780787468
2112,0.04370780289173126,1e-04,0.03655175,53.658283,0.0017300628,0.0013361962,0.041594025,0.05145121365785599,0.09165897965431213,10.222599983215332,0.00950830988585949,0.002716588554903865,0.09751056134700775
2113,0.04367191344499588,1e-04,0.036538098,53.64447,0.0017290107,0.0013354484,0.041581374,0.05142021179199219,0.09168129414319992,10.225253105163574,0.009512103162705898,0.00271774735301733,0.09753001481294632
2114,0.04363606497645378,1e-04,0.03652442,53.630615,0.0017279569,0.0013346992,0.0415687,0.05138928070664406,0.09170359373092651,10.227904319763184,0.009515893645584583,0.002718903822824359,0.0975494384765625
2115,0.04360029473900795,1e-04,0.036510788,53.61683,0.0017269083,0.0013339538,0.041556086,0.051358409225940704,0.0917259231209755,10.230561256408691,0.009519689716398716,0.0027200616896152496,0.09756889939308167
2116,0.0435645766556263,1e-04,0.036497146,53.60301,0.0017258575,0.0013332063,0.041543443,0.051327574998140335,0.09174814075231552,10.233202934265137,0.009523468092083931,0.002721216529607773,0.09758825600147247
2117,0.04352891817688942,1e-04,0.0364835,53.589207,0.0017248075,0.0013324603,0.041530803,0.05129682272672653,0.0917704775929451,10.235859870910645,0.009527268819510937,0.002722376026213169,0.09760773181915283
2118,0.04349331557750702,1e-04,0.036469895,53.57542,0.0017237609,0.0013317162,0.0415182,0.051266107708215714,0.09179270267486572,10.238502502441406,0.009531049989163876,0.002723529003560543,0.09762709587812424
2119,0.043457772582769394,1e-04,0.03645628,53.561634,0.0017227138,0.0013309715,0.041505586,0.05123545229434967,0.09181492775678635,10.241145133972168,0.009534834884107113,0.002724684774875641,0.09764648228883743
2120,0.043422285467386246,1e-04,0.03644268,53.54788,0.0017216689,0.0013302286,0.041493,0.05120484530925751,0.09183714538812637,10.24378776550293,0.009538617916405201,0.002725839614868164,0.09766584634780884
2121,0.043386854231357574,1e-04,0.03642908,53.53412,0.0017206243,0.0013294856,0.041480407,0.05117430537939072,0.0918593481183052,10.246426582336426,0.009542403742671013,0.0027269951533526182,0.09768522530794144
2122,0.04335148632526398,1e-04,0.03641549,53.520348,0.0017195797,0.001328743,0.041467816,0.051143813878297806,0.09188154339790344,10.249066352844238,0.009546185843646526,0.0027281492948532104,0.09770458191633224
2123,0.04331616684794426,1e-04,0.036401924,53.506622,0.0017185388,0.0013280025,0.04145526,0.051113374531269073,0.0919036865234375,10.25169849395752,0.009549959562718868,0.002729300642386079,0.09772389382123947
2124,0.043280910700559616,1e-04,0.036388338,53.49285,0.0017174951,0.00132726,0.041442674,0.051083002239465714,0.09192586690187454,10.2543363571167,0.009553744457662106,0.002730456879362464,0.09774325788021088
2125,0.04324571415781975,1e-04,0.0363748,53.479137,0.0017164564,0.0013265212,0.041430138,0.05105266720056534,0.091948002576828,10.25696849822998,0.009557519108057022,0.0027316082268953323,0.0977625623345375
2126,0.04321056604385376,1e-04,0.036361236,53.465385,0.0017154148,0.0013257803,0.041417565,0.05102239549160004,0.09197012335062027,10.259598731994629,0.009561292827129364,0.0027327605057507753,0.09778186678886414
2127,0.043175481259822845,1e-04,0.036347713,53.45169,0.0017143779,0.0013250426,0.04140505,0.05099216848611832,0.09199219197034836,10.262223243713379,0.009565058164298534,0.002733910456299782,0.09780111163854599
2128,0.04314044862985611,1e-04,0.036334176,53.43797,0.0017133396,0.0013243037,0.041392505,0.05096200108528137,0.09201427549123764,10.264848709106445,0.009568828158080578,0.002735062502324581,0.09782038629055023
2129,0.04310547560453415,1e-04,0.036320668,53.424263,0.001712304,0.0013235664,0.041379996,0.0509318932890892,0.09203635901212692,10.267474174499512,0.009572602808475494,0.0027362133841961622,0.09783967584371567
2130,0.043070562183856964,1e-04,0.036307145,53.410587,0.0017112682,0.0013228297,0.04136748,0.05090183764696121,0.09205841273069382,10.270094871520996,0.009576371870934963,0.0027373647317290306,0.09785893559455872
2131,0.04303569346666336,1e-04,0.03629363,53.39688,0.0017102327,0.0013220927,0.041354958,0.0508718267083168,0.09208043664693832,10.27271556854248,0.00958013255149126,0.0027385137509554625,0.09787815064191818
2132,0.04300089552998543,1e-04,0.03628015,53.383217,0.0017092006,0.001321358,0.04134248,0.05084186792373657,0.09210241585969925,10.275328636169434,0.009583891369402409,0.002739660209044814,0.09789735078811646
2133,0.04296614229679108,1e-04,0.036266673,53.369545,0.001708168,0.0013206229,0.041329987,0.05081195756793022,0.09212439507246017,10.27794075012207,0.009587649255990982,0.002740808529779315,0.09791654348373413
2134,0.0429314449429512,1e-04,0.03625319,53.35587,0.001707136,0.0013198883,0.041317504,0.05078212544322014,0.09214643388986588,10.280562400817871,0.009591419249773026,0.0027419589459896088,0.09793578833341599
2135,0.0428968109190464,1e-04,0.036239732,53.342216,0.0017061059,0.0013191551,0.041305035,0.05075232684612274,0.09216839075088501,10.283172607421875,0.00959517527371645,0.002743107033893466,0.09795496612787247
2136,0.04286222904920578,1e-04,0.036226265,53.32857,0.0017050762,0.0013184221,0.041292567,0.05072258040308952,0.09219032526016235,10.28577995300293,0.0095989303663373,0.0027442537248134613,0.09797412902116776
2137,0.04282769933342934,1e-04,0.03621281,53.314934,0.0017040478,0.00131769,0.041280113,0.05069289728999138,0.0922122523188591,10.288386344909668,0.009602687321603298,0.0027453992515802383,0.09799329936504364
2138,0.04279323294758797,1e-04,0.036199372,53.30131,0.001703021,0.0013169587,0.041267674,0.050663262605667114,0.09223419427871704,10.290995597839355,0.009606445208191872,0.002746548503637314,0.09801247715950012
2139,0.04275881126523018,1e-04,0.036185943,53.28768,0.001701994,0.0013162277,0.04125523,0.05063367635011673,0.09225612133741379,10.293601036071777,0.00961020216345787,0.002747695194557309,0.09803164005279541
2140,0.04272444546222687,1e-04,0.03617252,53.274086,0.0017009693,0.0013154981,0.041242808,0.050604138523340225,0.09227793663740158,10.296195030212402,0.009613940492272377,0.0027488369960337877,0.09805070608854294
2141,0.04269014298915863,1e-04,0.03615911,53.26049,0.0016999455,0.0013147687,0.041230395,0.0505746491253376,0.09229979664087296,10.298794746398926,0.009617687202990055,0.0027499801944941282,0.09806980937719345
2142,0.042655881494283676,1e-04,0.036145713,53.24688,0.0016989217,0.00131404,0.04121798,0.05054522305727005,0.09232165664434433,10.301392555236816,0.009621437638998032,0.0027511257212609053,0.09808892756700516
2143,0.042621687054634094,1e-04,0.036132313,53.233295,0.0016978995,0.0013133117,0.041205578,0.05051584541797638,0.09234345704317093,10.303984642028809,0.009625178761780262,0.002752267522737384,0.09810799360275269
2144,0.04258754476904869,1e-04,0.036118925,53.2197,0.0016968778,0.0013125836,0.041193176,0.05048651620745659,0.09236525744199753,10.306575775146484,0.009628917090594769,0.0027534097898751497,0.09812704473733902
2145,0.042553454637527466,1e-04,0.03610555,53.206142,0.001695858,0.0013118573,0.041180797,0.05045723542571068,0.09238702803850174,10.309165000915527,0.009632655419409275,0.0027545515913516283,0.09814609587192535
2146,0.04251942038536072,1e-04,0.03609218,53.192566,0.0016948384,0.0013111308,0.041168414,0.05042800307273865,0.09240878373384476,10.311751365661621,0.009636388160288334,0.002755693392828107,0.0981651097536087
2147,0.04248543456196785,1e-04,0.03607882,53.17899,0.0016938194,0.0013104047,0.04115604,0.050398822873830795,0.09243050217628479,10.314332008361816,0.009640119038522243,0.002756832167506218,0.09818410873413086
2148,0.04245150461792946,1e-04,0.036065467,53.165443,0.0016928017,0.0013096797,0.04114367,0.05036970227956772,0.09245225042104721,10.316916465759277,0.0096438555046916,0.002757973736152053,0.0982031375169754
2149,0.042417630553245544,1e-04,0.036052126,53.151897,0.0016917858,0.0013089558,0.041131325,0.050340622663497925,0.09247392416000366,10.319494247436523,0.009647578932344913,0.002759110415354371,0.09822209179401398
2150,0.04238381236791611,1e-04,0.03603881,53.138374,0.0016907712,0.0013082329,0.041118987,0.05031159520149231,0.0924956277012825,10.322073936462402,0.009651313535869122,0.0027602508198469877,0.09824109822511673
2151,0.04235003888607025,1e-04,0.03602547,53.12484,0.0016897557,0.0013075093,0.041106638,0.05028260871767998,0.09251726418733597,10.324645042419434,0.009655033238232136,0.0027613884303718805,0.09826003015041351
2152,0.042316317558288574,1e-04,0.036012154,53.11132,0.0016887422,0.0013067869,0.041094307,0.05025367811322212,0.09253889322280884,10.327216148376465,0.00965875294059515,0.002762523479759693,0.0982789546251297
2153,0.04228265956044197,1e-04,0.03599886,53.09782,0.0016877305,0.001306066,0.041082,0.05022479593753815,0.09256049245595932,10.329784393310547,0.009662467055022717,0.002763657830655575,0.0982978492975235
2154,0.04224904999136925,1e-04,0.035985555,53.08431,0.001686719,0.0013053446,0.041069686,0.05019596591591835,0.09258204698562622,10.332345962524414,0.009666179306805134,0.002764791948720813,0.0983167290687561
2155,0.0422154925763607,1e-04,0.03597227,53.070812,0.0016857085,0.0013046243,0.04105738,0.05016717687249184,0.09260361641645432,10.334909439086914,0.009669891558587551,0.002765927230939269,0.09833560883998871
2156,0.042181987315416336,1e-04,0.035958994,53.05732,0.001684699,0.0013039046,0.041045085,0.0501384437084198,0.09262514114379883,10.337468147277832,0.00967359822243452,0.0027670590206980705,0.09835445135831833
2157,0.04214853793382645,1e-04,0.03594572,53.043842,0.0016836902,0.0013031855,0.041032795,0.05010975897312164,0.09264665842056274,10.340024948120117,0.00967730674892664,0.0027681905776262283,0.09837330132722855
2158,0.04211513698101044,1e-04,0.035932448,53.030354,0.001682682,0.0013024666,0.041020505,0.050081126391887665,0.09266815334558487,10.34257984161377,0.00968101155012846,0.0027693230658769608,0.09839212894439697
2159,0.042081788182258606,1e-04,0.035919193,53.01688,0.001681675,0.0013017486,0.04100823,0.05005251616239548,0.09268954396247864,10.345123291015625,0.009684697724878788,0.002770450199022889,0.09841085970401764
2160,0.042048487812280655,1e-04,0.03590596,53.003437,0.0016806702,0.0013010319,0.040995978,0.05002397671341896,0.09271100163459778,10.347672462463379,0.00968839693814516,0.0027715798933058977,0.09842965751886368
2161,0.04201524704694748,1e-04,0.035892718,52.98997,0.0016796647,0.001300315,0.040983714,0.04999547824263573,0.09273239225149155,10.350215911865234,0.009692084975540638,0.002772705862298608,0.09844838827848434
2162,0.041982050985097885,1e-04,0.0358795,52.97653,0.0016786613,0.001299599,0.04097147,0.04996702820062637,0.09275377541780472,10.352758407592773,0.009695774875581264,0.002773833693936467,0.09846712648868561
2163,0.04194891080260277,1e-04,0.03586628,52.963093,0.0016776584,0.0012988837,0.040959228,0.0499386265873909,0.0927751362323761,10.35529613494873,0.009699462912976742,0.002774961292743683,0.09848584979772568
2164,0.04191582277417183,1e-04,0.03585308,52.9497,0.0016766584,0.0012981705,0.04094702,0.049910273402929306,0.09279648214578629,10.357832908630371,0.009703148156404495,0.002776087960228324,0.09850455820560455
2165,0.04188278317451477,1e-04,0.03583988,52.936253,0.001675657,0.001297456,0.04093479,0.04988197237253189,0.09281780570745468,10.360365867614746,0.0097068315371871,0.0027772104367613792,0.09852325171232224
2166,0.04184979945421219,1e-04,0.035826687,52.92285,0.0016746575,0.0012967428,0.04092258,0.04985370486974716,0.09283909201622009,10.362896919250488,0.009710505604743958,0.0027783343102782965,0.09854190051555634
2167,0.04181685671210289,1e-04,0.0358135,52.909447,0.0016736578,0.0012960298,0.040910363,0.04982549324631691,0.09286034852266312,10.365424156188965,0.009714177809655666,0.002779456553980708,0.09856052696704865
2168,0.04178397357463837,1e-04,0.035800308,52.896038,0.0016726593,0.0012953177,0.04089816,0.049797333776950836,0.09288161247968674,10.367949485778809,0.009717856533825397,0.0027805790305137634,0.09857919067144394
2169,0.04175113886594772,1e-04,0.035787143,52.88263,0.0016716617,0.0012946052,0.04088596,0.049769215285778046,0.09290280938148499,10.370469093322754,0.009721517562866211,0.0027816977817565203,0.09859775751829147
2170,0.041718363761901855,1e-04,0.035773993,52.869274,0.0016706671,0.0012938959,0.040873796,0.04974113777279854,0.09292399883270264,10.372987747192383,0.009725182317197323,0.0027828190941363573,0.0986163392663002
2171,0.04168562591075897,1e-04,0.035760842,52.855892,0.0016696714,0.0012931853,0.040861614,0.04971310868859291,0.0929451510310173,10.375500679016113,0.009728843346238136,0.002783938078209758,0.09863489866256714
2172,0.041652943938970566,1e-04,0.03574769,52.8425,0.0016686766,0.0012924751,0.04084944,0.04968513175845146,0.09296628832817078,10.378012657165527,0.00973250437527895,0.0027850556652992964,0.09865345805883408
2173,0.04162031039595604,1e-04,0.035734564,52.82916,0.001667684,0.0012917668,0.040837288,0.0496571809053421,0.09298735857009888,10.38051700592041,0.009736147709190845,0.002786168595775962,0.09867192059755325
2174,0.04158772528171539,1e-04,0.03572144,52.8158,0.0016666914,0.001291058,0.040825132,0.04962928593158722,0.09300843626260757,10.383021354675293,0.009739798493683338,0.002787284553050995,0.09869042038917542
2175,0.04155518859624863,1e-04,0.03570833,52.802483,0.0016657013,0.0012903515,0.040813003,0.04960144683718681,0.09302950650453568,10.385525703430176,0.009743447415530682,0.0027884021401405334,0.09870890527963638
2176,0.04152270779013634,1e-04,0.035695214,52.789112,0.0016647093,0.0012896432,0.04080085,0.04957364872097969,0.09305056184530258,10.38802719116211,0.009747093543410301,0.002789516234770417,0.09872736781835556
2177,0.041490279138088226,1e-04,0.035682138,52.7758,0.0016637215,0.0012889382,0.040788744,0.04954589158296585,0.09307155013084412,10.390522003173828,0.009750732220709324,0.00279062706977129,0.09874579310417175
2178,0.0414578914642334,1e-04,0.035669036,52.762478,0.0016627325,0.0012882317,0.040776618,0.04951817914843559,0.09309250116348267,10.393011093139648,0.00975436344742775,0.002791736973449588,0.09876418113708496
2179,0.04142555966973305,1e-04,0.035655964,52.749157,0.0016617451,0.0012875266,0.040764507,0.04949050769209862,0.09311342239379883,10.39549732208252,0.009757990948855877,0.0027928464114665985,0.09878254681825638
2180,0.04139327630400658,1e-04,0.035642896,52.73587,0.0016607593,0.0012868227,0.040752415,0.04946288466453552,0.09313435107469559,10.397984504699707,0.009761621244251728,0.002793954685330391,0.09880091995000839
2181,0.04136103391647339,1e-04,0.035629835,52.722557,0.0016597734,0.0012861185,0.040740315,0.04943531006574631,0.09315528720617294,10.400471687316895,0.00976525153964758,0.0027950648218393326,0.09881928563117981
2182,0.04132884740829468,1e-04,0.035616778,52.709255,0.0016587885,0.0012854151,0.040728226,0.04940777271986008,0.09317610412836075,10.402946472167969,0.009768863208591938,0.00279616960324347,0.09883756190538406
2183,0.041296713054180145,1e-04,0.03560371,52.69596,0.0016578037,0.0012847119,0.040716134,0.049380287528038025,0.09319698810577393,10.405427932739258,0.009772490710020065,0.002797277644276619,0.09885590523481369
2184,0.0412646159529686,1e-04,0.03559068,52.682697,0.0016568212,0.00128401,0.040704068,0.049352843314409256,0.09321775287389755,10.407894134521484,0.009776095859706402,0.0027983791660517454,0.09887414425611496
2185,0.04123258590698242,1e-04,0.035577655,52.66944,0.0016558402,0.0012833094,0.040692016,0.04932544752955437,0.09323859214782715,10.410370826721191,0.009779715910553932,0.0027994869742542505,0.098892442882061
2186,0.04120058938860893,1e-04,0.03556464,52.656193,0.0016548603,0.0012826094,0.040679976,0.049298081547021866,0.0932593047618866,10.41283130645752,0.009783315472304821,0.002800585934892297,0.09891064465045929
2187,0.04116864502429962,1e-04,0.03555162,52.642933,0.0016538798,0.0012819087,0.04066792,0.049270763993263245,0.09327998757362366,10.415289878845215,0.009786910377442837,0.0028016853611916304,0.09892881661653519
2188,0.04113675281405449,1e-04,0.035538618,52.629677,0.0016529002,0.0012812087,0.040655877,0.049243487417697906,0.09330067783594131,10.417747497558594,0.009790506213903427,0.002802785485982895,0.09894698858261108
2189,0.04110490530729294,1e-04,0.03552562,52.616444,0.0016519224,0.0012805101,0.04064385,0.04921625554561615,0.0933213159441948,10.42020034790039,0.009794093668460846,0.002803881885483861,0.0989651158452034
2190,0.04107310622930527,1e-04,0.035512637,52.6032,0.0016509449,0.0012798115,0.040631823,0.049189068377017975,0.09334194660186768,10.422651290893555,0.009797683916985989,0.002804978983476758,0.09898325055837631
2191,0.04104135185480118,1e-04,0.035499655,52.589973,0.0016499689,0.0012791138,0.04061981,0.04916192963719368,0.09336256980895996,10.425101280212402,0.009801271371543407,0.0028060749173164368,0.09900137037038803
2192,0.04100964963436127,1e-04,0.03548668,52.576748,0.0016489925,0.001278416,0.040607788,0.04913482069969177,0.09338311105966568,10.427542686462402,0.009804847650229931,0.002807167125865817,0.09901943057775497
2193,0.04097798839211464,1e-04,0.035473716,52.56352,0.0016480178,0.0012777194,0.040595785,0.04910775646567345,0.0934036448597908,10.42998218536377,0.009808420203626156,0.0028082614298909903,0.09903746843338013
2194,0.04094638302922249,1e-04,0.035460774,52.550354,0.0016470457,0.0012770247,0.04058381,0.0490807443857193,0.09342416375875473,10.432418823242188,0.009811993688344955,0.002809355268254876,0.09905550628900528
2195,0.04091482236981392,1e-04,0.035447817,52.537106,0.0016460714,0.0012763281,0.040571805,0.04905376583337784,0.0934445932507515,10.434845924377441,0.00981555413454771,0.0028104439843446016,0.09907347708940506
2196,0.04088331013917923,1e-04,0.035434898,52.523952,0.0016451015,0.0012756346,0.04055985,0.04902683198451996,0.09346508979797363,10.437281608581543,0.009819124825298786,0.0028115343302488327,0.09909150004386902
2197,0.040851838886737823,1e-04,0.035421968,52.510773,0.0016441307,0.0012749406,0.04054788,0.04899994283914566,0.0934855043888092,10.439706802368164,0.009822685271501541,0.002812623977661133,0.0991094633936882
2198,0.040820419788360596,1e-04,0.03540905,52.497616,0.0016431615,0.0012742478,0.04053593,0.04897310212254524,0.09350592643022537,10.442133903503418,0.009826243855059147,0.002813710831105709,0.09912741184234619
2199,0.04078904911875725,1e-04,0.03539613,52.48444,0.0016421921,0.0012735545,0.04052397,0.048946283757686615,0.09352625161409378,10.444548606872559,0.009829788468778133,0.0028147948905825615,0.09914529323577881
2200,0.04075771942734718,1e-04,0.03538323,52.47127,0.0016412238,0.0012728618,0.04051202,0.04891952872276306,0.09354662150144577,10.446967124938965,0.009833342395722866,0.002815880812704563,0.09916321188211441
2201,0.040726445615291595,1e-04,0.035370342,52.45813,0.0016402575,0.0012721709,0.040500093,0.0488927885890007,0.0935669019818306,10.44937801361084,0.009836879558861256,0.0028169630095362663,0.09918104112148285
2202,0.040695201605558395,1e-04,0.03535745,52.44498,0.001639291,0.0012714796,0.040488157,0.04886610433459282,0.09358713775873184,10.4517822265625,0.009840409271419048,0.0028180431108921766,0.0991988405585289
2203,0.04066402092576027,1e-04,0.035344582,52.43186,0.0016383267,0.0012707902,0.040476248,0.04883945733308792,0.0936073437333107,10.454181671142578,0.009843939915299416,0.0028191220480948687,0.09921663254499435
2204,0.040632881224155426,1e-04,0.035331707,52.418724,0.001637362,0.0012700998,0.04046433,0.048812851309776306,0.09362754225730896,10.456581115722656,0.009847463108599186,0.002820198656991124,0.09923438727855682
2205,0.040601786226034164,1e-04,0.03531884,52.4056,0.0016363981,0.0012694105,0.040452417,0.04878630489110947,0.09364775568246841,10.458982467651367,0.009850998409092426,0.0028212813194841146,0.09925219416618347
2206,0.04057074338197708,1e-04,0.03530598,52.392467,0.001635435,0.0012687218,0.04044051,0.048759765923023224,0.09366783499717712,10.4613676071167,0.009854503907263279,0.002822351874783635,0.09926985204219818
2207,0.040539734065532684,1e-04,0.03529312,52.37936,0.0016344726,0.0012680332,0.040428612,0.04873328655958176,0.0936879813671112,10.463760375976562,0.009858026169240475,0.0028234291821718216,0.09928759187459946
2208,0.040508776903152466,1e-04,0.035280295,52.366245,0.0016335124,0.0012673459,0.040416736,0.04870684817433357,0.09370804578065872,10.466145515441895,0.009861533530056477,0.0028245020657777786,0.09930525720119476
2209,0.04047786816954613,1e-04,0.03526748,52.35318,0.0016325535,0.0012666596,0.04040487,0.048680443316698074,0.09372807294130325,10.468523979187012,0.00986503716558218,0.00282557331956923,0.09932289272546768
2210,0.04044699668884277,1e-04,0.035254642,52.340088,0.0016315939,0.0012659731,0.040392995,0.04865407943725586,0.09374808520078659,10.470900535583496,0.00986853614449501,0.0028266434092074633,0.09934050589799881
2211,0.0404161773622036,1e-04,0.03524181,52.326977,0.0016306338,0.0012652858,0.040381107,0.04862775281071663,0.09376803040504456,10.47326946258545,0.009872025810182095,0.0028277114033699036,0.09935806691646576
2212,0.040385402739048004,1e-04,0.03522902,52.31394,0.0016296785,0.0012646025,0.040369276,0.04860146716237068,0.09378799051046371,10.475640296936035,0.009875518269836903,0.0028287796303629875,0.0993756428360939
2213,0.04035466909408569,1e-04,0.03521622,52.300865,0.0016287217,0.0012639175,0.040357426,0.04857522249221802,0.09380786865949631,10.478001594543457,0.009878996759653091,0.0028298432007431984,0.09939314424991608
2214,0.04032399132847786,1e-04,0.03520344,52.287815,0.0016277669,0.0012632342,0.040345594,0.04854900762438774,0.0938277319073677,10.480361938476562,0.00988247711211443,0.002830907003954053,0.09941064566373825
2215,0.04029334709048271,1e-04,0.03519067,52.27478,0.0016268137,0.0012625515,0.040333778,0.04852284491062164,0.09384756535291672,10.48271656036377,0.009885950945317745,0.002831970574334264,0.09942811727523804
2216,0.040262751281261444,1e-04,0.03517788,52.26171,0.0016258586,0.0012618682,0.04032194,0.048496708273887634,0.09386735409498215,10.485068321228027,0.009889415465295315,0.002833029953762889,0.09944553673267365
2217,0.04023220017552376,1e-04,0.03516512,52.248665,0.0016249057,0.0012611857,0.04031012,0.048470620065927505,0.09388712793588638,10.487417221069336,0.009892881847918034,0.0028340909630060196,0.09946296364068985
2218,0.04020169377326965,1e-04,0.035152365,52.235638,0.0016239538,0.0012605041,0.04029831,0.04844456911087036,0.09390687197446823,10.489761352539062,0.009896344505250454,0.0028351489454507828,0.09948037564754486
2219,0.04017122834920883,1e-04,0.035139617,52.222622,0.001623003,0.0012598234,0.04028651,0.0484185554087162,0.0939265564084053,10.49209976196289,0.009899795055389404,0.0028362039010971785,0.0994977131485939
2220,0.04014081507921219,1e-04,0.035126872,52.209602,0.001622053,0.0012591431,0.04027472,0.04839257523417473,0.09394621849060059,10.49443531036377,0.009903243742883205,0.0028372593224048615,0.09951504319906235
2221,0.04011043906211853,1e-04,0.03511415,52.196606,0.0016211044,0.001258464,0.04026294,0.04836663976311684,0.09396582841873169,10.496764183044434,0.009906685911118984,0.002838312415406108,0.09953233599662781
2222,0.04008011147379875,1e-04,0.035101425,52.183586,0.0016201556,0.0012577841,0.04025116,0.04834073781967163,0.0939854085445404,10.499090194702148,0.009910120628774166,0.002839363180100918,0.09954959154129028
2223,0.040049824863672256,1e-04,0.035088718,52.17062,0.0016192095,0.0012571069,0.0402394,0.048314861953258514,0.09400492906570435,10.501408576965332,0.009913547895848751,0.0028404109179973602,0.09956680238246918
2224,0.040019579231739044,1e-04,0.035076,52.157604,0.0016182616,0.0012564275,0.04022762,0.048289041966199875,0.09402444958686829,10.503727912902832,0.009916972368955612,0.0028414602857083082,0.09958399832248688
2225,0.03998938575387001,1e-04,0.035063297,52.14464,0.001617316,0.0012557505,0.04021587,0.04826326295733452,0.09404397010803223,10.5060453414917,0.009920403361320496,0.0028425089549273252,0.09960122406482697
2226,0.03995922952890396,1e-04,0.03505061,52.131664,0.0016163714,0.0012550735,0.040204123,0.048237502574920654,0.09406339377164841,10.508352279663086,0.009923812933266163,0.002843552501872182,0.0996183380484581
2227,0.039929118007421494,1e-04,0.035037927,52.118694,0.0016154278,0.0012543974,0.040192384,0.04821179062128067,0.0940827801823616,10.510655403137207,0.009927220642566681,0.002844593720510602,0.09963543713092804
2228,0.039899054914712906,1e-04,0.03502526,52.10575,0.0016144853,0.0012537224,0.040180657,0.04818611592054367,0.09410219639539719,10.512959480285645,0.009930633939802647,0.002845639130100608,0.09965256601572037
2229,0.039869025349617004,1e-04,0.035012584,52.09281,0.0016135436,0.001253048,0.040168937,0.048160478472709656,0.0941215455532074,10.5152587890625,0.009934035129845142,0.0028466784860938787,0.09966962784528732
2230,0.03983904793858528,1e-04,0.03499992,52.07986,0.0016126018,0.0012523729,0.040157214,0.048134878277778625,0.09414082765579224,10.517548561096191,0.009937427937984467,0.002847718307748437,0.0996866524219513
2231,0.03980911150574684,1e-04,0.034987275,52.066933,0.0016116621,0.0012516995,0.040145513,0.048109304159879684,0.09416008740663528,10.51983642578125,0.009940815158188343,0.0028487544041126966,0.09970363974571228
2232,0.039779212325811386,1e-04,0.034974635,52.05401,0.0016107227,0.0012510264,0.04013381,0.048083774745464325,0.09417929500341415,10.522117614746094,0.009944193065166473,0.0028497863095253706,0.09972057491540909
2233,0.03974936529994011,1e-04,0.034962002,52.04108,0.0016097844,0.0012503538,0.040122118,0.04805828630924225,0.09419853240251541,10.524401664733887,0.00994758028537035,0.002850823337212205,0.09973755478858948
2234,0.03971955180168152,1e-04,0.034949385,52.02818,0.0016088474,0.0012496822,0.04011044,0.04803280904889107,0.09421762824058533,10.5266695022583,0.009950940497219563,0.002851852448657155,0.09975440055131912
2235,0.03968978300690651,1e-04,0.034936752,52.01525,0.0016079091,0.0012490095,0.04009874,0.04800739884376526,0.09423676878213882,10.528943061828613,0.00995431188493967,0.0028528838884085417,0.09977129846811295
2236,0.03966006264090538,1e-04,0.034924157,52.00235,0.0016069739,0.0012483392,0.040087078,0.04798199608922005,0.09425577521324158,10.53119945526123,0.009957658126950264,0.0028539069462567568,0.09978806972503662
2237,0.03963037580251694,1e-04,0.034911554,51.98946,0.0016060391,0.0012476689,0.040075418,0.047956645488739014,0.09427481889724731,10.533461570739746,0.009961013682186604,0.0028549327980726957,0.09980487823486328
2238,0.039600737392902374,1e-04,0.034898948,51.976562,0.001605104,0.0012469983,0.04006375,0.04793133586645126,0.09429385513067245,10.535721778869629,0.009964367374777794,0.0028559602797031403,0.09982167929410934
2239,0.039571136236190796,1e-04,0.034886368,51.963676,0.0016041708,0.0012463293,0.0400521,0.0479060560464859,0.09431278705596924,10.537969589233398,0.00996770616620779,0.0028569812420755625,0.09983839839696884
2240,0.0395415835082531,1e-04,0.034873806,51.950806,0.001603239,0.0012456608,0.040040467,0.047880809754133224,0.09433173388242722,10.5402193069458,0.009971045888960361,0.0028580042999237776,0.09985512495040894
2241,0.03951207175850868,1e-04,0.03486123,51.93795,0.0016023072,0.0012449931,0.04002883,0.04785560071468353,0.09435061365365982,10.542462348937988,0.009974375367164612,0.0028590222354978323,0.09987179189920425
2242,0.03948260098695755,1e-04,0.034848664,51.925102,0.0016013768,0.0012443259,0.040017206,0.04783042520284653,0.09436947852373123,10.544702529907227,0.009977702982723713,0.002860041568055749,0.09988845139741898
2243,0.039453163743019104,1e-04,0.034836102,51.912235,0.0016004463,0.0012436581,0.04000558,0.04780527949333191,0.09438826888799667,10.546932220458984,0.009981020353734493,0.00286105670966208,0.09990505874156952
2244,0.039423778653144836,1e-04,0.03482357,51.899414,0.0015995188,0.001242993,0.039993986,0.047780171036720276,0.09440702944993973,10.549160957336426,0.009984331205487251,0.002862069522961974,0.09992162883281708
2245,0.03939443081617355,1e-04,0.03481103,51.886574,0.0015985906,0.0012423272,0.03998238,0.047755107283592224,0.09442579746246338,10.551389694213867,0.00998764205724001,0.0028630823362618685,0.09993819147348404
2246,0.03936512768268585,1e-04,0.034798507,51.873737,0.0015976632,0.001241662,0.039970778,0.04773006588220596,0.09444446116685867,10.553606986999512,0.009990940801799297,0.0028640925884246826,0.09995469450950623
2247,0.039335861802101135,1e-04,0.034785967,51.86091,0.001596736,0.0012409968,0.03995918,0.047705069184303284,0.09446314722299576,10.555824279785156,0.009994241409003735,0.002865104004740715,0.09997120499610901
2248,0.0393066368997097,1e-04,0.034773465,51.848087,0.0015958103,0.0012403328,0.039947595,0.04768010228872299,0.09448177367448807,10.558035850524902,0.009997531771659851,0.0028661105316132307,0.09998765587806702
2249,0.03927745670080185,1e-04,0.034760952,51.835278,0.001594886,0.0012396692,0.039936025,0.04765516147017479,0.0945003405213356,10.560240745544434,0.010000811889767647,0.0028671137988567352,0.10000406205654144
2250,0.03924831002950668,1e-04,0.034748457,51.82249,0.0015939625,0.0012390068,0.03992446,0.04763025790452957,0.09451889246702194,10.562443733215332,0.010004090145230293,0.0028681170661002398,0.10002044588327408
2251,0.0392192080616951,1e-04,0.034735955,51.809685,0.0015930387,0.001238344,0.039912887,0.047605399042367935,0.0945374146103859,10.564642906188965,0.010007367469370365,0.0028691187035292387,0.10003682971000671
2252,0.039190150797367096,5e-05,0.034723476,51.796898,0.001592117,0.0012376824,0.039901342,0.04759173095226288,0.09453945606946945,10.564879417419434,0.01000775396823883,0.002869235584512353,0.10003875941038132
2253,0.03917563706636429,5e-05,0.03471724,51.79052,0.0015916567,0.0012373523,0.03989557,0.047578100115060806,0.09454158693552017,10.565126419067383,0.010008157230913639,0.0028693589847534895,0.10004077851772308
2254,0.039161138236522675,5e-05,0.034710996,51.784145,0.0015911963,0.001237022,0.0398898,0.04756448045372963,0.09454374760389328,10.565377235412598,0.01000856515020132,0.0028694828506559134,0.10004281997680664
2255,0.039146650582551956,5e-05,0.03470475,51.777752,0.001590736,0.001236692,0.03988403,0.04755090922117233,0.09454607963562012,10.565648078918457,0.01000900473445654,0.0028696160297840834,0.10004501044750214
2256,0.03913218155503273,5e-05,0.034698494,51.771393,0.0015902759,0.0012363621,0.039878264,0.04753733053803444,0.09454836696386337,10.565914154052734,0.010009435005486012,0.002869746880605817,0.10004716366529465
2257,0.039117712527513504,2.5e-05,0.03469225,51.765022,0.0015898163,0.0012360328,0.0398725,0.047529347240924835,0.09454253315925598,10.565213203430176,0.010008443146944046,0.002869442105293274,0.10004220902919769
2258,0.039110492914915085,2.5e-05,0.034689117,51.76186,0.001589587,0.0012358687,0.039869625,0.04752137139439583,0.09453674405813217,10.564515113830566,0.010007459670305252,0.002869137329980731,0.10003729164600372
2259,0.03910326585173607,2.5e-05,0.034685988,51.758636,0.0015893559,0.0012357028,0.039866727,0.04751342162489891,0.0945311114192009,10.56383991241455,0.010006501339375973,0.0028688423335552216,0.1000325009226799
2260,0.03909604623913765,2.5e-05,0.03468286,51.755466,0.0015891262,0.0012355382,0.039863847,0.04750548675656319,0.0945255383849144,10.5631685256958,0.010005555115640163,0.002868550131097436,0.10002776980400085
2261,0.03908883035182953,1.25e-05,0.03467972,51.75231,0.001588897,0.0012353744,0.03986097,0.047500330954790115,0.09451586753129959,10.56201171875,0.010003888048231602,0.0028680358082056046,0.1000194400548935
2262,0.039085227996110916,1.25e-05,0.034678154,51.750732,0.0015887822,0.0012352922,0.03985953,0.04749520123004913,0.09450631588697433,10.560867309570312,0.010002244263887405,0.002867533592507243,0.10001122206449509
2263,0.039081621915102005,1.25e-05,0.034676593,51.749138,0.0015886679,0.00123521,0.039858095,0.04749009758234024,0.09449693560600281,10.559743881225586,0.010000632144510746,0.0028670374304056168,0.10000316053628922
2264,0.03907801955938339,1.25e-05,0.034675024,51.74755,0.0015885525,0.0012351276,0.03985665,0.04748499020934105,0.09448758512735367,10.558625221252441,0.009999020956456661,0.002866540802642703,0.09999510645866394
2265,0.039074406027793884,1.25e-05,0.034673464,51.74597,0.0015884383,0.0012350461,0.039855216,0.047479916363954544,0.09447837620973587,10.55752182006836,0.009997437708079815,0.0028660546522587538,0.09998718649148941
2266,0.03907079994678497,1.25e-05,0.034671884,51.74438,0.001588323,0.0012349635,0.03985377,0.04747486859560013,0.09446930140256882,10.55643367767334,0.00999587494879961,0.002865575021132827,0.09997937083244324
2267,0.03906720504164696,1.25e-05,0.034670316,51.742798,0.001588208,0.0012348813,0.03985233,0.047469839453697205,0.09446033090353012,10.555360794067383,0.009994331747293472,0.0028650995809584856,0.09997165203094482
2268,0.039063598960638046,6.25e-06,0.03466874,51.74121,0.0015880932,0.0012347993,0.039850887,0.04746619984507561,0.09444936364889145,10.554048538208008,0.009992438368499279,0.002864518202841282,0.09996218234300613
2269,0.03906179592013359,6.25e-06,0.03466796,51.740406,0.0015880355,0.0012347577,0.039850164,0.047462575137615204,0.09443846344947815,10.55274486541748,0.009990558959543705,0.0028639407828450203,0.09995278716087341
2270,0.039059996604919434,6.25e-06,0.034667168,51.7396,0.0015879777,0.001234716,0.039849438,0.04745898395776749,0.09442777186632156,10.551465034484863,0.009988715872168541,0.0028633747715502977,0.09994356334209442
2271,0.03905818983912468,6.25e-06,0.034666378,51.73881,0.0015879202,0.0012346752,0.039848715,0.047455400228500366,0.09441711753606796,10.550189971923828,0.0099868755787611,0.0028628092259168625,0.09993435442447662
2272,0.03905639797449112,3.125e-06,0.0346656,51.73804,0.0015878634,0.0012346347,0.039848004,0.04745253920555115,0.09440556168556213,10.548808097839355,0.0099848797544837,0.002862196182832122,0.09992437064647675
2273,0.03905549272894859,3.125e-06,0.034665197,51.737637,0.0015878342,0.001234614,0.03984764,0.047449689358472824,0.09439409524202347,10.547438621520996,0.009982900694012642,0.0028615889605134726,0.09991446882486343
2274,0.039054594933986664,3.125e-06,0.034664806,51.737236,0.0015878053,0.0012345931,0.039847273,0.047446850687265396,0.09438273310661316,10.5460786819458,0.009980936534702778,0.00286098406650126,0.0999046340584755
2275,0.039053693413734436,3.125e-06,0.034664426,51.73685,0.0015877775,0.0012345732,0.039846927,0.04744403809309006,0.0943715050816536,10.544737815856934,0.009978999383747578,0.002860389882698655,0.0998949408531189
2276,0.03905278816819191,1.5625e-06,0.034664024,51.736458,0.0015877485,0.0012345527,0.03984656,0.04744160175323486,0.09435992687940598,10.543351173400879,0.009976998902857304,0.0028597756754606962,0.09988492727279663
2277,0.039052337408065796,1.5625e-06,0.03466383,51.736267,0.0015877347,0.0012345427,0.039846387,0.04743918776512146,0.09434842318296432,10.541975975036621,0.009975012391805649,0.0028591661248356104,0.09987498074769974
2278,0.03905189409852028,1.5625e-06,0.03466363,51.736057,0.0015877198,0.001234532,0.0398462,0.04743677377700806,0.09433702379465103,10.540614128112793,0.009973044507205486,0.0028585605323314667,0.0998651310801506
2279,0.03905143961310387,1.5625e-06,0.034663435,51.73585,0.0015877051,0.0012345215,0.039846018,0.04743439704179764,0.09432574361562729,10.539264678955078,0.00997109804302454,0.002857963554561138,0.09985538572072983
2280,0.03905098885297775,7.8125e-07,0.034663238,51.73566,0.001587691,0.0012345116,0.03984584,0.047432199120521545,0.09431427717208862,10.537894248962402,0.009969118982553482,0.002857355633750558,0.09984547644853592
2281,0.039050765335559845,7.8125e-07,0.034663144,51.735573,0.0015876845,0.0012345068,0.039845757,0.047430023550987244,0.0943029522895813,10.536540985107422,0.009967159479856491,0.0028567544650286436,0.09983566403388977
2282,0.03905054181814194,7.8125e-07,0.034663044,51.735474,0.0015876772,0.0012345016,0.039845668,0.04742787778377533,0.09429177641868591,10.535204887390137,0.009965231642127037,0.0028561626095324755,0.09982600808143616
2283,0.03905031457543373,7.8125e-07,0.03466294,51.735355,0.001587669,0.0012344958,0.039845563,0.04742574319243431,0.0942806676030159,10.533876419067383,0.009963317774236202,0.0028555740136653185,0.09981641918420792
2284,0.039050087332725525,3.90625e-07,0.034662843,51.73526,0.0015876623,0.001234491,0.03984548,0.04742371290922165,0.0942695364356041,10.53254508972168,0.009961393661797047,0.002854985184967518,0.0998067781329155
2285,0.03904997557401657,3.90625e-07,0.034662787,51.735203,0.0015876582,0.001234488,0.03984543,0.04742170497775078,0.09425853937864304,10.531230926513672,0.00995949562638998,0.002854400547221303,0.09979727119207382
2286,0.03904986009001732,3.90625e-07,0.034662735,51.73514,0.0015876542,0.0012344851,0.039845377,0.0474197082221508,0.09424761682748795,10.529925346374512,0.009957610629498959,0.0028538217302411795,0.09978783130645752
2287,0.039049748331308365,3.90625e-07,0.034662686,51.735096,0.0015876504,0.0012344824,0.039845333,0.047417737543582916,0.0942368283867836,10.52863597869873,0.009955748915672302,0.00285325082950294,0.09977849572896957
2288,0.03904963657259941,1.953125e-07,0.03466264,51.735054,0.0015876477,0.0012344808,0.0398453,0.04741582274436951,0.09422609210014343,10.527352333068848,0.009953894652426243,0.002852681325748563,0.09976920485496521
2289,0.039049576967954636,1.953125e-07,0.034662616,51.73504,0.0015876454,0.0012344787,0.03984527,0.04741393029689789,0.09421540051698685,10.526074409484863,0.009952050633728504,0.0028521146159619093,0.09975996613502502
2290,0.03904952108860016,1.953125e-07,0.034662597,51.735012,0.0015876436,0.0012344775,0.039845247,0.04741206765174866,0.09420488029718399,10.52481746673584,0.009950237348675728,0.0028515595477074385,0.09975087642669678
2291,0.03904946893453598,1.953125e-07,0.034662567,51.73496,0.0015876413,0.0012344755,0.039845217,0.047410205006599426,0.0941944420337677,10.523568153381348,0.009948437102138996,0.002851006342098117,0.0997418537735939
2292,0.039049409329891205,1e-07,0.034662545,51.734936,0.0015876394,0.0012344744,0.039845195,0.047408394515514374,0.09418410807847977,10.522334098815918,0.009946652688086033,0.002850458724424243,0.099732905626297
2293,0.03904937952756882,1e-07,0.03466253,51.734943,0.0015876394,0.0012344742,0.039845195,0.047406598925590515,0.0941738709807396,10.521109580993652,0.009944887831807137,0.0028499166946858168,0.09972406178712845
2294,0.03904934972524643,1e-07,0.034662507,51.73493,0.0015876378,0.0012344735,0.039845172,0.04740484058856964,0.09416378289461136,10.519904136657715,0.009943150915205479,0.0028493839781731367,0.09971535205841064
2295,0.03904932737350464,1e-07,0.034662504,51.734936,0.0015876379,0.0012344737,0.039845176,0.04740307480096817,0.09415373206138611,10.518702507019043,0.009941418655216694,0.002848851727321744,0.09970666468143463
2296,0.039049290120601654,1e-07,0.03466248,51.734917,0.0015876368,0.0012344728,0.03984516,0.04740133881568909,0.0941438376903534,10.517518997192383,0.009939713403582573,0.0028483278583735228,0.09969811141490936
2297,0.039049260318279266,1e-07,0.034662474,51.734917,0.0015876365,0.0012344726,0.039845157,0.0473996177315712,0.09413401037454605,10.516345024108887,0.009938021190464497,0.0028478086460381746,0.09968962520360947
2298,0.03904923051595688,1e-07,0.034662455,51.734917,0.0015876355,0.0012344721,0.039845143,0.0473979115486145,0.09412427991628647,10.515181541442871,0.00993634294718504,0.0028472922276705503,0.09968120604753494
2299,0.03904920443892479,1e-07,0.034662444,51.734898,0.0015876348,0.0012344718,0.039845135,0.0473962277173996,0.09411466121673584,10.514031410217285,0.009934687055647373,0.0028467855881899595,0.09967289865016937
2300,0.0390491783618927,1e-07,0.034662426,51.734894,0.001587634,0.0012344711,0.039845124,0.04739456623792648,0.09410517662763596,10.512896537780762,0.009933054447174072,0.0028462836053222418,0.09966471046209335
2301,0.039049141108989716,1e-07,0.034662407,51.734875,0.0015876328,0.0012344705,0.03984511,0.04739290475845337,0.09409572929143906,10.511768341064453,0.009931426495313644,0.0028457834850996733,0.09965654462575912
2302,0.03904911130666733,1e-07,0.034662392,51.73486,0.0015876315,0.0012344696,0.039845094,0.04739127308130264,0.0940864086151123,10.510653495788574,0.009929819963872433,0.00284529197961092,0.09964848309755325
2303,0.03904908522963524,1e-07,0.03466237,51.734844,0.0015876301,0.0012344684,0.039845075,0.04738965258002281,0.09407716244459152,10.50954818725586,0.00992822740226984,0.0028448011726140976,0.09964048862457275
2304,0.03904905170202255,1e-07,0.034662362,51.734837,0.0015876299,0.0012344684,0.039845075,0.047388046979904175,0.0940679982304573,10.508453369140625,0.009926649741828442,0.002844317816197872,0.09963257610797882
2305,0.03904902562499046,1e-07,0.03466236,51.734856,0.0015876301,0.0012344689,0.039845075,0.04738645255565643,0.09405893832445145,10.507370948791504,0.009925090707838535,0.0028438379522413015,0.09962475299835205
2306,0.039048995822668076,1e-07,0.03466233,51.734833,0.0015876284,0.0012344677,0.039845053,0.04738489165902138,0.09404999017715454,10.50629997253418,0.00992355216294527,0.002843368100002408,0.09961702674627304
2307,0.03904896602034569,1e-07,0.034662325,51.73483,0.001587628,0.0012344674,0.03984505,0.04738333076238632,0.09404110163450241,10.505237579345703,0.009922021068632603,0.00284289731644094,0.09960934519767761
2308,0.0390489362180233,1e-07,0.034662295,51.734802,0.0015876265,0.0012344664,0.03984503,0.04738178476691246,0.09403231739997864,10.50418758392334,0.009920509532094002,0.0028424325864762068,0.09960175305604935
2309,0.039048902690410614,1e-07,0.034662288,51.734802,0.0015876258,0.0012344662,0.039845023,0.04738025739789009,0.09402360767126083,10.503146171569824,0.009919009171426296,0.002841973677277565,0.09959422051906586
2310,0.039048872888088226,1e-07,0.034662284,51.73481,0.0015876263,0.0012344666,0.039845027,0.047378748655319214,0.09401500225067139,10.502118110656738,0.009917528368532658,0.0028415184933692217,0.09958678483963013
2311,0.03904884308576584,1e-07,0.034662258,51.7348,0.0015876244,0.0012344654,0.039845005,0.04737725108861923,0.09400647133588791,10.501097679138184,0.009916060604155064,0.002841067733243108,0.09957941621541977
2312,0.03904881700873375,1e-07,0.034662254,51.7348,0.0015876248,0.0012344659,0.03984501,0.04737577214837074,0.09399804472923279,10.500090599060059,0.009914611466228962,0.0028406232595443726,0.09957214444875717
2313,0.039048779755830765,1e-07,0.034662224,51.73477,0.0015876226,0.0012344642,0.039844982,0.04737430438399315,0.09398966282606125,10.4990873336792,0.009913169778883457,0.002840182511135936,0.09956490248441696
2314,0.039048757404088974,1e-07,0.034662206,51.734768,0.0015876213,0.0012344638,0.039844967,0.047372858971357346,0.09398142248392105,10.498103141784668,0.009911755099892616,0.0028397461865097284,0.0995577946305275
2315,0.039048727601766586,1e-07,0.0346622,51.734768,0.001587622,0.001234464,0.039844975,0.04737142473459244,0.09397324174642563,10.497124671936035,0.009910347871482372,0.0028393163811415434,0.09955073148012161
2316,0.0390486940741539,1e-07,0.034662176,51.73474,0.0015876201,0.0012344631,0.039844953,0.047370005398988724,0.09396515041589737,10.496158599853516,0.009908956475555897,0.0028388884384185076,0.0995437428355217
2317,0.03904866799712181,1e-07,0.03466216,51.734722,0.001587619,0.0012344618,0.039844938,0.04736858606338501,0.09395710378885269,10.495197296142578,0.009907570667564869,0.0028384618926793337,0.09953678399324417
2318,0.039048634469509125,1e-07,0.03466215,51.734715,0.0015876183,0.0012344614,0.039844926,0.047367196530103683,0.09394916892051697,10.494247436523438,0.009906207211315632,0.0028380434960126877,0.099529929459095
2319,0.03904860466718674,1e-07,0.034662135,51.73471,0.0015876174,0.001234461,0.03984492,0.04736581817269325,0.09394130110740662,10.493307113647461,0.00990485679358244,0.002837629057466984,0.0995231494307518
2320,0.03904857486486435,1e-07,0.034662124,51.73471,0.0015876169,0.0012344605,0.03984491,0.04736444726586342,0.09393351525068283,10.492376327514648,0.009903516620397568,0.002837218577042222,0.09951641410589218
2321,0.03904854878783226,1e-07,0.034662098,51.73469,0.0015876155,0.0012344598,0.039844893,0.04736309498548508,0.09392581135034561,10.491456031799316,0.00990219321101904,0.002836811589077115,0.09950976073741913
2322,0.03904851898550987,1e-07,0.034662098,51.7347,0.0015876156,0.00123446,0.039844893,0.04736175388097763,0.09391818195581436,10.490543365478516,0.009900882840156555,0.002836409956216812,0.09950318187475204
2323,0.039048485457897186,1e-07,0.03466209,51.7347,0.0015876156,0.0012344598,0.039844893,0.04736042767763138,0.09391064196825027,10.489642143249512,0.00989958830177784,0.002836013911291957,0.09949667751789093
2324,0.0390484556555748,1e-07,0.034662057,51.734688,0.0015876141,0.0012344591,0.039844874,0.04735911637544632,0.09390316158533096,10.488747596740723,0.009898302145302296,0.00283561903052032,0.0994902104139328
2325,0.03904842957854271,1e-07,0.03466205,51.73468,0.0015876137,0.0012344588,0.03984487,0.047357816249132156,0.09389577060937881,10.487863540649414,0.00989703368395567,0.002835226245224476,0.09948383271694183
2326,0.03904839605093002,1e-07,0.034662046,51.734673,0.0015876129,0.0012344582,0.03984486,0.04735653102397919,0.09388843178749084,10.486987113952637,0.00989577081054449,0.0028348416090011597,0.09947749227285385
2327,0.03904837369918823,1e-07,0.034662027,51.734676,0.0015876126,0.0012344581,0.039844856,0.04735525697469711,0.09388121217489243,10.486123085021973,0.009894532151520252,0.0028344623278826475,0.09947126358747482
2328,0.03904833644628525,1e-07,0.03466202,51.73466,0.0015876119,0.0012344578,0.03984485,0.047353990375995636,0.0938740149140358,10.48526382446289,0.009893296286463737,0.0028340828139334917,0.09946504980325699
2329,0.03904830664396286,1e-07,0.034661986,51.73464,0.0015876099,0.0012344563,0.039844822,0.04735274612903595,0.09386692196130753,10.484414100646973,0.009892079047858715,0.002833707258105278,0.09945893287658691
2330,0.03904827684164047,1e-07,0.034661982,51.73463,0.0015876095,0.0012344562,0.03984482,0.04735150188207626,0.09385985136032104,10.483569145202637,0.009890864603221416,0.002833334729075432,0.09945282340049744
2331,0.039048247039318085,1e-07,0.034661967,51.73464,0.0015876092,0.0012344558,0.039844815,0.04735027998685837,0.09385290741920471,10.482739448547363,0.009889671579003334,0.002832968719303608,0.09944682568311691
2332,0.0390482172369957,1e-07,0.034661945,51.734615,0.0015876073,0.0012344548,0.03984479,0.047349072992801666,0.09384603053331375,10.481918334960938,0.009888489730656147,0.002832608064636588,0.09944088757038116
2333,0.03904818743467331,1e-07,0.034661923,51.734596,0.0015876062,0.0012344542,0.039844777,0.04734786972403526,0.09383922070264816,10.48110294342041,0.009887320920825005,0.002832248108461499,0.09943500906229019
2334,0.039048150181770325,1e-07,0.034661915,51.734596,0.001587606,0.0012344542,0.039844774,0.047346677631139755,0.09383246302604675,10.48029613494873,0.009886161424219608,0.002831891179084778,0.0994291752576828
2335,0.039048124104738235,1e-07,0.0346619,51.73458,0.0015876048,0.001234453,0.03984476,0.04734550416469574,0.09382576495409012,10.47949504852295,0.009885013103485107,0.0028315403033047915,0.09942340105772018
2336,0.039048098027706146,1e-07,0.034661885,51.734585,0.0015876043,0.0012344532,0.03984475,0.04734434187412262,0.09381914883852005,10.478703498840332,0.009883876889944077,0.0028311924543231726,0.09941768646240234
2337,0.03904806822538376,1e-07,0.034661874,51.734592,0.0015876044,0.0012344533,0.039844755,0.0473431833088398,0.09381258487701416,10.477919578552246,0.009882749058306217,0.0028308455366641283,0.09941201657056808
2338,0.03904803469777107,1e-07,0.034661856,51.734566,0.0015876029,0.0012344522,0.039844736,0.04734203591942787,0.09380608797073364,10.477142333984375,0.009881633333861828,0.0028305035084486008,0.0994064062833786
2339,0.039048004895448685,1e-07,0.03466184,51.73456,0.0015876022,0.0012344519,0.039844725,0.04734090715646744,0.0937996581196785,10.476374626159668,0.009880532510578632,0.002830165671184659,0.09940087050199509
2340,0.0390479750931263,1e-07,0.03466182,51.73456,0.0015876013,0.0012344513,0.039844714,0.047339797019958496,0.0937933549284935,10.475619316101074,0.009879452176392078,0.0028298338875174522,0.09939543157815933
2341,0.03904794156551361,1e-07,0.034661803,51.73454,0.0015876002,0.0012344505,0.039844703,0.04733867943286896,0.0937870442867279,10.474865913391113,0.009878368116915226,0.0028295014053583145,0.09938997775316238
2342,0.03904791548848152,1e-07,0.0346618,51.73455,0.0015876002,0.0012344506,0.039844703,0.04733758419752121,0.09378080815076828,10.474120140075684,0.009877298027276993,0.0028291710186749697,0.0993845984339714
2343,0.039047885686159134,1e-07,0.03466179,51.73454,0.0015875994,0.00123445,0.03984469,0.047336503863334656,0.09377465397119522,10.473384857177734,0.009876244701445103,0.0028288504108786583,0.0993792936205864
2344,0.039047855883836746,1e-07,0.03466176,51.734505,0.0015875974,0.0012344485,0.039844666,0.0473354198038578,0.09376853704452515,10.47265338897705,0.009875195100903511,0.002828528406098485,0.09937401860952377
2345,0.03904782608151436,1e-07,0.034661736,51.734497,0.0015875964,0.0012344479,0.039844655,0.04733435809612274,0.09376248717308044,10.471930503845215,0.00987415760755539,0.0028282098937779665,0.09936879575252533
2346,0.03904779627919197,1e-07,0.034661725,51.73449,0.0015875958,0.0012344477,0.039844647,0.04733330383896828,0.09375649690628052,10.471213340759277,0.009873130358755589,0.002827893942594528,0.09936362504959106
2347,0.03904777020215988,1e-07,0.034661718,51.734497,0.0015875956,0.0012344479,0.039844643,0.04733225703239441,0.09375056624412537,10.470504760742188,0.009872113354504108,0.0028275817167013884,0.09935850650072098
2348,0.039047736674547195,1e-07,0.034661714,51.734497,0.0015875954,0.0012344477,0.03984464,0.04733122140169144,0.09374472498893738,10.469806671142578,0.009871112182736397,0.0028272748459130526,0.09935346990823746
2349,0.03904770314693451,1e-07,0.034661688,51.734486,0.0015875939,0.0012344467,0.03984462,0.04733019694685936,0.09373889118432999,10.469109535217285,0.00987011194229126,0.0028269682079553604,0.09934843331575394
2350,0.03904768079519272,1e-07,0.034661677,51.73447,0.0015875932,0.0012344464,0.039844614,0.04732918366789818,0.09373316168785095,10.468424797058105,0.009869127534329891,0.002826665760949254,0.09934348613023758
2351,0.03904764726758003,1e-07,0.034661658,51.734467,0.0015875926,0.0012344458,0.039844606,0.04732817783951759,0.09372744709253311,10.467741966247559,0.009868149645626545,0.0028263654094189405,0.09933856129646301
2352,0.039047617465257645,1e-07,0.03466164,51.734436,0.0015875909,0.0012344447,0.039844584,0.0473271869122982,0.09372185915708542,10.467072486877441,0.00986719224601984,0.0028260722756385803,0.0993337407708168
2353,0.03904758766293526,1e-07,0.03466163,51.734447,0.001587591,0.001234445,0.039844587,0.04732619598507881,0.09371625632047653,10.466402053833008,0.009866232052445412,0.002825777046382427,0.0993289053440094
2354,0.03904755413532257,1e-07,0.03466161,51.734436,0.0015875896,0.0012344441,0.03984457,0.04732522740960121,0.0937107503414154,10.465744018554688,0.009865288622677326,0.0028254883363842964,0.09932415932416916
2355,0.03904752805829048,1e-07,0.034661595,51.734413,0.0015875889,0.0012344433,0.039844558,0.04732425883412361,0.09370528906583786,10.46509075164795,0.009864352643489838,0.0028252005577087402,0.0993194505572319
2356,0.039047498255968094,1e-07,0.03466159,51.734417,0.0015875887,0.0012344435,0.039844558,0.047323308885097504,0.0936998799443245,10.464444160461426,0.00986342690885067,0.002824916737154126,0.09931478649377823
2357,0.039047468453645706,1e-07,0.034661565,51.7344,0.0015875872,0.0012344428,0.03984454,0.047322358936071396,0.0936945378780365,10.463807106018066,0.009862508624792099,0.002824635012075305,0.09931016713380814
2358,0.03904743865132332,1e-07,0.034661565,51.734413,0.0015875875,0.0012344429,0.039844543,0.04732142388820648,0.09368925541639328,10.463173866271973,0.009861605241894722,0.0028243574779480696,0.09930561482906342
2359,0.03904740512371063,1e-07,0.034661535,51.734394,0.0015875857,0.0012344416,0.03984452,0.047320492565631866,0.09368395805358887,10.462541580200195,0.009860697202384472,0.0028240790124982595,0.0993010401725769
2360,0.039047375321388245,1e-07,0.034661528,51.73437,0.0015875846,0.0012344408,0.039844505,0.047319576144218445,0.093678779900074,10.461922645568848,0.009859811514616013,0.0028238084632903337,0.09929658472537994
2361,0.03904734551906586,1e-07,0.034661494,51.73435,0.0015875828,0.0012344396,0.039844483,0.04731865972280502,0.09367363899946213,10.461307525634766,0.009858931414783001,0.002823537914082408,0.09929215162992477
2362,0.03904731199145317,1e-07,0.03466149,51.734352,0.0015875829,0.0012344398,0.039844483,0.047317761927843094,0.09366855770349503,10.460700035095215,0.00985806155949831,0.0028232699260115623,0.09928777068853378
2363,0.03904728218913078,1e-07,0.034661483,51.734352,0.0015875826,0.0012344396,0.03984448,0.04731687158346176,0.0936635360121727,10.460099220275879,0.009857201017439365,0.002823005197569728,0.09928343445062637
2364,0.039047252386808395,1e-07,0.034661468,51.73434,0.0015875817,0.0012344392,0.03984447,0.04731599986553192,0.09365857392549515,10.459506034851074,0.00985635258257389,0.002822746289893985,0.09927916526794434
2365,0.039047226309776306,1e-07,0.03466145,51.73435,0.0015875815,0.0012344392,0.039844465,0.04731511324644089,0.0936536118388176,10.45891284942627,0.009855501353740692,0.0028224841225892305,0.0992748811841011
2366,0.03904719278216362,1e-07,0.03466143,51.734325,0.0015875798,0.0012344379,0.039844446,0.047314248979091644,0.09364872425794601,10.458328247070312,0.009854662232100964,0.0028222277760505676,0.09927064925432205
2367,0.03904716670513153,1e-07,0.034661416,51.73432,0.0015875789,0.0012344375,0.039844435,0.047313395887613297,0.0936439037322998,10.457752227783203,0.009853838942945004,0.002821974456310272,0.09926650673151016
2368,0.039047133177518845,1e-07,0.034661405,51.734318,0.0015875787,0.0012344373,0.03984443,0.04731253907084465,0.09363910555839539,10.457178115844727,0.009853017516434193,0.002821723697707057,0.09926236420869827
2369,0.03904709964990616,1e-07,0.03466138,51.73431,0.0015875774,0.0012344366,0.039844416,0.0473116971552372,0.09363436698913574,10.456612586975098,0.009852204471826553,0.00282147410325706,0.09925827383995056
2370,0.03904706984758377,1e-07,0.03466137,51.73431,0.0015875769,0.0012344363,0.03984441,0.04731087386608124,0.09362968802452087,10.456053733825684,0.009851404465734959,0.0028212282340973616,0.09925424307584763
2371,0.03904704377055168,1e-07,0.03466136,51.73428,0.0015875762,0.0012344357,0.0398444,0.04731004685163498,0.0936250388622284,10.455496788024902,0.009850609116256237,0.0028209846932440996,0.09925023466348648
2372,0.039047013968229294,1e-07,0.03466134,51.734276,0.001587575,0.0012344351,0.039844383,0.047309231013059616,0.09362044930458069,10.454948425292969,0.009849824011325836,0.002820744877681136,0.09924627840518951
2373,0.039046984165906906,1e-07,0.03466132,51.734264,0.0015875743,0.0012344347,0.039844375,0.04730841889977455,0.09361583739519119,10.454397201538086,0.009849034249782562,0.0028205004055052996,0.09924229979515076
2374,0.03904695436358452,1e-07,0.03466131,51.73426,0.0015875737,0.0012344344,0.039844368,0.04730761796236038,0.09361135214567184,10.45386028289795,0.009848266839981079,0.002820265246555209,0.09923843294382095
2375,0.03904692456126213,1e-07,0.034661304,51.734264,0.0015875734,0.0012344343,0.039844364,0.04730682820081711,0.09360691159963608,10.453330039978027,0.009847506880760193,0.002820033812895417,0.09923460334539413
2376,0.03904689475893974,1e-07,0.03466129,51.73426,0.0015875727,0.0012344337,0.039844356,0.04730604961514473,0.09360251575708389,10.452804565429688,0.009846755303442478,0.0028198016807436943,0.0992308184504509
2377,0.03904686123132706,1e-07,0.034661267,51.734245,0.0015875713,0.0012344327,0.039844338,0.047305263578891754,0.0935981273651123,10.452279090881348,0.009846005588769913,0.002819571876898408,0.09922704100608826
2378,0.03904683142900467,1e-07,0.034661256,51.73423,0.0015875705,0.0012344324,0.03984433,0.04730449244379997,0.09359379857778549,10.451762199401855,0.00984526053071022,0.0028193427715450525,0.09922328591346741
2379,0.03904680162668228,1e-07,0.034661237,51.73423,0.00158757,0.001234432,0.039844323,0.04730373993515968,0.09358951449394226,10.451250076293945,0.009844530373811722,0.0028191201854497194,0.09921960532665253
2380,0.039046771824359894,1e-07,0.034661215,51.7342,0.0015875682,0.0012344308,0.0398443,0.047302983701229095,0.09358527511358261,10.450742721557617,0.009843805804848671,0.0028188973665237427,0.09921595454216003
2381,0.039046742022037506,1e-07,0.034661185,51.734184,0.0015875666,0.0012344299,0.03984428,0.04730222746729851,0.09358104318380356,10.450237274169922,0.009843080304563046,0.002818673849105835,0.09921229630708694
2382,0.03904671221971512,1e-07,0.03466118,51.73418,0.0015875666,0.0012344295,0.03984428,0.04730149358510971,0.09357693791389465,10.449746131896973,0.009842378087341785,0.0028184596449136734,0.0992087572813034
2383,0.03904668241739273,1e-07,0.034661178,51.73418,0.0015875661,0.0012344297,0.039844275,0.047300759702920914,0.09357280284166336,10.449252128601074,0.009841670282185078,0.0028182428795844316,0.09920519590377808
2384,0.03904665261507034,1e-07,0.034661163,51.734173,0.0015875653,0.0012344291,0.039844263,0.047300033271312714,0.09356874227523804,10.448765754699707,0.009840977378189564,0.0028180312365293503,0.09920170158147812
2385,0.039046622812747955,1e-07,0.03466114,51.734173,0.0015875647,0.001234429,0.039844256,0.04729931056499481,0.0935647115111351,10.448283195495605,0.009840288199484348,0.002817818196490407,0.09919822961091995
2386,0.03904658555984497,1e-07,0.03466112,51.734135,0.0015875626,0.0012344273,0.03984423,0.0472986064851284,0.09356071799993515,10.447806358337402,0.00983960460871458,0.002817608183249831,0.09919477999210358
2387,0.03904656320810318,1e-07,0.03466111,51.73415,0.0015875628,0.0012344277,0.039844234,0.0472978912293911,0.09355676174163818,10.447334289550781,0.009838927537202835,0.002817400498315692,0.09919136762619019
2388,0.039046529680490494,1e-07,0.034661107,51.734165,0.001587563,0.0012344279,0.039844234,0.047297194600105286,0.0935528501868248,10.446866035461426,0.009838257916271687,0.002817196073010564,0.09918799251317978
2389,0.039046499878168106,1e-07,0.03466107,51.734104,0.0015875597,0.0012344255,0.039844193,0.04729650169610977,0.09354894608259201,10.446399688720703,0.009837590157985687,0.00281699001789093,0.09918462485074997
2390,0.03904647007584572,1e-07,0.03466106,51.73412,0.0015875598,0.0012344259,0.039844193,0.04729581996798515,0.09354516118764877,10.44594669342041,0.00983694288879633,0.0028167928103357553,0.09918136149644852
2391,0.03904643654823303,1e-07,0.034661043,51.734108,0.0015875587,0.001234425,0.03984418,0.04729514196515083,0.09354135394096375,10.445491790771484,0.009836293756961823,0.0028165930416435003,0.09917809069156647
2392,0.039046406745910645,1e-07,0.034661032,51.734104,0.0015875583,0.001234425,0.039844174,0.04729446396231651,0.09353756159543991,10.445038795471191,0.009835642762482166,0.0028163939714431763,0.09917481243610382
2393,0.03904637694358826,1e-07,0.034661014,51.7341,0.0015875574,0.0012344244,0.039844163,0.047293804585933685,0.09353389590978622,10.444599151611328,0.009835016913712025,0.0028162014205008745,0.09917165338993073
2394,0.03904634714126587,1e-07,0.034661,51.734093,0.0015875569,0.0012344242,0.03984416,0.04729314520955086,0.09353017807006836,10.4441556930542,0.009834383614361286,0.002816007239744067,0.09916845709085464
2395,0.03904631733894348,1e-07,0.03466098,51.73407,0.0015875555,0.0012344228,0.03984414,0.04729249328374863,0.09352654218673706,10.443720817565918,0.009833761490881443,0.0028158167842775583,0.09916532039642334
2396,0.039046287536621094,1e-07,0.034660976,51.734077,0.0015875557,0.0012344233,0.039844144,0.04729185625910759,0.09352298825979233,10.4432954788208,0.009833154268562794,0.0028156295884400606,0.0991622656583786
2397,0.03904625400900841,1e-07,0.034660954,51.734047,0.0015875539,0.0012344217,0.039844118,0.04729120805859566,0.09351939707994461,10.442867279052734,0.009832539595663548,0.002815440995618701,0.09915916621685028
2398,0.03904622420668602,1e-07,0.03466093,51.734035,0.0015875527,0.0012344213,0.039844107,0.04729057103395462,0.09351583570241928,10.442440032958984,0.009831929579377174,0.002815255196765065,0.09915608912706375
2399,0.03904619440436363,1e-07,0.034660913,51.734028,0.0015875513,0.0012344203,0.03984409,0.04728994518518448,0.09351233392953873,10.442022323608398,0.009831332601606846,0.0028150714933872223,0.0991530790925026
2400,0.039046164602041245,1e-07,0.034660902,51.734028,0.001587551,0.0012344202,0.039844085,0.047289326786994934,0.09350889176130295,10.441611289978027,0.00983074214309454,0.002814890118315816,0.09915009886026382
2401,0.03904613479971886,1e-07,0.034660883,51.734005,0.0015875496,0.001234419,0.039844066,0.04728871211409569,0.09350546449422836,10.441200256347656,0.00983015913516283,0.002814711071550846,0.09914715588092804
2402,0.03904610499739647,1e-07,0.034660876,51.73401,0.0015875496,0.0012344194,0.039844066,0.04728810116648674,0.09350204467773438,10.44079303741455,0.009829571470618248,0.0028145313262939453,0.09914419800043106
2403,0.03904607519507408,1e-07,0.03466085,51.733982,0.001587548,0.0012344181,0.039844044,0.04728750139474869,0.09349870681762695,10.440394401550293,0.009829003363847733,0.0028143569361418486,0.09914132952690125
2404,0.039046045392751694,1e-07,0.034660827,51.733974,0.0015875467,0.0012344175,0.03984403,0.047286905348300934,0.09349537640810013,10.439994812011719,0.009828435257077217,0.002814181847497821,0.09913846850395203
2405,0.039046015590429306,1e-07,0.034660827,51.733967,0.0015875465,0.0012344174,0.03984403,0.04728630557656288,0.0934920385479927,10.439597129821777,0.009827864356338978,0.0028140072245150805,0.09913558512926102
2406,0.03904598578810692,1e-07,0.03466082,51.73398,0.0015875465,0.0012344175,0.03984403,0.047285716980695724,0.09348880499601364,10.439208984375,0.009827310219407082,0.0028138374909758568,0.09913279116153717
2407,0.03904595226049423,1e-07,0.034660794,51.733955,0.0015875448,0.0012344163,0.039844006,0.047285132110118866,0.09348554164171219,10.43881893157959,0.00982675515115261,0.0028136682230979204,0.09912998974323273
2408,0.039045918732881546,1e-07,0.034660783,51.73395,0.0015875443,0.0012344158,0.039844,0.0472845658659935,0.09348240494728088,10.438443183898926,0.009826219640672207,0.002813502913340926,0.09912729263305664
2409,0.03904589265584946,1e-07,0.034660764,51.733944,0.0015875434,0.0012344153,0.039843988,0.04728399217128754,0.0934792086482048,10.438061714172363,0.009825670160353184,0.0028133343439549208,0.09912452101707458
2410,0.03904586657881737,1e-07,0.03466076,51.733944,0.001587543,0.0012344151,0.039843984,0.04728342592716217,0.0934760645031929,10.437686920166016,0.009825135581195354,0.002813169965520501,0.0991218239068985
2411,0.03904583305120468,1e-07,0.034660738,51.73394,0.0015875424,0.0012344148,0.039843976,0.0472828671336174,0.09347298741340637,10.437317848205566,0.009824608452618122,0.002813008613884449,0.0991191640496254
2412,0.039045803248882294,1e-07,0.034660723,51.73393,0.0015875415,0.0012344142,0.039843965,0.047282323241233826,0.09346995502710342,10.436955451965332,0.009824092499911785,0.002812851220369339,0.09911656379699707
2413,0.03904576599597931,1e-07,0.034660716,51.733906,0.0015875405,0.0012344134,0.03984395,0.04728177562355995,0.09346690028905869,10.436589241027832,0.009823569096624851,0.002812690334394574,0.09911391884088516
2414,0.03904574364423752,1e-07,0.03466069,51.7339,0.0015875397,0.001234413,0.039843943,0.04728122428059578,0.09346392005681992,10.436233520507812,0.009823060594499111,0.0028125338722020388,0.09911135584115982
2415,0.039045706391334534,1e-07,0.034660675,51.733894,0.0015875389,0.0012344125,0.03984393,0.0472806915640831,0.09346091747283936,10.435874938964844,0.009822547435760498,0.002812375547364354,0.09910876303911209
2416,0.039045676589012146,1e-07,0.03466066,51.73388,0.0015875374,0.0012344118,0.039843913,0.04728015512228012,0.09345798939466476,10.435524940490723,0.00982204545289278,0.0028122244402766228,0.09910622984170914
2417,0.03904564678668976,1e-07,0.034660652,51.73388,0.0015875371,0.0012344116,0.03984391,0.047279633581638336,0.09345507621765137,10.435175895690918,0.00982155092060566,0.002812069607898593,0.09910374134778976
2418,0.03904561698436737,1e-07,0.03466063,51.73385,0.0015875354,0.0012344104,0.039843887,0.04727910831570625,0.09345217794179916,10.434829711914062,0.00982105452567339,0.002811918267980218,0.0991012305021286
2419,0.03904558718204498,1e-07,0.03466062,51.733845,0.001587535,0.0012344102,0.039843883,0.047278594225645065,0.09344933182001114,10.434489250183105,0.00982057023793459,0.002811771584674716,0.09909878671169281
2420,0.039045557379722595,1e-07,0.034660585,51.73383,0.0015875332,0.001234409,0.03984386,0.04727808013558388,0.09344650059938431,10.434151649475098,0.009820087812840939,0.0028116211760789156,0.09909635782241821
2421,0.03904552385210991,1e-07,0.03466058,51.733833,0.0015875328,0.001234409,0.039843854,0.04727757349610329,0.09344369918107986,10.433816909790039,0.009819609113037586,0.002811474958434701,0.09909394383430481
2422,0.03904549777507782,1e-07,0.03466057,51.733803,0.0015875319,0.0012344081,0.039843842,0.047277066856622696,0.09344092011451721,10.433484077453613,0.009819132275879383,0.0028113287407904863,0.099091537296772
2423,0.039045464247465134,1e-07,0.034660544,51.7338,0.0015875308,0.0012344073,0.03984383,0.0472765676677227,0.09343817830085754,10.43315601348877,0.009818664751946926,0.002811185782775283,0.09908917546272278
2424,0.039045434445142746,1e-07,0.034660526,51.733772,0.0015875293,0.001234406,0.039843813,0.04727607220411301,0.09343545883893967,10.432830810546875,0.009818199090659618,0.0028110425919294357,0.09908682852983475
2425,0.03904540464282036,1e-07,0.034660522,51.733772,0.001587529,0.001234406,0.03984381,0.0472755953669548,0.09343279153108597,10.432512283325195,0.00981774553656578,0.002810903824865818,0.0990845337510109
2426,0.03904537111520767,1e-07,0.034660496,51.733765,0.0015875278,0.0012344056,0.039843794,0.047275103628635406,0.09343012422323227,10.4321928024292,0.009817288257181644,0.0028107629623264074,0.09908223152160645
2427,0.03904534503817558,1e-07,0.034660496,51.733772,0.0015875279,0.0012344059,0.039843794,0.0472746342420578,0.09342751652002335,10.43188190460205,0.009816846810281277,0.002810627920553088,0.09908000379800797
2428,0.0390453115105629,1e-07,0.034660473,51.733765,0.0015875269,0.001234405,0.03984378,0.047274161130189896,0.09342492371797562,10.431571960449219,0.009816402569413185,0.0028104924131184816,0.09907776117324829
2429,0.03904528543353081,1e-07,0.034660462,51.733753,0.0015875259,0.0012344042,0.039843768,0.04727369174361229,0.09342235326766968,10.43126392364502,0.009815961122512817,0.0028103571385145187,0.09907553344964981
2430,0.03904525563120842,1e-07,0.034660432,51.733727,0.0015875243,0.0012344032,0.03984375,0.04727322608232498,0.09341979771852493,10.43095874786377,0.00981552992016077,0.0028102241922169924,0.09907335788011551
2431,0.039045218378305435,1e-07,0.034660418,51.733727,0.0015875237,0.0012344029,0.03984374,0.047272756695747375,0.09341723471879959,10.430652618408203,0.009815089404582977,0.0028100889176130295,0.09907113015651703
2432,0.039045192301273346,1e-07,0.03466041,51.733727,0.0015875237,0.0012344029,0.03984374,0.04727230221033096,0.09341474622488022,10.430354118347168,0.009814664721488953,0.0028099582996219397,0.09906899183988571
2433,0.03904515877366066,1e-07,0.03466039,51.733727,0.0015875229,0.0012344026,0.03984373,0.04727185517549515,0.09341228753328323,10.430060386657715,0.009814244695007801,0.0028098311740905046,0.09906686842441559
2434,0.03904513269662857,1e-07,0.034660388,51.733715,0.0015875223,0.0012344022,0.039843723,0.047271400690078735,0.09340982884168625,10.429766654968262,0.009813825599849224,0.002809702418744564,0.09906475245952606
2435,0.039045095443725586,1e-07,0.03466035,51.73366,0.0015875191,0.0012343995,0.039843682,0.04727095738053322,0.09340739250183105,10.429474830627441,0.009813410229980946,0.002809573896229267,0.09906265884637833
2436,0.0390450656414032,1e-07,0.03466034,51.73366,0.0015875188,0.0012343995,0.03984368,0.0472705215215683,0.09340500831604004,10.429189682006836,0.009813006035983562,0.002809451660141349,0.09906061738729477
2437,0.03904503583908081,1e-07,0.034660332,51.73366,0.0015875185,0.0012343995,0.039843675,0.04727007821202278,0.09340260177850723,10.428901672363281,0.009812593460083008,0.0028093233704566956,0.09905853867530823
2438,0.039045002311468124,1e-07,0.034660317,51.733654,0.0015875179,0.0012343993,0.039843667,0.04726965352892876,0.09340029954910278,10.42862606048584,0.009812201373279095,0.002809203462675214,0.09905655682086945
2439,0.03904497250914574,1e-07,0.034660283,51.733624,0.0015875155,0.0012343975,0.039843637,0.04726922884583473,0.09339794516563416,10.428345680236816,0.00981179904192686,0.002809080993756652,0.09905452281236649
2440,0.03904494270682335,1e-07,0.034660283,51.733624,0.0015875158,0.0012343976,0.03984364,0.047268807888031006,0.0933956578373909,10.428071975708008,0.009811408817768097,0.0028089601546525955,0.0990525558590889
2441,0.03904491290450096,1e-07,0.034660257,51.73362,0.0015875146,0.0012343973,0.039843626,0.04726839065551758,0.09339339286088943,10.427801132202148,0.00981102418154478,0.002808842109516263,0.0990506112575531
2442,0.039044883102178574,1e-07,0.034660254,51.73362,0.0015875145,0.0012343973,0.039843626,0.04726797342300415,0.09339109063148499,10.427525520324707,0.00981062836945057,0.0028087208047509193,0.09904861450195312
2443,0.039044857025146484,1e-07,0.03466023,51.733612,0.0015875133,0.0012343967,0.03984361,0.04726756364107132,0.0933888852596283,10.427261352539062,0.009810253977775574,0.002808606019243598,0.0990467295050621
2444,0.0390448234975338,1e-07,0.034660224,51.73361,0.001587513,0.0012343962,0.039843608,0.047267161309719086,0.0933866798877716,10.42699909210205,0.009809877723455429,0.0028084914665669203,0.09904482960700989
2445,0.03904479369521141,1e-07,0.034660213,51.733593,0.0015875122,0.0012343958,0.039843597,0.047266747802495956,0.09338446706533432,10.426733016967773,0.00980949867516756,0.0028083743527531624,0.09904291480779648
2446,0.03904476389288902,1e-07,0.0346602,51.73359,0.0015875117,0.0012343957,0.039843593,0.04726634919643402,0.09338229894638062,10.426474571228027,0.009809129871428013,0.002808262361213565,0.09904105216264725
2447,0.03904473036527634,1e-07,0.034660164,51.733555,0.0015875086,0.0012343936,0.03984355,0.047265954315662384,0.0933801531791687,10.426218032836914,0.009808762930333614,0.0028081496711820364,0.09903919696807861
2448,0.03904470056295395,1e-07,0.034660164,51.733574,0.0015875093,0.0012343941,0.03984356,0.047265566885471344,0.09337805956602097,10.4259672164917,0.009808405302464962,0.002808038843795657,0.09903739392757416
2449,0.03904467076063156,1e-07,0.03466015,51.733555,0.0015875085,0.0012343936,0.03984355,0.047265175729990005,0.09337592124938965,10.425712585449219,0.009808041155338287,0.0028079289477318525,0.09903555363416672
2450,0.039044640958309174,1e-07,0.03466013,51.733547,0.0015875073,0.0012343928,0.039843537,0.047264792025089264,0.0933738723397255,10.425467491149902,0.009807691909372807,0.0028078220784664154,0.09903379529714584
2451,0.039044611155986786,1e-07,0.03466012,51.73352,0.0015875064,0.001234392,0.039843522,0.047264404594898224,0.09337177127599716,10.425215721130371,0.009807332418859005,0.002807710086926818,0.0990319773554802
2452,0.0390445776283741,1e-07,0.03466011,51.733532,0.0015875063,0.0012343919,0.039843522,0.04726403206586838,0.0933697447180748,10.424972534179688,0.009806987829506397,0.0028076053131371737,0.09903023391962051
2453,0.03904455155134201,1e-07,0.034660082,51.733513,0.0015875043,0.0012343905,0.039843496,0.047263652086257935,0.09336771816015244,10.424731254577637,0.00980664137750864,0.002807499608024955,0.09902849048376083
2454,0.039044514298439026,1e-07,0.034660064,51.733498,0.0015875034,0.0012343902,0.039843485,0.04726329445838928,0.09336575865745544,10.424495697021484,0.009806311689317226,0.00280739669688046,0.09902682155370712
2455,0.03904448449611664,1e-07,0.034660053,51.733494,0.0015875027,0.0012343898,0.039843477,0.04726291447877884,0.09336373955011368,10.42425537109375,0.00980596523731947,0.0028072919230908155,0.09902507066726685
2456,0.03904445469379425,1e-07,0.034660045,51.73349,0.0015875027,0.0012343898,0.039843477,0.04726255312561989,0.09336177259683609,10.424020767211914,0.009805629029870033,0.002807188080623746,0.09902337938547134
2457,0.03904442489147186,1e-07,0.034660023,51.733486,0.0015875014,0.0012343889,0.039843462,0.04726220294833183,0.09335988759994507,10.423794746398926,0.009805306792259216,0.0028070881962776184,0.09902174770832062
2458,0.039044395089149475,1e-07,0.034660008,51.73348,0.0015875007,0.0012343887,0.03984345,0.047261834144592285,0.09335789829492569,10.42355728149414,0.009804968722164631,0.0028069857507944107,0.09902004152536392
2459,0.03904436156153679,1e-07,0.034659985,51.73346,0.0015874992,0.0012343876,0.039843433,0.04726148769259453,0.09335606545209885,10.42333698272705,0.009804654866456985,0.0028068877290934324,0.09901845455169678
2460,0.0390443317592144,1e-07,0.03465997,51.733437,0.0015874981,0.0012343867,0.03984342,0.047261130064725876,0.09335414320230484,10.42310905456543,0.00980432704091072,0.0028067883104085922,0.09901680052280426
2461,0.039044298231601715,1e-07,0.034659963,51.733433,0.0015874978,0.0012343865,0.039843414,0.04726078361272812,0.0933522880077362,10.422886848449707,0.009804009459912777,0.002806691452860832,0.09901519864797592
2462,0.03904426842927933,1e-07,0.03465994,51.733418,0.0015874963,0.0012343858,0.039843395,0.04726044088602066,0.09335046261548996,10.422667503356934,0.009803700260818005,0.0028065964579582214,0.09901363402605057
2463,0.03904423862695694,1e-07,0.03465992,51.733418,0.0015874954,0.0012343851,0.039843388,0.0472600981593132,0.09334859997034073,10.422446250915527,0.009803380817174911,0.002806498436257243,0.09901202470064163
2464,0.03904420882463455,1e-07,0.03465991,51.733406,0.0015874949,0.0012343848,0.03984338,0.04725976660847664,0.09334681183099747,10.422231674194336,0.009803078137338161,0.0028064053039997816,0.09901049733161926
2465,0.03904418274760246,1e-07,0.0346599,51.7334,0.0015874943,0.0012343844,0.039843373,0.04725943133234978,0.093345046043396,10.422019958496094,0.00980277732014656,0.0028063145000487566,0.09900897741317749
2466,0.03904414921998978,1e-07,0.034659885,51.733395,0.0015874933,0.001234384,0.03984336,0.047259099781513214,0.09334326535463333,10.421807289123535,0.009802473708987236,0.0028062204364687204,0.09900744259357452
2467,0.03904411941766739,1e-07,0.034659874,51.733376,0.0015874928,0.0012343833,0.039843354,0.04725876823067665,0.09334150701761246,10.421597480773926,0.009802174754440784,0.002806128701195121,0.09900593012571335
2468,0.039044082164764404,1e-07,0.034659848,51.73335,0.0015874911,0.0012343822,0.039843332,0.04725844785571098,0.09333979338407516,10.421391487121582,0.00980188138782978,0.002806038362905383,0.09900445491075516
2469,0.039044059813022614,1e-07,0.034659833,51.73334,0.0015874899,0.0012343813,0.039843317,0.04725812375545502,0.09333807975053787,10.421187400817871,0.009801589883863926,0.0028059484902769327,0.09900297969579697
2470,0.03904402256011963,1e-07,0.03465981,51.73333,0.0015874888,0.0012343809,0.039843302,0.047257814556360245,0.09333640336990356,10.42098617553711,0.009801305830478668,0.002805862342938781,0.09900154173374176
2471,0.03904399648308754,1e-07,0.034659803,51.733337,0.0015874888,0.0012343809,0.039843302,0.047257501631975174,0.09333471208810806,10.420784950256348,0.009801018051803112,0.0028057731688022614,0.09900008887052536
2472,0.03904397040605545,1e-07,0.034659788,51.733315,0.0015874876,0.00123438,0.039843287,0.04725717753171921,0.09333303570747375,10.420584678649902,0.009800730273127556,0.0028056830633431673,0.09899863600730896
2473,0.039043933153152466,1e-07,0.03465977,51.73331,0.0015874867,0.0012343795,0.039843276,0.04725686088204384,0.09333138912916183,10.42038631439209,0.009800448082387447,0.002805599244311452,0.09899721294641495
2474,0.03904390335083008,1e-07,0.03465975,51.733295,0.0015874853,0.0012343784,0.039843258,0.04725655913352966,0.09332975000143051,10.42018985748291,0.009800169616937637,0.0028055140282958746,0.09899580478668213
2475,0.03904387354850769,1e-07,0.034659747,51.733288,0.001587485,0.0012343783,0.039843254,0.04725625365972519,0.09332814812660217,10.420000076293945,0.009799896739423275,0.002805430442094803,0.0989944264292717
2476,0.0390438437461853,1e-07,0.034659725,51.733284,0.0015874843,0.0012343779,0.039843246,0.047255951911211014,0.09332659095525742,10.419812202453613,0.00979963131248951,0.0028053473215550184,0.09899308532476425
2477,0.03904380649328232,1e-07,0.03465971,51.733276,0.0015874829,0.001234377,0.039843228,0.04725565388798714,0.09332496672868729,10.419618606567383,0.009799355641007423,0.002805265597999096,0.09899169206619263
2478,0.03904378041625023,1e-07,0.034659695,51.733257,0.001587482,0.0012343767,0.03984322,0.04725535213947296,0.09332340210676193,10.419431686401367,0.009799085557460785,0.0028051810804754496,0.09899032860994339
2479,0.03904374688863754,1e-07,0.034659676,51.733234,0.0015874805,0.0012343755,0.039843198,0.04725505784153938,0.09332185983657837,10.4192476272583,0.009798823855817318,0.0028050991240888834,0.09898900985717773
2480,0.03904371336102486,1e-07,0.034659665,51.733242,0.0015874803,0.0012343755,0.039843198,0.047254763543605804,0.09332031011581421,10.419061660766602,0.009798561222851276,0.0028050215914845467,0.09898768365383148
2481,0.03904368728399277,1e-07,0.03465965,51.73321,0.001587479,0.0012343744,0.03984318,0.04725447669625282,0.09331878274679184,10.418880462646484,0.009798298589885235,0.002804941264912486,0.09898635745048523
2482,0.03904365375638008,1e-07,0.03465963,51.73321,0.0015874782,0.0012343739,0.03984317,0.04725419357419014,0.09331727772951126,10.418700218200684,0.00979804340749979,0.0028048616368323565,0.09898506850004196
2483,0.03904362767934799,1e-07,0.03465962,51.733208,0.0015874776,0.0012343737,0.039843164,0.04725390672683716,0.09331580996513367,10.418524742126465,0.009797793813049793,0.002804785966873169,0.09898380935192108
2484,0.03904359042644501,1e-07,0.034659598,51.733196,0.0015874765,0.001234373,0.03984315,0.04725363478064537,0.09331434220075607,10.41834831237793,0.009797542355954647,0.0028047070372849703,0.09898253530263901
2485,0.03904356434941292,1e-07,0.034659587,51.733196,0.0015874762,0.0012343727,0.039843146,0.04725334793329239,0.09331285953521729,10.418171882629395,0.009797289967536926,0.002804629737511277,0.09898126125335693
2486,0.03904353454709053,1e-07,0.034659564,51.733162,0.0015874741,0.0012343712,0.03984312,0.0472530759871006,0.09331142902374268,10.418000221252441,0.0097970487549901,0.0028045575600117445,0.09898003935813904
2487,0.039043501019477844,1e-07,0.034659553,51.73316,0.0015874737,0.001234371,0.039843112,0.047252800315618515,0.09330997616052628,10.417826652526855,0.009796800091862679,0.002804480493068695,0.09897878766059875
2488,0.03904347121715546,1e-07,0.034659535,51.733128,0.0015874725,0.0012343702,0.039843097,0.04725252836942673,0.09330859035253525,10.4176607131958,0.009796560741961002,0.0028044076170772314,0.09897758066654205
2489,0.03904343768954277,1e-07,0.034659527,51.733128,0.0015874717,0.0012343696,0.03984309,0.04725226014852524,0.09330716729164124,10.41749095916748,0.009796320460736752,0.002804334042593837,0.09897636622190475
2490,0.03904341161251068,1e-07,0.0346595,51.733112,0.0015874704,0.0012343688,0.03984307,0.04725199192762375,0.09330577403306961,10.41732406616211,0.009796085767447948,0.002804259769618511,0.09897517412900925
2491,0.0390433743596077,1e-07,0.034659486,51.7331,0.0015874691,0.0012343677,0.039843056,0.04725172370672226,0.09330440312623978,10.417160034179688,0.009795851074159145,0.002804189920425415,0.09897398948669434
2492,0.03904334455728531,1e-07,0.03465948,51.733097,0.0015874689,0.0012343678,0.039843053,0.047251466661691666,0.09330304712057114,10.416996955871582,0.009795619174838066,0.0028041191399097443,0.09897281974554062
2493,0.03904331102967262,1e-07,0.034659468,51.733093,0.0015874681,0.0012343674,0.03984304,0.04725120961666107,0.09330171346664429,10.416837692260742,0.00979539193212986,0.002804047428071499,0.09897167235612869
2494,0.03904328495264053,1e-07,0.034659456,51.733097,0.001587468,0.0012343673,0.03984304,0.04725094884634018,0.09330037236213684,10.416678428649902,0.009795163758099079,0.002803978743031621,0.09897051751613617
2495,0.039043255150318146,1e-07,0.034659434,51.73307,0.0015874665,0.0012343663,0.039843023,0.047250695526599884,0.0932990312576294,10.41651725769043,0.009794934652745724,0.002803907496854663,0.09896936267614365
2496,0.03904322162270546,1e-07,0.034659408,51.73305,0.0015874645,0.0012343649,0.039842997,0.04725044220685959,0.09329774975776672,10.416363716125488,0.009794716723263264,0.00280384230427444,0.0989682599902153
2497,0.03904319182038307,1e-07,0.034659397,51.73304,0.0015874639,0.0012343647,0.03984299,0.04725019261240959,0.09329644590616226,10.41620922088623,0.009794495068490505,0.002803773619234562,0.09896714240312576
2498,0.039043158292770386,1e-07,0.034659386,51.733036,0.0015874632,0.0012343643,0.03984298,0.04724994674324989,0.093295156955719,10.416054725646973,0.00979427620768547,0.0028037065640091896,0.09896603226661682
2499,0.039043132215738297,1e-07,0.03465937,51.733013,0.0015874623,0.0012343636,0.03984297,0.047249700874090195,0.09329390525817871,10.415904998779297,0.009794062003493309,0.00280364160425961,0.09896495193243027
2500,0.03904309868812561,1e-07,0.034659345,51.733006,0.0015874609,0.0012343625,0.039842952,0.047249458730220795,0.09329266101121902,10.415755271911621,0.009793850593268871,0.0028035754803568125,0.09896388649940491
