epoch,loss,lr,mae,mse,rmse,val_loss,val_mae,val_mse,val_rmse
0,1.9050384759902954,1e-06,1.283031,1.9000821,1.3784347,0.024238770827651024,0.11307765543460846,0.019282301887869835,0.13886073231697083
1,1.9047889709472656,1e-06,1.2829503,1.8998326,1.3783442,0.024211889132857323,0.11300516128540039,0.019255422055721283,0.1387639045715332
2,1.9045383930206299,1e-06,1.2828692,1.899582,1.3782532,0.024184901267290115,0.11293219029903412,0.019228436052799225,0.13866662979125977
3,1.9042880535125732,1e-06,1.2827882,1.8993317,1.3781624,0.024157991632819176,0.11285944283008575,0.019201526418328285,0.13856957852840424
4,1.9040377140045166,1e-06,1.2827073,1.8990813,1.3780715,0.024131083860993385,0.11278662085533142,0.019174620509147644,0.13847245275974274
5,1.9037877321243286,1e-06,1.2826264,1.8988314,1.377981,0.02410426177084446,0.11271394789218903,0.019147798418998718,0.13837556540966034
6,1.9035378694534302,1e-06,1.2825456,1.8985815,1.3778902,0.024077465757727623,0.11264124512672424,0.01912100240588188,0.13827870786190033
7,1.903287410736084,1e-06,1.2824646,1.898331,1.3777994,0.024050651118159294,0.11256840825080872,0.019094185903668404,0.13818171620368958
8,1.9030365943908691,1e-06,1.2823833,1.8980802,1.3777083,0.024023879319429398,0.11249566078186035,0.019067417830228806,0.13808481395244598
9,1.902786374092102,1e-06,1.2823024,1.89783,1.3776175,0.02399713173508644,0.1124228686094284,0.01904067024588585,0.13798794150352478
10,1.9025359153747559,1e-06,1.2822213,1.8975796,1.3775266,0.023970406502485275,0.11235009133815765,0.019013945013284683,0.13789106905460358
11,1.9022862911224365,1e-06,1.2821405,1.8973299,1.377436,0.02394377440214157,0.11227750778198242,0.01898731291294098,0.13779446482658386
12,1.9020358324050903,1e-06,1.2820596,1.8970795,1.3773451,0.02391715720295906,0.11220479011535645,0.01896069571375847,0.13769784569740295
13,1.9017854928970337,1e-06,1.2819785,1.8968291,1.3772542,0.02389046549797058,0.11213190853595734,0.01893400400876999,0.1376008838415146
14,1.901535987854004,1e-06,1.2818975,1.8965796,1.3771636,0.02386395074427128,0.11205922067165375,0.018907491117715836,0.13750451803207397
15,1.9012854099273682,1e-06,1.2818166,1.896329,1.3770727,0.02383730374276638,0.111986443400383,0.018880844116210938,0.137407585978508
16,1.9010348320007324,1e-06,1.2817353,1.8960785,1.3769816,0.023810798302292824,0.11191368103027344,0.01885433867573738,0.13731110095977783
17,1.900785207748413,1e-06,1.2816545,1.8958288,1.376891,0.023784320801496506,0.11184103786945343,0.018827863037586212,0.13721466064453125
18,1.9005351066589355,1e-06,1.2815737,1.8955787,1.3768002,0.023757796734571457,0.11176815629005432,0.018801338970661163,0.13711798191070557
19,1.9002848863601685,1e-06,1.2814924,1.8953285,1.3767093,0.023731358349323273,0.11169548332691193,0.01877490058541298,0.1370215266942978
20,1.9000340700149536,1e-06,1.2814113,1.8950777,1.3766183,0.02370498515665531,0.11162292957305908,0.018748527392745018,0.13692526519298553
21,1.899785041809082,1e-06,1.2813306,1.8948287,1.3765278,0.02367856539785862,0.11155006289482117,0.018722109496593475,0.13682876527309418
22,1.8995335102081299,1e-06,1.281249,1.8945771,1.3764364,0.023652182891964912,0.11147728562355042,0.018695726990699768,0.1367323249578476
23,1.8992838859558105,1e-06,1.2811681,1.8943275,1.3763458,0.023625900968909264,0.11140471696853638,0.01866944506764412,0.1366361826658249
24,1.8990342617034912,1e-06,1.2810874,1.8940779,1.376255,0.023599592968821526,0.11133193969726562,0.01864313706755638,0.13653987646102905
25,1.898784875869751,1e-06,1.2810065,1.8938285,1.3761644,0.02357327565550804,0.1112591028213501,0.018616821616888046,0.13644348084926605
26,1.8985342979431152,1e-06,1.2809254,1.8935779,1.3760734,0.023547062650322914,0.11118651926517487,0.01859060861170292,0.13634738326072693
27,1.8982844352722168,1e-06,1.2808443,1.8933281,1.3759826,0.02352081798017025,0.11111369729042053,0.018564365804195404,0.13625110685825348
28,1.8980345726013184,1e-06,1.2807633,1.8930782,1.3758918,0.023494647815823555,0.11104105412960052,0.01853819563984871,0.13615503907203674
29,1.897783875465393,1e-06,1.2806821,1.8928275,1.3758007,0.02346852235496044,0.11096832156181335,0.018512070178985596,0.13605907559394836
30,1.8975350856781006,1e-06,1.2806015,1.8925787,1.3757102,0.023442409932613373,0.11089572310447693,0.018485959619283676,0.1359630823135376
31,1.897284746170044,1e-06,1.2805203,1.8923284,1.3756193,0.02341626212000847,0.1108228862285614,0.018459811806678772,0.1358668953180313
32,1.8970352411270142,1e-06,1.2804395,1.8920789,1.3755286,0.0233902670443058,0.11075049638748169,0.018433816730976105,0.13577118515968323
33,1.896785855293274,1e-06,1.2803584,1.8918295,1.375438,0.023364219814538956,0.11067767441272736,0.01840776950120926,0.13567523658275604
34,1.8965351581573486,1e-06,1.2802773,1.8915788,1.3753468,0.023338206112384796,0.11060500144958496,0.0183817557990551,0.13557933270931244
35,1.896285057067871,1e-06,1.2801962,1.8913287,1.3752558,0.023312227800488472,0.11053232848644257,0.018355779349803925,0.1354835033416748
36,1.8960351943969727,1e-06,1.2801151,1.8910788,1.375165,0.02328626811504364,0.1104595959186554,0.018329819664359093,0.13538765907287598
37,1.8957860469818115,1e-06,1.2800344,1.8908297,1.3750744,0.023260366171598434,0.11038699746131897,0.018303919583559036,0.13529197871685028
38,1.895535945892334,1e-06,1.2799532,1.8905796,1.3749834,0.023234441876411438,0.1103142499923706,0.01827799528837204,0.13519613444805145
39,1.895287036895752,1e-06,1.2798724,1.8903307,1.374893,0.023208655416965485,0.11024171113967896,0.018252208828926086,0.13510073721408844
40,1.8950358629226685,1e-06,1.279791,1.8900795,1.3748016,0.02318282052874565,0.11016906797885895,0.018226373940706253,0.13500508666038513
41,1.8947865962982178,1e-06,1.2797102,1.8898302,1.3747109,0.023156961426138878,0.11009633541107178,0.01820051670074463,0.13490928709506989
42,1.8945376873016357,1e-06,1.2796293,1.8895813,1.3746204,0.02313126064836979,0.1100238710641861,0.01817481406033039,0.13481399416923523
43,1.8942877054214478,1e-06,1.2795482,1.8893313,1.3745295,0.023105449974536896,0.10995100438594818,0.018149007111787796,0.13471825420856476
44,1.8940370082855225,1e-06,1.279467,1.8890806,1.3744383,0.023079749196767807,0.10987834632396698,0.018123306334018707,0.13462282717227936
45,1.8937890529632568,1e-06,1.2793864,1.8888327,1.374348,0.02305413782596588,0.10980595648288727,0.01809769496321678,0.13452766835689545
46,1.8935387134552002,1e-06,1.2793051,1.8885823,1.374257,0.02302844636142254,0.10973316431045532,0.018072005361318588,0.13443215191364288
47,1.89328932762146,1e-06,1.2792242,1.888333,1.3741663,0.023002879694104195,0.10966071486473083,0.018046438694000244,0.13433703780174255
48,1.8930398225784302,1e-06,1.2791432,1.8880835,1.3740755,0.022977327927947044,0.10958820581436157,0.018020886927843094,0.13424189388751984
49,1.892789602279663,1e-06,1.2790619,1.8878332,1.3739845,0.022951746359467506,0.10951563715934753,0.017995303496718407,0.1341465711593628
50,1.8925395011901855,1e-06,1.2789806,1.8875831,1.3738934,0.022926177829504013,0.10944285988807678,0.017969738692045212,0.13405124843120575
51,1.8922911882400513,1e-06,1.2789001,1.8873348,1.373803,0.022900700569152832,0.10937033593654633,0.01794426143169403,0.1339561939239502
52,1.8920413255691528,1e-06,1.278819,1.887085,1.3737121,0.02287527732551098,0.10929785668849945,0.017918840050697327,0.13386127352714539
53,1.8917919397354126,1e-06,1.2787379,1.8868356,1.3736213,0.022849848493933678,0.10922536253929138,0.017893411219120026,0.13376624882221222
54,1.8915420770645142,1e-06,1.2786567,1.8865857,1.3735304,0.022824415937066078,0.1091526448726654,0.017867978662252426,0.13367116451263428
55,1.8912932872772217,1e-06,1.278576,1.8863369,1.3734398,0.022799046710133553,0.10908016562461853,0.0178426094353199,0.13357622921466827
56,1.8910434246063232,1e-06,1.2784948,1.8860871,1.3733488,0.02277371659874916,0.10900765657424927,0.01781727932393551,0.13348138332366943
57,1.8907939195632935,1e-06,1.2784137,1.8858376,1.373258,0.022748375311493874,0.10893495380878448,0.01779193989932537,0.13338643312454224
58,1.8905450105667114,1e-06,1.2783328,1.8855886,1.3731674,0.022723091766238213,0.10886253416538239,0.01776665821671486,0.13329163193702698
59,1.890295147895813,1e-06,1.2782516,1.8853388,1.3730764,0.02269786410033703,0.10878995060920715,0.017741430550813675,0.13319696485996246
60,1.890046238899231,1e-06,1.2781708,1.8850899,1.3729857,0.02267265133559704,0.10871753096580505,0.017716217786073685,0.13310228288173676
61,1.8897967338562012,1e-06,1.2780898,1.8848404,1.3728949,0.022647444158792496,0.10864493250846863,0.017691010609269142,0.13300755620002747
62,1.8895466327667236,1e-06,1.2780085,1.8845903,1.3728038,0.02262231521308422,0.10857254266738892,0.017665885388851166,0.13291306793689728
63,1.8892979621887207,1e-06,1.2779275,1.8843416,1.3727132,0.02259722910821438,0.10850013792514801,0.017640799283981323,0.13281866908073425
64,1.88904869556427,1e-06,1.2778465,1.8840923,1.3726224,0.022572098299860954,0.1084275096654892,0.01761566661298275,0.13272401690483093
65,1.8887996673583984,1e-06,1.2777656,1.8838433,1.3725318,0.022547002881765366,0.10835503041744232,0.01759057492017746,0.13262946903705597
66,1.8885502815246582,1e-06,1.2776846,1.8835939,1.3724408,0.02252201735973358,0.10828261077404022,0.017565587535500526,0.13253523409366608
67,1.8883010149002075,1e-06,1.2776034,1.8833447,1.3723501,0.022496957331895828,0.10821016132831573,0.017540529370307922,0.13244065642356873
68,1.888053059577942,1e-06,1.2775228,1.8830967,1.3722597,0.022472010925412178,0.10813769698143005,0.01751558482646942,0.13234645128250122
69,1.887803316116333,1e-06,1.2774415,1.882847,1.3721687,0.02244708128273487,0.10806530714035034,0.017490655183792114,0.13225224614143372
70,1.8875542879104614,1e-06,1.2773606,1.8825979,1.372078,0.022422200068831444,0.10799290239810944,0.017465773969888687,0.13215814530849457
71,1.8873059749603271,1e-06,1.2772797,1.8823496,1.3719875,0.02239728532731533,0.10792045295238495,0.017440859228372574,0.1320638507604599
72,1.8870564699172974,1e-06,1.2771987,1.8821001,1.3718965,0.022372456267476082,0.1078481376171112,0.017416030168533325,0.13196980953216553
73,1.8868072032928467,5e-07,1.2771176,1.8818508,1.3718057,0.02236003614962101,0.10781194269657135,0.017403608188033104,0.13192273676395416
74,1.8866827487945557,5e-07,1.2770771,1.8817264,1.3717604,0.022347604855895042,0.10777559876441956,0.017391182482242584,0.1318756341934204
75,1.8865580558776855,5e-07,1.2770365,1.8816017,1.3717148,0.022335181012749672,0.1077393889427185,0.017378756776452065,0.13182851672172546
76,1.8864336013793945,5e-07,1.276996,1.8814772,1.3716695,0.022322745993733406,0.10770304501056671,0.017366323620080948,0.13178135454654694
77,1.8863084316253662,5e-07,1.2769554,1.8813521,1.3716239,0.022310322150588036,0.1076667308807373,0.017353897914290428,0.1317341923713684
78,1.8861844539642334,2.5e-07,1.276915,1.8812281,1.3715787,0.0223041120916605,0.10764862596988678,0.01734768971800804,0.13171063363552094
79,1.886122465133667,2.5e-07,1.2768949,1.8811661,1.371556,0.02229796163737774,0.10763056576251984,0.01734153926372528,0.13168728351593018
80,1.8860595226287842,2.5e-07,1.2768744,1.8811032,1.3715332,0.022291770204901695,0.10761243104934692,0.017335347831249237,0.13166376948356628
81,1.8859975337982178,2.5e-07,1.2768542,1.8810412,1.3715105,0.022285567596554756,0.10759435594081879,0.017329145222902298,0.1316402107477188
82,1.8859355449676514,1.25e-07,1.2768341,1.8809792,1.371488,0.022282572463154793,0.10758554935455322,0.017326150089502335,0.1316288411617279
83,1.8859047889709473,1.25e-07,1.276824,1.8809484,1.3714768,0.022279584780335426,0.10757677257061005,0.01732316054403782,0.131617471575737
84,1.8858745098114014,1.25e-07,1.2768141,1.8809181,1.3714657,0.022276517003774643,0.10756786167621613,0.017320094630122185,0.1316058337688446
85,1.8858449459075928,1.25e-07,1.2768046,1.8808886,1.371455,0.02227349951863289,0.10755899548530579,0.01731707900762558,0.13159437477588654
86,1.88581383228302,1e-07,1.2767944,1.8808575,1.3714436,0.02227100171148777,0.10755160450935364,0.017314579337835312,0.13158486783504486
87,1.8857886791229248,1e-07,1.2767862,1.8808323,1.3714345,0.02226853556931019,0.10754440724849701,0.01731211133301258,0.13157549500465393
88,1.8857632875442505,1e-07,1.2767781,1.8808069,1.3714252,0.022266054525971413,0.10753713548183441,0.017309630289673805,0.13156606256961823
89,1.8857386112213135,1e-07,1.27677,1.8807822,1.3714161,0.02226352132856846,0.10752971470355988,0.017307098954916,0.1315564513206482
90,1.8857123851776123,1e-07,1.2767614,1.880756,1.3714066,0.022261038422584534,0.10752245783805847,0.017304617911577225,0.1315470188856125
91,1.8856874704360962,1e-07,1.2767533,1.8807311,1.3713975,0.022258587181568146,0.10751526057720184,0.017302164807915688,0.13153769075870514
92,1.8856620788574219,1e-07,1.2767451,1.8807057,1.3713882,0.02225608378648758,0.10750795900821686,0.01729966327548027,0.13152818381786346
93,1.8856360912322998,1e-07,1.2767367,1.8806797,1.3713788,0.022253528237342834,0.1075003445148468,0.017297105863690376,0.13151846826076508
94,1.8856110572814941,1e-07,1.2767285,1.8806547,1.3713696,0.02225106954574585,0.10749328136444092,0.01729464903473854,0.13150912523269653
95,1.885585904121399,1e-07,1.2767204,1.8806295,1.3713604,0.022248582914471626,0.10748594999313354,0.017292160540819168,0.13149966299533844
96,1.8855605125427246,1e-07,1.2767121,1.8806041,1.3713512,0.02224605157971382,0.10747857391834259,0.017289631068706512,0.13149003684520721
97,1.8855363130569458,1e-07,1.2767042,1.88058,1.3713424,0.022243622690439224,0.10747133195400238,0.017287200316786766,0.13148079812526703
98,1.8855109214782715,1e-07,1.2766958,1.8805546,1.3713331,0.02224108949303627,0.10746404528617859,0.01728466898202896,0.1314711719751358
99,1.8854849338531494,1e-07,1.2766875,1.8805286,1.3713237,0.022238638252019882,0.10745678842067719,0.017282215878367424,0.13146184384822845
100,1.8854600191116333,1e-07,1.2766794,1.8805037,1.3713145,0.022236082702875137,0.10744932293891907,0.01727966032922268,0.13145212829113007
101,1.8854341506958008,1e-07,1.276671,1.8804778,1.3713051,0.022233635187149048,0.10744205117225647,0.01727721281349659,0.1314428150653839
102,1.8854089975357056,1e-07,1.2766628,1.8804526,1.3712959,0.022231101989746094,0.1074347198009491,0.017274681478738785,0.13143318891525269
103,1.8853837251663208,1e-07,1.2766546,1.8804274,1.3712867,0.022228624671697617,0.1074274480342865,0.017272204160690308,0.13142375648021698
104,1.8853585720062256,1e-07,1.2766465,1.8804022,1.3712776,0.022226158529520035,0.1074201762676239,0.017269736155867577,0.13141436874866486
105,1.885333776473999,1e-07,1.2766384,1.8803774,1.3712685,0.02222367934882641,0.1074129045009613,0.01726726070046425,0.13140495121479034
106,1.885308027267456,1e-07,1.27663,1.8803517,1.3712591,0.022221175953745842,0.10740567743778229,0.017264757305383682,0.13139542937278748
107,1.885282278060913,1e-07,1.2766216,1.8803259,1.3712498,0.02221870608627796,0.10739824175834656,0.017262287437915802,0.13138602674007416
108,1.8852568864822388,1e-07,1.2766134,1.8803005,1.3712405,0.022216202691197395,0.10739095509052277,0.017259784042835236,0.1313764899969101
109,1.8852320909500122,1e-07,1.2766054,1.8802757,1.3712314,0.022213762626051903,0.1073838621377945,0.017257342115044594,0.13136720657348633
110,1.8852063417434692,1e-07,1.276597,1.88025,1.371222,0.022211192175745964,0.10737630724906921,0.017254773527383804,0.13135743141174316
111,1.8851815462112427,1e-07,1.2765889,1.8802252,1.3712131,0.022208763286471367,0.10736915469169617,0.017252344638109207,0.13134817779064178
112,1.8851557970046997,1e-07,1.2765805,1.8801994,1.3712037,0.022206248715519905,0.10736170411109924,0.017249830067157745,0.13133861124515533
113,1.8851304054260254,1e-07,1.2765721,1.880174,1.3711944,0.022203760221600533,0.10735440254211426,0.017247341573238373,0.13132913410663605
114,1.8851062059402466,1e-07,1.2765644,1.8801498,1.3711855,0.022201290354132652,0.10734716057777405,0.017244871705770493,0.13131973147392273
115,1.8850795030593872,1e-07,1.2765558,1.8801231,1.3711758,0.022198786959052086,0.10733979940414429,0.017242366448044777,0.13131019473075867
116,1.885054349899292,1e-07,1.2765476,1.880098,1.3711667,0.022196287289261818,0.10733243823051453,0.01723986677825451,0.1313006728887558
117,1.8850290775299072,1e-07,1.2765394,1.8800727,1.3711574,0.02219380997121334,0.10732519626617432,0.01723739132285118,0.1312912404537201
118,1.8850041627883911,1e-07,1.2765312,1.8800478,1.3711483,0.02219134010374546,0.10731787979602814,0.01723491959273815,0.13128183782100677
119,1.884979009628296,1e-07,1.276523,1.8800226,1.3711392,0.022188840433955193,0.10731053352355957,0.017232421785593033,0.1312723159790039
120,1.8849539756774902,1e-07,1.2765149,1.8799976,1.37113,0.022186337038874626,0.10730315744876862,0.017229918390512466,0.13126277923583984
121,1.8849282264709473,1e-07,1.2765065,1.8799719,1.3711207,0.022183863446116447,0.1072959154844284,0.017227444797754288,0.13125336170196533
122,1.884903073310852,1e-07,1.2764984,1.8799467,1.3711115,0.022181401029229164,0.107288658618927,0.017224982380867004,0.1312439739704132
123,1.8848776817321777,1e-07,1.2764902,1.8799213,1.3711022,0.02217891998589039,0.10728134214878082,0.01722250133752823,0.1312345266342163
124,1.8848521709442139,1e-07,1.2764817,1.8798958,1.3710929,0.022176401689648628,0.10727393627166748,0.01721998117864132,0.13122493028640747
125,1.884826898574829,1e-07,1.2764735,1.8798705,1.3710837,0.02217390574514866,0.10726666450500488,0.01721748523414135,0.1312154084444046
126,1.8848016262054443,1e-07,1.2764654,1.8798453,1.3710744,0.02217143215239048,0.1072593480348587,0.01721501350402832,0.1312059909105301
127,1.8847763538360596,1e-07,1.2764572,1.87982,1.3710653,0.022168906405568123,0.10725191235542297,0.017212487757205963,0.13119636476039886
128,1.8847508430480957,1e-07,1.2764488,1.8797945,1.371056,0.022166458889842033,0.10724465548992157,0.017210040241479874,0.13118703663349152
129,1.8847256898880005,1e-07,1.2764406,1.8797693,1.3710468,0.02216394431889057,0.1072373241186142,0.017207523807883263,0.13117745518684387
130,1.8847007751464844,1e-07,1.2764325,1.8797444,1.3710377,0.02216148190200329,0.1072300523519516,0.01720506139099598,0.13116806745529175
131,1.8846755027770996,1e-07,1.2764244,1.8797191,1.3710285,0.02215898223221302,0.10722264647483826,0.01720256172120571,0.13115853071212769
132,1.8846499919891357,1e-07,1.2764162,1.8796936,1.3710192,0.02215648628771305,0.10721534490585327,0.01720006763935089,0.131149023771286
133,1.884624719619751,1e-07,1.276408,1.8796684,1.37101,0.02215402014553547,0.10720807313919067,0.01719760149717331,0.1311396211385727
134,1.884599208831787,1e-07,1.2763995,1.8796428,1.3710006,0.02215154655277729,0.10720080137252808,0.01719512604176998,0.131130188703537
135,1.8845744132995605,1e-07,1.2763915,1.879618,1.3709916,0.0221490990370512,0.10719366371631622,0.017192678526043892,0.13112086057662964
136,1.884549617767334,1e-07,1.2763835,1.8795933,1.3709825,0.022146625444293022,0.10718628764152527,0.017190204933285713,0.13111142814159393
137,1.8845230340957642,1e-07,1.2763748,1.8795667,1.3709729,0.022144140675663948,0.10717892646789551,0.01718772202730179,0.13110195100307465
138,1.884497880935669,1e-07,1.2763666,1.8795415,1.3709637,0.022141633555293083,0.10717165470123291,0.017185214906930923,0.1310923844575882
139,1.8844733238220215,1e-07,1.2763586,1.879517,1.3709548,0.02213909663259983,0.10716414451599121,0.01718267798423767,0.1310827136039734
140,1.8844478130340576,1e-07,1.2763504,1.8794914,1.3709455,0.022136667743325233,0.10715693235397339,0.017180249094963074,0.13107344508171082
141,1.8844223022460938,1e-07,1.276342,1.8794659,1.3709362,0.02213417924940586,0.1071496307849884,0.0171777606010437,0.13106395304203033
142,1.884397029876709,1e-07,1.2763338,1.8794407,1.370927,0.02213169075548649,0.10714229941368103,0.01717527210712433,0.13105446100234985
143,1.8843718767166138,1e-07,1.2763256,1.8794155,1.3709178,0.022129254415631294,0.1071351170539856,0.017172833904623985,0.1310451626777649
144,1.8843467235565186,1e-07,1.2763175,1.8793904,1.3709086,0.022126713767647743,0.1071276068687439,0.017170293256640434,0.1310354620218277
145,1.8843209743499756,1e-07,1.2763091,1.8793646,1.3708992,0.022124221548438072,0.10712029039859772,0.017167802900075912,0.13102596998214722
146,1.8842957019805908,1e-07,1.2763009,1.8793393,1.37089,0.022121762856841087,0.10711298882961273,0.017165344208478928,0.1310165822505951
147,1.8842707872390747,1e-07,1.2762928,1.8793144,1.3708808,0.0221193116158247,0.10710582137107849,0.01716289110481739,0.13100722432136536
148,1.8842451572418213,1e-07,1.2762846,1.8792888,1.3708715,0.022116852924227715,0.1070985496044159,0.017160434275865555,0.13099783658981323
149,1.8842192888259888,1e-07,1.2762761,1.8792629,1.3708621,0.022114332765340805,0.10709112882614136,0.017157915979623795,0.1309882253408432
150,1.8841948509216309,1e-07,1.2762681,1.8792385,1.3708532,0.022111862897872925,0.10708388686180115,0.017155444249510765,0.1309787929058075
151,1.884169578552246,1e-07,1.2762599,1.8792132,1.370844,0.02210937812924385,0.10707651078701019,0.01715296134352684,0.1309693157672882
152,1.8841439485549927,1e-07,1.2762516,1.8791876,1.3708346,0.022106893360614777,0.1070692241191864,0.017150476574897766,0.13095982372760773
153,1.884118676185608,1e-07,1.2762434,1.8791623,1.3708254,0.022104410454630852,0.10706193745136261,0.01714799553155899,0.13095036149024963
154,1.8840934038162231,1e-07,1.2762351,1.879137,1.3708162,0.02210198901593685,0.10705476999282837,0.01714557223021984,0.13094110786914825
155,1.884068489074707,1e-07,1.2762271,1.8791121,1.370807,0.0220994483679533,0.1070471704006195,0.01714303344488144,0.13093140721321106
156,1.8840432167053223,1e-07,1.2762188,1.8790869,1.3707979,0.022097019478678703,0.10704007744789124,0.017140602692961693,0.1309221237897873
157,1.8840174674987793,1e-07,1.2762104,1.8790611,1.3707885,0.022094545885920525,0.10703277587890625,0.017138129100203514,0.1309126764535904
158,1.8839917182922363,1e-07,1.2762021,1.8790354,1.3707792,0.022091982886195183,0.1070251613855362,0.01713556796312332,0.13090290129184723
159,1.8839665651321411,1e-07,1.276194,1.8790102,1.37077,0.0220895204693079,0.10701790452003479,0.017133105546236038,0.13089348375797272
160,1.883941650390625,1e-07,1.2761859,1.8789853,1.3707608,0.022087106481194496,0.10701070725917816,0.017130689695477486,0.13088425993919373
161,1.8839160203933716,1e-07,1.2761775,1.8789597,1.3707515,0.022084666416049004,0.10700349509716034,0.017128251492977142,0.13087494671344757
162,1.8838915824890137,1e-07,1.2761695,1.8789352,1.3707426,0.022082125768065453,0.10699599981307983,0.017125708982348442,0.13086523115634918
163,1.883865475654602,1e-07,1.2761611,1.8789091,1.370733,0.02207963727414608,0.10698865354061127,0.01712322048842907,0.1308557242155075
164,1.883840799331665,1e-07,1.276153,1.8788844,1.3707241,0.02207714132964611,0.10698133707046509,0.0171207245439291,0.13084618747234344
165,1.8838143348693848,1e-07,1.2761444,1.878858,1.3707144,0.022074682638049126,0.1069740504026413,0.017118267714977264,0.13083679974079132
166,1.8837900161743164,1e-07,1.2761365,1.8788337,1.3707055,0.02207217924296856,0.10696670413017273,0.01711576245725155,0.13082721829414368
167,1.883764386177063,1e-07,1.276128,1.878808,1.3706962,0.022069750353693962,0.10695946216583252,0.0171133354306221,0.1308179497718811
168,1.8837395906448364,1e-07,1.2761202,1.8787832,1.3706871,0.022067250683903694,0.10695210099220276,0.017110835760831833,0.13080839812755585
169,1.883714199066162,1e-07,1.2761118,1.8787578,1.3706778,0.022064728662371635,0.10694465041160583,0.017108313739299774,0.13079875707626343
170,1.8836889266967773,1e-07,1.2761036,1.8787326,1.3706686,0.02206229232251644,0.10693742334842682,0.01710587739944458,0.13078944385051727
171,1.8836636543273926,1e-07,1.2760954,1.8787073,1.3706595,0.022059844806790352,0.1069301962852478,0.01710342988371849,0.13078008592128754
172,1.8836379051208496,1e-07,1.276087,1.8786815,1.37065,0.02205737866461277,0.10692289471626282,0.01710096187889576,0.13077065348625183
173,1.883613109588623,1e-07,1.276079,1.8786567,1.370641,0.022054901346564293,0.10691553354263306,0.017098484560847282,0.13076117634773254
174,1.88358736038208,1e-07,1.2760706,1.878631,1.3706316,0.022052401676774025,0.10690818727016449,0.017095986753702164,0.1307516247034073
175,1.8835622072219849,1e-07,1.2760625,1.8786058,1.3706224,0.02204989828169346,0.10690081119537354,0.017093483358621597,0.13074204325675964
176,1.8835372924804688,1e-07,1.2760543,1.8785809,1.3706133,0.022047458216547966,0.10689352452754974,0.017091043293476105,0.1307327151298523
177,1.8835110664367676,1e-07,1.2760459,1.8785547,1.3706038,0.02204499952495098,0.10688623785972595,0.01708858273923397,0.13072331249713898
178,1.883486270904541,1e-07,1.2760377,1.8785299,1.3705947,0.02204248495399952,0.1068788468837738,0.01708606816828251,0.13071368634700775
179,1.8834609985351562,1e-07,1.2760296,1.8785046,1.3705856,0.022040048614144325,0.1068715900182724,0.017083633691072464,0.1307043731212616
180,1.8834359645843506,1e-07,1.2760214,1.8784796,1.3705764,0.022037571296095848,0.10686430335044861,0.017081156373023987,0.1306948959827423
181,1.8834099769592285,1e-07,1.2760129,1.8784536,1.3705668,0.022035079076886177,0.10685688257217407,0.017078662291169167,0.13068535923957825
182,1.883385419845581,1e-07,1.2760049,1.878429,1.3705579,0.02203255705535412,0.10684941709041595,0.017076142132282257,0.13067571818828583
183,1.8833600282669067,1e-07,1.2759967,1.8784037,1.3705487,0.022030165418982506,0.10684230923652649,0.017073750495910645,0.1306665688753128
184,1.8833353519439697,1e-07,1.2759887,1.878379,1.3705397,0.022027628496289253,0.10683485865592957,0.017071211710572243,0.13065685331821442
185,1.8833093643188477,1e-07,1.2759801,1.878353,1.3705302,0.02202519215643406,0.10682760179042816,0.01706877537071705,0.13064752519130707
186,1.8832842111587524,1e-07,1.2759721,1.8783278,1.3705211,0.022022714838385582,0.10682033002376556,0.01706629805266857,0.13063804805278778
187,1.88325834274292,1e-07,1.2759637,1.878302,1.3705115,0.02202019654214382,0.10681279003620148,0.01706378161907196,0.13062840700149536
188,1.8832335472106934,1e-07,1.2759556,1.8782772,1.3705025,0.02201777882874012,0.10680563747882843,0.01706136390566826,0.13061915338039398
189,1.8832074403762817,1e-07,1.275947,1.8782511,1.370493,0.022015267983078957,0.1067982167005539,0.017058851197361946,0.13060954213142395
190,1.8831831216812134,1e-07,1.2759391,1.8782268,1.3704841,0.022012775763869286,0.10679079592227936,0.017056358978152275,0.1305999904870987
191,1.8831572532653809,1e-07,1.2759308,1.8782009,1.3704747,0.022010354325175285,0.1067836731672287,0.017053937539458275,0.13059072196483612
192,1.883131742477417,1e-07,1.2759227,1.8781754,1.3704654,0.022007854655385017,0.10677623748779297,0.017051439732313156,0.13058115541934967
193,1.8831068277359009,1e-07,1.2759143,1.8781505,1.3704563,0.02200539968907833,0.10676896572113037,0.01704898476600647,0.13057176768779755
194,1.8830820322036743,1e-07,1.2759063,1.8781257,1.3704473,0.022002920508384705,0.106761634349823,0.017046507447957993,0.13056227564811707
195,1.8830558061599731,1e-07,1.2758976,1.8780994,1.3704377,0.022000480443239212,0.1067543774843216,0.0170440673828125,0.13055293262004852
196,1.8830311298370361,1e-07,1.2758898,1.8780748,1.3704287,0.021997986361384392,0.10674697160720825,0.01704157516360283,0.13054338097572327
197,1.8830065727233887,1e-07,1.2758818,1.8780502,1.3704197,0.021995509043335915,0.10673965513706207,0.017039095982909203,0.13053388893604279
198,1.8829809427261353,1e-07,1.2758733,1.8780246,1.3704103,0.021993085741996765,0.10673248767852783,0.017036672681570053,0.13052460551261902
199,1.8829550743103027,1e-07,1.275865,1.8779987,1.3704009,0.02199060097336769,0.10672512650489807,0.01703418791294098,0.13051508367061615
200,1.8829302787780762,1e-07,1.275857,1.8779739,1.3703918,0.021988075226545334,0.1067175567150116,0.017031662166118622,0.13050541281700134
201,1.8829047679901123,1e-07,1.2758487,1.8779484,1.3703825,0.021985631436109543,0.10671031475067139,0.01702921837568283,0.1304960399866104
202,1.8828790187835693,1e-07,1.2758404,1.8779227,1.3703731,0.02198319509625435,0.10670305788516998,0.017026782035827637,0.13048671185970306
203,1.8828542232513428,1e-07,1.2758322,1.8778979,1.3703642,0.02198072522878647,0.1066957414150238,0.017024312168359756,0.13047724962234497
204,1.882829189300537,1e-07,1.2758241,1.8778728,1.370355,0.021978262811899185,0.10668843984603882,0.017021849751472473,0.13046781718730927
205,1.8828036785125732,1e-07,1.2758158,1.8778473,1.3703457,0.02197582647204399,0.10668119788169861,0.01701941154897213,0.13045847415924072
206,1.8827776908874512,1e-07,1.2758073,1.8778213,1.3703362,0.02197331190109253,0.10667374730110168,0.017016898840665817,0.1304488331079483
207,1.882752537727356,1e-07,1.2757993,1.8777962,1.370327,0.021970849484205246,0.10666638612747192,0.017014436423778534,0.1304394006729126
208,1.8827271461486816,1e-07,1.2757908,1.8777708,1.3703178,0.02196837216615677,0.10665909945964813,0.017011959105730057,0.13042989373207092
209,1.882702112197876,1e-07,1.2757828,1.8777457,1.3703086,0.021965956315398216,0.10665187239646912,0.017009545117616653,0.13042064011096954
210,1.8826777935028076,1e-07,1.2757748,1.8777214,1.3702998,0.02196345664560795,0.10664452612400055,0.017007043585181236,0.1304110586643219
211,1.8826518058776855,1e-07,1.2757663,1.8776954,1.3702903,0.02196100912988186,0.10663719475269318,0.017004596069455147,0.13040167093276978
212,1.882627010345459,1e-07,1.2757584,1.8776706,1.3702812,0.021958505734801292,0.10662972927093506,0.01700209453701973,0.13039207458496094
213,1.882601261138916,1e-07,1.27575,1.8776449,1.3702718,0.021956047043204308,0.10662239789962769,0.016999635845422745,0.13038265705108643
214,1.8825762271881104,1e-07,1.2757418,1.8776199,1.3702627,0.02195354364812374,0.1066151112318039,0.01699713058769703,0.1303730458021164
215,1.882550835609436,1e-07,1.2757336,1.8775945,1.3702534,0.021951155737042427,0.10660789906978607,0.016994744539260864,0.13036389648914337
216,1.8825260400772095,1e-07,1.2757255,1.8775697,1.3702444,0.02194863185286522,0.10660052299499512,0.016992218792438507,0.13035421073436737
217,1.8824998140335083,1e-07,1.2757169,1.8775434,1.3702348,0.02194620668888092,0.10659317672252655,0.01698979176580906,0.13034489750862122
218,1.8824751377105713,1e-07,1.275709,1.8775188,1.3702258,0.02194371074438095,0.10658572614192963,0.01698729582130909,0.13033531606197357
219,1.8824498653411865,1e-07,1.2757007,1.8774935,1.3702166,0.0219412874430418,0.10657854378223419,0.01698487438261509,0.1303260326385498
220,1.8824244737625122,1e-07,1.2756926,1.8774681,1.3702073,0.021938810124993324,0.10657130181789398,0.01698239892721176,0.13031654059886932
221,1.882399082183838,1e-07,1.2756841,1.8774427,1.370198,0.021936295554041862,0.10656367242336273,0.01697988249361515,0.1303068846464157
222,1.8823742866516113,1e-07,1.2756761,1.8774179,1.370189,0.021933874115347862,0.1065564900636673,0.0169774629175663,0.13029758632183075
223,1.8823491334915161,1e-07,1.2756679,1.8773928,1.3701798,0.02193141169846058,0.10654911398887634,0.016975000500679016,0.13028813898563385
224,1.8823233842849731,1e-07,1.2756596,1.877367,1.3701705,0.0219289381057024,0.10654187202453613,0.016972526907920837,0.13027864694595337
225,1.8822976350784302,1e-07,1.2756512,1.8773413,1.370161,0.02192647196352482,0.10653454065322876,0.016970060765743256,0.13026918470859528
226,1.8822723627090454,1e-07,1.2756429,1.877316,1.3701518,0.021924016997218132,0.10652723908424377,0.01696760579943657,0.13025976717472076
227,1.882248044013977,1e-07,1.2756351,1.8772917,1.3701429,0.02192155458033085,0.10651981830596924,0.016965143382549286,0.13025030493736267
228,1.8822216987609863,1e-07,1.2756265,1.8772653,1.3701333,0.021919162943959236,0.10651272535324097,0.016962749883532524,0.13024112582206726
229,1.8821965456008911,1e-07,1.2756184,1.8772402,1.3701241,0.02191668190062046,0.1065053790807724,0.016960270702838898,0.1302316039800644
230,1.882171392440796,1e-07,1.2756103,1.877215,1.3701149,0.021914245560765266,0.10649807751178741,0.016957834362983704,0.13022224605083466
231,1.8821464776992798,1e-07,1.2756021,1.8771901,1.3701059,0.02191171608865261,0.10649052262306213,0.0169553030282259,0.13021253049373627
232,1.8821203708648682,1e-07,1.2755936,1.877164,1.3700963,0.02190922386944294,0.10648314654827118,0.016952812671661377,0.13020296394824982
233,1.882095456123352,1e-07,1.2755854,1.8771391,1.3700873,0.021906832233071327,0.10647600889205933,0.016950421035289764,0.1301937848329544
234,1.882070541381836,1e-07,1.2755774,1.8771142,1.3700782,0.021904313936829567,0.10646846890449524,0.016947902739048004,0.1301841139793396
235,1.8820445537567139,1e-07,1.275569,1.8770882,1.3700687,0.021901888772845268,0.106461301445961,0.016945477575063705,0.13017480075359344
236,1.8820199966430664,1e-07,1.2755609,1.8770636,1.3700597,0.021899400278925896,0.10645386576652527,0.016942989081144333,0.130165234208107
237,1.8819944858551025,1e-07,1.2755526,1.8770381,1.3700504,0.021896975114941597,0.10644668340682983,0.016940563917160034,0.13015592098236084
238,1.881969928741455,1e-07,1.2755446,1.8770136,1.3700415,0.021894482895731926,0.10643923282623291,0.016938069835305214,0.1301463395357132
239,1.881943941116333,1e-07,1.2755362,1.8769876,1.370032,0.021892059594392776,0.10643202066421509,0.016935650259256363,0.13013704121112823
240,1.8819184303283691,1e-07,1.275528,1.8769621,1.3700227,0.021889563649892807,0.10642461478710175,0.016933154314756393,0.1301274597644806
241,1.8818937540054321,1e-07,1.2755198,1.8769374,1.3700136,0.021887116134166718,0.10641732811927795,0.016930706799030304,0.13011804223060608
242,1.8818676471710205,1e-07,1.2755113,1.8769113,1.3700042,0.021884743124246597,0.10641017556190491,0.016928333789110184,0.13010893762111664
243,1.8818421363830566,1e-07,1.275503,1.8768858,1.3699948,0.021882254630327225,0.10640278458595276,0.016925843432545662,0.130099356174469
244,1.88181734085083,1e-07,1.2754952,1.876861,1.3699857,0.021879754960536957,0.10639527440071106,0.016923343762755394,0.13008975982666016
245,1.881791591644287,1e-07,1.2754866,1.8768352,1.3699764,0.021877285093069077,0.10638794302940369,0.016920875757932663,0.13008026778697968
246,1.8817663192749023,1e-07,1.2754784,1.87681,1.3699671,0.02187485247850418,0.10638068616390228,0.016918443143367767,0.13007090985774994
247,1.8817412853240967,1e-07,1.2754703,1.8767849,1.369958,0.021872416138648987,0.10637339949607849,0.016916006803512573,0.1300615519285202
248,1.8817158937454224,1e-07,1.275462,1.8767595,1.3699487,0.0218699611723423,0.1063661277294159,0.016913549974560738,0.1300521045923233
249,1.8816914558410645,1e-07,1.275454,1.8767351,1.3699398,0.021867480129003525,0.10635869204998016,0.01691107079386711,0.13004256784915924
250,1.8816657066345215,1e-07,1.2754457,1.8767093,1.3699304,0.021865028887987137,0.10635143518447876,0.016908619552850723,0.13003315031528473
251,1.8816395998001099,1e-07,1.2754372,1.8766832,1.3699208,0.02186257392168045,0.10634410381317139,0.016906164586544037,0.13002370297908783
252,1.881615400314331,1e-07,1.2754292,1.876659,1.369912,0.021860092878341675,0.10633660852909088,0.016903681680560112,0.13001416623592377
253,1.8815890550613403,1e-07,1.2754208,1.8766327,1.3699025,0.021857675164937973,0.10632941126823425,0.01690126396715641,0.1300048679113388
254,1.8815646171569824,1e-07,1.2754127,1.8766083,1.3698936,0.021855197846889496,0.10632197558879852,0.016898788511753082,0.12999534606933594
255,1.8815386295318604,1e-07,1.2754043,1.8765823,1.369884,0.021852776408195496,0.10631482303142548,0.016896367073059082,0.12998603284358978
256,1.8815138339996338,1e-07,1.2753962,1.8765575,1.369875,0.021850302815437317,0.10630732774734497,0.016893891617655754,0.12997651100158691
257,1.8814876079559326,1e-07,1.2753878,1.8765312,1.3698654,0.02184785157442093,0.10630013048648834,0.016891440376639366,0.1299670785665512
258,1.8814635276794434,1e-07,1.2753798,1.8765072,1.3698566,0.021845389157533646,0.10629275441169739,0.016888979822397232,0.12995760142803192
259,1.8814380168914795,1e-07,1.2753717,1.8764817,1.3698473,0.02184293605387211,0.10628536343574524,0.016886526718735695,0.12994816899299622
260,1.881412148475647,1e-07,1.2753631,1.8764558,1.3698379,0.021840497851371765,0.10627804696559906,0.01688408851623535,0.1299387812614441
261,1.8813881874084473,1e-07,1.2753553,1.8764318,1.3698292,0.021838046610355377,0.10627083480358124,0.016881637275218964,0.1299293488264084
262,1.8813620805740356,1e-07,1.2753469,1.8764057,1.3698196,0.021835647523403168,0.10626359283924103,0.016879238188266754,0.1299201250076294
263,1.881337285041809,1e-07,1.2753389,1.8763809,1.3698106,0.021833140403032303,0.10625621676445007,0.01687672920525074,0.12991046905517578
264,1.8813116550445557,1e-07,1.2753307,1.8763553,1.3698012,0.021830711513757706,0.10624893009662628,0.016874302178621292,0.12990112602710724
265,1.8812861442565918,1e-07,1.2753222,1.8763298,1.3697919,0.021828245371580124,0.10624152421951294,0.01687183603644371,0.12989163398742676
266,1.881260633468628,1e-07,1.275314,1.8763043,1.3697826,0.021825827658176422,0.10623428225517273,0.01686941646039486,0.1298823207616806
267,1.8812353610992432,1e-07,1.2753057,1.876279,1.3697734,0.021823326125741005,0.10622681677341461,0.01686691679060459,0.12987269461154938
268,1.881210446357727,1e-07,1.2752975,1.8762541,1.3697642,0.021820878610014915,0.10621948540210724,0.01686447113752365,0.12986327707767487
269,1.8811851739883423,1e-07,1.2752894,1.8762288,1.369755,0.02181844599545002,0.10621228814125061,0.016862038522958755,0.12985391914844513
270,1.8811599016189575,1e-07,1.2752811,1.8762035,1.3697459,0.02181599661707878,0.10620494186878204,0.016859587281942368,0.12984447181224823
271,1.881135106086731,1e-07,1.275273,1.8761787,1.3697368,0.021813565865159035,0.10619758069515228,0.01685715839266777,0.1298351138830185
272,1.8811092376708984,1e-07,1.2752646,1.8761529,1.3697273,0.021811144426465034,0.10619038343429565,0.01685473509132862,0.12982578575611115
273,1.8810839653015137,1e-07,1.2752564,1.8761276,1.3697181,0.021808678284287453,0.1061829924583435,0.01685227081179619,0.12981629371643066
274,1.8810584545135498,1e-07,1.2752482,1.8761021,1.3697088,0.02180616743862629,0.10617545247077942,0.016849759966135025,0.12980662286281586
275,1.881034016609192,1e-07,1.2752402,1.8760777,1.3696998,0.0218037236481905,0.10616816580295563,0.016847314313054085,0.12979720532894135
276,1.8810079097747803,1e-07,1.2752317,1.8760515,1.3696903,0.02180134318768978,0.10616099834442139,0.016844933852553368,0.12978804111480713
277,1.8809826374053955,1e-07,1.2752235,1.8760263,1.3696811,0.021798865869641304,0.10615363717079163,0.01684245839715004,0.12977850437164307
278,1.880958080291748,1e-07,1.2752154,1.8760017,1.3696722,0.021796399727463722,0.1061461865901947,0.01683999039232731,0.1297689825296402
279,1.8809325695037842,1e-07,1.2752072,1.8759762,1.3696628,0.021793974563479424,0.10613895952701569,0.01683756709098816,0.12975965440273285
280,1.8809071779251099,1e-07,1.2751989,1.8759508,1.3696536,0.02179148606956005,0.10613153874874115,0.016835076734423637,0.129750058054924
281,1.8808820247650146,1e-07,1.2751908,1.8759257,1.3696444,0.02178909443318844,0.10612429678440094,0.016832685098052025,0.12974083423614502
282,1.8808561563491821,1e-07,1.2751824,1.8758998,1.3696349,0.021786583587527275,0.10611681640148163,0.01683017611503601,0.1297311633825302
283,1.880831241607666,1e-07,1.2751743,1.8758749,1.3696258,0.02178414724767208,0.10610951483249664,0.016827739775180817,0.1297217756509781
284,1.8808057308197021,1e-07,1.2751659,1.8758494,1.3696165,0.02178170718252659,0.10610218346118927,0.016825297847390175,0.12971237301826477
285,1.880780816078186,1e-07,1.2751578,1.8758245,1.3696074,0.021779295057058334,0.10609489679336548,0.01682288758456707,0.1297030746936798
286,1.8807551860809326,1e-07,1.2751495,1.8757988,1.369598,0.021776806563138962,0.1060875803232193,0.016820400953292847,0.12969349324703217
287,1.880730390548706,1e-07,1.2751414,1.875774,1.369589,0.02177436277270317,0.10608017444610596,0.016817957162857056,0.12968406081199646
288,1.8807051181793213,1e-07,1.2751331,1.8757488,1.3695798,0.021771952509880066,0.10607296228408813,0.01681554690003395,0.1296747773885727
289,1.8806796073913574,1e-07,1.2751248,1.8757232,1.3695705,0.021769527345895767,0.10606570541858673,0.016813121736049652,0.12966541945934296
290,1.8806544542312622,1e-07,1.2751167,1.8756981,1.3695613,0.021767068654298782,0.1060582846403122,0.016810663044452667,0.12965594232082367
291,1.8806287050247192,1e-07,1.2751082,1.8756723,1.3695519,0.021764636039733887,0.1060510128736496,0.01680823042988777,0.12964655458927155
292,1.8806042671203613,1e-07,1.2751004,1.8756479,1.369543,0.0217621810734272,0.10604357719421387,0.016805773600935936,0.12963707745075226
293,1.8805787563323975,1e-07,1.2750921,1.8756224,1.3695337,0.021759726107120514,0.10603629052639008,0.0168033204972744,0.12962761521339417
294,1.8805533647537231,1e-07,1.2750837,1.875597,1.3695244,0.02175734005868435,0.10602916777133942,0.016800936311483383,0.12961842119693756
295,1.8805279731750488,1e-07,1.2750756,1.8755716,1.3695151,0.021754808723926544,0.10602152347564697,0.01679840311408043,0.1296086609363556
296,1.8805023431777954,1e-07,1.2750672,1.875546,1.3695058,0.02175239473581314,0.10601429641246796,0.016795989125967026,0.12959934771060944
297,1.8804774284362793,1e-07,1.2750591,1.8755211,1.3694967,0.02174997702240944,0.10600706934928894,0.016793571412563324,0.1295900195837021
298,1.8804516792297363,1e-07,1.2750508,1.8754953,1.3694873,0.021747559309005737,0.10599979758262634,0.016791151836514473,0.12958067655563354
299,1.880427360534668,1e-07,1.2750427,1.875471,1.3694783,0.02174505591392517,0.10599234700202942,0.016788648441433907,0.12957102060317993
300,1.880401372909546,1e-07,1.2750343,1.875445,1.3694689,0.02174261212348938,0.10598498582839966,0.016786204650998116,0.12956158816814423
301,1.8803759813308716,1e-07,1.2750262,1.8754196,1.3694596,0.02174018695950508,0.10597759485244751,0.016783781349658966,0.1295522302389145
302,1.8803502321243286,1e-07,1.2750177,1.8753939,1.3694502,0.02173776738345623,0.10597045719623566,0.016781361773610115,0.12954290211200714
303,1.8803249597549438,1e-07,1.2750095,1.8753686,1.369441,0.021735331043601036,0.10596312582492828,0.01677892543375492,0.12953348457813263
304,1.8803012371063232,1e-07,1.2750019,1.8753449,1.3694323,0.021732885390520096,0.10595574975013733,0.01677647791802883,0.12952403724193573
305,1.8802753686904907,1e-07,1.2749933,1.875319,1.3694229,0.021730486303567886,0.1059485375881195,0.016774078831076622,0.12951478362083435
306,1.8802495002746582,1e-07,1.274985,1.8752931,1.3694134,0.02172796055674553,0.10594096779823303,0.016771554946899414,0.12950503826141357
307,1.8802248239517212,1e-07,1.2749768,1.8752685,1.3694044,0.02172555774450302,0.10593372583389282,0.016769152134656906,0.1294957548379898
308,1.8801990747451782,1e-07,1.2749685,1.8752427,1.369395,0.021723104640841484,0.10592640936374664,0.016766700893640518,0.1294862926006317
309,1.8801732063293457,1e-07,1.2749602,1.8752168,1.3693856,0.02172067202627659,0.10591907799243927,0.016764266416430473,0.1294768899679184
310,1.880149006843567,1e-07,1.2749523,1.8751926,1.3693768,0.021718239411711693,0.1059117317199707,0.016761835664510727,0.12946750223636627
311,1.880123257637024,1e-07,1.2749438,1.8751669,1.3693674,0.021715817973017693,0.1059044599533081,0.016759414225816727,0.12945815920829773
312,1.8800981044769287,1e-07,1.2749356,1.8751417,1.3693582,0.02171332575380802,0.1058969497680664,0.016756922006607056,0.1294485330581665
313,1.8800735473632812,1e-07,1.2749275,1.8751172,1.3693492,0.0217109527438879,0.10588979721069336,0.016754548996686935,0.1294393688440323
314,1.88004732131958,1e-07,1.2749192,1.875091,1.3693396,0.021708501502871513,0.1058824360370636,0.016752095893025398,0.129429891705513
315,1.8800221681594849,1e-07,1.2749109,1.8750658,1.3693304,0.021706046536564827,0.10587511956691742,0.01674964278936386,0.1294204145669937
316,1.8799973726272583,1e-07,1.2749028,1.875041,1.3693213,0.021703628823161125,0.10586787760257721,0.01674722321331501,0.12941105663776398
317,1.879971981048584,1e-07,1.2748946,1.8750156,1.369312,0.021701142191886902,0.10586030781269073,0.016744736582040787,0.12940146028995514
318,1.879946231842041,1e-07,1.2748863,1.8749899,1.3693027,0.021698692813515663,0.10585299134254456,0.016742287203669548,0.12939198315143585
319,1.8799216747283936,1e-07,1.2748781,1.8749653,1.3692937,0.021696310490369797,0.10584579408168793,0.01673990488052368,0.12938278913497925
320,1.8798956871032715,1e-07,1.2748698,1.8749393,1.3692843,0.021693874150514603,0.10583847761154175,0.016737468540668488,0.12937337160110474
321,1.879870891571045,1e-07,1.2748617,1.8749145,1.3692752,0.021691463887691498,0.10583119094371796,0.016735058277845383,0.12936405837535858
322,1.879845142364502,1e-07,1.2748533,1.8748888,1.3692658,0.021688997745513916,0.10582377016544342,0.01673259027302265,0.12935450673103333
323,1.8798203468322754,1e-07,1.2748452,1.874864,1.3692567,0.021686578169465065,0.10581646859645844,0.0167301744222641,0.12934517860412598
324,1.8797942399978638,1e-07,1.2748367,1.8748379,1.3692472,0.021684138104319572,0.10580915212631226,0.016727734357118607,0.12933574616909027
325,1.8797694444656372,1e-07,1.2748288,1.8748131,1.3692381,0.02168167196214199,0.10580173134803772,0.016725268214941025,0.1293262094259262
326,1.8797441720962524,1e-07,1.2748204,1.8747878,1.369229,0.021679239347577095,0.10579441487789154,0.01672283560037613,0.1293168067932129
327,1.8797188997268677,1e-07,1.2748122,1.8747625,1.3692197,0.021676821634173393,0.10578714311122894,0.016720417886972427,0.12930744886398315
328,1.879692792892456,1e-07,1.2748038,1.8747364,1.3692101,0.021674418821930885,0.10577988624572754,0.01671801321208477,0.1292981505393982
329,1.8796683549880981,1e-07,1.2747959,1.874712,1.3692012,0.021671956405043602,0.105772465467453,0.016715552657842636,0.12928864359855652
330,1.879643440246582,1e-07,1.2747877,1.8746871,1.3691921,0.02166951820254326,0.10576517879962921,0.016713116317987442,0.1292792111635208
331,1.8796178102493286,1e-07,1.2747792,1.8746614,1.3691828,0.02166709303855896,0.10575789213180542,0.016710691154003143,0.12926983833312988
332,1.8795926570892334,1e-07,1.2747712,1.8746363,1.3691735,0.02166464552283287,0.1057504415512085,0.016708243638277054,0.1292603760957718
333,1.8795669078826904,1e-07,1.2747627,1.8746105,1.3691642,0.021662242710590363,0.10574321448802948,0.016705840826034546,0.12925107777118683
334,1.8795419931411743,1e-07,1.2747546,1.8745856,1.369155,0.021659791469573975,0.10573577880859375,0.016703389585018158,0.12924160063266754
335,1.8795170783996582,1e-07,1.2747465,1.8745607,1.369146,0.021657384932041168,0.10572850704193115,0.01670098304748535,0.1292322874069214
336,1.879490852355957,1e-07,1.274738,1.8745345,1.3691365,0.021654900163412094,0.10572123527526855,0.016698496416211128,0.12922266125679016
337,1.8794665336608887,1e-07,1.2747301,1.8745102,1.3691275,0.021652493625879288,0.10571376979351044,0.01669609174132347,0.1292133629322052
338,1.8794410228729248,1e-07,1.2747217,1.8744847,1.3691182,0.021650105714797974,0.10570657253265381,0.016693701967597008,0.12920410931110382
339,1.8794156312942505,1e-07,1.2747135,1.8744593,1.3691089,0.021647579967975616,0.10569906234741211,0.01669117622077465,0.12919433414936066
340,1.8793902397155762,1e-07,1.2747053,1.8744339,1.3690996,0.02164522558450699,0.10569192469120026,0.016688823699951172,0.12918522953987122
341,1.8793644905090332,1e-07,1.274697,1.8744081,1.3690902,0.021642807871103287,0.1056845486164093,0.01668640598654747,0.12917587161064148
342,1.8793392181396484,1e-07,1.2746886,1.8743829,1.369081,0.021640341728925705,0.10567718744277954,0.01668393798172474,0.12916631996631622
343,1.8793141841888428,1e-07,1.2746804,1.8743578,1.3690718,0.021637901663780212,0.10566987097263336,0.016681499779224396,0.12915688753128052
344,1.8792883157730103,1e-07,1.274672,1.874332,1.3690624,0.021635476499795914,0.10566245019435883,0.016679074615240097,0.1291474848985672
345,1.879263997077942,1e-07,1.2746642,1.8743076,1.3690536,0.02163303643465042,0.10565510392189026,0.016676632687449455,0.1291380375623703
346,1.8792386054992676,1e-07,1.2746559,1.8742822,1.3690443,0.021630648523569107,0.10564792156219482,0.01667424663901329,0.12912879884243011
347,1.8792130947113037,1e-07,1.2746476,1.8742567,1.369035,0.02162817493081093,0.10564051568508148,0.01667177304625511,0.12911921739578247
348,1.879188060760498,1e-07,1.2746394,1.8742317,1.3690258,0.021625742316246033,0.10563309490680695,0.016669340431690216,0.12910979986190796
349,1.8791629076004028,1e-07,1.2746313,1.8742065,1.3690166,0.021623369306325912,0.10562598705291748,0.016666967421770096,0.12910060584545135
350,1.8791375160217285,1e-07,1.274623,1.8741812,1.3690073,0.021620888262987137,0.1056184321641922,0.01666448451578617,0.12909099459648132
351,1.8791120052337646,1e-07,1.2746147,1.8741556,1.368998,0.021618518978357315,0.10561132431030273,0.0166621170938015,0.1290818303823471
352,1.879086971282959,1e-07,1.2746065,1.8741306,1.3689889,0.021616056561470032,0.10560387372970581,0.016659652814269066,0.12907227873802185
353,1.8790621757507324,1e-07,1.2745985,1.8741058,1.3689798,0.02161364257335663,0.10559657216072083,0.016657238826155663,0.12906292080879211
354,1.8790366649627686,1e-07,1.2745901,1.8740803,1.3689705,0.02161119133234024,0.10558924078941345,0.016654789447784424,0.12905344367027283
355,1.8790099620819092,1e-07,1.2745816,1.8740536,1.3689607,0.021608810871839523,0.1055818498134613,0.016652408987283707,0.12904421985149384
356,1.8789864778518677,1e-07,1.2745738,1.8740301,1.3689522,0.021606411784887314,0.10557469725608826,0.016650008037686348,0.12903490662574768
357,1.878960371017456,1e-07,1.2745653,1.874004,1.3689426,0.02160397171974182,0.10556736588478088,0.016647567972540855,0.12902545928955078
358,1.8789350986480713,1e-07,1.274557,1.8739787,1.3689334,0.021601524204015732,0.10555997490882874,0.016645122319459915,0.1290159821510315
359,1.8789101839065552,1e-07,1.274549,1.8739538,1.3689244,0.021599121391773224,0.10555270314216614,0.016642717644572258,0.12900665402412415
360,1.8788849115371704,1e-07,1.2745408,1.8739285,1.3689151,0.021596688777208328,0.10554535686969757,0.016640285030007362,0.12899722158908844
361,1.878859281539917,1e-07,1.2745324,1.8739029,1.3689058,0.02159421145915985,0.1055377870798111,0.016637807711958885,0.1289876252412796
362,1.8788344860076904,1e-07,1.2745243,1.8738781,1.3688967,0.021591857075691223,0.10553070902824402,0.016635455191135406,0.12897850573062897
363,1.8788087368011475,1e-07,1.274516,1.8738524,1.3688873,0.02158939093351364,0.1055232584476471,0.016632989048957825,0.12896893918514252
364,1.878783941268921,1e-07,1.2745079,1.8738276,1.3688782,0.021586988121271133,0.10551594197750092,0.016630586236715317,0.12895962595939636
365,1.8787586688995361,1e-07,1.2744997,1.8738023,1.368869,0.021584533154964447,0.10550859570503235,0.01662812940776348,0.1289501041173935
366,1.87873375415802,1e-07,1.2744915,1.8737774,1.3688599,0.021582145243883133,0.10550135374069214,0.016625741496682167,0.12894085049629211
367,1.8787081241607666,1e-07,1.2744832,1.8737518,1.3688505,0.021579686552286148,0.1054939329624176,0.01662328466773033,0.12893131375312805
368,1.8786826133728027,1e-07,1.2744749,1.8737262,1.3688412,0.02157728746533394,0.10548661649227142,0.016620883718132973,0.1289220005273819
369,1.878657341003418,1e-07,1.2744666,1.873701,1.368832,0.021574880927801132,0.10547934472560883,0.016618479043245316,0.12891268730163574
370,1.8786317110061646,1e-07,1.2744583,1.8736753,1.3688226,0.021572444587945938,0.10547198355197906,0.016616040840744972,0.12890322506427765
371,1.8786065578460693,1e-07,1.2744502,1.8736502,1.3688134,0.02156998962163925,0.10546457767486572,0.016613585874438286,0.12889370322227478
372,1.8785815238952637,1e-07,1.2744418,1.8736252,1.3688043,0.02156756818294525,0.10545723140239716,0.016611166298389435,0.12888431549072266
373,1.8785560131072998,1e-07,1.2744336,1.8735996,1.3687949,0.021565169095993042,0.10545000433921814,0.016608767211437225,0.1288750022649765
374,1.8785312175750732,1e-07,1.2744256,1.8735749,1.3687859,0.021562736481428146,0.10544252395629883,0.01660633459687233,0.1288655698299408
375,1.8785054683685303,1e-07,1.2744173,1.8735491,1.3687764,0.021560344845056534,0.10543540120124817,0.016603941097855568,0.12885628640651703
376,1.8784805536270142,1e-07,1.2744092,1.8735242,1.3687674,0.02155790477991104,0.10542798042297363,0.016601506620645523,0.12884683907032013
377,1.8784546852111816,1e-07,1.2744006,1.8734983,1.368758,0.02155546471476555,0.1054205596446991,0.01659906655550003,0.12883736193180084
378,1.8784301280975342,1e-07,1.2743926,1.8734738,1.368749,0.02155306749045849,0.10541322827339172,0.016596665605902672,0.1288280487060547
379,1.8784047365188599,1e-07,1.2743845,1.8734484,1.3687397,0.021550646051764488,0.10540591180324554,0.01659424602985382,0.12881866097450256
380,1.8783795833587646,1e-07,1.2743763,1.8734232,1.3687305,0.021548165008425713,0.10539844632148743,0.016591763123869896,0.12880901992321014
381,1.8783540725708008,1e-07,1.2743678,1.8733977,1.3687212,0.021545814350247383,0.10539138317108154,0.016589414328336716,0.1287999004125595
382,1.878328800201416,1e-07,1.2743597,1.8733724,1.368712,0.021543441340327263,0.10538411140441895,0.016587039455771446,0.12879067659378052
383,1.8783032894134521,1e-07,1.2743515,1.8733469,1.3687027,0.02154102362692356,0.10537675023078918,0.016584623605012894,0.1287813037633896
384,1.8782782554626465,1e-07,1.2743434,1.8733219,1.3686935,0.02153857611119747,0.10536940395832062,0.016582176089286804,0.1287717968225479
385,1.8782531023025513,1e-07,1.274335,1.8732967,1.3686843,0.02153613418340683,0.10536196827888489,0.016579734161496162,0.12876231968402863
386,1.878227949142456,1e-07,1.2743269,1.8732716,1.3686751,0.02153375744819641,0.10535481572151184,0.016577359288930893,0.12875309586524963
387,1.8782025575637817,1e-07,1.2743186,1.8732462,1.3686658,0.021531324833631516,0.1053473949432373,0.016574924811720848,0.12874363362789154
388,1.878177285194397,1e-07,1.2743102,1.8732209,1.3686566,0.021528899669647217,0.10534000396728516,0.01657249964773655,0.12873421609401703
389,1.8781518936157227,1e-07,1.274302,1.8731955,1.3686473,0.021526437252759933,0.10533261299133301,0.016570039093494415,0.12872466444969177
390,1.8781272172927856,1e-07,1.274294,1.8731709,1.3686383,0.021524082869291306,0.10532552003860474,0.016567682847380638,0.12871551513671875
391,1.878101110458374,1e-07,1.2742857,1.8731447,1.3686287,0.02152164652943611,0.10531802475452423,0.016565246507525444,0.12870605289936066
392,1.878075361251831,1e-07,1.2742772,1.873119,1.3686193,0.021519217640161514,0.10531072318553925,0.016562817618250847,0.12869660556316376
393,1.8780505657196045,1e-07,1.2742691,1.8730942,1.3686103,0.021516848355531693,0.10530354082584381,0.016560450196266174,0.12868741154670715
394,1.8780252933502197,1e-07,1.2742609,1.8730689,1.3686011,0.021514397114515305,0.1052960604429245,0.016557998955249786,0.12867788970470428
395,1.878000259399414,1e-07,1.2742527,1.8730439,1.3685919,0.02151198498904705,0.10528869926929474,0.016555584967136383,0.12866850197315216
396,1.8779752254486084,1e-07,1.2742447,1.8730189,1.3685828,0.021509578451514244,0.10528144240379333,0.016553176566958427,0.12865914404392242
397,1.8779501914978027,1e-07,1.2742364,1.8729938,1.3685737,0.021507199853658676,0.10527423024177551,0.01655079983174801,0.12864990532398224
398,1.8779244422912598,1e-07,1.274228,1.8729681,1.3685642,0.02150474488735199,0.10526672005653381,0.01654834672808647,0.12864038348197937
399,1.8778992891311646,1e-07,1.2742199,1.8729429,1.3685551,0.02150232344865799,0.10525944828987122,0.016545923426747322,0.12863095104694366
400,1.8778743743896484,1e-07,1.2742118,1.872918,1.3685459,0.021499965339899063,0.10525226593017578,0.016543567180633545,0.12862180173397064
401,1.8778488636016846,1e-07,1.2742034,1.8728925,1.3685366,0.021497506648302078,0.1052447259426117,0.01654110662639141,0.1286122351884842
402,1.8778231143951416,1e-07,1.2741951,1.8728667,1.3685272,0.02149512991309166,0.10523754358291626,0.016538729891180992,0.128602996468544
403,1.8777978420257568,1e-07,1.2741867,1.8728415,1.368518,0.02149268612265587,0.10523010790348053,0.01653628796339035,0.12859350442886353
404,1.8777728080749512,1e-07,1.2741786,1.8728164,1.3685088,0.02149028331041336,0.10522282123565674,0.016533883288502693,0.1285841464996338
405,1.8777480125427246,1e-07,1.2741705,1.8727916,1.3684998,0.021487880498170853,0.10521543025970459,0.016531482338905334,0.12857481837272644
406,1.877723217010498,1e-07,1.2741624,1.8727669,1.3684907,0.021485451608896255,0.10520815849304199,0.016529051586985588,0.12856535613536835
407,1.8776971101760864,1e-07,1.2741541,1.8727407,1.3684812,0.02148302271962166,0.10520075261592865,0.01652662456035614,0.12855592370033264
408,1.877671718597412,1e-07,1.2741457,1.8727154,1.3684719,0.021480657160282135,0.10519355535507202,0.016524257138371468,0.12854671478271484
409,1.8776462078094482,1e-07,1.2741374,1.8726898,1.3684626,0.02147822454571724,0.10518613457679749,0.01652182638645172,0.12853725254535675
410,1.8776211738586426,1e-07,1.2741292,1.8726648,1.3684534,0.02147582545876503,0.10517889261245728,0.01651942729949951,0.1285279244184494
411,1.877596139907837,1e-07,1.2741212,1.8726398,1.3684443,0.021473396569490433,0.10517154633998871,0.016516996547579765,0.1285184621810913
412,1.8775712251663208,1e-07,1.274113,1.8726149,1.3684351,0.02147096022963524,0.10516409575939178,0.01651456207036972,0.12850899994373322
413,1.8775453567504883,1e-07,1.2741046,1.872589,1.3684257,0.02146860584616661,0.10515689849853516,0.016512207686901093,0.128499835729599
414,1.8775197267532349,1e-07,1.2740963,1.8725634,1.3684164,0.02146623283624649,0.10514964163303375,0.016509834676980972,0.1284905970096588
415,1.8774945735931396,1e-07,1.2740879,1.8725382,1.3684071,0.021463781595230103,0.10514223575592041,0.016507383435964584,0.12848106026649475
416,1.8774696588516235,1e-07,1.2740799,1.8725133,1.3683981,0.021461401134729385,0.10513493418693542,0.016505001112818718,0.12847179174423218
417,1.8774440288543701,1e-07,1.2740716,1.8724877,1.3683887,0.02145896479487419,0.10512757301330566,0.016502566635608673,0.1284623146057129
418,1.8774192333221436,1e-07,1.2740635,1.8724629,1.3683796,0.021456554532051086,0.10512019693851471,0.016500156372785568,0.12845294177532196
419,1.8773943185806274,1e-07,1.2740554,1.872438,1.3683705,0.02145414799451828,0.10511288046836853,0.016497749835252762,0.12844356894493103
420,1.8773685693740845,1e-07,1.274047,1.8724122,1.3683611,0.021451754495501518,0.10510560870170593,0.01649535819888115,0.12843425571918488
421,1.8773428201675415,1e-07,1.2740386,1.8723865,1.3683517,0.021449333056807518,0.10509821772575378,0.01649293676018715,0.12842482328414917
422,1.8773179054260254,1e-07,1.2740304,1.8723615,1.3683426,0.021446922793984413,0.10509088635444641,0.016490524634718895,0.12841543555259705
423,1.8772923946380615,1e-07,1.2740222,1.872336,1.3683333,0.021444497630000114,0.10508349537849426,0.016488101333379745,0.12840600311756134
424,1.8772680759429932,1e-07,1.2740144,1.8723117,1.3683244,0.021442139521241188,0.10507635772228241,0.01648574322462082,0.12839682400226593
425,1.8772426843643188,1e-07,1.274006,1.8722863,1.3683151,0.021439699456095695,0.10506889224052429,0.016483301296830177,0.12838731706142426
426,1.877217411994934,1e-07,1.2739978,1.872261,1.3683059,0.021437296643853188,0.10506151616573334,0.01648090034723282,0.12837795913219452
427,1.8771922588348389,1e-07,1.2739896,1.8722359,1.3682967,0.02143489010632038,0.10505424439907074,0.016478493809700012,0.1283685863018036
428,1.8771672248840332,1e-07,1.2739815,1.8722109,1.3682876,0.02143249846994877,0.10504689812660217,0.01647610031068325,0.12835925817489624
429,1.877142071723938,1e-07,1.2739733,1.8721857,1.3682784,0.02143004722893238,0.10503950715065002,0.01647365093231201,0.12834972143173218
430,1.8771154880523682,1e-07,1.2739645,1.8721591,1.3682686,0.021427655592560768,0.10503220558166504,0.0164712592959404,0.12834040820598602
431,1.8770909309387207,1e-07,1.2739565,1.8721346,1.3682597,0.021425290033221245,0.10502496361732483,0.016468893736600876,0.12833118438720703
432,1.8770661354064941,1e-07,1.2739484,1.8721098,1.3682506,0.02142288349568844,0.10501763224601746,0.01646648719906807,0.1283218115568161
433,1.8770400285720825,1e-07,1.2739401,1.8720837,1.3682411,0.021420465782284737,0.10501030087471008,0.01646406762301922,0.1283123791217804
434,1.877015233039856,1e-07,1.2739319,1.8720589,1.368232,0.021418044343590736,0.10500292479991913,0.016461646184325218,0.1283029466867447
435,1.8769891262054443,1e-07,1.2739234,1.8720328,1.3682225,0.021415652707219124,0.10499557852745056,0.016459254547953606,0.12829363346099854
436,1.8769643306732178,1e-07,1.2739153,1.872008,1.3682134,0.0214132908731699,0.10498842597007751,0.01645689457654953,0.12828442454338074
437,1.876939296722412,1e-07,1.2739072,1.8719829,1.3682042,0.021410858258605003,0.10498097538948059,0.016454460099339485,0.12827493250370026
438,1.8769137859344482,1e-07,1.273899,1.8719574,1.3681949,0.0214084479957819,0.10497358441352844,0.01645204983651638,0.12826554477214813
439,1.8768887519836426,1e-07,1.2738906,1.8719324,1.3681858,0.021406101062893867,0.10496638715267181,0.0164497047662735,0.1282563954591751
440,1.8768632411956787,1e-07,1.2738825,1.8719069,1.3681765,0.021403657272458076,0.10495901107788086,0.01644725911319256,0.12824687361717224
441,1.8768384456634521,1e-07,1.2738744,1.8718821,1.3681674,0.021401243284344673,0.10495159029960632,0.016444846987724304,0.12823745608329773
442,1.8768130540847778,1e-07,1.273866,1.8718567,1.3681581,0.021398847922682762,0.10494430363178253,0.016442451626062393,0.12822812795639038
443,1.8767879009246826,1e-07,1.273858,1.8718315,1.3681489,0.021396460011601448,0.10493703186511993,0.01644006371498108,0.12821881473064423
444,1.8767623901367188,1e-07,1.2738495,1.871806,1.3681396,0.021394016221165657,0.10492949187755585,0.01643761806190014,0.12820927798748016
445,1.8767369985580444,1e-07,1.2738413,1.8717808,1.3681304,0.02139166183769703,0.10492239892482758,0.01643526554107666,0.12820009887218475
446,1.8767114877700806,1e-07,1.2738332,1.8717552,1.368121,0.021389273926615715,0.10491505265235901,0.016432877629995346,0.1281907856464386
447,1.876686930656433,1e-07,1.273825,1.8717307,1.3681121,0.02138686366379261,0.10490769147872925,0.01643046736717224,0.12818138301372528
448,1.8766616582870483,1e-07,1.2738167,1.8717054,1.3681029,0.021384408697485924,0.10490025579929352,0.016428012400865555,0.12817180156707764
449,1.8766354322433472,1e-07,1.2738082,1.8716792,1.3680933,0.021382050588726997,0.10489295423030853,0.01642565429210663,0.12816260755062103
450,1.876610279083252,1e-07,1.2738,1.871654,1.3680841,0.02137966826558113,0.1048857569694519,0.016423271968960762,0.12815330922603607
451,1.8765853643417358,1e-07,1.2737919,1.8716291,1.368075,0.021377261728048325,0.10487838089466095,0.016420867294073105,0.12814393639564514
452,1.876559853553772,1e-07,1.2737836,1.8716036,1.3680656,0.021374884992837906,0.10487104952335358,0.016418490558862686,0.12813465297222137
453,1.876535415649414,1e-07,1.2737756,1.8715792,1.3680567,0.021372482180595398,0.1048637181520462,0.016416087746620178,0.12812528014183044
454,1.8765090703964233,1e-07,1.273767,1.8715528,1.3680471,0.021370097994804382,0.10485649108886719,0.016413703560829163,0.12811598181724548
455,1.8764843940734863,1e-07,1.273759,1.8715281,1.368038,0.02136768400669098,0.10484911501407623,0.01641128771007061,0.12810654938220978
456,1.8764585256576538,1e-07,1.2737507,1.8715023,1.3680286,0.02136528491973877,0.10484175384044647,0.01640889048576355,0.12809719145298004
457,1.8764334917068481,1e-07,1.2737426,1.8714772,1.3680195,0.021362919360399246,0.10483449697494507,0.016406524926424026,0.12808795273303986
458,1.8764082193374634,1e-07,1.2737342,1.871452,1.3680103,0.021360503509640694,0.10482710599899292,0.016404107213020325,0.12807852029800415
459,1.8763833045959473,1e-07,1.2737261,1.871427,1.3680011,0.021358121186494827,0.10481981933116913,0.016401726752519608,0.1280692219734192
460,1.8763576745986938,1e-07,1.2737178,1.8714014,1.3679918,0.021355727687478065,0.10481257736682892,0.016399329528212547,0.12805986404418945
461,1.8763326406478882,1e-07,1.2737097,1.8713764,1.3679826,0.021353324875235558,0.10480517148971558,0.01639692857861519,0.12805049121379852
462,1.8763078451156616,1e-07,1.2737015,1.8713516,1.3679736,0.0213509239256382,0.1047978550195694,0.01639452949166298,0.1280411183834076
463,1.8762823343276978,1e-07,1.2736932,1.8713261,1.3679643,0.021348528563976288,0.10479050874710083,0.016392134130001068,0.12803177535533905
464,1.8762569427490234,1e-07,1.2736849,1.8713007,1.367955,0.021346159279346466,0.10478317737579346,0.016389764845371246,0.12802252173423767
465,1.8762315511703491,1e-07,1.2736766,1.8712753,1.3679457,0.021343771368265152,0.10477593541145325,0.016387375071644783,0.12801317870616913
466,1.8762067556381226,1e-07,1.2736685,1.8712505,1.3679366,0.02134135365486145,0.10476857423782349,0.01638495735824108,0.12800374627113342
467,1.8761810064315796,1e-07,1.2736601,1.8712248,1.3679272,0.02133896015584469,0.10476122796535492,0.01638256572186947,0.12799440324306488
468,1.8761563301086426,1e-07,1.2736521,1.8712001,1.3679181,0.02133658342063427,0.10475385189056396,0.0163801908493042,0.1279851198196411
469,1.8761307001113892,1e-07,1.2736439,1.8711745,1.3679088,0.021334217861294746,0.10474665462970734,0.016377825289964676,0.12797588109970093
470,1.8761056661605835,1e-07,1.2736356,1.8711494,1.3678997,0.021331794559955597,0.10473926365375519,0.016375400125980377,0.12796640396118164
471,1.8760801553726196,1e-07,1.2736274,1.8711239,1.3678904,0.021329475566744804,0.10473211109638214,0.016373082995414734,0.12795734405517578
472,1.876055121421814,1e-07,1.2736192,1.8710989,1.3678812,0.021327001973986626,0.10472452640533447,0.016370609402656555,0.12794768810272217
473,1.8760294914245605,1e-07,1.2736107,1.8710732,1.3678718,0.021324606612324715,0.1047172099351883,0.016368214040994644,0.12793831527233124
474,1.8760038614273071,1e-07,1.2736024,1.8710476,1.3678625,0.021322233602404594,0.10470996797084808,0.016365841031074524,0.12792904675006866
475,1.8759788274765015,1e-07,1.2735943,1.8710226,1.3678533,0.021319815889000893,0.10470256209373474,0.016363421455025673,0.12791958451271057
476,1.8759536743164062,1e-07,1.273586,1.8709974,1.3678441,0.021317454054951668,0.10469533503055573,0.016361061483621597,0.12791036069393158
477,1.8759279251098633,1e-07,1.2735777,1.8709717,1.3678347,0.02131507731974125,0.10468803346157074,0.01635868474841118,0.1279010772705078
478,1.8759030103683472,1e-07,1.2735696,1.8709468,1.3678255,0.021312696859240532,0.10468079149723053,0.01635630428791046,0.12789176404476166
479,1.8758783340454102,1e-07,1.2735616,1.8709221,1.3678166,0.021310316398739815,0.10467344522476196,0.016353923827409744,0.1278824657201767
480,1.8758525848388672,1e-07,1.2735533,1.8708963,1.3678071,0.0213079322129488,0.10466617345809937,0.01635153964161873,0.12787313759326935
481,1.8758277893066406,1e-07,1.2735451,1.8708715,1.3677981,0.02130555547773838,0.1046588122844696,0.01634916104376316,0.1278638392686844
482,1.8758020401000977,1e-07,1.2735368,1.8708458,1.3677887,0.02130313031375408,0.10465143620967865,0.01634673774242401,0.1278543621301651
483,1.8757773637771606,1e-07,1.2735286,1.8708211,1.3677796,0.021300753578543663,0.10464413464069366,0.016344361007213593,0.12784506380558014
484,1.875752329826355,1e-07,1.2735205,1.8707961,1.3677704,0.02129838429391384,0.10463689267635345,0.01634198985993862,0.12783579528331757
485,1.8757262229919434,1e-07,1.273512,1.87077,1.3677609,0.021295974031090736,0.10462945699691772,0.016339581459760666,0.12782637774944305
486,1.87570059299469,1e-07,1.2735037,1.8707443,1.3677516,0.02129358984529972,0.10462215542793274,0.0163371954113245,0.1278170347213745
487,1.8756755590438843,1e-07,1.2734956,1.8707193,1.3677424,0.021291261538863182,0.10461491346359253,0.016334867104887962,0.12780793011188507
488,1.8756510019302368,1e-07,1.2734874,1.8706948,1.3677335,0.02128884382545948,0.104607492685318,0.01633244939148426,0.12779846787452698
489,1.8756259679794312,1e-07,1.2734793,1.8706697,1.3677243,0.02128642611205578,0.10460008680820465,0.01633003167808056,0.12778900563716888
490,1.8756004571914673,1e-07,1.273471,1.8706442,1.367715,0.021284068003296852,0.10459288954734802,0.01632767543196678,0.1277797967195511
491,1.875575065612793,1e-07,1.2734628,1.8706188,1.3677057,0.02128162421286106,0.10458540916442871,0.01632522977888584,0.12777021527290344
492,1.8755487203598022,1e-07,1.2734541,1.8705925,1.367696,0.02127925120294094,0.10457812249660492,0.01632285863161087,0.12776094675064087
493,1.8755239248275757,1e-07,1.2734461,1.8705677,1.367687,0.021276915445923805,0.10457092523574829,0.016320522874593735,0.12775179743766785
494,1.8754993677139282,1e-07,1.2734381,1.8705431,1.367678,0.021274542436003685,0.1045636385679245,0.016318148002028465,0.12774251401424408
495,1.8754736185073853,1e-07,1.2734298,1.8705174,1.3676686,0.02127213589847088,0.10455627739429474,0.016315743327140808,0.12773309648036957
496,1.8754488229751587,1e-07,1.2734216,1.8704926,1.3676596,0.021269744262099266,0.10454896092414856,0.016313351690769196,0.12772373855113983
497,1.875423789024353,1e-07,1.2734134,1.8704675,1.3676504,0.021267374977469444,0.1045415997505188,0.016310982406139374,0.12771445512771606
498,1.87539803981781,1e-07,1.2734051,1.8704418,1.367641,0.021265020594000816,0.1045343428850174,0.016308628022670746,0.12770524621009827
499,1.8753727674484253,1e-07,1.2733967,1.8704165,1.3676317,0.02126261405646801,0.10452704131603241,0.01630621962249279,0.12769581377506256
500,1.8753480911254883,1e-07,1.2733887,1.8703918,1.3676227,0.021260252222418785,0.10451972484588623,0.016303857788443565,0.12768656015396118
501,1.8753228187561035,1e-07,1.2733804,1.8703666,1.3676134,0.021257830783724785,0.1045122891664505,0.016301438212394714,0.1276770830154419
502,1.8752970695495605,1e-07,1.2733722,1.8703408,1.367604,0.02125549502670765,0.10450504720211029,0.01629910059273243,0.12766793370246887
503,1.8752721548080444,1e-07,1.273364,1.8703159,1.367595,0.021253088489174843,0.10449768602848053,0.016296694055199623,0.12765850126743317
504,1.8752466440200806,1e-07,1.2733556,1.8702904,1.3675857,0.021250704303383827,0.10449036955833435,0.016294311732053757,0.12764917314052582
505,1.8752213716506958,1e-07,1.2733474,1.8702651,1.3675764,0.021248290315270424,0.10448293387889862,0.016291897743940353,0.12763972580432892
506,1.875195860862732,1e-07,1.2733392,1.8702396,1.3675671,0.0212459284812212,0.10447569191455841,0.01628953590989113,0.12763047218322754
507,1.8751708269119263,1e-07,1.273331,1.8702146,1.3675579,0.021243544295430183,0.10446837544441223,0.016287151724100113,0.127621129155159
508,1.8751453161239624,1e-07,1.2733227,1.8701891,1.3675486,0.02124122343957424,0.1044611781835556,0.01628483086824417,0.12761203944683075
509,1.8751195669174194,1e-07,1.2733142,1.8701633,1.3675392,0.02123883180320263,0.10445378720760345,0.01628243736922741,0.12760265171527863
510,1.8750953674316406,1e-07,1.2733064,1.8701391,1.3675303,0.021236414089798927,0.1044464260339737,0.016280021518468857,0.12759318947792053
511,1.8750696182250977,1e-07,1.2732979,1.8701134,1.3675209,0.02123408392071724,0.10443916916847229,0.016277693212032318,0.1275840699672699
512,1.875044822692871,1e-07,1.2732898,1.8700886,1.3675119,0.02123168110847473,0.10443183779716492,0.01627529039978981,0.12757465243339539
513,1.8750194311141968,1e-07,1.2732816,1.8700632,1.3675026,0.021229326725006104,0.10442459583282471,0.016272936016321182,0.1275654137134552
514,1.8749938011169434,1e-07,1.2732732,1.8700376,1.3674932,0.0212269127368927,0.10441708564758301,0.01627052202820778,0.1275559514760971
515,1.8749691247940063,1e-07,1.2732652,1.8700129,1.3674841,0.021224550902843475,0.10440991818904877,0.016268160194158554,0.12754669785499573
516,1.874943733215332,1e-07,1.2732569,1.8699875,1.3674749,0.02122214064002037,0.10440242290496826,0.01626574993133545,0.12753725051879883
517,1.8749183416366577,1e-07,1.2732487,1.8699621,1.3674656,0.02121977135539055,0.10439515113830566,0.016263378784060478,0.12752795219421387
518,1.8748925924301147,1e-07,1.2732402,1.8699363,1.3674562,0.02121739462018013,0.10438781976699829,0.01626100204885006,0.1275186389684677
519,1.874867558479309,1e-07,1.2732321,1.8699113,1.367447,0.021215036511421204,0.10438057780265808,0.016258643940091133,0.12750938534736633
520,1.874842643737793,1e-07,1.2732241,1.8698864,1.3674378,0.02121267095208168,0.10437335073947906,0.01625628024339676,0.12750011682510376
521,1.8748177289962769,1e-07,1.2732159,1.8698615,1.3674288,0.021210268139839172,0.10436592996120453,0.01625387743115425,0.12749069929122925
522,1.8747920989990234,1e-07,1.2732075,1.8698359,1.3674194,0.021207906305789948,0.10435867309570312,0.016251515597105026,0.12748143076896667
523,1.8747668266296387,1e-07,1.2731993,1.8698106,1.3674102,0.021205563098192215,0.10435134172439575,0.016249172389507294,0.12747223675251007
524,1.8747411966323853,1e-07,1.2731909,1.869785,1.3674008,0.02120315656065941,0.10434398055076599,0.016246765851974487,0.12746280431747437
525,1.874716877937317,1e-07,1.273183,1.8697606,1.367392,0.021200809627771378,0.1043366938829422,0.016244417056441307,0.12745358049869537
526,1.8746910095214844,1e-07,1.2731746,1.8697348,1.3673824,0.021198421716690063,0.10432934761047363,0.016242029145359993,0.12744422256946564
527,1.8746660947799683,1e-07,1.2731665,1.8697098,1.3673733,0.021195951849222183,0.10432177782058716,0.016239561140537262,0.12743453681468964
528,1.8746408224105835,1e-07,1.2731582,1.8696846,1.367364,0.02119363099336624,0.10431466996669769,0.01623723842203617,0.127425417304039
529,1.8746148347854614,1e-07,1.2731497,1.8696586,1.3673546,0.021191298961639404,0.1043073982000351,0.016234906390309334,0.12741626799106598
530,1.874590277671814,1e-07,1.2731417,1.869634,1.3673456,0.021188903599977493,0.10429999232292175,0.016232512891292572,0.12740688025951385
531,1.8745646476745605,1e-07,1.2731334,1.8696084,1.3673363,0.021186498925089836,0.10429257154464722,0.016230108216404915,0.12739744782447815
532,1.8745393753051758,1e-07,1.2731252,1.8695831,1.367327,0.021184144541621208,0.10428528487682343,0.016227753832936287,0.12738819420337677
533,1.8745142221450806,1e-07,1.273117,1.869558,1.3673178,0.02118179388344288,0.10427805781364441,0.016225405037403107,0.12737898528575897
534,1.8744889497756958,1e-07,1.2731088,1.8695327,1.3673086,0.021179404109716415,0.10427077114582062,0.016223013401031494,0.12736959755420685
535,1.8744639158248901,1e-07,1.2731005,1.8695077,1.3672994,0.021177036687731743,0.10426345467567444,0.01622064597904682,0.1273602992296219
536,1.8744384050369263,1e-07,1.2730923,1.8694822,1.36729,0.02117469534277916,0.10425616800785065,0.01621830463409424,0.12735110521316528
537,1.8744126558303833,1e-07,1.2730838,1.8694564,1.3672807,0.021172311156988144,0.10424873232841492,0.016215920448303223,0.12734174728393555
538,1.8743880987167358,1e-07,1.2730758,1.8694319,1.3672717,0.02116991952061653,0.10424138605594635,0.01621352881193161,0.12733235955238342
539,1.8743630647659302,1e-07,1.2730676,1.8694068,1.3672625,0.02116754651069641,0.10423402488231659,0.01621115393936634,0.12732303142547607
540,1.8743371963500977,1e-07,1.2730592,1.869381,1.3672531,0.02116519771516323,0.10422682762145996,0.01620880700647831,0.12731380760669708
541,1.8743120431900024,1e-07,1.273051,1.8693558,1.3672439,0.021162772551178932,0.10421936213970184,0.01620638370513916,0.1273043006658554
542,1.8742871284484863,1e-07,1.2730428,1.8693309,1.3672347,0.021160459145903587,0.10421217978000641,0.016204070299863815,0.12729521095752716
543,1.8742622137069702,1e-07,1.2730348,1.869306,1.3672256,0.02115810289978981,0.10420495271682739,0.01620171032845974,0.1272859424352646
544,1.8742361068725586,1e-07,1.2730263,1.8692799,1.3672161,0.021155692636966705,0.1041974425315857,0.016199300065636635,0.1272764652967453
545,1.874211311340332,1e-07,1.2730182,1.8692551,1.367207,0.02115335501730442,0.10419023036956787,0.0161969643086195,0.12726730108261108
546,1.8741861581802368,1e-07,1.2730099,1.8692299,1.3671979,0.021150967106223106,0.10418283939361572,0.016194578260183334,0.12725791335105896
547,1.8741612434387207,1e-07,1.2730018,1.869205,1.3671887,0.021148590371012688,0.10417556762695312,0.016192201524972916,0.1272485852241516
548,1.8741358518600464,1e-07,1.2729936,1.8691796,1.3671794,0.021146230399608612,0.10416829586029053,0.01618983969092369,0.12723930180072784
549,1.874110221862793,1e-07,1.2729852,1.869154,1.3671701,0.021143842488527298,0.10416081547737122,0.016187451779842377,0.12722991406917572
550,1.8740848302841187,1e-07,1.272977,1.8691286,1.3671608,0.021141495555639267,0.104153573513031,0.016185104846954346,0.12722069025039673
551,1.8740605115890503,1e-07,1.2729691,1.8691043,1.3671519,0.021139122545719147,0.10414624214172363,0.016182731837034225,0.12721136212348938
552,1.8740335702896118,1e-07,1.2729603,1.8690773,1.3671421,0.02113679237663746,0.10413907468318939,0.016180403530597687,0.12720221281051636
553,1.8740092515945435,1e-07,1.2729524,1.869053,1.3671331,0.02113441936671734,0.10413166880607605,0.016178028658032417,0.127192884683609
554,1.8739838600158691,1e-07,1.2729441,1.8690276,1.3671238,0.021132027730345726,0.10412432253360748,0.016175638884305954,0.1271834820508957
555,1.8739591836929321,1e-07,1.272936,1.8690029,1.3671148,0.021129680797457695,0.1041170060634613,0.016173290088772774,0.1271742582321167
556,1.8739336729049683,1e-07,1.2729276,1.8689774,1.3671055,0.021127279847860336,0.10410961508750916,0.016170891001820564,0.1271648108959198
557,1.8739089965820312,1e-07,1.2729195,1.8689528,1.3670964,0.021124932914972305,0.10410231351852417,0.016168545931577682,0.127155601978302
558,1.8738832473754883,1e-07,1.2729112,1.868927,1.367087,0.021122612059116364,0.1040952205657959,0.01616622321307659,0.12714646756649017
559,1.8738574981689453,1e-07,1.2729028,1.8689013,1.3670776,0.021120188757777214,0.10408762097358704,0.016163799911737442,0.1271369308233261
560,1.8738327026367188,1e-07,1.2728946,1.8688765,1.3670685,0.02111784927546978,0.10408039391040802,0.016161460429430008,0.1271277368068695
561,1.8738069534301758,1e-07,1.2728863,1.8688507,1.3670591,0.02111547812819481,0.10407307744026184,0.016159091144800186,0.12711840867996216
562,1.8737818002700806,1e-07,1.2728782,1.8688256,1.3670499,0.021113112568855286,0.10406577587127686,0.016156725585460663,0.1271091103553772
563,1.873756766319275,1e-07,1.27287,1.8688005,1.3670408,0.021110735833644867,0.10405836999416351,0.016154346987605095,0.12709975242614746
564,1.8737314939498901,1e-07,1.2728618,1.8687752,1.3670316,0.02110837772488594,0.1040511429309845,0.016151990741491318,0.1270904839038849
565,1.8737064599990845,1e-07,1.2728536,1.8687502,1.3670224,0.021106019616127014,0.10404384136199951,0.01614963263273239,0.12708120048046112
566,1.8736810684204102,1e-07,1.2728453,1.8687248,1.3670131,0.021103691309690475,0.10403656959533691,0.016147302463650703,0.1270720362663269
567,1.873655915260315,1e-07,1.2728372,1.8686997,1.3670039,0.021101295948028564,0.10402919352054596,0.016144907101988792,0.1270626038312912
568,1.8736305236816406,1e-07,1.2728289,1.8686743,1.3669946,0.021098949015140533,0.10402189195156097,0.01614256016910076,0.1270533800125122
569,1.8736048936843872,1e-07,1.2728205,1.8686486,1.3669852,0.021096546202898026,0.10401447117328644,0.016140159219503403,0.1270439326763153
570,1.8735793828964233,1e-07,1.2728121,1.8686231,1.3669759,0.02109421417117119,0.10400712490081787,0.016137825325131416,0.1270347386598587
571,1.8735542297363281,1e-07,1.2728039,1.868598,1.3669667,0.021091867238283157,0.10399988293647766,0.016135480254888535,0.1270255148410797
572,1.8735294342041016,1e-07,1.2727959,1.8685732,1.3669577,0.02108950912952423,0.10399256646633148,0.01613312028348446,0.12701621651649475
573,1.8735040426254272,1e-07,1.2727877,1.8685478,1.3669484,0.02108709141612053,0.10398510098457336,0.016130702570080757,0.12700670957565308
574,1.8734785318374634,1e-07,1.2727793,1.8685223,1.3669391,0.02108478546142578,0.10397793352603912,0.01612839847803116,0.12699763476848602
575,1.8734537363052368,1e-07,1.272771,1.8684975,1.36693,0.02108236774802208,0.10397042334079742,0.016125980764627457,0.12698811292648315
576,1.873428225517273,1e-07,1.2727628,1.868472,1.3669206,0.021080095320940018,0.10396341979503632,0.016123706474900246,0.12697915732860565
577,1.8734039068222046,1e-07,1.2727548,1.8684477,1.3669118,0.021077685058116913,0.10395598411560059,0.01612129807472229,0.12696968019008636
578,1.8733779191970825,1e-07,1.2727466,1.8684217,1.3669022,0.021075326949357986,0.10394862294197083,0.016118939965963364,0.1269603818655014
579,1.8733526468276978,1e-07,1.2727382,1.8683964,1.3668929,0.021072976291179657,0.10394129157066345,0.016116589307785034,0.12695112824440002
580,1.8733278512954712,1e-07,1.2727302,1.8683716,1.3668839,0.021070607006549835,0.10393397510051727,0.016114220023155212,0.12694180011749268
581,1.8733021020889282,1e-07,1.2727216,1.8683459,1.3668745,0.021068274974822998,0.10392673313617706,0.016111887991428375,0.12693260610103607
582,1.8732775449752808,1e-07,1.2727138,1.8683213,1.3668655,0.021065913140773773,0.10391941666603088,0.016109524294734,0.1269233077764511
583,1.8732519149780273,1e-07,1.2727052,1.8682957,1.3668561,0.021063532680273056,0.10391201078891754,0.016107143834233284,0.126913920044899
584,1.8732266426086426,1e-07,1.2726971,1.8682704,1.3668469,0.021061155945062637,0.10390467941761017,0.016104767099022865,0.12690456211566925
585,1.87320077419281,1e-07,1.2726887,1.8682445,1.3668374,0.021058853715658188,0.10389745235443115,0.016102466732263565,0.1268955022096634
586,1.8731759786605835,1e-07,1.2726806,1.8682197,1.3668283,0.021056517958641052,0.10389015078544617,0.01610013097524643,0.1268862932920456
587,1.873151183128357,1e-07,1.2726725,1.8681949,1.3668193,0.021054096519947052,0.10388267040252686,0.01609770767390728,0.12687674164772034
588,1.873125672340393,1e-07,1.2726642,1.8681694,1.36681,0.021051760762929916,0.10387536883354187,0.016095371916890144,0.12686753273010254
589,1.8731006383895874,1e-07,1.2726561,1.8681444,1.3668008,0.02104940637946129,0.10386806726455688,0.016093019396066666,0.12685826420783997
590,1.8730751276016235,1e-07,1.2726477,1.8681189,1.3667915,0.021047024056315422,0.1038607805967331,0.01609063893556595,0.12684887647628784
591,1.8730498552322388,1e-07,1.2726394,1.8680936,1.3667822,0.021044664084911346,0.10385338962078094,0.016088277101516724,0.12683957815170288
592,1.873024582862854,1e-07,1.2726313,1.8680683,1.366773,0.021042369306087494,0.10384625196456909,0.01608598232269287,0.12683053314685822
593,1.8729995489120483,1e-07,1.2726231,1.8680433,1.3667638,0.02103995904326439,0.10383884608745575,0.016083570197224617,0.12682101130485535
594,1.8729737997055054,1e-07,1.2726146,1.8680176,1.3667544,0.021037591621279716,0.10383135080337524,0.016081206500530243,0.1268116980791092
595,1.8729482889175415,1e-07,1.2726064,1.867992,1.366745,0.021035317331552505,0.10382437705993652,0.016078930348157883,0.1268027275800705
596,1.872923493385315,1e-07,1.2725981,1.8679672,1.3667359,0.021032921969890594,0.1038169264793396,0.016076533123850822,0.1267932653427124
597,1.8728982210159302,1e-07,1.27259,1.867942,1.3667268,0.02103056013584137,0.10380955040454865,0.016074171289801598,0.12678395211696625
598,1.8728729486465454,1e-07,1.2725818,1.8679167,1.3667175,0.021028239279985428,0.10380229353904724,0.016071852296590805,0.12677480280399323
599,1.8728474378585815,1e-07,1.2725735,1.8678912,1.3667082,0.02102586068212986,0.1037948876619339,0.016069475561380386,0.1267654299736023
600,1.8728227615356445,1e-07,1.2725654,1.8678665,1.3666991,0.021023491397500038,0.10378752648830414,0.016067106276750565,0.12675608694553375
601,1.8727973699569702,1e-07,1.2725571,1.8678411,1.3666898,0.0210211593657732,0.10378029942512512,0.016064774245023727,0.12674689292907715
602,1.872772216796875,1e-07,1.272549,1.867816,1.3666806,0.021018851548433304,0.10377311706542969,0.01606246829032898,0.1267377883195877
603,1.8727469444274902,1e-07,1.2725406,1.8677907,1.3666714,0.021016446873545647,0.10376565158367157,0.016060061752796173,0.12672829627990723
604,1.8727220296859741,1e-07,1.2725325,1.8677658,1.3666623,0.021014057099819183,0.10375821590423584,0.01605767197906971,0.12671886384487152
605,1.8726972341537476,1e-07,1.2725244,1.867741,1.3666532,0.02101171389222145,0.10375086963176727,0.016055330634117126,0.12670962512493134
606,1.8726714849472046,1e-07,1.272516,1.8677152,1.3666438,0.021009411662817,0.10374370217323303,0.016053026542067528,0.1267005354166031
607,1.8726462125778198,1e-07,1.2725078,1.86769,1.3666345,0.02100706472992897,0.10373634099960327,0.016050681471824646,0.1266912817955017
608,1.8726205825805664,1e-07,1.2724994,1.8676643,1.3666252,0.02100471407175064,0.10372911393642426,0.016048330813646317,0.12668201327323914
609,1.8725961446762085,1e-07,1.2724915,1.8676399,1.3666162,0.02100236341357231,0.10372181236743927,0.016045980155467987,0.12667272984981537
610,1.8725706338882446,1e-07,1.2724832,1.8676144,1.3666068,0.021000027656555176,0.10371449589729309,0.01604364439845085,0.12666350603103638
611,1.8725448846817017,1e-07,1.2724748,1.8675886,1.3665974,0.02099764347076416,0.10370714962482452,0.016041260212659836,0.12665410339832306
612,1.872519850730896,1e-07,1.2724665,1.8675636,1.3665884,0.02099527418613434,0.10369965434074402,0.016038890928030014,0.12664474546909332
613,1.8724945783615112,1e-07,1.2724584,1.8675383,1.366579,0.02099299430847168,0.10369259119033813,0.016036611050367355,0.12663574516773224
614,1.872469425201416,1e-07,1.2724501,1.8675132,1.3665699,0.020990591496229172,0.10368512570858002,0.016034208238124847,0.12662625312805176
615,1.8724445104599,1e-07,1.272442,1.8674883,1.3665607,0.020988207310438156,0.10367777943611145,0.016031824052333832,0.12661683559417725
616,1.8724185228347778,1e-07,1.2724335,1.8674623,1.3665513,0.020985927432775497,0.10367050766944885,0.016029544174671173,0.12660783529281616
617,1.8723939657211304,1e-07,1.2724255,1.8674377,1.3665422,0.02098356932401657,0.10366322100162506,0.016027186065912247,0.12659852206707
618,1.8723686933517456,1e-07,1.2724173,1.8674124,1.366533,0.020981207489967346,0.10365590453147888,0.016024824231863022,0.12658919394016266
619,1.8723440170288086,1e-07,1.2724092,1.8673878,1.366524,0.020978853106498718,0.10364849865436554,0.016022469848394394,0.1265798956155777
620,1.8723173141479492,1e-07,1.2724005,1.8673611,1.3665142,0.020976535975933075,0.10364128649234772,0.0160201508551836,0.12657073140144348
621,1.8722920417785645,1e-07,1.2723923,1.8673358,1.3665049,0.020974162966012955,0.10363386571407318,0.01601777970790863,0.12656137347221375
622,1.8722668886184692,1e-07,1.272384,1.8673106,1.3664957,0.020971782505512238,0.10362643003463745,0.016015399247407913,0.12655195593833923
623,1.8722418546676636,1e-07,1.2723758,1.8672856,1.3664865,0.020969439297914505,0.10361918807029724,0.01601305603981018,0.12654270231723785
624,1.8722171783447266,1e-07,1.2723678,1.8672609,1.3664776,0.02096712589263916,0.10361185669898987,0.016010740771889687,0.12653355300426483
625,1.872191309928894,1e-07,1.2723594,1.8672351,1.3664681,0.020964737981557846,0.10360454022884369,0.01600835472345352,0.12652412056922913
626,1.8721662759780884,1e-07,1.2723513,1.86721,1.3664589,0.0209624283015728,0.10359720885753632,0.016006043180823326,0.1265149861574173
627,1.8721412420272827,1e-07,1.272343,1.867185,1.3664498,0.020960047841072083,0.10358980298042297,0.01600366272032261,0.12650558352470398
628,1.8721164464950562,1e-07,1.2723349,1.8671602,1.3664407,0.02095772698521614,0.10358262062072754,0.016001341864466667,0.12649640440940857
629,1.8720903396606445,1e-07,1.2723265,1.8671341,1.3664311,0.020955435931682587,0.10357540845870972,0.015999052673578262,0.1264873594045639
630,1.872065544128418,1e-07,1.2723184,1.8671093,1.366422,0.020953025668859482,0.10356789827346802,0.015996642410755157,0.12647783756256104
631,1.8720403909683228,1e-07,1.2723101,1.8670841,1.3664129,0.02095070853829384,0.1035606861114502,0.015994323417544365,0.12646865844726562
632,1.872015118598938,1e-07,1.272302,1.8670589,1.3664036,0.02094835788011551,0.10355336964130402,0.015991974622011185,0.12645937502384186
633,1.8719900846481323,1e-07,1.2722937,1.8670338,1.3663945,0.020946025848388672,0.10354603826999664,0.015989642590284348,0.12645015120506287
634,1.8719648122787476,1e-07,1.2722853,1.8670086,1.3663852,0.02094367891550064,0.10353875160217285,0.015987293794751167,0.1264408677816391
635,1.8719390630722046,1e-07,1.2722771,1.8669828,1.3663758,0.020941339433193207,0.1035313755273819,0.015984954312443733,0.12643161416053772
636,1.8719137907028198,1e-07,1.2722689,1.8669575,1.3663665,0.020938970148563385,0.10352399945259094,0.01598258689045906,0.12642225623130798
637,1.8718892335891724,1e-07,1.272261,1.866933,1.3663576,0.02093663439154625,0.10351668298244476,0.015980249270796776,0.1264130175113678
638,1.8718633651733398,1e-07,1.2722524,1.8669071,1.3663481,0.020934324711561203,0.10350941121578217,0.01597793959081173,0.12640386819839478
639,1.8718382120132446,1e-07,1.2722443,1.866882,1.3663388,0.020931966602802277,0.10350209474563599,0.015975583344697952,0.12639455497264862
640,1.8718129396438599,1e-07,1.272236,1.8668567,1.3663297,0.020929604768753052,0.103494793176651,0.015973221510648727,0.12638521194458008
641,1.8717880249023438,1e-07,1.2722278,1.8668318,1.3663205,0.020927246659994125,0.10348740220069885,0.015970861539244652,0.12637586891651154
642,1.8717628717422485,1e-07,1.2722197,1.8668066,1.3663113,0.020924922078847885,0.10348016023635864,0.01596853695809841,0.12636667490005493
643,1.871738314628601,1e-07,1.2722116,1.8667821,1.3663024,0.02092256397008896,0.10347272455692291,0.015966178849339485,0.12635734677314758
644,1.8717120885849,1e-07,1.2722031,1.8667558,1.3662927,0.020920228213071823,0.10346545279026031,0.0159638449549675,0.1263481080532074
645,1.8716872930526733,1e-07,1.272195,1.866731,1.3662837,0.02091790735721588,0.10345816612243652,0.015961524099111557,0.126338928937912
646,1.8716617822647095,1e-07,1.2721866,1.8667055,1.3662744,0.02091558277606964,0.10345087945461273,0.015959199517965317,0.1263297200202942
647,1.871637225151062,1e-07,1.2721786,1.866681,1.3662653,0.02091321535408497,0.10344353318214417,0.015956833958625793,0.12632036209106445
648,1.8716117143630981,1e-07,1.2721703,1.8666555,1.366256,0.020910894498229027,0.10343624651432037,0.01595451310276985,0.12631118297576904
649,1.871585488319397,1e-07,1.2721618,1.8666292,1.3662465,0.020908532664179802,0.10342884063720703,0.015952149406075478,0.1263018250465393
650,1.8715615272521973,1e-07,1.272154,1.8666053,1.3662376,0.02090618945658207,0.10342144966125488,0.015949808061122894,0.12629255652427673
651,1.871535301208496,1e-07,1.2721453,1.866579,1.366228,0.02090388722717762,0.10341425240039825,0.015947503969073296,0.1262834221124649
652,1.8715108633041382,1e-07,1.2721375,1.8665546,1.366219,0.0209015104919672,0.10340678691864014,0.015945129096508026,0.1262740194797516
653,1.8714847564697266,1e-07,1.2721289,1.8665285,1.3662095,0.020899223163723946,0.10339972376823425,0.01594283990561962,0.12626495957374573
654,1.8714599609375,1e-07,1.2721207,1.8665037,1.3662004,0.02089683897793293,0.10339225828647614,0.015940455719828606,0.12625551223754883
655,1.8714350461959839,1e-07,1.2721127,1.8664788,1.3661914,0.0208944883197546,0.10338479280471802,0.015938105061650276,0.12624621391296387
656,1.8714090585708618,1e-07,1.2721043,1.8664528,1.3661819,0.020892182365059853,0.10337761044502258,0.015935800969600677,0.12623707950115204
657,1.8713842630386353,1e-07,1.2720962,1.866428,1.3661728,0.020889887586236,0.10337051749229431,0.015933506190776825,0.1262279897928238
658,1.8713585138320923,1e-07,1.2720877,1.8664023,1.3661634,0.020887507125735283,0.1033630222082138,0.015931125730276108,0.12621855735778809
659,1.8713340759277344,1e-07,1.2720796,1.8663778,1.3661544,0.02088516764342785,0.10335567593574524,0.015928784385323524,0.1262092888355255
660,1.87130868434906,1e-07,1.2720714,1.8663524,1.3661451,0.02088284306228161,0.10334837436676025,0.015926459804177284,0.12620007991790771
661,1.8712831735610962,1e-07,1.272063,1.8663269,1.3661357,0.02088049240410328,0.1033409833908081,0.015924109145998955,0.12619076669216156
662,1.8712577819824219,1e-07,1.2720548,1.8663015,1.3661264,0.02087816409766674,0.10333368182182312,0.015921782702207565,0.12618154287338257
663,1.8712326288223267,1e-07,1.2720467,1.8662764,1.3661172,0.020875873044133186,0.1033264696598053,0.01591949164867401,0.12617246806621552
664,1.8712072372436523,1e-07,1.2720383,1.866251,1.366108,0.020873552188277245,0.1033191829919815,0.01591717079281807,0.1261632740497589
665,1.871181845664978,1e-07,1.27203,1.8662256,1.3660986,0.02087116800248623,0.10331174731254578,0.015914784744381905,0.12615381181240082
666,1.8711570501327515,1e-07,1.2720219,1.8662008,1.3660896,0.020868850871920586,0.10330449044704437,0.01591246947646141,0.1261446326971054
667,1.8711315393447876,1e-07,1.2720137,1.8661753,1.3660803,0.020866530016064644,0.10329723358154297,0.01591014862060547,0.1261354386806488
668,1.8711066246032715,1e-07,1.2720056,1.8661504,1.3660711,0.02086416445672512,0.10328975319862366,0.015907783061265945,0.12612606585025787
669,1.8710813522338867,1e-07,1.2719971,1.8661251,1.3660619,0.020861858502030373,0.10328260064125061,0.01590547524392605,0.12611691653728485
670,1.8710564374923706,1e-07,1.271989,1.8661002,1.3660527,0.02085951901972294,0.10327520966529846,0.015903137624263763,0.12610764801502228
671,1.8710308074951172,1e-07,1.2719808,1.8660746,1.3660434,0.0208571869879961,0.10326802730560303,0.015900805592536926,0.1260983943939209
672,1.8710050582885742,1e-07,1.2719723,1.8660488,1.366034,0.020854806527495384,0.10326045751571655,0.01589842513203621,0.1260889619588852
673,1.8709806203842163,1e-07,1.2719644,1.8660244,1.366025,0.02085254155099392,0.10325326025485992,0.015896158292889595,0.1260799616575241
674,1.8709558248519897,1e-07,1.2719562,1.8659996,1.3660159,0.02085019089281559,0.10324592888355255,0.015893807634711266,0.12607064843177795
675,1.8709297180175781,1e-07,1.2719479,1.8659735,1.3660064,0.020847832784056664,0.1032385528087616,0.01589145138859749,0.1260613054037094
676,1.8709052801132202,1e-07,1.2719398,1.865949,1.3659974,0.020845551043748856,0.10323143005371094,0.01588917151093483,0.12605226039886475
677,1.8708795309066772,1e-07,1.2719313,1.8659233,1.365988,0.020843207836151123,0.10322408378124237,0.015886828303337097,0.12604296207427979
678,1.8708544969558716,1e-07,1.2719232,1.8658983,1.3659788,0.02084084413945675,0.10321663320064545,0.015884462743997574,0.12603357434272766
679,1.870829463005066,1e-07,1.2719148,1.8658732,1.3659697,0.020838534459471703,0.10320927202701569,0.015882153064012527,0.12602441012859344
680,1.8708041906356812,1e-07,1.2719067,1.865848,1.3659605,0.02083623595535755,0.10320216417312622,0.015879854559898376,0.1260152906179428
681,1.8707789182662964,1e-07,1.2718985,1.8658227,1.3659512,0.020833896473050117,0.10319475829601288,0.015877515077590942,0.12600600719451904
682,1.8707529306411743,1e-07,1.27189,1.8657967,1.3659416,0.020831560716032982,0.10318739712238312,0.015875179320573807,0.12599673867225647
683,1.8707283735275269,1e-07,1.271882,1.8657721,1.3659327,0.020829258486628532,0.10318019986152649,0.015872877091169357,0.12598760426044464
684,1.8707033395767212,1e-07,1.2718738,1.8657471,1.3659235,0.020826881751418114,0.10317268967628479,0.01587049849331379,0.12597817182540894
685,1.8706775903701782,1e-07,1.2718655,1.8657213,1.3659141,0.02082454413175583,0.103165403008461,0.015868162736296654,0.12596890330314636
686,1.8706532716751099,1e-07,1.2718574,1.865697,1.3659052,0.020822269842028618,0.10315826535224915,0.015865886583924294,0.1259598582983017
687,1.8706270456314087,1e-07,1.271849,1.8656708,1.3658956,0.020819921046495438,0.10315088927745819,0.015863541513681412,0.12595054507255554
688,1.8706016540527344,1e-07,1.2718407,1.8656454,1.3658863,0.020817585289478302,0.10314345359802246,0.015861205756664276,0.12594127655029297
689,1.8705768585205078,1e-07,1.2718325,1.8656206,1.3658773,0.020815234631299973,0.1031361073255539,0.015858855098485947,0.12593194842338562
690,1.870551586151123,1e-07,1.2718244,1.8655953,1.365868,0.02081291750073433,0.10312879085540771,0.015856536105275154,0.12592273950576782
691,1.870526671409607,1e-07,1.2718161,1.8655704,1.3658589,0.02081063948571682,0.10312153398990631,0.015854258090257645,0.12591369450092316
692,1.8705004453659058,1e-07,1.2718077,1.8655442,1.3658493,0.020808253437280655,0.10311414301395416,0.01585187204182148,0.12590421736240387
693,1.870476245880127,1e-07,1.2717997,1.86552,1.3658404,0.020805954933166504,0.10310688614845276,0.015849575400352478,0.12589509785175323
694,1.8704509735107422,1e-07,1.2717916,1.8654947,1.3658311,0.0208036657422781,0.10309970378875732,0.015847288072109222,0.125886008143425
695,1.8704253435134888,1e-07,1.2717832,1.8654691,1.3658217,0.020801259204745293,0.10309214890003204,0.015844881534576416,0.12587645649909973
696,1.870400071144104,1e-07,1.2717749,1.8654438,1.3658125,0.020798983052372932,0.1030849814414978,0.015842605382204056,0.12586741149425507
697,1.8703745603561401,1e-07,1.2717665,1.8654183,1.3658031,0.020796658471226692,0.10307762026786804,0.015840280801057816,0.12585817277431488
698,1.8703498840332031,1e-07,1.2717584,1.8653936,1.3657942,0.02079431526362896,0.10307028889656067,0.015837935730814934,0.12584885954856873
699,1.8703246116638184,1e-07,1.2717502,1.8653684,1.3657849,0.02079200930893421,0.10306301712989807,0.015835631638765335,0.1258397102355957
700,1.8702987432479858,1e-07,1.2717417,1.8653425,1.3657755,0.02078966051340103,0.10305559635162354,0.015833279117941856,0.12583035230636597
701,1.8702737092971802,1e-07,1.2717336,1.8653175,1.3657663,0.020787371322512627,0.1030484288930893,0.0158309917896986,0.12582126259803772
702,1.870248794555664,1e-07,1.2717255,1.8652925,1.3657571,0.020785031840205193,0.10304105281829834,0.015828654170036316,0.12581197917461395
703,1.8702231645584106,1e-07,1.2717171,1.8652669,1.3657478,0.02078268863260746,0.10303367674350739,0.015826309099793434,0.1258026659488678
704,1.8701978921890259,1e-07,1.2717088,1.8652416,1.3657385,0.0207804124802351,0.10302646458148956,0.015824032947421074,0.12579360604286194
705,1.8701728582382202,1e-07,1.2717007,1.8652166,1.3657293,0.02077806554734707,0.10301905870437622,0.015821687877178192,0.12578429281711578
706,1.8701486587524414,1e-07,1.2716926,1.8651924,1.3657205,0.02077576331794262,0.1030118316411972,0.015819385647773743,0.12577514350414276
707,1.8701229095458984,1e-07,1.2716844,1.8651667,1.3657111,0.020773475989699364,0.10300460457801819,0.015817098319530487,0.12576603889465332
708,1.8700979948043823,1e-07,1.2716762,1.8651417,1.3657019,0.020771125331521034,0.10299727320671082,0.015814747661352158,0.12575669586658478
709,1.870072364807129,1e-07,1.2716678,1.8651161,1.3656925,0.020768767222762108,0.10298982262611389,0.01581238955259323,0.12574732303619385
710,1.8700469732284546,1e-07,1.2716596,1.8650907,1.3656832,0.020766494795680046,0.10298258066177368,0.01581011712551117,0.12573829293251038
711,1.8700218200683594,1e-07,1.2716514,1.8650656,1.365674,0.020764173939824104,0.1029752790927887,0.015807796269655228,0.1257290542125702
712,1.8699966669082642,1e-07,1.2716432,1.8650404,1.3656648,0.02076180838048458,0.10296785831451416,0.015805430710315704,0.12571965157985687
713,1.8699709177017212,1e-07,1.2716347,1.8650147,1.3656554,0.020759502425789833,0.10296058654785156,0.015803124755620956,0.12571047246456146
714,1.8699461221694946,1e-07,1.2716267,1.8649899,1.3656464,0.020757177844643593,0.10295319557189941,0.015800800174474716,0.12570123374462128
715,1.8699208498001099,1e-07,1.2716184,1.8649646,1.3656371,0.020754845812916756,0.10294581949710846,0.01579846814274788,0.1256919503211975
716,1.8698954582214355,1e-07,1.2716101,1.8649392,1.3656278,0.020752565935254097,0.1029386967420578,0.01579618826508522,0.12568289041519165
717,1.8698698282241821,1e-07,1.2716018,1.8649136,1.3656183,0.02075023762881756,0.10293132066726685,0.01579385995864868,0.12567362189292908
718,1.8698453903198242,1e-07,1.2715938,1.8648891,1.3656094,0.020747916772961617,0.10292398929595947,0.01579153910279274,0.12566439807415009
719,1.8698192834854126,1e-07,1.2715852,1.864863,1.3655999,0.02074563317000866,0.10291682183742523,0.015789255499839783,0.12565530836582184
720,1.869794487953186,1e-07,1.2715772,1.8648382,1.3655908,0.02074328623712063,0.10290937125682831,0.015786906704306602,0.1256459504365921
721,1.8697690963745117,1e-07,1.2715689,1.8648129,1.3655815,0.02074095420539379,0.10290203988552094,0.015784576535224915,0.12563668191432953
722,1.8697444200515747,1e-07,1.2715608,1.8647882,1.3655725,0.020738622173666954,0.10289466381072998,0.015782244503498077,0.12562739849090576
723,1.86971914768219,1e-07,1.2715526,1.8647629,1.3655633,0.0207363348454237,0.10288746654987335,0.015779957175254822,0.12561829388141632
724,1.869693398475647,1e-07,1.2715442,1.8647372,1.3655537,0.020733995363116264,0.10288003087043762,0.015777617692947388,0.12560898065567017
725,1.869667649269104,1e-07,1.2715358,1.8647114,1.3655443,0.020731737837195396,0.10287295281887054,0.01577535830438137,0.12559999525547028
726,1.8696433305740356,1e-07,1.2715279,1.8646871,1.3655355,0.020729368552565575,0.10286544263362885,0.01577298901975155,0.12559056282043457
727,1.8696173429489136,1e-07,1.2715193,1.8646611,1.365526,0.020727047696709633,0.10285809636116028,0.015770668163895607,0.12558132410049438
728,1.8695930242538452,1e-07,1.2715114,1.8646368,1.365517,0.020724741742014885,0.10285086929798126,0.01576836407184601,0.12557214498519897
729,1.8695675134658813,1e-07,1.271503,1.8646113,1.3655077,0.02072238363325596,0.10284334421157837,0.015766005963087082,0.12556275725364685
730,1.8695427179336548,1e-07,1.2714949,1.8645865,1.3654987,0.0207201037555933,0.10283610224723816,0.015763724222779274,0.1255536675453186
731,1.86951744556427,1e-07,1.2714868,1.8645612,1.3654894,0.020717838779091835,0.10282893478870392,0.01576145924627781,0.12554465234279633
732,1.8694915771484375,1e-07,1.2714783,1.8645353,1.36548,0.020715488120913506,0.10282154381275177,0.01575911045074463,0.1255352944135666
733,1.8694664239883423,1e-07,1.2714701,1.8645102,1.3654706,0.020713137462735176,0.10281412303447723,0.01575675792992115,0.12552592158317566
734,1.8694413900375366,1e-07,1.2714618,1.8644851,1.3654615,0.020710846409201622,0.10280689597129822,0.015754466876387596,0.12551680207252502
735,1.8694162368774414,1e-07,1.2714537,1.86446,1.3654523,0.02070854790508747,0.10279962420463562,0.015752168372273445,0.1255076378583908
736,1.8693909645080566,1e-07,1.2714454,1.8644347,1.365443,0.020706215873360634,0.10279214382171631,0.015749836340546608,0.12549835443496704
737,1.8693662881851196,1e-07,1.2714373,1.86441,1.365434,0.02070387452840805,0.10278485715389252,0.015747498720884323,0.1254890412092209
738,1.8693408966064453,1e-07,1.2714291,1.8643847,1.3654248,0.02070154994726181,0.10277751088142395,0.015745174139738083,0.1254797726869583
739,1.869315266609192,1e-07,1.2714206,1.864359,1.3654153,0.020699284970760345,0.10277023911476135,0.01574290730059147,0.12547074258327484
740,1.869289755821228,1e-07,1.2714124,1.8643335,1.365406,0.02069694548845291,0.10276287794113159,0.015740569680929184,0.1254614293575287
741,1.8692646026611328,1e-07,1.2714041,1.8643084,1.3653967,0.02069466933608055,0.10275569558143616,0.015738293528556824,0.12545235455036163
742,1.8692398071289062,1e-07,1.271396,1.8642836,1.3653877,0.02069234848022461,0.10274837911128998,0.015735972672700882,0.12544310092926025
743,1.8692151308059692,1e-07,1.271388,1.8642589,1.3653786,0.020690057426691055,0.10274109244346619,0.015733681619167328,0.12543396651744843
744,1.8691892623901367,1e-07,1.2713796,1.864233,1.3653692,0.020687736570835114,0.10273377597332001,0.015731360763311386,0.12542472779750824
745,1.8691641092300415,1e-07,1.2713714,1.8642079,1.36536,0.020685404539108276,0.10272635519504547,0.0157290268689394,0.12541541457176208
746,1.8691387176513672,1e-07,1.2713631,1.8641825,1.3653507,0.020683113485574722,0.10271909832954407,0.015726737678050995,0.12540629506111145
747,1.8691145181655884,1e-07,1.2713552,1.8641583,1.3653418,0.02068076655268669,0.10271169245243073,0.015724388882517815,0.12539692223072052
748,1.8690881729125977,1e-07,1.2713464,1.8641319,1.3653321,0.020678486675024033,0.10270439088344574,0.015722110867500305,0.12538784742355347
749,1.8690630197525024,1e-07,1.2713385,1.8641068,1.365323,0.02067616954445839,0.10269710421562195,0.015719791874289513,0.1253785938024521
750,1.8690382242202759,1e-07,1.2713302,1.864082,1.3653139,0.020673856139183044,0.10268981754779816,0.015717478469014168,0.1253693699836731
751,1.8690128326416016,1e-07,1.2713219,1.8640566,1.3653046,0.020671509206295013,0.10268232226371765,0.015715133398771286,0.12536001205444336
752,1.86898672580719,1e-07,1.2713133,1.8640305,1.365295,0.020669233053922653,0.10267508029937744,0.015712855383753777,0.1253509223461151
753,1.8689619302749634,1e-07,1.2713053,1.8640057,1.365286,0.02066691219806671,0.10266771912574768,0.015710536390542984,0.12534168362617493
754,1.868936538696289,1e-07,1.271297,1.8639803,1.3652767,0.020664621144533157,0.10266052186489105,0.01570824533700943,0.1253325343132019
755,1.8689117431640625,1e-07,1.2712889,1.8639555,1.3652675,0.02066231146454811,0.1026531457901001,0.015705935657024384,0.1253233253955841
756,1.8688859939575195,1e-07,1.2712806,1.8639297,1.3652581,0.020659994333982468,0.10264584422111511,0.01570361852645874,0.12531408667564392
757,1.8688608407974243,1e-07,1.2712723,1.8639046,1.3652489,0.0206577330827713,0.1026386171579361,0.015701355412602425,0.12530505657196045
758,1.8688359260559082,1e-07,1.2712642,1.8638797,1.3652397,0.020655333995819092,0.10263104736804962,0.015698956325650215,0.1252954751253128
759,1.8688112497329712,1e-07,1.2712561,1.863855,1.3652308,0.02065303921699524,0.10262380540370941,0.015696663409471512,0.12528632581233978
760,1.8687855005264282,1e-07,1.2712477,1.8638293,1.3652213,0.020650740712881088,0.10261645913124084,0.01569436490535736,0.12527714669704437
761,1.8687604665756226,1e-07,1.2712394,1.8638042,1.3652122,0.020648453384637833,0.10260927677154541,0.015692077577114105,0.12526802718639374
762,1.8687347173690796,1e-07,1.271231,1.8637785,1.3652027,0.0206461139023304,0.10260172188282013,0.015689736232161522,0.1252586841583252
763,1.868709921836853,1e-07,1.2712231,1.8637537,1.3651936,0.02064383029937744,0.10259459912776947,0.015687452629208565,0.12524956464767456
764,1.8686847686767578,1e-07,1.2712148,1.8637285,1.3651844,0.020641490817070007,0.10258716344833374,0.01568511500954628,0.1252402365207672
765,1.868659496307373,1e-07,1.2712065,1.8637033,1.3651751,0.02063922956585884,0.10257989168167114,0.015682853758335114,0.12523120641708374
766,1.8686338663101196,1e-07,1.2711983,1.8636776,1.3651658,0.020636921748518944,0.10257264971733093,0.015680547803640366,0.12522199749946594
767,1.868609070777893,1e-07,1.27119,1.8636528,1.3651567,0.020634600892663002,0.10256524384021759,0.015678226947784424,0.12521272897720337
768,1.8685840368270874,1e-07,1.271182,1.8636278,1.3651476,0.02063230611383915,0.1025579571723938,0.015675930306315422,0.12520354986190796
769,1.8685585260391235,1e-07,1.2711735,1.8636023,1.3651382,0.02062998153269291,0.10255064070224762,0.01567360758781433,0.12519428133964539
770,1.8685334920883179,1e-07,1.2711654,1.8635772,1.365129,0.02062767557799816,0.10254327952861786,0.015671301633119583,0.1251850724220276
771,1.868508219718933,1e-07,1.2711571,1.863552,1.3651198,0.020625358447432518,0.1025359183549881,0.01566898450255394,0.1251758188009262
772,1.8684834241867065,1e-07,1.271149,1.8635272,1.3651106,0.020623067393898964,0.10252861678600311,0.015666691586375237,0.125166654586792
773,1.8684581518173218,1e-07,1.2711409,1.8635019,1.3651015,0.020620761439204216,0.10252127051353455,0.015664387494325638,0.1251574456691742
774,1.8684321641921997,1e-07,1.2711323,1.8634759,1.3650919,0.02061847597360611,0.10251405835151672,0.015662100166082382,0.12514831125736237
775,1.8684067726135254,1e-07,1.2711239,1.8634505,1.3650826,0.020616186782717705,0.10250677168369293,0.015659812837839127,0.12513917684555054
776,1.8683818578720093,1e-07,1.2711159,1.8634256,1.3650734,0.020613892003893852,0.10249945521354675,0.015657518059015274,0.12512999773025513
777,1.8683561086654663,1e-07,1.2711074,1.8633999,1.365064,0.02061154879629612,0.10249204933643341,0.01565517485141754,0.1251206398010254
778,1.8683315515518188,1e-07,1.2710996,1.8633753,1.3650551,0.02060922048985958,0.10248458385467529,0.015652846544981003,0.12511134147644043
779,1.8683061599731445,1e-07,1.2710911,1.8633499,1.3650458,0.020606914535164833,0.10247732698917389,0.015650538727641106,0.12510211765766144
780,1.8682799339294434,1e-07,1.2710825,1.8633237,1.3650361,0.02060461975634098,0.10247007012367249,0.015648245811462402,0.12509295344352722
781,1.8682559728622437,1e-07,1.2710748,1.8632997,1.3650274,0.020602362230420113,0.10246282815933228,0.015645986422896385,0.12508392333984375
782,1.868230938911438,1e-07,1.2710665,1.8632747,1.3650182,0.020600013434886932,0.10245534777641296,0.015643639490008354,0.12507453560829163
783,1.8682060241699219,1e-07,1.2710584,1.8632498,1.3650091,0.02059774473309517,0.10244815051555634,0.01564137265086174,0.12506547570228577
784,1.8681806325912476,1e-07,1.2710501,1.8632244,1.3649998,0.020595453679561615,0.10244077444076538,0.015639079734683037,0.12505631148815155
785,1.8681553602218628,1e-07,1.2710418,1.8631991,1.3649905,0.02059309557080269,0.10243333876132965,0.01563672348856926,0.12504687905311584
786,1.8681293725967407,1e-07,1.2710334,1.8631731,1.364981,0.020590845495462418,0.1024261862039566,0.01563447155058384,0.12503787875175476
787,1.8681052923202515,1e-07,1.2710255,1.863149,1.3649722,0.020588498562574387,0.10241872072219849,0.015632126480340958,0.12502850592136383
788,1.8680791854858398,1e-07,1.271017,1.8631229,1.3649626,0.020586248487234116,0.10241156816482544,0.015629876405000687,0.12501950562000275
789,1.868054747581482,1e-07,1.2710091,1.8630985,1.3649536,0.020583953708410263,0.10240423679351807,0.015627581626176834,0.12501032650470734
790,1.8680286407470703,1e-07,1.2710005,1.8630724,1.3649441,0.020581647753715515,0.10239692032337189,0.015625275671482086,0.12500110268592834
791,1.8680039644241333,1e-07,1.2709924,1.8630477,1.364935,0.020579315721988678,0.10238942503929138,0.015622943639755249,0.124991774559021
792,1.8679786920547485,1e-07,1.2709843,1.8630224,1.3649259,0.02057701349258423,0.10238213837146759,0.0156206414103508,0.1249825656414032
793,1.8679529428482056,1e-07,1.2709757,1.8629967,1.3649163,0.020574752241373062,0.10237488150596619,0.015618378296494484,0.12497351318597794
794,1.8679279088974,1e-07,1.2709676,1.8629717,1.3649071,0.020572479814291,0.1023675948381424,0.015616105869412422,0.12496441602706909
795,1.8679031133651733,1e-07,1.2709595,1.8629469,1.3648981,0.020570144057273865,0.10236024856567383,0.015613771975040436,0.12495508044958115
796,1.8678785562515259,1e-07,1.2709515,1.8629223,1.3648891,0.020567841827869415,0.10235291719436646,0.015611469745635986,0.12494586408138275
797,1.8678526878356934,1e-07,1.270943,1.8628964,1.3648796,0.020565543323755264,0.10234561562538147,0.015609169378876686,0.12493666261434555
798,1.8678275346755981,1e-07,1.2709349,1.8628713,1.3648704,0.020563259720802307,0.10233831405639648,0.015606885775923729,0.12492752075195312
799,1.8678021430969238,1e-07,1.2709265,1.8628459,1.3648611,0.02056097611784935,0.10233095288276672,0.015604602172970772,0.1249183788895607
800,1.8677773475646973,1e-07,1.2709184,1.8628211,1.3648521,0.0205586738884449,0.10232366621494293,0.015602299943566322,0.1249091699719429
801,1.8677515983581543,1e-07,1.27091,1.8627954,1.3648427,0.020556345582008362,0.1023162305355072,0.015599973499774933,0.12489985674619675
802,1.867726445198059,1e-07,1.2709018,1.8627702,1.3648334,0.0205540731549263,0.10230903327465057,0.015597701072692871,0.1248907595872879
803,1.867701530456543,1e-07,1.2708937,1.8627453,1.3648243,0.02055179327726364,0.10230174660682678,0.015595419332385063,0.12488161772489548
804,1.8676763772964478,1e-07,1.2708855,1.8627201,1.364815,0.020549476146697998,0.10229435563087463,0.015593104064464569,0.1248723492026329
805,1.8676503896713257,1e-07,1.2708769,1.8626941,1.3648056,0.02054717019200325,0.10228699445724487,0.015590796247124672,0.12486311048269272
806,1.8676255941390991,1e-07,1.2708689,1.8626693,1.3647964,0.02054493874311447,0.10227988660335541,0.015588565729558468,0.124854177236557
807,1.8676003217697144,1e-07,1.2708606,1.8626441,1.3647872,0.02054266631603241,0.102272629737854,0.015586292371153831,0.12484507262706757
808,1.867574691772461,1e-07,1.2708522,1.8626184,1.3647778,0.020540326833724976,0.10226516425609589,0.015583952888846397,0.12483570724725723
809,1.8675493001937866,1e-07,1.2708439,1.862593,1.3647685,0.02053806185722351,0.1022578626871109,0.015581687912344933,0.12482663244009018
810,1.8675256967544556,1e-07,1.2708362,1.8625695,1.3647598,0.020535726100206375,0.10225045680999756,0.015579354017972946,0.12481728196144104
811,1.8674999475479126,1e-07,1.2708278,1.8625437,1.3647504,0.02053341269493103,0.10224311053752899,0.015577038750052452,0.12480800598859787
812,1.86747407913208,1e-07,1.2708193,1.8625178,1.364741,0.020531125366687775,0.10223571956157684,0.015574753284454346,0.12479884922504425
813,1.867449402809143,1e-07,1.2708114,1.8624932,1.3647319,0.02052886411547661,0.10222861170768738,0.01557249203324318,0.12478978931903839
814,1.8674246072769165,1e-07,1.2708032,1.8624684,1.3647228,0.02052653580904007,0.10222114622592926,0.01557016372680664,0.12478046119213104
815,1.8673988580703735,1e-07,1.2707947,1.8624426,1.3647134,0.020524274557828903,0.10221388936042786,0.015567902475595474,0.12477140128612518
816,1.8673744201660156,1e-07,1.2707866,1.8624182,1.3647044,0.020521942526102066,0.10220646858215332,0.015565568581223488,0.12476205080747604
817,1.8673486709594727,1e-07,1.2707784,1.8623924,1.364695,0.0205196775496006,0.10219918191432953,0.015563303604722023,0.1247529685497284
818,1.8673235177993774,1e-07,1.2707701,1.8623673,1.3646858,0.020517371594905853,0.10219180583953857,0.01556099858134985,0.12474372982978821
819,1.8672981262207031,1e-07,1.270762,1.8623419,1.3646765,0.02051515504717827,0.10218474268913269,0.01555878110229969,0.12473484128713608
820,1.8672734498977661,1e-07,1.2707539,1.8623172,1.3646674,0.020512808114290237,0.1021772027015686,0.015556436963379383,0.12472544610500336
821,1.8672479391098022,1e-07,1.2707454,1.8622917,1.3646581,0.02051052823662758,0.10216997563838959,0.015554154291749,0.12471629679203033
822,1.8672224283218384,1e-07,1.2707372,1.8622662,1.3646487,0.02050822228193283,0.10216262936592102,0.015551848337054253,0.12470705062150955
823,1.8671976327896118,1e-07,1.2707291,1.8622414,1.3646396,0.020505934953689575,0.10215532779693604,0.015549561008810997,0.12469787895679474
824,1.8671718835830688,1e-07,1.2707206,1.8622156,1.3646302,0.020503636449575424,0.1021479070186615,0.015547262504696846,0.12468866258859634
825,1.8671468496322632,1e-07,1.2707124,1.8621906,1.364621,0.020501386374235153,0.10214075446128845,0.015545014292001724,0.12467964738607407
826,1.867121696472168,1e-07,1.2707043,1.8621655,1.3646119,0.02049904502928257,0.10213322937488556,0.015542672947049141,0.12467025965452194
827,1.867095947265625,1e-07,1.2706958,1.8621397,1.3646024,0.020496735349297523,0.10212594270706177,0.015540366061031818,0.12466100603342056
828,1.867071509361267,1e-07,1.2706877,1.8621153,1.3645934,0.020494500175118446,0.10211868584156036,0.015538129024207592,0.12465202808380127
829,1.8670457601547241,1e-07,1.2706795,1.8620895,1.364584,0.020492250099778175,0.10211144387722015,0.015535878948867321,0.1246430054306984
830,1.867020606994629,1e-07,1.2706712,1.8620644,1.3645748,0.020489925518631935,0.10210409760475159,0.01553355436772108,0.12463367730379105
831,1.8669949769973755,1e-07,1.2706629,1.8620387,1.3645654,0.02048766426742077,0.10209685564041138,0.01553129218518734,0.12462460249662399
832,1.866970419883728,1e-07,1.2706547,1.8620142,1.3645564,0.02048538811504841,0.10208950936794281,0.01552901603281498,0.12461547553539276
833,1.866944670677185,1e-07,1.2706465,1.8619884,1.364547,0.02048305980861187,0.10208207368850708,0.015526690520346165,0.12460613995790482
834,1.8669198751449585,1e-07,1.2706383,1.8619636,1.3645378,0.020480787381529808,0.10207481682300568,0.015524416230618954,0.12459701299667358
835,1.8668956756591797,1e-07,1.2706304,1.8619394,1.364529,0.020478473976254463,0.10206736624240875,0.015522103756666183,0.12458773702383041
836,1.866869568824768,1e-07,1.2706219,1.8619133,1.3645195,0.020476238802075386,0.10206028819084167,0.015519869513809681,0.12457876652479172
837,1.8668441772460938,1e-07,1.2706134,1.8618879,1.3645102,0.020473890006542206,0.10205268859863281,0.0155175207182765,0.12456934154033661
838,1.866818904876709,1e-07,1.2706052,1.8618627,1.3645009,0.020471621304750443,0.1020454615354538,0.015515253879129887,0.12456024438142776
839,1.8667936325073242,1e-07,1.2705971,1.8618374,1.3644916,0.02046933025121689,0.10203811526298523,0.015512960031628609,0.12455103546380997
840,1.8667689561843872,1e-07,1.2705889,1.8618127,1.3644825,0.020467057824134827,0.10203090310096741,0.015510689467191696,0.12454191595315933
841,1.8667436838150024,1e-07,1.2705806,1.8617874,1.3644733,0.02046477422118187,0.10202354192733765,0.015508406795561314,0.12453275173902512
842,1.8667179346084595,1e-07,1.2705723,1.8617617,1.3644639,0.020462483167648315,0.10201622545719147,0.01550611387938261,0.12452355027198792
843,1.8666929006576538,1e-07,1.2705642,1.8617367,1.3644547,0.02046022191643715,0.10200893878936768,0.015503853559494019,0.12451446801424026
844,1.8666677474975586,1e-07,1.2705559,1.8617115,1.3644454,0.020457923412322998,0.10200156271457672,0.015501553192734718,0.12450523674488068
845,1.866642951965332,1e-07,1.2705477,1.8616867,1.3644364,0.02045563980937004,0.10199426114559174,0.015499269589781761,0.12449606508016586
846,1.8666173219680786,1e-07,1.2705394,1.8616611,1.364427,0.020453348755836487,0.10198688507080078,0.015496980398893356,0.12448687106370926
847,1.8665920495986938,1e-07,1.2705312,1.8616358,1.3644178,0.020451076328754425,0.10197965800762177,0.015494707971811295,0.12447774410247803
848,1.8665672540664673,1e-07,1.2705231,1.861611,1.3644086,0.020448820665478706,0.10197235643863678,0.015492450445890427,0.12446866929531097
849,1.8665422201156616,1e-07,1.2705148,1.861586,1.3643994,0.020446496084332466,0.10196492075920105,0.015490125864744186,0.12445933371782303
850,1.8665167093276978,1e-07,1.2705065,1.8615605,1.3643901,0.020444242283701897,0.10195772349834442,0.015487872064113617,0.12445028126239777
851,1.8664913177490234,1e-07,1.2704983,1.8615351,1.3643808,0.020441962406039238,0.10195040702819824,0.015485592186450958,0.12444111704826355
852,1.8664665222167969,1e-07,1.27049,1.8615103,1.3643718,0.020439645275473595,0.10194292664527893,0.01548327412456274,0.1244318038225174
853,1.8664411306381226,1e-07,1.2704818,1.8614849,1.3643625,0.020437391474843025,0.10193566977977753,0.01548102218657732,0.12442275881767273
854,1.8664159774780273,1e-07,1.2704736,1.8614597,1.3643532,0.02043507993221283,0.10192827880382538,0.015478712506592274,0.12441347539424896
855,1.866390585899353,1e-07,1.2704653,1.8614343,1.3643439,0.020432841032743454,0.10192111134529114,0.015476473607122898,0.12440447509288788
856,1.8663657903671265,1e-07,1.2704571,1.8614095,1.3643348,0.0204305462539196,0.10191372036933899,0.015474177896976471,0.12439525127410889
857,1.8663406372070312,1e-07,1.2704489,1.8613844,1.3643256,0.020428242161870003,0.10190631449222565,0.015471870079636574,0.12438597530126572
858,1.8663158416748047,1e-07,1.2704409,1.8613596,1.3643166,0.020425956696271896,0.10189904272556305,0.015469588339328766,0.1243767961859703
859,1.8662904500961304,1e-07,1.2704326,1.8613342,1.3643073,0.020423676818609238,0.10189171135425568,0.015467308461666107,0.12436763197183609
860,1.8662649393081665,1e-07,1.2704242,1.8613087,1.3642979,0.020421411842107773,0.10188436508178711,0.015465042553842068,0.12435852736234665
861,1.8662391901016235,1e-07,1.2704159,1.861283,1.3642884,0.02041911706328392,0.10187704861164093,0.01546274870634079,0.12434930354356766
862,1.8662137985229492,1e-07,1.2704076,1.8612576,1.3642792,0.020416855812072754,0.10186971724033356,0.015460488386452198,0.12434021383523941
863,1.8661891222000122,1e-07,1.2703995,1.8612329,1.3642701,0.02041458524763584,0.10186240077018738,0.015458213165402412,0.12433106452226639
864,1.866164207458496,1e-07,1.2703913,1.861208,1.3642609,0.020412296056747437,0.10185511410236359,0.015455927699804306,0.12432187050580978
865,1.8661390542984009,1e-07,1.2703831,1.8611828,1.3642517,0.020410019904375076,0.10184778273105621,0.015453650616109371,0.12431271374225616
866,1.866113305091858,1e-07,1.2703748,1.8611571,1.3642423,0.020407751202583313,0.10184052586555481,0.015451382845640182,0.12430359423160553
867,1.8660882711410522,1e-07,1.2703664,1.861132,1.3642331,0.020405512303113937,0.10183320939540863,0.015449144877493382,0.12429458647966385
868,1.8660627603530884,1e-07,1.2703582,1.8611065,1.3642237,0.020403165370225906,0.1018257588148117,0.015446797013282776,0.12428514659404755
869,1.866037368774414,1e-07,1.2703499,1.8610811,1.3642144,0.020400896668434143,0.1018185019493103,0.015444528311491013,0.12427601963281631
870,1.8660125732421875,1e-07,1.2703418,1.8610563,1.3642054,0.020398616790771484,0.10181118547916412,0.015442248433828354,0.1242668405175209
871,1.865986943244934,1e-07,1.2703334,1.8610307,1.364196,0.020396359264850616,0.10180386900901794,0.015439989045262337,0.12425775080919266
872,1.865963101387024,1e-07,1.2703255,1.8610069,1.3641872,0.020394086837768555,0.10179641842842102,0.015437716618180275,0.12424860894680023
873,1.8659368753433228,1e-07,1.270317,1.8609806,1.3641776,0.02039182186126709,0.10178929567337036,0.01543545164167881,0.1242394894361496
874,1.8659125566482544,1e-07,1.2703091,1.8609563,1.3641688,0.02038956992328167,0.10178199410438538,0.015433202497661114,0.12423044443130493
875,1.8658863306045532,1e-07,1.2703005,1.8609301,1.3641591,0.020387252792716026,0.10177460312843323,0.01543088536709547,0.12422111630439758
876,1.8658615350723267,1e-07,1.2702924,1.8609053,1.36415,0.020384958013892174,0.10176721215248108,0.015428589656949043,0.1242118775844574
877,1.865836501121521,1e-07,1.2702842,1.8608803,1.3641409,0.020382685586810112,0.10175985097885132,0.01542631909251213,0.12420273572206497
878,1.8658103942871094,1e-07,1.2702757,1.8608541,1.3641313,0.020380442962050438,0.10175266861915588,0.015424076467752457,0.1241937056183815
879,1.8657859563827515,1e-07,1.2702676,1.8608297,1.3641223,0.02037816308438778,0.10174532234668732,0.015421796590089798,0.12418452650308609
880,1.865761160850525,1e-07,1.2702596,1.8608049,1.3641132,0.020375913009047508,0.10173802077770233,0.015419545583426952,0.12417546659708023
881,1.865735650062561,1e-07,1.2702513,1.8607794,1.3641039,0.020373599603772163,0.10173055529594421,0.015417233109474182,0.12416615337133408
882,1.865709900856018,1e-07,1.2702428,1.8607537,1.3640945,0.02037130855023861,0.10172329843044281,0.015414940193295479,0.12415691465139389
883,1.8656859397888184,1e-07,1.270235,1.8607297,1.3640857,0.020369062200188637,0.1017160415649414,0.015412695705890656,0.12414787709712982
884,1.8656600713729858,1e-07,1.2702266,1.8607038,1.3640761,0.020366812124848366,0.10170876979827881,0.01541044469922781,0.12413880974054337
885,1.8656355142593384,1e-07,1.2702185,1.8606793,1.3640672,0.02036450244486332,0.10170137882232666,0.015408135950565338,0.1241295114159584
886,1.865610122680664,1e-07,1.2702101,1.8606539,1.3640579,0.020362233743071556,0.10169397294521332,0.015405867248773575,0.12412037700414658
887,1.865584373474121,1e-07,1.2702018,1.8606281,1.3640485,0.02035999484360218,0.10168668627738953,0.01540362648665905,0.1241113469004631
888,1.865559458732605,1e-07,1.2701937,1.8606032,1.3640393,0.02035767026245594,0.10167928040027618,0.015401304699480534,0.12410199642181396
889,1.8655341863632202,1e-07,1.2701854,1.860578,1.36403,0.02035543881356716,0.10167206823825836,0.01539907231926918,0.12409299612045288
890,1.8655085563659668,1e-07,1.270177,1.8605523,1.3640206,0.020353196188807487,0.10166484117507935,0.015396827831864357,0.12408395111560822
891,1.8654836416244507,1e-07,1.2701689,1.8605274,1.3640115,0.020350905135273933,0.1016574501991272,0.015394536778330803,0.12407471984624863
892,1.8654576539993286,1e-07,1.2701603,1.8605014,1.364002,0.020348604768514633,0.10165004432201385,0.015392238274216652,0.12406545877456665
893,1.8654335737228394,1e-07,1.2701524,1.8604773,1.3639932,0.02034636028110981,0.10164281725883484,0.015389993786811829,0.12405641376972198
894,1.8654084205627441,1e-07,1.2701442,1.8604522,1.363984,0.020344054326415062,0.1016353964805603,0.01538768783211708,0.12404712289571762
895,1.865383267402649,1e-07,1.2701361,1.860427,1.3639747,0.02034182660281658,0.10162818431854248,0.015385458245873451,0.12403813004493713
896,1.8653570413589478,1e-07,1.2701274,1.8604008,1.3639652,0.020339537411928177,0.1016208827495575,0.01538317371159792,0.12402892112731934
897,1.8653321266174316,1e-07,1.2701193,1.8603759,1.363956,0.020337261259555817,0.10161341726779938,0.01538089755922556,0.12401974946260452
898,1.8653068542480469,1e-07,1.2701111,1.8603506,1.3639467,0.020335016772150993,0.10160622000694275,0.015378648415207863,0.12401068210601807
899,1.8652821779251099,1e-07,1.270103,1.8603259,1.3639376,0.0203327015042305,0.10159869492053986,0.015376335009932518,0.12400135397911072
900,1.865256667137146,1e-07,1.2700948,1.8603004,1.3639283,0.020330464467406273,0.10159148275852203,0.015374096110463142,0.12399232387542725
901,1.865230917930603,1e-07,1.2700863,1.8602747,1.3639189,0.020328210666775703,0.10158425569534302,0.015371845103800297,0.1239832416176796
902,1.8652065992355347,1e-07,1.2700782,1.8602504,1.36391,0.02032593823969364,0.10157687962055206,0.01536957174539566,0.12397407740354538
903,1.86518132686615,1e-07,1.27007,1.8602251,1.3639007,0.020323703065514565,0.10156972706317902,0.015367337502539158,0.1239650622010231
904,1.8651553392410278,1e-07,1.2700615,1.8601991,1.3638911,0.020321419462561607,0.10156230628490448,0.015365051105618477,0.12395584583282471
905,1.8651307821273804,1e-07,1.2700535,1.8601745,1.3638822,0.020319180563092232,0.10155501961708069,0.01536281406879425,0.12394682317972183
906,1.8651050329208374,1e-07,1.2700452,1.8601488,1.3638728,0.020316844806075096,0.10154750943183899,0.015360478311777115,0.12393739819526672
907,1.8650802373886108,1e-07,1.2700368,1.860124,1.3638636,0.02031460776925087,0.10154029726982117,0.015358243137598038,0.12392837554216385
908,1.8650550842285156,1e-07,1.2700287,1.8600988,1.3638544,0.020312344655394554,0.10153302550315857,0.015355977229773998,0.12391923367977142
909,1.8650296926498413,1e-07,1.2700205,1.8600734,1.3638451,0.0203100498765707,0.10152556002140045,0.015353681519627571,0.12390997260808945
910,1.8650048971176147,1e-07,1.2700124,1.8600487,1.363836,0.020307814702391624,0.10151843726634979,0.015351446345448494,0.12390095740556717
911,1.8649793863296509,1e-07,1.2700042,1.8600231,1.3638266,0.02030554600059986,0.10151101648807526,0.01534917764365673,0.12389180064201355
912,1.8649539947509766,1e-07,1.2699957,1.8599977,1.3638173,0.020303314551711082,0.10150386393070221,0.015346946194767952,0.12388279289007187
913,1.8649290800094604,1e-07,1.2699877,1.8599728,1.3638082,0.02030101604759693,0.10149642825126648,0.01534464955329895,0.1238735243678093
914,1.8649038076400757,1e-07,1.2699794,1.8599476,1.363799,0.020298758521676064,0.1014891117811203,0.015342392027378082,0.12386441230773926
915,1.8648790121078491,1e-07,1.2699711,1.8599228,1.3637898,0.02029648795723915,0.10148173570632935,0.015340122394263744,0.12385524809360504
916,1.8648535013198853,1e-07,1.2699628,1.8598973,1.3637805,0.020294222980737686,0.10147438943386078,0.015337856486439705,0.12384609878063202
917,1.8648284673690796,1e-07,1.2699547,1.8598722,1.3637713,0.020291976630687714,0.1014670878648758,0.015335611999034882,0.12383703887462616
918,1.8648033142089844,1e-07,1.2699463,1.8598471,1.3637621,0.020289737731218338,0.10145996510982513,0.015333371236920357,0.1238279938697815
919,1.8647783994674683,1e-07,1.2699382,1.8598222,1.363753,0.020287426188588142,0.10145242512226105,0.01533106341958046,0.12381867319345474
920,1.8647531270980835,1e-07,1.26993,1.8597969,1.3637437,0.02028515934944153,0.10144504904747009,0.015328792855143547,0.12380950152873993
921,1.8647273778915405,1e-07,1.2699215,1.8597711,1.3637342,0.02028292417526245,0.10143780708312988,0.01532655768096447,0.12380047887563705
922,1.8647022247314453,1e-07,1.2699133,1.859746,1.3637251,0.02028065361082554,0.1014305055141449,0.015324289910495281,0.12379131466150284
923,1.86467707157135,1e-07,1.2699052,1.8597208,1.3637158,0.02027842216193676,0.10142332315444946,0.015322060324251652,0.12378230690956116
924,1.8646526336669922,1e-07,1.2698971,1.8596964,1.3637068,0.0202761422842741,0.10141585767269135,0.01531977765262127,0.12377309054136276
925,1.864627480506897,1e-07,1.2698889,1.8596712,1.3636976,0.020273888483643532,0.10140863060951233,0.015317526645958424,0.12376399338245392
926,1.864601731300354,1e-07,1.2698805,1.8596455,1.3636882,0.020271601155400276,0.10140115022659302,0.015315238386392593,0.12375475466251373
927,1.864576816558838,1e-07,1.2698723,1.8596206,1.363679,0.020269373431801796,0.10139399766921997,0.015313010662794113,0.12374574691057205
928,1.8645519018173218,1e-07,1.2698642,1.8595957,1.3636699,0.020267082378268242,0.10138647258281708,0.01531071774661541,0.12373648583889008
929,1.8645259141921997,1e-07,1.2698557,1.8595697,1.3636603,0.02026483602821827,0.10137930512428284,0.015308473259210587,0.12372741848230362
930,1.8645011186599731,1e-07,1.2698475,1.8595449,1.3636513,0.02026255615055561,0.10137185454368591,0.015306193381547928,0.12371820211410522
931,1.8644756078720093,1e-07,1.2698393,1.8595194,1.363642,0.02026027999818325,0.10136450827121735,0.015303915366530418,0.12370899319648743
932,1.8644508123397827,1e-07,1.2698312,1.8594946,1.3636328,0.020258041098713875,0.10135722160339355,0.015301676467061043,0.12369994819164276
933,1.8644251823425293,1e-07,1.2698227,1.8594689,1.3636235,0.02025577984750271,0.10134989023208618,0.015299417078495026,0.12369081377983093
934,1.8643999099731445,1e-07,1.2698145,1.8594437,1.3636142,0.02025352604687214,0.1013425886631012,0.015297161415219307,0.1236816942691803
935,1.8643749952316284,1e-07,1.2698063,1.8594187,1.363605,0.020251253619790077,0.10133524239063263,0.01529488991945982,0.12367250770330429
936,1.864349365234375,1e-07,1.2697979,1.8593931,1.3635956,0.020248999819159508,0.10132795572280884,0.015292637050151825,0.12366340309381485
937,1.864324927330017,1e-07,1.26979,1.8593687,1.3635867,0.02024676464498043,0.10132060945034027,0.015290401875972748,0.12365436553955078
938,1.8642994165420532,1e-07,1.2697816,1.8593432,1.3635774,0.020244503393769264,0.10131330788135529,0.015288138762116432,0.12364521622657776
939,1.8642736673355103,1e-07,1.2697731,1.8593174,1.363568,0.02024220861494541,0.10130594670772552,0.01528584398329258,0.12363593280315399
940,1.8642486333847046,1e-07,1.269765,1.8592924,1.3635588,0.02024000696837902,0.10129876434803009,0.015283645130693913,0.12362703680992126
941,1.8642243146896362,1e-07,1.2697572,1.8592681,1.3635498,0.020237719640135765,0.10129135847091675,0.015281356871128082,0.12361778318881989
942,1.8641992807388306,1e-07,1.2697488,1.859243,1.3635406,0.020235484465956688,0.10128417611122131,0.015279119834303856,0.12360873818397522
943,1.864174246788025,1e-07,1.2697407,1.859218,1.3635315,0.020233245566487312,0.10127680003643036,0.01527688093483448,0.12359967827796936
944,1.864148497581482,1e-07,1.2697324,1.8591923,1.363522,0.020230965688824654,0.1012694239616394,0.015274601057171822,0.12359045445919037
945,1.8641232252120972,1e-07,1.269724,1.859167,1.3635128,0.020228726789355278,0.10126219689846039,0.015272362157702446,0.1235814020037651
946,1.8640975952148438,1e-07,1.2697157,1.8591413,1.3635033,0.020226458087563515,0.10125480592250824,0.015270095318555832,0.12357223033905029
947,1.8640726804733276,1e-07,1.2697074,1.8591164,1.3634942,0.02022421546280384,0.10124751925468445,0.015267850831151009,0.12356314808130264
948,1.8640475273132324,1e-07,1.2696992,1.8590913,1.363485,0.020221969112753868,0.10124024748802185,0.015265604481101036,0.1235540583729744
949,1.8640228509902954,1e-07,1.2696912,1.8590666,1.3634759,0.02021968923509121,0.10123279690742493,0.015263326466083527,0.1235448345541954
950,1.8639975786209106,1e-07,1.2696829,1.8590413,1.3634666,0.020217424258589745,0.10122546553611755,0.015261059626936913,0.12353566288948059
951,1.8639726638793945,1e-07,1.2696748,1.8590164,1.3634576,0.02021520771086216,0.10121826827526093,0.015258844941854477,0.12352669984102249
952,1.8639472723007202,1e-07,1.2696663,1.858991,1.3634483,0.020212886855006218,0.10121072828769684,0.015256524085998535,0.12351730465888977
953,1.863922119140625,1e-07,1.2696582,1.8589659,1.363439,0.02021065540611744,0.10120345652103424,0.015254292637109756,0.1235082671046257
954,1.863896369934082,1e-07,1.2696499,1.8589401,1.3634295,0.02020839788019657,0.10119614005088806,0.015252035111188889,0.12349913269281387
955,1.8638709783554077,1e-07,1.2696415,1.8589147,1.3634202,0.02020617388188839,0.10118883848190308,0.015249809250235558,0.1234901174902916
956,1.8638458251953125,1e-07,1.2696333,1.8588896,1.363411,0.020203879103064537,0.10118146240711212,0.015247516334056854,0.12348083406686783
957,1.8638216257095337,1e-07,1.2696253,1.8588654,1.3634021,0.020201684907078743,0.10117429494857788,0.015245321206748486,0.1234719455242157
958,1.8637956380844116,1e-07,1.269617,1.8588394,1.3633926,0.020199408754706383,0.10116682946681976,0.015243046917021275,0.1234627366065979
959,1.8637713193893433,1e-07,1.269609,1.8588151,1.3633837,0.02019716240465641,0.10115954279899597,0.015240797773003578,0.12345362454652786
960,1.8637453317642212,1e-07,1.2696005,1.8587891,1.3633741,0.020194893702864647,0.10115218162536621,0.015238530933856964,0.12344444543123245
961,1.8637208938598633,1e-07,1.2695924,1.8587646,1.3633652,0.02019270323216915,0.10114502906799316,0.015236340463161469,0.12343557178974152
962,1.8636947870254517,1e-07,1.269584,1.8587385,1.3633556,0.020190371200442314,0.10113753378391266,0.015234006568789482,0.12342611700296402
963,1.863669991493225,1e-07,1.2695757,1.8587137,1.3633466,0.020188163965940475,0.10113030672073364,0.015231803059577942,0.1234171912074089
964,1.8636441230773926,1e-07,1.2695674,1.8586879,1.363337,0.020185887813568115,0.10112287104129791,0.015229525044560432,0.12340795993804932
965,1.8636201620101929,1e-07,1.2695595,1.8586639,1.3633282,0.020183660089969635,0.10111561417579651,0.015227297320961952,0.12339893728494644
966,1.8635945320129395,1e-07,1.269551,1.8586383,1.3633188,0.020181413739919662,0.10110832750797272,0.015225053764879704,0.1233898475766182
967,1.8635683059692383,1e-07,1.2695426,1.8586121,1.3633093,0.02017918974161148,0.1011011004447937,0.015222826972603798,0.12338081747293472
968,1.8635438680648804,1e-07,1.2695345,1.8585876,1.3633003,0.020176924765110016,0.10109373927116394,0.015220563858747482,0.12337164580821991
969,1.8635183572769165,1e-07,1.2695262,1.8585621,1.3632909,0.020174667239189148,0.10108634829521179,0.01521830540150404,0.12336249649524689
970,1.86349356174469,1e-07,1.269518,1.8585373,1.3632818,0.02017241343855858,0.10107892751693726,0.015216052532196045,0.12335336208343506
971,1.8634685277938843,1e-07,1.2695099,1.8585123,1.3632727,0.0201701857149601,0.10107176005840302,0.015213822945952415,0.12334432452917099
972,1.8634430170059204,1e-07,1.2695016,1.8584868,1.3632632,0.020167917013168335,0.10106436908245087,0.015211554244160652,0.12333513051271439
973,1.8634182214736938,1e-07,1.2694935,1.858462,1.3632542,0.020165693014860153,0.10105706751346588,0.01520933210849762,0.1233261227607727
974,1.8633919954299927,1e-07,1.2694849,1.8584358,1.3632445,0.020163409411907196,0.10104967653751373,0.015207046642899513,0.12331685423851013
975,1.8633674383163452,1e-07,1.2694768,1.8584112,1.3632356,0.02016119472682476,0.10104253888130188,0.015204833820462227,0.12330788373947144
976,1.8633428812026978,1e-07,1.2694688,1.8583866,1.3632265,0.020158907398581505,0.1010349839925766,0.01520254835486412,0.12329861521720886
977,1.8633168935775757,1e-07,1.2694602,1.8583606,1.363217,0.020156685262918472,0.10102781653404236,0.01520032249391079,0.12328958511352539
978,1.8632913827896118,1e-07,1.269452,1.8583351,1.3632077,0.020154431462287903,0.10102042555809021,0.01519807055592537,0.12328045815229416
979,1.863266944885254,1e-07,1.2694439,1.8583107,1.3631988,0.020152196288108826,0.1010131686925888,0.015195836313068867,0.1232713907957077
980,1.8632416725158691,1e-07,1.2694358,1.8582854,1.3631895,0.02014995738863945,0.10100588202476501,0.015193594619631767,0.12326230108737946
981,1.8632168769836426,1e-07,1.2694275,1.8582606,1.3631803,0.02014768496155739,0.10099843144416809,0.015191322192549706,0.12325308471918106
982,1.863190770149231,1e-07,1.269419,1.8582345,1.3631707,0.020145505666732788,0.10099133849143982,0.015189145691692829,0.1232442557811737
983,1.8631659746170044,1e-07,1.269411,1.8582097,1.3631617,0.020143169909715652,0.10098369419574738,0.01518680714070797,0.12323476374149323
984,1.8631407022476196,1e-07,1.2694027,1.8581845,1.3631524,0.020140986889600754,0.10097654163837433,0.01518462598323822,0.12322591245174408
985,1.863115668296814,1e-07,1.2693943,1.8581594,1.3631432,0.02013872005045414,0.10096915066242218,0.015182359144091606,0.12321671843528748
986,1.8630906343460083,1e-07,1.2693862,1.8581344,1.363134,0.020136503502726555,0.10096198320388794,0.01518014445900917,0.12320772558450699
987,1.8630657196044922,1e-07,1.2693781,1.8581095,1.3631248,0.02013423852622509,0.10095453262329102,0.015177879482507706,0.12319853901863098
988,1.8630396127700806,1e-07,1.2693697,1.8580834,1.3631153,0.020132023841142654,0.1009472906589508,0.01517566293478012,0.1231895387172699
989,1.8630151748657227,1e-07,1.2693615,1.8580589,1.3631064,0.02012980543076992,0.1009400486946106,0.015173446387052536,0.12318054586648941
990,1.8629897832870483,1e-07,1.2693533,1.8580335,1.3630971,0.020127536728978157,0.10093265771865845,0.015171178616583347,0.12317133694887161
991,1.8629647493362427,1e-07,1.2693452,1.8580085,1.3630879,0.02012528106570244,0.10092529654502869,0.015168920159339905,0.1231621727347374
992,1.8629393577575684,1e-07,1.2693368,1.8579831,1.3630786,0.02012302540242672,0.1009180098772049,0.01516666729003191,0.12315302342176437
993,1.862913727760315,1e-07,1.2693284,1.8579575,1.3630692,0.02012077532708645,0.10091055929660797,0.015164417214691639,0.12314388900995255
994,1.8628896474838257,1e-07,1.2693204,1.8579334,1.3630604,0.020118532702326775,0.10090327262878418,0.01516217365860939,0.12313477694988251
995,1.8628641366958618,1e-07,1.269312,1.8579079,1.3630509,0.020116282626986504,0.1008959412574768,0.01515992358326912,0.12312564253807068
996,1.862837791442871,1e-07,1.2693036,1.8578815,1.3630413,0.020114069804549217,0.10088863968849182,0.015157709829509258,0.12311664968729019
997,1.8628135919570923,1e-07,1.2692956,1.8578573,1.3630325,0.02011185511946678,0.100881427526474,0.015155495144426823,0.1231076568365097
998,1.862788200378418,1e-07,1.2692872,1.857832,1.363023,0.020109577104449272,0.10087397694587708,0.015153218060731888,0.12309841066598892
999,1.8627629280090332,1e-07,1.2692791,1.8578067,1.3630139,0.02010735683143139,0.10086679458618164,0.01515099685639143,0.12308938801288605
1000,1.8627376556396484,1e-07,1.2692708,1.8577814,1.3630046,0.020105106756091118,0.10085940361022949,0.015148748643696308,0.12308025360107422
1001,1.8627122640609741,1e-07,1.2692624,1.857756,1.3629953,0.02010284923017025,0.10085207223892212,0.015146490186452866,0.12307107448577881
1002,1.8626872301101685,1e-07,1.2692542,1.857731,1.3629861,0.02010062150657177,0.10084480047225952,0.015144262462854385,0.12306202948093414
1003,1.862662672996521,1e-07,1.2692462,1.8577064,1.362977,0.020098375156521797,0.10083736479282379,0.015142016112804413,0.12305290251970291
1004,1.862636923789978,1e-07,1.2692376,1.8576807,1.3629676,0.020096177235245705,0.10083013772964478,0.01513981819152832,0.1230439692735672
1005,1.8626117706298828,1e-07,1.2692295,1.8576555,1.3629584,0.02009391225874424,0.1008228212594986,0.01513755414634943,0.12303476780653
1006,1.8625866174697876,1e-07,1.2692213,1.8576304,1.3629491,0.020091643556952477,0.10081537067890167,0.015135282650589943,0.12302553653717041
1007,1.8625612258911133,1e-07,1.2692131,1.857605,1.3629398,0.02008943445980549,0.10080814361572266,0.015133073553442955,0.12301655858755112
1008,1.862536072731018,1e-07,1.269205,1.8575798,1.3629307,0.02008719928562641,0.10080085694789886,0.015130838379263878,0.12300747632980347
1009,1.8625108003616333,1e-07,1.2691965,1.8575546,1.3629214,0.020084965974092484,0.10079346597194672,0.0151286069303751,0.12299840152263641
1010,1.8624860048294067,1e-07,1.2691884,1.8575298,1.3629122,0.020082756876945496,0.10078626871109009,0.01512639969587326,0.12298943102359772
1011,1.862460970878601,1e-07,1.2691802,1.8575047,1.362903,0.020080488175153732,0.10077881813049316,0.015124129131436348,0.12298019975423813
1012,1.8624356985092163,1e-07,1.2691721,1.8574795,1.3628938,0.02007826790213585,0.10077154636383057,0.015121910721063614,0.12297117710113525
1013,1.8624106645584106,1e-07,1.2691637,1.8574544,1.3628846,0.020075969398021698,0.10076406598091125,0.015119612216949463,0.12296183407306671
1014,1.8623853921890259,1e-07,1.2691554,1.8574291,1.3628753,0.0200737863779068,0.10075689852237701,0.01511742826551199,0.12295295298099518
1015,1.8623595237731934,1e-07,1.269147,1.8574033,1.3628658,0.020071592181921005,0.100749671459198,0.01511523500084877,0.12294403463602066
1016,1.8623346090316772,1e-07,1.2691388,1.8573784,1.3628567,0.020069269463419914,0.10074213147163391,0.015112914144992828,0.12293459475040436
1017,1.8623098134994507,1e-07,1.2691308,1.8573536,1.3628476,0.020067084580659866,0.10073496401309967,0.015110726468265057,0.12292569130659103
1018,1.8622854948043823,1e-07,1.2691227,1.8573292,1.3628386,0.0200648233294487,0.10072749853134155,0.01510846521705389,0.12291649729013443
1019,1.8622593879699707,1e-07,1.2691141,1.8573031,1.3628291,0.020062610507011414,0.10072030127048492,0.015106253325939178,0.12290749698877335
1020,1.8622337579727173,1e-07,1.2691059,1.8572775,1.3628197,0.020060356706380844,0.10071288049221039,0.015103999525308609,0.12289833277463913
1021,1.8622089624404907,1e-07,1.2690977,1.8572527,1.3628106,0.02005811408162117,0.1007055938243866,0.015101755037903786,0.1228891983628273
1022,1.862183928489685,1e-07,1.2690896,1.8572277,1.3628014,0.020055923610925674,0.100698322057724,0.015099565498530865,0.12288028746843338
1023,1.8621588945388794,1e-07,1.2690815,1.8572026,1.3627923,0.02005370706319809,0.10069108009338379,0.01509734895080328,0.1228712722659111
1024,1.8621336221694946,1e-07,1.2690731,1.8571774,1.362783,0.020051438361406326,0.10068364441394806,0.015095079317688942,0.12286203354597092
1025,1.8621081113815308,1e-07,1.2690648,1.8571519,1.3627735,0.020049188286066055,0.10067619383335114,0.015092829242348671,0.1228528767824173
1026,1.8620833158493042,1e-07,1.2690567,1.8571271,1.3627645,0.020046979188919067,0.10066905617713928,0.015090621076524258,0.12284389138221741
1027,1.862058162689209,1e-07,1.2690483,1.8571019,1.3627553,0.020044783130288124,0.10066178441047668,0.015088425949215889,0.1228349506855011
1028,1.8620325326919556,1e-07,1.26904,1.8570763,1.3627459,0.020042479038238525,0.1006542295217514,0.015086119994521141,0.12282557040452957
1029,1.862007737159729,1e-07,1.2690319,1.8570515,1.3627368,0.020040299743413925,0.10064704716205597,0.01508394256234169,0.12281670421361923
1030,1.861981987953186,1e-07,1.2690235,1.8570257,1.3627273,0.020038072019815445,0.10063976049423218,0.015081713907420635,0.12280762940645218
1031,1.8619571924209595,1e-07,1.2690154,1.857001,1.3627182,0.02003580704331398,0.10063233971595764,0.015079449862241745,0.12279841303825378
1032,1.861932396888733,1e-07,1.2690072,1.8569762,1.3627092,0.020033568143844604,0.10062497854232788,0.01507721096277237,0.12278929352760315
1033,1.8619073629379272,1e-07,1.268999,1.8569511,1.3627,0.020031366497278214,0.10061779618263245,0.015075010247528553,0.12278033047914505
1034,1.8618812561035156,1e-07,1.2689905,1.856925,1.3626903,0.020029131323099136,0.10061043500900269,0.015072774142026901,0.12277122586965561
1035,1.861856460571289,1e-07,1.2689825,1.8569002,1.3626813,0.020026933401823044,0.10060323774814606,0.01507057435810566,0.1227622702717781
1036,1.8618310689926147,1e-07,1.268974,1.8568748,1.362672,0.020024679601192474,0.10059581696987152,0.01506832055747509,0.1227530911564827
1037,1.8618059158325195,1e-07,1.2689658,1.8568497,1.3626627,0.020022399723529816,0.10058829188346863,0.015066040679812431,0.12274380028247833
1038,1.8617807626724243,1e-07,1.2689576,1.8568245,1.3626535,0.020020192489027977,0.1005810797214508,0.015063838101923466,0.12273482978343964
1039,1.8617554903030396,1e-07,1.2689492,1.8567992,1.3626442,0.020017970353364944,0.10057380795478821,0.01506161130964756,0.12272575497627258
1040,1.8617304563522339,1e-07,1.268941,1.8567742,1.362635,0.020015757530927658,0.10056649148464203,0.015059400349855423,0.1227167472243309
1041,1.8617044687271118,1e-07,1.2689327,1.8567482,1.3626255,0.020013513043522835,0.10055920481681824,0.0150571558624506,0.12270760536193848
1042,1.8616803884506226,1e-07,1.2689248,1.8567241,1.3626167,0.02001130022108555,0.10055185854434967,0.015054945833981037,0.1226985976099968
1043,1.8616548776626587,1e-07,1.2689165,1.8566986,1.3626072,0.02000909484922886,0.10054461658000946,0.015052740462124348,0.1226896122097969
1044,1.8616304397583008,1e-07,1.2689084,1.8566742,1.3625983,0.020006803795695305,0.10053712129592896,0.015050448477268219,0.12268026918172836
1045,1.8616045713424683,1e-07,1.2688999,1.8566483,1.3625889,0.020004579797387123,0.10052981972694397,0.015048222616314888,0.12267119437456131
1046,1.8615798950195312,1e-07,1.2688919,1.8566236,1.3625798,0.020002419129014015,0.10052266716957092,0.01504606381058693,0.12266239523887634
1047,1.8615541458129883,1e-07,1.2688833,1.8565979,1.3625703,0.020000150427222252,0.10051515698432922,0.015043793246150017,0.12265314161777496
1048,1.8615288734436035,1e-07,1.2688752,1.8565726,1.3625611,0.01999789848923683,0.10050776600837708,0.015041539445519447,0.12264395505189896
1049,1.8615046739578247,1e-07,1.2688674,1.8565484,1.3625522,0.019995711743831635,0.10050059854984283,0.015039355494081974,0.12263505160808563
1050,1.8614784479141235,1e-07,1.2688586,1.8565222,1.3625425,0.01999342441558838,0.10049310326576233,0.015037067234516144,0.12262572348117828
1051,1.8614535331726074,1e-07,1.2688504,1.8564973,1.3625335,0.019991282373666763,0.10048606991767883,0.015034923329949379,0.1226169764995575
1052,1.8614286184310913,1e-07,1.2688423,1.8564724,1.3625243,0.019989028573036194,0.10047869384288788,0.015032671391963959,0.12260779738426208
1053,1.8614038228988647,1e-07,1.2688341,1.8564476,1.3625152,0.01998683623969555,0.1004713773727417,0.015030479058623314,0.12259885668754578
1054,1.86137855052948,1e-07,1.268826,1.8564223,1.3625059,0.019984574988484383,0.10046397149562836,0.015028217807412148,0.12258963286876678
1055,1.8613529205322266,1e-07,1.2688175,1.8563967,1.3624965,0.019982341676950455,0.10045658051967621,0.015025986358523369,0.12258052825927734
1056,1.8613275289535522,1e-07,1.2688093,1.8563713,1.3624872,0.019980154931545258,0.10044945776462555,0.015023801475763321,0.12257161736488342
1057,1.861302375793457,1e-07,1.2688011,1.8563461,1.3624779,0.01997789368033409,0.10044196248054504,0.015021540224552155,0.12256239354610443
1058,1.8612769842147827,1e-07,1.2687927,1.8563207,1.3624686,0.01997566968202591,0.10043463110923767,0.015019314363598824,0.12255331128835678
1059,1.8612521886825562,1e-07,1.2687846,1.856296,1.3624595,0.019973453134298325,0.10042731463909149,0.015017099678516388,0.12254427373409271
1060,1.861227035522461,1e-07,1.2687763,1.8562708,1.3624502,0.019971229135990143,0.10041993856430054,0.015014873817563057,0.12253519147634506
1061,1.8612016439437866,1e-07,1.268768,1.8562454,1.362441,0.019969021901488304,0.10041268169879913,0.015012664720416069,0.12252617627382278
1062,1.86117684841156,1e-07,1.26876,1.8562206,1.3624319,0.01996679976582527,0.10040543973445892,0.015010444447398186,0.12251711636781693
1063,1.8611520528793335,1e-07,1.2687517,1.8561958,1.3624228,0.019964586943387985,0.10039809346199036,0.015008232556283474,0.12250809371471405
1064,1.8611263036727905,1e-07,1.2687434,1.85617,1.3624133,0.019962333142757416,0.10039061307907104,0.01500597782433033,0.12249889224767685
1065,1.8611007928848267,1e-07,1.268735,1.8561445,1.362404,0.019960131496191025,0.10038331151008606,0.015003776177763939,0.12248989939689636
1066,1.8610754013061523,1e-07,1.2687266,1.8561192,1.3623947,0.019957926124334335,0.1003761887550354,0.015001572668552399,0.12248090654611588
1067,1.8610509634017944,1e-07,1.2687187,1.8560947,1.3623856,0.019955668598413467,0.10036876797676086,0.014999313279986382,0.12247168272733688
1068,1.8610252141952515,1e-07,1.2687103,1.856069,1.3623762,0.019953452050685883,0.1003614217042923,0.014997096732258797,0.12246263772249222
1069,1.861000418663025,1e-07,1.2687021,1.8560442,1.3623672,0.019951231777668,0.1003541350364685,0.014994876459240913,0.12245357036590576
1070,1.8609758615493774,1e-07,1.268694,1.8560196,1.3623581,0.0199490487575531,0.10034686326980591,0.01499269437044859,0.12244465947151184
1071,1.860949993133545,1e-07,1.2686857,1.8559937,1.3623486,0.019946787506341934,0.10033944249153137,0.014990433119237423,0.12243542075157166
1072,1.8609250783920288,1e-07,1.2686776,1.8559688,1.3623395,0.01994458958506584,0.10033221542835236,0.014988234266638756,0.12242644280195236
1073,1.8609002828598022,1e-07,1.2686695,1.855944,1.3623303,0.019942384213209152,0.10032495856285095,0.014986029826104641,0.12241744250059128
1074,1.860873818397522,1e-07,1.2686608,1.8559176,1.3623207,0.019940152764320374,0.10031753778457642,0.014983797445893288,0.12240832298994064
1075,1.8608489036560059,1e-07,1.2686526,1.8558927,1.3623115,0.019937898963689804,0.10031008720397949,0.014981545507907867,0.12239912152290344
1076,1.8608241081237793,1e-07,1.2686445,1.8558679,1.3623024,0.019935719668865204,0.10030297935009003,0.014979364350438118,0.12239021062850952
1077,1.8607988357543945,1e-07,1.2686362,1.8558426,1.3622931,0.019933488219976425,0.10029557347297668,0.01497713290154934,0.12238109856843948
1078,1.8607736825942993,1e-07,1.268628,1.8558174,1.362284,0.019931301474571228,0.1002882570028305,0.014974946156144142,0.12237216532230377
1079,1.8607488870620728,1e-07,1.2686199,1.8557926,1.3622748,0.019929077476263046,0.10028098523616791,0.01497272402048111,0.12236308306455612
1080,1.8607240915298462,1e-07,1.2686118,1.8557678,1.3622657,0.01992684230208397,0.10027360916137695,0.014970487914979458,0.1223539486527443
1081,1.8606981039047241,1e-07,1.2686033,1.8557419,1.3622562,0.019924677908420563,0.10026644170284271,0.014968323521316051,0.12234509736299515
1082,1.860672950744629,1e-07,1.2685951,1.8557167,1.362247,0.019922424107789993,0.10025902092456818,0.014966070652008057,0.12233589589595795
1083,1.8606480360031128,1e-07,1.2685868,1.8556918,1.3622378,0.01992017775774002,0.10025157034397125,0.014963825233280659,0.12232671678066254
1084,1.860622763633728,1e-07,1.2685784,1.8556665,1.3622285,0.019917994737625122,0.10024435818195343,0.014961641281843185,0.12231779098510742
1085,1.8605976104736328,1e-07,1.2685703,1.8556414,1.3622193,0.019915785640478134,0.10023707151412964,0.014959430322051048,0.12230875343084335
1086,1.8605726957321167,1e-07,1.2685621,1.8556165,1.3622102,0.01991353929042816,0.10022960603237152,0.014957183972001076,0.12229956686496735
1087,1.8605470657348633,1e-07,1.2685537,1.8555908,1.3622007,0.019911356270313263,0.10022246837615967,0.014955000951886177,0.12229064106941223
1088,1.8605226278305054,1e-07,1.2685457,1.8555664,1.3621918,0.019909098744392395,0.10021491348743439,0.014952745288610458,0.12228141725063324
1089,1.8604971170425415,1e-07,1.2685374,1.8555409,1.3621824,0.019906897097826004,0.10020764172077179,0.014950543642044067,0.12227241694927216
1090,1.860472321510315,1e-07,1.2685293,1.8555161,1.3621733,0.01990470290184021,0.10020044445991516,0.014948350377380848,0.12226344645023346
1091,1.8604463338851929,1e-07,1.2685207,1.8554901,1.3621638,0.019902478903532028,0.10019305348396301,0.014946125447750092,0.12225434929132462
1092,1.8604216575622559,1e-07,1.2685127,1.8554654,1.3621547,0.01990024372935295,0.10018564760684967,0.014943890273571014,0.12224520742893219
1093,1.860395908355713,1e-07,1.2685043,1.8554397,1.3621452,0.01989804580807686,0.10017846524715424,0.014941692352294922,0.1222362145781517
1094,1.8603709936141968,1e-07,1.268496,1.8554147,1.3621361,0.019895825535058975,0.1001710295677185,0.014939472079277039,0.12222713232040405
1095,1.860345482826233,1e-07,1.2684878,1.8553892,1.3621267,0.019893625751137733,0.10016369819641113,0.014937272295355797,0.12221813201904297
1096,1.8603200912475586,1e-07,1.2684795,1.8553638,1.3621174,0.019891439005732536,0.10015644133090973,0.0149350855499506,0.12220919132232666
1097,1.860295295715332,1e-07,1.2684712,1.855339,1.3621083,0.0198892280459404,0.10014930367469788,0.014932874590158463,0.1222001388669014
1098,1.8602709770202637,1e-07,1.2684633,1.8553147,1.3620994,0.019887011498212814,0.10014189779758453,0.014930658042430878,0.12219107151031494
1099,1.8602451086044312,1e-07,1.2684549,1.8552889,1.3620899,0.019884780049324036,0.10013449192047119,0.014928426593542099,0.12218193709850311
1100,1.860219955444336,1e-07,1.2684466,1.8552637,1.3620807,0.019882550463080406,0.10012707114219666,0.014926197938621044,0.12217281758785248
1101,1.8601945638656616,1e-07,1.2684383,1.8552383,1.3620713,0.01988033391535282,0.10011981427669525,0.01492398139089346,0.12216375023126602
1102,1.8601694107055664,1e-07,1.2684301,1.8552132,1.3620621,0.019878124818205833,0.10011246800422668,0.014921772293746471,0.12215470522642136
1103,1.8601449728012085,1e-07,1.268422,1.8551887,1.3620532,0.019875941798090935,0.10010522603988647,0.014919588342308998,0.12214576452970505
1104,1.8601192235946655,1e-07,1.2684137,1.855163,1.3620436,0.01987372525036335,0.10009787976741791,0.014917373657226562,0.12213669717311859
1105,1.8600941896438599,1e-07,1.2684054,1.855138,1.3620344,0.01987151987850666,0.10009056329727173,0.014915169216692448,0.12212767452001572
1106,1.860068917274475,1e-07,1.2683972,1.8551127,1.3620253,0.019869333133101463,0.10008332133293152,0.014912981539964676,0.12211871892213821
1107,1.8600444793701172,1e-07,1.2683891,1.8550882,1.3620162,0.01986709050834179,0.10007590055465698,0.014910739846527576,0.1221095398068428
1108,1.8600183725357056,1e-07,1.2683806,1.8550621,1.3620067,0.0198648814111948,0.10006856918334961,0.01490852888673544,0.12210048735141754
1109,1.8599929809570312,1e-07,1.2683722,1.8550367,1.3619974,0.01986268348991871,0.1000613123178482,0.014906331896781921,0.12209148705005646
1110,1.859967827796936,1e-07,1.2683641,1.8550116,1.3619881,0.01986047439277172,0.10005392134189606,0.014904120936989784,0.1220824345946312
1111,1.8599427938461304,1e-07,1.2683557,1.8549865,1.3619789,0.01985822059214115,0.10004648566246033,0.014901867136359215,0.1220732033252716
1112,1.8599181175231934,1e-07,1.2683477,1.8549619,1.3619698,0.019856026396155357,0.10003913938999176,0.014899673871695995,0.12206421792507172
1113,1.8598928451538086,1e-07,1.2683395,1.8549366,1.3619605,0.01985381543636322,0.10003180801868439,0.014897465705871582,0.12205517292022705
1114,1.8598679304122925,1e-07,1.2683314,1.8549117,1.3619515,0.019851665943861008,0.10002468526363373,0.01489531435072422,0.12204635888338089
1115,1.859843134880066,1e-07,1.2683232,1.8548869,1.3619423,0.01984943076968193,0.10001729428768158,0.014893081970512867,0.12203721702098846
1116,1.859817385673523,1e-07,1.2683148,1.8548611,1.3619329,0.01984720304608345,0.10000988841056824,0.014890851452946663,0.12202807515859604
1117,1.859792709350586,1e-07,1.2683067,1.8548365,1.3619238,0.01984500139951706,0.10000264644622803,0.014888651669025421,0.12201905995607376
1118,1.8597666025161743,1e-07,1.2682983,1.8548104,1.3619143,0.01984279230237007,0.09999535977840424,0.014886442571878433,0.1220100075006485
1119,1.8597415685653687,1e-07,1.2682899,1.8547853,1.361905,0.019840581342577934,0.09998801350593567,0.014884228818118572,0.12200094014406204
1120,1.859716773033142,1e-07,1.2682818,1.8547605,1.3618959,0.01983838900923729,0.09998059272766113,0.014882037416100502,0.12199195474386215
1121,1.8596915006637573,1e-07,1.2682735,1.8547353,1.3618866,0.019836165010929108,0.09997333586215973,0.01487981528043747,0.12198285013437271
1122,1.8596659898757935,1e-07,1.2682651,1.8547097,1.3618773,0.019834019243717194,0.09996619820594788,0.01487767044454813,0.12197405844926834
1123,1.859641671180725,1e-07,1.2682571,1.8546854,1.3618684,0.019831769168376923,0.09995868802070618,0.014875417575240135,0.12196481972932816
1124,1.8596159219741821,1e-07,1.2682489,1.8546597,1.361859,0.019829578697681427,0.09995150566101074,0.014873228967189789,0.12195584923028946
1125,1.8595913648605347,1e-07,1.2682408,1.8546351,1.3618499,0.01982736960053444,0.0999440997838974,0.014871018007397652,0.121946781873703
1126,1.859565258026123,1e-07,1.2682322,1.854609,1.3618402,0.019825126975774765,0.09993664920330048,0.014868775382637978,0.1219375878572464
1127,1.859540581703186,1e-07,1.2682241,1.8545843,1.3618312,0.019822925329208374,0.0999293178319931,0.014866575598716736,0.12192856520414352
1128,1.8595157861709595,1e-07,1.268216,1.8545595,1.3618221,0.019820716232061386,0.09992200136184692,0.014864364638924599,0.12191949784755707
1129,1.8594900369644165,1e-07,1.2682076,1.8545338,1.3618127,0.01981854811310768,0.09991471469402313,0.014862196519970894,0.12191060930490494
1130,1.8594655990600586,1e-07,1.2681996,1.8545094,1.3618038,0.0198163203895092,0.09990732371807098,0.014859970659017563,0.1219014823436737
1131,1.8594393730163574,1e-07,1.268191,1.8544831,1.3617941,0.01981409639120102,0.09989997744560242,0.014857747592031956,0.12189236283302307
1132,1.8594145774841309,1e-07,1.2681828,1.8544583,1.3617849,0.019811924546957016,0.0998927652835846,0.014855573885142803,0.12188344448804855
1133,1.8593896627426147,1e-07,1.2681745,1.8544334,1.3617759,0.01980973221361637,0.099885493516922,0.014853378757834435,0.12187443673610687
1134,1.8593645095825195,1e-07,1.2681664,1.8544083,1.3617666,0.019807573407888412,0.09987828135490417,0.014851223677396774,0.12186560034751892
1135,1.8593387603759766,1e-07,1.2681581,1.8543825,1.3617572,0.019805315881967545,0.09987080097198486,0.014848965220153332,0.12185633182525635
1136,1.8593143224716187,1e-07,1.26815,1.8543581,1.3617482,0.019803084433078766,0.09986339509487152,0.014846733771264553,0.12184717506170273
1137,1.8592891693115234,1e-07,1.2681419,1.8543329,1.3617389,0.019800886511802673,0.09985613822937012,0.014844534918665886,0.12183815240859985
1138,1.8592630624771118,1e-07,1.2681333,1.8543068,1.3617294,0.019798722118139267,0.09984883666038513,0.014842371456325054,0.12182927131652832
1139,1.8592389822006226,1e-07,1.2681253,1.8542827,1.3617206,0.019796524196863174,0.09984153509140015,0.014840172603726387,0.12182024866342545
1140,1.8592134714126587,1e-07,1.268117,1.8542572,1.3617111,0.01979430392384529,0.09983409941196442,0.014837954193353653,0.121811144053936
1141,1.8591890335083008,1e-07,1.268109,1.8542328,1.3617022,0.0197921060025692,0.09982682764530182,0.014835755340754986,0.12180211395025253
1142,1.8591628074645996,1e-07,1.2681003,1.8542066,1.3616925,0.019789893180131912,0.09981943666934967,0.014833541586995125,0.12179302424192429
1143,1.859136939048767,1e-07,1.2680918,1.8541807,1.361683,0.019787710160017014,0.09981203079223633,0.014831358566880226,0.12178406864404678
1144,1.859113097190857,1e-07,1.268084,1.8541569,1.3616743,0.01978549361228943,0.09980477392673492,0.014829142950475216,0.12177497148513794
1145,1.859087586402893,1e-07,1.2680757,1.8541313,1.3616649,0.019783303141593933,0.09979750216007233,0.014826953411102295,0.12176597863435745
1146,1.8590623140335083,1e-07,1.2680674,1.8541061,1.3616556,0.01978115551173687,0.09979033470153809,0.014824805781245232,0.1217571571469307
1147,1.8590373992919922,1e-07,1.2680593,1.8540812,1.3616465,0.019778894260525703,0.099782794713974,0.014822544530034065,0.12174787372350693
1148,1.8590115308761597,1e-07,1.2680508,1.8540553,1.361637,0.019776692613959312,0.09977550804615021,0.014820343814790249,0.12173883616924286
1149,1.8589868545532227,1e-07,1.2680427,1.8540306,1.3616279,0.019774483516812325,0.09976808726787567,0.014818133786320686,0.12172975391149521
1150,1.8589609861373901,1e-07,1.2680341,1.8540047,1.3616184,0.019772334024310112,0.09976093471050262,0.014815984293818474,0.12172092497348785
1151,1.8589367866516113,1e-07,1.2680264,1.8539805,1.3616096,0.019770143553614616,0.09975364804267883,0.014813793823122978,0.12171193212270737
1152,1.8589105606079102,1e-07,1.2680178,1.8539543,1.3615999,0.019767900928854942,0.09974619746208191,0.014811553061008453,0.12170272320508957
1153,1.8588857650756836,1e-07,1.2680095,1.8539295,1.3615909,0.019765743985772133,0.09973898530006409,0.01480939518660307,0.12169385701417923
1154,1.8588604927062988,1e-07,1.2680012,1.8539042,1.3615816,0.019763531163334846,0.09973159432411194,0.014807183295488358,0.12168476730585098
1155,1.858835220336914,1e-07,1.267993,1.853879,1.3615723,0.01976131834089756,0.09972426295280457,0.014804971404373646,0.12167567759752274
1156,1.858810305595398,1e-07,1.2679849,1.8538541,1.3615631,0.019759105518460274,0.09971684217453003,0.014802757650613785,0.12166658043861389
1157,1.858785629272461,1e-07,1.2679768,1.8538294,1.361554,0.019756970927119255,0.09970961511135101,0.014800621196627617,0.12165780365467072
1158,1.8587595224380493,1e-07,1.2679683,1.8538033,1.3615445,0.01975470595061779,0.09970220923423767,0.014798359014093876,0.12164850533008575
1159,1.858735203742981,1e-07,1.2679602,1.853779,1.3615355,0.019752545282244682,0.0996948778629303,0.014796195551753044,0.12163961678743362
1160,1.8587098121643066,1e-07,1.267952,1.8537536,1.3615261,0.019750360399484634,0.09968775510787964,0.014794012531638145,0.12163063883781433
1161,1.8586851358413696,1e-07,1.2679439,1.8537289,1.3615171,0.019748153164982796,0.0996803343296051,0.014791803434491158,0.12162155658006668
1162,1.8586596250534058,1e-07,1.2679355,1.8537034,1.3615078,0.019745947793126106,0.09967295825481415,0.014789599925279617,0.12161249667406082
1163,1.858634352684021,1e-07,1.2679272,1.8536781,1.3614985,0.01974380947649479,0.0996658205986023,0.014787462539970875,0.12160371243953705
1164,1.8586088418960571,1e-07,1.2679188,1.8536526,1.361489,0.0197416041046381,0.09965845942497253,0.014785257168114185,0.12159464508295059
1165,1.8585838079452515,1e-07,1.2679106,1.8536276,1.3614799,0.019739391282200813,0.09965105354785919,0.014783041551709175,0.12158553302288055
1166,1.8585582971572876,1e-07,1.2679024,1.853602,1.3614706,0.019737184047698975,0.09964367747306824,0.014780836179852486,0.1215764656662941
1167,1.858533501625061,1e-07,1.2678943,1.8535773,1.3614614,0.019734997302293777,0.09963637590408325,0.014778649434447289,0.12156746536493301
1168,1.8585081100463867,1e-07,1.2678858,1.8535519,1.3614521,0.019732818007469177,0.09962907433509827,0.014776471070945263,0.12155850976705551
1169,1.858483910560608,1e-07,1.2678779,1.8535277,1.3614433,0.019730601459741592,0.09962175786495209,0.014774255454540253,0.12154939770698547
1170,1.8584575653076172,1e-07,1.2678694,1.8535013,1.3614335,0.019728392362594604,0.09961427748203278,0.014772044494748116,0.12154030054807663
1171,1.8584333658218384,1e-07,1.2678614,1.8534771,1.3614247,0.019726209342479706,0.09960708022117615,0.014769861474633217,0.12153132259845734
1172,1.8584083318710327,1e-07,1.2678531,1.8534521,1.3614155,0.019724078476428986,0.0995999276638031,0.014767730608582497,0.12152255326509476
1173,1.8583828210830688,1e-07,1.2678448,1.8534266,1.3614061,0.01972183957695961,0.09959244728088379,0.014765491709113121,0.12151333689689636
1174,1.8583570718765259,1e-07,1.2678365,1.8534008,1.3613967,0.01971961185336113,0.09958499670028687,0.01476326584815979,0.12150418013334274
1175,1.8583321571350098,1e-07,1.2678281,1.8533759,1.3613875,0.019717484712600708,0.09957781434059143,0.014761136844754219,0.12149541825056076
1176,1.858306884765625,1e-07,1.2678199,1.8533506,1.3613782,0.019715260714292526,0.0995703637599945,0.014758914709091187,0.12148627638816833
1177,1.8582819700241089,1e-07,1.2678118,1.8533257,1.361369,0.01971307396888733,0.09956315159797668,0.01475672610104084,0.12147726863622665
1178,1.858256220817566,1e-07,1.2678033,1.8533,1.3613596,0.01971086487174034,0.09955568611621857,0.014754518866539001,0.12146817892789841
1179,1.8582323789596558,1e-07,1.2677954,1.8532761,1.3613509,0.019708670675754547,0.0995483547449112,0.014752323739230633,0.12145914137363434
1180,1.8582063913345337,1e-07,1.267787,1.8532501,1.3613414,0.019706495106220245,0.09954111278057098,0.014750148169696331,0.12145018577575684
1181,1.858181357383728,1e-07,1.2677788,1.8532251,1.361332,0.01970430091023445,0.09953385591506958,0.014747953973710537,0.12144115567207336
1182,1.8581560850143433,1e-07,1.2677704,1.8531998,1.3613229,0.019702119752764702,0.09952640533447266,0.014745770953595638,0.12143216282129288
1183,1.8581312894821167,1e-07,1.2677623,1.853175,1.3613137,0.019699931144714355,0.09951916337013245,0.014743583276867867,0.1214231550693512
1184,1.8581056594848633,1e-07,1.267754,1.8531494,1.3613043,0.019697774201631546,0.09951192140579224,0.014741427265107632,0.12141428142786026
1185,1.858080267906189,1e-07,1.2677456,1.853124,1.361295,0.019695553928613663,0.09950444102287292,0.014739207923412323,0.12140513956546783
1186,1.8580554723739624,1e-07,1.2677375,1.8530992,1.3612859,0.019693369045853615,0.0994972437620163,0.0147370221093297,0.12139613926410675
1187,1.8580299615859985,1e-07,1.2677292,1.8530737,1.3612765,0.019691195338964462,0.09948982298374176,0.014734849333763123,0.12138719111680984
1188,1.858005404472351,1e-07,1.267721,1.8530492,1.3612674,0.019689016044139862,0.09948258101940155,0.014732668176293373,0.12137820571660995
1189,1.857979655265808,1e-07,1.2677127,1.8530234,1.361258,0.019686821848154068,0.09947530925273895,0.014730473980307579,0.12136916071176529
1190,1.857954502105713,1e-07,1.2677045,1.8529983,1.3612487,0.01968461647629738,0.09946787357330322,0.01472826860845089,0.12136007845401764
1191,1.857930064201355,1e-07,1.2676963,1.8529738,1.3612398,0.01968246139585972,0.09946057200431824,0.014726115390658379,0.1213512048125267
1192,1.8579045534133911,1e-07,1.2676882,1.8529483,1.3612305,0.019680259749293327,0.09945325553417206,0.014723915606737137,0.12134214490652084
1193,1.8578799962997437,1e-07,1.26768,1.8529238,1.3612214,0.019678043201565742,0.0994458794593811,0.014721699059009552,0.12133301049470901
1194,1.857855200767517,1e-07,1.267672,1.852899,1.3612123,0.019675875082612038,0.0994386374950409,0.014719530940055847,0.1213240772485733
1195,1.8578290939331055,1e-07,1.2676634,1.8528728,1.3612027,0.019673723727464676,0.09943126142024994,0.01471737865358591,0.12131520360708237
1196,1.8578039407730103,1e-07,1.2676551,1.8528477,1.3611935,0.01967153139412403,0.09942398965358734,0.014715185388922691,0.1213061660528183
1197,1.8577790260314941,1e-07,1.2676469,1.8528228,1.3611844,0.01966933161020279,0.0994165688753128,0.014712986536324024,0.12129709869623184
1198,1.8577536344528198,1e-07,1.2676386,1.8527974,1.3611751,0.019667143002152443,0.09940929710865021,0.014710798859596252,0.12128808349370956
1199,1.8577284812927246,1e-07,1.2676305,1.8527722,1.3611658,0.0196649432182312,0.09940198063850403,0.014708598144352436,0.12127900868654251
1200,1.8577035665512085,1e-07,1.2676221,1.8527473,1.3611566,0.019662844017148018,0.09939487278461456,0.014706499874591827,0.12127035856246948
1201,1.8576785326004028,1e-07,1.267614,1.8527223,1.3611474,0.01966063864529133,0.09938748180866241,0.014704292640089989,0.12126126140356064
1202,1.857653260231018,1e-07,1.2676057,1.852697,1.3611381,0.01965838111937046,0.09937991201877594,0.01470203697681427,0.12125195562839508
1203,1.857627034187317,1e-07,1.2675971,1.8526708,1.3611284,0.019656239077448845,0.09937268495559692,0.014699893072247505,0.12124311923980713
1204,1.8576027154922485,1e-07,1.2675892,1.8526465,1.3611195,0.019654033705592155,0.09936536848545074,0.014697689563035965,0.12123402953147888
1205,1.8575773239135742,1e-07,1.2675809,1.8526211,1.3611102,0.01965189166367054,0.09935805201530457,0.0146955456584692,0.12122518569231033
1206,1.857552170753479,1e-07,1.2675725,1.8525959,1.361101,0.019649682566523552,0.0993506908416748,0.014693337492644787,0.12121608108282089
1207,1.857527256011963,1e-07,1.2675644,1.852571,1.3610919,0.019647492095828056,0.09934338927268982,0.014691146090626717,0.12120703607797623
1208,1.8575019836425781,1e-07,1.2675561,1.8525457,1.3610826,0.01964537613093853,0.099336177110672,0.01468903012573719,0.12119831144809723
1209,1.857476830482483,1e-07,1.267548,1.8525206,1.3610734,0.01964317075908184,0.09932886064052582,0.0146868247538805,0.12118920683860779
1210,1.85745108127594,1e-07,1.2675394,1.8524948,1.3610638,0.01964096911251545,0.09932142496109009,0.014684624969959259,0.12118013203144073
1211,1.8574261665344238,1e-07,1.2675313,1.8524699,1.3610547,0.01963880844414234,0.0993141233921051,0.014682464301586151,0.12117122113704681
1212,1.857401728630066,1e-07,1.2675232,1.8524455,1.3610457,0.01963665522634983,0.09930691123008728,0.014680309221148491,0.12116232514381409
1213,1.8573757410049438,1e-07,1.2675147,1.8524195,1.3610362,0.01963447965681553,0.0992995947599411,0.01467813365161419,0.1211533471941948
1214,1.857351303100586,1e-07,1.2675067,1.852395,1.3610272,0.01963224448263645,0.09929215908050537,0.014675900340080261,0.1211441308259964
1215,1.857325553894043,1e-07,1.2674981,1.8523693,1.3610177,0.019630104303359985,0.09928491711616516,0.01467375922948122,0.12113529443740845
1216,1.8573001623153687,1e-07,1.2674899,1.8523439,1.3610084,0.019627870991826057,0.09927743673324585,0.014671526849269867,0.12112607806921005
1217,1.8572756052017212,1e-07,1.2674819,1.8523194,1.3609993,0.019625747576355934,0.099270299077034,0.014669402502477169,0.12111730873584747
1218,1.8572508096694946,1e-07,1.2674737,1.8522946,1.3609903,0.019623560830950737,0.09926293790340424,0.014667214825749397,0.121108278632164
1219,1.8572255373001099,1e-07,1.2674655,1.8522693,1.360981,0.019621340557932854,0.09925548732280731,0.014664996415376663,0.12109912186861038
1220,1.8571996688842773,1e-07,1.267457,1.8522434,1.3609715,0.019619179889559746,0.09924815595149994,0.014662835747003555,0.12109019607305527
1221,1.8571748733520508,1e-07,1.2674489,1.8522186,1.3609624,0.01961703412234783,0.09924100339412689,0.014660688117146492,0.12108132988214493
1222,1.8571494817733765,1e-07,1.2674404,1.8521932,1.3609531,0.019614869728684425,0.0992337167263031,0.014658525586128235,0.12107239663600922
1223,1.8571243286132812,1e-07,1.2674323,1.8521681,1.3609438,0.019612660631537437,0.09922629594802856,0.014656314626336098,0.12106326967477798
1224,1.8570994138717651,1e-07,1.2674241,1.8521432,1.3609346,0.019610455259680748,0.09921890497207642,0.014654109254479408,0.12105415761470795
1225,1.8570741415023804,1e-07,1.2674158,1.8521179,1.3609254,0.019608350470662117,0.09921181201934814,0.014652004465460777,0.12104546278715134
1226,1.8570493459701538,1e-07,1.2674077,1.8520931,1.3609163,0.019606171175837517,0.09920451045036316,0.014649825170636177,0.12103646248579025
1227,1.8570235967636108,1e-07,1.2673992,1.8520674,1.3609068,0.01960393600165844,0.09919686615467072,0.01464759185910225,0.12102723866701126
1228,1.8569990396499634,1e-07,1.2673912,1.8520428,1.3608978,0.019601786509156227,0.09918969869613647,0.014645441435277462,0.12101835012435913
1229,1.8569740056991577,1e-07,1.267383,1.8520178,1.3608886,0.019599590450525284,0.09918227791786194,0.014643247239291668,0.12100928276777267
1230,1.8569484949111938,1e-07,1.2673746,1.8519922,1.3608792,0.019597411155700684,0.09917497634887695,0.014641067013144493,0.121000275015831
1231,1.8569236993789673,1e-07,1.2673665,1.8519675,1.3608701,0.019595278427004814,0.09916779398918152,0.014638933353126049,0.12099146097898483
1232,1.8568974733352661,1e-07,1.2673578,1.8519412,1.3608605,0.019593091681599617,0.09916040301322937,0.014636747539043427,0.12098242342472076
1233,1.85687255859375,1e-07,1.2673497,1.8519163,1.3608513,0.01959090493619442,0.09915299713611603,0.01463456079363823,0.1209733858704567
1234,1.8568476438522339,1e-07,1.2673416,1.8518914,1.3608421,0.019588710740208626,0.09914562106132507,0.014632366597652435,0.12096431851387024
1235,1.8568216562271118,1e-07,1.267333,1.8518654,1.3608326,0.01958657242357731,0.09913843870162964,0.014630228281021118,0.12095548212528229
1236,1.856797218322754,1e-07,1.267325,1.851841,1.3608236,0.019584383815526962,0.09913100302219391,0.014628040604293346,0.12094643712043762
1237,1.8567724227905273,1e-07,1.2673168,1.8518162,1.3608146,0.01958223059773445,0.09912382066249847,0.014625889249145985,0.1209375411272049
1238,1.8567476272583008,1e-07,1.2673087,1.8517914,1.3608054,0.019580064341425896,0.09911644458770752,0.014623723924160004,0.12092859297990799
1239,1.8567218780517578,1e-07,1.2673002,1.8517656,1.360796,0.019577866420149803,0.09910912811756134,0.014621526002883911,0.12091950327157974
1240,1.8566969633102417,1e-07,1.2672921,1.8517407,1.3607868,0.01957574300467968,0.09910193085670471,0.014619402587413788,0.12091071903705597
1241,1.8566713333129883,1e-07,1.2672838,1.8517151,1.3607774,0.019573543220758438,0.0990944653749466,0.014617200940847397,0.12090161442756653
1242,1.8566468954086304,1e-07,1.2672757,1.8516906,1.3607684,0.019571373239159584,0.0990871787071228,0.014615030959248543,0.12089264392852783
1243,1.8566207885742188,1e-07,1.2672671,1.8516645,1.3607588,0.019569173455238342,0.09907975792884827,0.014612831175327301,0.12088354676961899
1244,1.8565964698791504,1e-07,1.2672592,1.8516402,1.3607498,0.01956705003976822,0.09907257556915283,0.014610707759857178,0.12087476253509521
1245,1.8565715551376343,1e-07,1.267251,1.8516153,1.3607407,0.019564852118492126,0.09906524419784546,0.01460851076990366,0.12086567282676697
1246,1.8565458059310913,1e-07,1.2672426,1.8515896,1.3607312,0.01956268958747387,0.09905794262886047,0.014606348238885403,0.12085672467947006
1247,1.8565202951431274,1e-07,1.2672342,1.851564,1.3607218,0.019560541957616806,0.09905056655406952,0.014604197815060616,0.12084782868623734
1248,1.8564954996109009,1e-07,1.2672261,1.8515393,1.3607128,0.019558323547244072,0.09904314577579498,0.014601982198655605,0.12083866447210312
1249,1.8564702272415161,1e-07,1.2672178,1.851514,1.3607035,0.019556166604161263,0.09903588891029358,0.014599825255572796,0.120829738676548
1250,1.8564456701278687,1e-07,1.2672098,1.8514894,1.3606944,0.019554046913981438,0.09902873635292053,0.014597706496715546,0.12082096934318542
1251,1.8564200401306152,1e-07,1.2672013,1.8514638,1.360685,0.01955186203122139,0.099021315574646,0.014595519751310349,0.12081191688776016
1252,1.8563953638076782,1e-07,1.2671933,1.8514391,1.3606759,0.019549677148461342,0.09901395440101624,0.0145933348685503,0.1208028793334961
1253,1.8563698530197144,1e-07,1.2671849,1.8514136,1.3606666,0.019547512754797935,0.09900665283203125,0.014591171406209469,0.12079392373561859
1254,1.856345295906067,1e-07,1.2671767,1.851389,1.3606576,0.01954534836113453,0.09899938106536865,0.014589007943868637,0.12078496813774109
1255,1.8563199043273926,1e-07,1.2671685,1.8513637,1.3606483,0.019543161615729332,0.09899191558361053,0.01458682119846344,0.12077591568231583
1256,1.8562945127487183,1e-07,1.2671603,1.8513383,1.360639,0.019541051238775253,0.0989847332239151,0.014584707096219063,0.12076716125011444
1257,1.856269359588623,1e-07,1.267152,1.8513131,1.3606297,0.019538817927241325,0.09897728264331818,0.014582477509975433,0.12075792998075485
1258,1.856244444847107,1e-07,1.2671436,1.8512882,1.3606205,0.0195367019623518,0.09897010028362274,0.014580360613763332,0.12074916064739227
1259,1.8562194108963013,1e-07,1.2671356,1.8512632,1.3606113,0.019534440711140633,0.09896254539489746,0.01457810029387474,0.12073980271816254
1260,1.8561935424804688,1e-07,1.267127,1.8512373,1.3606018,0.019532358273863792,0.09895545244216919,0.014576016925275326,0.1207311749458313
1261,1.85616934299469,1e-07,1.2671192,1.8512131,1.360593,0.019530130550265312,0.0989479124546051,0.014573788270354271,0.12072194367647171
1262,1.8561439514160156,1e-07,1.2671107,1.8511877,1.3605835,0.019528033211827278,0.09894080460071564,0.014571691863238811,0.1207132637500763
1263,1.8561183214187622,1e-07,1.2671024,1.8511621,1.3605741,0.019525814801454544,0.09893336892127991,0.014569473452866077,0.12070407718420029
1264,1.8560928106307983,1e-07,1.267094,1.8511366,1.3605648,0.01952371932566166,0.09892629086971283,0.014567378908395767,0.12069539725780487
1265,1.8560676574707031,1e-07,1.2670858,1.8511114,1.3605555,0.01952151395380497,0.09891876578330994,0.014565173536539078,0.12068626284599304
1266,1.8560423851013184,1e-07,1.2670776,1.8510861,1.3605462,0.019519349560141563,0.09891144931316376,0.014563007280230522,0.12067728489637375
1267,1.8560177087783813,1e-07,1.2670693,1.8510615,1.3605372,0.019517162814736366,0.09890404343605042,0.014560822397470474,0.12066823244094849
1268,1.8559926748275757,1e-07,1.2670612,1.8510364,1.360528,0.01951497606933117,0.09889669716358185,0.014558633789420128,0.12065916508436203
1269,1.855967402458191,1e-07,1.2670529,1.8510112,1.3605187,0.019512834027409554,0.09888942539691925,0.014556491747498512,0.1206502839922905
1270,1.8559421300888062,1e-07,1.2670447,1.8509859,1.3605094,0.019510677084326744,0.09888212382793427,0.014554336667060852,0.12064135819673538
1271,1.8559173345565796,1e-07,1.2670364,1.8509611,1.3605003,0.019508501514792442,0.09887471795082092,0.01455216109752655,0.12063233554363251
1272,1.8558918237686157,1e-07,1.2670281,1.8509356,1.3604909,0.019506355747580528,0.09886744618415833,0.014550015330314636,0.12062344700098038
1273,1.855866551399231,1e-07,1.2670199,1.8509103,1.3604816,0.019504180178046227,0.09886007010936737,0.014547839760780334,0.1206144243478775
1274,1.8558417558670044,1e-07,1.2670118,1.8508855,1.3604726,0.019502034410834312,0.09885281324386597,0.01454569399356842,0.12060552835464478
1275,1.8558157682418823,1e-07,1.2670032,1.8508595,1.360463,0.019499877467751503,0.0988454818725586,0.014543537050485611,0.12059658765792847
1276,1.8557907342910767,1e-07,1.266995,1.8508345,1.3604537,0.019497718662023544,0.09883818030357361,0.014541377313435078,0.12058763206005096
1277,1.8557668924331665,1e-07,1.2669872,1.8508106,1.360445,0.019495541229844093,0.09883081912994385,0.014539200812578201,0.12057860940694809
1278,1.8557409048080444,1e-07,1.2669785,1.8507847,1.3604355,0.019493337720632553,0.09882339835166931,0.014536996372044086,0.12056946754455566
1279,1.8557153940200806,1e-07,1.2669702,1.8507591,1.3604261,0.019491227343678474,0.09881618618965149,0.014534885063767433,0.12056071311235428
1280,1.8556900024414062,1e-07,1.2669619,1.8507338,1.3604168,0.019489066675305367,0.09880895912647247,0.014532726258039474,0.12055175751447678
1281,1.8556652069091797,1e-07,1.2669537,1.850709,1.3604076,0.01948692835867405,0.0988016128540039,0.014530586078763008,0.12054288387298584
1282,1.8556407690048218,1e-07,1.2669457,1.8506845,1.3603987,0.0194847509264946,0.09879432618618011,0.014528410509228706,0.12053385376930237
1283,1.8556150197982788,1e-07,1.2669373,1.8506588,1.3603892,0.01948259025812149,0.09878692030906677,0.014526249840855598,0.12052489072084427
1284,1.8555899858474731,1e-07,1.266929,1.8506337,1.36038,0.01948046125471592,0.09877970814704895,0.014524121768772602,0.12051606178283691
1285,1.8555644750595093,1e-07,1.2669209,1.8506082,1.3603706,0.01947825402021408,0.09877222776412964,0.014521914534270763,0.1205069050192833
1286,1.855540156364441,1e-07,1.2669126,1.8505839,1.3603617,0.019476084038615227,0.09876477718353271,0.014519747346639633,0.12049791216850281
1287,1.8555140495300293,1e-07,1.2669042,1.8505578,1.360352,0.01947396621108055,0.09875768423080444,0.014517628587782383,0.12048912048339844
1288,1.8554891347885132,1e-07,1.2668959,1.8505329,1.360343,0.01947174407541752,0.09875017404556274,0.014515407383441925,0.12047990411520004
1289,1.8554645776748657,1e-07,1.266888,1.8505083,1.3603339,0.01946963556110859,0.09874294698238373,0.014513298869132996,0.12047115713357925
1290,1.8554387092590332,1e-07,1.2668796,1.8504825,1.3603244,0.01946747861802578,0.09873564541339874,0.014511141926050186,0.12046220153570175
1291,1.8554139137268066,1e-07,1.2668713,1.8504577,1.3603153,0.019465314224362373,0.09872832894325256,0.014508976601064205,0.12045321613550186
1292,1.8553889989852905,1e-07,1.2668632,1.8504328,1.3603061,0.019463172182440758,0.09872113168239594,0.014506833627820015,0.12044432014226913
1293,1.8553634881973267,1e-07,1.2668548,1.8504072,1.3602967,0.01946098916232586,0.09871363639831543,0.014504652470350266,0.12043526023626328
1294,1.8553385734558105,1e-07,1.2668467,1.8503823,1.3602875,0.019458848983049393,0.09870631992816925,0.014502511359751225,0.12042637169361115
1295,1.8553136587142944,1e-07,1.2668384,1.8503574,1.3602785,0.019456686452031136,0.09869900345802307,0.014500349760055542,0.12041740119457245
1296,1.8552881479263306,1e-07,1.26683,1.8503319,1.3602691,0.01945451833307743,0.09869168698787689,0.014498180709779263,0.12040839344263077
1297,1.8552632331848145,1e-07,1.266822,1.850307,1.3602599,0.019452368840575218,0.09868429601192474,0.014496030285954475,0.12039946019649506
1298,1.8552378416061401,1e-07,1.2668136,1.8502816,1.3602506,0.01945020817220211,0.09867705404758453,0.014493869617581367,0.12039048969745636
1299,1.8552128076553345,1e-07,1.2668053,1.8502566,1.3602414,0.019448047503829002,0.0986696183681488,0.014491710811853409,0.12038151919841766
1300,1.8551877737045288,1e-07,1.2667972,1.8502315,1.3602321,0.019445875659585,0.0986623615026474,0.014489537104964256,0.12037249654531479
1301,1.855162262916565,1e-07,1.2667888,1.850206,1.3602228,0.019443703815340996,0.09865491092205048,0.014487366192042828,0.12036347389221191
1302,1.8551381826400757,1e-07,1.2667807,1.8501819,1.3602139,0.019441599026322365,0.09864780306816101,0.014485260471701622,0.12035472691059113
1303,1.8551115989685059,1e-07,1.2667722,1.8501554,1.3602041,0.01943943090736866,0.09864041209220886,0.014483094215393066,0.12034572660923004
1304,1.855087161064148,1e-07,1.2667642,1.8501309,1.3601952,0.01943722926080227,0.09863287210464478,0.014480890706181526,0.12033656984567642
1305,1.8550615310668945,1e-07,1.2667557,1.8501053,1.3601857,0.019435128197073936,0.09862571954727173,0.014478791505098343,0.12032785266637802
1306,1.8550370931625366,1e-07,1.2667478,1.8500808,1.3601768,0.01943294145166874,0.09861832857131958,0.014476604759693146,0.12031876295804977
1307,1.8550114631652832,1e-07,1.2667392,1.8500552,1.3601674,0.019430791959166527,0.0986110121011734,0.014474455267190933,0.12030982971191406
1308,1.854986310005188,1e-07,1.2667311,1.8500301,1.3601581,0.019428672268986702,0.09860372543334961,0.014472334645688534,0.1203010156750679
1309,1.8549604415893555,1e-07,1.2667227,1.8500042,1.3601485,0.019426511600613594,0.09859643876552582,0.014470174908638,0.12029203772544861
1310,1.8549362421035767,1e-07,1.2667147,1.84998,1.3601397,0.019424350932240486,0.09858904778957367,0.014468014240264893,0.12028305977582932
1311,1.854911208152771,1e-07,1.2667063,1.849955,1.3601305,0.019422201439738274,0.09858174622058868,0.01446586288511753,0.120274119079113
1312,1.8548856973648071,1e-07,1.266698,1.8499295,1.3601211,0.019420046359300613,0.0985744446516037,0.014463708736002445,0.1202651634812355
1313,1.8548606634140015,1e-07,1.2666898,1.8499044,1.360112,0.01941790245473385,0.09856708347797394,0.014461563900113106,0.12025624513626099
1314,1.8548356294631958,1e-07,1.2666816,1.8498794,1.3601027,0.01941578835248947,0.0985599160194397,0.014459450729191303,0.12024745345115662
1315,1.854810118675232,1e-07,1.2666732,1.8498539,1.3600934,0.019413603469729424,0.09855243563652039,0.014457265846431255,0.12023837119340897
1316,1.8547855615615845,1e-07,1.2666651,1.8498293,1.3600843,0.019411388784646988,0.09854492545127869,0.01445505116134882,0.12022916227579117
1317,1.8547598123550415,1e-07,1.2666568,1.8498036,1.3600749,0.019409265369176865,0.09853766858577728,0.014452927745878696,0.12022033333778381
1318,1.8547347784042358,1e-07,1.2666484,1.8497785,1.3600656,0.019407125189900398,0.09853041172027588,0.014450786635279655,0.12021142244338989
1319,1.854709267616272,1e-07,1.2666402,1.849753,1.3600563,0.019404998049139977,0.09852325916290283,0.014448661357164383,0.12020258605480194
1320,1.854684829711914,1e-07,1.2666322,1.8497286,1.3600472,0.01940283365547657,0.0985158234834671,0.014446495100855827,0.12019357085227966
1321,1.8546603918075562,1e-07,1.2666241,1.8497041,1.3600383,0.019400704652071,0.09850853681564331,0.014444367960095406,0.12018472701311111
1322,1.8546336889266968,1e-07,1.2666153,1.8496774,1.3600285,0.019398536533117294,0.09850114583969116,0.014442198909819126,0.12017569690942764
1323,1.8546091318130493,1e-07,1.2666073,1.8496529,1.3600194,0.019396403804421425,0.09849385917186737,0.014440065249800682,0.1201668232679367
1324,1.8545838594436646,1e-07,1.2665989,1.8496276,1.3600101,0.019394202157855034,0.09848642349243164,0.014437863603234291,0.12015765905380249
1325,1.8545585870742798,1e-07,1.2665907,1.8496023,1.3600008,0.019392112269997597,0.09847931563854218,0.014435775578022003,0.12014897167682648
1326,1.8545336723327637,1e-07,1.2665825,1.8495774,1.3599917,0.019389940425753593,0.09847192466259003,0.014433602802455425,0.12013992667198181
1327,1.8545080423355103,1e-07,1.2665741,1.8495518,1.3599823,0.01938779279589653,0.09846457839012146,0.014431457966566086,0.1201310008764267
1328,1.8544834852218628,1e-07,1.2665662,1.8495272,1.3599732,0.01938563399016857,0.09845718741416931,0.014429298229515553,0.1201220154762268
1329,1.8544584512710571,1e-07,1.2665578,1.8495022,1.359964,0.019383491948246956,0.09844987094402313,0.014427156187593937,0.12011309713125229
1330,1.8544330596923828,1e-07,1.2665496,1.8494768,1.3599547,0.0193813294172287,0.09844249486923218,0.014424994587898254,0.1201040968298912
1331,1.854407787322998,1e-07,1.2665411,1.8494515,1.3599454,0.01937916874885559,0.098435178399086,0.014422833919525146,0.12009510397911072
1332,1.8543825149536133,1e-07,1.2665329,1.8494263,1.3599361,0.019377034157514572,0.09842783212661743,0.014420697465538979,0.12008620798587799
1333,1.854357361793518,1e-07,1.2665247,1.8494011,1.3599268,0.019374914467334747,0.09842059016227722,0.014418579638004303,0.12007738649845123
1334,1.8543325662612915,1e-07,1.2665164,1.8493763,1.3599178,0.01937280409038067,0.0984133780002594,0.014416469261050224,0.12006860226392746
1335,1.8543075323104858,1e-07,1.2665083,1.8493513,1.3599086,0.019370630383491516,0.09840598702430725,0.014414293691515923,0.1200595423579216
1336,1.8542823791503906,1e-07,1.2665,1.8493261,1.3598993,0.019368426874279976,0.09839844703674316,0.01441209390759468,0.12005037814378738
1337,1.8542574644088745,1e-07,1.2664919,1.8493012,1.3598901,0.019366266205906868,0.09839107096195221,0.014409933239221573,0.1200413778424263
1338,1.8542321920394897,1e-07,1.2664837,1.849276,1.3598808,0.019364142790436745,0.0983838140964508,0.01440780982375145,0.12003253400325775
1339,1.8542070388793945,1e-07,1.2664752,1.8492508,1.3598716,0.01936204917728901,0.09837658703327179,0.01440571527928114,0.12002380937337875
1340,1.8541816473007202,1e-07,1.266467,1.8492254,1.3598623,0.01935984008014202,0.09836924076080322,0.014403507113456726,0.12001461535692215
1341,1.8541568517684937,1e-07,1.2664587,1.8492006,1.3598531,0.019357720389962196,0.09836187958717346,0.014401386491954327,0.1200057789683342
1342,1.8541313409805298,1e-07,1.2664505,1.8491751,1.3598437,0.019355611875653267,0.09835463762283325,0.014399277046322823,0.11999698728322983
1343,1.8541053533554077,1e-07,1.266442,1.8491491,1.3598342,0.01935347355902195,0.09834736585617065,0.014397138729691505,0.11998807638883591
1344,1.8540805578231812,1e-07,1.2664338,1.8491243,1.3598251,0.01935131475329399,0.0983399897813797,0.014394978061318398,0.11997907608747482
1345,1.854055404663086,1e-07,1.2664256,1.8490992,1.3598158,0.019349155947566032,0.09833258390426636,0.014392822049558163,0.11997009068727493
1346,1.8540304899215698,1e-07,1.2664173,1.8490742,1.3598067,0.01934700645506382,0.09832526743412018,0.014390671625733376,0.11996112763881683
1347,1.8540048599243164,1e-07,1.266409,1.8490486,1.3597972,0.019344862550497055,0.09831789135932922,0.014388528652489185,0.11995219439268112
1348,1.8539804220199585,1e-07,1.266401,1.8490242,1.3597883,0.01934271864593029,0.09831058979034424,0.014386385679244995,0.11994326114654541
1349,1.8539557456970215,1e-07,1.2663928,1.8489995,1.3597792,0.019340572878718376,0.0983031839132309,0.014384238980710506,0.1199343129992485
1350,1.853929877281189,1e-07,1.2663844,1.8489736,1.3597697,0.019338427111506462,0.0982958972454071,0.014382094144821167,0.1199253723025322
1351,1.8539050817489624,1e-07,1.2663761,1.8489488,1.3597605,0.019336314871907234,0.0982886254787445,0.01437998004257679,0.11991655081510544
1352,1.8538798093795776,1e-07,1.2663678,1.8489236,1.3597513,0.019334161654114723,0.09828133881092072,0.014377826824784279,0.11990757286548615
1353,1.853854775428772,1e-07,1.2663597,1.8488985,1.359742,0.01933208294212818,0.09827417135238647,0.014375748112797737,0.11989890784025192
1354,1.8538299798965454,1e-07,1.2663516,1.8488737,1.359733,0.01932983659207821,0.09826651215553284,0.01437350269407034,0.11988954246044159
1355,1.8538042306900024,1e-07,1.2663432,1.848848,1.3597234,0.019327709451317787,0.09825924038887024,0.014371376484632492,0.11988067626953125
1356,1.8537789583206177,1e-07,1.2663349,1.8488227,1.3597142,0.019325627014040947,0.0982520580291748,0.014369292184710503,0.11987198144197464
1357,1.8537540435791016,1e-07,1.2663268,1.8487978,1.3597051,0.019323432818055153,0.0982445478439331,0.014367099851369858,0.11986283957958221
1358,1.8537286520004272,1e-07,1.2663183,1.8487724,1.3596957,0.019321339204907417,0.09823745489120483,0.014365005306899548,0.11985410004854202
1359,1.853704810142517,1e-07,1.2663106,1.8487486,1.359687,0.01931912638247013,0.09822975099086761,0.014362791553139687,0.11984486132860184
1360,1.8536790609359741,1e-07,1.2663021,1.8487228,1.3596774,0.019317040219902992,0.09822270274162292,0.014360706321895123,0.11983616650104523
1361,1.853653907775879,1e-07,1.2662938,1.8486977,1.3596683,0.01931491307914257,0.09821540117263794,0.014358580112457275,0.11982729285955429
1362,1.8536285161972046,1e-07,1.2662855,1.8486723,1.3596588,0.019312763586640358,0.09820801019668579,0.014356430619955063,0.1198183223605156
1363,1.8536030054092407,1e-07,1.2662772,1.8486468,1.3596495,0.019310645759105682,0.09820079803466797,0.014354311861097813,0.11980947852134705
1364,1.8535780906677246,1e-07,1.2662688,1.8486218,1.3596404,0.019308488816022873,0.09819342195987701,0.014352154918015003,0.11980047821998596
1365,1.8535531759262085,1e-07,1.2662607,1.8485969,1.3596312,0.01930636540055275,0.09818612039089203,0.01435003150254488,0.11979161947965622
1366,1.8535274267196655,1e-07,1.2662522,1.8485712,1.3596218,0.019304217770695686,0.09817877411842346,0.014347882941365242,0.11978264898061752
1367,1.8535027503967285,1e-07,1.2662442,1.8485465,1.3596126,0.01930204965174198,0.09817132353782654,0.014345714822411537,0.11977359652519226
1368,1.853477120399475,1e-07,1.2662357,1.8485209,1.3596032,0.019299941137433052,0.09816408157348633,0.014343607239425182,0.1197647973895073
1369,1.8534513711929321,1e-07,1.2662274,1.8484951,1.3595937,0.019297825172543526,0.09815683960914612,0.01434149220585823,0.11975596845149994
1370,1.853427529335022,1e-07,1.2662195,1.8484713,1.3595849,0.01929566077888012,0.09814943373203278,0.014339327812194824,0.11974693089723587
1371,1.853402018547058,1e-07,1.2662112,1.8484458,1.3595756,0.019293487071990967,0.09814193844795227,0.014337154105305672,0.11973785609006882
1372,1.853377342224121,1e-07,1.2662029,1.8484211,1.3595666,0.019291386008262634,0.09813475608825684,0.014335052110254765,0.11972907930612564
1373,1.8533517122268677,1e-07,1.2661946,1.8483955,1.359557,0.019289251416921616,0.09812743961811066,0.01433291845023632,0.11972016841173172
1374,1.853326678276062,1e-07,1.2661864,1.8483704,1.3595479,0.01928713545203209,0.09812012314796448,0.014330803416669369,0.11971133202314377
1375,1.8533018827438354,1e-07,1.2661781,1.8483456,1.3595388,0.01928497850894928,0.09811270236968994,0.014328647404909134,0.11970233172178268
1376,1.8532766103744507,1e-07,1.2661699,1.8483204,1.3595295,0.019282829016447067,0.09810535609722137,0.014326497912406921,0.1196933463215828
1377,1.853251338005066,1e-07,1.2661616,1.8482951,1.3595202,0.01928071677684784,0.09809811413288116,0.014324385672807693,0.11968452483415604
1378,1.853225827217102,1e-07,1.2661533,1.8482696,1.3595108,0.01927855797111988,0.09809069335460663,0.014322228729724884,0.11967551708221436
1379,1.8532012701034546,1e-07,1.2661452,1.848245,1.3595017,0.019276434555649757,0.09808340668678284,0.014320102520287037,0.11966662853956223
1380,1.8531752824783325,1e-07,1.2661366,1.848219,1.3594922,0.019274305552244186,0.09807610511779785,0.01431797444820404,0.1196577399969101
1381,1.8531502485275269,1e-07,1.2661284,1.848194,1.359483,0.019272172823548317,0.09806877374649048,0.014315841719508171,0.11964882910251617
1382,1.8531255722045898,1e-07,1.2661204,1.8481693,1.359474,0.019270041957497597,0.0980614423751831,0.01431371085345745,0.11963991820812225
1383,1.8531007766723633,1e-07,1.2661122,1.8481445,1.3594648,0.01926792971789837,0.0980542004108429,0.014311598613858223,0.1196310967206955
1384,1.8530758619308472,1e-07,1.266104,1.8481196,1.3594556,0.019265789538621902,0.09804683923721313,0.014309458434581757,0.11962214857339859
1385,1.8530503511428833,1e-07,1.2660956,1.8480941,1.3594463,0.019263600930571556,0.09803931415081024,0.01430726982653141,0.11961299926042557
1386,1.853024959564209,1e-07,1.2660874,1.8480687,1.3594369,0.019261514768004417,0.098032146692276,0.014305184595286846,0.11960428208112717
1387,1.8530000448226929,1e-07,1.2660791,1.8480438,1.3594277,0.019259359687566757,0.09802471101284027,0.014303029514849186,0.11959527432918549
1388,1.85297429561615,1e-07,1.2660706,1.848018,1.3594183,0.019257226958870888,0.0980173647403717,0.014300897717475891,0.11958636343479156
1389,1.8529490232467651,1e-07,1.2660623,1.8479928,1.359409,0.019255125895142555,0.09801019728183746,0.01429879479110241,0.1195775717496872
1390,1.8529239892959595,1e-07,1.2660543,1.8479677,1.3593998,0.019252987578511238,0.0980028510093689,0.014296658337116241,0.11956863105297089
1391,1.8528990745544434,1e-07,1.266046,1.8479428,1.3593906,0.01925082691013813,0.09799537062644958,0.014294495806097984,0.11955959349870682
1392,1.8528743982315063,1e-07,1.2660378,1.8479182,1.3593816,0.01924874074757099,0.09798826277256012,0.01429241057485342,0.11955086886882782
1393,1.8528494834899902,1e-07,1.2660297,1.8478932,1.3593724,0.019246580079197884,0.09798073768615723,0.014290248975157738,0.11954183131456375
1394,1.8528238534927368,1e-07,1.2660214,1.8478676,1.359363,0.019244443625211716,0.09797349572181702,0.014288113452494144,0.11953289806842804
1395,1.8527978658676147,1e-07,1.2660128,1.8478416,1.3593534,0.019242336973547935,0.09796622395515442,0.014286007732152939,0.11952409148216248
1396,1.8527730703353882,1e-07,1.2660044,1.8478168,1.3593442,0.019240183755755424,0.0979587733745575,0.014283852651715279,0.1195150762796402
1397,1.8527485132217407,1e-07,1.2659966,1.8477923,1.3593352,0.0192380640655756,0.09795145690441132,0.014281732961535454,0.11950620263814926
1398,1.852723479270935,1e-07,1.2659882,1.8477672,1.359326,0.019235944375395775,0.09794414043426514,0.014279613271355629,0.11949733644723892
1399,1.8526986837387085,1e-07,1.2659801,1.8477424,1.359317,0.01923382841050625,0.09793680906295776,0.014277497306466103,0.11948848515748978
1400,1.8526729345321655,1e-07,1.2659717,1.8477167,1.3593074,0.01923167146742344,0.09792947769165039,0.014275341294705868,0.1194794625043869
1401,1.8526487350463867,1e-07,1.2659637,1.8476925,1.3592986,0.019229555502533913,0.09792216122150421,0.014273224398493767,0.11947060376405716
1402,1.8526229858398438,1e-07,1.2659553,1.8476667,1.359289,0.019227439537644386,0.09791482985019684,0.014271109364926815,0.11946174502372742
1403,1.8525980710983276,1e-07,1.2659471,1.8476418,1.3592799,0.01922529749572277,0.09790752828121185,0.0142689673230052,0.11945278197526932
1404,1.852573037147522,1e-07,1.2659389,1.8476168,1.3592707,0.01922316662967205,0.0979001373052597,0.01426683645695448,0.1194438636302948
1405,1.8525476455688477,1e-07,1.2659305,1.8475914,1.3592614,0.01922105811536312,0.09789280593395233,0.014264727011322975,0.11943503469228745
1406,1.852521538734436,1e-07,1.265922,1.8475653,1.3592517,0.019218916073441505,0.09788553416728973,0.014262586832046509,0.11942607164382935
1407,1.8524972200393677,1e-07,1.2659141,1.847541,1.3592428,0.019216785207390785,0.09787823259830475,0.014260455034673214,0.11941714584827423
1408,1.8524713516235352,1e-07,1.2659055,1.8475151,1.3592333,0.019214661791920662,0.0978708267211914,0.01425833161920309,0.1194082573056221
1409,1.8524471521377563,1e-07,1.2658976,1.8474909,1.3592243,0.019212523475289345,0.09786345064640045,0.014256193302571774,0.1193993017077446
1410,1.8524216413497925,1e-07,1.2658892,1.8474654,1.359215,0.019210411235690117,0.09785611927509308,0.014254080131649971,0.11939045041799545
1411,1.852396845817566,1e-07,1.265881,1.8474406,1.3592058,0.01920829527080059,0.09784889221191406,0.014251966029405594,0.11938159912824631
1412,1.8523718118667603,1e-07,1.2658728,1.8474156,1.3591967,0.01920616440474987,0.09784147143363953,0.014249835163354874,0.11937267333269119
1413,1.8523463010787964,1e-07,1.2658645,1.84739,1.3591872,0.01920403353869915,0.0978342741727829,0.014247703365981579,0.11936374753713608
1414,1.8523216247558594,1e-07,1.2658564,1.8473654,1.3591782,0.019201910123229027,0.09782695770263672,0.014245579019188881,0.11935484409332275
1415,1.852295994758606,1e-07,1.2658479,1.8473397,1.3591688,0.019199801608920097,0.09781958162784576,0.014243470504879951,0.1193460151553154
1416,1.8522710800170898,1e-07,1.2658398,1.8473148,1.3591596,0.019197644665837288,0.09781214594841003,0.014241313561797142,0.11933697760105133
1417,1.8522462844848633,1e-07,1.2658316,1.84729,1.3591505,0.019195521250367165,0.09780479967594147,0.014239192940294743,0.1193280890583992
1418,1.8522206544876099,1e-07,1.2658232,1.8472644,1.3591411,0.01919340342283249,0.0977974683046341,0.014237074181437492,0.11931920796632767
1419,1.852195382118225,1e-07,1.2658149,1.8472391,1.3591318,0.019191289320588112,0.0977901816368103,0.01423496101051569,0.11931035667657852
1420,1.8521699905395508,1e-07,1.2658066,1.8472137,1.3591224,0.0191891398280859,0.09778271615505219,0.014232811518013477,0.11930134892463684
1421,1.8521448373794556,1e-07,1.2657982,1.8471886,1.3591132,0.019187040627002716,0.09777551889419556,0.014230712316930294,0.11929254978895187
1422,1.8521199226379395,1e-07,1.2657901,1.8471637,1.359104,0.019184894859790802,0.09776817262172699,0.014228567481040955,0.11928355693817139
1423,1.8520950078964233,1e-07,1.2657819,1.8471388,1.3590949,0.01918281801044941,0.09776091575622559,0.014226489700376987,0.11927484720945358
1424,1.8520699739456177,1e-07,1.2657737,1.8471137,1.3590857,0.01918066293001175,0.09775355458259583,0.014224335551261902,0.11926581710577011
1425,1.8520444631576538,1e-07,1.2657653,1.8470882,1.3590763,0.019178608432412148,0.09774643182754517,0.0142222810536623,0.11925720423460007
1426,1.8520193099975586,1e-07,1.2657571,1.8470631,1.359067,0.019176462665200233,0.09773895144462585,0.014220137149095535,0.11924821883440018
1427,1.8519943952560425,1e-07,1.2657489,1.8470381,1.3590578,0.01917433552443981,0.09773162007331848,0.014218009077012539,0.11923929303884506
1428,1.8519697189331055,1e-07,1.2657408,1.8470135,1.3590487,0.0191721823066473,0.09772416949272156,0.014215855859220028,0.11923026293516159
1429,1.8519443273544312,1e-07,1.2657324,1.8469881,1.3590394,0.019170092418789864,0.09771692752838135,0.014213765040040016,0.11922149360179901
1430,1.8519188165664673,1e-07,1.2657241,1.8469626,1.35903,0.019167976453900337,0.09770971536636353,0.01421164907515049,0.11921261996030807
1431,1.8518935441970825,1e-07,1.2657158,1.8469373,1.3590207,0.019165853038430214,0.0977022647857666,0.014209527522325516,0.11920372396707535
1432,1.8518692255020142,1e-07,1.2657079,1.846913,1.3590118,0.019163742661476135,0.09769505262374878,0.014207415282726288,0.1191948652267456
1433,1.8518434762954712,1e-07,1.2656993,1.8468872,1.3590024,0.019161604344844818,0.09768761694431305,0.014205275103449821,0.11918588727712631
1434,1.8518180847167969,1e-07,1.265691,1.8468618,1.3589929,0.01915951445698738,0.09768038988113403,0.014203186146914959,0.11917711794376373
1435,1.8517929315567017,1e-07,1.2656827,1.8468367,1.3589838,0.01915735751390457,0.09767290949821472,0.014201030135154724,0.11916807293891907
1436,1.851768136024475,1e-07,1.2656746,1.8468119,1.3589746,0.0191552322357893,0.09766557812690735,0.0141989067196846,0.11915916204452515
1437,1.8517431020736694,1e-07,1.2656664,1.8467869,1.3589654,0.01915312372148037,0.09765824675559998,0.014196798205375671,0.1191503182053566
1438,1.851717472076416,1e-07,1.265658,1.8467612,1.358956,0.019151000306010246,0.09765087068080902,0.014194674789905548,0.11914140731096268
1439,1.8516931533813477,1e-07,1.2656499,1.8467369,1.358947,0.01914890669286251,0.09764367341995239,0.014192581176757812,0.1191326230764389
1440,1.8516674041748047,1e-07,1.2656416,1.8467112,1.3589375,0.019146759063005447,0.09763622283935547,0.014190432615578175,0.11912360042333603
1441,1.8516424894332886,1e-07,1.2656332,1.8466862,1.3589283,0.019144659861922264,0.09762896597385406,0.014188332483172417,0.11911478638648987
1442,1.851617455482483,1e-07,1.2656251,1.8466612,1.3589191,0.01914251409471035,0.09762151539325714,0.014186188578605652,0.11910578608512878
1443,1.8515924215316772,1e-07,1.2656168,1.8466362,1.35891,0.01914041116833687,0.09761425852775574,0.014184084720909595,0.11909695714712143
1444,1.851567268371582,1e-07,1.2656085,1.846611,1.3589007,0.019138311967253685,0.09760695695877075,0.014181984588503838,0.11908813565969467
1445,1.851542592048645,1e-07,1.2656006,1.8465863,1.3588916,0.019136181101202965,0.09759953618049622,0.014179854653775692,0.11907919496297836
1446,1.851517677307129,1e-07,1.2655922,1.8465614,1.3588824,0.01913408376276493,0.097592294216156,0.014177756384015083,0.1190703809261322
1447,1.8514918088912964,1e-07,1.2655838,1.8465356,1.3588729,0.019131964072585106,0.0975850522518158,0.014175638556480408,0.11906149238348007
1448,1.851466178894043,1e-07,1.2655754,1.8465099,1.3588635,0.019129861146211624,0.09757767617702484,0.014173534698784351,0.11905265599489212
1449,1.8514412641525269,1e-07,1.2655672,1.846485,1.3588543,0.01912773586809635,0.09757030010223389,0.014171410351991653,0.119043730199337
1450,1.8514165878295898,1e-07,1.2655591,1.8464603,1.3588452,0.019125616177916527,0.09756296873092651,0.01416928879916668,0.11903481930494308
1451,1.8513911962509155,1e-07,1.2655507,1.846435,1.3588359,0.019123533740639687,0.09755571186542511,0.014167208224534988,0.1190260797739029
1452,1.8513656854629517,1e-07,1.2655425,1.8464094,1.3588265,0.019121399149298668,0.09754833579063416,0.01416507177054882,0.1190171092748642
1453,1.851340889930725,1e-07,1.265534,1.8463846,1.3588173,0.019119268283247948,0.09754098951816559,0.0141629409044981,0.1190081536769867
1454,1.851315975189209,1e-07,1.2655259,1.8463597,1.3588082,0.019117137417197227,0.09753359854221344,0.01416081003844738,0.11899920552968979
1455,1.8512903451919556,1e-07,1.2655176,1.8463341,1.3587987,0.01911505125463009,0.09752631187438965,0.014158723875880241,0.11899043619632721
1456,1.85126531124115,1e-07,1.2655094,1.8463091,1.3587896,0.019112959504127502,0.09751901030540466,0.014156633988022804,0.11898165196180344
1457,1.8512401580810547,1e-07,1.265501,1.8462839,1.3587803,0.01911086030304432,0.09751175343990326,0.014154532924294472,0.11897282302379608
1458,1.8512150049209595,1e-07,1.2654929,1.8462588,1.3587711,0.019108714535832405,0.09750434756278992,0.014152387157082558,0.1189638078212738
1459,1.851190209388733,1e-07,1.2654847,1.846234,1.3587619,0.019106579944491386,0.09749692678451538,0.014150252565741539,0.11895483732223511
1460,1.8511651754379272,1e-07,1.2654766,1.8462089,1.3587527,0.019104497507214546,0.09748971462249756,0.014148170128464699,0.11894608289003372
1461,1.8511401414871216,1e-07,1.2654682,1.8461839,1.3587435,0.019102374091744423,0.09748232364654541,0.01414604764431715,0.11893715709447861
1462,1.8511148691177368,1e-07,1.2654599,1.8461586,1.3587343,0.01910029910504818,0.0974750965833664,0.014143971726298332,0.11892843246459961
1463,1.8510894775390625,1e-07,1.2654516,1.8461332,1.3587248,0.019098171964287758,0.09746764600276947,0.01414184644818306,0.1189194992184639
1464,1.8510656356811523,1e-07,1.2654437,1.8461094,1.3587161,0.019096052274107933,0.09746041893959045,0.01413972768932581,0.11891058832406998
1465,1.8510395288467407,1e-07,1.2654352,1.8460833,1.3587065,0.019093919545412064,0.09745296835899353,0.014137594029307365,0.11890161782503128
1466,1.8510135412216187,1e-07,1.2654266,1.8460573,1.3586969,0.019091807305812836,0.09744560718536377,0.014135481789708138,0.11889272928237915
1467,1.850988745689392,1e-07,1.2654184,1.8460325,1.3586878,0.019089752808213234,0.0974384993314743,0.014133431017398834,0.11888410896062851
1468,1.8509641885757446,1e-07,1.2654104,1.846008,1.3586787,0.019087573513388634,0.09743094444274902,0.014131251722574234,0.1188749447464943
1469,1.850939393043518,1e-07,1.2654023,1.8459831,1.3586696,0.0190854761749506,0.09742364287376404,0.0141291543841362,0.11886612325906754
1470,1.850913643836975,1e-07,1.2653939,1.8459574,1.3586601,0.019083376973867416,0.09741631150245667,0.014127054251730442,0.11885728687047958
1471,1.8508886098861694,1e-07,1.2653856,1.8459324,1.3586509,0.01908128149807453,0.09740903973579407,0.014124957844614983,0.11884846538305283
1472,1.8508634567260742,1e-07,1.2653774,1.8459072,1.3586416,0.019079161807894707,0.0974016934633255,0.014122840017080307,0.1188395544886589
1473,1.850838303565979,1e-07,1.265369,1.845882,1.3586324,0.019077042117714882,0.09739430248737335,0.014120720326900482,0.11883063614368439
1474,1.8508135080337524,1e-07,1.265361,1.8458573,1.3586233,0.019074976444244385,0.09738706052303314,0.014118651859462261,0.11882193386554718
1475,1.8507882356643677,1e-07,1.2653527,1.845832,1.358614,0.01907286047935486,0.09737977385520935,0.014116537757217884,0.11881303787231445
1476,1.8507633209228516,1e-07,1.2653445,1.8458071,1.3586048,0.019070731475949287,0.09737229347229004,0.014114407822489738,0.11880407482385635
1477,1.8507380485534668,1e-07,1.2653362,1.8457818,1.3585955,0.01906859688460827,0.09736494719982147,0.014112275093793869,0.11879509687423706
1478,1.850712776184082,1e-07,1.2653278,1.8457565,1.3585862,0.019066529348492622,0.09735770523548126,0.014110207557678223,0.11878639459609985
1479,1.850688099861145,1e-07,1.2653198,1.8457319,1.3585771,0.019064409658312798,0.09735029935836792,0.014108087867498398,0.11877746880054474
1480,1.8506625890731812,1e-07,1.2653112,1.8457063,1.3585677,0.019062330946326256,0.09734311699867249,0.014106008224189281,0.11876871436834335
1481,1.8506368398666382,1e-07,1.2653029,1.8456806,1.3585583,0.01906021498143673,0.09733572602272034,0.01410389132797718,0.11875980347394943
1482,1.8506118059158325,1e-07,1.2652947,1.8456556,1.3585491,0.01905808039009571,0.09732827544212341,0.014101758599281311,0.11875082552433014
1483,1.8505865335464478,1e-07,1.2652863,1.8456303,1.3585398,0.019055994227528572,0.0973210334777832,0.014099670574069023,0.11874203383922577
1484,1.8505622148513794,1e-07,1.2652783,1.845606,1.3585308,0.019053885713219643,0.09731368720531464,0.014097563922405243,0.11873316019773483
1485,1.850536823272705,1e-07,1.2652701,1.8455806,1.3585215,0.01905178464949131,0.09730631113052368,0.014095460996031761,0.11872430890798569
1486,1.8505111932754517,1e-07,1.2652617,1.845555,1.358512,0.01904970593750477,0.09729915857315063,0.014093384146690369,0.1187155619263649
1487,1.8504858016967773,1e-07,1.2652533,1.8455296,1.3585027,0.01904759183526039,0.09729170799255371,0.014091269113123417,0.11870665103197098
1488,1.8504613637924194,1e-07,1.2652453,1.8455051,1.3584937,0.019045498222112656,0.0972844809293747,0.014089175499975681,0.11869782954454422
1489,1.8504363298416138,1e-07,1.265237,1.8454801,1.3584845,0.019043399021029472,0.09727717936038971,0.014087077230215073,0.11868899315595627
1490,1.8504114151000977,1e-07,1.2652289,1.8454552,1.3584753,0.019041264429688454,0.09726978838443756,0.014084942638874054,0.11868000030517578
1491,1.8503860235214233,1e-07,1.2652204,1.8454298,1.3584659,0.019039159640669823,0.09726233780384064,0.014082837849855423,0.11867113411426544
1492,1.8503612279891968,1e-07,1.2652122,1.845405,1.3584569,0.019037051126360893,0.09725508093833923,0.014080729335546494,0.11866224557161331
1493,1.8503360748291016,1e-07,1.2652041,1.8453798,1.3584476,0.01903495565056801,0.09724774956703186,0.014078632928431034,0.11865341663360596
1494,1.8503109216690063,1e-07,1.2651958,1.8453547,1.3584384,0.019032860174775124,0.09724043309688568,0.014076536521315575,0.118644580245018
1495,1.8502851724624634,1e-07,1.2651874,1.8453289,1.3584288,0.019030736759305,0.09723301231861115,0.014074413105845451,0.1186356320977211
1496,1.8502602577209473,1e-07,1.265179,1.845304,1.3584197,0.019028613343834877,0.09722559154033661,0.014072289690375328,0.1186266839504242
1497,1.8502354621887207,1e-07,1.2651709,1.8452792,1.3584106,0.019026553258299828,0.09721842408180237,0.014070231467485428,0.11861800402402878
1498,1.850210189819336,1e-07,1.2651626,1.845254,1.3584013,0.019024455919861794,0.097211092710495,0.014068134129047394,0.11860916763544083
1499,1.8501847982406616,1e-07,1.2651544,1.8452286,1.3583919,0.019022373482584953,0.0972038060426712,0.014066049829125404,0.11860037595033646
1500,1.8501591682434082,1e-07,1.2651459,1.8452029,1.3583825,0.019020209088921547,0.09719628095626831,0.014063887298107147,0.11859126389026642
1501,1.8501354455947876,1e-07,1.265138,1.8451792,1.3583738,0.01901811920106411,0.09718894958496094,0.014061796478927135,0.11858244240283966
1502,1.850110411643982,1e-07,1.2651299,1.8451542,1.3583645,0.019016021862626076,0.09718161821365356,0.014059698209166527,0.11857359856367111
1503,1.850084662437439,1e-07,1.2651213,1.8451284,1.358355,0.019013961777091026,0.09717445075511932,0.014057639054954052,0.1185649186372757
1504,1.8500593900680542,1e-07,1.2651131,1.8451031,1.3583457,0.01901181973516941,0.09716695547103882,0.014055496081709862,0.11855588108301163
1505,1.8500347137451172,1e-07,1.265105,1.8450785,1.3583367,0.01900976337492466,0.09715975821018219,0.01405343972146511,0.11854720115661621
1506,1.8500089645385742,1e-07,1.2650965,1.8450527,1.3583272,0.019007643684744835,0.09715232253074646,0.014051320031285286,0.1185382604598999
1507,1.8499845266342163,1e-07,1.2650886,1.8450283,1.3583182,0.019005557522177696,0.09714508056640625,0.014049235731363297,0.11852946877479553
1508,1.849958896636963,1e-07,1.2650801,1.8450027,1.3583088,0.019003456458449364,0.09713780879974365,0.014047132804989815,0.11852060258388519
1509,1.8499336242675781,1e-07,1.2650717,1.8449774,1.3582995,0.019001338630914688,0.09713031351566315,0.014045018702745438,0.11851168423891068
1510,1.8499089479446411,1e-07,1.2650636,1.8449527,1.3582903,0.01899925246834755,0.09712302684783936,0.014042932540178299,0.11850287765264511
1511,1.8498836755752563,1e-07,1.2650555,1.8449274,1.358281,0.0189971923828125,0.09711582958698273,0.01404087245464325,0.1184941902756691
1512,1.8498588800430298,1e-07,1.2650472,1.8449026,1.358272,0.018995076417922974,0.09710851311683655,0.014038756489753723,0.11848525702953339
1513,1.8498331308364868,1e-07,1.2650387,1.8448769,1.3582624,0.018992967903614044,0.09710109233856201,0.014036647044122219,0.11847635358572006
1514,1.8498083353042603,1e-07,1.2650305,1.8448521,1.3582534,0.01899086683988571,0.09709367156028748,0.014034545049071312,0.11846748739480972
1515,1.8497825860977173,1e-07,1.2650222,1.8448263,1.3582438,0.01898876763880253,0.09708645939826965,0.014032446779310703,0.11845862865447998
1516,1.8497575521469116,1e-07,1.2650139,1.8448013,1.3582346,0.01898665726184845,0.09707903861999512,0.0140303373336792,0.11844972521066666
1517,1.849732756614685,1e-07,1.2650058,1.8447765,1.3582255,0.018984604626893997,0.0970718264579773,0.014028284698724747,0.11844106018543243
1518,1.8497076034545898,1e-07,1.2649976,1.8447514,1.3582163,0.018982449546456337,0.09706437587738037,0.014026131480932236,0.11843197047710419
1519,1.8496822118759155,1e-07,1.2649893,1.844726,1.3582069,0.01898038387298584,0.09705710411071777,0.01402406208217144,0.118423230946064
1520,1.849657654762268,1e-07,1.264981,1.8447014,1.3581978,0.018978288397192955,0.09704972803592682,0.014021968469023705,0.11841439455747604
1521,1.8496332168579102,1e-07,1.264973,1.844677,1.3581889,0.018976187333464622,0.09704235196113586,0.014019869267940521,0.1184055283665657
1522,1.8496073484420776,1e-07,1.2649646,1.8446511,1.3581793,0.01897408626973629,0.0970349907875061,0.014017768204212189,0.11839665472507477
1523,1.8495815992355347,1e-07,1.2649561,1.8446254,1.3581699,0.018971996381878853,0.09702768921852112,0.014015678316354752,0.11838783323764801
1524,1.8495572805404663,1e-07,1.2649481,1.844601,1.3581609,0.018969880416989326,0.09702026844024658,0.014013560488820076,0.1183788850903511
1525,1.8495315313339233,1e-07,1.2649395,1.8445753,1.3581514,0.018967796117067337,0.09701302647590637,0.014011477120220661,0.11837008595466614
1526,1.8495063781738281,1e-07,1.2649313,1.8445501,1.3581421,0.01896573416888714,0.09700582921504974,0.014009414240717888,0.11836136877536774
1527,1.8494815826416016,1e-07,1.2649232,1.8445253,1.3581331,0.018963640555739403,0.09699834883213043,0.014007320627570152,0.11835252493619919
1528,1.8494564294815063,1e-07,1.2649149,1.8445002,1.3581238,0.018961535766720772,0.09699109196662903,0.01400521770119667,0.11834364384412766
1529,1.8494313955307007,1e-07,1.2649068,1.8444752,1.3581146,0.01895945705473423,0.09698379039764404,0.01400313712656498,0.11833485215902328
1530,1.8494058847427368,1e-07,1.2648983,1.8444496,1.3581052,0.01895737461745739,0.09697647392749786,0.014001056551933289,0.11832606047391891
1531,1.8493808507919312,1e-07,1.2648901,1.8444246,1.358096,0.01895524375140667,0.09696899354457855,0.013998923823237419,0.11831704527139664
1532,1.8493561744689941,1e-07,1.264882,1.8443999,1.3580868,0.018953127786517143,0.09696163237094879,0.013996808789670467,0.11830811202526093
1533,1.849331259727478,1e-07,1.2648739,1.844375,1.3580776,0.018951069563627243,0.096954345703125,0.013994750566780567,0.11829940974712372
1534,1.849305510520935,1e-07,1.2648653,1.8443493,1.3580682,0.018948985263705254,0.09694711863994598,0.013992665335536003,0.11829059571027756
1535,1.8492804765701294,1e-07,1.264857,1.8443242,1.358059,0.0189469363540411,0.09693986177444458,0.013990616425871849,0.11828193813562393
1536,1.8492552042007446,1e-07,1.2648487,1.844299,1.3580496,0.018944835290312767,0.09693251550197601,0.013988517224788666,0.118273064494133
1537,1.849230408668518,1e-07,1.2648407,1.8442742,1.3580406,0.018942739814519882,0.09692515432834625,0.013986420817673206,0.11826419830322266
1538,1.849204659461975,1e-07,1.2648323,1.8442484,1.358031,0.018940629437565804,0.0969177633523941,0.013984310440719128,0.11825527995824814
1539,1.8491796255111694,1e-07,1.264824,1.8442234,1.3580219,0.018938539549708366,0.09691047668457031,0.013982221484184265,0.11824644356966019
1540,1.849155068397522,1e-07,1.2648158,1.8441988,1.3580128,0.01893644593656063,0.09690313041210175,0.01398012600839138,0.11823758482933044
1541,1.8491300344467163,1e-07,1.2648077,1.8441738,1.3580036,0.018934329971671104,0.0968957245349884,0.013978011906147003,0.11822864413261414
1542,1.8491045236587524,1e-07,1.2647992,1.8441483,1.3579942,0.018932273611426353,0.0968884527683258,0.013975953683257103,0.11821993440389633
1543,1.8490794897079468,1e-07,1.264791,1.8441232,1.357985,0.01893019676208496,0.09688115119934082,0.013973877765238285,0.11821115761995316
1544,1.8490543365478516,1e-07,1.2647828,1.8440981,1.3579757,0.018928108736872673,0.09687379002571106,0.013971789740025997,0.1182023286819458
1545,1.8490289449691772,1e-07,1.2647744,1.8440727,1.3579664,0.01892598159611225,0.09686635434627533,0.01396966353058815,0.11819332838058472
1546,1.8490041494369507,1e-07,1.2647662,1.8440479,1.3579572,0.018923912197351456,0.09685909748077393,0.013967595063149929,0.11818458139896393
1547,1.8489794731140137,1e-07,1.2647581,1.8440232,1.3579482,0.018921833485364914,0.09685175120830536,0.013965517282485962,0.11817578971385956
1548,1.8489538431167603,1e-07,1.2647499,1.8439976,1.3579388,0.018919775262475014,0.09684455394744873,0.013963455334305763,0.11816706508398056
1549,1.8489292860031128,1e-07,1.2647417,1.843973,1.3579297,0.01891762763261795,0.0968371033668518,0.013961311429738998,0.11815799027681351
1550,1.8489036560058594,1e-07,1.2647332,1.8439474,1.3579203,0.018915558233857155,0.09682974219322205,0.013959240168333054,0.11814922839403152
1551,1.8488788604736328,1e-07,1.2647251,1.8439226,1.3579111,0.01891343668103218,0.09682230651378632,0.01395711861550808,0.11814025044441223
1552,1.8488531112670898,1e-07,1.2647166,1.8438969,1.3579017,0.018911372870206833,0.09681496024131775,0.013955053873360157,0.11813151091337204
1553,1.8488281965255737,1e-07,1.2647084,1.843872,1.3578925,0.018909327685832977,0.0968078076839447,0.01395301055163145,0.11812286078929901
1554,1.8488041162490845,1e-07,1.2647005,1.8438479,1.3578836,0.01890718564391136,0.096800297498703,0.01395086944103241,0.11811380088329315
1555,1.8487790822982788,1e-07,1.2646922,1.8438228,1.3578744,0.018905166536569595,0.09679320454597473,0.013948848471045494,0.11810524016618729
1556,1.8487534523010254,1e-07,1.2646837,1.8437972,1.357865,0.01890307106077671,0.09678581357002258,0.013946753926575184,0.11809637397527695
1557,1.8487275838851929,1e-07,1.2646753,1.8437713,1.3578554,0.018900936469435692,0.09677833318710327,0.013944621197879314,0.11808734387159348
1558,1.8487027883529663,1e-07,1.2646672,1.8437465,1.3578463,0.01889890618622303,0.0967712551355362,0.013942591845989227,0.11807875335216522
1559,1.8486775159835815,1e-07,1.2646588,1.8437213,1.357837,0.0188968013972044,0.0967637300491333,0.013940485194325447,0.1180698350071907
1560,1.8486522436141968,1e-07,1.2646505,1.843696,1.3578277,0.018894696608185768,0.09675633907318115,0.01393838133662939,0.11806092411279678
1561,1.8486274480819702,1e-07,1.2646424,1.8436712,1.3578186,0.01889265514910221,0.0967491865158081,0.013936339877545834,0.11805227398872375
1562,1.8486026525497437,1e-07,1.2646343,1.8436464,1.3578094,0.018890520557761192,0.0967416763305664,0.013934205286204815,0.11804323643445969
1563,1.8485769033432007,1e-07,1.2646257,1.8436207,1.3577999,0.01888846419751644,0.09673446416854858,0.013932149857282639,0.11803452670574188
1564,1.8485521078109741,1e-07,1.2646177,1.8435959,1.3577908,0.018886340782046318,0.09672695398330688,0.013930026441812515,0.1180255338549614
1565,1.8485265970230103,1e-07,1.2646092,1.8435704,1.3577814,0.018884295597672462,0.09671980142593384,0.013927980326116085,0.11801686137914658
1566,1.8485015630722046,1e-07,1.2646011,1.8435453,1.3577722,0.01888222061097622,0.09671242535114288,0.013925904408097267,0.1180080696940422
1567,1.8484768867492676,1e-07,1.2645929,1.8435206,1.357763,0.018880126997828484,0.09670500457286835,0.01392381265759468,0.11799920350313187
1568,1.8484516143798828,1e-07,1.2645845,1.8434954,1.3577538,0.018878048285841942,0.09669777750968933,0.013921733014285564,0.1179903969168663
1569,1.8484264612197876,1e-07,1.2645763,1.8434702,1.3577446,0.018875984475016594,0.09669044613838196,0.013919668272137642,0.11798164248466492
1570,1.8484007120132446,1e-07,1.2645679,1.8434445,1.357735,0.018873827531933784,0.0966828316450119,0.013917513191699982,0.11797250807285309
1571,1.8483757972717285,1e-07,1.2645596,1.8434196,1.3577259,0.01887180097401142,0.09667576849460602,0.013915485702455044,0.11796391755342484
1572,1.848351001739502,1e-07,1.2645515,1.8433948,1.3577168,0.01886971853673458,0.09666833281517029,0.013913404196500778,0.11795509606599808
1573,1.8483260869979858,1e-07,1.2645432,1.8433698,1.3577076,0.01886763609945774,0.09666109085083008,0.013911319896578789,0.11794625967741013
1574,1.848300576210022,1e-07,1.2645348,1.8433443,1.3576982,0.018865572288632393,0.09665386378765106,0.01390925794839859,0.11793752014636993
1575,1.848276138305664,1e-07,1.2645268,1.8433199,1.3576891,0.01886352337896824,0.09664645791053772,0.013907209038734436,0.11792883276939392
1576,1.8482507467269897,1e-07,1.2645186,1.8432945,1.3576798,0.018861370161175728,0.09663906693458557,0.013905053958296776,0.1179196909070015
1577,1.8482255935668945,1e-07,1.2645103,1.8432693,1.3576705,0.018859324976801872,0.09663176536560059,0.01390301063656807,0.11791102588176727
1578,1.848200798034668,1e-07,1.264502,1.8432446,1.3576615,0.018857235088944435,0.09662437438964844,0.013900921680033207,0.11790216714143753
1579,1.8481754064559937,1e-07,1.2644937,1.8432192,1.3576521,0.018855134025216103,0.09661693871021271,0.0138988196849823,0.11789325624704361
1580,1.848150610923767,1e-07,1.2644856,1.8431944,1.3576429,0.01885310746729374,0.09660977125167847,0.013896793127059937,0.11788465827703476
1581,1.8481249809265137,1e-07,1.2644773,1.8431687,1.3576335,0.01885099522769451,0.09660235047340393,0.01389467902481556,0.11787569522857666
1582,1.8481006622314453,1e-07,1.264469,1.8431444,1.3576245,0.018848950043320656,0.09659513831138611,0.013892634771764278,0.11786702275276184
1583,1.848075270652771,1e-07,1.2644609,1.843119,1.3576152,0.018846837803721428,0.0965876579284668,0.013890521600842476,0.11785805970430374
1584,1.8480497598648071,1e-07,1.2644526,1.8430935,1.3576058,0.01884477399289608,0.09658035635948181,0.013888459652662277,0.11784931272268295
1585,1.8480247259140015,1e-07,1.2644442,1.8430685,1.3575966,0.018842710182070732,0.0965731143951416,0.01388639584183693,0.11784055083990097
1586,1.8480000495910645,1e-07,1.2644361,1.8430438,1.3575875,0.01884055696427822,0.09656544029712677,0.013884241692721844,0.11783140897750854
1587,1.847974419593811,1e-07,1.2644278,1.8430182,1.357578,0.018838537856936455,0.09655842185020447,0.013882221654057503,0.11782284080982208
1588,1.847949504852295,1e-07,1.2644194,1.8429933,1.3575689,0.018836403265595436,0.09655079245567322,0.013880087062716484,0.11781378090381622
1589,1.8479242324829102,1e-07,1.2644111,1.842968,1.3575596,0.01883438043296337,0.09654362499713898,0.01387806423008442,0.11780519783496857
1590,1.8478994369506836,1e-07,1.264403,1.8429432,1.3575504,0.018832335248589516,0.09653638303279877,0.013876019045710564,0.11779651790857315
1591,1.847874641418457,1e-07,1.2643948,1.8429184,1.3575413,0.018830200657248497,0.09652890264987946,0.013873884454369545,0.11778745800256729
1592,1.8478492498397827,1e-07,1.2643865,1.842893,1.3575319,0.018828148022294044,0.09652170538902283,0.013871833682060242,0.11777874827384949
1593,1.8478237390518188,1e-07,1.2643781,1.8428675,1.3575226,0.018826069310307503,0.09651423990726471,0.01386975310742855,0.11776991933584213
1594,1.8477989435195923,1e-07,1.26437,1.8428427,1.3575134,0.01882396824657917,0.09650690853595734,0.013867653906345367,0.11776100099086761
1595,1.8477739095687866,1e-07,1.2643617,1.8428177,1.3575042,0.018821900710463524,0.09649959206581116,0.013865586370229721,0.11775222420692444
1596,1.8477486371994019,1e-07,1.2643533,1.8427924,1.357495,0.018819870427250862,0.09649235010147095,0.01386355422437191,0.1177435964345932
1597,1.8477236032485962,1e-07,1.2643452,1.8427674,1.3574857,0.018817773088812828,0.09648497402667999,0.013861458748579025,0.11773469299077988
1598,1.8476976156234741,1e-07,1.2643366,1.8427414,1.3574761,0.018815672025084496,0.09647753834724426,0.013859356753528118,0.11772576719522476
1599,1.8476728200912476,1e-07,1.2643285,1.8427166,1.3574669,0.018813669681549072,0.09647047519683838,0.013857357203960419,0.11771727353334427
1600,1.847648024559021,1e-07,1.2643203,1.8426918,1.3574579,0.018811572343111038,0.09646299481391907,0.01385525893419981,0.11770836263895035
1601,1.8476223945617676,1e-07,1.2643119,1.8426661,1.3574483,0.018809478729963303,0.09645557403564453,0.013853166252374649,0.11769947409629822
1602,1.8475985527038574,1e-07,1.264304,1.8426423,1.3574396,0.018807414919137955,0.09644833207130432,0.013851102441549301,0.11769070476293564
1603,1.8475723266601562,1e-07,1.2642953,1.8426161,1.35743,0.01880529150366783,0.09644077718257904,0.013848977163434029,0.11768167465925217
1604,1.8475478887557983,1e-07,1.2642874,1.8425916,1.3574209,0.01880328357219696,0.09643369913101196,0.013846971094608307,0.11767315119504929
1605,1.8475227355957031,1e-07,1.264279,1.8425665,1.3574117,0.018801182508468628,0.09642629325389862,0.013844870030879974,0.11766422539949417
1606,1.847497582435608,1e-07,1.2642708,1.8425413,1.3574024,0.018799105659127235,0.09641887247562408,0.013842794112861156,0.11765540391206741
1607,1.8474723100662231,1e-07,1.2642626,1.8425161,1.3573931,0.018797028809785843,0.09641145169734955,0.01384071446955204,0.11764656752347946
1608,1.847447395324707,1e-07,1.2642543,1.8424911,1.357384,0.018794944509863853,0.09640426933765411,0.013838633894920349,0.11763772368431091
1609,1.84742271900177,1e-07,1.2642461,1.8424665,1.3573748,0.0187928918749094,0.09639683365821838,0.013836581259965897,0.11762899905443192
1610,1.8473974466323853,1e-07,1.2642379,1.8424412,1.3573655,0.01879085786640644,0.09638962149620056,0.013834545388817787,0.11762034147977829
1611,1.8473724126815796,1e-07,1.2642297,1.8424162,1.3573563,0.018788786605000496,0.09638240933418274,0.013832475990056992,0.11761154979467392
1612,1.8473469018936157,1e-07,1.2642213,1.8423907,1.3573469,0.018786681815981865,0.09637486934661865,0.013830369338393211,0.11760259419679642
1613,1.8473221063613892,1e-07,1.2642131,1.8423659,1.3573378,0.018784599378705025,0.0963674932718277,0.013828286901116371,0.11759373545646667
1614,1.8472963571548462,1e-07,1.2642046,1.8423401,1.3573283,0.01878258027136326,0.09636032581329346,0.013826267793774605,0.11758515238761902
1615,1.8472713232040405,1e-07,1.2641964,1.8423151,1.3573191,0.018780475482344627,0.09635286033153534,0.013824164867401123,0.11757621169090271
1616,1.847246527671814,1e-07,1.2641883,1.8422903,1.3573099,0.018778430297970772,0.09634555876255035,0.013822119683027267,0.1175675094127655
1617,1.8472212553024292,1e-07,1.2641798,1.842265,1.3573006,0.01877629943192005,0.09633809328079224,0.013819988816976547,0.11755844950675964
1618,1.8471959829330444,1e-07,1.2641716,1.8422397,1.3572913,0.018774254247546196,0.09633077681064606,0.013817943632602692,0.11754974722862244
1619,1.847171425819397,1e-07,1.2641635,1.8422152,1.3572823,0.018772194162011147,0.09632349014282227,0.013815883547067642,0.11754098534584045
1620,1.8471468687057495,1e-07,1.2641554,1.8421906,1.3572732,0.0187701229006052,0.09631615877151489,0.013813810423016548,0.1175321713089943
1621,1.847121238708496,1e-07,1.2641469,1.842165,1.3572638,0.018768059089779854,0.09630881249904633,0.01381174847483635,0.11752339452505112
1622,1.8470958471298218,1e-07,1.2641386,1.8421396,1.3572544,0.018766021355986595,0.0963016003370285,0.013809708878397942,0.1175147145986557
1623,1.847070336341858,1e-07,1.2641302,1.8421141,1.3572451,0.018763916566967964,0.09629413485527039,0.01380760408937931,0.1175057590007782
1624,1.8470458984375,1e-07,1.2641222,1.8420897,1.357236,0.018761878833174706,0.0962868332862854,0.013805566355586052,0.11749709397554398
1625,1.8470205068588257,1e-07,1.2641139,1.8420643,1.3572267,0.018759777769446373,0.09627944231033325,0.013803467154502869,0.11748816072940826
1626,1.8469953536987305,1e-07,1.2641054,1.8420391,1.3572174,0.018757736310362816,0.09627217054367065,0.013801423832774162,0.11747945845127106
1627,1.846971035003662,1e-07,1.2640976,1.8420148,1.3572085,0.018755661323666573,0.09626483917236328,0.013799350708723068,0.1174706369638443
1628,1.8469454050064087,1e-07,1.2640892,1.8419892,1.357199,0.018753575161099434,0.09625741839408875,0.01379726268351078,0.11746174842119217
1629,1.846920371055603,1e-07,1.2640809,1.8419641,1.3571898,0.018751537427306175,0.09625011682510376,0.013795224949717522,0.11745307594537735
1630,1.846895694732666,1e-07,1.2640728,1.8419394,1.3571807,0.018749471753835678,0.09624283015727997,0.0137931602075696,0.11744428426027298
1631,1.846869945526123,1e-07,1.2640644,1.8419137,1.3571712,0.01874740980565548,0.09623546898365021,0.01379110012203455,0.1174355149269104
1632,1.8468446731567383,1e-07,1.2640561,1.8418884,1.3571619,0.018745308741927147,0.09622804820537567,0.013788999058306217,0.1174265667796135
1633,1.8468198776245117,1e-07,1.2640477,1.8418636,1.3571528,0.018743302673101425,0.09622083604335785,0.01378699205815792,0.11741802096366882
1634,1.846794605255127,1e-07,1.2640394,1.8418384,1.3571434,0.018741190433502197,0.09621335566043854,0.013784881681203842,0.11740903556346893
1635,1.8467683792114258,1e-07,1.2640309,1.8418121,1.3571337,0.018739117309451103,0.09620596468448639,0.013782806694507599,0.11740019917488098
1636,1.8467446565628052,1e-07,1.2640232,1.8417884,1.357125,0.018737107515335083,0.09619887173175812,0.013780795969069004,0.11739163845777512
1637,1.8467189073562622,1e-07,1.2640146,1.8417627,1.3571156,0.018735036253929138,0.09619155526161194,0.013778725638985634,0.11738281697034836
1638,1.8466941118240356,1e-07,1.2640065,1.8417379,1.3571064,0.018732938915491104,0.09618407487869263,0.013776630163192749,0.11737389117479324
1639,1.8466688394546509,1e-07,1.2639982,1.8417126,1.3570971,0.01873091235756874,0.09617677330970764,0.013774603605270386,0.11736525595188141
1640,1.846643328666687,1e-07,1.2639897,1.8416871,1.3570877,0.0187288336455822,0.09616944193840027,0.013772524893283844,0.11735640466213226
1641,1.8466192483901978,1e-07,1.2639818,1.841663,1.3570788,0.018726788461208344,0.09616224467754364,0.01377047784626484,0.11734768003225327
1642,1.846592903137207,1e-07,1.2639732,1.8416367,1.3570691,0.018724694848060608,0.09615474939346313,0.013768385164439678,0.11733876168727875
1643,1.8465690612792969,1e-07,1.2639652,1.8416128,1.3570603,0.018722668290138245,0.09614750742912292,0.01376635953783989,0.11733013391494751
1644,1.8465431928634644,1e-07,1.2639568,1.841587,1.3570508,0.01872062310576439,0.09614016115665436,0.013764312490820885,0.11732140928506851
1645,1.8465181589126587,1e-07,1.2639486,1.8415619,1.3570416,0.018718522042036057,0.09613274037837982,0.013762213289737701,0.1173124611377716
1646,1.846492886543274,1e-07,1.2639403,1.8415366,1.3570323,0.018716441467404366,0.09612533450126648,0.01376013271510601,0.11730359494686127
1647,1.8464676141738892,1e-07,1.2639321,1.8415114,1.357023,0.018714401870965958,0.0961180031299591,0.013758094049990177,0.11729490011930466
1648,1.8464428186416626,1e-07,1.2639238,1.8414866,1.3570138,0.01871236227452755,0.09611077606678009,0.013756053522229195,0.11728620529174805
1649,1.8464179039001465,1e-07,1.2639155,1.8414617,1.3570046,0.018710296601057053,0.09610339999198914,0.013753988780081272,0.11727739870548248
1650,1.8463929891586304,1e-07,1.2639074,1.8414367,1.3569955,0.018708225339651108,0.09609606862068176,0.013751917518675327,0.11726856976747513
1651,1.8463672399520874,1e-07,1.2638988,1.841411,1.356986,0.018706155940890312,0.09608867764472961,0.013749847188591957,0.11725974082946777
1652,1.84634268283844,1e-07,1.2638909,1.8413864,1.356977,0.018704058602452278,0.09608122706413269,0.013747751712799072,0.11725080758333206
1653,1.8463174104690552,1e-07,1.2638825,1.8413612,1.3569677,0.01870207116007805,0.0960741639137268,0.013745763339102268,0.11724232882261276
1654,1.8462921380996704,1e-07,1.2638742,1.8413359,1.3569583,0.018700016662478447,0.09606681764125824,0.013743709772825241,0.11723356693983078
1655,1.8462677001953125,1e-07,1.2638661,1.8413115,1.3569493,0.018697915598750114,0.09605938196182251,0.01374160684645176,0.11722459644079208
1656,1.8462423086166382,1e-07,1.2638578,1.8412861,1.3569399,0.01869587041437626,0.09605205059051514,0.013739563524723053,0.11721588671207428
1657,1.8462167978286743,1e-07,1.2638495,1.8412606,1.3569306,0.018693832680583,0.09604476392269135,0.013737523928284645,0.11720718443393707
1658,1.8461922407150269,1e-07,1.2638413,1.841236,1.3569216,0.018691783770918846,0.09603749215602875,0.013735475018620491,0.11719844490289688
1659,1.8461662530899048,1e-07,1.2638328,1.84121,1.3569119,0.018689684569835663,0.09603002667427063,0.013733376748859882,0.11718948930501938
1660,1.8461426496505737,1e-07,1.263825,1.8411864,1.3569032,0.018687644973397255,0.09602266550064087,0.0137313362210989,0.11718078702688217
1661,1.8461166620254517,1e-07,1.2638165,1.8411604,1.3568937,0.018685610964894295,0.09601542353630066,0.013729304075241089,0.11717211455106735
1662,1.846091628074646,1e-07,1.2638083,1.8411354,1.3568845,0.018683547154068947,0.09600803256034851,0.013727239333093166,0.11716330051422119
1663,1.8460664749145508,1e-07,1.2638,1.8411102,1.3568752,0.018681460991501808,0.09600059688091278,0.013725152239203453,0.11715439707040787
1664,1.8460410833358765,1e-07,1.2637916,1.8410848,1.3568658,0.018679426982998848,0.09599331021308899,0.013723120093345642,0.11714572459459305
1665,1.8460159301757812,1e-07,1.2637833,1.8410597,1.3568566,0.0186773631721735,0.09598593413829803,0.013721056282520294,0.11713691055774689
1666,1.8459912538528442,1e-07,1.2637752,1.841035,1.3568474,0.018675340339541435,0.09597882628440857,0.01371903158724308,0.11712826788425446
1667,1.84596586227417,1e-07,1.2637669,1.8410096,1.3568381,0.018673250451683998,0.09597128629684448,0.013716943562030792,0.11711935698986053
1668,1.8459409475326538,1e-07,1.2637587,1.8409847,1.3568289,0.018671197816729546,0.09596401453018188,0.01371489092707634,0.11711059510707855
1669,1.84591543674469,1e-07,1.2637503,1.8409592,1.3568195,0.018669141456484795,0.09595656394958496,0.01371283270418644,0.11710180342197418
1670,1.8458908796310425,1e-07,1.2637421,1.8409346,1.3568105,0.018667088821530342,0.09594930708408356,0.013710781000554562,0.1170930415391922
1671,1.8458653688430786,1e-07,1.2637337,1.8409091,1.356801,0.018665051087737083,0.09594205021858215,0.013708744198083878,0.11708434671163559
1672,1.8458404541015625,1e-07,1.2637256,1.8408842,1.3567919,0.01866299659013748,0.09593465924263,0.013706689700484276,0.11707556992769241
1673,1.8458150625228882,1e-07,1.2637172,1.8408588,1.3567826,0.018660975620150566,0.0959274023771286,0.013704669661819935,0.11706694215536118
1674,1.8457903861999512,1e-07,1.2637091,1.8408341,1.3567734,0.018658891320228577,0.09592005610466003,0.01370258629322052,0.11705804616212845
1675,1.845765233039856,1e-07,1.2637008,1.840809,1.3567642,0.018656793981790543,0.09591254591941833,0.013700487092137337,0.11704908311367035
1676,1.8457403182983398,1e-07,1.2636927,1.8407841,1.356755,0.01865478605031967,0.09590530395507812,0.013698479160666466,0.11704050004482269
1677,1.8457151651382446,1e-07,1.2636843,1.8407589,1.3567457,0.01865273341536522,0.09589789807796478,0.013696426525712013,0.11703173071146011
1678,1.845690131187439,1e-07,1.263676,1.8407339,1.3567365,0.01865067146718502,0.09589064121246338,0.01369436550885439,0.11702292412519455
1679,1.8456653356552124,1e-07,1.263668,1.8407091,1.3567274,0.018648628145456314,0.09588320553302765,0.013692323118448257,0.11701419949531555
1680,1.8456393480300903,1e-07,1.2636594,1.8406831,1.3567178,0.01864657923579216,0.09587599337100983,0.013690274208784103,0.11700544506311417
1681,1.8456144332885742,1e-07,1.2636513,1.8406582,1.3567085,0.018644515424966812,0.09586863219738007,0.013688208535313606,0.11699661612510681
1682,1.8455899953842163,1e-07,1.2636431,1.8406337,1.3566996,0.018642451614141464,0.09586116671562195,0.013686144724488258,0.11698779463768005
1683,1.8455642461776733,1e-07,1.2636346,1.840608,1.35669,0.01864040270447731,0.09585386514663696,0.013684097677469254,0.11697904765605927
1684,1.8455387353897095,1e-07,1.2636262,1.8405825,1.3566806,0.018638383597135544,0.09584659337997437,0.013682076707482338,0.11697041243314743
1685,1.8455142974853516,1e-07,1.2636181,1.840558,1.3566717,0.018636347725987434,0.09583932161331177,0.013680041767656803,0.11696171015501022
1686,1.8454886674880981,1e-07,1.2636098,1.8405324,1.3566623,0.018634293228387833,0.09583194553852081,0.013677986338734627,0.11695292592048645
1687,1.8454638719558716,1e-07,1.2636018,1.8405076,1.3566531,0.018632251769304276,0.0958247184753418,0.01367594487965107,0.11694419384002686
1688,1.8454395532608032,1e-07,1.2635937,1.8404833,1.3566442,0.01863018050789833,0.09581725299358368,0.013673873618245125,0.11693534255027771
1689,1.8454138040542603,1e-07,1.2635851,1.8404576,1.3566346,0.018628090620040894,0.09580972790718079,0.013671785593032837,0.116926409304142
1690,1.8453890085220337,1e-07,1.263577,1.8404328,1.3566256,0.01862609013915062,0.09580259025096893,0.013669783249497414,0.11691784858703613
1691,1.845363736152649,1e-07,1.2635685,1.8404075,1.3566161,0.018624039366841316,0.09579527378082275,0.013667735271155834,0.11690908670425415
1692,1.8453388214111328,1e-07,1.2635604,1.8403826,1.356607,0.018621977418661118,0.09578786790370941,0.013665673322975636,0.11690027266740799
1693,1.8453141450881958,1e-07,1.2635523,1.8403579,1.3565979,0.018619941547513008,0.09578061103820801,0.013663636520504951,0.11689155548810959
1694,1.845288634300232,1e-07,1.2635437,1.8403324,1.3565885,0.018617859110236168,0.0957731306552887,0.01366155594587326,0.11688265949487686
1695,1.8452644348144531,1e-07,1.263536,1.8403082,1.3565795,0.01861581951379776,0.09576581418514252,0.013659516349434853,0.11687393486499786
1696,1.8452377319335938,1e-07,1.2635273,1.8402815,1.3565698,0.018613770604133606,0.09575848281383514,0.013657469302415848,0.11686517298221588
1697,1.8452134132385254,1e-07,1.2635192,1.8402572,1.3565608,0.01861172914505005,0.09575119614601135,0.013655425980687141,0.11685643345117569
1698,1.845189094543457,1e-07,1.2635111,1.8402328,1.3565518,0.01860971190035343,0.09574389457702637,0.013653408735990524,0.11684779822826385
1699,1.8451632261276245,1e-07,1.2635027,1.840207,1.3565422,0.01860766112804413,0.09573662281036377,0.013651357032358646,0.11683902144432068
1700,1.845137596130371,1e-07,1.2634941,1.8401814,1.3565328,0.018605614081025124,0.09572918713092804,0.013649310916662216,0.1168302670121193
1701,1.845112919807434,1e-07,1.263486,1.8401567,1.3565238,0.018603574484586716,0.09572193026542664,0.013647270388901234,0.1168215349316597
1702,1.8450874090194702,1e-07,1.2634777,1.8401312,1.3565143,0.018601510673761368,0.0957144945859909,0.01364520937204361,0.11681271344423294
1703,1.8450627326965332,1e-07,1.2634697,1.8401065,1.3565053,0.01859946735203266,0.09570720791816711,0.013643164187669754,0.11680395901203156
1704,1.8450369834899902,1e-07,1.2634611,1.8400807,1.3564957,0.018597429618239403,0.09569980204105377,0.013641126453876495,0.11679523438215256
1705,1.8450121879577637,1e-07,1.2634531,1.840056,1.3564866,0.018595388159155846,0.09569244086742401,0.013639084994792938,0.11678649485111237
1706,1.8449872732162476,1e-07,1.2634445,1.840031,1.3564774,0.018593301996588707,0.09568503499031067,0.0136369988322258,0.11677756160497665
1707,1.8449617624282837,1e-07,1.2634364,1.8400055,1.3564681,0.018591297790408134,0.09567782282829285,0.013634992763400078,0.1167689710855484
1708,1.8449374437332153,1e-07,1.2634283,1.8399812,1.356459,0.018589256331324577,0.09567047655582428,0.01363295316696167,0.1167602390050888
1709,1.8449119329452515,1e-07,1.26342,1.8399557,1.3564496,0.018587233498692513,0.09566318988800049,0.01363092940300703,0.11675157397985458
1710,1.844887137413025,1e-07,1.2634118,1.8399309,1.3564405,0.01858517900109291,0.09565579891204834,0.013628876768052578,0.11674278229475021
1711,1.8448623418807983,1e-07,1.2634035,1.8399061,1.3564314,0.018583141267299652,0.09564860165119171,0.013626838102936745,0.11673405021429062
1712,1.8448365926742554,1e-07,1.2633952,1.8398803,1.356422,0.018581053242087364,0.09564104676246643,0.013624751009047031,0.11672510951757431
1713,1.8448117971420288,1e-07,1.263387,1.8398556,1.3564128,0.018579062074422836,0.09563378989696503,0.013622760772705078,0.11671658605337143
1714,1.844786286354065,1e-07,1.2633786,1.83983,1.3564034,0.018577035516500473,0.09562654793262482,0.013620734214782715,0.11670789867639542
1715,1.8447610139846802,1e-07,1.2633703,1.8398048,1.356394,0.01857496239244938,0.0956190824508667,0.013618660159409046,0.11669901758432388
1716,1.8447362184524536,1e-07,1.2633622,1.83978,1.3563849,0.018572930246591568,0.09561176598072052,0.01361662708222866,0.11669030785560608
1717,1.844710350036621,1e-07,1.2633535,1.8397541,1.3563753,0.01857086643576622,0.09560437500476837,0.013614565134048462,0.11668147146701813
1718,1.8446859121322632,1e-07,1.2633456,1.8397297,1.3563664,0.018568847328424454,0.09559705853462219,0.013612544164061546,0.1166728064417839
1719,1.8446608781814575,1e-07,1.2633373,1.8397046,1.3563571,0.018566761165857315,0.09558960795402527,0.013610458001494408,0.1166638657450676
1720,1.8446356058120728,1e-07,1.2633289,1.8396794,1.3563478,0.018564745783805847,0.09558230638504028,0.01360844261944294,0.11665523052215576
1721,1.844611644744873,1e-07,1.263321,1.8396554,1.356339,0.0185626782476902,0.09557497501373291,0.013606375083327293,0.11664636433124542
1722,1.8445860147476196,1e-07,1.2633127,1.8396298,1.3563296,0.018560681492090225,0.0955677479505539,0.013604378327727318,0.11663781106472015
1723,1.8445602655410767,1e-07,1.2633042,1.839604,1.35632,0.01855863258242607,0.09556034207344055,0.013602330349385738,0.11662902683019638
1724,1.84453547000885,1e-07,1.263296,1.8395792,1.3563108,0.018556609749794006,0.09555311501026154,0.013600306585431099,0.11662035435438156
1725,1.844509482383728,1e-07,1.2632874,1.8395532,1.3563013,0.01855456829071045,0.09554575383663177,0.013598266988992691,0.11661160737276077
1726,1.8444852828979492,1e-07,1.2632796,1.839529,1.3562924,0.0185525044798851,0.09553828835487366,0.013596203178167343,0.11660275608301163
1727,1.844459891319275,1e-07,1.2632711,1.8395036,1.3562831,0.018550503998994827,0.09553104639053345,0.01359420083463192,0.11659417301416397
1728,1.8444353342056274,1e-07,1.2632631,1.8394791,1.356274,0.018548402935266495,0.09552353620529175,0.013592100702226162,0.11658516526222229
1729,1.8444103002548218,1e-07,1.2632548,1.839454,1.3562647,0.018546445295214653,0.09551647305488586,0.01359014306217432,0.11657676845788956
1730,1.844384789466858,1e-07,1.2632463,1.8394285,1.3562553,0.018544388934969902,0.09550905227661133,0.01358808670192957,0.1165679469704628
1731,1.8443599939346313,1e-07,1.2632383,1.8394037,1.3562462,0.01854230836033821,0.09550157189369202,0.013586005195975304,0.11655902117490768
1732,1.8443349599838257,1e-07,1.26323,1.8393787,1.3562369,0.01854030415415764,0.0954943299293518,0.013584000989794731,0.11655042320489883
1733,1.8443098068237305,1e-07,1.2632217,1.8393536,1.3562276,0.01853828877210617,0.09548704326152802,0.013581985607743263,0.1165417730808258
1734,1.8442846536636353,1e-07,1.2632135,1.8393284,1.3562185,0.018536217510700226,0.09547963738441467,0.013579914346337318,0.11653289198875427
1735,1.8442596197128296,1e-07,1.2632052,1.8393034,1.3562092,0.018534202128648758,0.09547236561775208,0.013577900826931,0.11652424931526184
1736,1.8442344665527344,1e-07,1.263197,1.8392782,1.3561999,0.018532149493694305,0.09546491503715515,0.013575846329331398,0.11651543527841568
1737,1.8442093133926392,1e-07,1.2631887,1.8392531,1.3561907,0.018530109897255898,0.09545762836933136,0.01357380859553814,0.11650668829679489
1738,1.8441840410232544,1e-07,1.2631804,1.8392278,1.3561814,0.018528083339333534,0.09545034170150757,0.013571782037615776,0.11649799346923828
1739,1.8441587686538696,1e-07,1.263172,1.8392025,1.356172,0.018526047468185425,0.09544292092323303,0.013569749891757965,0.11648926883935928
1740,1.8441346883773804,1e-07,1.263164,1.8391784,1.3561631,0.018524011597037315,0.09543558955192566,0.013567710295319557,0.1164805144071579
1741,1.8441089391708374,1e-07,1.2631556,1.8391527,1.3561536,0.018521975725889206,0.09542828798294067,0.013565676286816597,0.1164717823266983
1742,1.84408438205719,1e-07,1.2631475,1.8391281,1.3561445,0.018519964069128036,0.09542100131511688,0.013563664630055428,0.11646314710378647
1743,1.844058632850647,1e-07,1.2631389,1.8391024,1.3561351,0.018517889082431793,0.09541358053684235,0.013561589643359184,0.11645423620939255
1744,1.844032883644104,1e-07,1.2631305,1.8390766,1.3561256,0.018515851348638535,0.09540615975856781,0.0135595528408885,0.11644549667835236
1745,1.844008445739746,1e-07,1.2631226,1.8390522,1.3561165,0.018513841554522514,0.0953989177942276,0.013557542115449905,0.11643686145544052
1746,1.8439836502075195,1e-07,1.2631143,1.8390274,1.3561075,0.018511781468987465,0.09539151191711426,0.01355548296123743,0.11642801761627197
1747,1.8439589738845825,1e-07,1.2631062,1.8390027,1.3560983,0.018509769812226295,0.09538426995277405,0.013553471304476261,0.11641937494277954
1748,1.8439337015151978,1e-07,1.2630979,1.8389775,1.356089,0.018507767468690872,0.09537698328495026,0.013551468029618263,0.1164107695221901
1749,1.8439083099365234,1e-07,1.2630895,1.8389521,1.3560797,0.018505707383155823,0.09536957740783691,0.013549408875405788,0.11640192568302155
1750,1.8438831567764282,1e-07,1.2630812,1.8389269,1.3560704,0.018503636121749878,0.09536206722259521,0.013547336682677269,0.11639302968978882
1751,1.8438583612442017,1e-07,1.2630731,1.8389021,1.3560612,0.018501680344343185,0.09535491466522217,0.013545382767915726,0.11638463288545609
1752,1.8438329696655273,1e-07,1.2630647,1.8388767,1.3560519,0.018499616533517838,0.09534755349159241,0.013543317094445229,0.11637575924396515
1753,1.8438080549240112,1e-07,1.2630564,1.8388518,1.3560427,0.018497593700885773,0.09534017741680145,0.013541296124458313,0.11636707186698914
1754,1.8437833786010742,1e-07,1.2630483,1.8388271,1.3560336,0.01849554292857647,0.09533275663852692,0.013539244420826435,0.11635825783014297
1755,1.8437575101852417,1e-07,1.2630398,1.8388013,1.356024,0.0184935349971056,0.09532544016838074,0.01353723369538784,0.11634961515665054
1756,1.8437323570251465,1e-07,1.2630316,1.8387761,1.3560148,0.018491528928279877,0.09531828761100769,0.013535229489207268,0.1163410022854805
1757,1.8437074422836304,1e-07,1.2630234,1.8387512,1.3560055,0.018489405512809753,0.09531062841415405,0.013533107936382294,0.11633189022541046
1758,1.8436819314956665,1e-07,1.2630149,1.8387257,1.3559963,0.018487446010112762,0.09530353546142578,0.013531148433685303,0.11632346361875534
1759,1.843657374382019,1e-07,1.2630068,1.8387011,1.3559872,0.018485404551029205,0.09529617428779602,0.013529106043279171,0.11631468683481216
1760,1.8436317443847656,1e-07,1.2629985,1.8386755,1.3559777,0.018483411520719528,0.09528888761997223,0.013527113944292068,0.1163061186671257
1761,1.8436073064804077,1e-07,1.2629904,1.8386511,1.3559687,0.018481384962797165,0.09528160095214844,0.013525085523724556,0.1162974014878273
1762,1.8435826301574707,1e-07,1.2629822,1.8386264,1.3559595,0.018479306250810623,0.09527407586574554,0.013523006811738014,0.11628846079111099
1763,1.8435568809509277,1e-07,1.2629738,1.8386006,1.3559501,0.018477290868759155,0.09526674449443817,0.013520993292331696,0.11627980321645737
1764,1.8435324430465698,1e-07,1.2629657,1.8385762,1.355941,0.01847527176141739,0.0952594131231308,0.01351897232234478,0.11627111583948135
1765,1.843507170677185,1e-07,1.2629573,1.8385509,1.3559318,0.018473215401172638,0.09525202214717865,0.013516916893422604,0.1162622794508934
1766,1.8434820175170898,1e-07,1.262949,1.8385258,1.3559225,0.01847120374441147,0.09524475038051605,0.013514905236661434,0.11625362187623978
1767,1.8434566259384155,1e-07,1.2629408,1.8385004,1.3559132,0.018469199538230896,0.09523740410804749,0.013512900099158287,0.11624500155448914
1768,1.8434314727783203,1e-07,1.2629324,1.8384752,1.3559039,0.01846713200211525,0.09523002803325653,0.01351083256304264,0.11623610556125641
1769,1.8434057235717773,1e-07,1.262924,1.8384495,1.3558943,0.018465116620063782,0.09522265195846558,0.013508818112313747,0.11622744053602219
1770,1.8433809280395508,1e-07,1.2629157,1.8384247,1.3558851,0.018463101238012314,0.09521536529064178,0.013506801798939705,0.11621876806020737
1771,1.8433564901351929,1e-07,1.2629079,1.8384002,1.3558762,0.018461080268025398,0.09520810842514038,0.013504781760275364,0.11621007323265076
1772,1.8433313369750977,1e-07,1.2628995,1.8383751,1.3558669,0.018459074199199677,0.0952008068561554,0.013502774760127068,0.11620143800973892
1773,1.8433059453964233,1e-07,1.262891,1.8383497,1.3558576,0.01845705136656761,0.09519334137439728,0.013500751927495003,0.11619273573160172
1774,1.8432798385620117,1e-07,1.2628826,1.8383236,1.355848,0.01845499686896801,0.09518596529960632,0.013498698361217976,0.11618389934301376
1775,1.8432563543319702,1e-07,1.2628747,1.8383001,1.3558393,0.018452957272529602,0.09517863392829895,0.013496659696102142,0.11617512255907059
1776,1.843231201171875,1e-07,1.2628665,1.838275,1.35583,0.018451008945703506,0.09517160058021545,0.013494711369276047,0.11616674065589905
1777,1.8432053327560425,1e-07,1.2628579,1.8382491,1.3558204,0.01844896748661995,0.09516406059265137,0.01349266804754734,0.11615794152021408
1778,1.8431812524795532,1e-07,1.2628499,1.838225,1.3558116,0.01844693347811699,0.09515680372714996,0.01349063590168953,0.11614919453859329
1779,1.8431555032730103,1e-07,1.2628416,1.8381993,1.355802,0.01844486966729164,0.09514927864074707,0.013488570228219032,0.11614030599594116
1780,1.8431302309036255,1e-07,1.2628332,1.838174,1.3557928,0.018442852422595024,0.0951419472694397,0.013486556708812714,0.11613163352012634
1781,1.843105435371399,1e-07,1.2628251,1.8381492,1.3557836,0.01844084821641445,0.0951346755027771,0.013484550639986992,0.11612299829721451
1782,1.8430800437927246,1e-07,1.2628168,1.8381238,1.3557743,0.01843879371881485,0.09512728452682495,0.013482497073709965,0.11611415445804596
1783,1.8430557250976562,1e-07,1.2628087,1.8380995,1.3557652,0.018436752259731293,0.09511986374855042,0.013480455614626408,0.11610536277294159
1784,1.8430299758911133,1e-07,1.2628002,1.8380737,1.3557558,0.018434789031744003,0.09511277079582214,0.013478492386639118,0.11609690636396408
1785,1.8430051803588867,1e-07,1.2627921,1.8380489,1.3557466,0.018432769924402237,0.09510542452335358,0.013476475141942501,0.11608821898698807
1786,1.8429807424545288,1e-07,1.2627841,1.8380245,1.3557376,0.018430717289447784,0.09509803354740143,0.013474421575665474,0.11607937514781952
1787,1.8429551124572754,1e-07,1.2627755,1.8379989,1.3557281,0.0184287391602993,0.09509074687957764,0.013472444377839565,0.11607085913419724
1788,1.8429298400878906,1e-07,1.2627672,1.8379736,1.3557189,0.018426664173603058,0.09508326649665833,0.013470369391143322,0.11606191843748093
1789,1.842903733253479,1e-07,1.2627587,1.8379475,1.3557092,0.018424686044454575,0.09507603943347931,0.013468392193317413,0.11605340242385864
1790,1.8428796529769897,1e-07,1.2627506,1.8379234,1.3557004,0.018422648310661316,0.09506866335868835,0.01346635352820158,0.11604461818933487
1791,1.8428548574447632,1e-07,1.2627425,1.8378986,1.3556912,0.018420591950416565,0.09506119787693024,0.013464296236634254,0.11603575199842453
1792,1.8428291082382202,1e-07,1.262734,1.8378729,1.3556817,0.018418610095977783,0.09505397081375122,0.013462316244840622,0.11602722108364105
1793,1.8428049087524414,1e-07,1.2627262,1.8378487,1.3556727,0.01841658726334572,0.09504657983779907,0.013460293412208557,0.11601850390434265
1794,1.842779278755188,1e-07,1.2627177,1.837823,1.3556633,0.018414568156003952,0.09503927826881409,0.01345827430486679,0.11600980162620544
1795,1.8427540063858032,1e-07,1.2627094,1.8377978,1.355654,0.018412521108984947,0.09503182768821716,0.013456226326525211,0.11600097268819809
1796,1.842729091644287,1e-07,1.262701,1.8377728,1.3556448,0.01841050758957863,0.09502449631690979,0.013454212807118893,0.11599229276180267
1797,1.8427037000656128,1e-07,1.2626928,1.8377475,1.3556354,0.018408527597784996,0.09501725435256958,0.01345223281532526,0.1159837618470192
1798,1.8426793813705444,1e-07,1.2626847,1.8377231,1.3556265,0.018406495451927185,0.09500984847545624,0.013450201600790024,0.11597500741481781
1799,1.8426545858383179,1e-07,1.2626766,1.8376983,1.3556173,0.01840447634458542,0.09500250220298767,0.013448181562125683,0.1159662976861
1800,1.8426295518875122,1e-07,1.2626683,1.8376733,1.3556081,0.01840241812169552,0.09499511122703552,0.013446123339235783,0.11595742404460907
1801,1.8426040410995483,1e-07,1.2626599,1.8376478,1.3555987,0.01840047538280487,0.09498800337314606,0.01344418153166771,0.11594904959201813
1802,1.8425788879394531,1e-07,1.2626516,1.8376226,1.3555894,0.0183984637260437,0.09498061239719391,0.01344216801226139,0.11594036221504211
1803,1.8425544500350952,1e-07,1.2626436,1.8375982,1.3555804,0.018396437168121338,0.09497326612472534,0.013440143316984177,0.11593163013458252
1804,1.8425283432006836,1e-07,1.2626349,1.8375721,1.3555708,0.018394410610198975,0.09496589004993439,0.013438114896416664,0.11592288315296173
1805,1.8425039052963257,1e-07,1.2626269,1.8375477,1.3555617,0.018392356112599373,0.09495848417282104,0.013436061330139637,0.11591402441263199
1806,1.8424783945083618,1e-07,1.2626184,1.8375221,1.3555523,0.018390391021966934,0.09495130181312561,0.013434097170829773,0.11590555310249329
1807,1.8424534797668457,1e-07,1.2626103,1.8374972,1.3555431,0.018388381227850914,0.09494391083717346,0.013432086445391178,0.11589688062667847
1808,1.8424280881881714,1e-07,1.2626019,1.8374718,1.3555338,0.018386345356702805,0.09493646025657654,0.013430050574243069,0.1158880963921547
1809,1.8424028158187866,1e-07,1.2625936,1.8374466,1.3555244,0.018384315073490143,0.09492915868759155,0.013428021222352982,0.11587934195995331
1810,1.84237802028656,1e-07,1.2625855,1.8374218,1.3555154,0.01838231086730957,0.09492182731628418,0.013426017016172409,0.11587069183588028
1811,1.8423525094985962,1e-07,1.262577,1.8373963,1.355506,0.01838028058409691,0.09491443634033203,0.013423986732959747,0.1158619299530983
1812,1.8423279523849487,1e-07,1.2625688,1.8373717,1.3554969,0.018378252163529396,0.09490698575973511,0.01342195738106966,0.11585316807031631
1813,1.8423023223876953,1e-07,1.2625605,1.8373461,1.3554873,0.018376242369413376,0.09489975869655609,0.01341994758695364,0.1158444955945015
1814,1.8422781229019165,1e-07,1.2625526,1.8373219,1.3554785,0.0183742493391037,0.09489244222640991,0.013417955487966537,0.11583589762449265
1815,1.8422523736953735,1e-07,1.262544,1.8372961,1.355469,0.018372230231761932,0.09488505125045776,0.013415934517979622,0.11582717299461365
1816,1.842227578163147,1e-07,1.2625359,1.8372713,1.3554598,0.018370255827903748,0.09487789869308472,0.013413960114121437,0.11581864953041077
1817,1.8422023057937622,1e-07,1.2625276,1.8372461,1.3554505,0.018368186429142952,0.09487032890319824,0.01341189444065094,0.11580973118543625
1818,1.842177391052246,1e-07,1.2625194,1.8372211,1.3554413,0.018366193398833275,0.09486310184001923,0.013409899547696114,0.1158011183142662
1819,1.8421525955200195,1e-07,1.2625111,1.8371964,1.3554322,0.018364189192652702,0.09485578536987305,0.013407895341515541,0.11579246819019318
1820,1.8421268463134766,1e-07,1.2625027,1.8371706,1.3554226,0.018362147733569145,0.09484836459159851,0.013405854813754559,0.11578365415334702
1821,1.84210205078125,1e-07,1.2624944,1.8371458,1.3554136,0.018360180780291557,0.09484115242958069,0.013403886929154396,0.11577516049146652
1822,1.8420772552490234,1e-07,1.2624863,1.837121,1.3554044,0.01835816539824009,0.09483377635478973,0.013401873409748077,0.11576645821332932
1823,1.8420521020889282,1e-07,1.262478,1.8370959,1.3553951,0.01835615187883377,0.09482643008232117,0.01339985616505146,0.11575774848461151
1824,1.8420270681381226,1e-07,1.2624699,1.8370708,1.3553859,0.0183541439473629,0.0948190987110138,0.01339784823358059,0.11574907600879669
1825,1.842002272605896,1e-07,1.2624615,1.837046,1.3553767,0.01835213601589203,0.09481176733970642,0.013395841233432293,0.11574040353298187
1826,1.8419771194458008,1e-07,1.2624534,1.8370209,1.3553674,0.018350103870034218,0.09480440616607666,0.013393811881542206,0.1157316341996193
1827,1.8419522047042847,1e-07,1.2624451,1.836996,1.3553582,0.018348094075918198,0.0947970300912857,0.013391802087426186,0.11572295427322388
1828,1.8419270515441895,1e-07,1.2624369,1.8369708,1.355349,0.018346091732382774,0.09478969871997833,0.013389800675213337,0.11571430414915085
1829,1.8419018983840942,1e-07,1.2624285,1.8369457,1.3553396,0.018344098702073097,0.09478241205215454,0.01338780764490366,0.1157056912779808
1830,1.8418769836425781,1e-07,1.2624204,1.8369207,1.3553305,0.018342087045311928,0.09477505087852478,0.01338579598814249,0.11569700390100479
1831,1.8418512344360352,1e-07,1.262412,1.836895,1.355321,0.01834004372358322,0.09476761519908905,0.01338375173509121,0.11568816751241684
1832,1.8418258428573608,1e-07,1.2624034,1.8368696,1.3553116,0.018338054418563843,0.0947602391242981,0.01338176243007183,0.11567956954240799
1833,1.841800570487976,1e-07,1.2623953,1.8368443,1.3553023,0.018336083739995956,0.09475314617156982,0.013379792682826519,0.1156710535287857
1834,1.8417757749557495,1e-07,1.2623869,1.8368195,1.3552932,0.01833404041826725,0.09474572539329529,0.013377748429775238,0.11566221714019775
1835,1.8417507410049438,1e-07,1.2623788,1.8367945,1.355284,0.018332038074731827,0.09473831951618195,0.013375746086239815,0.11565355956554413
1836,1.8417253494262695,1e-07,1.2623705,1.8367691,1.3552746,0.018329985439777374,0.0947309285402298,0.013373693451285362,0.11564468592405319
1837,1.8417011499404907,1e-07,1.2623624,1.8367449,1.3552656,0.018328020349144936,0.09472370147705078,0.013371730223298073,0.1156361997127533
1838,1.8416765928268433,1e-07,1.2623544,1.8367203,1.3552566,0.018325990065932274,0.09471623599529266,0.013369699940085411,0.11562741547822952
1839,1.8416506052017212,1e-07,1.2623458,1.8366944,1.355247,0.018324006348848343,0.0947088897228241,0.013367714360356331,0.11561883240938187
1840,1.841626524925232,1e-07,1.2623378,1.8366703,1.3552381,0.018322031944990158,0.09470173716545105,0.013365739956498146,0.11561029404401779
1841,1.841600775718689,1e-07,1.2623295,1.8366445,1.3552285,0.0183199904859066,0.09469431638717651,0.013363698497414589,0.11560146510601044
1842,1.8415755033493042,1e-07,1.262321,1.8366193,1.3552192,0.018317945301532745,0.09468670189380646,0.013361654244363308,0.11559262126684189
1843,1.8415504693984985,1e-07,1.2623129,1.8365942,1.3552101,0.018315989524126053,0.09467959403991699,0.01335969939827919,0.11558416485786438
1844,1.841525673866272,1e-07,1.2623044,1.8365694,1.3552009,0.01831396110355854,0.09467214345932007,0.013357670046389103,0.1155753880739212
1845,1.8415002822875977,1e-07,1.2622962,1.836544,1.3551915,0.018311941996216774,0.09466487169265747,0.013355650007724762,0.11556664854288101
1846,1.8414751291275024,1e-07,1.262288,1.8365189,1.3551823,0.018309973180294037,0.09465762972831726,0.013353683054447174,0.11555813997983932
1847,1.8414497375488281,1e-07,1.2622796,1.8364935,1.3551729,0.018307998776435852,0.09465029835700989,0.01335170865058899,0.11554959416389465
1848,1.8414255380630493,1e-07,1.2622715,1.8364693,1.3551639,0.018305981531739235,0.09464293718338013,0.013349690474569798,0.11554086208343506
1849,1.8414005041122437,1e-07,1.2622634,1.8364443,1.3551548,0.01830398105084896,0.09463560581207275,0.013347690925002098,0.11553220450878143
1850,1.8413749933242798,1e-07,1.262255,1.8364187,1.3551453,0.018301947042346,0.09462818503379822,0.013345655985176563,0.11552339792251587
1851,1.8413501977920532,1e-07,1.2622468,1.836394,1.3551362,0.018299931660294533,0.09462079405784607,0.013343640603125095,0.11551467329263687
1852,1.8413251638412476,1e-07,1.2622385,1.8363689,1.3551269,0.018297947943210602,0.09461356699466705,0.013341657817363739,0.11550609767436981
1853,1.8412994146347046,1e-07,1.26223,1.8363432,1.3551174,0.01829594187438488,0.09460620582103729,0.013339652679860592,0.1154974177479744
1854,1.8412748575210571,1e-07,1.2622219,1.8363186,1.3551084,0.018293941393494606,0.0945989191532135,0.013337650336325169,0.11548874527215958
1855,1.8412495851516724,1e-07,1.2622136,1.8362933,1.355099,0.018291892483830452,0.09459128975868225,0.01333560235798359,0.11547987908124924
1856,1.841225028038025,1e-07,1.2622055,1.8362688,1.3550899,0.018289892002940178,0.09458400309085846,0.01333360280841589,0.11547122150659561
1857,1.841199278831482,1e-07,1.262197,1.836243,1.3550805,0.018287938088178635,0.09457683563232422,0.013331647962331772,0.1154627576470375
1858,1.8411744832992554,1e-07,1.2621889,1.8362182,1.3550713,0.01828591339290142,0.09456941485404968,0.013329622335731983,0.11545398086309433
1859,1.8411489725112915,1e-07,1.2621804,1.8361927,1.3550619,0.018283961340785027,0.09456218779087067,0.013327671214938164,0.11544553190469742
1860,1.841124176979065,1e-07,1.2621722,1.8361679,1.3550527,0.018281960859894753,0.09455494582653046,0.013325671665370464,0.11543687433004379
1861,1.8410992622375488,1e-07,1.262164,1.836143,1.3550435,0.018279917538166046,0.09454742074012756,0.013323627412319183,0.11542801558971405
1862,1.8410736322402954,1e-07,1.2621557,1.8361174,1.3550341,0.018277954310178757,0.09454011917114258,0.01332166325300932,0.11541950702667236
1863,1.8410483598709106,1e-07,1.2621473,1.8360921,1.3550248,0.018275925889611244,0.0945327877998352,0.013319635763764381,0.11541072279214859
1864,1.8410239219665527,1e-07,1.2621392,1.8360677,1.3550158,0.018273932859301567,0.09452541172504425,0.013317642733454704,0.11540209501981735
1865,1.8409992456436157,1e-07,1.2621311,1.836043,1.3550067,0.01827191561460495,0.09451806545257568,0.013315625488758087,0.11539334803819656
1866,1.840973973274231,1e-07,1.2621228,1.8360177,1.3549973,0.018269959837198257,0.09451083838939667,0.013313669711351395,0.11538487672805786
1867,1.8409490585327148,1e-07,1.2621146,1.8359928,1.3549881,0.018267905339598656,0.094503253698349,0.013311615213751793,0.11537597328424454
1868,1.84092378616333,1e-07,1.2621063,1.8359675,1.3549788,0.01826591044664383,0.09449602663516998,0.013309621252119541,0.1153673306107521
1869,1.8408986330032349,1e-07,1.262098,1.8359424,1.3549695,0.01826395094394684,0.09448882937431335,0.013307660818099976,0.11535883694887161
1870,1.8408737182617188,1e-07,1.2620897,1.8359175,1.3549603,0.018261941149830818,0.09448133409023285,0.01330565195530653,0.11535012722015381
1871,1.8408483266830444,1e-07,1.2620814,1.8358921,1.3549509,0.01825995184481144,0.09447412192821503,0.013303661718964577,0.11534149944782257
1872,1.8408235311508179,1e-07,1.2620732,1.8358673,1.3549418,0.018257955089211464,0.0944666862487793,0.013301664963364601,0.11533284187316895
1873,1.8407983779907227,1e-07,1.2620648,1.8358421,1.3549325,0.018255922943353653,0.09445922076702118,0.01329963468015194,0.11532404273748398
1874,1.8407729864120483,1e-07,1.2620565,1.8358167,1.3549231,0.018253931775689125,0.09445199370384216,0.01329764537513256,0.11531541496515274
1875,1.8407483100891113,1e-07,1.2620484,1.8357921,1.3549141,0.018251921981573105,0.09444460272789001,0.01329563558101654,0.11530670523643494
1876,1.840722918510437,1e-07,1.26204,1.8357667,1.3549047,0.01824994757771492,0.09443734586238861,0.013293661177158356,0.11529813706874847
1877,1.8406982421875,1e-07,1.2620319,1.835742,1.3548956,0.01824796013534069,0.09442995488643646,0.013291673734784126,0.11528952419757843
1878,1.8406728506088257,1e-07,1.2620234,1.8357166,1.3548862,0.018245957791805267,0.0944226086139679,0.013289671391248703,0.11528083682060242
1879,1.8406476974487305,1e-07,1.2620152,1.8356915,1.3548769,0.018243983387947083,0.0944153368473053,0.013287696987390518,0.11527227610349655
1880,1.8406223058700562,1e-07,1.2620068,1.8356661,1.3548676,0.018241966143250465,0.09440791606903076,0.013285678811371326,0.11526352167129517
1881,1.8405976295471191,1e-07,1.2619987,1.8356414,1.3548584,0.018239986151456833,0.09440059959888458,0.013283699750900269,0.11525493115186691
1882,1.8405728340148926,1e-07,1.2619905,1.8356166,1.3548493,0.018237952142953873,0.09439314901828766,0.013281664811074734,0.11524610221385956
1883,1.8405475616455078,1e-07,1.2619823,1.8355913,1.3548399,0.018235977739095688,0.09438592195510864,0.013279689475893974,0.1152375340461731
1884,1.8405224084854126,1e-07,1.261974,1.8355662,1.3548306,0.018233994022011757,0.09437863528728485,0.013277707621455193,0.11522893607616425
1885,1.8404974937438965,1e-07,1.2619658,1.8355412,1.3548214,0.018231956288218498,0.09437108039855957,0.013275669887661934,0.1152200922369957
1886,1.8404725790023804,1e-07,1.2619575,1.8355163,1.3548123,0.018230019137263298,0.09436394274234772,0.013273731805384159,0.11521168053150177
1887,1.840446949005127,1e-07,1.2619491,1.8354907,1.3548028,0.01822802424430847,0.09435656666755676,0.013271737843751907,0.11520303040742874
1888,1.84042227268219,1e-07,1.2619408,1.835466,1.3547937,0.01822599023580551,0.09434914588928223,0.013269703835248947,0.11519420146942139
1889,1.840396761894226,1e-07,1.2619325,1.8354405,1.3547843,0.018224013969302177,0.09434185922145844,0.013267727568745613,0.11518562585115433
1890,1.8403722047805786,1e-07,1.2619244,1.835416,1.3547752,0.018222054466605186,0.0943346619606018,0.013265767134726048,0.11517710983753204
1891,1.8403469324111938,1e-07,1.261916,1.8353907,1.3547659,0.01822006329894066,0.09432727098464966,0.013263776898384094,0.11516847461462021
1892,1.840321660041809,1e-07,1.2619077,1.8353654,1.3547566,0.018218036741018295,0.09431982040405273,0.013261750340461731,0.11515967547893524
1893,1.8402968645095825,1e-07,1.2618996,1.8353406,1.3547474,0.018216049298644066,0.09431248903274536,0.013259762898087502,0.11515104025602341
1894,1.8402719497680664,1e-07,1.2618914,1.8353157,1.3547382,0.018214095383882523,0.09430526196956635,0.013257808983325958,0.11514256149530411
1895,1.840246319770813,1e-07,1.2618829,1.8352901,1.3547288,0.01821203902363777,0.09429775178432465,0.013255752623081207,0.1151336282491684
1896,1.8402222394943237,1e-07,1.2618749,1.835266,1.3547199,0.01821010559797287,0.09429048001766205,0.013253819197416306,0.11512523144483566
1897,1.8401964902877808,1e-07,1.2618665,1.8352402,1.3547103,0.01820812188088894,0.09428322315216064,0.013251835480332375,0.11511661857366562
1898,1.8401716947555542,1e-07,1.2618583,1.8352154,1.3547013,0.018206100910902023,0.09427575767040253,0.013249813579022884,0.11510783433914185
1899,1.8401466608047485,1e-07,1.2618502,1.8351904,1.354692,0.0182040985673666,0.09426841139793396,0.01324781309813261,0.11509914696216583
1900,1.8401211500167847,1e-07,1.2618417,1.8351649,1.3546826,0.018202118575572968,0.09426116943359375,0.013245833106338978,0.11509054154157639
1901,1.8400956392288208,1e-07,1.2618333,1.8351394,1.3546731,0.01820012554526329,0.09425373375415802,0.013243839144706726,0.11508187651634216
1902,1.8400710821151733,1e-07,1.2618251,1.8351148,1.3546641,0.018198147416114807,0.09424638748168945,0.013241861015558243,0.11507328599691391
1903,1.8400464057922363,1e-07,1.2618171,1.8350902,1.354655,0.018196143209934235,0.09423890709877014,0.013239857740700245,0.1150645837187767
1904,1.840020775794983,1e-07,1.2618085,1.8350645,1.3546455,0.0181941669434309,0.0942317396402359,0.013237880542874336,0.11505598574876785
1905,1.8399958610534668,1e-07,1.2618004,1.8350396,1.3546363,0.018192164599895477,0.09422433376312256,0.013235878199338913,0.11504728347063065
1906,1.8399709463119507,1e-07,1.2617922,1.8350147,1.3546271,0.018190154805779457,0.0942169725894928,0.013233868405222893,0.11503855139017105
1907,1.8399454355239868,1e-07,1.2617837,1.8349892,1.3546177,0.018188228830695152,0.09420982003211975,0.013231943361461163,0.1150301843881607
1908,1.8399206399917603,1e-07,1.2617755,1.8349644,1.3546085,0.018186232075095177,0.09420239925384521,0.013229945674538612,0.11502150446176529
1909,1.8398956060409546,1e-07,1.2617673,1.8349394,1.3545994,0.018184226006269455,0.09419496357440948,0.01322793960571289,0.11501277983188629
1910,1.8398703336715698,1e-07,1.2617589,1.8349141,1.35459,0.018182260915637016,0.09418781101703644,0.013225974515080452,0.11500423401594162
1911,1.839845061302185,1e-07,1.2617507,1.8348888,1.3545806,0.018180273473262787,0.0941803902387619,0.013223988004028797,0.11499559879302979
1912,1.8398202657699585,1e-07,1.2617425,1.834864,1.3545716,0.018178269267082214,0.09417304396629333,0.01322198286652565,0.11498688161373138
1913,1.8397952318191528,1e-07,1.2617341,1.834839,1.3545623,0.01817626692354679,0.09416559338569641,0.013219980522990227,0.11497817188501358
1914,1.8397698402404785,1e-07,1.2617259,1.8348136,1.3545529,0.018174275755882263,0.09415832161903381,0.013217990286648273,0.11496952176094055
1915,1.8397458791732788,1e-07,1.2617179,1.8347896,1.354544,0.01817232556641102,0.09415097534656525,0.013216040097177029,0.11496103554964066
1916,1.839720368385315,1e-07,1.2617095,1.8347641,1.3545346,0.018170347437262535,0.09414370357990265,0.01321406103670597,0.11495243012905121
1917,1.8396950960159302,1e-07,1.2617011,1.8347389,1.3545253,0.01816834881901741,0.09413625299930573,0.013212062418460846,0.1149437353014946
1918,1.8396695852279663,1e-07,1.2616926,1.8347133,1.3545159,0.018166406080126762,0.0941290557384491,0.013210122473537922,0.11493529379367828
1919,1.8396449089050293,1e-07,1.2616847,1.8346887,1.3545069,0.018164359033107758,0.09412151575088501,0.013208075426518917,0.11492639034986496
1920,1.8396199941635132,1e-07,1.2616763,1.8346637,1.3544976,0.018162386491894722,0.09411416947841644,0.013206103816628456,0.1149178147315979
1921,1.839594841003418,1e-07,1.2616681,1.8346386,1.3544884,0.018160436302423477,0.09410712122917175,0.013204153627157211,0.114909328520298
1922,1.8395700454711914,1e-07,1.26166,1.8346138,1.3544792,0.018158433958888054,0.09409967064857483,0.013202150352299213,0.1149006113409996
1923,1.839544653892517,1e-07,1.2616515,1.8345884,1.3544698,0.01815645396709442,0.09409226477146149,0.013200171291828156,0.11489199846982956
1924,1.8395198583602905,1e-07,1.2616434,1.8345636,1.3544606,0.018154429271817207,0.09408484399318695,0.013198146596550941,0.1148831844329834
1925,1.839495062828064,1e-07,1.2616352,1.8345388,1.3544515,0.018152473494410515,0.09407761693000793,0.013196190819144249,0.11487467586994171
1926,1.8394697904586792,1e-07,1.2616268,1.8345135,1.3544421,0.01815047115087509,0.09407010674476624,0.013194188475608826,0.11486595869064331
1927,1.8394445180892944,1e-07,1.2616185,1.8344883,1.3544328,0.01814851351082325,0.09406283497810364,0.01319222990423441,0.11485743522644043
1928,1.8394203186035156,1e-07,1.2616105,1.8344641,1.3544239,0.018146561458706856,0.09405556321144104,0.01319027878344059,0.11484894156455994
1929,1.839393973350525,1e-07,1.2616018,1.8344377,1.3544141,0.018144508823752403,0.09404805302619934,0.013188225217163563,0.11484000086784363
1930,1.8393691778182983,1e-07,1.2615937,1.8344129,1.354405,0.01814252696931362,0.09404066205024719,0.013186244294047356,0.11483137309551239
1931,1.8393443822860718,1e-07,1.2615856,1.8343881,1.3543959,0.01814057119190693,0.09403342008590698,0.013184287585318089,0.11482284963130951
1932,1.8393187522888184,1e-07,1.2615771,1.8343625,1.3543864,0.018138615414500237,0.09402617812156677,0.01318233273923397,0.11481434106826782
1933,1.8392945528030396,1e-07,1.2615691,1.8343383,1.3543775,0.018136629834771156,0.0940188318490982,0.01318034715950489,0.1148056909441948
1934,1.8392690420150757,1e-07,1.2615608,1.8343128,1.3543681,0.01813465729355812,0.09401154518127441,0.013178374618291855,0.11479710042476654
1935,1.8392438888549805,1e-07,1.2615523,1.8342876,1.3543588,0.018132643774151802,0.09400402009487152,0.013176361098885536,0.11478833109140396
1936,1.8392187356948853,1e-07,1.2615441,1.8342625,1.3543495,0.018130680546164513,0.09399677813053131,0.013174398802220821,0.11477978527545929
1937,1.8391937017440796,1e-07,1.2615358,1.8342375,1.3543402,0.01812867447733879,0.09398937225341797,0.0131723927333951,0.1147710457444191
1938,1.8391681909561157,1e-07,1.2615274,1.834212,1.3543308,0.01812674105167389,0.09398210048675537,0.013170458376407623,0.11476261913776398
1939,1.8391437530517578,1e-07,1.2615193,1.8341875,1.3543218,0.018124738708138466,0.09397462010383606,0.0131684560328722,0.11475389450788498
1940,1.8391185998916626,1e-07,1.2615111,1.8341624,1.3543125,0.01812279224395752,0.09396757185459137,0.013166509568691254,0.11474540829658508
1941,1.8390940427780151,1e-07,1.2615029,1.8341378,1.3543035,0.0181207824498415,0.09395995736122131,0.013164498843252659,0.1147366464138031
1942,1.839068055152893,1e-07,1.2614945,1.8341118,1.3542938,0.018118804320693016,0.09395267069339752,0.01316252164542675,0.11472803354263306
1943,1.8390440940856934,1e-07,1.2614864,1.8340878,1.354285,0.01811685413122177,0.09394535422325134,0.013160571455955505,0.11471953243017197
1944,1.8390182256698608,1e-07,1.261478,1.834062,1.3542755,0.018114862963557243,0.09393797814846039,0.013158581219613552,0.11471085995435715
1945,1.8389934301376343,1e-07,1.2614698,1.8340372,1.3542663,0.018112875521183014,0.09393066167831421,0.013156593777239323,0.11470219492912292
1946,1.8389681577682495,1e-07,1.2614615,1.8340119,1.354257,0.018110893666744232,0.09392327070236206,0.013154610991477966,0.1146935522556305
1947,1.8389434814453125,1e-07,1.2614533,1.8339872,1.3542478,0.018108954653143883,0.09391608834266663,0.013152673840522766,0.11468511074781418
1948,1.8389183282852173,1e-07,1.2614449,1.8339621,1.3542385,0.018106942996382713,0.09390862286090851,0.013150662183761597,0.114676333963871
1949,1.838892936706543,1e-07,1.2614366,1.8339367,1.3542292,0.01810494065284729,0.09390118718147278,0.013148658908903599,0.11466760188341141
1950,1.8388675451278687,1e-07,1.2614282,1.8339113,1.3542198,0.01810300163924694,0.09389397501945496,0.013146720826625824,0.1146591529250145
1951,1.8388423919677734,1e-07,1.26142,1.8338861,1.3542105,0.018101079389452934,0.09388679265975952,0.013144798576831818,0.11465077102184296
1952,1.8388175964355469,1e-07,1.2614118,1.8338614,1.3542013,0.018099011853337288,0.09387920796871185,0.013142731040716171,0.11464174836874008
1953,1.8387924432754517,1e-07,1.2614034,1.8338362,1.3541921,0.018097078427672386,0.09387189149856567,0.01314079761505127,0.11463332176208496
1954,1.8387678861618042,1e-07,1.2613955,1.8338116,1.354183,0.01809506304562092,0.09386444091796875,0.013138782232999802,0.11462453007698059
1955,1.8387426137924194,1e-07,1.261387,1.8337864,1.3541737,0.01809311844408512,0.09385709464550018,0.013136837631464005,0.1146160438656807
1956,1.838718056678772,1e-07,1.261379,1.8337618,1.3541646,0.01809113472700119,0.0938497930765152,0.013134853914380074,0.11460739374160767
1957,1.8386926651000977,1e-07,1.2613707,1.8337364,1.3541552,0.018089162185788155,0.0938425064086914,0.013132881373167038,0.11459878087043762
1958,1.8386672735214233,1e-07,1.2613622,1.833711,1.3541459,0.018087225034832954,0.09383532404899597,0.013130944222211838,0.11459033191204071
1959,1.8386425971984863,1e-07,1.2613541,1.8336864,1.3541367,0.018085232004523277,0.09382787346839905,0.01312895119190216,0.1145816370844841
1960,1.8386181592941284,1e-07,1.261346,1.8336619,1.3541278,0.01808324083685875,0.0938204973936081,0.013126960024237633,0.11457294970750809
1961,1.8385926485061646,1e-07,1.2613376,1.8336364,1.3541183,0.018081245943903923,0.0938129723072052,0.013124965131282806,0.11456423997879028
1962,1.8385673761367798,1e-07,1.2613293,1.8336111,1.3541089,0.018079303205013275,0.0938057154417038,0.013123021461069584,0.11455575376749039
1963,1.8385416269302368,1e-07,1.2613208,1.8335854,1.3540995,0.018077347427606583,0.0937984436750412,0.013121066614985466,0.11454722285270691
1964,1.838516354560852,1e-07,1.2613125,1.8335601,1.3540901,0.018075332045555115,0.09379103779792786,0.013119052164256573,0.11453843116760254
1965,1.838491439819336,1e-07,1.2613043,1.8335352,1.3540809,0.01807340793311596,0.09378385543823242,0.013117128983139992,0.1145300343632698
1966,1.838466763496399,1e-07,1.2612962,1.8335105,1.3540719,0.018071409314870834,0.09377643465995789,0.013115130364894867,0.11452130973339081
1967,1.8384414911270142,1e-07,1.2612878,1.8334852,1.3540624,0.01806943118572235,0.09376907348632812,0.013113152235746384,0.11451267451047897
1968,1.838416576385498,1e-07,1.2612796,1.8334603,1.3540533,0.01806747168302536,0.09376168251037598,0.013111191801726818,0.11450411379337311
1969,1.838391900062561,1e-07,1.2612714,1.8334357,1.3540442,0.018065501004457474,0.09375433623790741,0.013109222054481506,0.11449550837278366
1970,1.8383673429489136,1e-07,1.2612633,1.8334111,1.3540351,0.018063489347696304,0.09374693036079407,0.013107209466397762,0.11448672413825989
1971,1.8383420705795288,1e-07,1.2612549,1.8333858,1.3540258,0.01806158758699894,0.09373977780342102,0.013105308637022972,0.11447841674089432
1972,1.8383159637451172,1e-07,1.2612464,1.8333597,1.3540162,0.018059570342302322,0.09373229742050171,0.01310329232364893,0.11446961015462875
1973,1.838290810585022,1e-07,1.261238,1.8333346,1.3540069,0.01805759407579899,0.09372496604919434,0.013101315125823021,0.11446097493171692
1974,1.8382667303085327,1e-07,1.2612301,1.8333105,1.353998,0.01805564947426319,0.09371769428253174,0.013099370524287224,0.11445248126983643
1975,1.8382415771484375,1e-07,1.2612219,1.8332853,1.3539886,0.018053650856018066,0.09371022880077362,0.013097371906042099,0.11444374918937683
1976,1.8382158279418945,1e-07,1.2612134,1.8332596,1.3539791,0.018051696941256523,0.09370292723178864,0.013095417991280556,0.11443521082401276
1977,1.8381915092468262,1e-07,1.2612053,1.8332353,1.3539702,0.01804974675178528,0.09369571506977081,0.013093467801809311,0.11442669481039047
1978,1.8381658792495728,1e-07,1.2611969,1.8332096,1.3539608,0.018047776073217392,0.09368830919265747,0.013091497123241425,0.11441808193922043
1979,1.8381410837173462,1e-07,1.2611886,1.8331848,1.3539516,0.018045783042907715,0.09368088841438293,0.013089504092931747,0.11440937221050262
1980,1.8381160497665405,1e-07,1.2611804,1.8331598,1.3539423,0.018043838441371918,0.09367352724075317,0.013087560422718525,0.11440087854862213
1981,1.8380908966064453,1e-07,1.2611722,1.8331347,1.353933,0.01804189197719097,0.09366625547409058,0.013085613958537579,0.11439236998558044
1982,1.838065505027771,1e-07,1.2611637,1.8331093,1.3539237,0.01803990826010704,0.09365889430046082,0.013083629310131073,0.11438369005918503
1983,1.8380404710769653,1e-07,1.2611556,1.8330842,1.3539144,0.018037918955087662,0.09365144371986389,0.013081640936434269,0.11437500268220901
1984,1.8380154371261597,1e-07,1.2611471,1.8330592,1.3539052,0.01803598552942276,0.09364429116249084,0.013079707510769367,0.1143665462732315
1985,1.837990164756775,1e-07,1.2611389,1.8330339,1.3538958,0.018034035339951515,0.0936369001865387,0.013077756389975548,0.11435801535844803
1986,1.8379656076431274,1e-07,1.2611308,1.8330094,1.3538867,0.018032057210803032,0.09362959861755371,0.013075778260827065,0.1143493726849556
1987,1.8379405736923218,1e-07,1.2611226,1.8329843,1.3538775,0.0180300734937191,0.09362216293811798,0.013073796406388283,0.11434070020914078
1988,1.837915301322937,1e-07,1.2611142,1.832959,1.3538681,0.018028154969215393,0.09361496567726135,0.013071876950562,0.11433231085538864
1989,1.8378905057907104,1e-07,1.261106,1.8329343,1.3538591,0.018026139587163925,0.09360739588737488,0.013069862499833107,0.11432349681854248
1990,1.837864875793457,1e-07,1.2610976,1.8329086,1.3538495,0.018024176359176636,0.09360009431838989,0.013067899271845818,0.11431491374969482
1991,1.83784019947052,1e-07,1.2610894,1.832884,1.3538405,0.01802217960357666,0.09359268844127655,0.013065902516245842,0.11430618166923523
1992,1.837814450263977,1e-07,1.261081,1.8328582,1.3538309,0.01802026480436325,0.09358544647693634,0.013063986785709858,0.11429779976606369
1993,1.8377898931503296,1e-07,1.2610729,1.8328336,1.3538219,0.018018309026956558,0.09357808530330658,0.01306203007698059,0.11428923904895782
1994,1.8377646207809448,1e-07,1.2610644,1.8328084,1.3538126,0.018016327172517776,0.0935707539319992,0.013060048222541809,0.114280566573143
1995,1.8377398252487183,1e-07,1.2610563,1.8327836,1.3538034,0.018014337867498398,0.09356330335140228,0.013058059848845005,0.1142718717455864
1996,1.83771550655365,1e-07,1.2610483,1.8327593,1.3537943,0.01801242306828499,0.09355612099170685,0.013056144118309021,0.11426348239183426
1997,1.8376893997192383,1e-07,1.2610397,1.8327332,1.3537848,0.018010420724749565,0.09354867041110992,0.013054143637418747,0.11425472795963287
1998,1.837664246559143,1e-07,1.2610314,1.832708,1.3537755,0.018008481711149216,0.09354136884212494,0.013052204623818398,0.11424624919891357
1999,1.8376398086547852,1e-07,1.2610233,1.8326836,1.3537664,0.01800651103258133,0.09353397786617279,0.013050233945250511,0.11423762142658234
2000,1.8376144170761108,1e-07,1.2610149,1.8326582,1.353757,0.018004512414336205,0.09352660179138184,0.013048235327005386,0.11422887444496155
2001,1.8375896215438843,1e-07,1.2610068,1.8326334,1.3537478,0.018002567812800407,0.09351925551891327,0.01304629072546959,0.11422035843133926
2002,1.8375641107559204,1e-07,1.2609984,1.8326079,1.3537384,0.018000632524490356,0.09351196885108948,0.013044354505836964,0.11421188712120056
2003,1.8375391960144043,1e-07,1.2609901,1.832583,1.3537292,0.017998620867729187,0.09350445866584778,0.013042342849075794,0.114203080534935
2004,1.8375142812728882,1e-07,1.2609819,1.832558,1.3537201,0.017996693029999733,0.09349720180034637,0.013040415942668915,0.11419463902711868
2005,1.8374892473220825,1e-07,1.2609736,1.832533,1.3537108,0.017994742840528488,0.0934898853302002,0.01303846575319767,0.11418610066175461
2006,1.83746337890625,1e-07,1.2609651,1.8325071,1.3537012,0.017992796376347542,0.0934826135635376,0.013036518357694149,0.11417757719755173
2007,1.8374382257461548,1e-07,1.2609569,1.832482,1.3536919,0.017990807071328163,0.09347516298294067,0.01303453091531992,0.11416886746883392
2008,1.8374141454696655,1e-07,1.2609489,1.8324579,1.3536831,0.017988860607147217,0.0934678167104721,0.013032583519816399,0.11416034400463104
2009,1.8373889923095703,1e-07,1.2609406,1.8324327,1.3536738,0.017986925318837166,0.09346060454845428,0.013030650094151497,0.11415187269449234
2010,1.8373626470565796,1e-07,1.260932,1.8324064,1.353664,0.017984924837946892,0.09345313906669617,0.013028649613261223,0.11414311081171036
2011,1.8373384475708008,1e-07,1.260924,1.8323822,1.3536551,0.017982961609959602,0.0934458076953888,0.013026686385273933,0.11413451284170151
2012,1.8373140096664429,1e-07,1.2609159,1.8323578,1.3536462,0.01798100769519806,0.09343846142292023,0.01302473247051239,0.11412595212459564
2013,1.837288498878479,1e-07,1.2609075,1.8323323,1.3536366,0.017979063093662262,0.09343117475509644,0.013022787868976593,0.11411742866039276
2014,1.837264060974121,1e-07,1.2608994,1.8323078,1.3536277,0.017977114766836166,0.09342388808727264,0.013020839542150497,0.11410889029502869
2015,1.8372384309768677,1e-07,1.260891,1.8322822,1.3536181,0.017975155264139175,0.09341655671596527,0.013018880039453506,0.11410030722618103
2016,1.8372129201889038,1e-07,1.2608825,1.8322567,1.3536087,0.017973199486732483,0.09340912103652954,0.013016924262046814,0.11409173905849457
2017,1.8371881246566772,1e-07,1.2608743,1.8322319,1.3535995,0.017971239984035492,0.09340177476406097,0.013014965690672398,0.11408315598964691
2018,1.837162971496582,1e-07,1.260866,1.8322067,1.3535903,0.017969252541661263,0.09339432418346405,0.013012979179620743,0.11407444626092911
2019,1.8371386528015137,1e-07,1.2608579,1.8321824,1.3535813,0.01796731725335121,0.09338706731796265,0.013011042028665543,0.11406595259904861
2020,1.8371132612228394,1e-07,1.2608496,1.832157,1.3535719,0.017965413630008698,0.0933798998594284,0.013009139336645603,0.11405761539936066
2021,1.8370882272720337,1e-07,1.2608414,1.832132,1.3535627,0.01796344295144081,0.09337250888347626,0.013007167726755142,0.11404897272586823
2022,1.8370627164840698,1e-07,1.2608329,1.8321065,1.3535533,0.01796143129467964,0.09336502850055695,0.013005156069993973,0.11404015123844147
2023,1.8370376825332642,1e-07,1.2608248,1.8320814,1.353544,0.0179594773799181,0.0933576375246048,0.01300320215523243,0.114031583070755
2024,1.8370122909545898,1e-07,1.2608162,1.832056,1.3535347,0.017957540228962898,0.0933503657579422,0.013001266866922379,0.11402309685945511
2025,1.8369873762130737,1e-07,1.2608081,1.8320311,1.3535254,0.0179555956274271,0.09334307909011841,0.012999320402741432,0.11401456594467163
2026,1.8369626998901367,1e-07,1.2608,1.8320065,1.3535163,0.017953677102923393,0.09333577752113342,0.012997401878237724,0.1140061467885971
2027,1.8369369506835938,1e-07,1.2607914,1.8319807,1.3535068,0.017951687797904015,0.09332837164402008,0.012995412573218346,0.11399742215871811
2028,1.836911678314209,1e-07,1.2607832,1.8319554,1.3534975,0.017949707806110382,0.09332084655761719,0.012993434444069862,0.11398874968290329
2029,1.8368867635726929,1e-07,1.2607747,1.8319305,1.3534883,0.017947765067219734,0.0933135598897934,0.012991491705179214,0.11398022621870041
2030,1.8368624448776245,1e-07,1.2607669,1.8319062,1.3534793,0.017945826053619385,0.0933062732219696,0.012989550828933716,0.11397171020507812
2031,1.8368377685546875,1e-07,1.2607588,1.8318815,1.3534702,0.01794383116066456,0.09329880774021149,0.01298755593597889,0.11396295577287674
2032,1.8368124961853027,1e-07,1.2607504,1.8318563,1.3534608,0.017941925674676895,0.09329167008399963,0.0129856513813138,0.11395460367202759
2033,1.836787223815918,1e-07,1.2607421,1.831831,1.3534515,0.017939986661076546,0.09328438341617584,0.012983713299036026,0.1139460951089859
2034,1.8367624282836914,1e-07,1.260734,1.8318062,1.3534423,0.017937973141670227,0.09327676892280579,0.012981699779629707,0.11393726617097855
2035,1.8367372751235962,1e-07,1.2607256,1.831781,1.353433,0.01793607696890831,0.09326964616775513,0.01297980360686779,0.11392894387245178
2036,1.83671236038208,1e-07,1.2607174,1.8317561,1.3534238,0.017934096977114677,0.09326213598251343,0.012977822683751583,0.11392024904489517
2037,1.8366864919662476,1e-07,1.2607088,1.8317302,1.3534143,0.017932139337062836,0.09325478971004486,0.012975865975022316,0.11391165852546692
2038,1.8366613388061523,1e-07,1.2607006,1.8317051,1.353405,0.017930209636688232,0.09324759244918823,0.012973936274647713,0.11390318721532822
2039,1.8366371393203735,1e-07,1.2606925,1.8316809,1.353396,0.017928242683410645,0.09324014186859131,0.01297196839004755,0.11389455199241638
2040,1.8366118669509888,1e-07,1.2606841,1.8316556,1.3533868,0.01792633906006813,0.0932328850030899,0.01297006569802761,0.11388619989156723
2041,1.8365859985351562,1e-07,1.2606755,1.8316298,1.3533772,0.0179243553429842,0.09322550892829895,0.01296808198094368,0.11387749016284943
2042,1.836562156677246,1e-07,1.2606678,1.8316059,1.3533684,0.017922405153512955,0.09321814775466919,0.012966131791472435,0.11386892199516296
2043,1.8365358114242554,1e-07,1.2606591,1.8315796,1.3533586,0.01792042702436447,0.09321071207523346,0.012964153662323952,0.11386023461818695
2044,1.836511492729187,1e-07,1.260651,1.8315552,1.3533497,0.017918525263667107,0.09320348501205444,0.012962251901626587,0.1138518825173378
2045,1.8364859819412231,1e-07,1.2606426,1.8315297,1.3533403,0.017916547134518623,0.09319601953029633,0.012960273772478104,0.11384319514036179
2046,1.8364614248275757,1e-07,1.2606345,1.8315052,1.3533311,0.017914583906531334,0.09318867325782776,0.012958310544490814,0.11383457481861115
2047,1.8364362716674805,1e-07,1.2606262,1.83148,1.3533218,0.017912646755576134,0.09318143129348755,0.01295637246221304,0.11382605880498886
2048,1.8364108800888062,1e-07,1.2606179,1.8314546,1.3533125,0.017910689115524292,0.09317401051521301,0.012954415753483772,0.11381746828556061
2049,1.836385726928711,1e-07,1.2606095,1.8314295,1.3533032,0.01790875755250454,0.09316666424274445,0.01295248419046402,0.11380898207426071
2050,1.8363608121871948,1e-07,1.2606013,1.8314046,1.353294,0.01790682040154934,0.09315937757492065,0.01295054703950882,0.11380047351121902
2051,1.8363357782363892,1e-07,1.260593,1.8313795,1.3532847,0.01790490187704563,0.09315215051174164,0.012948627583682537,0.1137920394539833
2052,1.836310863494873,1e-07,1.2605848,1.8313546,1.3532755,0.017902910709381104,0.09314459562301636,0.012946637347340584,0.11378329247236252
2053,1.8362855911254883,1e-07,1.2605766,1.8313293,1.3532661,0.017900949344038963,0.09313727915287018,0.012944676913321018,0.11377467960119247
2054,1.8362606763839722,1e-07,1.2605683,1.8313044,1.353257,0.017899032682180405,0.09312993288040161,0.012942759320139885,0.11376624554395676
2055,1.8362356424331665,1e-07,1.2605599,1.8312794,1.3532478,0.01789708621799946,0.09312266111373901,0.012940814718604088,0.11375769972801208
2056,1.8362106084823608,1e-07,1.2605517,1.8312544,1.3532385,0.017895154654979706,0.09311532974243164,0.012938883155584335,0.11374921351671219
2057,1.836185097694397,1e-07,1.2605433,1.8312289,1.353229,0.017893193289637566,0.09310796856880188,0.01293692272156477,0.11374059319496155
2058,1.8361605405807495,1e-07,1.2605352,1.8312043,1.35322,0.01789119280874729,0.09310045838356018,0.012934921309351921,0.11373179405927658
2059,1.8361352682113647,1e-07,1.260527,1.831179,1.3532107,0.01788930967450142,0.09309327602386475,0.012933039106428623,0.113723523914814
2060,1.8361095190048218,1e-07,1.2605184,1.8311533,1.3532012,0.01788734830915928,0.09308585524559021,0.012931078672409058,0.11371490359306335
2061,1.836085319519043,1e-07,1.2605104,1.8311291,1.3531922,0.017885394394397736,0.09307849407196045,0.01292912382632494,0.1137063056230545
2062,1.8360600471496582,1e-07,1.2605021,1.8311038,1.3531828,0.017883453518152237,0.09307122230529785,0.012927183881402016,0.11369777470827103
2063,1.8360353708267212,1e-07,1.2604939,1.8310791,1.3531737,0.017881479114294052,0.09306372702121735,0.012925208546221256,0.11368908733129501
2064,1.8360099792480469,1e-07,1.2604855,1.8310537,1.3531643,0.017879532650113106,0.09305641055107117,0.01292326208204031,0.11368052661418915
2065,1.8359851837158203,1e-07,1.2604773,1.8310289,1.3531551,0.01787760853767395,0.09304909408092499,0.01292133703827858,0.11367206275463104
2066,1.835959792137146,1e-07,1.2604691,1.8310035,1.3531458,0.017875684425234795,0.09304176270961761,0.012919413857161999,0.11366359889507294
2067,1.8359346389770508,1e-07,1.2604607,1.8309784,1.3531365,0.01787373051047325,0.09303446114063263,0.01291745901107788,0.11365500092506409
2068,1.8359094858169556,1e-07,1.2604523,1.8309532,1.3531272,0.017871782183647156,0.09302708506584167,0.012915510684251785,0.11364642530679703
2069,1.835884690284729,1e-07,1.2604442,1.8309284,1.3531181,0.01786985620856285,0.0930197536945343,0.01291358470916748,0.11363795399665833
2070,1.835858941078186,1e-07,1.2604357,1.8309027,1.3531085,0.0178679246455431,0.09301246702671051,0.012911655008792877,0.11362946033477783
2071,1.8358349800109863,1e-07,1.2604278,1.8308787,1.3530997,0.017865963280200958,0.09300506114959717,0.012909693643450737,0.1136208325624466
2072,1.8358100652694702,1e-07,1.2604195,1.8308538,1.3530905,0.01786404475569725,0.09299778938293457,0.012907776050269604,0.11361239105463028
2073,1.8357843160629272,1e-07,1.2604109,1.8308281,1.353081,0.017862048000097275,0.09299024939537048,0.012905779294669628,0.1136036068201065
2074,1.835759162902832,1e-07,1.2604028,1.8308029,1.3530717,0.017860153689980507,0.09298306703567505,0.012903883121907711,0.11359526216983795
2075,1.8357338905334473,1e-07,1.2603945,1.8307776,1.3530623,0.017858192324638367,0.0929756611585617,0.012901922687888145,0.11358663439750671
2076,1.8357096910476685,1e-07,1.2603865,1.8307534,1.3530533,0.01785627007484436,0.09296834468841553,0.012900000438094139,0.11357817053794861
2077,1.8356832265853882,1e-07,1.2603778,1.830727,1.3530436,0.01785430870950222,0.09296095371246338,0.012898039072751999,0.11356953531503677
2078,1.835659384727478,1e-07,1.2603697,1.8307031,1.3530347,0.017852338030934334,0.09295350313186646,0.012896068394184113,0.11356085538864136
2079,1.8356342315673828,1e-07,1.2603616,1.830678,1.3530254,0.017850421369075775,0.09294624626636505,0.012894151732325554,0.11355242133140564
2080,1.8356081247329712,1e-07,1.260353,1.8306519,1.3530159,0.01784851774573326,0.09293901920318604,0.012892249040305614,0.1135440394282341
2081,1.8355828523635864,1e-07,1.2603446,1.8306266,1.3530065,0.01784656010568142,0.09293165802955627,0.012890291400253773,0.11353541910648346
2082,1.835558533668518,1e-07,1.2603365,1.8306023,1.3529975,0.017844606190919876,0.09292416274547577,0.01288833562284708,0.11352680623531342
2083,1.8355337381362915,1e-07,1.2603283,1.8305775,1.3529884,0.01784268394112587,0.0929168164730072,0.012886414304375648,0.11351834237575531
2084,1.8355082273483276,1e-07,1.2603198,1.830552,1.352979,0.017840737476944923,0.09290961921215057,0.012884467840194702,0.11350976675748825
2085,1.8354839086532593,1e-07,1.2603118,1.8305277,1.3529699,0.01783880591392517,0.09290213882923126,0.01288253627717495,0.11350125819444656
2086,1.8354579210281372,1e-07,1.2603034,1.8305017,1.3529603,0.01783682592213154,0.09289471805095673,0.012880556285381317,0.11349254101514816
2087,1.8354331254959106,1e-07,1.2602952,1.8304769,1.3529512,0.017834918573498726,0.09288753569126129,0.012878648936748505,0.11348413676023483
2088,1.835408091545105,1e-07,1.2602868,1.8304518,1.3529419,0.017832975834608078,0.09288008511066437,0.012876707129180431,0.11347557604312897
2089,1.835383415222168,1e-07,1.2602787,1.8304272,1.3529328,0.01783105544745922,0.09287278354167938,0.012874785810709,0.11346711218357086
2090,1.8353581428527832,1e-07,1.2602704,1.8304019,1.3529235,0.01782912015914917,0.09286551177501678,0.012872850522398949,0.11345858871936798
2091,1.835333228111267,1e-07,1.2602621,1.830377,1.3529142,0.017827142030000687,0.09285800158977509,0.012870874255895615,0.11344987899065018
2092,1.8353080749511719,1e-07,1.2602539,1.8303518,1.3529049,0.017825238406658173,0.09285074472427368,0.012868968769907951,0.11344147473573685
2093,1.8352829217910767,1e-07,1.2602456,1.8303267,1.3528956,0.017823297530412674,0.09284333884716034,0.012867029756307602,0.11343292891979218
2094,1.835257887840271,1e-07,1.2602373,1.8303016,1.3528864,0.01782139018177986,0.09283611178398132,0.01286512054502964,0.11342451721429825
2095,1.8352330923080444,1e-07,1.2602291,1.8302768,1.3528773,0.017819417640566826,0.09282869100570679,0.012863148003816605,0.11341582238674164
2096,1.8352075815200806,1e-07,1.2602206,1.8302513,1.3528678,0.01781747117638588,0.09282125532627106,0.012861202470958233,0.11340723931789398
2097,1.835182547569275,1e-07,1.2602124,1.8302263,1.3528585,0.01781553030014038,0.09281383454799652,0.012859262526035309,0.11339868605136871
2098,1.8351573944091797,1e-07,1.2602042,1.8302011,1.3528492,0.017813649028539658,0.09280672669410706,0.012857381254434586,0.11339039355516434
2099,1.8351329565048218,1e-07,1.2601961,1.8301767,1.3528402,0.01781167834997177,0.09279921650886536,0.0128554105758667,0.11338170617818832
2100,1.835107445716858,1e-07,1.2601876,1.8301512,1.3528308,0.017809737473726273,0.0927918404340744,0.01285347156226635,0.11337315291166306
2101,1.8350831270217896,1e-07,1.2601795,1.8301269,1.3528218,0.01780778169631958,0.09278450906276703,0.012851515784859657,0.11336452513933182
2102,1.835057258605957,1e-07,1.260171,1.830101,1.3528123,0.017805887386202812,0.0927773267030716,0.012849620543420315,0.11335616558790207
2103,1.8350324630737305,1e-07,1.260163,1.8300762,1.3528031,0.01780395768582821,0.09276986122131348,0.012847690843045712,0.11334765702486038
2104,1.835007667541504,1e-07,1.2601546,1.8300514,1.3527939,0.017801973968744278,0.09276236593723297,0.012845708057284355,0.1133389100432396
2105,1.8349815607070923,1e-07,1.260146,1.8300253,1.3527843,0.017800094559788704,0.09275521337985992,0.012843828648328781,0.11333061754703522
2106,1.8349567651748657,1e-07,1.2601379,1.8300005,1.3527751,0.017798153683543205,0.09274783730506897,0.012841885909438133,0.11332204192876816
2107,1.8349319696426392,1e-07,1.2601298,1.8299757,1.3527659,0.017796216532588005,0.09274044632911682,0.012839948758482933,0.11331349611282349
2108,1.8349075317382812,1e-07,1.2601216,1.8299513,1.352757,0.0177942905575037,0.09273317456245422,0.012838024646043777,0.11330500990152359
2109,1.8348817825317383,1e-07,1.2601131,1.8299255,1.3527474,0.01779239811003208,0.09272590279579163,0.012836132198572159,0.11329665780067444
2110,1.8348569869995117,1e-07,1.260105,1.8299007,1.3527383,0.017790410667657852,0.09271830320358276,0.01283414475619793,0.11328788101673126
2111,1.8348312377929688,1e-07,1.2600964,1.829875,1.3527287,0.0177884753793478,0.09271109104156494,0.012832210399210453,0.11327935010194778
2112,1.8348063230514526,1e-07,1.2600883,1.8298501,1.3527195,0.017786560580134392,0.0927036851644516,0.012830294668674469,0.11327089369297028
2113,1.834782600402832,1e-07,1.2600803,1.8298264,1.3527107,0.017784656956791878,0.09269651770591736,0.012828391045331955,0.11326248943805695
2114,1.8347563743591309,1e-07,1.2600716,1.8298001,1.3527011,0.01778271421790123,0.09268903732299805,0.012826448306441307,0.11325391381978989
2115,1.8347315788269043,1e-07,1.2600635,1.8297753,1.3526919,0.017780745401978493,0.0926816463470459,0.01282447949051857,0.11324521899223328
2116,1.8347066640853882,1e-07,1.2600552,1.8297504,1.3526827,0.01777881570160389,0.09267432987689972,0.012822550721466541,0.11323670297861099
2117,1.834681510925293,1e-07,1.260047,1.8297253,1.3526734,0.01777692511677742,0.09266702830791473,0.012820659205317497,0.11322835087776184
2118,1.834657073020935,1e-07,1.2600389,1.8297008,1.3526644,0.017774971202015877,0.09265966713428497,0.012818705290555954,0.1132197231054306
2119,1.8346318006515503,1e-07,1.2600305,1.8296756,1.352655,0.017773030325770378,0.09265229105949402,0.012816764414310455,0.11321114748716354
2120,1.834606647491455,1e-07,1.2600222,1.8296504,1.3526458,0.01777116395533085,0.09264510869979858,0.012814898043870926,0.11320290714502335
2121,1.8345813751220703,1e-07,1.2600139,1.8296251,1.3526363,0.01776921935379505,0.09263762831687927,0.012812953442335129,0.11319431662559509
2122,1.8345569372177124,1e-07,1.2600058,1.8296007,1.3526273,0.017767243087291718,0.09263016283512115,0.012810977175831795,0.1131855845451355
2123,1.8345311880111694,1e-07,1.2599972,1.829575,1.3526179,0.01776530034840107,0.09262274205684662,0.012809035368263721,0.11317700892686844
2124,1.8345069885253906,1e-07,1.2599893,1.8295507,1.3526089,0.0177634134888649,0.09261554479598999,0.012807147577404976,0.11316867172718048
2125,1.834481120109558,1e-07,1.2599808,1.8295249,1.3525993,0.01776149310171604,0.09260821342468262,0.012805227190256119,0.11316018551588058
2126,1.8344560861587524,1e-07,1.2599726,1.8294998,1.3525901,0.017759552225470543,0.09260080754756927,0.01280328631401062,0.11315160989761353
2127,1.8344306945800781,1e-07,1.2599642,1.8294744,1.3525807,0.017757635563611984,0.09259341657161713,0.012801370583474636,0.11314313858747482
2128,1.8344062566757202,1e-07,1.259956,1.82945,1.3525716,0.017755668610334396,0.09258601069450378,0.012799402698874474,0.11313444375991821
2129,1.8343806266784668,1e-07,1.2599477,1.8294244,1.3525622,0.01775372587144375,0.09257860481739044,0.012797459959983826,0.11312586069107056
2130,1.8343549966812134,1e-07,1.2599391,1.8293988,1.3525527,0.01775185763835907,0.09257139265537262,0.012795591726899147,0.11311759799718857
2131,1.8343305587768555,1e-07,1.2599311,1.8293743,1.3525436,0.01774989254772663,0.09256400167942047,0.012793626636266708,0.11310891807079315
2132,1.834306240081787,1e-07,1.2599231,1.82935,1.3525347,0.017747994512319565,0.09255671501159668,0.012791728600859642,0.11310052126646042
2133,1.8342808485031128,1e-07,1.2599148,1.8293246,1.3525252,0.017746077850461006,0.09254933893680573,0.012789812870323658,0.11309205740690231
2134,1.8342558145523071,1e-07,1.2599064,1.8292996,1.352516,0.01774415746331215,0.09254209697246552,0.012787891551852226,0.11308356374502182
2135,1.8342300653457642,1e-07,1.259898,1.8292738,1.3525065,0.017742222175002098,0.09253470599651337,0.012785958126187325,0.11307501047849655
2136,1.834205985069275,1e-07,1.2598898,1.8292497,1.3524976,0.0177402812987566,0.09252724051475525,0.012784017249941826,0.1130664274096489
2137,1.834180235862732,1e-07,1.2598815,1.829224,1.352488,0.017738351598381996,0.09251993894577026,0.012782086618244648,0.11305788904428482
2138,1.8341550827026367,1e-07,1.2598732,1.8291988,1.3524787,0.017736444249749184,0.0925125777721405,0.01278018020093441,0.1130494624376297
2139,1.8341299295425415,1e-07,1.2598649,1.8291737,1.3524694,0.017734501510858536,0.09250514209270477,0.012778237462043762,0.11304086446762085
2140,1.8341045379638672,1e-07,1.2598563,1.8291483,1.3524601,0.01773257367312908,0.09249778091907501,0.012776308692991734,0.11303233355283737
2141,1.8340797424316406,1e-07,1.2598482,1.8291235,1.352451,0.01773068867623806,0.09249056875705719,0.012774424627423286,0.11302400380373001
2142,1.8340545892715454,1e-07,1.25984,1.8290983,1.3524417,0.01772872544825077,0.09248310327529907,0.012772460468113422,0.1130153089761734
2143,1.834029197692871,1e-07,1.2598315,1.829073,1.3524323,0.01772678829729557,0.09247569739818573,0.012770524248480797,0.11300674080848694
2144,1.8340044021606445,1e-07,1.2598234,1.8290482,1.3524231,0.017724916338920593,0.09246852993965149,0.012768651358783245,0.11299845576286316
2145,1.8339790105819702,1e-07,1.259815,1.8290228,1.3524137,0.017722947522997856,0.09246103465557098,0.012766685336828232,0.11298976093530655
2146,1.8339537382125854,1e-07,1.2598066,1.8289975,1.3524044,0.0177210234105587,0.0924537181854248,0.012764761224389076,0.11298124492168427
2147,1.8339290618896484,1e-07,1.2597985,1.8289728,1.3523952,0.017719119787216187,0.09244629740715027,0.012762858532369137,0.11297282576560974
2148,1.8339039087295532,1e-07,1.2597903,1.8289477,1.3523859,0.01771719381213188,0.09243905544281006,0.012760932557284832,0.11296429485082626
2149,1.8338781595230103,1e-07,1.2597817,1.8289219,1.3523763,0.01771531254053116,0.09243170917034149,0.012759050354361534,0.1129559651017189
2150,1.833854079246521,1e-07,1.2597737,1.8288978,1.3523675,0.017713362351059914,0.09242436289787292,0.012757101096212864,0.11294733732938766
2151,1.833828330039978,1e-07,1.2597651,1.8288721,1.352358,0.017711438238620758,0.09241697192192078,0.012755176052451134,0.11293881386518478
2152,1.8338035345077515,1e-07,1.259757,1.8288473,1.3523488,0.017709501087665558,0.09240955114364624,0.012753238901495934,0.11293023824691772
2153,1.833778738975525,1e-07,1.2597488,1.8288225,1.3523396,0.01770755648612976,0.09240211546421051,0.012751294299960136,0.11292162537574768
2154,1.8337522745132446,1e-07,1.2597401,1.828796,1.3523299,0.017705654725432396,0.09239481389522552,0.012749392539262772,0.11291320621967316
2155,1.8337281942367554,1e-07,1.2597321,1.828772,1.3523209,0.017703698948025703,0.0923873633146286,0.012747436761856079,0.11290454864501953
2156,1.8337029218673706,1e-07,1.2597238,1.8287467,1.3523116,0.01770184375345707,0.09238021075725555,0.012745581567287445,0.11289633065462112
2157,1.8336777687072754,1e-07,1.2597156,1.8287215,1.3523023,0.017699936404824257,0.09237286448478699,0.012743674218654633,0.11288788169622421
2158,1.8336526155471802,1e-07,1.2597073,1.8286964,1.352293,0.01769799366593361,0.09236547350883484,0.012741731479763985,0.11287927627563477
2159,1.8336275815963745,1e-07,1.259699,1.8286713,1.3522837,0.017696071416139603,0.09235812723636627,0.012739808298647404,0.11287076026201248
2160,1.8336025476455688,1e-07,1.2596906,1.8286463,1.3522745,0.01769416779279709,0.09235070645809174,0.012737905606627464,0.11286233365535736
2161,1.8335771560668945,1e-07,1.2596822,1.8286209,1.3522651,0.01769223064184189,0.09234338998794556,0.012735969386994839,0.1128537505865097
2162,1.8335527181625366,1e-07,1.2596742,1.8285965,1.3522561,0.017690319567918777,0.09233604371547699,0.012734057381749153,0.112845279276371
2163,1.8335264921188354,1e-07,1.2596656,1.8285702,1.3522464,0.017688419669866562,0.09232880175113678,0.012732157483696938,0.11283686012029648
2164,1.8335018157958984,1e-07,1.2596574,1.8285456,1.3522372,0.017686525359749794,0.09232139587402344,0.01273026317358017,0.11282847076654434
2165,1.8334766626358032,1e-07,1.2596492,1.8285204,1.3522279,0.017684560269117355,0.09231400489807129,0.012728298082947731,0.11281976103782654
2166,1.8334521055221558,1e-07,1.259641,1.8284959,1.3522189,0.017682664096355438,0.09230664372444153,0.012726402841508389,0.11281135678291321
2167,1.8334259986877441,1e-07,1.2596323,1.8284698,1.3522092,0.01768074370920658,0.09229931235313416,0.012724482454359531,0.11280284821987152
2168,1.8334016799926758,1e-07,1.2596244,1.8284454,1.3522003,0.01767880842089653,0.0922919362783432,0.01272254716604948,0.11279427260160446
2169,1.8333765268325806,1e-07,1.259616,1.8284203,1.352191,0.01767687499523163,0.0922844409942627,0.012720614671707153,0.112785704433918
2170,1.8333512544631958,1e-07,1.2596077,1.828395,1.3521816,0.017674975097179413,0.09227719902992249,0.012718712911009789,0.11277727037668228
2171,1.8333262205123901,1e-07,1.2595993,1.82837,1.3521724,0.017673073336482048,0.0922698825597763,0.012716813012957573,0.11276885122060776
2172,1.833301067352295,1e-07,1.2595911,1.8283448,1.352163,0.01767115481197834,0.09226249158382416,0.012714892625808716,0.11276033520698547
2173,1.8332756757736206,1e-07,1.2595826,1.8283194,1.3521537,0.017669204622507095,0.09225504100322723,0.012712943367660046,0.11275169253349304
2174,1.8332509994506836,1e-07,1.2595747,1.8282948,1.3521445,0.01766733080148697,0.09224775433540344,0.01271106954663992,0.11274337768554688
2175,1.8332253694534302,1e-07,1.2595662,1.8282691,1.3521351,0.017665430903434753,0.09224057197570801,0.012709170579910278,0.11273495852947235
2176,1.8332005739212036,1e-07,1.259558,1.8282443,1.3521259,0.017663467675447464,0.09223298728466034,0.012707206420600414,0.11272624880075455
2177,1.8331753015518188,1e-07,1.2595495,1.828219,1.3521165,0.017661556601524353,0.09222561120986938,0.012705296277999878,0.11271777004003525
2178,1.833150029182434,1e-07,1.2595412,1.8281938,1.3521072,0.01765962317585945,0.09221816062927246,0.012703362852334976,0.11270919442176819
2179,1.8331254720687866,1e-07,1.259533,1.8281692,1.3520981,0.01765773817896843,0.09221094846725464,0.01270147692412138,0.11270082741975784
2180,1.83310067653656,1e-07,1.2595248,1.8281444,1.3520889,0.017655830830335617,0.09220361709594727,0.012699570506811142,0.11269237101078033
2181,1.8330751657485962,1e-07,1.2595166,1.8281189,1.3520795,0.017653938382864,0.0921962559223175,0.012697678059339523,0.1126839742064476
2182,1.8330497741699219,1e-07,1.259508,1.8280935,1.3520701,0.01765207201242447,0.09218913316726685,0.012695811688899994,0.11267568916082382
2183,1.8330243825912476,1e-07,1.2594998,1.8280681,1.3520607,0.01765008457005024,0.0921815037727356,0.01269382331520319,0.11266686767339706
2184,1.832999587059021,1e-07,1.2594916,1.8280433,1.3520515,0.017648177221417427,0.09217417240142822,0.012691916897892952,0.11265841126441956
2185,1.8329740762710571,1e-07,1.2594832,1.8280178,1.3520421,0.017646227031946182,0.09216664731502533,0.012689966708421707,0.11264975368976593
2186,1.8329499959945679,1e-07,1.2594751,1.8279938,1.3520331,0.017644371837377548,0.09215949475765228,0.012688111513853073,0.11264152079820633
2187,1.832924246788025,1e-07,1.2594666,1.827968,1.3520237,0.017642471939325333,0.09215213358402252,0.012686210684478283,0.11263307929039001
2188,1.832898736000061,1e-07,1.2594584,1.8279425,1.3520142,0.017640572041273117,0.09214484691619873,0.012684312649071217,0.1126246526837349
2189,1.8328739404678345,1e-07,1.2594501,1.8279177,1.3520051,0.01763862371444702,0.09213733673095703,0.012682362459599972,0.11261599510908127
2190,1.8328495025634766,1e-07,1.259442,1.8278933,1.3519961,0.017636699602007866,0.09213005006313324,0.012680438347160816,0.1126074492931366
2191,1.8328241109848022,1e-07,1.2594336,1.8278679,1.3519866,0.017634816467761993,0.09212271869182587,0.012678558006882668,0.11259910464286804
2192,1.8327995538711548,1e-07,1.2594255,1.8278433,1.3519776,0.017632929608225822,0.0921153724193573,0.012676672078669071,0.1125907301902771
2193,1.8327738046646118,1e-07,1.2594169,1.8278176,1.351968,0.017630968242883682,0.09210793673992157,0.012674709782004356,0.1125820130109787
2194,1.8327487707138062,1e-07,1.2594087,1.8277925,1.3519588,0.017629064619541168,0.092100590467453,0.012672807089984417,0.11257356405258179
2195,1.8327232599258423,1e-07,1.2594002,1.827767,1.3519493,0.01762714423239231,0.09209313988685608,0.01267088670283556,0.11256503313779831
2196,1.8326982259750366,1e-07,1.2593919,1.827742,1.35194,0.017625311389565468,0.09208612143993378,0.012669052928686142,0.11255688965320587
2197,1.8326725959777832,1e-07,1.2593836,1.8277164,1.3519306,0.017623331397771835,0.09207849204540253,0.012667073868215084,0.1125480979681015
2198,1.832647681236267,1e-07,1.2593753,1.8276914,1.3519214,0.01762142963707447,0.09207120537757874,0.012665171176195145,0.11253964155912399
2199,1.8326231241226196,1e-07,1.2593671,1.8276669,1.3519123,0.017619522288441658,0.09206369519233704,0.012663265690207481,0.11253117769956589
2200,1.832598090171814,1e-07,1.2593589,1.8276418,1.3519031,0.017617616802453995,0.09205649793148041,0.012661358341574669,0.11252269893884659
2201,1.83257257938385,1e-07,1.2593504,1.8276163,1.3518937,0.01761571876704693,0.09204915165901184,0.012659462168812752,0.11251427233219147
2202,1.8325471878051758,1e-07,1.2593421,1.827591,1.3518842,0.017613783478736877,0.09204162657260895,0.012657525017857552,0.11250566691160202
2203,1.8325220346450806,1e-07,1.2593337,1.8275658,1.351875,0.017611907795071602,0.09203438460826874,0.012655649334192276,0.11249732971191406
2204,1.8324975967407227,1e-07,1.2593256,1.8275414,1.3518659,0.01760999485850334,0.09202699363231659,0.012653736397624016,0.11248882859945297
2205,1.8324724435806274,1e-07,1.2593174,1.8275162,1.3518566,0.017608067020773888,0.09201961755752563,0.012651808559894562,0.11248026043176651
2206,1.8324476480484009,1e-07,1.2593092,1.8274914,1.3518474,0.017606167122721672,0.09201225638389587,0.012649908661842346,0.1124718114733696
2207,1.8324223756790161,1e-07,1.2593008,1.8274661,1.3518381,0.01760425791144371,0.09200491011142731,0.012648000381886959,0.1124633327126503
2208,1.8323965072631836,1e-07,1.2592922,1.8274403,1.3518285,0.017602333799004555,0.09199754893779755,0.012646076269447803,0.11245477199554443
2209,1.832371711730957,1e-07,1.2592841,1.8274155,1.3518193,0.01760047674179077,0.09199027717113495,0.012644220143556595,0.11244652420282364
2210,1.8323469161987305,1e-07,1.2592759,1.8273907,1.3518101,0.017598547041416168,0.09198284149169922,0.012642290443181992,0.11243794113397598
2211,1.8323215246200562,1e-07,1.2592676,1.8273653,1.3518008,0.0175966564565897,0.09197555482387543,0.012640399858355522,0.11242952942848206
2212,1.8322972059249878,1e-07,1.2592595,1.827341,1.3517917,0.01759474352002144,0.09196814894676208,0.012638486921787262,0.11242102831602097
2213,1.8322720527648926,1e-07,1.2592511,1.8273158,1.3517824,0.017592856660485268,0.0919608473777771,0.012636600993573666,0.11241263896226883
2214,1.8322454690933228,1e-07,1.2592424,1.8272892,1.3517727,0.017590899020433426,0.09195329248905182,0.01263464242219925,0.11240392178297043
2215,1.832221508026123,1e-07,1.2592345,1.8272653,1.3517637,0.017589043825864792,0.09194612503051758,0.012632787227630615,0.11239567399024963
2216,1.8321958780288696,1e-07,1.259226,1.8272396,1.3517543,0.017587151378393173,0.0919388085603714,0.012630893848836422,0.11238724738359451
2217,1.8321704864501953,1e-07,1.2592176,1.8272142,1.3517449,0.017585232853889465,0.09193140268325806,0.012628976255655289,0.11237871646881104
2218,1.832146167755127,1e-07,1.2592096,1.8271899,1.351736,0.0175833310931921,0.09192405641078949,0.012627074494957924,0.11237025260925293
2219,1.832120418548584,1e-07,1.259201,1.8271642,1.3517264,0.017581449821591377,0.0919167697429657,0.0126251932233572,0.11236188560724258
2220,1.8320960998535156,1e-07,1.2591931,1.8271399,1.3517174,0.017579490318894386,0.09190918505191803,0.01262323372066021,0.11235316842794418
2221,1.832071304321289,1e-07,1.259185,1.827115,1.3517082,0.017577625811100006,0.09190195798873901,0.01262136921286583,0.11234486848115921
2222,1.832045555114746,1e-07,1.2591764,1.8270893,1.3516986,0.017575711011886597,0.09189450740814209,0.01261945441365242,0.11233634501695633
2223,1.8320199251174927,1e-07,1.2591679,1.8270637,1.3516892,0.017573824152350426,0.09188723564147949,0.012617566622793674,0.112327940762043
2224,1.8319951295852661,1e-07,1.2591597,1.8270389,1.35168,0.017571905627846718,0.09187984466552734,0.012615649029612541,0.11231940984725952
2225,1.8319703340530396,1e-07,1.2591516,1.8270141,1.3516709,0.017570002004504204,0.09187246859073639,0.012613744474947453,0.11231093108654022
2226,1.831945538520813,1e-07,1.2591434,1.8269893,1.3516617,0.01756812073290348,0.0918651670217514,0.012611864134669304,0.11230255663394928
2227,1.8319196701049805,1e-07,1.2591348,1.8269634,1.3516521,0.017566179856657982,0.0918576568365097,0.012609923258423805,0.11229391396045685
2228,1.8318949937820435,1e-07,1.2591267,1.8269387,1.351643,0.017564306035637856,0.0918504148721695,0.012608050368726254,0.11228557676076889
2229,1.8318697214126587,1e-07,1.2591182,1.8269135,1.3516337,0.01756240241229534,0.09184296429157257,0.01260614674538374,0.11227709800004959
2230,1.831844687461853,1e-07,1.25911,1.8268884,1.3516244,0.017560534179210663,0.09183581173419952,0.012604277580976486,0.11226877570152283
2231,1.8318195343017578,1e-07,1.2591016,1.8268633,1.3516151,0.01755860634148121,0.09182825684547424,0.012602349743247032,0.11226018518209457
2232,1.8317941427230835,1e-07,1.2590932,1.8268379,1.3516057,0.017556747421622276,0.0918211042881012,0.0126004908233881,0.11225190758705139
2233,1.831769347190857,1e-07,1.259085,1.8268131,1.3515965,0.01755477488040924,0.09181348979473114,0.012598520144820213,0.11224313080310822
2234,1.8317440748214722,1e-07,1.2590767,1.8267878,1.3515872,0.01755286380648613,0.09180614352226257,0.012596608139574528,0.11223461478948593
2235,1.8317190408706665,1e-07,1.2590685,1.8267628,1.3515779,0.017551030963659286,0.09179887175559998,0.012594775296747684,0.1122264489531517
2236,1.8316946029663086,1e-07,1.2590603,1.8267384,1.3515688,0.01754916086792946,0.09179168939590454,0.012592907063663006,0.11221811920404434
2237,1.831668496131897,1e-07,1.2590518,1.8267123,1.3515592,0.017547182738780975,0.09178407490253448,0.012590929865837097,0.11220931261777878
2238,1.8316434621810913,1e-07,1.2590436,1.8266872,1.35155,0.017545321956276894,0.09177680313587189,0.01258906815201044,0.1122010201215744
2239,1.8316189050674438,1e-07,1.2590352,1.8266627,1.3515408,0.017543453723192215,0.09176954627037048,0.012587200850248337,0.11219269782304764
2240,1.8315938711166382,1e-07,1.259027,1.8266376,1.3515316,0.01754155196249485,0.09176217019557953,0.012585298158228397,0.11218421161174774
2241,1.8315683603286743,1e-07,1.2590188,1.8266121,1.3515221,0.017539609223604202,0.09175463020801544,0.012583356350660324,0.11217556148767471
2242,1.8315433263778687,1e-07,1.2590103,1.8265871,1.3515129,0.017537739127874374,0.09174740314483643,0.012581486254930496,0.11216722428798676
2243,1.8315181732177734,1e-07,1.2590022,1.8265619,1.3515036,0.01753586158156395,0.09174010157585144,0.012579608708620071,0.11215885728597641
2244,1.8314927816390991,1e-07,1.2589937,1.8265365,1.3514942,0.01753394491970539,0.09173274040222168,0.012577692046761513,0.11215031147003174
2245,1.8314679861068726,1e-07,1.2589854,1.8265117,1.351485,0.01753203198313713,0.09172526001930237,0.012575779110193253,0.11214178055524826
2246,1.8314427137374878,1e-07,1.258977,1.8264865,1.3514757,0.01753012277185917,0.09171785414218903,0.01257386989891529,0.11213327199220657
2247,1.8314181566238403,1e-07,1.258969,1.8264619,1.3514665,0.017528241500258446,0.09171056747436523,0.012571988627314568,0.11212488263845444
2248,1.8313926458358765,1e-07,1.2589606,1.8264364,1.3514571,0.01752631925046444,0.0917031466960907,0.012570066377520561,0.11211630702018738
2249,1.8313671350479126,1e-07,1.2589521,1.8264109,1.3514477,0.017524491995573044,0.09169600903987885,0.012568239122629166,0.11210815608501434
2250,1.8313417434692383,1e-07,1.2589438,1.8263855,1.3514383,0.01752259023487568,0.09168858826160431,0.0125663373619318,0.11209967732429504
2251,1.8313169479370117,1e-07,1.2589356,1.8263607,1.3514291,0.017520666122436523,0.091681107878685,0.012564413249492645,0.11209109425544739
2252,1.8312925100326538,1e-07,1.2589276,1.8263363,1.35142,0.017518818378448486,0.09167397022247314,0.012562564574182034,0.11208284646272659
2253,1.8312673568725586,1e-07,1.2589192,1.8263111,1.3514107,0.01751689426600933,0.09166640043258667,0.012560641393065453,0.11207427084445953
2254,1.8312419652938843,1e-07,1.2589108,1.8262857,1.3514014,0.017515018582344055,0.09165917336940765,0.012558764778077602,0.11206589639186859
2255,1.831217646598816,1e-07,1.2589027,1.8262614,1.3513924,0.017513107508420944,0.09165173768997192,0.012556854635477066,0.11205737292766571
2256,1.8311914205551147,1e-07,1.258894,1.8262352,1.3513827,0.01751122623682022,0.09164440631866455,0.012554972432553768,0.11204897612333298
2257,1.8311673402786255,1e-07,1.258886,1.8262111,1.3513738,0.017509324476122856,0.09163698554039001,0.012553071603178978,0.11204048991203308
2258,1.8311411142349243,1e-07,1.2588774,1.8261849,1.3513641,0.017507430166006088,0.09162965416908264,0.01255117729306221,0.11203203350305557
2259,1.831116795539856,1e-07,1.2588695,1.8261606,1.3513551,0.017505526542663574,0.09162230789661407,0.012549273669719696,0.11202353984117508
2260,1.8310918807983398,1e-07,1.2588612,1.8261356,1.3513459,0.0175036434084177,0.0916149914264679,0.012547390535473824,0.11201513558626175
2261,1.8310664892196655,1e-07,1.2588528,1.8261102,1.3513365,0.017501765862107277,0.09160761535167694,0.012545512989163399,0.11200675368309021
2262,1.8310414552688599,1e-07,1.2588445,1.8260852,1.3513272,0.017499882727861404,0.09160026907920837,0.012543629854917526,0.11199834942817688
2263,1.8310165405273438,1e-07,1.2588364,1.8260603,1.351318,0.01749798282980919,0.09159280359745026,0.01254172995686531,0.11198986321687698
2264,1.8309913873672485,1e-07,1.258828,1.8260351,1.3513087,0.01749611645936966,0.09158553183078766,0.012539863586425781,0.11198153346776962
2265,1.8309656381607056,1e-07,1.2588195,1.8260094,1.3512992,0.017494242638349533,0.09157826006412506,0.012537989765405655,0.11197316646575928
2266,1.8309415578842163,1e-07,1.2588115,1.8259853,1.3512902,0.017492279410362244,0.09157069027423859,0.012536028400063515,0.1119644045829773
2267,1.8309158086776733,1e-07,1.2588029,1.8259596,1.3512807,0.0174904465675354,0.09156355261802673,0.012534193694591522,0.11195621639490128
2268,1.8308912515640259,1e-07,1.2587949,1.825935,1.3512716,0.017488550394773483,0.09155616164207458,0.012532297521829605,0.11194774508476257
2269,1.830865740776062,1e-07,1.2587864,1.8259095,1.3512622,0.017486657947301865,0.09154877066612244,0.012530405074357986,0.11193928867578506
2270,1.8308404684066772,1e-07,1.2587781,1.8258842,1.3512528,0.01748475804924965,0.0915413647890091,0.012528505176305771,0.11193080246448517
2271,1.8308151960372925,1e-07,1.2587696,1.825859,1.3512435,0.01748289167881012,0.0915340930223465,0.012526639737188816,0.11192247271537781
2272,1.8307901620864868,1e-07,1.2587615,1.8258339,1.3512342,0.017480941489338875,0.09152643382549286,0.012524689547717571,0.11191376298666
2273,1.8307653665542603,1e-07,1.2587533,1.8258091,1.351225,0.017479076981544495,0.09151925146579742,0.012522825971245766,0.11190543323755264
2274,1.8307394981384277,1e-07,1.2587447,1.8257833,1.3512155,0.017477229237556458,0.09151206910610199,0.01252097636461258,0.11189717054367065
2275,1.8307145833969116,1e-07,1.2587365,1.8257583,1.3512063,0.017475344240665436,0.09150458872318268,0.012519092299044132,0.11188875138759613
2276,1.830689549446106,1e-07,1.2587283,1.8257333,1.351197,0.017473459243774414,0.09149736166000366,0.01251720730215311,0.11188032478094101
2277,1.8306647539138794,1e-07,1.25872,1.8257085,1.3511878,0.01747150905430317,0.09148973226547241,0.012515257112681866,0.11187160760164261
2278,1.8306399583816528,1e-07,1.2587118,1.8256837,1.3511786,0.017469653859734535,0.09148246049880981,0.012513402849435806,0.11186332255601883
2279,1.8306149244308472,1e-07,1.2587036,1.8256587,1.3511693,0.0174677986651659,0.09147520363330841,0.012511546723544598,0.11185502260923386
2280,1.830589771270752,1e-07,1.2586951,1.8256335,1.35116,0.017465882003307343,0.09146778285503387,0.012509631924331188,0.11184646934270859
2281,1.830565333366394,1e-07,1.2586871,1.8256091,1.351151,0.017464041709899902,0.09146051108837128,0.012507792562246323,0.11183824390172958
2282,1.8305397033691406,1e-07,1.2586787,1.8255835,1.3511416,0.017462095245718956,0.0914529412984848,0.012505846098065376,0.11182954162359238
2283,1.8305145502090454,1e-07,1.2586703,1.8255583,1.3511323,0.017460225149989128,0.09144571423530579,0.012503976002335548,0.11182118207216263
2284,1.8304888010025024,1e-07,1.2586619,1.8255326,1.3511227,0.017458336427807808,0.09143826365470886,0.012502087280154228,0.11181273311376572
2285,1.8304643630981445,1e-07,1.2586536,1.8255081,1.3511137,0.01745649427175522,0.09143105149269104,0.012500245124101639,0.11180449277162552
2286,1.8304387331008911,1e-07,1.2586453,1.8254825,1.3511041,0.0174546055495739,0.09142367541790009,0.012498356401920319,0.1117960512638092
2287,1.830413818359375,1e-07,1.2586371,1.8254576,1.351095,0.017452696338295937,0.09141618013381958,0.012496447190642357,0.11178750544786453
2288,1.8303881883621216,1e-07,1.2586286,1.825432,1.3510854,0.017450764775276184,0.09140869975090027,0.01249451469630003,0.1117788627743721
2289,1.8303629159927368,1e-07,1.2586201,1.8254067,1.3510761,0.017448894679546356,0.09140133857727051,0.012492645531892776,0.11177050322294235
2290,1.8303388357162476,1e-07,1.2586122,1.8253826,1.3510672,0.017447050660848618,0.09139412641525269,0.012490801513195038,0.11176225543022156
2291,1.830313801765442,1e-07,1.258604,1.8253576,1.3510579,0.01744510792195797,0.09138649702072144,0.01248885877430439,0.11175356060266495
2292,1.8302879333496094,1e-07,1.2585956,1.8253317,1.3510484,0.01744326390326023,0.0913793295621872,0.012487014755606651,0.11174531280994415
2293,1.8302627801895142,1e-07,1.258587,1.8253065,1.351039,0.017441391944885254,0.09137211740016937,0.012485143728554249,0.11173693835735321
2294,1.8302377462387085,1e-07,1.2585789,1.8252815,1.3510298,0.017439549788832664,0.09136483073234558,0.012483300641179085,0.11172869056463242
2295,1.830212950706482,1e-07,1.2585707,1.8252567,1.3510206,0.017437631264328957,0.09135732054710388,0.012481383047997952,0.11172010749578476
2296,1.8301877975463867,1e-07,1.2585623,1.8252316,1.3510113,0.01743575930595398,0.0913500189781189,0.0124795101583004,0.11171172559261322
2297,1.8301631212234497,1e-07,1.2585541,1.8252069,1.3510022,0.017433887347579002,0.09134265780448914,0.012477638199925423,0.11170335114002228
2298,1.8301376104354858,1e-07,1.2585458,1.8251814,1.3509927,0.0174319539219141,0.09133511781692505,0.012475705705583096,0.11169470101594925
2299,1.8301124572753906,1e-07,1.2585374,1.8251562,1.3509834,0.017430167645215988,0.09132805466651917,0.012473918497562408,0.11168669909238815
2300,1.8300873041152954,1e-07,1.2585291,1.825131,1.3509741,0.017428243532776833,0.09132054448127747,0.012471995316445827,0.11167808622121811
2301,1.8300617933273315,1e-07,1.2585207,1.8251055,1.3509647,0.01742631383240223,0.09131306409835815,0.01247006468474865,0.11166944354772568
2302,1.8300375938415527,1e-07,1.2585127,1.8250813,1.3509557,0.017424488440155983,0.09130583703517914,0.012468239292502403,0.11166127026081085
2303,1.8300124406814575,1e-07,1.2585044,1.8250562,1.3509464,0.01742257922887802,0.09129840135574341,0.012466331012547016,0.11165272444486618
2304,1.8299874067306519,1e-07,1.2584959,1.8250312,1.3509371,0.01742069236934185,0.09129101037979126,0.01246444508433342,0.11164428293704987
2305,1.8299614191055298,1e-07,1.2584876,1.8250052,1.3509275,0.017418833449482918,0.09128373861312866,0.012462586164474487,0.1116359531879425
2306,1.8299365043640137,1e-07,1.2584794,1.8249803,1.3509183,0.017416944727301598,0.09127636253833771,0.012460695579648018,0.1116274893283844
2307,1.8299118280410767,1e-07,1.2584711,1.8249556,1.3509091,0.017415093258023262,0.09126900136470795,0.012458845973014832,0.11161920428276062
2308,1.8298864364624023,1e-07,1.2584625,1.8249302,1.3508998,0.017413215711712837,0.09126168489456177,0.012456968426704407,0.1116107925772667
2309,1.8298606872558594,1e-07,1.2584542,1.8249044,1.3508903,0.017411302775144577,0.09125420451164246,0.012455055490136147,0.11160221695899963
2310,1.8298362493515015,1e-07,1.2584461,1.82488,1.3508812,0.01740945689380169,0.09124699234962463,0.012453209608793259,0.11159394681453705
2311,1.8298120498657227,1e-07,1.258438,1.8248558,1.3508723,0.017407553270459175,0.09123949706554413,0.012451305985450745,0.11158542335033417
2312,1.8297863006591797,1e-07,1.2584295,1.82483,1.3508627,0.017405716702342033,0.09123227000236511,0.012449469417333603,0.11157719045877457
2313,1.8297611474990845,1e-07,1.2584213,1.8248049,1.3508534,0.01740383729338646,0.09122496843338013,0.012447590008378029,0.11156877130270004
2314,1.8297353982925415,1e-07,1.2584128,1.8247792,1.3508439,0.017401915043592453,0.09121739864349365,0.012445667758584023,0.1115601509809494
2315,1.8297109603881836,1e-07,1.2584046,1.8247547,1.3508348,0.01740003190934658,0.09120997786521912,0.012443783693015575,0.11155170947313309
2316,1.8296855688095093,1e-07,1.2583963,1.8247293,1.3508254,0.01739814504981041,0.09120252728462219,0.012441897764801979,0.11154325306415558
2317,1.829661250114441,1e-07,1.2583882,1.824705,1.3508164,0.017396310344338417,0.09119546413421631,0.012440063059329987,0.11153502762317657
2318,1.8296362161636353,1e-07,1.2583799,1.82468,1.3508072,0.017394477501511574,0.09118811786174774,0.012438230216503143,0.11152681708335876
2319,1.8296103477478027,1e-07,1.2583714,1.8246541,1.3507975,0.017392544075846672,0.09118057787418365,0.012436297722160816,0.11151815205812454
2320,1.829585075378418,1e-07,1.258363,1.8246288,1.3507882,0.017390670254826546,0.09117324650287628,0.01243442203849554,0.11150974035263062
2321,1.82956063747406,1e-07,1.2583549,1.8246044,1.3507792,0.017388787120580673,0.09116588532924652,0.012432539835572243,0.1115012988448143
2322,1.8295354843139648,1e-07,1.2583467,1.8245792,1.3507699,0.017386918887495995,0.09115850925445557,0.012430671602487564,0.11149292439222336
2323,1.82951021194458,1e-07,1.2583383,1.824554,1.3507605,0.017385069280862808,0.09115120768547058,0.012428821995854378,0.11148462444543839
2324,1.829485535621643,1e-07,1.25833,1.8245293,1.3507514,0.01738319732248783,0.09114386141300201,0.012426950968801975,0.11147623509168625
2325,1.8294605016708374,1e-07,1.2583219,1.8245043,1.3507421,0.017381304875016212,0.09113650023937225,0.012425057590007782,0.11146774142980576
2326,1.8294357061386108,1e-07,1.2583135,1.8244795,1.3507329,0.01737944409251213,0.09112916886806488,0.012423197738826275,0.1114593967795372
2327,1.8294099569320679,1e-07,1.2583051,1.8244537,1.3507234,0.01737755909562111,0.09112167358398438,0.012421311810612679,0.11145094037055969
2328,1.8293849229812622,1e-07,1.2582968,1.8244287,1.3507141,0.017375687137246132,0.0911143571138382,0.012419442646205425,0.11144255101680756
2329,1.829359531402588,1e-07,1.2582884,1.8244033,1.3507048,0.017373837530612946,0.09110713005065918,0.012417593039572239,0.11143425107002258
2330,1.8293348550796509,1e-07,1.2582803,1.8243786,1.3506956,0.01737193763256073,0.09109966456890106,0.012415692210197449,0.1114257276058197
2331,1.8293094635009766,1e-07,1.2582718,1.8243532,1.3506862,0.017370084300637245,0.09109239280223846,0.012413838878273964,0.11141740530729294
2332,1.8292845487594604,1e-07,1.2582636,1.8243283,1.350677,0.017368176952004433,0.09108482301235199,0.012411931529641151,0.11140885204076767
2333,1.8292598724365234,1e-07,1.2582554,1.8243036,1.3506678,0.017366347834467888,0.09107764065265656,0.012410102412104607,0.11140064150094986
2334,1.8292346000671387,1e-07,1.258247,1.8242784,1.3506585,0.017364444211125374,0.09107014536857605,0.012408198788762093,0.11139209568500519
2335,1.8292089700698853,1e-07,1.2582387,1.8242527,1.350649,0.01736258529126644,0.09106278419494629,0.01240633986890316,0.11138375103473663
2336,1.8291839361190796,1e-07,1.2582303,1.8242277,1.3506397,0.017360709607601166,0.09105552732944489,0.012404464185237885,0.11137533187866211
2337,1.829158902168274,1e-07,1.2582221,1.8242027,1.3506305,0.017358841374516487,0.09104803204536438,0.01240259688347578,0.11136694997549057
2338,1.8291336297988892,1e-07,1.2582139,1.8241774,1.3506211,0.017356935888528824,0.09104064106941223,0.012400692328810692,0.1113583967089653
2339,1.829108715057373,1e-07,1.2582055,1.8241525,1.3506119,0.01735507696866989,0.09103330969810486,0.01239883340895176,0.11135005205869675
2340,1.8290839195251465,1e-07,1.2581973,1.8241277,1.3506027,0.017353251576423645,0.09102612733840942,0.012397008016705513,0.11134184896945953
2341,1.8290586471557617,1e-07,1.2581888,1.8241024,1.3505933,0.017351368442177773,0.09101864695549011,0.01239512488245964,0.11133339256048203
2342,1.829033374786377,1e-07,1.2581806,1.8240771,1.350584,0.01734950579702854,0.09101128578186035,0.01239326223731041,0.11132503300905228
2343,1.829008936882019,1e-07,1.2581725,1.8240527,1.350575,0.017347635701298714,0.0910039097070694,0.012391392141580582,0.11131662875413895
2344,1.828983187675476,1e-07,1.2581639,1.824027,1.3505654,0.017345739528536797,0.09099656343460083,0.012389495968818665,0.11130811274051666
2345,1.8289583921432495,1e-07,1.2581558,1.8240021,1.3505563,0.017343904823064804,0.09098923206329346,0.012387661263346672,0.11129987239837646
2346,1.8289331197738647,1e-07,1.2581474,1.8239769,1.3505468,0.01734202727675438,0.09098188579082489,0.012385783717036247,0.11129143834114075
2347,1.8289079666137695,1e-07,1.258139,1.8239517,1.3505375,0.017340177670121193,0.09097452461719513,0.012383934110403061,0.11128312349319458
2348,1.8288828134536743,1e-07,1.2581307,1.8239266,1.3505282,0.017338290810585022,0.09096711874008179,0.01238204725086689,0.11127464473247528
2349,1.8288583755493164,1e-07,1.2581226,1.8239021,1.3505192,0.01733643375337124,0.09095974266529083,0.012380189262330532,0.11126630008220673
2350,1.8288331031799316,1e-07,1.2581143,1.8238769,1.3505099,0.01733453944325447,0.09095226228237152,0.012378295883536339,0.11125779151916504
2351,1.8288073539733887,1e-07,1.2581059,1.8238511,1.3505003,0.017332667484879494,0.0909450352191925,0.012376423925161362,0.11124937981367111
2352,1.8287826776504517,1e-07,1.2580975,1.8238264,1.3504912,0.017330819740891457,0.09093764424324036,0.012374576181173325,0.11124107241630554
2353,1.8287581205368042,1e-07,1.2580895,1.8238019,1.3504821,0.017328979447484016,0.09093034267425537,0.012372735887765884,0.11123280227184296
2354,1.8287328481674194,1e-07,1.2580811,1.8237766,1.3504727,0.017327113077044487,0.09092304110527039,0.012370869517326355,0.11122441291809082
2355,1.8287075757980347,1e-07,1.2580729,1.8237513,1.3504634,0.017325231805443764,0.09091557562351227,0.012368988245725632,0.11121595650911331
2356,1.8286820650100708,1e-07,1.2580643,1.8237258,1.350454,0.017323337495326996,0.09090808033943176,0.012367094866931438,0.11120744049549103
2357,1.8286582231521606,1e-07,1.2580565,1.823702,1.3504452,0.01732153445482254,0.09090088307857513,0.012365290895104408,0.11119932681322098
2358,1.8286324739456177,1e-07,1.258048,1.8236762,1.3504356,0.01731959730386734,0.09089341759681702,0.012363354675471783,0.11119062453508377
2359,1.8286070823669434,1e-07,1.2580396,1.8236508,1.3504262,0.0173177532851696,0.09088604152202606,0.01236150972545147,0.1111823245882988
2360,1.828581690788269,1e-07,1.258031,1.8236254,1.3504168,0.017315905541181564,0.09087872505187988,0.012359662912786007,0.11117401719093323
2361,1.8285568952560425,1e-07,1.258023,1.8236006,1.3504076,0.017314067110419273,0.09087151288986206,0.012357823550701141,0.11116574704647064
2362,1.828531265258789,1e-07,1.2580144,1.823575,1.3503981,0.01731220632791519,0.09086412191390991,0.01235596276819706,0.1111573800444603
2363,1.8285068273544312,1e-07,1.2580063,1.8235506,1.350389,0.01731032133102417,0.09085668623447418,0.012354077771306038,0.111148901283741
2364,1.8284813165664673,1e-07,1.257998,1.8235251,1.3503796,0.017308464273810387,0.09084932506084442,0.012352220714092255,0.11114054173231125
2365,1.828457236289978,1e-07,1.25799,1.823501,1.3503706,0.017306584864854813,0.09084184467792511,0.01235034130513668,0.11113209277391434
2366,1.828431248664856,1e-07,1.2579813,1.823475,1.3503611,0.017304718494415283,0.09083445370197296,0.012348474934697151,0.11112368851900101
2367,1.8284066915512085,1e-07,1.2579733,1.8234504,1.3503519,0.017302876338362694,0.09082719683647156,0.012346632778644562,0.11111540347337723
2368,1.8283809423446655,1e-07,1.2579647,1.8234247,1.3503424,0.017301058396697044,0.09081992506980896,0.012344814836978912,0.1111072227358818
2369,1.828356146812439,1e-07,1.2579565,1.8233999,1.3503332,0.017299115657806396,0.09081237018108368,0.012342873960733414,0.11109849065542221
2370,1.8283309936523438,1e-07,1.2579483,1.8233747,1.3503239,0.017297301441431046,0.09080512821674347,0.012341057881712914,0.11109031736850739
2371,1.8283060789108276,1e-07,1.2579399,1.8233498,1.3503147,0.01729542575776577,0.09079769253730774,0.012339183129370213,0.11108187586069107
2372,1.8282803297042847,1e-07,1.2579314,1.8233241,1.3503052,0.017293564975261688,0.09079034626483917,0.01233732234686613,0.11107350140810013
2373,1.828255295753479,1e-07,1.2579232,1.823299,1.3502959,0.0172917228192091,0.0907830148935318,0.012335482984781265,0.11106521636247635
2374,1.8282312154769897,1e-07,1.2579151,1.823275,1.350287,0.01728982664644718,0.09077556431293488,0.012333586812019348,0.11105668544769287
2375,1.8282054662704468,1e-07,1.2579068,1.8232492,1.3502774,0.01728794164955616,0.09076803922653198,0.012331700883805752,0.11104819178581238
2376,1.828179955482483,1e-07,1.2578982,1.8232237,1.350268,0.017286134883761406,0.09076099097728729,0.012329895049333572,0.11104006320238113
2377,1.828155517578125,1e-07,1.2578902,1.8231993,1.350259,0.017284242436289787,0.09075354039669037,0.012328002601861954,0.11103153973817825
2378,1.8281307220458984,1e-07,1.257882,1.8231745,1.3502498,0.017282430082559586,0.09074625372886658,0.012326190248131752,0.11102337390184402
2379,1.828104853630066,1e-07,1.2578734,1.8231486,1.3502402,0.01728053390979767,0.09073881804943085,0.012324294075369835,0.11101483553647995
2380,1.8280802965164185,1e-07,1.2578653,1.823124,1.350231,0.01727866567671299,0.09073135256767273,0.012322425842285156,0.11100642383098602
2381,1.8280550241470337,1e-07,1.257857,1.8230988,1.3502218,0.017276810482144356,0.09072397649288177,0.012320570647716522,0.11099806427955627
2382,1.828029751777649,1e-07,1.2578486,1.8230735,1.3502123,0.017274940386414528,0.0907166451215744,0.01231869962066412,0.11098963767290115
2383,1.8280048370361328,1e-07,1.2578403,1.8230486,1.3502032,0.017273083329200745,0.09070916473865509,0.012316843494772911,0.1109812781214714
2384,1.8279801607131958,1e-07,1.2578322,1.8230239,1.350194,0.017271267250180244,0.09070196747779846,0.012315027415752411,0.11097308993339539
2385,1.827954649925232,1e-07,1.2578237,1.8229984,1.3501846,0.01726936176419258,0.09069441258907318,0.012313121929764748,0.11096450686454773
2386,1.8279298543930054,1e-07,1.2578155,1.8229736,1.3501754,0.017267540097236633,0.09068727493286133,0.0123113002628088,0.11095629632472992
2387,1.8279047012329102,1e-07,1.2578071,1.8229485,1.3501661,0.01726568304002285,0.0906798243522644,0.012309444136917591,0.11094793677330017
2388,1.827879786491394,1e-07,1.2577989,1.8229235,1.3501569,0.017263825982809067,0.09067259728908539,0.012307586148381233,0.11093956232070923
2389,1.8278541564941406,1e-07,1.2577904,1.8228979,1.3501474,0.017262008041143417,0.09066526591777802,0.012305768206715584,0.11093136668205261
2390,1.8278290033340454,1e-07,1.2577821,1.8228728,1.3501381,0.017260119318962097,0.09065783023834229,0.012303879484534264,0.11092285066843033
2391,1.8278039693832397,1e-07,1.2577739,1.8228477,1.3501288,0.017258232459425926,0.09065024554729462,0.012301992624998093,0.11091434955596924
2392,1.8277788162231445,1e-07,1.2577657,1.8228226,1.3501195,0.017256369814276695,0.09064289927482605,0.012300130911171436,0.1109059527516365
2393,1.8277536630630493,1e-07,1.2577573,1.8227974,1.3501102,0.01725454442203045,0.09063568711280823,0.01229830551892519,0.1108977273106575
2394,1.8277286291122437,1e-07,1.257749,1.8227724,1.3501009,0.01725267432630062,0.09062813222408295,0.012296435423195362,0.11088929325342178
2395,1.8277034759521484,1e-07,1.2577406,1.8227472,1.3500916,0.01725083775818348,0.09062084555625916,0.012294597923755646,0.110881008207798
2396,1.8276786804199219,1e-07,1.2577324,1.8227224,1.3500824,0.017248990014195442,0.09061354398727417,0.012292750179767609,0.11087267845869064
2397,1.8276532888412476,1e-07,1.2577239,1.822697,1.350073,0.01724713295698166,0.09060618281364441,0.012290893122553825,0.1108643040060997
2398,1.8276281356811523,1e-07,1.2577157,1.8226719,1.3500637,0.01724528707563877,0.09059879183769226,0.012289048172533512,0.11085598170757294
2399,1.8276036977767944,1e-07,1.2577076,1.8226475,1.3500546,0.017243435606360435,0.09059154987335205,0.012287197634577751,0.11084762960672379
2400,1.827578067779541,1e-07,1.2576991,1.8226218,1.3500451,0.017241591587662697,0.09058414399623871,0.012285353615880013,0.11083931475877762
2401,1.827553153038025,1e-07,1.2576908,1.8225969,1.3500359,0.017239712178707123,0.09057672321796417,0.012283474206924438,0.11083083599805832
2402,1.8275285959243774,1e-07,1.2576828,1.8225724,1.3500268,0.017237892374396324,0.09056946635246277,0.012281655333936214,0.1108226329088211
2403,1.8275026082992554,1e-07,1.2576741,1.8225464,1.3500172,0.017236024141311646,0.09056198596954346,0.012279785238206387,0.11081419140100479
2404,1.827478051185608,1e-07,1.2576661,1.8225218,1.3500081,0.01723417267203331,0.09055469930171967,0.0122779356315732,0.11080584675073624
2405,1.827452301979065,1e-07,1.2576575,1.822496,1.3499986,0.01723230816423893,0.09054721891880035,0.012276070192456245,0.11079742759466171
2406,1.827427864074707,1e-07,1.2576494,1.8224716,1.3499895,0.017230430617928505,0.09053979814052582,0.01227419264614582,0.11078895628452301
2407,1.8274027109146118,1e-07,1.2576411,1.8224465,1.3499801,0.01722859777510166,0.09053242206573486,0.012272359803318977,0.11078068614006042
2408,1.8273776769638062,1e-07,1.2576329,1.8224214,1.3499709,0.01722676120698452,0.09052519500255585,0.012270521372556686,0.11077238619327545
2409,1.8273520469665527,1e-07,1.2576244,1.8223958,1.3499614,0.017224906012415886,0.09051781892776489,0.012268668040633202,0.1107640191912651
2410,1.8273273706436157,1e-07,1.2576162,1.8223711,1.3499522,0.017223071306943893,0.09051048755645752,0.012266832403838634,0.11075573414564133
2411,1.8273024559020996,1e-07,1.2576079,1.8223462,1.349943,0.017221199348568916,0.09050299227237701,0.012264961376786232,0.11074728518724442
2412,1.8272770643234253,1e-07,1.2575995,1.8223208,1.3499336,0.017219310626387596,0.0904955118894577,0.012263072654604912,0.11073876172304153
2413,1.8272523880004883,1e-07,1.2575914,1.8222961,1.3499244,0.017217479646205902,0.0904882550239563,0.012261241674423218,0.11073049157857895
2414,1.8272279500961304,1e-07,1.2575833,1.8222717,1.3499154,0.017215628176927567,0.09048084914684296,0.012259391136467457,0.1107221320271492
2415,1.8272018432617188,1e-07,1.2575747,1.8222456,1.3499057,0.017213860526680946,0.0904737114906311,0.012257621623575687,0.1107141450047493
2416,1.8271774053573608,1e-07,1.2575666,1.8222212,1.3498967,0.01721198670566082,0.09046633541584015,0.012255747802555561,0.11070568114519119
2417,1.827151894569397,1e-07,1.257558,1.8221956,1.3498873,0.017210107296705246,0.09045879542827606,0.012253872118890285,0.11069720983505249
2418,1.8271268606185913,1e-07,1.2575498,1.8221706,1.349878,0.017208274453878403,0.09045149385929108,0.012252038344740868,0.11068892478942871
2419,1.8271020650863647,1e-07,1.2575417,1.8221458,1.3498688,0.017206387594342232,0.09044405817985535,0.012250151485204697,0.11068040132522583
2420,1.8270764350891113,1e-07,1.2575331,1.8221202,1.3498594,0.01720457896590233,0.09043681621551514,0.012248342856764793,0.110672228038311
2421,1.8270511627197266,1e-07,1.2575248,1.8220949,1.3498499,0.0172027125954628,0.09042936563491821,0.012246476486325264,0.11066380143165588
2422,1.8270267248153687,1e-07,1.2575165,1.8220705,1.3498409,0.017200853675603867,0.0904219001531601,0.012244617566466331,0.11065539717674255
2423,1.8270014524459839,1e-07,1.2575083,1.8220452,1.3498316,0.017199013382196426,0.09041455388069153,0.012242777273058891,0.11064708232879639
2424,1.8269761800765991,1e-07,1.2574998,1.8220199,1.3498222,0.01719718612730503,0.09040720760822296,0.01224095094949007,0.11063883453607559
2425,1.8269516229629517,1e-07,1.2574918,1.8219954,1.3498131,0.017195317894220352,0.09039981663227081,0.012239081785082817,0.11063038557767868
2426,1.8269253969192505,1e-07,1.2574831,1.8219692,1.3498033,0.01719347946345806,0.09039247035980225,0.012237243354320526,0.11062207072973251
2427,1.8269014358520508,1e-07,1.2574753,1.8219452,1.3497945,0.017191613093018532,0.09038512408733368,0.012235377915203571,0.11061364412307739
2428,1.8268756866455078,1e-07,1.2574667,1.8219194,1.349785,0.01718979701399803,0.09037774801254272,0.012233561836183071,0.11060543358325958
2429,1.82685124874115,1e-07,1.2574586,1.821895,1.3497759,0.0171879343688488,0.09037035703659058,0.012231698259711266,0.11059700697660446
2430,1.826825737953186,1e-07,1.2574502,1.8218695,1.3497665,0.017186136916279793,0.09036320447921753,0.012229901738464832,0.11058888584375381
2431,1.8268009424209595,1e-07,1.2574419,1.8218447,1.3497573,0.01718422956764698,0.09035556018352509,0.01222799438983202,0.11058026552200317
2432,1.8267760276794434,1e-07,1.2574337,1.8218198,1.349748,0.017182432115077972,0.09034834802150726,0.012226197868585587,0.11057213693857193
2433,1.82675039768219,1e-07,1.2574252,1.8217942,1.3497386,0.017180556431412697,0.09034089744091034,0.012224322184920311,0.11056365817785263
2434,1.8267256021499634,1e-07,1.257417,1.8217694,1.3497294,0.017178714275360107,0.09033350646495819,0.012222480028867722,0.11055532842874527
2435,1.8266998529434204,1e-07,1.2574085,1.8217436,1.3497199,0.017176896333694458,0.09032626450061798,0.012220662087202072,0.11054710298776627
2436,1.826675534248352,1e-07,1.2574004,1.8217193,1.3497108,0.017175043001770973,0.09031885862350464,0.012218807823956013,0.11053871363401413
2437,1.8266507387161255,1e-07,1.2573922,1.8216945,1.3497016,0.017173197120428085,0.09031142294406891,0.0122169628739357,0.11053036898374557
2438,1.8266252279281616,1e-07,1.2573837,1.821669,1.3496922,0.017171340063214302,0.09030403196811676,0.012215105816721916,0.11052197217941284
2439,1.8266006708145142,1e-07,1.2573756,1.8216444,1.349683,0.017169512808322906,0.09029671549797058,0.01221327856183052,0.11051370203495026
2440,1.8265753984451294,1e-07,1.2573673,1.8216192,1.3496737,0.017167678102850914,0.09028936922550201,0.012211443856358528,0.11050540208816528
2441,1.8265494108200073,1e-07,1.2573587,1.8215932,1.3496641,0.01716582477092743,0.09028200805187225,0.012209590524435043,0.11049701273441315
2442,1.8265256881713867,1e-07,1.2573508,1.8215694,1.3496553,0.01716403104364872,0.09027470648288727,0.012207796797156334,0.1104888990521431
2443,1.8264999389648438,1e-07,1.2573423,1.8215437,1.3496457,0.017162133008241653,0.09026718139648438,0.012205898761749268,0.11048030853271484
2444,1.8264745473861694,1e-07,1.2573339,1.8215183,1.3496363,0.017160292714834213,0.090259850025177,0.012204058468341827,0.11047197878360748
2445,1.826450228691101,1e-07,1.2573258,1.821494,1.3496274,0.01715843379497528,0.0902523547410965,0.012202199548482895,0.11046356707811356
2446,1.8264247179031372,1e-07,1.2573174,1.8214685,1.349618,0.017156604677438736,0.09024499356746674,0.01220037043094635,0.11045528948307037
2447,1.8263994455337524,1e-07,1.2573091,1.8214432,1.3496085,0.01715477928519249,0.09023775160312653,0.012198543176054955,0.11044701188802719
2448,1.8263744115829468,1e-07,1.2573007,1.8214182,1.3495992,0.017152929678559303,0.09023039042949677,0.012196695432066917,0.11043865233659744
2449,1.826348900794983,1e-07,1.2572923,1.8213927,1.3495898,0.017151130363345146,0.09022314846515656,0.01219489611685276,0.11043050140142441
2450,1.8263238668441772,1e-07,1.257284,1.8213676,1.3495805,0.01714925840497017,0.09021560847759247,0.012193023227155209,0.11042202264070511
2451,1.8262990713119507,1e-07,1.2572758,1.8213428,1.3495713,0.01714744046330452,0.09020833671092987,0.012191206216812134,0.1104137971997261
2452,1.8262735605239868,1e-07,1.2572674,1.8213173,1.3495619,0.01714562252163887,0.09020105004310608,0.012189389206469059,0.1104055643081665
2453,1.8262486457824707,1e-07,1.2572592,1.8212924,1.3495526,0.01714375801384449,0.09019356966018677,0.012187524698674679,0.11039712280035019
2454,1.8262237310409546,1e-07,1.2572508,1.8212675,1.3495435,0.0171419158577919,0.09018619358539581,0.01218568254262209,0.11038877815008163
2455,1.8261991739273071,1e-07,1.2572428,1.8212429,1.3495344,0.017140105366706848,0.09017884731292725,0.012183871120214462,0.11038057506084442
2456,1.8261737823486328,1e-07,1.2572342,1.8212175,1.349525,0.017138201743364334,0.09017138183116913,0.012181967496871948,0.11037194728851318
2457,1.8261483907699585,1e-07,1.2572259,1.8211921,1.3495156,0.017136411741375923,0.09016415476799011,0.012180177494883537,0.11036384105682373
2458,1.8261232376098633,1e-07,1.2572175,1.821167,1.3495063,0.017134560272097588,0.0901566594839096,0.012178326956927776,0.11035545915365219
2459,1.826098084449768,1e-07,1.2572093,1.8211418,1.3494968,0.01713271252810955,0.09014928340911865,0.01217647921293974,0.11034708470106125
2460,1.8260735273361206,1e-07,1.2572011,1.8211173,1.3494878,0.017130892723798752,0.09014199674129486,0.012174658477306366,0.11033883690834045
2461,1.8260478973388672,1e-07,1.2571927,1.8210917,1.3494782,0.017129050567746162,0.09013459086418152,0.012172818183898926,0.1103304922580719
2462,1.826022982597351,1e-07,1.2571844,1.8210667,1.3494691,0.017127225175499916,0.09012718498706818,0.01217099279165268,0.11032222211360931
2463,1.8259977102279663,1e-07,1.2571759,1.8210415,1.3494596,0.017125360667705536,0.09011979401111603,0.01216912642121315,0.1103137657046318
2464,1.8259721994400024,1e-07,1.2571677,1.821016,1.3494502,0.01712351106107235,0.09011238813400269,0.012167278677225113,0.11030539125204086
2465,1.825947880744934,1e-07,1.2571596,1.8209916,1.3494413,0.017121704295277596,0.09010504186153412,0.012165473774075508,0.11029720306396484
2466,1.8259220123291016,1e-07,1.257151,1.8209658,1.3494316,0.017119847238063812,0.09009774029254913,0.01216361578553915,0.11028878390789032
2467,1.8258967399597168,1e-07,1.2571427,1.8209405,1.3494223,0.017118055373430252,0.09009039402008057,0.012161822989583015,0.11028065532445908
2468,1.8258718252182007,1e-07,1.2571343,1.8209156,1.349413,0.017116190865635872,0.09008295834064484,0.012159960344433784,0.11027221381664276
2469,1.8258471488952637,1e-07,1.2571262,1.8208909,1.3494039,0.01711437851190567,0.09007564187049866,0.012158147990703583,0.11026399582624435
2470,1.825821876525879,1e-07,1.2571179,1.8208656,1.3493946,0.017112543806433678,0.09006832540035248,0.01215631328523159,0.11025567352771759
2471,1.825797438621521,1e-07,1.2571098,1.8208412,1.3493855,0.01711066998541355,0.0900607705116272,0.01215443853288889,0.1102471724152565
2472,1.8257722854614258,1e-07,1.2571014,1.820816,1.3493762,0.017108874395489693,0.09005357325077057,0.01215264294296503,0.11023902893066406
2473,1.8257468938827515,1e-07,1.2570931,1.8207906,1.3493668,0.017107028514146805,0.09004613757133484,0.012150797992944717,0.11023065447807312
2474,1.8257216215133667,1e-07,1.2570846,1.8207654,1.3493574,0.017105193808674812,0.09003874659538269,0.012148963287472725,0.11022233217954636
2475,1.8256969451904297,1e-07,1.2570764,1.8207407,1.3493483,0.01710335910320282,0.09003137052059174,0.012147128582000732,0.11021400988101959
2476,1.8256713151931763,1e-07,1.2570679,1.8207151,1.3493388,0.017101561650633812,0.09002414345741272,0.012145331129431725,0.11020585894584656
2477,1.8256473541259766,1e-07,1.25706,1.8206911,1.3493298,0.017099697142839432,0.09001663327217102,0.012143466621637344,0.11019739508628845
2478,1.8256216049194336,1e-07,1.2570516,1.8206654,1.3493203,0.01709788106381893,0.09000931680202484,0.012141650542616844,0.11018915474414825
2479,1.825596809387207,1e-07,1.2570432,1.8206406,1.3493111,0.017096051946282387,0.0900019109249115,0.0121398214250803,0.11018085479736328
2480,1.8255714178085327,1e-07,1.2570349,1.8206152,1.3493017,0.017094209790229797,0.08999453485012054,0.01213797926902771,0.11017249524593353
2481,1.8255462646484375,1e-07,1.2570267,1.82059,1.3492924,0.017092380672693253,0.08998717367649078,0.01213615108281374,0.11016420274972916
2482,1.8255211114883423,1e-07,1.2570182,1.8205649,1.3492831,0.01709057204425335,0.08997982740402222,0.012134340591728687,0.11015598475933075
2483,1.8254965543746948,1e-07,1.2570101,1.8205403,1.349274,0.017088765278458595,0.08997251093387604,0.012132534757256508,0.11014778912067413
2484,1.8254709243774414,1e-07,1.2570018,1.8205147,1.3492645,0.017086876556277275,0.08996503055095673,0.012130645103752613,0.11013920605182648
2485,1.8254464864730835,1e-07,1.2569934,1.8204902,1.3492554,0.01708509400486946,0.08995780348777771,0.012128863483667374,0.11013112217187881
2486,1.8254214525222778,1e-07,1.2569853,1.8204652,1.3492461,0.017083246260881424,0.08995035290718079,0.012127015739679337,0.11012273281812668
2487,1.825395941734314,1e-07,1.2569767,1.8204397,1.3492367,0.017081404104828835,0.08994299173355103,0.012125173583626747,0.11011436581611633
2488,1.8253713846206665,1e-07,1.2569686,1.8204151,1.3492277,0.017079591751098633,0.08993564546108246,0.012123361229896545,0.11010613292455673
2489,1.8253459930419922,1e-07,1.2569603,1.8203897,1.3492182,0.017077725380659103,0.08992817997932434,0.012121494859457016,0.11009766161441803
2490,1.8253206014633179,1e-07,1.2569518,1.8203644,1.3492088,0.017075931653380394,0.08992084860801697,0.012119702994823456,0.11008952558040619
2491,1.8252960443496704,1e-07,1.2569437,1.8203398,1.3491997,0.017074082046747208,0.0899135023355484,0.01211785338819027,0.11008112132549286
2492,1.825270652770996,1e-07,1.2569354,1.8203144,1.3491902,0.01707228645682335,0.0899062305688858,0.01211605779826641,0.11007296293973923
2493,1.8252454996109009,1e-07,1.2569271,1.8202893,1.3491809,0.01707044057548046,0.08989870548248291,0.012114210985600948,0.11006457358598709
2494,1.8252209424972534,1e-07,1.2569188,1.8202647,1.3491719,0.01706862263381481,0.08989135921001434,0.012112393975257874,0.1100563183426857
2495,1.8251949548721313,1e-07,1.2569102,1.8202387,1.3491622,0.017066817730665207,0.08988410234451294,0.012110589072108269,0.11004812270402908
2496,1.8251705169677734,1e-07,1.2569021,1.8202143,1.3491532,0.01706496812403202,0.08987665176391602,0.012108738534152508,0.11003971099853516
2497,1.82514488697052,1e-07,1.2568938,1.8201886,1.3491436,0.017063120380043983,0.0898691862821579,0.012106891721487045,0.11003132164478302
2498,1.8251198530197144,1e-07,1.2568854,1.8201636,1.3491344,0.017061324790120125,0.08986194431781769,0.012105094268918037,0.11002315580844879
2499,1.8250946998596191,1e-07,1.2568771,1.8201385,1.349125,0.017059465870261192,0.08985443413257599,0.012103237211704254,0.11001471430063248
2500,1.8250700235366821,1e-07,1.2568688,1.8201138,1.349116,0.017057644203305244,0.08984711766242981,0.012101415544748306,0.1100064367055893
2501,1.8250447511672974,1e-07,1.2568604,1.8200885,1.3491066,0.017055852338671684,0.0898398756980896,0.012099622748792171,0.10999828577041626
2502,1.82502019405365,1e-07,1.2568523,1.820064,1.3490975,0.0170539990067482,0.0898323804140091,0.012097770348191261,0.10998986661434174
2503,1.8249949216842651,1e-07,1.2568439,1.8200387,1.3490881,0.01705220341682434,0.08982507884502411,0.012095974758267403,0.10998170077800751
2504,1.8249706029891968,1e-07,1.2568358,1.8200144,1.3490791,0.017050372436642647,0.08981768786907196,0.012094143778085709,0.10997337847948074
2505,1.824945092201233,1e-07,1.2568274,1.8199888,1.3490696,0.01704852096736431,0.08981028199195862,0.012092293240129948,0.10996496677398682
2506,1.82491934299469,1e-07,1.2568189,1.8199631,1.34906,0.017046703025698662,0.08980292081832886,0.012090474367141724,0.10995669662952423
2507,1.8248945474624634,1e-07,1.2568108,1.8199383,1.3490509,0.01704491302371025,0.08979557454586029,0.012088684365153313,0.1099485531449318
2508,1.8248692750930786,1e-07,1.2568024,1.819913,1.3490416,0.017043055966496468,0.08978819847106934,0.01208682730793953,0.10994010418653488
2509,1.8248449563980103,1e-07,1.2567942,1.8198887,1.3490325,0.017041238024830818,0.08978082239627838,0.01208501122891903,0.10993184894323349
2510,1.8248199224472046,1e-07,1.256786,1.8198637,1.3490232,0.017039397731423378,0.08977343142032623,0.012083170935511589,0.10992347449064255
2511,1.8247944116592407,1e-07,1.2567775,1.8198382,1.3490138,0.017037594690918922,0.08976605534553528,0.012081367895007133,0.10991527885198593
2512,1.824769377708435,1e-07,1.2567692,1.8198131,1.3490045,0.017035767436027527,0.08975864946842194,0.012079541571438313,0.10990697145462036
2513,1.8247442245483398,1e-07,1.256761,1.819788,1.3489952,0.017033951357007027,0.08975127339363098,0.012077724561095238,0.10989870131015778
2514,1.8247184753417969,1e-07,1.2567524,1.8197622,1.3489857,0.017032094299793243,0.08974382281303406,0.012075867503881454,0.10989025235176086
2515,1.824694275856018,1e-07,1.2567444,1.819738,1.3489766,0.017030347138643265,0.0897367000579834,0.012074119411408901,0.10988229513168335
2516,1.824668526649475,1e-07,1.2567359,1.8197123,1.3489671,0.017028439790010452,0.08972899615764618,0.012072212994098663,0.10987362265586853
2517,1.8246434926986694,1e-07,1.2567276,1.8196872,1.3489579,0.017026647925376892,0.08972173929214478,0.012070421129465103,0.1098654717206955
2518,1.824618935585022,1e-07,1.2567195,1.8196627,1.3489487,0.017024822533130646,0.08971437811851501,0.012068594805896282,0.10985715687274933
2519,1.824593424797058,1e-07,1.256711,1.8196372,1.3489393,0.017023006454110146,0.08970703184604645,0.012066779658198357,0.10984889417886734
2520,1.824568748474121,1e-07,1.2567028,1.8196125,1.3489301,0.01702117919921875,0.08969959616661072,0.01206495426595211,0.10984058678150177
2521,1.8245439529418945,1e-07,1.2566947,1.8195877,1.348921,0.017019372433423996,0.08969229459762573,0.012063145637512207,0.10983235388994217
2522,1.8245177268981934,1e-07,1.256686,1.8195615,1.3489112,0.017017532140016556,0.08968482911586761,0.012061307206749916,0.10982397943735123
2523,1.824493408203125,1e-07,1.2566777,1.8195372,1.3489022,0.017015740275382996,0.0896776020526886,0.012059513479471207,0.109815813601017
2524,1.8244682550430298,1e-07,1.2566695,1.819512,1.3488929,0.01701389253139496,0.08967004716396332,0.012057667598128319,0.10980740934610367
2525,1.8244432210922241,1e-07,1.2566613,1.819487,1.3488836,0.017012078315019608,0.08966273069381714,0.012055853381752968,0.10979914665222168
2526,1.824418067932129,1e-07,1.256653,1.8194618,1.3488743,0.01701030135154724,0.08965548872947693,0.012054074555635452,0.10979104787111282
2527,1.8243932723999023,1e-07,1.2566446,1.819437,1.348865,0.0170084610581398,0.0896480530500412,0.012052234262228012,0.10978266596794128
2528,1.8243681192398071,1e-07,1.2566363,1.8194119,1.3488557,0.017006639391183853,0.08964064717292786,0.012050414457917213,0.1097743809223175
2529,1.8243427276611328,1e-07,1.2566279,1.8193865,1.3488463,0.017004813998937607,0.08963325619697571,0.012048587203025818,0.10976605862379074
2530,1.8243175745010376,1e-07,1.2566196,1.8193613,1.348837,0.017002996057271957,0.08962592482566833,0.012046771124005318,0.10975778102874756
2531,1.8242930173873901,1e-07,1.2566115,1.8193368,1.348828,0.017001191154122353,0.08961859345436096,0.012044966220855713,0.10974956303834915
2532,1.824267864227295,1e-07,1.2566031,1.8193116,1.3488187,0.01699935272336006,0.08961114287376404,0.012043126858770847,0.10974118113517761
2533,1.8242429494857788,1e-07,1.2565948,1.8192867,1.3488094,0.016997551545500755,0.08960375189781189,0.012041326612234116,0.1097329780459404
2534,1.8242172002792358,1e-07,1.2565863,1.819261,1.3487998,0.016995714977383614,0.08959637582302094,0.0120394891127944,0.10972460359334946
2535,1.824191927909851,1e-07,1.256578,1.8192357,1.3487904,0.016993923112750053,0.08958898484706879,0.012037698179483414,0.10971644520759583
2536,1.8241676092147827,1e-07,1.25657,1.8192114,1.3487815,0.016992112621665,0.08958172798156738,0.012035888619720936,0.10970819741487503
2537,1.8241420984268188,1e-07,1.2565614,1.8191859,1.3487719,0.016990279778838158,0.08957433700561523,0.012034055776894093,0.10969984531402588
2538,1.8241173028945923,1e-07,1.2565533,1.819161,1.3487628,0.016988476738333702,0.08956699073314667,0.012032251805067062,0.10969161987304688
2539,1.8240920305252075,1e-07,1.256545,1.8191358,1.3487535,0.01698663830757141,0.08955943584442139,0.012030414305627346,0.10968324542045593
2540,1.8240667581558228,1e-07,1.2565365,1.8191105,1.348744,0.016984807327389717,0.08955205976963043,0.012028583325445652,0.10967490077018738
2541,1.8240423202514648,1e-07,1.2565284,1.8190861,1.348735,0.016983041539788246,0.08954489231109619,0.012026816606521606,0.1096668466925621
2542,1.8240164518356323,1e-07,1.2565198,1.8190602,1.3487254,0.0169812124222517,0.08953738212585449,0.012024988420307636,0.10965850949287415
2543,1.8239916563034058,1e-07,1.2565116,1.8190354,1.3487163,0.01697937771677971,0.08952999114990234,0.01202315278351307,0.1096501350402832
2544,1.8239666223526,1e-07,1.2565033,1.8190104,1.348707,0.016977569088339806,0.08952254056930542,0.012021344155073166,0.10964188724756241
2545,1.8239415884017944,1e-07,1.256495,1.8189853,1.3486977,0.016975756734609604,0.08951516449451447,0.012019531801342964,0.10963362455368042
2546,1.8239167928695679,1e-07,1.2564869,1.8189605,1.3486885,0.01697397604584694,0.08950801193714142,0.012017752043902874,0.10962551087141037
2547,1.823891520500183,1e-07,1.2564784,1.8189353,1.3486791,0.016972152516245842,0.0895005315542221,0.012015927582979202,0.1096171885728836
2548,1.823866367340088,1e-07,1.2564701,1.8189101,1.3486698,0.01697031781077385,0.08949311077594757,0.01201409287750721,0.10960881412029266
2549,1.8238414525985718,1e-07,1.2564619,1.8188852,1.3486605,0.01696852408349514,0.089485764503479,0.012012300081551075,0.10960064083337784
2550,1.8238166570663452,1e-07,1.2564536,1.8188604,1.3486513,0.016966691240668297,0.08947829902172089,0.012010466307401657,0.10959227383136749
2551,1.8237918615341187,1e-07,1.2564454,1.8188356,1.3486421,0.01696488820016384,0.0894709974527359,0.012008663266897202,0.10958404839038849
2552,1.823765754699707,1e-07,1.2564368,1.8188095,1.3486325,0.01696307770907879,0.08946362137794495,0.012006852775812149,0.1095757856965065
2553,1.823740839958191,1e-07,1.2564285,1.8187846,1.3486233,0.01696128398180008,0.08945633471012115,0.01200505904853344,0.10956759750843048
2554,1.8237160444259644,1e-07,1.2564203,1.8187598,1.348614,0.016959473490715027,0.0894489586353302,0.012003250420093536,0.10955934971570969
2555,1.8236912488937378,1e-07,1.2564121,1.818735,1.3486048,0.016957653686404228,0.08944156765937805,0.012001432478427887,0.10955104976892471
2556,1.8236654996871948,1e-07,1.2564036,1.8187094,1.3485954,0.01695580594241619,0.08943408727645874,0.01199958473443985,0.109542615711689
2557,1.8236407041549683,1e-07,1.2563955,1.8186846,1.3485861,0.016953999176621437,0.08942669630050659,0.011997777968645096,0.1095343679189682
2558,1.823615550994873,1e-07,1.2563871,1.8186594,1.3485768,0.01695220358669758,0.08941936492919922,0.011995982378721237,0.10952617228031158
2559,1.8235905170440674,1e-07,1.2563788,1.8186344,1.3485675,0.01695038378238678,0.08941194415092468,0.011994162574410439,0.10951786488294601
2560,1.8235653638839722,1e-07,1.2563704,1.8186092,1.3485582,0.016948584467172623,0.08940459787845612,0.011992363259196281,0.10950964689254761
2561,1.823540210723877,1e-07,1.2563621,1.8185841,1.3485489,0.016946759074926376,0.089397132396698,0.01199053693562746,0.10950130969285965
2562,1.823515772819519,1e-07,1.256354,1.8185596,1.3485398,0.016944969072937965,0.0893898606300354,0.011988747864961624,0.10949314385652542
2563,1.8234905004501343,1e-07,1.2563456,1.8185344,1.3485304,0.016943151131272316,0.08938245475292206,0.011986928060650826,0.10948482900857925
2564,1.8234657049179077,1e-07,1.2563373,1.8185095,1.3485212,0.0169413723051548,0.08937516808509827,0.01198515109717846,0.1094767153263092
2565,1.823439598083496,1e-07,1.2563287,1.8184835,1.3485116,0.0169395562261343,0.0893678069114685,0.011983335018157959,0.10946842283010483
2566,1.8234148025512695,1e-07,1.2563205,1.8184587,1.3485024,0.01693776249885559,0.08936038613319397,0.011981540359556675,0.10946021974086761
2567,1.8233895301818848,1e-07,1.2563121,1.8184334,1.348493,0.016935911029577255,0.08935284614562988,0.011979689821600914,0.1094517707824707
2568,1.8233647346496582,1e-07,1.2563039,1.8184086,1.3484838,0.01693408377468586,0.08934544026851654,0.011977862566709518,0.10944341868162155
2569,1.8233393430709839,1e-07,1.2562956,1.8183832,1.3484744,0.01693231798708439,0.0893382579088211,0.011976096779108047,0.10943535715341568
2570,1.8233141899108887,1e-07,1.2562872,1.8183581,1.3484651,0.016930483281612396,0.0893307477235794,0.01197426300495863,0.10942697525024414
2571,1.823289155960083,1e-07,1.2562789,1.818333,1.3484558,0.01692867837846279,0.08932338654994965,0.011972456239163876,0.10941872000694275
2572,1.8232643604278564,1e-07,1.2562708,1.8183082,1.3484466,0.016926877200603485,0.08931602537631989,0.011970655992627144,0.10941049456596375
2573,1.8232401609420776,1e-07,1.2562627,1.818284,1.3484377,0.01692509651184082,0.0893087238073349,0.011968875303864479,0.1094023585319519
2574,1.8232144117355347,1e-07,1.2562541,1.8182583,1.3484281,0.01692330278456211,0.08930137753486633,0.01196708157658577,0.10939415544271469
2575,1.8231899738311768,1e-07,1.256246,1.8182338,1.3484191,0.016921475529670715,0.08929398655891418,0.011965255253016949,0.10938581079244614
2576,1.8231648206710815,1e-07,1.2562376,1.8182087,1.3484097,0.01691966876387596,0.08928653597831726,0.01196344755589962,0.10937754809856415
2577,1.8231396675109863,1e-07,1.2562293,1.8181835,1.3484004,0.01691785641014576,0.08927913010120392,0.011961635202169418,0.10936926305294037
2578,1.8231143951416016,1e-07,1.2562209,1.8181583,1.3483909,0.01691608503460884,0.0892719030380249,0.0119598638266325,0.10936116427183151
2579,1.8230891227722168,1e-07,1.2562126,1.818133,1.3483816,0.016914285719394684,0.08926449716091156,0.011958064511418343,0.10935293883085251
2580,1.8230643272399902,1e-07,1.2562045,1.8181082,1.3483725,0.016912447288632393,0.08925706148147583,0.011956226080656052,0.10934452712535858
2581,1.823038935661316,1e-07,1.256196,1.8180828,1.348363,0.016910642385482788,0.08924967050552368,0.011954421177506447,0.10933627933263779
2582,1.823014259338379,1e-07,1.2561878,1.8180581,1.3483539,0.01690884679555893,0.0892423689365387,0.011952625587582588,0.10932806134223938
2583,1.8229883909225464,1e-07,1.2561792,1.8180323,1.3483443,0.01690705679357052,0.08923499286174774,0.011950835585594177,0.10931988060474396
2584,1.8229639530181885,1e-07,1.2561711,1.8180078,1.3483351,0.016905246302485466,0.08922763168811798,0.011949025094509125,0.10931159555912018
2585,1.8229387998580933,1e-07,1.2561628,1.8179827,1.3483258,0.01690344326198101,0.08922024071216583,0.011947223916649818,0.10930335521697998
2586,1.822913646697998,1e-07,1.2561544,1.8179575,1.3483166,0.016901610419154167,0.08921274542808533,0.0119453901425004,0.10929496586322784
2587,1.8228886127471924,1e-07,1.2561461,1.8179325,1.3483073,0.016899818554520607,0.08920539915561676,0.01194359827786684,0.10928677022457123
2588,1.8228639364242554,1e-07,1.256138,1.8179078,1.3482981,0.016898030415177345,0.089198037981987,0.011941811069846153,0.1092785969376564
2589,1.8228386640548706,1e-07,1.2561296,1.8178825,1.3482888,0.01689622737467289,0.08919067680835724,0.011940008029341698,0.10927034169435501
2590,1.8228135108947754,1e-07,1.2561213,1.8178574,1.3482794,0.016894418746232986,0.0891832560300827,0.011938199400901794,0.10926206409931183
2591,1.8227884769439697,1e-07,1.2561129,1.8178324,1.3482702,0.01689261570572853,0.08917582035064697,0.011936396360397339,0.10925381630659103
2592,1.8227638006210327,1e-07,1.2561047,1.8178077,1.348261,0.016890836879611015,0.08916856348514557,0.011934617534279823,0.1092456728219986
2593,1.8227381706237793,1e-07,1.2560964,1.817782,1.3482515,0.016889015212655067,0.08916111290454865,0.0119327949360013,0.10923733562231064
2594,1.8227121829986572,1e-07,1.2560877,1.817756,1.3482418,0.016887225210666656,0.08915373682975769,0.011931005865335464,0.10922914743423462
2595,1.8226878643035889,1e-07,1.2560796,1.8177317,1.3482329,0.01688542403280735,0.08914647996425629,0.011929205618798733,0.10922089964151382
2596,1.8226627111434937,1e-07,1.2560712,1.8177066,1.3482234,0.016883661970496178,0.08913911879062653,0.011927442625164986,0.10921283066272736
2597,1.8226385116577148,1e-07,1.2560633,1.8176824,1.3482145,0.01688184030354023,0.08913162350654602,0.011925620958209038,0.1092044934630394
2598,1.8226127624511719,1e-07,1.2560548,1.8176566,1.348205,0.01688002422451973,0.08912426233291626,0.011923804879188538,0.10919617861509323
2599,1.822587490081787,1e-07,1.2560464,1.8176314,1.3481956,0.016878243535757065,0.08911691606044769,0.011922025121748447,0.1091880276799202
2600,1.8225629329681396,1e-07,1.2560381,1.8176068,1.3481865,0.016876431182026863,0.08910952508449554,0.01192021369934082,0.10917972773313522
2601,1.8225386142730713,1e-07,1.2560301,1.8175825,1.3481774,0.016874616965651512,0.08910207450389862,0.01191839948296547,0.10917142033576965
2602,1.8225129842758179,1e-07,1.2560216,1.8175569,1.348168,0.016872817650437355,0.08909469842910767,0.011916600167751312,0.10916317999362946
2603,1.822487711906433,1e-07,1.2560133,1.8175316,1.3481586,0.016871055588126183,0.08908747136592865,0.01191483810544014,0.10915511101484299
2604,1.822462797164917,1e-07,1.2560049,1.8175067,1.3481493,0.016869232058525085,0.08907994627952576,0.011913014575839043,0.10914675891399384
2605,1.8224371671676636,1e-07,1.2559966,1.817481,1.3481399,0.016867445781826973,0.08907261490821838,0.01191122829914093,0.10913857072591782
2606,1.8224122524261475,1e-07,1.2559882,1.8174561,1.3481306,0.01686563715338707,0.08906513452529907,0.011909419670701027,0.10913028568029404
2607,1.8223875761032104,1e-07,1.2559799,1.8174314,1.3481214,0.016863850876688957,0.08905783295631409,0.011907633394002914,0.10912210494279861
2608,1.8223621845245361,1e-07,1.2559716,1.817406,1.348112,0.016862016171216965,0.0890503078699112,0.011905798688530922,0.10911369323730469
2609,1.8223371505737305,1e-07,1.2559633,1.817381,1.3481028,0.016860203817486763,0.08904288709163666,0.01190398819744587,0.10910540074110031
2610,1.8223121166229248,1e-07,1.255955,1.817356,1.3480935,0.01685846596956253,0.08903579413890839,0.011902250349521637,0.1090974360704422
2611,1.8222873210906982,1e-07,1.2559468,1.8173312,1.3480842,0.016856666654348373,0.08902837336063385,0.01190045103430748,0.1090891882777214
2612,1.8222625255584717,1e-07,1.2559385,1.8173064,1.348075,0.016854869201779366,0.08902087807655334,0.011898653581738472,0.10908094793558121
2613,1.8222367763519287,1e-07,1.25593,1.8172807,1.3480655,0.016853097826242447,0.08901363611221313,0.011896880343556404,0.10907281935214996
2614,1.8222107887268066,1e-07,1.2559215,1.8172547,1.3480558,0.01685127429664135,0.0890062153339386,0.011895058676600456,0.10906446725130081
2615,1.8221864700317383,1e-07,1.2559134,1.8172303,1.3480469,0.016849452629685402,0.08899866044521332,0.011893236078321934,0.10905611515045166
2616,1.8221615552902222,1e-07,1.255905,1.8172054,1.3480376,0.01684768870472908,0.08899140357971191,0.011891473084688187,0.109048031270504
2617,1.822136402130127,1e-07,1.2558967,1.8171803,1.3480283,0.01684587448835373,0.08898405730724335,0.011889658868312836,0.10903970897197723
2618,1.8221113681793213,1e-07,1.2558885,1.8171552,1.348019,0.01684407703578472,0.08897656202316284,0.011887861415743828,0.10903146862983704
2619,1.8220865726470947,1e-07,1.2558802,1.8171304,1.3480098,0.01684233546257019,0.0889694094657898,0.011886119842529297,0.10902348160743713
2620,1.8220614194869995,1e-07,1.2558719,1.8171053,1.3480005,0.01684051752090454,0.0889618992805481,0.011884300969541073,0.10901514440774918
2621,1.822036623954773,1e-07,1.2558637,1.8170805,1.3479912,0.01683870516717434,0.08895440399646759,0.011882489547133446,0.10900682955980301
2622,1.8220112323760986,1e-07,1.2558552,1.8170551,1.3479818,0.016836917027831078,0.08894702792167664,0.011880701407790184,0.10899863392114639
2623,1.8219860792160034,1e-07,1.255847,1.81703,1.3479725,0.016835123300552368,0.08893972635269165,0.011878907680511475,0.10899040102958679
2624,1.8219618797302246,1e-07,1.255839,1.8170058,1.3479636,0.01683334819972515,0.08893240988254547,0.011877132579684258,0.10898225754499435
2625,1.8219361305236816,1e-07,1.2558303,1.81698,1.347954,0.016831548884510994,0.08892497420310974,0.0118753332644701,0.10897400230169296
2626,1.8219103813171387,1e-07,1.2558218,1.8169543,1.3479445,0.016829777508974075,0.08891771733760834,0.011873560957610607,0.10896587371826172
2627,1.8218859434127808,1e-07,1.2558137,1.8169298,1.3479354,0.01682795025408268,0.08891013264656067,0.011871734634041786,0.10895749181509018
2628,1.8218607902526855,1e-07,1.2558054,1.8169047,1.347926,0.016826188191771507,0.08890283107757568,0.011869973503053188,0.10894940793514252
2629,1.821835994720459,1e-07,1.2557971,1.8168799,1.3479168,0.016824373975396156,0.08889546990394592,0.011868158355355263,0.10894107818603516
2630,1.8218111991882324,1e-07,1.2557889,1.8168551,1.3479077,0.016822563484311104,0.08888797461986542,0.011866348795592785,0.10893277078866959
2631,1.8217867612838745,1e-07,1.2557808,1.8168306,1.3478986,0.01682075299322605,0.08888055384159088,0.011864537373185158,0.10892445594072342
2632,1.8217614889144897,1e-07,1.2557725,1.8168054,1.3478892,0.016819017007946968,0.08887335658073425,0.011862801387906075,0.10891649127006531
2633,1.8217347860336304,1e-07,1.2557636,1.8167787,1.3478793,0.016817206516861916,0.08886589109897614,0.011860990896821022,0.10890817642211914
2634,1.8217109441757202,1e-07,1.2557557,1.8167548,1.3478705,0.01681545190513134,0.0888587236404419,0.011859236285090446,0.10890012234449387
2635,1.8216853141784668,1e-07,1.2557472,1.8167292,1.3478609,0.016813620924949646,0.08885106444358826,0.011857407167553902,0.10889172554016113
2636,1.8216599225997925,1e-07,1.2557389,1.8167038,1.3478515,0.016811834648251534,0.08884371817111969,0.011855619959533215,0.10888351500034332
2637,1.8216350078582764,1e-07,1.2557305,1.8166789,1.3478423,0.016810070723295212,0.0888364166021347,0.011853856965899467,0.10887541621923447
2638,1.8216103315353394,1e-07,1.2557224,1.8166542,1.3478332,0.016808273270726204,0.08882898092269897,0.01185205765068531,0.10886715352535248
2639,1.8215851783752441,1e-07,1.255714,1.816629,1.3478239,0.01680649258196354,0.08882163465023041,0.01185027789324522,0.10885898023843765
2640,1.8215601444244385,1e-07,1.2557057,1.816604,1.3478146,0.016804683953523636,0.0888141393661499,0.011848468333482742,0.10885067284107208
2641,1.8215351104736328,1e-07,1.2556974,1.816579,1.3478053,0.01680293306708336,0.08880691230297089,0.01184671837836504,0.108842633664608
2642,1.8215101957321167,1e-07,1.255689,1.8165541,1.347796,0.016801118850708008,0.08879940211772919,0.011844905093312263,0.10883430391550064
2643,1.8214852809906006,1e-07,1.2556809,1.8165292,1.3477868,0.01679934561252594,0.08879213035106659,0.011843131855130196,0.1088261529803276
2644,1.8214592933654785,1e-07,1.2556723,1.8165032,1.3477771,0.01679752580821514,0.08878456056118011,0.011841312050819397,0.10881779342889786
2645,1.8214352130889893,1e-07,1.2556642,1.8164791,1.3477682,0.016795765608549118,0.08877734839916229,0.011839550919830799,0.1088097020983696
2646,1.8214094638824463,1e-07,1.2556558,1.8164533,1.3477587,0.01679396443068981,0.08876988291740417,0.011837751604616642,0.10880143195390701
2647,1.8213849067687988,1e-07,1.2556477,1.8164288,1.3477495,0.01679220236837864,0.088762566447258,0.011835988610982895,0.10879333317279816
2648,1.8213589191436768,1e-07,1.255639,1.8164028,1.3477399,0.016790416091680527,0.08875519037246704,0.011834204196929932,0.10878513008356094
2649,1.821334719657898,1e-07,1.2556309,1.8163786,1.3477309,0.016788607463240623,0.08874775469303131,0.011832395568490028,0.10877681523561478
2650,1.82131028175354,1e-07,1.2556227,1.8163542,1.3477218,0.016786830499768257,0.08874031901359558,0.011830619536340237,0.10876864939928055
2651,1.821284532546997,1e-07,1.2556143,1.8163284,1.3477123,0.016785049811005592,0.0887330025434494,0.011828837916254997,0.10876046121120453
2652,1.8212594985961914,1e-07,1.255606,1.8163034,1.347703,0.01678328961133957,0.088725745677948,0.011827077716588974,0.10875236988067627
2653,1.821234107017517,1e-07,1.2555976,1.816278,1.3476936,0.01678149215877056,0.08871829509735107,0.011825280264019966,0.10874410718679428
2654,1.8212088346481323,1e-07,1.2555894,1.8162527,1.3476841,0.016779696568846703,0.08871091902256012,0.011823484674096107,0.10873584449291229
2655,1.8211840391159058,1e-07,1.255581,1.8162279,1.347675,0.01677788235247135,0.08870337903499603,0.011821670457720757,0.10872750729322433
2656,1.8211592435836792,1e-07,1.2555728,1.8162031,1.3476658,0.016776133328676224,0.0886961817741394,0.011819921433925629,0.10871946066617966
2657,1.8211338520050049,1e-07,1.2555642,1.8161777,1.3476564,0.016774360090494156,0.08868877589702606,0.011818149127066135,0.10871130973100662
2658,1.8211086988449097,1e-07,1.255556,1.8161526,1.3476471,0.01677255891263485,0.08868132531642914,0.011816347017884254,0.10870302468538284
2659,1.821083903312683,1e-07,1.2555478,1.8161278,1.3476379,0.016770770773291588,0.08867399394512177,0.011814558878540993,0.10869479924440384
2660,1.8210591077804565,1e-07,1.2555395,1.816103,1.3476286,0.016768984496593475,0.08866652846336365,0.011812773533165455,0.10868658125400543
2661,1.8210337162017822,1e-07,1.255531,1.8160776,1.3476192,0.01676720567047596,0.08865919709205627,0.01181099470704794,0.10867840051651001
2662,1.8210089206695557,1e-07,1.2555228,1.8160528,1.34761,0.016765443608164787,0.08865185081958771,0.011809231713414192,0.10867028683423996
2663,1.8209834098815918,1e-07,1.2555144,1.8160273,1.3476006,0.01676364056766033,0.08864441514015198,0.011807428672909737,0.10866199433803558
2664,1.8209588527679443,1e-07,1.2555063,1.8160027,1.3475914,0.01676185056567192,0.08863703906536102,0.0118056396022439,0.10865376144647598
2665,1.8209328651428223,1e-07,1.2554976,1.8159767,1.3475819,0.01676008477807045,0.08862967789173126,0.011803874745965004,0.10864564031362534
2666,1.820909023284912,1e-07,1.2554897,1.8159529,1.3475729,0.016758285462856293,0.08862225711345673,0.011802075430750847,0.10863735526800156
2667,1.820882797241211,1e-07,1.2554811,1.8159267,1.3475633,0.016756534576416016,0.08861494064331055,0.01180032454431057,0.10862930119037628
2668,1.8208584785461426,1e-07,1.255473,1.8159024,1.3475542,0.0167547520250082,0.08860751986503601,0.011798541992902756,0.10862109065055847
2669,1.8208329677581787,1e-07,1.2554644,1.8158768,1.3475448,0.01675300858914852,0.08860024809837341,0.011796797625720501,0.10861306637525558
2670,1.8208087682724,1e-07,1.2554566,1.8158526,1.3475357,0.01675119809806347,0.08859279751777649,0.011794987134635448,0.10860472917556763
2671,1.8207834959030151,1e-07,1.255448,1.8158274,1.3475264,0.016749408096075058,0.08858533203601837,0.011793197132647038,0.10859648883342743
2672,1.8207581043243408,1e-07,1.2554396,1.815802,1.347517,0.016747625544667244,0.0885779857635498,0.011791415512561798,0.10858828574419022
2673,1.8207333087921143,1e-07,1.2554313,1.8157772,1.3475077,0.016745826229453087,0.08857065439224243,0.011789616197347641,0.10858000069856644
2674,1.8207077980041504,1e-07,1.255423,1.8157517,1.3474983,0.016744086518883705,0.08856326341629028,0.01178787648677826,0.10857198387384415
2675,1.820683240890503,1e-07,1.2554148,1.8157271,1.3474892,0.016742326319217682,0.08855593204498291,0.011786116287112236,0.1085638776421547
2676,1.8206580877304077,1e-07,1.2554065,1.815702,1.3474798,0.016740547493100166,0.08854852616786957,0.01178433746099472,0.10855568945407867
2677,1.820632815361023,1e-07,1.2553982,1.8156767,1.3474705,0.01673877239227295,0.088541179895401,0.011782562360167503,0.10854750871658325
2678,1.820608377456665,1e-07,1.25539,1.8156523,1.3474615,0.01673697680234909,0.08853371441364288,0.011780766770243645,0.10853923857212067
2679,1.8205828666687012,1e-07,1.2553816,1.8156267,1.3474519,0.016735201701521873,0.0885264128446579,0.011778992600739002,0.10853106528520584
2680,1.8205580711364746,1e-07,1.2553734,1.815602,1.3474427,0.01673346385359764,0.0885191410779953,0.011777253821492195,0.10852305591106415
2681,1.820533037185669,1e-07,1.255365,1.8155769,1.3474334,0.016731640323996544,0.08851158618927002,0.011775430291891098,0.10851465165615082
2682,1.820507526397705,1e-07,1.2553564,1.8155514,1.347424,0.01672985590994358,0.08850419521331787,0.011773645877838135,0.10850643366575241
2683,1.8204824924468994,1e-07,1.2553482,1.8155264,1.3474147,0.016728097572922707,0.08849687874317169,0.01177188754081726,0.10849832743406296
2684,1.8204569816589355,1e-07,1.2553397,1.8155009,1.3474052,0.016726326197385788,0.08848942816257477,0.011770116165280342,0.10849016904830933
2685,1.8204326629638672,1e-07,1.2553318,1.8154765,1.3473963,0.016724519431591034,0.08848203718662262,0.011768310330808163,0.10848184674978256
2686,1.8204067945480347,1e-07,1.255323,1.8154507,1.3473866,0.016722772270441055,0.08847473561763763,0.01176656223833561,0.10847378522157669
2687,1.8203824758529663,1e-07,1.2553151,1.8154263,1.3473775,0.01672099530696869,0.08846727013587952,0.011764786206185818,0.10846559703350067
2688,1.820356845855713,1e-07,1.2553066,1.8154007,1.3473681,0.016719209030270576,0.08845987915992737,0.011762999929487705,0.10845736414194107
2689,1.8203314542770386,1e-07,1.2552981,1.8153753,1.3473587,0.016717417165637016,0.08845241367816925,0.01176120713353157,0.10844910144805908
2690,1.8203072547912598,1e-07,1.25529,1.8153511,1.3473496,0.016715655103325844,0.08844511210918427,0.011759446002542973,0.10844098031520844
2691,1.820282220840454,1e-07,1.2552818,1.8153261,1.3473403,0.016713915392756462,0.08843789994716644,0.01175770815461874,0.10843296349048615
2692,1.8202574253082275,1e-07,1.2552736,1.8153013,1.3473312,0.01671210490167141,0.08843031525611877,0.011755897663533688,0.10842461884021759
2693,1.8202322721481323,1e-07,1.2552652,1.8152761,1.3473219,0.016710327938199043,0.08842284977436066,0.011754120700061321,0.10841642320156097
2694,1.820207953453064,1e-07,1.255257,1.8152518,1.3473128,0.016708582639694214,0.08841562271118164,0.011752374470233917,0.1084083691239357
2695,1.8201823234558105,1e-07,1.2552487,1.8152262,1.3473033,0.016706813126802444,0.08840823173522949,0.011750604957342148,0.10840021073818207
2696,1.8201563358306885,1e-07,1.25524,1.8152002,1.3472936,0.016705023124814034,0.08840079605579376,0.011748816817998886,0.10839195549488068
2697,1.820131540298462,1e-07,1.2552317,1.8151754,1.3472844,0.016703268513083458,0.08839350938796997,0.01174706220626831,0.10838386416435242
2698,1.820106029510498,1e-07,1.2552234,1.8151499,1.347275,0.016701458021998405,0.08838598430156708,0.011745251715183258,0.10837551206350327
2699,1.8200817108154297,1e-07,1.2552153,1.8151256,1.347266,0.01669967733323574,0.08837854862213135,0.011743471026420593,0.10836729407310486
2700,1.820056438446045,1e-07,1.255207,1.8151003,1.3472565,0.01669790968298912,0.0883711725473404,0.011741702444851398,0.10835913568735123
2701,1.820032000541687,1e-07,1.2551988,1.8150759,1.3472475,0.01669616438448429,0.0883638858795166,0.011739958077669144,0.10835108906030655
2702,1.8200063705444336,1e-07,1.2551903,1.8150502,1.3472381,0.01669439673423767,0.08835645020008087,0.011738190427422523,0.10834293067455292
2703,1.8199814558029175,1e-07,1.2551819,1.8150253,1.3472288,0.0166926309466362,0.08834916353225708,0.011736424639821053,0.10833477973937988
2704,1.8199563026428223,1e-07,1.2551737,1.8150002,1.3472195,0.01669083908200264,0.08834174275398254,0.011734632775187492,0.1083265095949173
2705,1.8199307918548584,1e-07,1.2551652,1.8149747,1.3472099,0.016689036041498184,0.08833421766757965,0.011732829734683037,0.10831818729639053
2706,1.8199069499969482,1e-07,1.2551574,1.8149508,1.3472011,0.01668730191886425,0.08832696080207825,0.011731095612049103,0.10831018537282944
2707,1.8198813199996948,1e-07,1.2551488,1.8149252,1.3471916,0.01668553613126278,0.08831954002380371,0.011729329824447632,0.1083020269870758
2708,1.8198561668395996,1e-07,1.2551404,1.8149,1.3471823,0.016683805733919144,0.08831226825714111,0.011727599427103996,0.1082940399646759
2709,1.8198316097259521,1e-07,1.2551322,1.8148755,1.3471731,0.01668202504515648,0.08830486238002777,0.011725817807018757,0.1082858145236969
2710,1.81980562210083,1e-07,1.2551237,1.8148495,1.3471636,0.016680222004652023,0.08829739689826965,0.01172401662915945,0.10827749967575073
2711,1.8197813034057617,1e-07,1.2551156,1.8148252,1.3471545,0.0166784655302763,0.08829005062580109,0.011722260154783726,0.10826938599348068
2712,1.819756031036377,1e-07,1.2551073,1.8147999,1.3471451,0.016676725819706917,0.08828267455101013,0.01172051951289177,0.1082613468170166
2713,1.8197311162948608,1e-07,1.2550989,1.814775,1.3471359,0.016674932092428207,0.08827522397041321,0.01171872578561306,0.10825306177139282
2714,1.819705843925476,1e-07,1.2550906,1.8147497,1.3471265,0.016673173755407333,0.088267982006073,0.011716967448592186,0.10824494063854218
2715,1.8196810483932495,1e-07,1.2550825,1.8147249,1.3471173,0.01667141728103161,0.08826056122779846,0.011715210974216461,0.10823682695627213
2716,1.819655418395996,1e-07,1.2550739,1.8146993,1.3471078,0.016669612377882004,0.08825303614139557,0.011713407002389431,0.10822849720716476
2717,1.8196308612823486,1e-07,1.2550657,1.8146747,1.3470986,0.01666787825524807,0.0882457047700882,0.011711672879755497,0.10822048038244247
2718,1.8196055889129639,1e-07,1.2550573,1.8146495,1.3470893,0.016666099429130554,0.08823829889297485,0.011709893122315407,0.10821226239204407
2719,1.8195805549621582,1e-07,1.2550491,1.8146244,1.34708,0.01666434481739998,0.08823098242282867,0.011708138510584831,0.10820414870977402
2720,1.8195559978485107,1e-07,1.2550408,1.8145999,1.3470708,0.016662567853927612,0.0882236510515213,0.01170636247843504,0.1081959456205368
2721,1.8195304870605469,1e-07,1.2550324,1.8145744,1.3470614,0.016660789027810097,0.08821612596511841,0.011704584583640099,0.1081877276301384
2722,1.819504976272583,1e-07,1.255024,1.8145489,1.3470519,0.016659019514918327,0.08820877969264984,0.011702814139425755,0.10817954689264297
2723,1.8194811344146729,1e-07,1.255016,1.814525,1.347043,0.016657240688800812,0.0882013738155365,0.011701036244630814,0.10817132890224457
2724,1.8194551467895508,1e-07,1.2550074,1.814499,1.3470334,0.01665550470352173,0.08819399774074554,0.01169930025935173,0.10816330462694168
2725,1.819429874420166,1e-07,1.254999,1.8144737,1.3470241,0.016653744503855705,0.08818662166595459,0.011697540059685707,0.10815516859292984
2726,1.8194050788879395,1e-07,1.2549908,1.814449,1.3470148,0.016652008518576622,0.08817929029464722,0.011695804074406624,0.10814714431762695
2727,1.8193800449371338,1e-07,1.2549825,1.8144239,1.3470055,0.016650214791297913,0.08817188441753387,0.01169400941580534,0.10813884437084198
2728,1.8193554878234863,1e-07,1.2549742,1.8143994,1.3469964,0.016648460179567337,0.08816458284854889,0.011692255735397339,0.10813073813915253
2729,1.8193297386169434,1e-07,1.2549658,1.8143736,1.3469869,0.016646670177578926,0.08815702795982361,0.011690465733408928,0.10812246054410934
2730,1.819305181503296,1e-07,1.2549577,1.814349,1.3469777,0.016644921153783798,0.0881497710943222,0.011688715778291225,0.10811436176300049
2731,1.8192799091339111,1e-07,1.2549492,1.8143238,1.3469684,0.016643185168504715,0.08814240992069244,0.011686980724334717,0.1081063374876976
2732,1.8192552328109741,1e-07,1.2549411,1.8142991,1.3469592,0.01664138399064541,0.08813488483428955,0.01168517954647541,0.10809800773859024
2733,1.8192298412322998,1e-07,1.2549325,1.8142737,1.3469498,0.01663963496685028,0.08812755346298218,0.011683430522680283,0.10808991640806198
2734,1.819204568862915,1e-07,1.2549242,1.8142484,1.3469404,0.016637926921248436,0.08812037110328674,0.011681722477078438,0.10808201879262924
2735,1.8191797733306885,1e-07,1.2549161,1.8142236,1.3469312,0.016636118292808533,0.0881127417087555,0.011679913848638535,0.1080736517906189
2736,1.8191560506820679,1e-07,1.2549081,1.8141999,1.3469224,0.016634386032819748,0.08810551464557648,0.01167818158864975,0.1080656349658966
2737,1.8191299438476562,1e-07,1.2548995,1.8141738,1.3469127,0.016632596030831337,0.08809800446033478,0.011676392517983913,0.10805735737085342
2738,1.8191050291061401,1e-07,1.2548913,1.8141489,1.3469034,0.01663084886968136,0.08809061348438263,0.01167464628815651,0.10804927349090576
2739,1.8190793991088867,1e-07,1.2548827,1.8141233,1.3468939,0.016629090532660484,0.08808331191539764,0.01167288888245821,0.10804114490747452
2740,1.8190546035766602,1e-07,1.2548743,1.8140985,1.3468847,0.016627278178930283,0.08807577192783356,0.011671075597405434,0.10803275555372238
2741,1.8190295696258545,1e-07,1.2548661,1.8140734,1.3468754,0.016625521704554558,0.08806830644607544,0.011669319123029709,0.10802461951971054
2742,1.8190045356750488,1e-07,1.2548579,1.8140484,1.3468661,0.01662374474108219,0.08806085586547852,0.011667542159557343,0.10801639407873154
2743,1.8189785480499268,1e-07,1.2548493,1.8140224,1.3468565,0.016622064635157585,0.08805377781391144,0.011665863916277885,0.10800863057374954
2744,1.8189539909362793,1e-07,1.2548411,1.8139979,1.3468474,0.016620248556137085,0.08804626762866974,0.011664047837257385,0.10800021886825562
2745,1.8189295530319214,1e-07,1.2548329,1.8139734,1.3468384,0.016618506982922554,0.08803893625736237,0.011662306264042854,0.10799215734004974
2746,1.8189043998718262,1e-07,1.2548245,1.8139483,1.3468289,0.016616763547062874,0.08803163468837738,0.011660562828183174,0.10798408836126328
2747,1.8188798427581787,1e-07,1.2548164,1.8139237,1.3468199,0.01661495305597782,0.08802393078804016,0.011658752337098122,0.10797569900751114
2748,1.8188542127609253,1e-07,1.254808,1.8138981,1.3468103,0.01661321148276329,0.08801664412021637,0.011657009832561016,0.10796763002872467
2749,1.818828821182251,1e-07,1.2547995,1.8138727,1.3468009,0.01661146990954876,0.0880092978477478,0.01165526919066906,0.1079595685005188
2750,1.8188040256500244,1e-07,1.2547914,1.8138479,1.3467917,0.01660970225930214,0.08800186216831207,0.011653500609099865,0.10795138031244278
2751,1.8187792301177979,1e-07,1.254783,1.8138231,1.3467824,0.01660795882344246,0.08799465000629425,0.01165175810456276,0.10794331133365631
2752,1.818753719329834,1e-07,1.2547746,1.8137976,1.346773,0.01660621352493763,0.0879872590303421,0.01165001280605793,0.10793522745370865
2753,1.8187289237976074,1e-07,1.2547665,1.8137728,1.3467638,0.016604425385594368,0.08797971904277802,0.011648224666714668,0.10792694240808487
2754,1.8187040090560913,1e-07,1.254758,1.8137479,1.3467546,0.01660268008708954,0.08797241747379303,0.011646479368209839,0.10791885852813721
2755,1.818678855895996,1e-07,1.2547498,1.8137227,1.3467453,0.01660091243684292,0.08796492218971252,0.011644710786640644,0.10791066288948059
2756,1.8186544179916382,1e-07,1.2547415,1.8136983,1.3467362,0.01659918576478958,0.08795765042304993,0.011642985045909882,0.1079026609659195
2757,1.8186285495758057,1e-07,1.254733,1.8136724,1.3467265,0.016597455367445946,0.08795037865638733,0.011641254648566246,0.1078946441411972
2758,1.8186033964157104,1e-07,1.2547247,1.8136473,1.3467172,0.016595657914876938,0.08794289827346802,0.011639457195997238,0.10788631439208984
2759,1.8185789585113525,1e-07,1.2547166,1.8136228,1.3467082,0.01659391261637211,0.0879354327917099,0.011637710966169834,0.10787822306156158
2760,1.8185536861419678,1e-07,1.2547082,1.8135976,1.3466988,0.016592146828770638,0.08792796730995178,0.011635946109890938,0.10787004232406616
2761,1.8185288906097412,1e-07,1.2547,1.8135728,1.3466896,0.01659039780497551,0.08792072534561157,0.01163419708609581,0.10786193609237671
2762,1.8185029029846191,1e-07,1.2546912,1.8135468,1.3466799,0.016588639467954636,0.08791320025920868,0.011632438749074936,0.10785378515720367
2763,1.8184776306152344,1e-07,1.2546829,1.8135215,1.3466705,0.016586877405643463,0.08790582418441772,0.011630676686763763,0.10784561187028885
2764,1.8184527158737183,1e-07,1.2546747,1.8134966,1.3466613,0.016585150733590126,0.08789853751659393,0.011628950014710426,0.10783760994672775
2765,1.8184282779693604,1e-07,1.2546664,1.8134722,1.3466522,0.016583360731601715,0.08789107203483582,0.011627160012722015,0.10782930999994278
2766,1.8184034824371338,1e-07,1.2546583,1.8134474,1.346643,0.01658163033425808,0.08788375556468964,0.011625430546700954,0.10782129317522049
2767,1.818378210067749,1e-07,1.2546499,1.8134221,1.3466336,0.016579894348978996,0.08787645399570465,0.011623692698776722,0.10781323164701462
2768,1.8183534145355225,1e-07,1.2546417,1.8133973,1.3466244,0.01657813787460327,0.08786895871162415,0.011621938087046146,0.10780509561300278
2769,1.8183283805847168,1e-07,1.2546334,1.8133723,1.3466151,0.016576379537582397,0.08786161243915558,0.011620178818702698,0.10779692977666855
2770,1.8183034658432007,1e-07,1.2546252,1.8133473,1.3466059,0.01657463051378727,0.08785423636436462,0.011618430726230145,0.1077888235449791
2771,1.818278193473816,1e-07,1.2546167,1.8133221,1.3465965,0.0165728647261858,0.0878467857837677,0.011616664938628674,0.10778063535690308
2772,1.8182528018951416,1e-07,1.2546083,1.8132967,1.3465871,0.016571110114455223,0.08783936500549316,0.011614909395575523,0.10777249187231064
2773,1.818228006362915,1e-07,1.2546,1.8132719,1.3465779,0.0165693461894989,0.08783192932605743,0.011613145470619202,0.10776430368423462
2774,1.8182018995285034,1e-07,1.2545915,1.8132458,1.3465681,0.016567595303058624,0.08782452344894409,0.011611394584178925,0.10775618255138397
2775,1.8181780576705933,1e-07,1.2545835,1.8132219,1.3465593,0.01656586304306984,0.08781729638576508,0.01160966232419014,0.10774814337491989
2776,1.8181531429290771,1e-07,1.2545751,1.813197,1.34655,0.016564128920435905,0.08780983090400696,0.011607930064201355,0.10774010419845581
2777,1.8181270360946655,1e-07,1.2545666,1.8131709,1.3465403,0.01656239852309227,0.08780252933502197,0.01160619966685772,0.10773207247257233
2778,1.8181027173995972,1e-07,1.2545584,1.8131466,1.3465313,0.016560595482587814,0.08779501914978027,0.011604396626353264,0.10772370547056198
2779,1.818077802658081,1e-07,1.2545501,1.8131217,1.3465221,0.01655883714556694,0.08778759837150574,0.01160263828933239,0.10771554708480835
2780,1.8180522918701172,1e-07,1.2545418,1.8130962,1.3465126,0.016557106748223305,0.08778023719787598,0.011600907891988754,0.10770750790834427
2781,1.8180272579193115,1e-07,1.2545334,1.8130711,1.3465033,0.016555365175008774,0.08777284622192383,0.011599166318774223,0.1076994240283966
2782,1.8180025815963745,1e-07,1.2545252,1.8130465,1.3464941,0.016553618013858795,0.08776548504829407,0.011597421020269394,0.10769132524728775
2783,1.8179773092269897,1e-07,1.2545168,1.8130212,1.3464848,0.016551867127418518,0.08775818347930908,0.011595669202506542,0.10768318921327591
2784,1.817952036857605,1e-07,1.2545085,1.8129959,1.3464754,0.01655009016394615,0.08775061368942261,0.01159389317035675,0.10767494142055511
2785,1.8179272413253784,1e-07,1.2545002,1.8129711,1.3464662,0.016548356041312218,0.08774329721927643,0.011592159047722816,0.10766688734292984
2786,1.8179025650024414,1e-07,1.2544919,1.8129464,1.346457,0.01654660888016224,0.08773592114448547,0.011590410955250263,0.10765877366065979
2787,1.8178766965866089,1e-07,1.2544835,1.8129206,1.3464473,0.01654485985636711,0.08772854506969452,0.01158866286277771,0.10765065252780914
2788,1.817852258682251,1e-07,1.2544752,1.8128961,1.3464383,0.016543129459023476,0.08772122859954834,0.011586932465434074,0.10764261335134506
2789,1.817826747894287,1e-07,1.254467,1.8128706,1.3464289,0.016541386023163795,0.08771379292011261,0.011585189029574394,0.1076345145702362
2790,1.8178023099899292,1e-07,1.2544588,1.8128462,1.3464198,0.016539636999368668,0.08770641684532166,0.011583440937101841,0.10762639343738556
2791,1.8177765607833862,1e-07,1.2544502,1.8128204,1.3464102,0.016537878662347794,0.08769896626472473,0.011581681668758392,0.10761822015047073
2792,1.8177523612976074,1e-07,1.2544421,1.8127962,1.3464012,0.01653614267706871,0.08769160509109497,0.011579945683479309,0.10761015862226486
2793,1.8177273273468018,1e-07,1.2544338,1.8127712,1.3463919,0.01653439924120903,0.0876842588186264,0.011578202247619629,0.10760205239057541
2794,1.8177013397216797,1e-07,1.2544252,1.8127452,1.3463823,0.016532616689801216,0.0876767635345459,0.01157642062753439,0.10759377479553223
2795,1.8176767826080322,1e-07,1.2544171,1.8127207,1.3463732,0.016530875116586685,0.08766929805278778,0.011574678122997284,0.10758567601442337
2796,1.8176517486572266,1e-07,1.2544087,1.8126956,1.3463639,0.016529161483049393,0.08766204118728638,0.011572964489459991,0.10757771134376526
2797,1.8176264762878418,1e-07,1.2544004,1.8126704,1.3463545,0.016527406871318817,0.08765466511249542,0.01157121080905199,0.10756956040859222
2798,1.8176019191741943,1e-07,1.2543921,1.8126458,1.3463453,0.016525674611330032,0.08764730393886566,0.011569477617740631,0.10756150633096695
2799,1.8175768852233887,1e-07,1.2543839,1.8126208,1.346336,0.0165239404886961,0.08763992786407471,0.011567744426429272,0.10755345225334167
2800,1.8175514936447144,1e-07,1.2543755,1.8125954,1.3463266,0.016522178426384926,0.08763252198696136,0.011565981432795525,0.10754525661468506
2801,1.8175262212753296,1e-07,1.254367,1.8125701,1.3463173,0.016520459204912186,0.08762519061565399,0.011564263142645359,0.10753726214170456
2802,1.8175017833709717,1e-07,1.2543589,1.8125457,1.3463081,0.016518719494342804,0.08761787414550781,0.011562522500753403,0.1075291708111763
2803,1.8174760341644287,1e-07,1.2543504,1.8125199,1.3462986,0.016516966745257378,0.0876103937625885,0.011560771614313126,0.10752102732658386
2804,1.8174517154693604,1e-07,1.2543423,1.8124956,1.3462895,0.016515210270881653,0.08760294318199158,0.0115590151399374,0.10751286149024963
2805,1.8174269199371338,1e-07,1.254334,1.8124708,1.3462803,0.01651344820857048,0.08759549260139465,0.011557252146303654,0.10750465840101242
2806,1.8174008131027222,1e-07,1.2543254,1.8124447,1.3462707,0.0165117047727108,0.08758807182312012,0.011555509641766548,0.10749655961990356
2807,1.8173760175704956,1e-07,1.2543172,1.8124199,1.3462615,0.016509972512722015,0.08758065104484558,0.011553775519132614,0.1074884906411171
2808,1.8173508644104004,1e-07,1.2543087,1.8123947,1.3462521,0.016508229076862335,0.08757331967353821,0.011552033945918083,0.10748039186000824
2809,1.8173260688781738,1e-07,1.2543006,1.81237,1.3462429,0.01650645211338997,0.08756580948829651,0.011550256982445717,0.10747212171554565
2810,1.8173012733459473,1e-07,1.2542924,1.8123451,1.3462337,0.016504740342497826,0.08755852282047272,0.011548545211553574,0.10746415704488754
2811,1.817277193069458,1e-07,1.2542844,1.8123211,1.3462248,0.01650301367044449,0.08755117654800415,0.011546818539500237,0.10745612531900406
2812,1.817251205444336,1e-07,1.2542757,1.8122951,1.3462151,0.016501272097229958,0.08754386007785797,0.011545076034963131,0.1074480190873146
2813,1.8172262907028198,1e-07,1.2542675,1.8122702,1.3462058,0.016499534249305725,0.08753639459609985,0.011543340049684048,0.10743993520736694
2814,1.8172005414962769,1e-07,1.2542589,1.8122444,1.3461963,0.016497818753123283,0.08752903342247009,0.011541623622179031,0.10743194818496704
2815,1.8171757459640503,1e-07,1.2542506,1.8122196,1.3461871,0.01649603806436062,0.0875215083360672,0.011539842933416367,0.10742366313934326
2816,1.8171510696411133,1e-07,1.2542424,1.812195,1.3461779,0.016494307667016983,0.08751420676708221,0.011538113467395306,0.10741560906171799
2817,1.8171261548995972,1e-07,1.2542342,1.81217,1.3461686,0.016492551192641258,0.0875067412853241,0.011536356061697006,0.10740742832422256
2818,1.817101001739502,1e-07,1.2542259,1.8121449,1.3461593,0.01649085432291031,0.08749948441982269,0.011534659191966057,0.10739953070878983
2819,1.8170759677886963,1e-07,1.2542175,1.8121198,1.34615,0.01648905873298645,0.08749189972877502,0.011532863602042198,0.10739117115736008
2820,1.8170504570007324,1e-07,1.254209,1.8120943,1.3461405,0.016487371176481247,0.08748473227024078,0.011531176045536995,0.10738331079483032
2821,1.817026138305664,1e-07,1.254201,1.81207,1.3461314,0.016485627740621567,0.08747731149196625,0.011529432609677315,0.10737519711256027
2822,1.8170006275177002,1e-07,1.2541925,1.8120445,1.346122,0.016483869403600693,0.08746987581253052,0.011527675203979015,0.10736700892448425
2823,1.8169764280319214,1e-07,1.2541844,1.8120203,1.3461131,0.01648215763270855,0.08746260404586792,0.011525962501764297,0.10735903680324554
2824,1.8169506788253784,1e-07,1.254176,1.8119946,1.3461034,0.01648041605949402,0.08745512366294861,0.011524222791194916,0.10735093057155609
2825,1.816925048828125,1e-07,1.2541674,1.8119689,1.3460939,0.01647868938744068,0.08744779229164124,0.01152249425649643,0.10734288394451141
2826,1.8169004917144775,1e-07,1.2541591,1.8119444,1.3460848,0.01647697016596794,0.08744046092033386,0.011520775966346264,0.10733487457036972
2827,1.8168749809265137,1e-07,1.2541507,1.8119189,1.3460753,0.016475215554237366,0.08743292093276978,0.011519022285938263,0.10732670873403549
2828,1.8168495893478394,1e-07,1.2541423,1.8118935,1.3460659,0.01647345907986164,0.08742555975914001,0.011517266742885113,0.10731852799654007
2829,1.8168261051177979,1e-07,1.2541345,1.81187,1.3460572,0.016471706330776215,0.08741806447505951,0.011515513062477112,0.10731036216020584
2830,1.816800594329834,1e-07,1.2541261,1.8118445,1.3460478,0.016470015048980713,0.0874108374118805,0.01151382178068161,0.1073024794459343
2831,1.8167750835418701,1e-07,1.2541175,1.811819,1.3460382,0.016468241810798645,0.0874032974243164,0.011512049473822117,0.10729421675205231
2832,1.8167500495910645,1e-07,1.2541093,1.8117939,1.3460289,0.0164665374904871,0.08739601075649261,0.011510346084833145,0.10728628188371658
2833,1.816724181175232,1e-07,1.2541007,1.811768,1.3460194,0.016464773565530777,0.0873885452747345,0.011508582159876823,0.10727805644273758
2834,1.816699743270874,1e-07,1.2540926,1.8117436,1.3460102,0.016463039442896843,0.08738115429878235,0.011506847105920315,0.10726997256278992
2835,1.8166756629943848,1e-07,1.2540847,1.8117195,1.3460013,0.01646132580935955,0.087373748421669,0.011505134403705597,0.10726199299097061
2836,1.8166496753692627,1e-07,1.2540759,1.8116935,1.3459916,0.01645958051085472,0.08736640214920044,0.011503388173878193,0.10725384950637817
2837,1.8166251182556152,1e-07,1.2540678,1.811669,1.3459826,0.016457853838801384,0.08735905587673187,0.01150166243314743,0.1072458028793335
2838,1.8166003227233887,1e-07,1.2540597,1.8116442,1.3459734,0.0164561215788126,0.08735167980194092,0.011499930173158646,0.10723772644996643
2839,1.816575527191162,1e-07,1.2540513,1.8116194,1.3459641,0.01645439863204956,0.08734430372714996,0.011498206295073032,0.10722968727350235
2840,1.8165501356124878,1e-07,1.2540427,1.811594,1.3459547,0.016452612355351448,0.08733664453029633,0.01149642001837492,0.10722135752439499
2841,1.8165247440338135,1e-07,1.2540344,1.8115686,1.3459452,0.016450906172394753,0.08732935786247253,0.011494714766740799,0.10721340775489807
2842,1.816500186920166,1e-07,1.2540263,1.8115441,1.3459362,0.01644916646182537,0.08732195198535919,0.011492975056171417,0.10720529407262802
2843,1.8164751529693604,1e-07,1.2540178,1.811519,1.3459269,0.01644747518002987,0.08731475472450256,0.01149128470569849,0.10719741135835648
2844,1.8164499998092651,1e-07,1.2540096,1.8114939,1.3459175,0.01644570752978325,0.08730718493461609,0.011489516124129295,0.10718916356563568
2845,1.81642484664917,1e-07,1.2540013,1.8114687,1.3459082,0.01644398644566536,0.0872998833656311,0.01148779597133398,0.1071811392903328
2846,1.816399335861206,1e-07,1.2539928,1.8114432,1.3458986,0.01644226722419262,0.08729247748851776,0.01148607674986124,0.10717311501502991
2847,1.8163743019104004,1e-07,1.2539845,1.8114182,1.3458893,0.01644054614007473,0.08728522062301636,0.011484355665743351,0.10716508328914642
2848,1.8163492679595947,1e-07,1.2539761,1.8113931,1.34588,0.016438782215118408,0.08727759122848511,0.011482590809464455,0.10715685039758682
2849,1.8163254261016846,1e-07,1.2539681,1.8113693,1.3458712,0.016437066718935966,0.08727036416530609,0.011480875313282013,0.10714884847402573
2850,1.816299319267273,1e-07,1.2539595,1.8113432,1.3458616,0.016435330733656883,0.08726285398006439,0.011479141190648079,0.10714075714349747
2851,1.8162741661071777,1e-07,1.2539512,1.811318,1.3458521,0.016433581709861755,0.08725537359714508,0.011477390304207802,0.10713258385658264
2852,1.816249132156372,1e-07,1.2539428,1.811293,1.3458428,0.01643185317516327,0.08724802732467651,0.01147566270083189,0.10712452232837677
2853,1.816224455833435,1e-07,1.2539345,1.8112683,1.3458337,0.016430092975497246,0.0872405469417572,0.011473901569843292,0.10711629688739777
2854,1.8161996603012085,1e-07,1.2539264,1.8112435,1.3458245,0.016428424045443535,0.08723334968090057,0.011472232639789581,0.10710851103067398
2855,1.8161745071411133,1e-07,1.253918,1.8112184,1.3458152,0.01642666943371296,0.08722583949565887,0.01147047895938158,0.10710032284259796
2856,1.8161492347717285,1e-07,1.2539097,1.8111931,1.3458058,0.016424940899014473,0.0872185081243515,0.01146874949336052,0.1070922464132309
2857,1.8161238431930542,1e-07,1.2539011,1.8111677,1.3457963,0.016423236578702927,0.08721113204956055,0.011467046104371548,0.10708429664373398
2858,1.816098690032959,1e-07,1.2538929,1.8111426,1.3457869,0.016421489417552948,0.08720354735851288,0.011465298943221569,0.10707613825798035
2859,1.8160741329193115,1e-07,1.2538847,1.811118,1.3457779,0.016419747844338417,0.08719627559185028,0.011463558301329613,0.1070680096745491
2860,1.8160489797592163,1e-07,1.2538763,1.8110929,1.3457685,0.016418064013123512,0.08718901872634888,0.011461874470114708,0.10706014186143875
2861,1.8160237073898315,1e-07,1.253868,1.8110676,1.3457592,0.016416294500231743,0.08718140423297882,0.011460104025900364,0.10705187171697617
2862,1.8159995079040527,1e-07,1.25386,1.8110434,1.3457501,0.01641460508108139,0.08717423677444458,0.011458415538072586,0.10704398900270462
2863,1.8159745931625366,1e-07,1.2538517,1.8110185,1.3457409,0.016412874683737755,0.08716681599617004,0.011456686072051525,0.10703591257333755
2864,1.8159489631652832,1e-07,1.2538432,1.8109928,1.3457314,0.016411161050200462,0.08715952932834625,0.011454971507191658,0.10702790319919586
2865,1.8159245252609253,1e-07,1.2538351,1.8109684,1.3457223,0.016409434378147125,0.08715209364891052,0.011453244835138321,0.1070198342204094
2866,1.815899133682251,1e-07,1.2538265,1.810943,1.3457128,0.016407685354351997,0.08714450895786285,0.011451495811343193,0.10701166093349457
2867,1.8158738613128662,1e-07,1.2538182,1.8109177,1.3457035,0.016405979171395302,0.08713723719120026,0.011449789628386497,0.10700368881225586
2868,1.8158496618270874,1e-07,1.25381,1.8108935,1.3456944,0.016404226422309875,0.08712974190711975,0.011448036879301071,0.10699550062417984
2869,1.815824031829834,1e-07,1.2538017,1.8108679,1.3456849,0.016402505338191986,0.08712238073348999,0.011446315795183182,0.10698745399713516
2870,1.8157981634140015,1e-07,1.253793,1.810842,1.3456753,0.016400780528783798,0.08711497485637665,0.011444590985774994,0.10697939246892929
2871,1.8157734870910645,1e-07,1.2537848,1.8108174,1.3456662,0.016399063169956207,0.08710761368274689,0.011442873626947403,0.1069713681936264
2872,1.815748691558838,1e-07,1.2537766,1.8107926,1.3456569,0.01639733277261257,0.08710017800331116,0.011441143229603767,0.10696327686309814
2873,1.8157232999801636,1e-07,1.2537681,1.8107672,1.3456475,0.016395622864365578,0.08709290623664856,0.011439435184001923,0.10695529729127884
2874,1.8156983852386475,1e-07,1.2537599,1.8107423,1.3456383,0.016393888741731644,0.08708538115024567,0.011437701061367989,0.10694719105958939
2875,1.8156732320785522,1e-07,1.2537514,1.8107171,1.3456289,0.01639215089380741,0.08707796037197113,0.011435963213443756,0.10693906247615814
2876,1.8156483173370361,1e-07,1.253743,1.8106922,1.3456197,0.016390452161431313,0.08707067370414734,0.011434264481067657,0.10693112015724182
2877,1.8156241178512573,1e-07,1.2537352,1.810668,1.3456106,0.01638869009912014,0.08706308901309967,0.01143250335007906,0.10692288726568222
2878,1.8155983686447144,1e-07,1.2537266,1.8106422,1.3456011,0.0163869746029377,0.08705572783946991,0.011430786922574043,0.10691485553979874
2879,1.8155739307403564,1e-07,1.2537184,1.8106178,1.345592,0.016385264694690704,0.08704839646816254,0.01142907701432705,0.10690686106681824
2880,1.8155484199523926,1e-07,1.2537099,1.8105923,1.3455825,0.016383567824959755,0.08704112470149994,0.011427382007241249,0.10689893364906311
2881,1.815523386001587,1e-07,1.2537017,1.8105673,1.3455732,0.016381818801164627,0.08703362941741943,0.011425632052123547,0.10689074546098709
2882,1.8154981136322021,1e-07,1.2536932,1.810542,1.3455638,0.016380105167627335,0.08702626824378967,0.011423919349908829,0.1068827360868454
2883,1.8154734373092651,1e-07,1.2536851,1.8105173,1.3455546,0.01637837663292885,0.08701884746551514,0.011422190815210342,0.10687465220689774
2884,1.8154487609863281,1e-07,1.2536769,1.8104926,1.3455455,0.01637667790055275,0.08701150119304657,0.011420490220189095,0.10686669498682022
2885,1.815422773361206,1e-07,1.2536682,1.8104666,1.3455359,0.01637495681643486,0.08700412511825562,0.01141877006739378,0.10685864835977554
2886,1.815398097038269,1e-07,1.2536601,1.810442,1.3455267,0.016373286023736,0.08699683845043182,0.011417100206017494,0.10685083270072937
2887,1.8153736591339111,1e-07,1.253652,1.8104175,1.3455175,0.016371533274650574,0.0869893878698349,0.011415347456932068,0.10684262961149216
2888,1.8153481483459473,1e-07,1.2536434,1.810392,1.3455081,0.016369780525565147,0.086981862783432,0.011413594707846642,0.10683442652225494
2889,1.8153231143951416,1e-07,1.253635,1.810367,1.3454988,0.016368096694350243,0.08697450160980225,0.011411909945309162,0.1068265438079834
2890,1.8152979612350464,1e-07,1.2536267,1.8103418,1.3454894,0.01636635698378086,0.08696712553501129,0.01141017023473978,0.10681840032339096
2891,1.8152726888656616,1e-07,1.2536184,1.8103166,1.3454801,0.01636463962495327,0.08695977926254272,0.011408453807234764,0.10681036114692688
2892,1.8152483701705933,1e-07,1.2536104,1.8102922,1.345471,0.016362912952899933,0.08695228397846222,0.011406726203858852,0.10680227726697922
2893,1.815223217010498,1e-07,1.253602,1.8102671,1.3454616,0.016361171379685402,0.08694480359554291,0.011404984630644321,0.10679412633180618
2894,1.8151981830596924,1e-07,1.2535936,1.810242,1.3454523,0.016359463334083557,0.08693748712539673,0.011403277516365051,0.10678613185882568
2895,1.8151731491088867,1e-07,1.2535853,1.810217,1.345443,0.01635773479938507,0.08693006634712219,0.011401548981666565,0.10677803307771683
2896,1.8151482343673706,1e-07,1.253577,1.8101921,1.3454338,0.016356034204363823,0.08692263066768646,0.011399848386645317,0.10677007585763931
2897,1.8151224851608276,1e-07,1.2535684,1.8101664,1.3454242,0.016354341059923172,0.08691531419754028,0.011398155242204666,0.10676214098930359
2898,1.8150973320007324,1e-07,1.2535602,1.8101412,1.3454149,0.016352586448192596,0.08690787851810455,0.01139640249311924,0.10675393790006638
2899,1.815073013305664,1e-07,1.2535521,1.8101169,1.3454058,0.016350876539945602,0.0869004875421524,0.011394692584872246,0.10674592852592468
2900,1.8150479793548584,1e-07,1.2535436,1.8100919,1.3453965,0.016349177807569504,0.08689312636852264,0.011392992921173573,0.10673796385526657
2901,1.8150228261947632,1e-07,1.2535354,1.8100667,1.3453872,0.016347434371709824,0.08688570559024811,0.011391250416636467,0.10672979801893234
2902,1.8149983882904053,1e-07,1.2535272,1.8100423,1.3453782,0.016345730051398277,0.08687835931777954,0.011389545165002346,0.10672181099653244
2903,1.8149727582931519,1e-07,1.2535187,1.8100166,1.3453686,0.016343994066119194,0.08687084913253784,0.011387808248400688,0.1067136749625206
2904,1.8149473667144775,1e-07,1.2535104,1.8099912,1.3453592,0.016342325136065483,0.08686362206935883,0.011386139318346977,0.10670585185289383
2905,1.8149222135543823,1e-07,1.253502,1.8099661,1.3453498,0.016340583562850952,0.08685602247714996,0.011384397745132446,0.1066976934671402
2906,1.814897894859314,1e-07,1.2534938,1.8099418,1.3453407,0.0163388904184103,0.08684882521629333,0.011382704600691795,0.10668975859880447
2907,1.8148726224899292,1e-07,1.2534853,1.8099165,1.3453313,0.01633717492222786,0.08684143424034119,0.011380989104509354,0.1066817194223404
2908,1.814847469329834,1e-07,1.2534771,1.8098913,1.345322,0.016335463151335716,0.08683398365974426,0.011379278264939785,0.1066737025976181
2909,1.8148226737976074,1e-07,1.2534688,1.8098665,1.3453128,0.01633375510573387,0.08682659268379211,0.01137757021933794,0.10666569322347641
2910,1.8147971630096436,1e-07,1.2534604,1.809841,1.3453033,0.01633201725780964,0.086819127202034,0.011375832371413708,0.10665754973888397
2911,1.814772129058838,1e-07,1.253452,1.809816,1.345294,0.0163302943110466,0.08681178092956543,0.011374110355973244,0.1066494733095169
2912,1.8147478103637695,1e-07,1.2534441,1.8097917,1.3452849,0.01632861979305744,0.08680453896522522,0.01137243490666151,0.10664162039756775
2913,1.8147228956222534,1e-07,1.2534357,1.8097668,1.3452758,0.01632687821984291,0.08679696917533875,0.011370694264769554,0.10663345456123352
2914,1.814697504043579,1e-07,1.2534271,1.8097414,1.3452663,0.016325168311595917,0.08678959310054779,0.011368983425199986,0.10662543773651123
2915,1.8146719932556152,1e-07,1.2534188,1.8097159,1.3452568,0.01632346771657467,0.08678221702575684,0.011367283761501312,0.10661746561527252
2916,1.814647912979126,1e-07,1.2534107,1.8096918,1.3452479,0.01632172428071499,0.08677464723587036,0.011365540325641632,0.1066092848777771
2917,1.8146231174468994,1e-07,1.2534024,1.809667,1.3452387,0.016320055350661278,0.08676743507385254,0.011363871395587921,0.10660146176815033
2918,1.814597487449646,1e-07,1.253394,1.8096414,1.3452291,0.01631831005215645,0.08675992488861084,0.011362127959728241,0.10659328103065491
2919,1.8145720958709717,1e-07,1.2533855,1.809616,1.3452197,0.016316646710038185,0.08675271272659302,0.011360463686287403,0.10658547282218933
2920,1.8145474195480347,1e-07,1.2533773,1.8095913,1.3452106,0.016314880922436714,0.08674512803554535,0.011358698830008507,0.10657719522714615
2921,1.814522624015808,1e-07,1.2533692,1.8095665,1.3452013,0.01631319895386696,0.08673781156539917,0.011357016861438751,0.106569305062294
2922,1.8144969940185547,1e-07,1.2533605,1.8095409,1.3451917,0.016311442479491234,0.08673027157783508,0.011355260387063026,0.10656106472015381
2923,1.8144721984863281,1e-07,1.2533523,1.8095161,1.3451825,0.01630973443388939,0.08672289550304413,0.011353552341461182,0.10655304789543152
2924,1.8144476413726807,1e-07,1.2533442,1.8094915,1.3451734,0.01630806364119053,0.08671556413173676,0.011351881548762321,0.10654520988464355
2925,1.8144214153289795,1e-07,1.2533354,1.8094653,1.3451637,0.016306333243846893,0.08670812845230103,0.011350151151418686,0.10653708875179291
2926,1.8143970966339111,1e-07,1.2533274,1.809441,1.3451546,0.016304638236761093,0.08670076727867126,0.011348456144332886,0.1065291315317154
2927,1.8143715858459473,1e-07,1.2533189,1.8094155,1.3451451,0.01630292646586895,0.08669346570968628,0.011346744373440742,0.10652109980583191
2928,1.8143470287322998,1e-07,1.2533107,1.8093909,1.345136,0.016301222145557404,0.08668598532676697,0.011345041915774345,0.10651310533285141
2929,1.814321517944336,1e-07,1.2533022,1.8093654,1.3451265,0.01629953645169735,0.0866786539554596,0.011343355290591717,0.10650518536567688
2930,1.8142962455749512,1e-07,1.2532939,1.8093401,1.3451171,0.016297781839966774,0.08667120337486267,0.011341601610183716,0.10649695247411728
2931,1.8142718076705933,1e-07,1.2532855,1.8093157,1.345108,0.016296159476041794,0.08666406571865082,0.011339979246258736,0.10648933798074722
2932,1.8142468929290771,1e-07,1.2532774,1.8092908,1.3450989,0.016294395551085472,0.08665637671947479,0.011338215321302414,0.10648105293512344
2933,1.8142212629318237,1e-07,1.253269,1.8092651,1.3450893,0.016292661428451538,0.08664903044700623,0.01133648119866848,0.106472909450531
2934,1.8141969442367554,1e-07,1.2532607,1.8092408,1.3450803,0.01629096455872059,0.08664162456989288,0.01133478432893753,0.1064649447798729
2935,1.8141720294952393,1e-07,1.2532525,1.8092159,1.345071,0.01628926768898964,0.08663417398929596,0.011333087459206581,0.10645697265863419
2936,1.814146876335144,1e-07,1.2532442,1.8091908,1.3450617,0.01628755033016205,0.08662678301334381,0.011331369169056416,0.10644890367984772
2937,1.8141210079193115,1e-07,1.2532355,1.8091649,1.345052,0.016285844147205353,0.08661946654319763,0.011329663917422295,0.10644089430570602
2938,1.8140959739685059,1e-07,1.2532274,1.8091398,1.3450427,0.016284164041280746,0.08661206066608429,0.011327982880175114,0.10643299669027328
2939,1.8140709400177002,1e-07,1.2532188,1.8091148,1.3450334,0.01628240942955017,0.0866045206785202,0.011326229199767113,0.10642475634813309
2940,1.814046859741211,1e-07,1.2532109,1.8090907,1.3450245,0.01628069020807743,0.08659712970256805,0.011324509978294373,0.10641667991876602
2941,1.814021348953247,1e-07,1.2532024,1.8090652,1.3450149,0.016279004514217377,0.08658970892429352,0.011322824284434319,0.10640875995159149
2942,1.8139967918395996,1e-07,1.2531943,1.8090407,1.3450059,0.016277309507131577,0.08658237755298615,0.011321129277348518,0.10640079528093338
2943,1.8139710426330566,1e-07,1.2531857,1.8090149,1.3449962,0.01627558469772339,0.08657494187355042,0.011319405399262905,0.10639269649982452
2944,1.8139466047286987,1e-07,1.2531775,1.8089905,1.3449872,0.01627391204237938,0.08656759560108185,0.011317732743918896,0.10638483613729477
2945,1.8139208555221558,1e-07,1.2531691,1.8089647,1.3449776,0.016272230073809624,0.08656033873558044,0.01131605077534914,0.10637693107128143
2946,1.8138957023620605,1e-07,1.2531606,1.8089396,1.3449682,0.01627054251730442,0.08655296266078949,0.011314362287521362,0.10636898875236511
2947,1.813870906829834,1e-07,1.2531525,1.8089148,1.344959,0.016268810257315636,0.08654540777206421,0.011312630958855152,0.10636085271835327
2948,1.8138463497161865,1e-07,1.2531441,1.8088902,1.3449498,0.016267089173197746,0.08653801679611206,0.011310908943414688,0.10635275393724442
2949,1.8138208389282227,1e-07,1.2531358,1.8088647,1.3449404,0.01626538671553135,0.08653062582015991,0.011309207417070866,0.10634475946426392
2950,1.8137964010238647,1e-07,1.2531276,1.8088403,1.3449314,0.016263723373413086,0.08652326464653015,0.011307543143630028,0.10633692890405655
2951,1.81377112865448,1e-07,1.2531191,1.808815,1.344922,0.016262011602520943,0.08651599287986755,0.011305831372737885,0.10632888227701187
2952,1.8137463331222534,1e-07,1.2531109,1.8087902,1.3449128,0.016260260716080666,0.0865083783864975,0.011304081417620182,0.10632065683603287
2953,1.813720941543579,1e-07,1.2531025,1.8087648,1.3449032,0.016258563846349716,0.08650094270706177,0.011302385479211807,0.10631267726421356
2954,1.8136963844299316,1e-07,1.2530944,1.8087403,1.3448942,0.01625685766339302,0.086493581533432,0.011300678364932537,0.10630464553833008
2955,1.813671350479126,1e-07,1.2530861,1.8087152,1.3448849,0.01625518687069416,0.08648625016212463,0.011299008503556252,0.10629679262638092
2956,1.813645839691162,1e-07,1.2530775,1.8086897,1.3448753,0.01625349186360836,0.08647888898849487,0.011297311633825302,0.10628881305456161
2957,1.8136214017868042,1e-07,1.2530695,1.8086653,1.3448663,0.01625181920826435,0.08647146821022034,0.011295640841126442,0.10628095269203186
2958,1.8135956525802612,1e-07,1.2530608,1.8086395,1.3448567,0.01625005155801773,0.08646383881568909,0.011293871328234673,0.1062726303935051
2959,1.8135709762573242,1e-07,1.2530526,1.8086149,1.3448476,0.016248390078544617,0.08645662665367126,0.011292210780084133,0.10626481473445892
2960,1.8135457038879395,1e-07,1.2530442,1.8085896,1.3448381,0.016246655955910683,0.08644917607307434,0.011290475726127625,0.1062566488981247
2961,1.813520908355713,1e-07,1.2530361,1.8085648,1.344829,0.01624499447643757,0.08644188940525055,0.01128881424665451,0.10624883323907852
2962,1.8134958744049072,1e-07,1.2530276,1.8085397,1.3448195,0.01624327525496483,0.08643443882465363,0.01128709688782692,0.10624074935913086
2963,1.813470721244812,1e-07,1.2530195,1.8085146,1.3448102,0.016241546720266342,0.08642686903476715,0.011285368353128433,0.10623261332511902
2964,1.8134453296661377,1e-07,1.2530109,1.8084892,1.3448008,0.016239875927567482,0.08641955256462097,0.011283699423074722,0.10622476041316986
2965,1.8134207725524902,1e-07,1.2530026,1.8084646,1.3447917,0.016238156706094742,0.08641207218170166,0.011281980201601982,0.1062166690826416
2966,1.8133958578109741,1e-07,1.2529944,1.8084397,1.3447824,0.016236480325460434,0.08640483021736145,0.011280303820967674,0.10620877146720886
2967,1.8133699893951416,1e-07,1.2529858,1.8084139,1.3447728,0.016234751790761948,0.08639733493328094,0.011278574354946613,0.10620063543319702
2968,1.813346266746521,1e-07,1.252978,1.8083901,1.344764,0.016233067959547043,0.0863899290561676,0.011276891455054283,0.1061927080154419
2969,1.8133206367492676,1e-07,1.2529694,1.8083645,1.3447545,0.01623138040304184,0.08638259768486023,0.01127520389854908,0.10618476569652557
2970,1.8132961988449097,1e-07,1.2529613,1.8083401,1.3447454,0.01622968167066574,0.08637529611587524,0.011273505166172981,0.10617676377296448
2971,1.8132704496383667,1e-07,1.2529527,1.8083143,1.3447357,0.016227979212999344,0.08636771142482758,0.011271802708506584,0.10616874694824219
2972,1.8132455348968506,1e-07,1.2529445,1.8082894,1.3447266,0.016226287931203842,0.08636042475700378,0.011270111426711082,0.10616078227758408
2973,1.8132203817367554,1e-07,1.2529361,1.8082643,1.3447171,0.016224563121795654,0.0863528698682785,0.01126838754862547,0.10615266114473343
2974,1.8131952285766602,1e-07,1.2529277,1.8082391,1.3447078,0.016222916543483734,0.08634570240974426,0.011266740970313549,0.10614490509033203
2975,1.8131699562072754,1e-07,1.2529193,1.8082138,1.3446984,0.016221245750784874,0.0863383412361145,0.011265069246292114,0.10613702982664108
2976,1.8131455183029175,1e-07,1.2529112,1.8081894,1.3446894,0.016219504177570343,0.08633080124855042,0.011263327673077583,0.10612882673740387
2977,1.8131202459335327,1e-07,1.2529029,1.8081641,1.34468,0.016217799857258797,0.08632330596446991,0.011261624284088612,0.10612080246210098
2978,1.813094973564148,1e-07,1.2528943,1.8081388,1.3446705,0.016216162592172623,0.08631613850593567,0.011259987950325012,0.10611309111118317
2979,1.8130697011947632,1e-07,1.2528859,1.8081136,1.3446611,0.01621442474424839,0.08630861341953278,0.01125825010240078,0.10610490292310715
2980,1.8130450248718262,1e-07,1.2528778,1.8080889,1.3446519,0.016212744638323784,0.08630123734474182,0.011256569996476173,0.10609698295593262
2981,1.813020944595337,1e-07,1.2528697,1.8080648,1.344643,0.01621105708181858,0.08629389107227325,0.01125488243997097,0.1060890331864357
2982,1.812995433807373,1e-07,1.2528611,1.8080393,1.3446336,0.01620934158563614,0.08628638088703156,0.011253166012465954,0.10608094185590744
2983,1.8129706382751465,1e-07,1.252853,1.8080145,1.3446243,0.01620759442448616,0.08627884089946747,0.01125141978263855,0.10607270896434784
2984,1.81294584274292,1e-07,1.2528447,1.8079897,1.3446151,0.01620597392320633,0.08627162873744965,0.011249799281358719,0.10606507211923599
2985,1.812920093536377,1e-07,1.2528362,1.807964,1.3446056,0.01620425470173359,0.08626416325569153,0.011248080059885979,0.10605696588754654
2986,1.8128957748413086,1e-07,1.2528281,1.8079396,1.3445965,0.01620258204638958,0.08625684678554535,0.011246406473219395,0.1060490757226944
2987,1.8128700256347656,1e-07,1.2528195,1.8079139,1.3445868,0.016200896352529526,0.08624951541423798,0.011244721710681915,0.10604113340377808
2988,1.8128451108932495,1e-07,1.2528113,1.807889,1.3445777,0.016199206933379173,0.08624203503131866,0.011243031360208988,0.10603316128253937
2989,1.812820315361023,1e-07,1.252803,1.8078642,1.3445684,0.016197429969906807,0.08623431622982025,0.011241255328059196,0.10602478682994843
2990,1.81279456615448,1e-07,1.2527944,1.8078384,1.3445588,0.01619577594101429,0.08622704446315765,0.01123960129916668,0.10601698607206345
2991,1.812770128250122,1e-07,1.2527863,1.807814,1.3445498,0.016194066032767296,0.08621959388256073,0.011237891390919685,0.10600892454385757
2992,1.8127449750900269,1e-07,1.2527779,1.8077888,1.3445404,0.01619243621826172,0.08621238172054291,0.011236262507736683,0.10600123554468155
2993,1.8127200603485107,1e-07,1.2527696,1.8077639,1.3445312,0.016190731897950172,0.08620496094226837,0.011234557256102562,0.10599319636821747
2994,1.8126952648162842,1e-07,1.2527614,1.8077391,1.3445219,0.016189027577638626,0.08619758486747742,0.011232852935791016,0.10598515719175339
2995,1.8126699924468994,1e-07,1.252753,1.8077139,1.3445125,0.016187317669391632,0.0861901193857193,0.011231143027544022,0.10597708821296692
2996,1.8126448392868042,1e-07,1.2527447,1.8076887,1.3445032,0.016185643151402473,0.08618271350860596,0.011229468509554863,0.10596918314695358
2997,1.8126200437545776,1e-07,1.2527364,1.8076639,1.344494,0.01618398167192936,0.08617536723613739,0.011227807030081749,0.10596134513616562
2998,1.8125944137573242,1e-07,1.2527279,1.8076383,1.3444844,0.016182249411940575,0.08616791665554047,0.011226074770092964,0.1059531718492508
2999,1.8125691413879395,1e-07,1.2527195,1.807613,1.344475,0.016180600970983505,0.08616067469120026,0.011224426329135895,0.1059453934431076
3000,1.8125450611114502,1e-07,1.2527114,1.8075889,1.3444661,0.016178876161575317,0.08615303039550781,0.011222701519727707,0.10593724995851517
3001,1.8125202655792236,1e-07,1.2527032,1.8075641,1.3444568,0.016177184879779816,0.08614562451839447,0.011221010237932205,0.10592927038669586
3002,1.8124947547912598,1e-07,1.2526947,1.8075386,1.3444474,0.01617547869682312,0.08613818883895874,0.011219303123652935,0.10592120885848999
3003,1.8124698400497437,1e-07,1.2526864,1.8075137,1.3444381,0.01617381162941456,0.08613082766532898,0.011217636987566948,0.10591334849596024
3004,1.8124442100524902,1e-07,1.2526779,1.8074881,1.3444285,0.0161721333861351,0.08612354099750519,0.01121595874428749,0.10590542107820511
3005,1.8124194145202637,1e-07,1.2526697,1.8074633,1.3444194,0.016170430928468704,0.0861160159111023,0.011214258149266243,0.10589739680290222
3006,1.812394142150879,1e-07,1.2526613,1.807438,1.34441,0.01616876758635044,0.08610865473747253,0.01121259294450283,0.10588952898979187
3007,1.8123698234558105,1e-07,1.2526531,1.8074137,1.3444009,0.016167066991329193,0.086101233959198,0.011210894212126732,0.10588151216506958
3008,1.8123443126678467,1e-07,1.2526447,1.8073882,1.3443913,0.01616538316011429,0.08609393239021301,0.011209210380911827,0.10587355494499207
3009,1.8123199939727783,1e-07,1.2526366,1.8073639,1.3443823,0.01616370677947998,0.08608651161193848,0.01120753400027752,0.10586564242839813
3010,1.812294363975525,1e-07,1.2526281,1.8073382,1.3443727,0.01616198942065239,0.08607901632785797,0.011205818504095078,0.10585753619670868
3011,1.8122692108154297,1e-07,1.2526196,1.8073131,1.3443635,0.016160350292921066,0.08607178926467896,0.01120417844504118,0.10584979504346848
3012,1.8122446537017822,1e-07,1.2526114,1.8072885,1.3443543,0.016158629208803177,0.08606421947479248,0.01120245736092329,0.10584165900945663
3013,1.8122191429138184,1e-07,1.252603,1.807263,1.3443449,0.016156964004039764,0.08605697751045227,0.011200792156159878,0.10583379864692688
3014,1.8121942281723022,1e-07,1.2525948,1.8072381,1.3443356,0.016155287623405457,0.08604949712753296,0.01119911577552557,0.10582587122917175
3015,1.8121693134307861,1e-07,1.2525864,1.8072132,1.3443263,0.016153590753674507,0.08604210615158081,0.011197419837117195,0.10581786185503006
3016,1.812144160270691,1e-07,1.2525781,1.807188,1.344317,0.016151905059814453,0.08603468537330627,0.011195734143257141,0.10580989718437195
3017,1.8121190071105957,1e-07,1.2525698,1.8071629,1.3443075,0.016150208190083504,0.08602726459503174,0.011194037273526192,0.10580188035964966
3018,1.8120946884155273,1e-07,1.2525617,1.8071386,1.3442985,0.016148502007126808,0.08601975440979004,0.011192331090569496,0.10579381138086319
3019,1.8120694160461426,1e-07,1.2525531,1.8071133,1.3442892,0.01614682376384735,0.08601237833499908,0.011190654709935188,0.10578589141368866
3020,1.812044620513916,1e-07,1.252545,1.8070885,1.3442799,0.01614518091082573,0.08600513637065887,0.011189011856913567,0.10577812790870667
3021,1.8120191097259521,1e-07,1.2525364,1.807063,1.3442705,0.016143448650836945,0.0859975665807724,0.011187278665602207,0.10576993227005005
3022,1.8119938373565674,1e-07,1.2525281,1.8070377,1.344261,0.016141781583428383,0.08599019050598145,0.01118561066687107,0.1057620495557785
3023,1.8119690418243408,1e-07,1.2525198,1.8070129,1.3442518,0.01614009030163288,0.08598268032073975,0.01118391938507557,0.105754055082798
3024,1.8119442462921143,1e-07,1.2525115,1.8069881,1.3442426,0.01613839715719223,0.0859752893447876,0.011182226240634918,0.10574604570865631
3025,1.8119194507598877,1e-07,1.2525034,1.8069633,1.3442334,0.016136715188622475,0.08596791326999664,0.011180545203387737,0.1057380959391594
3026,1.8118942975997925,1e-07,1.252495,1.8069382,1.344224,0.01613503322005272,0.08596047759056091,0.011178863234817982,0.10573014616966248
3027,1.8118691444396973,1e-07,1.2524866,1.806913,1.3442147,0.01613333262503147,0.08595296740531921,0.011177163571119308,0.1057221069931984
3028,1.8118447065353394,1e-07,1.2524784,1.8068886,1.3442055,0.016131671145558357,0.08594566583633423,0.01117550116032362,0.10571424663066864
3029,1.8118188381195068,1e-07,1.2524699,1.8068627,1.344196,0.01613004133105278,0.0859384834766388,0.011173871345818043,0.10570653527975082
3030,1.8117945194244385,1e-07,1.2524618,1.8068384,1.3441869,0.01612831838428974,0.08593091368675232,0.011172149330377579,0.10569839179515839
3031,1.811768889427185,1e-07,1.2524532,1.8068128,1.3441774,0.016126656904816628,0.08592362701892853,0.011170487850904465,0.10569053143262863
3032,1.811743974685669,1e-07,1.2524449,1.8067878,1.3441681,0.01612492837011814,0.08591599762439728,0.011168758384883404,0.10568234324455261
3033,1.8117194175720215,1e-07,1.2524366,1.8067633,1.344159,0.01612330786883831,0.08590874075889587,0.011167138814926147,0.10567468404769897
3034,1.8116939067840576,1e-07,1.2524283,1.8067378,1.3441495,0.01612160913646221,0.0859014093875885,0.011165440082550049,0.1056666448712349
3035,1.811669111251831,1e-07,1.2524201,1.806713,1.3441403,0.016119904816150665,0.08589380979537964,0.011163734830915928,0.10565857589244843
3036,1.8116440773010254,1e-07,1.2524116,1.806688,1.3441309,0.016118234023451805,0.08588647842407227,0.011162064969539642,0.10565067082643509
3037,1.8116192817687988,1e-07,1.2524034,1.8066632,1.3441217,0.016116533428430557,0.08587902784347534,0.011160364374518394,0.10564262419939041
3038,1.8115943670272827,1e-07,1.252395,1.8066382,1.3441124,0.01611487753689289,0.08587166666984558,0.011158708482980728,0.10563478618860245
3039,1.8115686178207397,1e-07,1.2523866,1.8066125,1.3441029,0.016113165766000748,0.08586406707763672,0.011156996712088585,0.10562668740749359
3040,1.8115437030792236,1e-07,1.2523781,1.8065876,1.3440936,0.016111496835947037,0.08585681021213531,0.011155327782034874,0.10561878234148026
3041,1.811518669128418,1e-07,1.2523699,1.8065625,1.3440843,0.01610986515879631,0.08584952354431152,0.011153696104884148,0.10561106353998184
3042,1.8114937543869019,1e-07,1.2523617,1.8065376,1.344075,0.0161081962287426,0.08584211766719818,0.011152026243507862,0.10560315102338791
3043,1.8114689588546753,1e-07,1.2523533,1.8065128,1.3440658,0.016106491908431053,0.08583462238311768,0.01115032285451889,0.10559508949518204
3044,1.8114436864852905,1e-07,1.252345,1.8064876,1.3440564,0.016104787588119507,0.08582714200019836,0.011148618534207344,0.10558702051639557
3045,1.8114190101623535,1e-07,1.2523369,1.8064629,1.3440472,0.016103139147162437,0.08581984043121338,0.011146970093250275,0.10557921230792999
3046,1.8113945722579956,1e-07,1.2523286,1.8064384,1.3440381,0.01610145904123783,0.08581243455410004,0.011145289987325668,0.10557125508785248
3047,1.8113694190979004,1e-07,1.2523203,1.8064133,1.3440287,0.01609979197382927,0.08580508828163147,0.011143622919917107,0.10556335747241974
3048,1.8113439083099365,1e-07,1.2523117,1.8063878,1.3440193,0.01609807461500168,0.08579745888710022,0.011141905561089516,0.1055552288889885
3049,1.8113192319869995,1e-07,1.2523035,1.8063631,1.3440101,0.01609642244875431,0.08579015731811523,0.011140253394842148,0.10554739832878113
3050,1.811293601989746,1e-07,1.252295,1.8063375,1.3440006,0.016094770282506943,0.08578288555145264,0.011138602159917355,0.10553957521915436
3051,1.8112683296203613,1e-07,1.2522867,1.8063122,1.3439912,0.016093051061034203,0.08577525615692139,0.01113688200712204,0.10553142428398132
3052,1.8112432956695557,1e-07,1.2522782,1.8062872,1.3439819,0.01609141007065773,0.0857679545879364,0.011135241948068142,0.10552365332841873
3053,1.811218500137329,1e-07,1.25227,1.8062624,1.3439726,0.016089754179120064,0.08576065301895142,0.011133585125207901,0.10551580786705017
3054,1.8111937046051025,1e-07,1.2522618,1.8062376,1.3439634,0.016088034957647324,0.08575305342674255,0.01113186590373516,0.10550765693187714
3055,1.811167597770691,1e-07,1.2522532,1.8062115,1.3439537,0.016086408868432045,0.08574579656124115,0.011130241677165031,0.10549996048212051
3056,1.8111438751220703,1e-07,1.2522453,1.8061877,1.3439448,0.016084695234894753,0.0857384204864502,0.011128528974950314,0.10549184679985046
3057,1.8111186027526855,1e-07,1.2522367,1.8061625,1.3439355,0.01608302816748619,0.08573086559772491,0.011126861907541752,0.10548394173383713
3058,1.8110942840576172,1e-07,1.2522287,1.8061382,1.3439264,0.016081348061561584,0.08572351932525635,0.01112518273293972,0.10547598451375961
3059,1.8110697269439697,1e-07,1.2522205,1.8061136,1.3439173,0.016079675406217575,0.0857161283493042,0.011123509146273136,0.10546804964542389
3060,1.811043620109558,1e-07,1.2522117,1.8060875,1.3439076,0.016077997162938118,0.08570867776870728,0.011121831834316254,0.10546009242534637
3061,1.8110193014144897,1e-07,1.2522038,1.8060632,1.3438985,0.0160763468593359,0.0857013463973999,0.011120181530714035,0.1054522693157196
3062,1.8109935522079468,1e-07,1.2521952,1.8060374,1.3438889,0.01607464998960495,0.08569380640983582,0.011118484660983086,0.10544422268867493
3063,1.8109686374664307,1e-07,1.2521869,1.8060125,1.3438797,0.01607297733426094,0.08568641543388367,0.01111681293696165,0.1054362952709198
3064,1.8109434843063354,1e-07,1.2521785,1.8059874,1.3438703,0.016071299090981483,0.08567896485328674,0.01111513376235962,0.10542833805084229
3065,1.8109180927276611,1e-07,1.2521701,1.805962,1.3438609,0.01606963947415352,0.08567169308662415,0.011113474145531654,0.10542046278715134
3066,1.8108935356140137,1e-07,1.2521619,1.8059374,1.3438517,0.016067974269390106,0.08566421270370483,0.011111808009445667,0.105412557721138
3067,1.8108681440353394,1e-07,1.2521534,1.805912,1.3438423,0.016066282987594604,0.08565685153007507,0.011110118590295315,0.10540454834699631
3068,1.8108428716659546,1e-07,1.252145,1.8058867,1.3438329,0.016064604744315147,0.08564925193786621,0.011108439415693283,0.1053965836763382
3069,1.8108172416687012,1e-07,1.2521366,1.8058611,1.3438233,0.01606295071542263,0.08564199507236481,0.011106785386800766,0.10538873821496964
3070,1.810793399810791,1e-07,1.2521286,1.8058373,1.3438145,0.016061250120401382,0.08563438057899475,0.011105084791779518,0.10538066923618317
3071,1.8107688426971436,1e-07,1.2521204,1.8058127,1.3438053,0.016059620305895805,0.08562721312046051,0.011103454977273941,0.10537293553352356
3072,1.810743808746338,1e-07,1.252112,1.8057877,1.343796,0.016057945787906647,0.08561976253986359,0.011101780459284782,0.10536498576402664
3073,1.8107179403305054,1e-07,1.2521034,1.8057618,1.3437864,0.016056302934885025,0.08561241626739502,0.01110013760626316,0.10535719245672226
3074,1.810692310333252,1e-07,1.2520951,1.8057362,1.3437768,0.016054607927799225,0.08560489118099213,0.01109844446182251,0.10534915328025818
3075,1.8106677532196045,1e-07,1.2520868,1.8057116,1.3437676,0.016052938997745514,0.08559751510620117,0.011096774600446224,0.10534122586250305
3076,1.8106434345245361,1e-07,1.2520787,1.8056873,1.3437587,0.016051212325692177,0.0855899453163147,0.011095047928392887,0.10533303022384644
3077,1.8106184005737305,1e-07,1.2520702,1.8056623,1.3437493,0.016049610450863838,0.08558288216590881,0.011093446053564548,0.10532543063163757
3078,1.810592532157898,1e-07,1.2520617,1.8056364,1.3437397,0.016047904267907143,0.08557519316673279,0.011091739870607853,0.10531733185052872
3079,1.81056809425354,1e-07,1.2520535,1.805612,1.3437306,0.016046252101659775,0.08556786179542542,0.01109008863568306,0.10530948638916016
3080,1.8105429410934448,1e-07,1.2520452,1.8055868,1.3437213,0.016044633463025093,0.08556067943572998,0.011088469997048378,0.10530180484056473
3081,1.8105177879333496,1e-07,1.2520369,1.8055617,1.3437119,0.01604292169213295,0.08555303514003754,0.01108675729483366,0.10529366880655289
3082,1.8104932308197021,1e-07,1.2520286,1.8055371,1.3437028,0.01604125089943409,0.08554567396640778,0.011085087433457375,0.10528574138879776
3083,1.8104677200317383,1e-07,1.2520202,1.8055116,1.3436933,0.016039591282606125,0.08553829789161682,0.01108342781662941,0.10527785867452621
3084,1.8104426860809326,1e-07,1.2520118,1.8054866,1.343684,0.01603793539106846,0.08553087711334229,0.011081771925091743,0.10526999831199646
3085,1.8104181289672852,1e-07,1.2520037,1.805462,1.3436748,0.016036257147789,0.08552348613739014,0.011080093681812286,0.10526202619075775
3086,1.8103928565979004,1e-07,1.2519952,1.8054367,1.3436654,0.01603459194302559,0.08551600575447083,0.011078428477048874,0.10525411367416382
3087,1.8103679418563843,1e-07,1.251987,1.8054118,1.3436562,0.01603291556239128,0.08550854027271271,0.01107675302773714,0.1052461564540863
3088,1.8103430271148682,1e-07,1.2519786,1.8053869,1.3436469,0.016031259670853615,0.08550125360488892,0.0110750962048769,0.10523828119039536
3089,1.8103187084197998,1e-07,1.2519705,1.8053626,1.3436378,0.016029560938477516,0.08549362421035767,0.011073397472500801,0.10523021221160889
3090,1.8102930784225464,1e-07,1.2519621,1.805337,1.3436283,0.016027906909585,0.08548633754253387,0.011071743443608284,0.10522235184907913
3091,1.810267686843872,1e-07,1.2519535,1.8053116,1.3436189,0.016026245430111885,0.08547890186309814,0.011070082895457745,0.10521446168422699
3092,1.8102428913116455,1e-07,1.2519454,1.8052868,1.3436096,0.016024593263864517,0.0854714959859848,0.011068430729210377,0.10520660877227783
3093,1.810218095779419,1e-07,1.251937,1.805262,1.3436004,0.01602291315793991,0.08546410501003265,0.011066751554608345,0.10519862920045853
3094,1.810192584991455,1e-07,1.2519286,1.8052365,1.3435909,0.016021249815821648,0.08545665442943573,0.011065088212490082,0.10519072413444519
3095,1.8101685047149658,1e-07,1.2519205,1.8052124,1.3435819,0.016019606962800026,0.08544927835464478,0.01106344349682331,0.10518290847539902
3096,1.810142993927002,1e-07,1.251912,1.8051869,1.3435724,0.016017939895391464,0.08544187247753143,0.011061778292059898,0.10517498850822449
3097,1.8101177215576172,1e-07,1.2519037,1.8051616,1.3435631,0.016016293317079544,0.08543452620506287,0.011060129851102829,0.10516715049743652
3098,1.8100924491882324,1e-07,1.2518952,1.8051363,1.3435537,0.016014602035284042,0.08542697131633759,0.011058438569307327,0.10515911132097244
3099,1.8100680112838745,1e-07,1.2518872,1.8051119,1.3435445,0.016012966632843018,0.08541969954967499,0.011056805029511452,0.10515134036540985
3100,1.8100428581237793,1e-07,1.2518787,1.8050867,1.3435352,0.01601126790046692,0.0854121744632721,0.011055107228457928,0.10514327138662338
3101,1.8100178241729736,1e-07,1.2518703,1.8050617,1.3435259,0.016009636223316193,0.0854049026966095,0.011053476482629776,0.10513551533222198
3102,1.809992790222168,1e-07,1.251862,1.8050367,1.3435166,0.01600796915590763,0.08539746701717377,0.011051809415221214,0.10512758791446686
3103,1.8099677562713623,1e-07,1.2518537,1.8050116,1.3435072,0.016006285324692726,0.08538994193077087,0.01105012558400631,0.10511957854032516
3104,1.8099427223205566,1e-07,1.2518454,1.8049866,1.3434979,0.016004659235477448,0.08538271486759186,0.011048498563468456,0.10511183738708496
3105,1.8099178075790405,1e-07,1.2518369,1.8049617,1.3434886,0.01600297912955284,0.08537513017654419,0.01104681845754385,0.10510384291410446
3106,1.8098931312561035,1e-07,1.2518288,1.804937,1.3434794,0.016001299023628235,0.08536770939826965,0.011045139282941818,0.10509585589170456
3107,1.8098680973052979,1e-07,1.2518206,1.804912,1.3434701,0.01599963754415512,0.08536042273044586,0.011043477803468704,0.10508795082569122
3108,1.809842586517334,1e-07,1.251812,1.8048865,1.3434607,0.015998011454939842,0.08535304665565491,0.011041851714253426,0.10508021712303162
3109,1.8098177909851074,1e-07,1.2518038,1.8048617,1.3434514,0.015996364876627922,0.08534571528434753,0.01104020606726408,0.10507238656282425
3110,1.8097929954528809,1e-07,1.2517955,1.8048369,1.3434422,0.015994694083929062,0.08533817529678345,0.011038534343242645,0.10506442934274673
3111,1.8097676038742065,1e-07,1.2517871,1.8048115,1.3434327,0.015993043780326843,0.08533079922199249,0.011036884970963001,0.10505657643079758
3112,1.8097431659698486,1e-07,1.251779,1.804787,1.3434236,0.015991391614079475,0.08532342314720154,0.011035231873393059,0.10504870861768723
3113,1.809717059135437,1e-07,1.2517703,1.8047609,1.343414,0.01598973013460636,0.08531603217124939,0.011033570393919945,0.10504080355167389
3114,1.8096935749053955,1e-07,1.2517624,1.8047374,1.3434051,0.015988070517778397,0.08530852198600769,0.01103191077709198,0.10503290593624115
3115,1.8096678256988525,1e-07,1.2517537,1.8047117,1.3433956,0.01598641835153103,0.08530114591121674,0.011030258610844612,0.1050250381231308
3116,1.809643268585205,1e-07,1.2517457,1.8046871,1.3433864,0.015984762459993362,0.08529379963874817,0.011028602719306946,0.10501715540885925
3117,1.809617519378662,1e-07,1.2517372,1.8046614,1.3433769,0.01598309352993965,0.08528633415699005,0.011026933789253235,0.10500920563936234
3118,1.809592604637146,1e-07,1.2517288,1.8046365,1.3433676,0.015981415286660194,0.08527879416942596,0.011025256477296352,0.10500121861696243
3119,1.8095673322677612,1e-07,1.2517203,1.8046112,1.3433582,0.015979791060090065,0.08527155220508575,0.011023632250726223,0.10499348491430283
3120,1.8095433712005615,1e-07,1.2517123,1.8045872,1.3433492,0.0159781314432621,0.0852641761302948,0.011021972633898258,0.10498557984828949
3121,1.8095178604125977,1e-07,1.2517039,1.8045617,1.3433398,0.015976471826434135,0.08525663614273071,0.011020312085747719,0.10497767478227615
3122,1.809492588043213,1e-07,1.2516955,1.8045365,1.3433304,0.015974801033735275,0.08524924516677856,0.011018643155694008,0.10496972501277924
3123,1.8094676733016968,1e-07,1.2516872,1.8045115,1.3433211,0.015973178669810295,0.0852418839931488,0.011017019860446453,0.10496199131011963
3124,1.8094429969787598,1e-07,1.2516788,1.8044869,1.3433119,0.015971506014466286,0.08523446321487427,0.011015348136425018,0.10495402663946152
3125,1.8094182014465332,1e-07,1.2516707,1.8044621,1.3433027,0.015969811007380486,0.08522689342498779,0.011013653129339218,0.10494595021009445
3126,1.8093924522399902,1e-07,1.2516621,1.8044363,1.3432931,0.0159682035446167,0.08521959185600281,0.011012045666575432,0.10493829101324081
3127,1.8093680143356323,1e-07,1.251654,1.8044119,1.343284,0.01596655510365963,0.08521221578121185,0.011010397225618362,0.10493043810129166
3128,1.8093432188034058,1e-07,1.2516456,1.8043871,1.3432747,0.015964876860380173,0.0852048397064209,0.01100871805101633,0.10492243617773056
3129,1.809317946434021,1e-07,1.2516373,1.8043618,1.3432654,0.015963239595294,0.08520171046257019,0.011007080785930157,0.10491463541984558
3130,1.809293270111084,1e-07,1.2516291,1.8043371,1.3432561,0.01596160978078842,0.08519969880580902,0.011005451902747154,0.10490687191486359
3131,1.8092678785324097,1e-07,1.2516207,1.8043118,1.3432467,0.015959924086928368,0.08519744873046875,0.0110037662088871,0.1048988401889801
3132,1.809241771697998,1e-07,1.251612,1.8042856,1.343237,0.015958264470100403,0.08519524335861206,0.011002106592059135,0.10489092767238617
3133,1.8092176914215088,1e-07,1.251604,1.8042616,1.343228,0.01595664769411087,0.08519335091114044,0.011000490747392178,0.10488322377204895
3134,1.8091925382614136,1e-07,1.2515954,1.8042364,1.3432187,0.015954937785863876,0.08519105613231659,0.010998779907822609,0.10487506538629532
3135,1.8091681003570557,1e-07,1.2515873,1.804212,1.3432096,0.01595332659780979,0.08518895506858826,0.010997168719768524,0.10486738383769989
3136,1.8091425895690918,1e-07,1.2515788,1.8041865,1.3432001,0.01595165953040123,0.08518682420253754,0.010995501652359962,0.10485943406820297
3137,1.8091175556182861,1e-07,1.2515706,1.8041614,1.3431908,0.015949999913573265,0.08518463373184204,0.010993842035531998,0.10485152155160904
3138,1.8090922832489014,1e-07,1.2515621,1.8041362,1.3431814,0.015948383137583733,0.08518260717391968,0.01099222619086504,0.10484381765127182
3139,1.809068202972412,1e-07,1.251554,1.8041121,1.3431724,0.015946701169013977,0.08518041670322418,0.01099054329097271,0.10483579337596893
3140,1.8090431690216064,1e-07,1.2515458,1.804087,1.3431631,0.0159450713545084,0.08517840504646301,0.010988913476467133,0.10482801496982574
3141,1.8090181350708008,1e-07,1.2515374,1.804062,1.3431537,0.015943437814712524,0.08517621457576752,0.010987279936671257,0.10482022911310196
3142,1.808992862701416,1e-07,1.2515291,1.8040367,1.3431443,0.015941744670271873,0.08517403900623322,0.01098558772355318,0.1048121526837349
3143,1.8089678287506104,1e-07,1.2515208,1.8040117,1.343135,0.015940114855766296,0.0851718932390213,0.010983958840370178,0.1048043817281723
3144,1.8089425563812256,1e-07,1.2515123,1.8039864,1.3431256,0.015938451513648033,0.08516976237297058,0.010982295498251915,0.10479644685983658
3145,1.8089178800582886,1e-07,1.2515041,1.8039618,1.3431164,0.015936817973852158,0.08516773581504822,0.010980661027133465,0.1047886461019516
3146,1.8088927268981934,1e-07,1.2514957,1.8039366,1.3431071,0.015935136005282402,0.08516542613506317,0.010978980921208858,0.10478062927722931
3147,1.8088678121566772,1e-07,1.2514874,1.8039117,1.3430978,0.015933502465486526,0.08516335487365723,0.010977346450090408,0.10477283596992493
3148,1.8088433742523193,1e-07,1.2514793,1.8038872,1.3430887,0.01593187265098095,0.0851612538099289,0.01097571849822998,0.10476506501436234
3149,1.8088173866271973,1e-07,1.2514706,1.8038613,1.343079,0.01593022793531418,0.08515921235084534,0.01097407378256321,0.10475721210241318
3150,1.8087928295135498,1e-07,1.2514625,1.8038367,1.3430699,0.015928547829389572,0.08515693247318268,0.010972392745316029,0.10474918782711029
3151,1.8087677955627441,1e-07,1.2514541,1.8038117,1.3430606,0.015926947817206383,0.08515498042106628,0.010970793664455414,0.10474155843257904
3152,1.8087430000305176,1e-07,1.2514459,1.8037869,1.3430513,0.015925269573926926,0.08515265583992004,0.010969114489853382,0.10473354160785675
3153,1.8087185621261597,1e-07,1.2514377,1.8037624,1.3430423,0.015923641622066498,0.08515059947967529,0.010967486537992954,0.10472577065229416
3154,1.8086926937103271,1e-07,1.251429,1.8037366,1.3430326,0.015921976417303085,0.08514845371246338,0.010965822264552116,0.10471782088279724
3155,1.8086676597595215,1e-07,1.2514207,1.8037115,1.3430233,0.015920337289571762,0.08514641225337982,0.010964182205498219,0.10470999032258987
3156,1.8086426258087158,1e-07,1.2514124,1.8036865,1.343014,0.0159186702221632,0.08514416217803955,0.010962516069412231,0.10470203310251236
3157,1.8086183071136475,1e-07,1.2514043,1.8036622,1.343005,0.01591704972088337,0.08514204621315002,0.010960896499454975,0.10469429939985275
3158,1.8085923194885254,1e-07,1.2513956,1.8036362,1.3429953,0.015915412455797195,0.08514006435871124,0.010959259234368801,0.10468648374080658
3159,1.8085675239562988,1e-07,1.2513875,1.8036114,1.342986,0.01591375656425953,0.08513782918453217,0.01095760241150856,0.10467856377363205
3160,1.808543086051941,1e-07,1.2513794,1.803587,1.3429769,0.01591210626065731,0.08513565361499786,0.010955952107906342,0.1046706810593605
3161,1.8085182905197144,1e-07,1.2513709,1.8035622,1.3429676,0.015910468995571136,0.0851336419582367,0.010954315774142742,0.10466286540031433
3162,1.808492660522461,1e-07,1.2513624,1.8035365,1.3429581,0.01590878888964653,0.08513134717941284,0.010952635668218136,0.10465484112501144
3163,1.8084678649902344,1e-07,1.2513542,1.8035117,1.3429489,0.0159071646630764,0.0851292759180069,0.010951010510325432,0.10464707762002945
3164,1.8084429502487183,1e-07,1.2513458,1.8034868,1.3429396,0.015905514359474182,0.08512705564498901,0.010949361138045788,0.1046391949057579
3165,1.808417797088623,1e-07,1.2513374,1.8034617,1.3429302,0.015903888270258904,0.08512507379055023,0.010947734117507935,0.10463142395019531
3166,1.80839204788208,1e-07,1.251329,1.8034359,1.3429207,0.015902239829301834,0.08512289822101593,0.01094608660787344,0.10462354868650436
3167,1.8083676099777222,1e-07,1.2513208,1.8034115,1.3429116,0.015900595113635063,0.0851207971572876,0.010944440960884094,0.10461568087339401
3168,1.8083431720733643,1e-07,1.2513126,1.803387,1.3429024,0.015898926183581352,0.08511859178543091,0.010942772030830383,0.1046077087521553
3169,1.8083175420761108,1e-07,1.251304,1.8033614,1.3428929,0.015897296369075775,0.08511649072170258,0.010941142216324806,0.10459991544485092
3170,1.8082932233810425,1e-07,1.251296,1.8033371,1.3428838,0.01589566096663475,0.08511435985565186,0.01093950867652893,0.10459210723638535
3171,1.8082674741744995,1e-07,1.2512873,1.8033113,1.3428743,0.015894001349806786,0.08511216938495636,0.010937849059700966,0.10458417236804962
3172,1.8082431554794312,1e-07,1.2512792,1.803287,1.3428652,0.015892380848526955,0.08511005342006683,0.010936228558421135,0.10457642376422882
3173,1.8082178831100464,1e-07,1.2512709,1.8032618,1.3428558,0.015890752896666527,0.08510807156562805,0.010934600606560707,0.10456863790750504
3174,1.8081934452056885,1e-07,1.2512628,1.8032373,1.3428468,0.015889110043644905,0.08510589599609375,0.010932957753539085,0.10456078499555588
3175,1.8081682920455933,1e-07,1.2512543,1.8032122,1.3428373,0.015887457877397537,0.08510379493236542,0.010931307449936867,0.10455289483070374
3176,1.8081433773040771,1e-07,1.2512461,1.8031873,1.342828,0.015885815024375916,0.0851016491651535,0.010929662734270096,0.10454502701759338
3177,1.808118224143982,1e-07,1.2512376,1.8031621,1.3428187,0.015884187072515488,0.08509956300258636,0.010928034782409668,0.1045372411608696
3178,1.8080929517745972,1e-07,1.2512293,1.8031368,1.3428093,0.015882566571235657,0.08509734272956848,0.010926415212452412,0.1045294925570488
3179,1.808067798614502,1e-07,1.2512208,1.8031117,1.3427999,0.01588090881705284,0.08509527146816254,0.010924756526947021,0.10452155768871307
3180,1.8080432415008545,1e-07,1.2512126,1.8030871,1.3427908,0.015879277139902115,0.08509315550327301,0.010923124849796295,0.1045137569308281
3181,1.808017611503601,1e-07,1.2512041,1.8030615,1.3427813,0.015877611935138702,0.08509089052677155,0.010921459645032883,0.10450578480958939
3182,1.8079928159713745,1e-07,1.2511959,1.8030367,1.342772,0.01587599888443947,0.0850888341665268,0.010919845663011074,0.10449806600809097
3183,1.8079679012298584,1e-07,1.2511876,1.8030118,1.3427627,0.015874376520514488,0.08508679270744324,0.010918224230408669,0.10449030995368958
3184,1.8079431056976318,1e-07,1.2511793,1.802987,1.3427535,0.01587272621691227,0.08508457243442535,0.010916574858129025,0.10448241233825684
3185,1.8079174757003784,1e-07,1.2511708,1.8029613,1.342744,0.015871107578277588,0.08508262038230896,0.010914955288171768,0.10447466373443604
3186,1.8078922033309937,1e-07,1.2511624,1.8029361,1.3427346,0.01586943306028843,0.08508025109767914,0.01091328077018261,0.10446664690971375
3187,1.8078678846359253,1e-07,1.2511543,1.8029118,1.3427255,0.01586778461933136,0.08507806062698364,0.01091163419187069,0.1044587641954422
3188,1.8078426122665405,1e-07,1.2511458,1.8028865,1.3427161,0.015866126865148544,0.0850759744644165,0.010909976437687874,0.10445082932710648
3189,1.8078179359436035,1e-07,1.2511376,1.8028618,1.3427069,0.015864547342061996,0.08507399260997772,0.010908396914601326,0.1044432744383812
3190,1.8077924251556396,1e-07,1.2511292,1.8028363,1.3426974,0.015862876549363136,0.08507178723812103,0.010906724259257317,0.1044352650642395
3191,1.8077677488327026,1e-07,1.2511209,1.8028116,1.3426882,0.0158612709492445,0.0850697010755539,0.010905119590461254,0.10442758351564407
3192,1.8077433109283447,1e-07,1.2511127,1.8027872,1.3426791,0.01585962250828743,0.0850674957036972,0.01090347208082676,0.10441969335079193
3193,1.8077175617218018,1e-07,1.2511042,1.8027614,1.3426695,0.015857966616749763,0.0850653201341629,0.010901816189289093,0.1044117659330368
3194,1.807692050933838,1e-07,1.2510957,1.8027359,1.3426601,0.015856321901082993,0.08506323397159576,0.010900173336267471,0.10440389811992645
3195,1.8076682090759277,1e-07,1.2510878,1.8027121,1.3426511,0.01585470139980316,0.08506111800670624,0.01089855283498764,0.10439613461494446
3196,1.8076424598693848,1e-07,1.2510792,1.8026863,1.3426416,0.015853118151426315,0.08505918085575104,0.010896969586610794,0.10438854992389679
3197,1.8076183795928955,1e-07,1.2510711,1.8026623,1.3426325,0.015851441770792007,0.08505688607692719,0.010895293205976486,0.1043805181980133
3198,1.8075928688049316,1e-07,1.2510625,1.8026367,1.3426231,0.015849843621253967,0.08505488932132721,0.010893693193793297,0.10437285900115967
3199,1.8075683116912842,1e-07,1.2510544,1.8026122,1.3426139,0.015848159790039062,0.085052490234375,0.010892011225223541,0.1043647974729538
3200,1.807543158531189,1e-07,1.2510461,1.802587,1.3426045,0.015846526250243187,0.08505046367645264,0.010890376754105091,0.10435696691274643
3201,1.8075183629989624,1e-07,1.2510377,1.8025622,1.3425953,0.015844907611608505,0.08504842221736908,0.010888759046792984,0.10434921830892563
3202,1.8074934482574463,1e-07,1.2510294,1.8025373,1.342586,0.015843290835618973,0.08504626154899597,0.010887141339480877,0.10434146225452423
3203,1.8074673414230347,1e-07,1.2510208,1.8025112,1.3425764,0.01584164798259735,0.08504410088062286,0.010885498486459255,0.10433359444141388
3204,1.807442545890808,1e-07,1.2510126,1.8024864,1.3425671,0.015840020030736923,0.08504199981689453,0.010883870534598827,0.1043257936835289
3205,1.807417392730713,1e-07,1.2510042,1.8024613,1.3425578,0.015838338062167168,0.0850396603345871,0.010882188566029072,0.10431773215532303
3206,1.8073923587799072,1e-07,1.2509959,1.8024362,1.3425484,0.015836751088500023,0.08503766357898712,0.010880602523684502,0.10431012511253357
3207,1.8073678016662598,1e-07,1.2509876,1.8024117,1.3425393,0.0158351119607687,0.08503556251525879,0.010878963395953178,0.10430227220058441
3208,1.8073434829711914,1e-07,1.2509795,1.8023874,1.3425303,0.015833497047424316,0.08503352105617523,0.010877348482608795,0.10429453104734421
3209,1.8073179721832275,1e-07,1.250971,1.8023618,1.3425207,0.01583186164498329,0.08503136038780212,0.01087571308016777,0.10428668558597565
3210,1.8072928190231323,1e-07,1.2509626,1.8023367,1.3425113,0.01583024300634861,0.08502925932407379,0.010874095372855663,0.10427892953157425
3211,1.807267665863037,1e-07,1.2509543,1.8023115,1.342502,0.015828611329197884,0.0850270688533783,0.010872463695704937,0.10427110642194748
3212,1.8072432279586792,1e-07,1.2509462,1.8022871,1.3424928,0.01582694612443447,0.08502481877803802,0.01087079755961895,0.10426311939954758
3213,1.8072179555892944,1e-07,1.2509377,1.8022618,1.3424834,0.01582535356283188,0.08502283692359924,0.010869204998016357,0.10425548255443573
3214,1.8071926832199097,1e-07,1.2509294,1.8022366,1.342474,0.01582372933626175,0.08502078056335449,0.010867582634091377,0.10424769669771194
3215,1.8071677684783936,1e-07,1.250921,1.8022116,1.3424648,0.015822092071175575,0.08501861989498138,0.010865946300327778,0.10423985123634338
3216,1.807142734527588,1e-07,1.2509127,1.8021866,1.3424554,0.01582048088312149,0.08501660823822021,0.010864333249628544,0.10423211008310318
3217,1.8071179389953613,1e-07,1.2509042,1.8021618,1.3424462,0.015818817541003227,0.08501431345939636,0.010862670838832855,0.10422413796186447
3218,1.8070931434631348,1e-07,1.2508961,1.802137,1.342437,0.015817157924175262,0.08501206338405609,0.010861012153327465,0.10421618074178696
3219,1.80706787109375,1e-07,1.2508878,1.8021117,1.3424276,0.01581554487347603,0.08500993251800537,0.010859397239983082,0.10420843213796616
3220,1.8070428371429443,1e-07,1.2508794,1.8020867,1.3424182,0.01581391878426075,0.08500790596008301,0.010857772082090378,0.10420063138008118
3221,1.8070175647735596,1e-07,1.2508711,1.8020614,1.3424088,0.015812261030077934,0.08500564098358154,0.010856114327907562,0.10419268161058426
3222,1.806993007659912,1e-07,1.2508627,1.8020369,1.3423997,0.01581070013344288,0.08500367403030396,0.010854553431272507,0.10418518632650375
3223,1.8069682121276855,1e-07,1.2508545,1.8020121,1.3423904,0.01580905355513096,0.08500149846076965,0.010852907784283161,0.10417728871107101
3224,1.8069429397583008,1e-07,1.250846,1.8019868,1.342381,0.01580745354294777,0.0849994570016861,0.010851307772099972,0.10416960716247559
3225,1.8069181442260742,1e-07,1.2508378,1.801962,1.3423718,0.015805818140506744,0.0849972665309906,0.010849672369658947,0.10416176170110703
3226,1.8068922758102417,1e-07,1.2508292,1.8019361,1.3423622,0.01580420322716236,0.08499522507190704,0.01084805652499199,0.10415400564670563
3227,1.806868076324463,1e-07,1.250821,1.801912,1.3423531,0.015802564099431038,0.08499303460121155,0.01084641832858324,0.10414613783359528
3228,1.806843638420105,1e-07,1.2508129,1.8018875,1.342344,0.015800902619957924,0.08499082922935486,0.010844755917787552,0.10413815826177597
3229,1.806817889213562,1e-07,1.2508043,1.8018618,1.3423344,0.015799298882484436,0.08498872816562653,0.010843152180314064,0.10413045436143875
3230,1.806793212890625,1e-07,1.2507962,1.8018371,1.3423252,0.015797661617398262,0.08498658239841461,0.01084151677787304,0.1041226014494896
3231,1.8067686557769775,1e-07,1.2507879,1.8018125,1.3423162,0.015796031802892685,0.0849844217300415,0.010839886963367462,0.10411477833986282
3232,1.8067433834075928,1e-07,1.2507795,1.8017873,1.3423067,0.01579442247748375,0.08498233556747437,0.010838275775313377,0.10410703718662262
3233,1.8067195415496826,1e-07,1.2507715,1.8017634,1.3422978,0.015792790800333023,0.08498020470142365,0.010836645029485226,0.10409920662641525
3234,1.8066935539245605,1e-07,1.2507629,1.8017374,1.3422881,0.015791136771440506,0.0849778950214386,0.010834991931915283,0.10409126430749893
3235,1.8066678047180176,1e-07,1.2507545,1.8017117,1.3422785,0.015789540484547615,0.08497585356235504,0.010833394713699818,0.1040835976600647
3236,1.8066432476043701,1e-07,1.2507463,1.8016871,1.3422694,0.015787910670042038,0.0849737673997879,0.01083176489919424,0.10407576709985733
3237,1.8066182136535645,1e-07,1.2507378,1.8016621,1.3422601,0.01578625664114952,0.08497151732444763,0.010830112732946873,0.10406782478094101
3238,1.8065929412841797,1e-07,1.2507294,1.8016368,1.3422507,0.01578463800251484,0.0849694013595581,0.010828493162989616,0.10406004637479782
3239,1.8065680265426636,1e-07,1.2507211,1.8016119,1.3422414,0.01578306406736374,0.08496750891208649,0.01082692015916109,0.10405248403549194
3240,1.8065435886383057,1e-07,1.2507129,1.8015875,1.3422322,0.015781447291374207,0.08496534824371338,0.010825302451848984,0.10404471307992935
3241,1.8065180778503418,1e-07,1.2507044,1.801562,1.3422228,0.015779798850417137,0.08496315777301788,0.010823654010891914,0.10403679311275482
3242,1.8064931631088257,1e-07,1.2506962,1.801537,1.3422135,0.015778185799717903,0.08496104180812836,0.01082204282283783,0.10402904450893402
3243,1.806467890739441,1e-07,1.2506877,1.8015118,1.3422041,0.01577654853463173,0.08495883643627167,0.010820404626429081,0.10402117669582367
3244,1.8064430952072144,1e-07,1.2506795,1.801487,1.3421948,0.015774911269545555,0.08495670557022095,0.010818769223988056,0.10401331633329391
3245,1.8064181804656982,1e-07,1.2506711,1.801462,1.3421855,0.015773318707942963,0.08495461940765381,0.010817175731062889,0.10400564968585968
3246,1.8063935041427612,1e-07,1.2506629,1.8014374,1.3421763,0.015771696344017982,0.0849524587392807,0.010815553367137909,0.1039978563785553
3247,1.8063682317733765,1e-07,1.2506545,1.8014121,1.3421669,0.015770042315125465,0.08495019376277924,0.010813898406922817,0.10398989915847778
3248,1.8063433170318604,1e-07,1.2506462,1.8013872,1.3421577,0.01576847769320011,0.08494828641414642,0.010812334716320038,0.10398237407207489
3249,1.8063181638717651,1e-07,1.2506379,1.801362,1.3421483,0.015766829252243042,0.08494606614112854,0.010810686275362968,0.10397444665431976
3250,1.80629301071167,1e-07,1.2506295,1.8013369,1.3421389,0.015765206888318062,0.08494393527507782,0.010809064842760563,0.10396665334701538
3251,1.8062680959701538,1e-07,1.2506211,1.801312,1.3421296,0.01576358824968338,0.0849418044090271,0.010807445272803307,0.103958860039711
3252,1.8062437772750854,1e-07,1.250613,1.8012877,1.3421205,0.01576199196279049,0.08493979275226593,0.01080584991723299,0.10395119339227676
3253,1.8062183856964111,1e-07,1.2506045,1.8012623,1.3421111,0.015760326758027077,0.08493746817111969,0.010804183781147003,0.10394317656755447
3254,1.806193232536316,1e-07,1.2505962,1.8012371,1.3421017,0.015758730471134186,0.08493548631668091,0.010802587494254112,0.10393549501895905
3255,1.806168556213379,1e-07,1.2505879,1.8012124,1.3420925,0.0157571192830801,0.0849333107471466,0.010800976306200027,0.10392774641513824
3256,1.8061437606811523,1e-07,1.2505797,1.8011876,1.3420833,0.015755482017993927,0.08493106067180634,0.010799339972436428,0.1039198711514473
3257,1.8061192035675049,1e-07,1.2505714,1.8011631,1.3420742,0.015753895044326782,0.08492913842201233,0.010797752067446709,0.10391223430633545
3258,1.806093454360962,1e-07,1.2505629,1.8011373,1.3420646,0.015752257779240608,0.08492690324783325,0.010796114802360535,0.1039043515920639
3259,1.806067943572998,1e-07,1.2505544,1.8011118,1.3420551,0.015750635415315628,0.08492472767829895,0.010794494301080704,0.10389655828475952
3260,1.8060435056686401,1e-07,1.2505463,1.8010874,1.342046,0.015749020501971245,0.08492261171340942,0.01079287938773632,0.10388878732919693
3261,1.806018352508545,1e-07,1.2505379,1.8010622,1.3420366,0.01574736274778843,0.08492033183574677,0.010791221633553505,0.10388080775737762
3262,1.8059934377670288,1e-07,1.2505295,1.8010373,1.3420273,0.01574578694999218,0.08491833508014679,0.010789645835757256,0.10387322306632996
3263,1.8059678077697754,1e-07,1.2505211,1.8010117,1.3420178,0.015744175761938095,0.08491627871990204,0.01078803464770317,0.10386546701192856
3264,1.8059433698654175,1e-07,1.2505127,1.8009872,1.3420087,0.01574256271123886,0.08491414785385132,0.010786421597003937,0.10385769605636597
3265,1.8059184551239014,1e-07,1.2505044,1.8009623,1.3419994,0.015740923583507538,0.08491195738315582,0.010784782469272614,0.10384980589151382
3266,1.8058931827545166,1e-07,1.250496,1.800937,1.34199,0.015739312395453453,0.08490990102291107,0.010783171281218529,0.10384204983711243
3267,1.8058689832687378,1e-07,1.250488,1.8009129,1.3419809,0.015737734735012054,0.0849078893661499,0.01078159362077713,0.10383445024490356
3268,1.8058432340621948,1e-07,1.2504796,1.8008871,1.3419714,0.015736127272248268,0.08490574359893799,0.010779986158013344,0.10382670909166336
3269,1.8058185577392578,1e-07,1.2504712,1.8008624,1.3419621,0.015734493732452393,0.08490347862243652,0.010778353549540043,0.1038188487291336
3270,1.8057936429977417,1e-07,1.250463,1.8008375,1.3419529,0.015732847154140472,0.08490119874477386,0.010776706971228123,0.10381092131137848
3271,1.8057688474655151,1e-07,1.2504547,1.8008127,1.3419436,0.015731260180473328,0.08489912748336792,0.010775119066238403,0.10380326956510544
3272,1.8057434558868408,1e-07,1.2504462,1.8007873,1.3419342,0.01572963036596775,0.08489704132080078,0.010773489251732826,0.10379541665315628
3273,1.8057183027267456,1e-07,1.2504379,1.8007622,1.3419248,0.01572803594172001,0.08489498496055603,0.01077189575880766,0.10378774255514145
3274,1.8056939840316772,1e-07,1.2504297,1.8007379,1.3419157,0.015726398676633835,0.08489273488521576,0.01077025942504406,0.1037798598408699
3275,1.8056683540344238,1e-07,1.2504212,1.8007122,1.3419062,0.015724819153547287,0.08489075303077698,0.010768679901957512,0.10377225279808044
3276,1.8056435585021973,1e-07,1.250413,1.8006874,1.341897,0.01572316326200962,0.08488847315311432,0.010767023079097271,0.10376426577568054
3277,1.8056187629699707,1e-07,1.2504047,1.8006626,1.3418877,0.015721572563052177,0.0848863273859024,0.010765433311462402,0.1037566065788269
3278,1.8055928945541382,1e-07,1.250396,1.8006368,1.341878,0.015719978138804436,0.08488425612449646,0.010763837955892086,0.10374891757965088
3279,1.8055682182312012,1e-07,1.2503878,1.8006121,1.3418689,0.01571836695075035,0.0848822295665741,0.010762227699160576,0.10374115407466888
3280,1.8055434226989746,1e-07,1.2503796,1.8005873,1.3418597,0.01571674272418022,0.08487999439239502,0.010760602541267872,0.10373332351446152
3281,1.8055193424224854,1e-07,1.2503715,1.8005632,1.3418506,0.015715112909674644,0.08487775921821594,0.01075897365808487,0.10372547060251236
3282,1.8054945468902588,1e-07,1.2503632,1.8005384,1.3418415,0.015713514760136604,0.08487573266029358,0.010757376439869404,0.10371777415275574
3283,1.8054684400558472,1e-07,1.2503546,1.8005123,1.3418317,0.015711920335888863,0.08487367630004883,0.010755782015621662,0.10371008515357971
3284,1.8054436445236206,1e-07,1.2503463,1.8004875,1.3418225,0.01571032404899597,0.08487160503864288,0.010754186660051346,0.10370239615440369
3285,1.8054184913635254,1e-07,1.250338,1.8004624,1.3418131,0.01570865884423256,0.08486928045749664,0.010752521455287933,0.1036943644285202
3286,1.8053944110870361,1e-07,1.2503299,1.8004383,1.3418041,0.015707021579146385,0.08486703038215637,0.01075088419020176,0.10368647426366806
3287,1.8053686618804932,1e-07,1.2503211,1.8004125,1.3417945,0.015705471858382225,0.08486513793468475,0.0107493344694376,0.10367899388074875
3288,1.8053441047668457,1e-07,1.2503132,1.800388,1.3417853,0.0157038364559412,0.08486288785934448,0.010747699066996574,0.1036711111664772
3289,1.80531907081604,1e-07,1.2503047,1.800363,1.341776,0.015702225267887115,0.08486074209213257,0.01074608787894249,0.10366334021091461
3290,1.8052939176559448,1e-07,1.2502962,1.8003378,1.3417667,0.015700623393058777,0.08485867083072662,0.010744486004114151,0.1036556139588356
3291,1.8052685260772705,1e-07,1.2502879,1.8003124,1.3417572,0.015699025243520737,0.0848565399646759,0.010742886923253536,0.10364789515733719
3292,1.8052443265914917,1e-07,1.2502798,1.8002882,1.3417482,0.015697374939918518,0.08485426008701324,0.010741236619651318,0.10363993793725967
3293,1.8052184581756592,1e-07,1.2502711,1.8002623,1.3417386,0.015695801004767418,0.08485227823257446,0.010739663615822792,0.10363234579563141
3294,1.8051934242248535,1e-07,1.2502629,1.8002373,1.3417292,0.01569419354200363,0.08485010266304016,0.010738055221736431,0.10362458974123001
3295,1.8051691055297852,1e-07,1.2502546,1.800213,1.3417201,0.015692556276917458,0.08484789729118347,0.010736417956650257,0.10361668467521667
3296,1.805144190788269,1e-07,1.2502464,1.8001881,1.3417109,0.01569097861647606,0.08484581112861633,0.010734840296208858,0.10360907763242722
3297,1.8051189184188843,1e-07,1.2502381,1.8001628,1.3417015,0.015689367428421974,0.08484376966953278,0.010733230970799923,0.10360130667686462
3298,1.805093765258789,1e-07,1.2502295,1.8001376,1.3416921,0.015687773004174232,0.08484160900115967,0.010731635615229607,0.103593610227108
3299,1.805068850517273,1e-07,1.2502213,1.8001127,1.3416828,0.015686146914958954,0.08483937382698059,0.010730010457336903,0.10358576476573944
3300,1.8050435781478882,1e-07,1.2502128,1.8000875,1.3416734,0.015684524551033974,0.0848371684551239,0.010728388093411922,0.10357793420553207
3301,1.8050192594528198,1e-07,1.2502048,1.8000631,1.3416643,0.01568293757736683,0.08483521640300751,0.010726802051067352,0.10357027500867844
3302,1.8049941062927246,1e-07,1.2501963,1.800038,1.3416549,0.015681294724345207,0.08483286201953888,0.010725158266723156,0.10356234014034271
3303,1.804969310760498,1e-07,1.250188,1.8000132,1.3416457,0.01567971520125866,0.08483098447322845,0.010723579674959183,0.10355471819639206
3304,1.804943561553955,1e-07,1.2501794,1.7999874,1.3416361,0.01567813754081726,0.08482888340950012,0.01072200108319521,0.1035470962524414
3305,1.8049191236495972,1e-07,1.2501713,1.799963,1.341627,0.015676504001021385,0.08482654392719269,0.010720368474721909,0.10353921353816986
3306,1.8048943281173706,1e-07,1.250163,1.7999382,1.3416177,0.015674900263547897,0.08482442796230316,0.01071876473724842,0.10353146493434906
3307,1.8048694133758545,1e-07,1.2501546,1.7999133,1.3416085,0.0156733226031065,0.08482241630554199,0.010717187076807022,0.103523850440979
3308,1.8048441410064697,1e-07,1.2501463,1.799888,1.3415991,0.015671715140342712,0.08482027053833008,0.010715579614043236,0.10351608693599701
3309,1.8048193454742432,1e-07,1.2501382,1.7998632,1.3415898,0.015670090913772583,0.08481806516647339,0.010713956318795681,0.10350824147462845
3310,1.8047938346862793,1e-07,1.2501296,1.7998377,1.3415803,0.015668515115976334,0.08481605350971222,0.010712379589676857,0.10350062698125839
3311,1.804768443107605,1e-07,1.250121,1.7998123,1.3415709,0.01566690392792225,0.08481381833553314,0.010710768401622772,0.1034928411245346
3312,1.8047441244125366,1e-07,1.2501129,1.799788,1.3415618,0.01566527970135212,0.084811732172966,0.010709145106375217,0.10348500311374664
3313,1.8047189712524414,1e-07,1.2501045,1.7997628,1.3415524,0.015663662925362587,0.08480946719646454,0.01070752739906311,0.10347718000411987
3314,1.804694414138794,1e-07,1.2500963,1.7997383,1.3415432,0.015662074089050293,0.0848073959350586,0.010705939494073391,0.10346951335668564
3315,1.8046687841415405,1e-07,1.2500879,1.7997127,1.3415337,0.015660513192415237,0.08480541408061981,0.01070437766611576,0.10346196591854095
3316,1.8046441078186035,1e-07,1.2500796,1.799688,1.3415245,0.015658879652619362,0.08480320870876312,0.01070274505764246,0.10345407575368881
3317,1.8046190738677979,1e-07,1.2500712,1.799663,1.3415152,0.01565728150308132,0.08480104804039001,0.010701145976781845,0.1034463420510292
3318,1.8045939207077026,1e-07,1.2500628,1.7996378,1.3415058,0.015655681490898132,0.0847989022731781,0.010699545964598656,0.1034386083483696
3319,1.804569125175476,1e-07,1.2500546,1.799613,1.3414966,0.01565411314368248,0.08479684591293335,0.010697979480028152,0.10343103855848312
3320,1.8045437335968018,1e-07,1.2500461,1.7995876,1.341487,0.01565251126885414,0.08479475975036621,0.010696377605199814,0.10342328995466232
3321,1.8045189380645752,1e-07,1.2500378,1.7995628,1.3414779,0.015650836750864983,0.08479231595993042,0.01069470215588808,0.10341519117355347
3322,1.8044943809509277,1e-07,1.2500297,1.7995383,1.3414687,0.01564929261803627,0.08479040861129761,0.010693158023059368,0.10340772569179535
3323,1.8044689893722534,1e-07,1.2500211,1.7995129,1.3414593,0.015647688880562782,0.08478827774524689,0.010691553354263306,0.10339996963739395
3324,1.8044441938400269,1e-07,1.250013,1.7994881,1.34145,0.015646062791347504,0.08478601276874542,0.010689928196370602,0.1033921092748642
3325,1.8044190406799316,1e-07,1.2500045,1.7994629,1.3414406,0.01564444787800312,0.08478383719921112,0.010688312351703644,0.10338429361581802
3326,1.8043941259384155,1e-07,1.2499963,1.799438,1.3414314,0.015642864629626274,0.08478182554244995,0.010686729103326797,0.10337663441896439
3327,1.804368495941162,1e-07,1.2499876,1.7994124,1.3414217,0.01564130373299122,0.08477984368801117,0.010685170069336891,0.1033690944314003
3328,1.8043437004089355,1e-07,1.2499794,1.7993876,1.3414125,0.01563969813287258,0.08477768301963806,0.010683564469218254,0.1033613309264183
3329,1.8043196201324463,1e-07,1.2499713,1.7993635,1.3414036,0.015638060867786407,0.08477532863616943,0.01068192906677723,0.10335341840982437
3330,1.8042939901351929,1e-07,1.2499628,1.7993379,1.341394,0.01563647948205471,0.08477325737476349,0.010680347681045532,0.10334576666355133
3331,1.804269552230835,1e-07,1.2499546,1.7993134,1.3413849,0.015634914860129356,0.08477127552032471,0.010678783059120178,0.10333819687366486
3332,1.8042443990707397,1e-07,1.2499462,1.7992883,1.3413755,0.015633270144462585,0.08476893603801727,0.010677137412130833,0.10333023220300674
3333,1.804219126701355,1e-07,1.2499379,1.799263,1.341366,0.015631696209311485,0.08476690948009491,0.010675564408302307,0.10332262516021729
3334,1.804194450378418,1e-07,1.2499295,1.7992383,1.3413569,0.01563011109828949,0.08476482331752777,0.010673979297280312,0.10331495106220245
3335,1.804168939590454,1e-07,1.249921,1.7992128,1.3413473,0.015628477558493614,0.0847625583410263,0.010672345757484436,0.10330704599618912
3336,1.804145097732544,1e-07,1.2499131,1.799189,1.3413385,0.015626875683665276,0.08476035296916962,0.010670743882656097,0.10329928994178772
3337,1.8041199445724487,1e-07,1.2499046,1.7991638,1.3413291,0.015625296160578728,0.08475834131240845,0.010669165290892124,0.10329165309667587
3338,1.8040945529937744,1e-07,1.2498963,1.7991384,1.3413197,0.015623684041202068,0.08475607633590698,0.01066755224019289,0.1032838448882103
3339,1.8040693998336792,1e-07,1.2498878,1.7991133,1.3413103,0.01562208216637373,0.08475393056869507,0.010665951296687126,0.1032760962843895
3340,1.8040440082550049,1e-07,1.2498795,1.7990879,1.3413008,0.015620469115674496,0.08475175499916077,0.010664338245987892,0.10326828062534332
3341,1.8040196895599365,1e-07,1.2498714,1.7990636,1.3412918,0.01561893243342638,0.08474981784820557,0.010662801563739777,0.10326084494590759
3342,1.8039946556091309,1e-07,1.249863,1.7990385,1.3412824,0.015617302618920803,0.08474761247634888,0.0106611717492342,0.10325294733047485
3343,1.8039698600769043,1e-07,1.2498547,1.7990137,1.3412732,0.015615741722285748,0.08474557101726532,0.010659610852599144,0.10324539244174957
3344,1.8039448261260986,1e-07,1.2498463,1.7989887,1.3412639,0.015614104457199574,0.08474329113960266,0.01065797358751297,0.10323746502399445
3345,1.8039190769195557,1e-07,1.2498378,1.798963,1.3412542,0.015612543560564518,0.0847412645816803,0.010656412690877914,0.10322990268468857
3346,1.8038945198059082,1e-07,1.2498296,1.7989384,1.341245,0.0156109519302845,0.08473905920982361,0.010654821060597897,0.10322219133377075
3347,1.8038694858551025,1e-07,1.2498211,1.7989134,1.3412358,0.015609342604875565,0.08473700284957886,0.010653211735188961,0.10321439802646637
3348,1.803844928741455,1e-07,1.2498131,1.7988888,1.3412266,0.015607737004756927,0.08473485708236694,0.010651606135070324,0.10320661962032318
3349,1.8038198947906494,1e-07,1.2498046,1.7988638,1.3412173,0.015606153756380081,0.08473265171051025,0.010650022886693478,0.10319894552230835
3350,1.8037947416305542,1e-07,1.2497963,1.7988386,1.3412079,0.015604564920067787,0.08473056554794312,0.010648434981703758,0.10319125652313232
3351,1.8037703037261963,1e-07,1.2497882,1.7988142,1.3411988,0.015602972358465195,0.0847284346818924,0.010646842420101166,0.10318353772163391
3352,1.8037440776824951,1e-07,1.2497795,1.7987881,1.341189,0.01560140773653984,0.08472636342048645,0.010645277798175812,0.10317595303058624
3353,1.8037198781967163,1e-07,1.2497712,1.7987639,1.3411801,0.015599772334098816,0.08472412824630737,0.010643642395734787,0.10316803306341171
3354,1.8036948442459106,1e-07,1.2497629,1.7987388,1.3411707,0.015598215162754059,0.08472199738025665,0.01064208522439003,0.10316048562526703
3355,1.8036696910858154,1e-07,1.2497547,1.7987137,1.3411614,0.015596607699990273,0.08471986651420593,0.010640477761626244,0.10315269231796265
3356,1.8036445379257202,1e-07,1.2497462,1.7986885,1.341152,0.015595033764839172,0.08471779525279999,0.010638903826475143,0.1031450629234314
3357,1.8036201000213623,1e-07,1.2497381,1.7986641,1.3411428,0.015593418851494789,0.0847155749797821,0.01063728891313076,0.10313723236322403
3358,1.8035948276519775,1e-07,1.2497296,1.7986388,1.3411334,0.015591823495924473,0.08471338450908661,0.010635693557560444,0.10312949866056442
3359,1.8035696744918823,1e-07,1.2497212,1.7986137,1.341124,0.015590237453579903,0.08471132814884186,0.010634107515215874,0.1031218096613884
3360,1.8035444021224976,1e-07,1.2497128,1.7985884,1.3411146,0.015588674694299698,0.0847092717885971,0.010632544755935669,0.10311423242092133
3361,1.8035203218460083,1e-07,1.2497047,1.7985643,1.3411056,0.015587083995342255,0.08470708131790161,0.0106309549883008,0.10310652107000351
3362,1.8034957647323608,1e-07,1.2496964,1.7985398,1.3410965,0.015585503540933132,0.08470502495765686,0.010629374533891678,0.10309885442256927
3363,1.8034700155258179,1e-07,1.249688,1.798514,1.3410869,0.015583918429911137,0.08470286428928375,0.010627789422869682,0.10309117287397385
3364,1.8034446239471436,1e-07,1.2496794,1.7984886,1.3410774,0.015582270920276642,0.0847005546092987,0.010626142844557762,0.10308318585157394
3365,1.8034193515777588,1e-07,1.2496711,1.7984633,1.341068,0.015580748207867146,0.08469866216182709,0.010624620132148266,0.1030757948756218
3366,1.8033944368362427,1e-07,1.2496628,1.7984384,1.3410587,0.01557912491261959,0.08469632267951965,0.010622996836900711,0.10306792706251144
3367,1.8033698797225952,1e-07,1.2496547,1.7984139,1.3410496,0.015577566809952259,0.08469429612159729,0.01062143873423338,0.10306036472320557
3368,1.8033454418182373,1e-07,1.2496463,1.7983894,1.3410404,0.015575959347188473,0.08469215035438538,0.010619831271469593,0.10305256396532059
3369,1.8033196926116943,1e-07,1.2496377,1.7983637,1.3410308,0.015574352815747261,0.08469000458717346,0.010618224740028381,0.1030447706580162
3370,1.8032945394515991,1e-07,1.2496294,1.7983385,1.3410214,0.015572797507047653,0.08468788862228394,0.010616669431328773,0.10303722321987152
3371,1.8032705783843994,1e-07,1.2496214,1.7983146,1.3410125,0.015571195632219315,0.08468574285507202,0.010615067556500435,0.10302945226430893
3372,1.803245186805725,1e-07,1.2496128,1.7982892,1.3410031,0.015569623559713364,0.08468359708786011,0.010613495483994484,0.10302182286977768
3373,1.8032199144363403,1e-07,1.2496045,1.7982639,1.3409936,0.015567971393465996,0.08468121290206909,0.010611843317747116,0.10301379859447479
3374,1.8031960725784302,1e-07,1.2495965,1.7982401,1.3409847,0.015566466376185417,0.08467942476272583,0.010610338300466537,0.10300649702548981
3375,1.80316960811615,1e-07,1.2495878,1.7982136,1.3409749,0.015564844943583012,0.08467724919319153,0.010608717799186707,0.10299862921237946
3376,1.8031456470489502,1e-07,1.2495797,1.7981896,1.340966,0.01556328684091568,0.08467516303062439,0.010607159696519375,0.10299106687307358
3377,1.8031203746795654,1e-07,1.2495713,1.7981644,1.3409566,0.015561689622700214,0.08467288315296173,0.01060556247830391,0.10298331081867218
3378,1.8030949831008911,1e-07,1.2495627,1.798139,1.340947,0.01556012686342001,0.08467087149620056,0.010603999719023705,0.10297572612762451
3379,1.803069829940796,1e-07,1.2495544,1.7981138,1.3409376,0.015558530576527119,0.08466865122318268,0.010602403432130814,0.10296797007322311
3380,1.8030450344085693,1e-07,1.2495462,1.798089,1.3409284,0.015556924976408482,0.08466647565364838,0.010600797832012177,0.10296017676591873
3381,1.803019642829895,1e-07,1.2495376,1.7980636,1.3409189,0.01555533055216074,0.08466428518295288,0.010599203407764435,0.10295243561267853
3382,1.8029953241348267,1e-07,1.2495294,1.7980393,1.3409098,0.015553762204945087,0.08466224372386932,0.010597635060548782,0.10294481366872787
3383,1.802970051765442,1e-07,1.2495211,1.798014,1.3409004,0.015552178025245667,0.0846601128578186,0.010596050880849361,0.10293712466955185
3384,1.8029462099075317,1e-07,1.2495131,1.7979902,1.3408916,0.015550603158771992,0.08465804159641266,0.010594476014375687,0.10292947292327881
3385,1.802920937538147,1e-07,1.2495047,1.7979649,1.3408822,0.015549044124782085,0.08465595543384552,0.010592917911708355,0.10292190313339233
3386,1.8028963804244995,1e-07,1.2494966,1.7979404,1.340873,0.015547431074082851,0.08465367555618286,0.010591305792331696,0.10291407257318497
3387,1.8028703927993774,1e-07,1.2494879,1.7979144,1.3408633,0.01554584875702858,0.08465158939361572,0.010589723475277424,0.10290638357400894
3388,1.8028451204299927,1e-07,1.2494794,1.7978891,1.3408539,0.015544249676167965,0.08464932441711426,0.010588124394416809,0.10289861261844635
3389,1.8028205633163452,1e-07,1.2494712,1.7978646,1.3408448,0.015542717650532722,0.08464740216732025,0.010586592368781567,0.10289116948843002
3390,1.8027957677841187,1e-07,1.249463,1.7978398,1.3408355,0.015541130676865578,0.08464524149894714,0.010585005395114422,0.10288345813751221
3391,1.8027703762054443,1e-07,1.2494545,1.7978144,1.340826,0.015539518557488918,0.08464299142360687,0.010583393275737762,0.10287562012672424
3392,1.8027456998825073,1e-07,1.2494463,1.7977897,1.3408169,0.015537984669208527,0.08464100956916809,0.01058185938745737,0.10286816209554672
3393,1.8027207851409912,1e-07,1.2494379,1.7977648,1.3408076,0.015536331571638584,0.08463864028453827,0.010580206289887428,0.10286013036966324
3394,1.8026961088180542,1e-07,1.2494297,1.7977401,1.3407983,0.01553476881235838,0.08463653922080994,0.010578643530607224,0.10285253077745438
3395,1.8026707172393799,1e-07,1.2494211,1.7977147,1.3407888,0.01553317904472351,0.08463431894779205,0.010577053762972355,0.10284480452537537
3396,1.8026463985443115,1e-07,1.2494131,1.7976904,1.3407798,0.015531627461314201,0.08463239669799805,0.010575502179563046,0.10283725708723068
3397,1.8026202917099,1e-07,1.2494043,1.7976643,1.34077,0.015530044212937355,0.08463029563426971,0.010573919862508774,0.10282956808805466
3398,1.8025954961776733,1e-07,1.2493962,1.7976395,1.3407608,0.01552844513207674,0.08462795615196228,0.010572320781648159,0.10282178968191147
3399,1.8025707006454468,1e-07,1.2493879,1.7976147,1.3407515,0.015526873990893364,0.08462592959403992,0.010570749640464783,0.10281415283679962
3400,1.8025459051132202,1e-07,1.2493795,1.7975899,1.3407423,0.015525300055742264,0.08462372422218323,0.010569175705313683,0.10280649363994598
3401,1.8025211095809937,1e-07,1.2493713,1.7975651,1.340733,0.015523732639849186,0.08462166786193848,0.01056760735809803,0.10279887169599533
3402,1.8024958372116089,1e-07,1.2493628,1.7975398,1.3407236,0.015522141009569168,0.08461947739124298,0.010566016659140587,0.10279113054275513
3403,1.8024712800979614,1e-07,1.2493547,1.7975153,1.3407145,0.015520552173256874,0.08461733162403107,0.010564427822828293,0.10278340429067612
3404,1.8024461269378662,1e-07,1.2493463,1.7974901,1.340705,0.015518995001912117,0.08461523056030273,0.010562870651483536,0.10277582705020905
3405,1.8024203777313232,1e-07,1.2493378,1.7974644,1.3406955,0.015517436899244785,0.08461326360702515,0.010561313480138779,0.10276824980974197
3406,1.8023957014083862,1e-07,1.2493294,1.7974397,1.3406863,0.015515843406319618,0.08461102843284607,0.010559719987213612,0.10276050120592117
3407,1.8023709058761597,1e-07,1.2493212,1.7974149,1.340677,0.0155142517760396,0.08460880815982819,0.010558129288256168,0.10275276005268097
3408,1.8023459911346436,1e-07,1.2493128,1.79739,1.3406677,0.015512709505856037,0.08460676670074463,0.010556587018072605,0.10274524986743927
3409,1.8023205995559692,1e-07,1.2493043,1.7973646,1.3406583,0.01551111787557602,0.08460462093353271,0.010554995387792587,0.10273750871419907
3410,1.8022960424423218,1e-07,1.2492962,1.79734,1.3406491,0.015509541146457195,0.08460237085819244,0.010553418658673763,0.10272983461618423
3411,1.8022710084915161,1e-07,1.2492877,1.797315,1.3406398,0.01550796627998352,0.08460026979446411,0.010551843792200089,0.10272216796875
3412,1.8022462129592896,1e-07,1.2492796,1.7972902,1.3406305,0.01550636813044548,0.08459813892841339,0.010550245642662048,0.10271438956260681
3413,1.8022210597991943,1e-07,1.2492712,1.797265,1.3406211,0.015504821203649044,0.08459603786468506,0.010548697784543037,0.10270685702562332
3414,1.8021962642669678,1e-07,1.2492628,1.7972403,1.3406119,0.015503238886594772,0.08459386229515076,0.01054711639881134,0.1026991531252861
3415,1.8021708726882935,1e-07,1.2492543,1.7972149,1.3406024,0.015501665882766247,0.08459176123142242,0.01054554432630539,0.10269150137901306
3416,1.8021461963653564,1e-07,1.2492461,1.7971902,1.3405932,0.015500071458518505,0.08458955585956573,0.010543949902057648,0.10268373787403107
3417,1.8021209239959717,1e-07,1.2492378,1.7971649,1.3405838,0.015498458407819271,0.08458729088306427,0.010542335920035839,0.10267587751150131
3418,1.8020961284637451,1e-07,1.2492296,1.7971401,1.3405745,0.015496929176151752,0.0845852941274643,0.010540807619690895,0.10266843438148499
3419,1.8020703792572021,1e-07,1.2492208,1.7971144,1.340565,0.015495345927774906,0.08458307385444641,0.010539224371314049,0.10266072303056717
3420,1.8020464181900024,1e-07,1.2492129,1.7970904,1.340556,0.01549378503113985,0.08458100259304047,0.010537663474678993,0.1026531234383583
3421,1.8020212650299072,1e-07,1.2492045,1.7970653,1.3405466,0.015492222271859646,0.08457896113395691,0.010536100715398788,0.10264550894498825
3422,1.8019964694976807,1e-07,1.2491962,1.7970405,1.3405374,0.015490648336708546,0.08457675576210022,0.010534526780247688,0.10263784229755402
3423,1.8019715547561646,1e-07,1.2491878,1.7970155,1.3405281,0.01548907533288002,0.08457471430301666,0.010532953776419163,0.10263018310070038
3424,1.8019460439682007,1e-07,1.2491792,1.79699,1.3405186,0.015487532131373882,0.08457253873348236,0.010531410574913025,0.10262265801429749
3425,1.8019216060638428,1e-07,1.2491711,1.7969656,1.3405094,0.015485941432416439,0.08457043766975403,0.010529819875955582,0.10261490941047668
3426,1.8018969297409058,1e-07,1.2491629,1.7969409,1.3405002,0.015484337694942951,0.08456817269325256,0.010528217069804668,0.10260710120201111
3427,1.801871418952942,1e-07,1.2491544,1.7969154,1.3404907,0.01548275351524353,0.08456599712371826,0.010526632890105247,0.1025993824005127
3428,1.8018468618392944,1e-07,1.2491463,1.7968909,1.3404815,0.015481248497962952,0.08456407487392426,0.010525127872824669,0.10259204357862473
3429,1.8018219470977783,1e-07,1.2491379,1.7968659,1.3404723,0.01547965593636036,0.08456189930438995,0.010523535311222076,0.10258428752422333
3430,1.801796555519104,1e-07,1.2491294,1.7968405,1.3404628,0.015478051267564297,0.0845596045255661,0.010521931573748589,0.10257646441459656
3431,1.801771879196167,1e-07,1.2491212,1.7968159,1.3404536,0.015476471744477749,0.08455739915370941,0.01052035205066204,0.10256876796483994
3432,1.8017462491989136,1e-07,1.2491126,1.7967902,1.3404441,0.015474925749003887,0.08455526828765869,0.010518806055188179,0.10256122797727585
3433,1.8017213344573975,1e-07,1.2491044,1.7967653,1.3404348,0.015473352745175362,0.08455322682857513,0.010517233051359653,0.10255356132984161
3434,1.8016964197158813,1e-07,1.2490959,1.7967404,1.3404255,0.015471840277314186,0.08455131947994232,0.010515720583498478,0.10254618525505066
3435,1.8016717433929443,1e-07,1.2490878,1.7967157,1.3404163,0.015470238402485847,0.08454899489879608,0.010514119639992714,0.10253838449716568
3436,1.8016470670700073,1e-07,1.2490796,1.7966911,1.340407,0.015468687750399113,0.08454695343971252,0.010512568056583405,0.1025308147072792
3437,1.8016215562820435,1e-07,1.249071,1.7966655,1.3403975,0.015467129647731781,0.08454485237598419,0.010511009953916073,0.10252321511507034
3438,1.801596999168396,1e-07,1.2490628,1.796641,1.3403884,0.01546549890190363,0.08454249799251556,0.010509379208087921,0.10251526534557343
3439,1.8015719652175903,1e-07,1.2490544,1.796616,1.340379,0.01546394918113947,0.08454044163227081,0.010507829487323761,0.10250770300626755
3440,1.8015464544296265,1e-07,1.249046,1.7965904,1.3403695,0.015462389215826988,0.08453834056854248,0.010506270453333855,0.10250010341405869
3441,1.8015220165252686,1e-07,1.2490379,1.796566,1.3403604,0.015460789203643799,0.08453604578971863,0.010504670441150665,0.10249229520559311
3442,1.8014968633651733,1e-07,1.2490295,1.7965409,1.340351,0.015459240414202213,0.08453398942947388,0.01050312165170908,0.10248474031686783
3443,1.8014715909957886,1e-07,1.2490209,1.7965156,1.3403416,0.015457669273018837,0.08453179895877838,0.010501550510525703,0.1024770736694336
3444,1.8014471530914307,1e-07,1.2490128,1.7964911,1.3403325,0.015456117689609528,0.08452977240085602,0.010499998927116394,0.10246950387954712
3445,1.8014215230941772,1e-07,1.2490042,1.7964655,1.340323,0.015454571694135666,0.08452768623828888,0.010498452931642532,0.10246195644140244
3446,1.8013969659805298,1e-07,1.2489959,1.796441,1.3403138,0.015452994033694267,0.08452552556991577,0.010496876202523708,0.10245426744222641
3447,1.8013722896575928,1e-07,1.2489878,1.7964163,1.3403045,0.01545142475515604,0.08452336490154266,0.010495306923985481,0.10244660824537277
3448,1.8013465404510498,1e-07,1.2489792,1.7963905,1.340295,0.015449817292392254,0.08452112972736359,0.010493699461221695,0.10243876278400421
3449,1.8013222217559814,1e-07,1.2489711,1.7963662,1.3402859,0.015448296442627907,0.08451913297176361,0.010492178611457348,0.10243133455514908
3450,1.8012975454330444,1e-07,1.2489629,1.7963415,1.3402767,0.01544672530144453,0.0845169723033905,0.010490607470273972,0.10242366790771484
3451,1.8012720346450806,1e-07,1.2489543,1.796316,1.3402672,0.01544516533613205,0.08451478183269501,0.010489046573638916,0.10241604596376419
3452,1.8012464046478271,1e-07,1.2489458,1.7962904,1.3402576,0.015443637035787106,0.08451275527477264,0.010487518273293972,0.10240858793258667
3453,1.8012219667434692,1e-07,1.2489375,1.796266,1.3402485,0.015442057512700558,0.08451060950756073,0.010485939681529999,0.10240087658166885
3454,1.8011969327926636,1e-07,1.2489291,1.7962409,1.3402392,0.015440469607710838,0.08450837433338165,0.010484352707862854,0.10239312797784805
3455,1.8011716604232788,1e-07,1.2489209,1.7962157,1.3402297,0.015438921749591827,0.08450634777545929,0.010482804849743843,0.10238557308912277
3456,1.8011466264724731,1e-07,1.2489125,1.7961906,1.3402203,0.015437337569892406,0.0845041275024414,0.010481220670044422,0.10237783193588257
3457,1.801122784614563,1e-07,1.2489046,1.7961668,1.3402115,0.015435838140547276,0.08450217545032501,0.010479721240699291,0.10237050801515579
3458,1.8010972738265991,1e-07,1.248896,1.7961413,1.340202,0.015434213913977146,0.08449983596801758,0.010478097014129162,0.10236257314682007
3459,1.8010728359222412,1e-07,1.2488878,1.7961168,1.3401928,0.015432666055858135,0.08449773490428925,0.010476550087332726,0.10235501825809479
3460,1.8010472059249878,1e-07,1.2488793,1.7960912,1.3401833,0.01543107908219099,0.08449549973011017,0.01047496311366558,0.10234726965427399
3461,1.8010222911834717,1e-07,1.2488708,1.7960663,1.340174,0.015429546125233173,0.08449342846870422,0.010473430156707764,0.10233977437019348
3462,1.8009978532791138,1e-07,1.2488627,1.7960418,1.3401649,0.015427990816533566,0.08449132740497589,0.010471874848008156,0.10233218222856522
3463,1.80097234249115,1e-07,1.2488543,1.7960163,1.3401554,0.01542640570551157,0.0844891220331192,0.01047028973698616,0.10232443362474442
3464,1.800947904586792,1e-07,1.2488462,1.7959919,1.3401462,0.015424887649714947,0.08448716998100281,0.010468771681189537,0.10231701284646988
3465,1.8009217977523804,1e-07,1.2488374,1.7959658,1.3401365,0.015423260629177094,0.08448480069637299,0.010467144660651684,0.10230906307697296
3466,1.8008977174758911,1e-07,1.2488294,1.7959417,1.3401275,0.015421760268509388,0.08448287844657898,0.010465644299983978,0.10230173170566559
3467,1.800871729850769,1e-07,1.2488207,1.7959157,1.3401178,0.015420159325003624,0.08448055386543274,0.010464043356478214,0.10229390859603882
3468,1.8008477687835693,1e-07,1.2488126,1.7958918,1.3401089,0.01541863102465868,0.08447852730751038,0.010462514124810696,0.1022864282131195
3469,1.8008229732513428,1e-07,1.2488045,1.795867,1.3400996,0.015417059883475304,0.08447635173797607,0.010460943914949894,0.10227875411510468
3470,1.8007975816726685,1e-07,1.2487959,1.7958416,1.3400902,0.01541548129171133,0.08447414636611938,0.01045936532318592,0.10227103531360626
3471,1.800772786140442,1e-07,1.2487875,1.7958168,1.3400809,0.015413929708302021,0.08447203040122986,0.010457813739776611,0.1022634506225586
3472,1.8007479906082153,1e-07,1.2487793,1.795792,1.3400717,0.015412376262247562,0.08446991443634033,0.010456260293722153,0.10225585848093033
3473,1.8007224798202515,1e-07,1.2487708,1.7957665,1.3400621,0.015410820953547955,0.0844677984714508,0.010454704985022545,0.10224825143814087
3474,1.8006974458694458,1e-07,1.2487622,1.7957414,1.3400527,0.01540928240865469,0.08446577191352844,0.01045316644012928,0.10224072635173798
3475,1.8006726503372192,1e-07,1.2487541,1.7957166,1.3400435,0.015407711267471313,0.08446350693702698,0.010451596230268478,0.10223305225372314
3476,1.8006483316421509,1e-07,1.248746,1.7956923,1.3400345,0.015406152233481407,0.08446130156517029,0.010450037196278572,0.1022254228591919
3477,1.8006232976913452,1e-07,1.2487378,1.7956673,1.3400251,0.015404624864459038,0.08445936441421509,0.010448509827256203,0.10221794992685318
3478,1.8005975484848022,1e-07,1.2487291,1.7956415,1.3400155,0.015403014607727528,0.08445698022842407,0.010446900501847267,0.10221008211374283
3479,1.8005726337432861,1e-07,1.2487208,1.7956166,1.3400062,0.01540148351341486,0.08445495367050171,0.0104453694075346,0.10220258682966232
3480,1.8005479574203491,1e-07,1.2487125,1.795592,1.339997,0.015399941243231297,0.08445294201374054,0.010443827137351036,0.10219504684209824
3481,1.8005231618881226,1e-07,1.2487043,1.7955672,1.3399878,0.015398349612951279,0.0844506025314331,0.010442235507071018,0.10218725353479385
3482,1.800498366355896,1e-07,1.248696,1.7955424,1.3399785,0.015396837145090103,0.08444865047931671,0.010440723970532417,0.1021798625588417
3483,1.800472617149353,1e-07,1.2486873,1.7955166,1.3399689,0.01539525669068098,0.0844465047121048,0.010439143516123295,0.1021721288561821
3484,1.8004481792449951,1e-07,1.2486792,1.7954922,1.3399597,0.015393698588013649,0.08444428443908691,0.010437586344778538,0.10216450691223145
3485,1.8004230260849,1e-07,1.2486709,1.795467,1.3399503,0.015392106026411057,0.08444193005561829,0.01043599285185337,0.10215670615434647
3486,1.8003984689712524,1e-07,1.2486625,1.7954425,1.3399413,0.015390574932098389,0.08443999290466309,0.010434461757540703,0.10214921087026596
3487,1.800372838973999,1e-07,1.248654,1.7954168,1.3399316,0.015389090403914452,0.08443804085254669,0.010432977229356766,0.10214194655418396
3488,1.8003484010696411,1e-07,1.2486459,1.7953924,1.3399225,0.015387488529086113,0.08443577587604523,0.010431375354528427,0.1021341010928154
3489,1.800323724746704,1e-07,1.2486376,1.7953677,1.3399134,0.01538594625890255,0.0844336450099945,0.010429833084344864,0.10212655365467072
3490,1.8002979755401611,1e-07,1.248629,1.795342,1.3399037,0.015384407714009285,0.08443160355091095,0.010428294539451599,0.10211902111768723
3491,1.8002737760543823,1e-07,1.2486209,1.7953178,1.3398947,0.015382819809019566,0.08442927896976471,0.01042670663446188,0.10211124271154404
3492,1.800248384475708,1e-07,1.2486124,1.7952924,1.3398852,0.015381280332803726,0.08442720770835876,0.01042516715824604,0.10210371017456055
3493,1.8002235889434814,1e-07,1.2486042,1.7952676,1.3398759,0.015379704535007477,0.0844249427318573,0.010423591360449791,0.10209599137306213
3494,1.8001983165740967,1e-07,1.2485957,1.7952423,1.3398665,0.015378177165985107,0.0844229906797409,0.010422064922749996,0.10208851844072342
3495,1.8001739978790283,1e-07,1.2485876,1.795218,1.3398575,0.015376634895801544,0.08442084491252899,0.010420521721243858,0.10208095610141754
3496,1.800148367881775,1e-07,1.248579,1.7951924,1.3398479,0.01537508238106966,0.0844186544418335,0.010418970137834549,0.10207335650920868
3497,1.8001238107681274,1e-07,1.2485708,1.7951678,1.3398387,0.015373509377241135,0.08441650867462158,0.010417397134006023,0.10206565260887146
3498,1.800098180770874,1e-07,1.2485622,1.7951422,1.3398292,0.015371941961348057,0.0844142735004425,0.01041583064943552,0.10205797851085663
3499,1.8000737428665161,1e-07,1.2485541,1.7951177,1.33982,0.0153704434633255,0.08441230654716492,0.010414332151412964,0.10205063223838806
3500,1.800048589706421,1e-07,1.2485458,1.7950926,1.3398106,0.015368890017271042,0.0844101756811142,0.010412778705358505,0.1020430251955986
3501,1.8000234365463257,1e-07,1.2485373,1.7950674,1.3398013,0.01536733377724886,0.08440807461738586,0.010411223396658897,0.10203540325164795
3502,1.7999991178512573,1e-07,1.2485293,1.7950431,1.3397921,0.015365760773420334,0.0844058245420456,0.010409649461507797,0.10202769190073013
3503,1.7999742031097412,1e-07,1.2485209,1.7950182,1.3397828,0.015364217571914196,0.08440366387367249,0.010408107191324234,0.10202012956142426
3504,1.799948811531067,1e-07,1.2485124,1.7949928,1.3397734,0.015362667851150036,0.08440153300762177,0.010406557470560074,0.10201253741979599
3505,1.7999237775802612,1e-07,1.248504,1.7949678,1.3397641,0.015361104160547256,0.08439929783344269,0.010404993779957294,0.10200487077236176
3506,1.7998985052108765,1e-07,1.2484956,1.7949425,1.3397546,0.015359566546976566,0.08439716696739197,0.010403456166386604,0.10199733078479767
3507,1.799873948097229,1e-07,1.2484874,1.794918,1.3397455,0.015358035452663898,0.0843951553106308,0.010401925072073936,0.10198982805013657
3508,1.7998487949371338,1e-07,1.248479,1.7948928,1.3397361,0.015356452204287052,0.08439284563064575,0.01040034182369709,0.10198206454515457
3509,1.7998241186141968,1e-07,1.2484707,1.7948681,1.3397269,0.01535490807145834,0.08439072966575623,0.010398797690868378,0.1019744947552681
3510,1.7997990846633911,1e-07,1.2484623,1.7948431,1.3397175,0.01535334438085556,0.0843885987997055,0.010397234000265598,0.10196682810783386
3511,1.799773931503296,1e-07,1.248454,1.7948179,1.3397081,0.015351850539445877,0.08438660204410553,0.010395740158855915,0.10195950418710709
3512,1.7997491359710693,1e-07,1.2484456,1.7947931,1.3396989,0.015350320376455784,0.08438451588153839,0.010394209995865822,0.10195200145244598
3513,1.7997239828109741,1e-07,1.2484373,1.794768,1.3396895,0.015348740853369236,0.08438222110271454,0.010392630472779274,0.10194425284862518
3514,1.7996994256973267,1e-07,1.248429,1.7947434,1.3396803,0.015347183682024479,0.0843801498413086,0.010391074232757092,0.10193661600351334
3515,1.7996747493743896,1e-07,1.2484207,1.7947187,1.3396711,0.015345663763582706,0.08437800407409668,0.010389553382992744,0.10192915797233582
3516,1.7996498346328735,1e-07,1.2484125,1.7946938,1.3396618,0.015344086103141308,0.08437587320804596,0.01038797665387392,0.10192142426967621
3517,1.7996240854263306,1e-07,1.2484039,1.7946681,1.3396522,0.01534256525337696,0.08437381684780121,0.010386455804109573,0.10191396623849869
3518,1.7995997667312622,1e-07,1.2483957,1.7946438,1.3396431,0.015340987592935562,0.08437152206897736,0.010384878143668175,0.10190622508525848
3519,1.7995741367340088,1e-07,1.2483872,1.7946181,1.3396336,0.015339480713009834,0.08436957001686096,0.010383371263742447,0.10189882665872574
3520,1.7995492219924927,1e-07,1.2483789,1.7945932,1.3396243,0.015337936580181122,0.08436742424964905,0.010381827130913734,0.10189124941825867
3521,1.799524188041687,1e-07,1.2483705,1.7945682,1.339615,0.015336371958255768,0.08436523377895355,0.01038026437163353,0.10188358277082443
3522,1.799499273300171,1e-07,1.2483622,1.7945433,1.3396057,0.015334833413362503,0.08436308801174164,0.01037872489541769,0.10187602788209915
3523,1.7994741201400757,1e-07,1.2483538,1.7945181,1.3395963,0.015333298593759537,0.08436091244220734,0.010377191007137299,0.10186849534511566
3524,1.7994493246078491,1e-07,1.2483455,1.7944933,1.339587,0.015331748872995377,0.0843588262796402,0.010375641286373138,0.1018608883023262
3525,1.7994245290756226,1e-07,1.2483373,1.7944685,1.3395778,0.01533021591603756,0.08435660600662231,0.010374107398092747,0.10185336321592331
3526,1.7993992567062378,1e-07,1.2483288,1.7944432,1.3395683,0.015328628942370415,0.08435431122779846,0.010372521355748177,0.10184557735919952
3527,1.7993746995925903,1e-07,1.2483206,1.7944187,1.3395592,0.015327118337154388,0.08435235917568207,0.01037101075053215,0.10183815658092499
3528,1.7993495464324951,1e-07,1.2483121,1.7943935,1.3395498,0.015325548127293587,0.08435007929801941,0.010369440540671349,0.10183045268058777
3529,1.7993237972259521,1e-07,1.2483035,1.7943678,1.3395401,0.015324023552238941,0.08434812724590302,0.010367915965616703,0.10182296484708786
3530,1.799299955368042,1e-07,1.2482957,1.794344,1.3395312,0.015322478488087654,0.08434593677520752,0.010366370901465416,0.10181538015604019
3531,1.799274206161499,1e-07,1.2482871,1.7943182,1.3395216,0.015320954844355583,0.08434386551380157,0.010364847257733345,0.10180789232254028
3532,1.7992500066757202,1e-07,1.2482789,1.794294,1.3395126,0.01531939022243023,0.08434166014194489,0.010363282635807991,0.10180021077394485
3533,1.7992242574691772,1e-07,1.2482704,1.7942683,1.3395029,0.015317878685891628,0.08433955907821655,0.01036177109926939,0.10179278254508972
3534,1.7991998195648193,1e-07,1.2482622,1.7942438,1.3394939,0.015316298231482506,0.08433730900287628,0.010360190644860268,0.10178501904010773
3535,1.7991750240325928,1e-07,1.2482538,1.794219,1.3394846,0.015314742922782898,0.08433499932289124,0.01035863533616066,0.10177738219499588
3536,1.7991502285003662,1e-07,1.2482456,1.7941942,1.3394754,0.015313212759792805,0.08433294296264648,0.010357106104493141,0.10176987200975418
3537,1.7991255521774292,1e-07,1.2482373,1.7941695,1.3394661,0.01531171053647995,0.08433108031749725,0.010355602949857712,0.10176248103380203
3538,1.7990995645523071,1e-07,1.2482287,1.7941436,1.3394564,0.015310175716876984,0.08432883024215698,0.010354068130254745,0.10175494104623795
3539,1.7990750074386597,1e-07,1.2482204,1.794119,1.3394473,0.0153086232021451,0.08432666957378387,0.010352515615522861,0.1017473116517067
3540,1.799049735069275,1e-07,1.248212,1.7940937,1.3394378,0.015307080000638962,0.08432459831237793,0.010350972414016724,0.10173972696065903
3541,1.799025297164917,1e-07,1.2482038,1.7940693,1.3394287,0.015305502340197563,0.08432218432426453,0.010349394753575325,0.10173197835683823
3542,1.7990010976791382,1e-07,1.2481956,1.7940451,1.3394197,0.015304043889045715,0.08432033658027649,0.010347937233746052,0.10172481089830399
3543,1.7989760637283325,1e-07,1.2481873,1.79402,1.3394103,0.01530249509960413,0.08431822061538696,0.010346387512981892,0.10171719640493393
3544,1.7989509105682373,1e-07,1.248179,1.7939949,1.339401,0.01530095748603344,0.08431603014469147,0.01034485176205635,0.10170964151620865
3545,1.7989248037338257,1e-07,1.2481703,1.7939688,1.3393912,0.015299380756914616,0.08431380987167358,0.010343275032937527,0.10170189291238785
3546,1.7989003658294678,1e-07,1.2481622,1.7939444,1.339382,0.01529786828905344,0.08431178331375122,0.010341762565076351,0.10169445723295212
3547,1.7988755702972412,1e-07,1.2481538,1.7939196,1.3393729,0.015296285971999168,0.0843093991279602,0.010340181179344654,0.10168667882680893
3548,1.798850655555725,1e-07,1.2481455,1.7938946,1.3393636,0.01529479306191206,0.08430753648281097,0.010338688269257545,0.10167934000492096
3549,1.7988250255584717,1e-07,1.2481369,1.793869,1.3393539,0.015293245203793049,0.08430525660514832,0.010337140411138535,0.1016717255115509
3550,1.7988002300262451,1e-07,1.2481285,1.7938442,1.3393447,0.015291702933609486,0.08430305123329163,0.010335598140954971,0.10166414082050323
3551,1.798775315284729,1e-07,1.2481202,1.7938193,1.3393354,0.015290206298232079,0.08430120348930359,0.010334102436900139,0.10165678709745407
3552,1.798750638961792,1e-07,1.2481121,1.7937946,1.3393261,0.015288641676306725,0.08429889380931854,0.010332537814974785,0.10164909064769745
3553,1.7987254858016968,1e-07,1.2481036,1.7937695,1.3393168,0.015287104994058609,0.08429677784442902,0.010331000201404095,0.10164152830839157
3554,1.7987006902694702,1e-07,1.2480954,1.7937447,1.3393075,0.015285572037100792,0.0842946469783783,0.010329468175768852,0.10163398832082748
3555,1.7986758947372437,1e-07,1.248087,1.7937199,1.3392982,0.015284043736755848,0.08429251611232758,0.010327938944101334,0.10162647068500519
3556,1.7986506223678589,1e-07,1.2480787,1.7936946,1.3392888,0.015282523818314075,0.08429038524627686,0.010326419956982136,0.10161899775266647
3557,1.798625111579895,1e-07,1.2480701,1.7936691,1.3392793,0.015280972234904766,0.08428822457790375,0.010324867442250252,0.10161135345697403
3558,1.7986005544662476,1e-07,1.248062,1.7936445,1.3392701,0.015279433690011501,0.08428606390953064,0.010323328897356987,0.10160378366708755
3559,1.798575758934021,1e-07,1.2480536,1.7936198,1.3392609,0.015277864411473274,0.08428376913070679,0.010321760550141335,0.10159606486558914
3560,1.798550009727478,1e-07,1.2480451,1.793594,1.3392513,0.015276357531547546,0.08428172767162323,0.010320253670215607,0.1015886515378952
3561,1.7985249757766724,1e-07,1.2480367,1.793569,1.339242,0.015274841338396072,0.08427964150905609,0.010318737477064133,0.10158118605613708
3562,1.7985011339187622,1e-07,1.2480286,1.7935451,1.339233,0.015273306518793106,0.08427754044532776,0.010317202657461166,0.1015736311674118
3563,1.7984755039215088,1e-07,1.2480202,1.7935195,1.3392235,0.01527178380638361,0.08427537977695465,0.01031567994505167,0.1015661358833313
3564,1.7984505891799927,1e-07,1.2480117,1.7934946,1.3392142,0.015270249918103218,0.0842733383178711,0.010314146056771278,0.10155858099460602
3565,1.7984259128570557,1e-07,1.2480035,1.7934699,1.3392049,0.015268676914274693,0.08427102863788605,0.010312573052942753,0.10155083984136581
3566,1.7984007596969604,1e-07,1.247995,1.7934448,1.3391956,0.015267184004187584,0.0842689573764801,0.010311081074178219,0.10154349356889725
3567,1.798376441001892,1e-07,1.2479869,1.7934204,1.3391864,0.015265654772520065,0.08426690101623535,0.0103095518425107,0.10153596103191376
3568,1.7983514070510864,1e-07,1.2479786,1.7933954,1.3391771,0.015264119952917099,0.08426472544670105,0.010308017022907734,0.10152840614318848
3569,1.7983267307281494,1e-07,1.2479705,1.7933707,1.339168,0.015262547880411148,0.08426237106323242,0.010306445881724358,0.10152066498994827
3570,1.798301100730896,1e-07,1.2479619,1.7933451,1.3391583,0.015261029824614525,0.08426031470298767,0.01030492689460516,0.10151318460702896
3571,1.7982761859893799,1e-07,1.2479535,1.7933202,1.339149,0.015259518288075924,0.08425825834274292,0.010303416289389133,0.10150574147701263
3572,1.7982515096664429,1e-07,1.2479452,1.7932955,1.3391398,0.015257956460118294,0.08425602316856384,0.010301854461431503,0.10149805247783661
3573,1.798226237297058,1e-07,1.2479367,1.7932702,1.3391304,0.015256451442837715,0.0842539370059967,0.010300349444150925,0.10149063915014267
3574,1.798201322555542,1e-07,1.2479284,1.7932453,1.3391211,0.015254922211170197,0.08425180613994598,0.01029882114380598,0.10148310661315918
3575,1.7981761693954468,1e-07,1.2479202,1.7932202,1.3391117,0.015253412537276745,0.08424971997737885,0.010297311469912529,0.10147567093372345
3576,1.7981511354446411,1e-07,1.2479116,1.7931951,1.3391024,0.015251902863383293,0.0842476487159729,0.010295800864696503,0.10146822780370712
3577,1.7981268167495728,1e-07,1.2479035,1.7931708,1.3390933,0.015250341966748238,0.08424538373947144,0.010294240899384022,0.1014605388045311
3578,1.7981008291244507,1e-07,1.2478949,1.7931448,1.3390836,0.015248813666403294,0.08424322307109833,0.010292712599039078,0.10145300626754761
3579,1.7980773448944092,1e-07,1.247887,1.7931213,1.3390749,0.015247267670929432,0.08424104750156403,0.010291166603565216,0.10144538432359695
3580,1.7980515956878662,1e-07,1.2478784,1.7930956,1.3390652,0.015245750546455383,0.08423902094364166,0.010289650410413742,0.10143791139125824
3581,1.7980271577835083,1e-07,1.2478703,1.7930712,1.339056,0.015244236215949059,0.08423684537410736,0.010288136079907417,0.10143044590950012
3582,1.7980018854141235,1e-07,1.2478617,1.7930459,1.3390466,0.015242692083120346,0.08423468470573425,0.010286591947078705,0.10142283886671066
3583,1.7979762554168701,1e-07,1.2478533,1.7930202,1.3390371,0.015241187065839767,0.0842326283454895,0.010285086929798126,0.10141541808843613
3584,1.7979518175125122,1e-07,1.247845,1.7929958,1.3390279,0.015239659696817398,0.08423039317131042,0.010283559560775757,0.10140788555145264
3585,1.7979267835617065,1e-07,1.2478367,1.7929708,1.3390186,0.015238091349601746,0.08422817289829254,0.010281991213560104,0.10140015184879303
3586,1.7979018688201904,1e-07,1.2478282,1.7929459,1.3390093,0.01523657888174057,0.08422613143920898,0.010280478745698929,0.10139269381761551
3587,1.7978771924972534,1e-07,1.2478201,1.7929212,1.3390001,0.015235083177685738,0.08422400057315826,0.010278983041644096,0.10138531774282455
3588,1.7978516817092896,1e-07,1.2478114,1.7928957,1.3389906,0.015233568847179413,0.0842219889163971,0.010277468711137772,0.10137785226106644
3589,1.797826886177063,1e-07,1.2478032,1.7928709,1.3389813,0.01523202657699585,0.08421972393989563,0.010275926440954208,0.10137024521827698
3590,1.7978017330169678,1e-07,1.247795,1.7928457,1.3389719,0.015230494551360607,0.08421763777732849,0.01027439534664154,0.1013626903295517
3591,1.797777533531189,1e-07,1.2477869,1.7928215,1.3389629,0.015228993259370327,0.08421552181243896,0.01027289405465126,0.10135528445243835
3592,1.797752022743225,1e-07,1.2477783,1.792796,1.3389534,0.015227421186864376,0.08421318233013153,0.01027132198214531,0.10134752839803696
3593,1.7977279424667358,1e-07,1.2477702,1.7927719,1.3389443,0.015225912444293499,0.08421120047569275,0.010269814170897007,0.10134009271860123
3594,1.7977015972137451,1e-07,1.2477614,1.7927456,1.3389345,0.01522439531981945,0.08420899510383606,0.010268296115100384,0.10133260488510132
3595,1.797677755355835,1e-07,1.2477535,1.7927217,1.3389256,0.015222917310893536,0.08420705795288086,0.010266818106174469,0.10132531076669693
3596,1.7976518869400024,1e-07,1.2477448,1.7926959,1.338916,0.015221341513097286,0.08420470356941223,0.01026524230837822,0.10131753236055374
3597,1.7976270914077759,1e-07,1.2477365,1.7926711,1.3389066,0.01521983090788126,0.0842026025056839,0.010263731703162193,0.10131007432937622
3598,1.7976022958755493,1e-07,1.2477282,1.7926463,1.3388975,0.015218322165310383,0.08420050144195557,0.010262222960591316,0.1013026311993599
3599,1.7975776195526123,1e-07,1.2477199,1.7926216,1.3388882,0.015216769650578499,0.08419822156429291,0.010260670445859432,0.10129496455192566
3600,1.797552227973938,1e-07,1.2477114,1.7925962,1.3388788,0.015215273015201092,0.08419619500637054,0.010259173810482025,0.10128758102655411
3601,1.7975274324417114,1e-07,1.2477032,1.7925714,1.3388695,0.015213784761726856,0.08419424295425415,0.01025768555700779,0.10128023475408554
3602,1.7975022792816162,1e-07,1.2476948,1.7925463,1.33886,0.015212210826575756,0.08419187366962433,0.010256112553179264,0.10127246379852295
3603,1.7974780797958374,1e-07,1.2476867,1.7925221,1.338851,0.015210694633424282,0.084189772605896,0.010254597291350365,0.10126498341560364
3604,1.7974523305892944,1e-07,1.2476779,1.7924963,1.3388414,0.01520918495953083,0.08418770134449005,0.010253086686134338,0.10125752538442612
3605,1.7974275350570679,1e-07,1.2476698,1.7924715,1.3388321,0.015207692049443722,0.0841856449842453,0.010251592844724655,0.10125014930963516
3606,1.7974027395248413,1e-07,1.2476616,1.7924467,1.3388228,0.015206152573227882,0.08418336510658264,0.01025005429983139,0.1012425497174263
3607,1.7973772287368774,1e-07,1.2476529,1.7924212,1.3388133,0.015204624272882938,0.0841812789440155,0.010248525999486446,0.10123500227928162
3608,1.797352910041809,1e-07,1.2476448,1.7923969,1.3388042,0.015203122049570084,0.08417920768260956,0.010247023776173592,0.10122758150100708
3609,1.7973271608352661,1e-07,1.2476362,1.7923712,1.3387947,0.015201564878225327,0.08417682349681854,0.010245466604828835,0.10121989250183105
3610,1.797303557395935,1e-07,1.2476283,1.7923476,1.3387859,0.015200107358396053,0.0841750055551529,0.010244010016322136,0.10121269524097443
3611,1.7972780466079712,1e-07,1.2476197,1.792322,1.3387764,0.015198550187051296,0.08417263627052307,0.010242452844977379,0.1012050062417984
3612,1.7972527742385864,1e-07,1.2476114,1.7922968,1.3387669,0.015197012573480606,0.084170401096344,0.010240916162729263,0.10119741410017014
3613,1.797228217124939,1e-07,1.2476033,1.7922722,1.3387578,0.01519553642719984,0.08416856825351715,0.010239440016448498,0.10119011998176575
3614,1.797202467918396,1e-07,1.2475946,1.7922465,1.3387481,0.015193994157016277,0.08416630327701569,0.010237897746264935,0.1011824980378151
3615,1.7971776723861694,1e-07,1.2475864,1.7922217,1.3387388,0.015192469581961632,0.08416406810283661,0.010236373171210289,0.1011749655008316
3616,1.7971526384353638,1e-07,1.2475779,1.7921966,1.3387295,0.015190953388810158,0.08416196703910828,0.010234856978058815,0.1011674702167511
3617,1.7971274852752686,1e-07,1.2475696,1.7921715,1.3387201,0.015189438126981258,0.08415979146957397,0.010233341716229916,0.10115998238325119
3618,1.7971032857894897,1e-07,1.2475615,1.7921473,1.338711,0.015187956392765045,0.08415773510932922,0.010231860913336277,0.10115265846252441
3619,1.7970784902572632,1e-07,1.2475531,1.7921225,1.3387018,0.015186413191258907,0.08415554463863373,0.01023031771183014,0.10114503651857376
3620,1.7970532178878784,1e-07,1.2475446,1.7920972,1.3386923,0.015184889547526836,0.08415341377258301,0.010228794068098068,0.10113750398159027
3621,1.797028660774231,1e-07,1.2475365,1.7920727,1.3386831,0.015183379873633385,0.08415135741233826,0.010227284394204617,0.10113003849983215
3622,1.7970036268234253,1e-07,1.247528,1.7920476,1.3386738,0.015181861817836761,0.08414912223815918,0.010225767269730568,0.10112253576517105
3623,1.7969787120819092,1e-07,1.2475197,1.7920227,1.3386645,0.015180358663201332,0.08414699137210846,0.010224264115095139,0.10111510008573532
3624,1.7969534397125244,1e-07,1.2475113,1.7919974,1.3386551,0.015178821980953217,0.08414480090141296,0.010222727432847023,0.10110750794410706
3625,1.7969285249710083,1e-07,1.2475029,1.7919725,1.3386458,0.015177322551608086,0.08414268493652344,0.010221228003501892,0.10110008716583252
3626,1.7969043254852295,1e-07,1.2474948,1.7919483,1.3386368,0.015175807289779186,0.0841405987739563,0.010219711810350418,0.10109259188175201
3627,1.7968779802322388,1e-07,1.247486,1.791922,1.3386269,0.015174289233982563,0.08413848280906677,0.010218193754553795,0.10108508169651031
3628,1.7968543767929077,1e-07,1.2474781,1.7918984,1.338618,0.015172779560089111,0.08413635194301605,0.010216684080660343,0.1010776162147522
3629,1.7968289852142334,1e-07,1.2474695,1.791873,1.3386086,0.015171238221228123,0.08413408696651459,0.010215142741799355,0.10106998682022095
3630,1.7968038320541382,1e-07,1.2474612,1.7918478,1.3385992,0.015169750899076462,0.08413201570510864,0.010213655419647694,0.10106263309717178
3631,1.7967784404754639,1e-07,1.2474527,1.7918224,1.3385897,0.01516823098063469,0.08412984013557434,0.010212136432528496,0.10105511546134949
3632,1.7967536449432373,1e-07,1.2474444,1.7917976,1.3385805,0.015166726894676685,0.08412781357765198,0.010210632346570492,0.10104767233133316
3633,1.7967288494110107,1e-07,1.2474362,1.7917728,1.3385712,0.015165196731686592,0.08412554860115051,0.010209101252257824,0.10104009509086609
3634,1.7967039346694946,1e-07,1.2474278,1.7917479,1.3385619,0.01516367495059967,0.0841233879327774,0.010207580402493477,0.1010325700044632
3635,1.7966792583465576,1e-07,1.2474196,1.7917233,1.3385527,0.015162169001996517,0.08412124216556549,0.010206075385212898,0.10102511942386627
3636,1.7966538667678833,1e-07,1.2474111,1.7916979,1.3385432,0.015160678885877132,0.0841192901134491,0.010204585269093513,0.10101775079965591
3637,1.7966285943984985,1e-07,1.2474027,1.7916726,1.3385338,0.015159129165112972,0.08411689102649689,0.010203035548329353,0.10101007670164108
3638,1.7966042757034302,1e-07,1.2473944,1.7916483,1.3385247,0.015157618559896946,0.08411480486392975,0.010201524943113327,0.10100259631872177
3639,1.7965792417526245,1e-07,1.2473861,1.7916232,1.3385153,0.015156119130551815,0.08411270380020142,0.010200025513768196,0.10099517554044724
3640,1.7965543270111084,1e-07,1.2473779,1.7915983,1.338506,0.015154603868722916,0.08411049842834473,0.010198511183261871,0.10098768025636673
3641,1.7965290546417236,1e-07,1.2473694,1.791573,1.3384966,0.015153100714087486,0.08410844206809998,0.010197008028626442,0.1009802371263504
3642,1.796504259109497,1e-07,1.2473611,1.7915483,1.3384873,0.015151610597968102,0.08410631120204926,0.010195517912507057,0.10097285360097885
3643,1.79647958278656,1e-07,1.2473527,1.7915236,1.3384781,0.015150102786719799,0.08410415053367615,0.010194010101258755,0.10096538811922073
3644,1.7964540719985962,1e-07,1.2473443,1.7914981,1.3384686,0.015148594044148922,0.0841020792722702,0.010192501358687878,0.10095791518688202
3645,1.7964293956756592,1e-07,1.247336,1.7914734,1.3384594,0.015147067606449127,0.08409993350505829,0.010190974920988083,0.10095036029815674
3646,1.7964040040969849,1e-07,1.2473277,1.791448,1.3384498,0.015145554207265377,0.0840977132320404,0.010189461521804333,0.10094286501407623
3647,1.7963801622390747,1e-07,1.2473196,1.7914242,1.3384409,0.0151440454646945,0.08409561216831207,0.01018795371055603,0.10093539208173752
3648,1.796354055404663,1e-07,1.2473108,1.791398,1.3384312,0.015142562799155712,0.08409357070922852,0.010186471045017242,0.10092804580926895
3649,1.7963305711746216,1e-07,1.2473029,1.7913746,1.3384224,0.015141013078391552,0.08409124612808228,0.010184921324253082,0.10092037171125412
3650,1.7963045835494995,1e-07,1.2472943,1.7913486,1.3384128,0.015139536000788212,0.08408917486667633,0.010183443315327168,0.10091304779052734
3651,1.796280026435852,1e-07,1.247286,1.791324,1.3384036,0.015138051472604275,0.08408717811107635,0.01018195878714323,0.10090569406747818
3652,1.7962548732757568,1e-07,1.2472776,1.7912989,1.3383942,0.015136511996388435,0.08408492803573608,0.010180420242249966,0.10089807212352753
3653,1.7962301969528198,1e-07,1.2472695,1.7912742,1.3383849,0.015135026536881924,0.08408278226852417,0.010178934782743454,0.10089070349931717
3654,1.7962048053741455,1e-07,1.2472609,1.7912488,1.3383754,0.015133525244891644,0.084080770611763,0.0101774325594306,0.10088326036930084
3655,1.7961798906326294,1e-07,1.2472526,1.7912239,1.3383662,0.015132001601159573,0.08407856523990631,0.010175909847021103,0.10087571293115616
3656,1.796155333518982,1e-07,1.2472444,1.7911993,1.338357,0.015130486339330673,0.08407637476921082,0.010174394585192204,0.10086820274591446
3657,1.7961302995681763,1e-07,1.247236,1.7911743,1.3383476,0.01512899436056614,0.08407428860664368,0.01017290260642767,0.10086081176996231
3658,1.7961052656173706,1e-07,1.2472277,1.7911493,1.3383383,0.015127459540963173,0.08407200872898102,0.010171368718147278,0.10085320472717285
3659,1.796080231666565,1e-07,1.2472192,1.7911242,1.3383288,0.015125972218811512,0.08406989276409149,0.010169882327318192,0.1008458361029625
3660,1.7960551977157593,1e-07,1.2472109,1.7910992,1.3383195,0.015124487690627575,0.08406795561313629,0.010168397799134254,0.10083847492933273
3661,1.796029806137085,1e-07,1.2472024,1.7910738,1.33831,0.0151229752227664,0.08406564593315125,0.010166884399950504,0.10083097219467163
3662,1.7960050106048584,1e-07,1.2471942,1.791049,1.3383008,0.01512147393077612,0.0840635895729065,0.010165383107960224,0.10082352161407471
3663,1.7959800958633423,1e-07,1.2471858,1.7910241,1.3382915,0.015119971707463264,0.08406144380569458,0.010163881815969944,0.10081607848405838
3664,1.7959548234939575,1e-07,1.2471772,1.7909988,1.338282,0.015118476934731007,0.08405929803848267,0.010162387043237686,0.10080866515636444
3665,1.7959314584732056,1e-07,1.2471695,1.7909755,1.3382733,0.015116924419999123,0.0840570479631424,0.010160835459828377,0.10080096870660782
3666,1.7959054708480835,1e-07,1.2471608,1.7909495,1.3382636,0.01511544082313776,0.08405491709709167,0.01015935093164444,0.10079360753297806
3667,1.7958805561065674,1e-07,1.2471524,1.7909245,1.3382543,0.015113946981728077,0.08405277132987976,0.010157857090234756,0.10078619420528412
3668,1.7958556413650513,1e-07,1.2471442,1.7908996,1.338245,0.015112439170479774,0.08405071496963501,0.010156350210309029,0.1007787212729454
3669,1.7958306074142456,1e-07,1.2471358,1.7908746,1.3382356,0.015110917389392853,0.08404842019081116,0.010154828429222107,0.10077116638422012
3670,1.7958056926727295,1e-07,1.2471274,1.7908497,1.3382263,0.015109425410628319,0.08404634892940521,0.010153337381780148,0.10076376795768738
3671,1.7957807779312134,1e-07,1.2471191,1.7908248,1.338217,0.01510794647037983,0.08404430747032166,0.010151857510209084,0.10075642913579941
3672,1.7957557439804077,1e-07,1.2471108,1.7907997,1.3382076,0.015106460079550743,0.08404222130775452,0.010150370188057423,0.10074904561042786
3673,1.7957313060760498,1e-07,1.2471026,1.7907753,1.3381985,0.015104956924915314,0.08403998613357544,0.010148867033421993,0.10074158757925034
3674,1.7957059144973755,1e-07,1.2470942,1.7907499,1.338189,0.015103453770279884,0.0840378850698471,0.010147363878786564,0.10073412209749222
3675,1.7956815958023071,1e-07,1.2470859,1.7907256,1.33818,0.015101959928870201,0.08403579890727997,0.010145870968699455,0.10072671622037888
3676,1.7956554889678955,1e-07,1.2470771,1.7906995,1.3381702,0.015100426971912384,0.0840335339307785,0.010144338011741638,0.10071910172700882
3677,1.795630693435669,1e-07,1.2470689,1.7906747,1.338161,0.015098948031663895,0.08403152227401733,0.010142859071493149,0.10071176290512085
3678,1.795606255531311,1e-07,1.2470608,1.7906502,1.3381518,0.015097449533641338,0.08402939140796661,0.010141360573470592,0.10070431977510452
3679,1.7955812215805054,1e-07,1.2470524,1.7906252,1.3381424,0.015095904469490051,0.08402703702449799,0.01013981644064188,0.10069665312767029
3680,1.795556664466858,1e-07,1.2470442,1.7906007,1.3381332,0.0150944534689188,0.08402504026889801,0.010138366371393204,0.10068945586681366
3681,1.7955310344696045,1e-07,1.2470355,1.790575,1.3381237,0.015092910267412663,0.08402276039123535,0.010136822238564491,0.10068178921937943
3682,1.7955067157745361,1e-07,1.2470274,1.7905507,1.3381146,0.015091443434357643,0.0840207040309906,0.010135355405509472,0.10067450255155563
3683,1.79548180103302,1e-07,1.247019,1.7905258,1.3381053,0.015089978463947773,0.08401867747306824,0.010133890435099602,0.10066722333431244
3684,1.7954565286636353,1e-07,1.2470106,1.7905005,1.3380959,0.015088440850377083,0.08401644229888916,0.010132352821528912,0.10065958648920059
3685,1.7954312562942505,1e-07,1.2470022,1.7904752,1.3380864,0.015086953528225422,0.08401431143283844,0.010130866430699825,0.10065220296382904
3686,1.7954062223434448,1e-07,1.2469939,1.7904502,1.3380771,0.015085460618138313,0.08401216566562653,0.010129373520612717,0.1006447896361351
3687,1.7953816652297974,1e-07,1.2469856,1.7904257,1.3380679,0.015083959326148033,0.08401001989841461,0.010127872228622437,0.10063733160495758
3688,1.7953568696975708,1e-07,1.2469772,1.7904009,1.3380586,0.015082438476383686,0.08400776982307434,0.01012635137885809,0.1006297767162323
3689,1.7953318357467651,1e-07,1.2469689,1.7903758,1.3380493,0.015080966986715794,0.0840056985616684,0.010124879889190197,0.10062246024608612
3690,1.7953070402145386,1e-07,1.2469606,1.790351,1.33804,0.015079451724886894,0.08400356769561768,0.010123365558683872,0.10061493515968323
3691,1.7952821254730225,1e-07,1.2469522,1.7903261,1.3380307,0.015077980235219002,0.08400151133537292,0.010121893137693405,0.10060761868953705
3692,1.7952569723129272,1e-07,1.2469438,1.790301,1.3380213,0.015076473355293274,0.0839993953704834,0.010120386257767677,0.10060013085603714
3693,1.7952319383621216,1e-07,1.2469355,1.7902759,1.338012,0.015075014904141426,0.08399735391139984,0.01011892780661583,0.10059288144111633
3694,1.7952066659927368,1e-07,1.2469269,1.7902507,1.3380024,0.015073472633957863,0.08399498462677002,0.010117385536432266,0.1005852147936821
3695,1.7951819896697998,1e-07,1.2469188,1.790226,1.3379933,0.015071948058903217,0.08399277925491333,0.010115861892700195,0.10057763755321503
3696,1.795157551765442,1e-07,1.2469106,1.7902015,1.3379841,0.015070485882461071,0.083990678191185,0.010114399716258049,0.10057037323713303
3697,1.795132040977478,1e-07,1.2469021,1.790176,1.3379745,0.015068999491631985,0.08398863673210144,0.010112914256751537,0.10056298971176147
3698,1.7951074838638306,1e-07,1.2468938,1.7901515,1.3379654,0.015067515894770622,0.0839865505695343,0.010111430659890175,0.10055560618638992
3699,1.7950819730758667,1e-07,1.2468854,1.790126,1.3379558,0.01506601832807064,0.0839843600988388,0.010109933093190193,0.1005481630563736
3700,1.7950570583343506,1e-07,1.246877,1.790101,1.3379465,0.015064568258821964,0.08398239314556122,0.010108483023941517,0.10054095089435577
3701,1.7950319051742554,1e-07,1.2468685,1.7900759,1.3379372,0.015063018538057804,0.08398005366325378,0.010106932371854782,0.10053323954343796
3702,1.7950074672698975,1e-07,1.2468604,1.7900515,1.337928,0.015061534009873867,0.0839778333902359,0.01010544877499342,0.100525863468647
3703,1.7949823141098022,1e-07,1.246852,1.7900263,1.3379186,0.015060053206980228,0.08397580683231354,0.010103968903422356,0.10051850229501724
3704,1.7949573993682861,1e-07,1.2468437,1.7900014,1.3379093,0.01505857240408659,0.08397373557090759,0.010102488100528717,0.10051113367080688
3705,1.7949330806732178,1e-07,1.2468356,1.7899771,1.3379003,0.015057040378451347,0.08397141098976135,0.010100956074893475,0.10050351172685623
3706,1.7949073314666748,1e-07,1.2468269,1.7899513,1.3378906,0.015055571682751179,0.08396942913532257,0.010099487379193306,0.10049620270729065
3707,1.794882893562317,1e-07,1.2468187,1.7899269,1.3378814,0.015054082497954369,0.0839671641588211,0.010097998194396496,0.10048879683017731
3708,1.7948577404022217,1e-07,1.2468103,1.7899017,1.3378721,0.015052583999931812,0.08396510779857635,0.01009649969637394,0.10048133879899979
3709,1.7948329448699951,1e-07,1.246802,1.7898769,1.3378628,0.015051070600748062,0.08396279811859131,0.010094987228512764,0.1004738137125969
3710,1.7948077917099,1e-07,1.2467935,1.7898518,1.3378534,0.015049649402499199,0.08396096527576447,0.0100935660302639,0.10046674311161041
3711,1.7947828769683838,1e-07,1.2467853,1.7898269,1.3378441,0.015048110857605934,0.08395865559577942,0.010092027485370636,0.10045908391475677
3712,1.7947585582733154,1e-07,1.246777,1.7898026,1.3378351,0.015046577900648117,0.08395639061927795,0.010090494528412819,0.10045145452022552
3713,1.7947334051132202,1e-07,1.2467688,1.7897774,1.3378257,0.01504511572420597,0.08395430445671082,0.010089032351970673,0.10044417530298233
3714,1.7947086095809937,1e-07,1.2467604,1.7897526,1.3378164,0.015043651685118675,0.08395226299762726,0.010087568312883377,0.10043688863515854
3715,1.7946832180023193,1e-07,1.2467518,1.7897272,1.3378068,0.01504213735461235,0.08395005762577057,0.010086053051054478,0.10042934119701385
3716,1.7946574687957764,1e-07,1.2467433,1.7897015,1.3377973,0.01504069659858942,0.08394801616668701,0.010084613226354122,0.10042217373847961
3717,1.794634222984314,1e-07,1.2467355,1.7896782,1.3377886,0.015039188787341118,0.0839458703994751,0.01008310541510582,0.10041467100381851
3718,1.7946078777313232,1e-07,1.2467268,1.7896519,1.3377787,0.015037685632705688,0.08394366502761841,0.01008160226047039,0.1004071831703186
3719,1.7945836782455444,1e-07,1.2467188,1.7896277,1.3377696,0.015036219730973244,0.08394162356853485,0.01008013729006052,0.10039988905191422
3720,1.7945586442947388,1e-07,1.2467102,1.7896026,1.3377603,0.015034696087241173,0.08393935859203339,0.01007861364632845,0.10039229691028595
3721,1.794533133506775,1e-07,1.2467017,1.7895771,1.3377508,0.015033247880637646,0.08393733203411102,0.010077165439724922,0.10038508474826813
3722,1.794508695602417,1e-07,1.2466935,1.7895527,1.3377416,0.015031741000711918,0.08393509685993195,0.010075658559799194,0.10037758201360703
3723,1.7944833040237427,1e-07,1.2466849,1.7895273,1.3377322,0.01503025647252798,0.083933025598526,0.010074174031615257,0.10037018358707428
3724,1.7944587469100952,1e-07,1.2466768,1.7895027,1.337723,0.015028764493763447,0.0839308500289917,0.010072682052850723,0.10036275535821915
3725,1.7944339513778687,1e-07,1.2466686,1.789478,1.3377137,0.015027285553514957,0.08392870426177979,0.010071203112602234,0.10035538673400879
3726,1.794408917427063,1e-07,1.2466602,1.7894529,1.3377043,0.01502576656639576,0.08392634987831116,0.01006968505680561,0.10034781694412231
3727,1.7943841218948364,1e-07,1.2466518,1.7894281,1.3376951,0.01502432581037283,0.08392438292503357,0.01006824430078268,0.10034064203500748
3728,1.7943589687347412,1e-07,1.2466434,1.789403,1.3376857,0.01502283476293087,0.08392229676246643,0.010066753253340721,0.10033321380615234
3729,1.794333815574646,1e-07,1.246635,1.7893778,1.3376763,0.015021360479295254,0.0839201807975769,0.01006527990102768,0.10032586753368378
3730,1.7943087816238403,1e-07,1.2466267,1.7893528,1.3376669,0.015019853599369526,0.08391799032688141,0.010063773021101952,0.10031835734844208
3731,1.7942839860916138,1e-07,1.2466183,1.789328,1.3376577,0.015018376521766186,0.08391591906547546,0.010062295012176037,0.10031098872423172
3732,1.794258952140808,1e-07,1.24661,1.789303,1.3376483,0.015016883611679077,0.08391357958316803,0.010060802102088928,0.10030355304479599
3733,1.7942341566085815,1e-07,1.2466017,1.7892781,1.337639,0.01501538883894682,0.0839114785194397,0.010059308260679245,0.10029610246419907
3734,1.7942091226577759,1e-07,1.2465932,1.7892531,1.3376297,0.015013925731182098,0.0839093029499054,0.010057845152914524,0.10028880834579468
3735,1.7941843271255493,1e-07,1.2465849,1.7892283,1.3376204,0.015012412331998348,0.0839071124792099,0.010056331753730774,0.10028126090765
3736,1.7941590547561646,1e-07,1.2465764,1.789203,1.337611,0.015010944567620754,0.08390508592128754,0.01005486398935318,0.10027394443750381
3737,1.794134497642517,1e-07,1.2465683,1.7891785,1.3376018,0.01500948891043663,0.08390307426452637,0.010053408332169056,0.10026668757200241
3738,1.7941094636917114,1e-07,1.24656,1.7891535,1.3375924,0.015007986687123775,0.08390089869499207,0.010051906108856201,0.1002591922879219
3739,1.7940839529037476,1e-07,1.2465514,1.789128,1.3375828,0.015006518922746181,0.08389867842197418,0.010050438344478607,0.10025187581777573
3740,1.7940593957901,1e-07,1.246543,1.7891034,1.3375736,0.01500500738620758,0.08389654755592346,0.010048927739262581,0.10024434328079224
3741,1.7940348386764526,1e-07,1.246535,1.7890788,1.3375645,0.015003551729023457,0.08389444649219513,0.010047472082078457,0.10023707896471024
3742,1.7940102815628052,1e-07,1.2465267,1.7890543,1.3375553,0.015002036467194557,0.08389215171337128,0.010045955888926983,0.10022951662540436
3743,1.7939854860305786,1e-07,1.2465184,1.7890295,1.3375461,0.01500059012323618,0.0838901549577713,0.010044509544968605,0.10022229701280594
3744,1.7939602136611938,1e-07,1.2465099,1.7890042,1.3375366,0.014999078586697578,0.08388788998126984,0.010042998939752579,0.10021476447582245
3745,1.7939355373382568,1e-07,1.2465017,1.7889795,1.3375274,0.014997642487287521,0.08388589322566986,0.010041562840342522,0.10020759701728821
3746,1.7939094305038452,1e-07,1.246493,1.7889534,1.3375176,0.01499611884355545,0.0838836133480072,0.01004003919661045,0.10019999742507935
3747,1.7938846349716187,1e-07,1.2464846,1.7889286,1.3375083,0.014994652010500431,0.08388146758079529,0.010038572363555431,0.10019267350435257
3748,1.7938601970672607,1e-07,1.2464765,1.7889042,1.3374993,0.014993196353316307,0.0838795006275177,0.010037116706371307,0.10018540918827057
3749,1.793834924697876,1e-07,1.2464681,1.7888789,1.3374897,0.014991690404713154,0.08387720584869385,0.010035611689090729,0.10017789900302887
3750,1.7938096523284912,1e-07,1.2464596,1.7888536,1.3374803,0.014990218915045261,0.08387517929077148,0.010034140199422836,0.1001705527305603
3751,1.7937848567962646,1e-07,1.2464513,1.7888288,1.337471,0.014988771639764309,0.08387312293052673,0.010032692924141884,0.10016333311796188
3752,1.7937606573104858,1e-07,1.2464432,1.7888047,1.3374621,0.014987246133387089,0.08387075364589691,0.010031167417764664,0.10015571862459183
3753,1.793736219406128,1e-07,1.2464348,1.7887802,1.3374529,0.014985772781074047,0.08386862277984619,0.010029694065451622,0.10014835745096207
3754,1.7937108278274536,1e-07,1.2464265,1.7887548,1.3374434,0.01498430036008358,0.08386659622192383,0.01002822257578373,0.1001410111784935
3755,1.7936853170394897,1e-07,1.246418,1.7887293,1.3374338,0.014982822351157665,0.08386440575122833,0.010026744566857815,0.10013363510370255
3756,1.7936599254608154,1e-07,1.2464095,1.7887039,1.3374244,0.014981400221586227,0.08386246860027313,0.010025322437286377,0.10012653470039368
3757,1.7936351299285889,1e-07,1.2464012,1.7886791,1.3374151,0.014979859814047813,0.0838601142168045,0.010023782029747963,0.10011883825063705
3758,1.79361093044281,1e-07,1.2463931,1.7886549,1.337406,0.014978408813476562,0.08385802805423737,0.010022331029176712,0.10011159628629684
3759,1.793586015701294,1e-07,1.2463846,1.78863,1.3373967,0.014976905658841133,0.08385574817657471,0.010020827874541283,0.10010408610105515
3760,1.7935611009597778,1e-07,1.2463763,1.7886051,1.3373874,0.014975441619753838,0.08385370671749115,0.010019363835453987,0.10009676963090897
3761,1.793535828590393,1e-07,1.2463678,1.7885798,1.3373779,0.014973945915699005,0.08385145664215088,0.010017868131399155,0.10008930414915085
3762,1.793509840965271,1e-07,1.2463592,1.7885538,1.3373682,0.014972480945289135,0.08384938538074493,0.010016403160989285,0.10008198022842407
3763,1.7934855222702026,1e-07,1.2463511,1.7885295,1.3373592,0.014970999211072922,0.08384726941585541,0.010014921426773071,0.10007458180189133
3764,1.7934609651565552,1e-07,1.2463428,1.788505,1.33735,0.01496952585875988,0.08384507894515991,0.01001344807446003,0.10006722062826157
3765,1.79343581199646,1e-07,1.2463344,1.7884798,1.3373406,0.014968067407608032,0.08384303748607635,0.010011990554630756,0.10005993396043777
3766,1.7934104204177856,1e-07,1.2463259,1.7884544,1.337331,0.014966578222811222,0.08384078741073608,0.010010501369833946,0.10005249083042145
3767,1.793386697769165,1e-07,1.246318,1.7884307,1.3373222,0.014965114183723927,0.08383871614933014,0.01000903733074665,0.10004517436027527
3768,1.7933605909347534,1e-07,1.2463093,1.7884046,1.3373125,0.014963624067604542,0.08383645117282867,0.010007547214627266,0.10003773123025894
3769,1.793336272239685,1e-07,1.2463012,1.7883803,1.3373034,0.014962200075387955,0.08383455872535706,0.010006124153733253,0.10003061592578888
3770,1.7933109998703003,1e-07,1.2462927,1.788355,1.3372939,0.014960667118430138,0.08383208513259888,0.010004590265452862,0.10002294927835464
3771,1.7932860851287842,1e-07,1.2462844,1.7883301,1.3372846,0.014959199354052544,0.0838301032781601,0.010003123432397842,0.10001561790704727
3772,1.7932626008987427,1e-07,1.2462764,1.7883066,1.3372759,0.014957749284803867,0.08382800221443176,0.01000167429447174,0.10000836849212646
3773,1.7932361364364624,1e-07,1.2462677,1.7882801,1.337266,0.014956287108361721,0.08382590115070343,0.010000212118029594,0.10000105947256088
3774,1.7932121753692627,1e-07,1.2462596,1.7882562,1.3372569,0.014954816550016403,0.08382375538349152,0.009998741559684277,0.09999370574951172
3775,1.7931864261627197,1e-07,1.246251,1.7882304,1.3372474,0.014953344129025936,0.0838216096162796,0.00999726913869381,0.09998634457588196
3776,1.7931621074676514,1e-07,1.2462428,1.7882061,1.3372382,0.014951861463487148,0.08381946384906769,0.009995786473155022,0.09997893124818802
3777,1.7931368350982666,1e-07,1.2462343,1.7881808,1.3372288,0.01495035644620657,0.08381716907024384,0.009994281455874443,0.09997140616178513
3778,1.7931121587753296,1e-07,1.2462261,1.7881562,1.3372196,0.014948937110602856,0.08381521701812744,0.009992862120270729,0.09996430575847626
3779,1.7930864095687866,1e-07,1.2462174,1.7881304,1.3372099,0.014947452582418919,0.08381295204162598,0.009991377592086792,0.09995687752962112
3780,1.7930625677108765,1e-07,1.2462095,1.7881066,1.337201,0.014945953153073788,0.08381077647209167,0.009989878162741661,0.09994937479496002
3781,1.7930365800857544,1e-07,1.2462008,1.7880806,1.3371913,0.014944500289857388,0.0838087648153305,0.009988425299525261,0.09994211047887802
3782,1.7930119037628174,1e-07,1.2461925,1.7880559,1.337182,0.014943026937544346,0.08380654454231262,0.009986952878534794,0.09993474185466766
3783,1.792987585067749,1e-07,1.2461843,1.7880316,1.337173,0.014941578730940819,0.08380454778671265,0.009985504671931267,0.09992749989032745
3784,1.7929619550704956,1e-07,1.2461759,1.788006,1.3371634,0.014940149150788784,0.08380255103111267,0.009984076023101807,0.0999203473329544
3785,1.7929370403289795,1e-07,1.2461675,1.787981,1.337154,0.014938648790121078,0.08380024135112762,0.009982574731111526,0.09991283714771271
3786,1.7929128408432007,1e-07,1.2461592,1.7879568,1.3371451,0.014937174506485462,0.08379805088043213,0.00998110044747591,0.09990546107292175
3787,1.7928870916366577,1e-07,1.2461509,1.7879311,1.3371354,0.014935694634914398,0.0837959349155426,0.009979620575904846,0.09989804774522781
3788,1.7928626537322998,1e-07,1.2461425,1.7879066,1.3371263,0.01493421196937561,0.0837937444448471,0.009978137910366058,0.09989062696695328
3789,1.7928372621536255,1e-07,1.2461339,1.7878813,1.3371167,0.014932740479707718,0.08379152417182922,0.009976666420698166,0.09988326579332352
3790,1.792812466621399,1e-07,1.2461257,1.7878565,1.3371075,0.01493128016591072,0.08378942310810089,0.009975206106901169,0.09987595677375793
3791,1.7927876710891724,1e-07,1.2461174,1.7878317,1.3370982,0.014929810538887978,0.0837872326374054,0.009973737411201,0.09986860305070877
3792,1.7927625179290771,1e-07,1.2461091,1.7878065,1.3370888,0.0149283641949296,0.08378516137599945,0.009972290135920048,0.09986135363578796
3793,1.7927377223968506,1e-07,1.2461008,1.7877817,1.3370795,0.014926894567906857,0.08378307521343231,0.00997082144021988,0.0998539999127388
3794,1.7927124500274658,1e-07,1.2460923,1.7877564,1.3370701,0.014925405383110046,0.08378082513809204,0.009969333186745644,0.09984654933214188
3795,1.7926875352859497,1e-07,1.2460839,1.7877315,1.3370608,0.014923959970474243,0.08377869427204132,0.00996788777410984,0.09983930736780167
3796,1.792663335800171,1e-07,1.2460757,1.7877073,1.3370517,0.014922471717000008,0.08377659320831299,0.00996640045195818,0.09983186423778534
3797,1.7926380634307861,1e-07,1.2460673,1.787682,1.3370423,0.014921018853783607,0.08377444744110107,0.00996494758874178,0.09982458502054214
3798,1.792612910270691,1e-07,1.2460588,1.7876569,1.3370329,0.014919538982212543,0.08377216756343842,0.009963467717170715,0.0998171716928482
3799,1.7925885915756226,1e-07,1.2460507,1.7876326,1.3370237,0.014918100088834763,0.08377023041248322,0.009962028823792934,0.09980996698141098
3800,1.792563557624817,1e-07,1.2460424,1.7876076,1.3370144,0.014916615560650826,0.08376798033714294,0.009960543364286423,0.09980252385139465
3801,1.792537808418274,1e-07,1.2460337,1.7875818,1.3370048,0.014915182255208492,0.08376595377922058,0.009959110990166664,0.09979534894227982
3802,1.792513132095337,1e-07,1.2460254,1.7875571,1.3369956,0.014913697727024555,0.08376380801200867,0.009957626461982727,0.09978790581226349
3803,1.7924882173538208,1e-07,1.2460171,1.7875322,1.3369862,0.014912213198840618,0.08376151323318481,0.00995614193379879,0.09978047013282776
3804,1.792462706565857,1e-07,1.2460086,1.7875067,1.3369766,0.014910774305462837,0.08375945687294006,0.009954703040421009,0.09977325797080994
3805,1.7924387454986572,1e-07,1.2460005,1.7874827,1.3369677,0.014909302815794945,0.08375726640224457,0.009953231550753117,0.09976588189601898
3806,1.7924140691757202,1e-07,1.2459923,1.7874581,1.3369585,0.014907867647707462,0.08375521004199982,0.009951796382665634,0.09975869208574295
3807,1.7923887968063354,1e-07,1.245984,1.7874328,1.3369491,0.014906355179846287,0.08375294506549835,0.009950283914804459,0.09975110739469528
3808,1.7923637628555298,1e-07,1.2459755,1.7874078,1.3369397,0.014904904179275036,0.08375085890293121,0.009948832914233208,0.09974383562803268
3809,1.792338490486145,1e-07,1.245967,1.7873825,1.3369303,0.014903442934155464,0.0837487131357193,0.00994737260043621,0.0997365191578865
3810,1.7923136949539185,1e-07,1.2459588,1.7873577,1.336921,0.014901992864906788,0.08374659717082977,0.009945922531187534,0.09972924739122391
3811,1.7922886610031128,1e-07,1.2459503,1.7873327,1.3369116,0.014900552108883858,0.08374448120594025,0.009944481775164604,0.09972202032804489
3812,1.7922636270523071,1e-07,1.245942,1.7873076,1.3369023,0.014899063855409622,0.08374226093292236,0.009942992590367794,0.09971455484628677
3813,1.7922385931015015,1e-07,1.2459337,1.7872826,1.3368928,0.014897644519805908,0.08374027907848358,0.009941574186086655,0.09970743954181671
3814,1.7922145128250122,1e-07,1.2459254,1.7872585,1.3368839,0.014896158128976822,0.08373802900314331,0.009940087795257568,0.09969998896121979
3815,1.7921894788742065,1e-07,1.2459172,1.7872335,1.3368745,0.014894693158566952,0.08373589813709259,0.009938622824847698,0.09969264268875122
3816,1.7921642065048218,1e-07,1.2459086,1.7872082,1.3368651,0.01489325799047947,0.08373381197452545,0.009937187656760216,0.09968544542789459
3817,1.7921394109725952,1e-07,1.2459003,1.7871834,1.3368558,0.01489176694303751,0.08373165130615234,0.009935697540640831,0.09967797249555588
3818,1.792114019393921,1e-07,1.2458919,1.787158,1.3368464,0.014890319667756557,0.08372955024242401,0.009934250265359879,0.09967070817947388
3819,1.7920891046524048,1e-07,1.2458835,1.7871331,1.3368369,0.014888863079249859,0.08372737467288971,0.00993279367685318,0.0996633991599083
3820,1.7920647859573364,1e-07,1.2458754,1.7871088,1.3368279,0.014887367375195026,0.08372500538825989,0.009931297972798347,0.09965589642524719
3821,1.7920396327972412,1e-07,1.245867,1.7870836,1.3368185,0.014885935001075268,0.08372309803962708,0.009929865598678589,0.09964871406555176
3822,1.7920151948928833,1e-07,1.2458587,1.7870592,1.3368093,0.014884425327181816,0.08372071385383606,0.009928356856107712,0.09964113682508469
3823,1.791990041732788,1e-07,1.2458504,1.787034,1.3368,0.014883031137287617,0.08371877670288086,0.009926962666213512,0.09963414072990417
3824,1.7919641733169556,1e-07,1.2458416,1.7870082,1.3367902,0.014881596900522709,0.0837167352437973,0.009925528429448605,0.09962694346904755
3825,1.7919394969940186,1e-07,1.2458334,1.7869835,1.336781,0.014880097471177578,0.08371450006961823,0.009924029000103474,0.09961941838264465
3826,1.7919151782989502,1e-07,1.2458253,1.7869592,1.336772,0.014878639951348305,0.08371230959892273,0.0099225714802742,0.09961210191249847
3827,1.7918899059295654,1e-07,1.2458168,1.7869339,1.3367624,0.01487717218697071,0.08371007442474365,0.009921103715896606,0.09960474073886871
3828,1.7918645143508911,1e-07,1.2458082,1.7869085,1.336753,0.014875770546495914,0.08370822668075562,0.00991970207542181,0.09959769994020462
3829,1.7918401956558228,1e-07,1.2458,1.7868842,1.3367438,0.014874264597892761,0.0837058275938034,0.009918196126818657,0.09959013760089874
3830,1.791815161705017,1e-07,1.2457919,1.7868592,1.3367345,0.01487282570451498,0.08370372653007507,0.009916757233440876,0.09958291798830032
3831,1.7917901277542114,1e-07,1.2457833,1.7868341,1.3367251,0.014871366322040558,0.08370162546634674,0.009915297850966454,0.09957558661699295
3832,1.791765570640564,1e-07,1.2457751,1.7868096,1.3367159,0.014869875274598598,0.08369934558868408,0.009913807734847069,0.09956810623407364
3833,1.7917407751083374,1e-07,1.2457669,1.7867848,1.3367066,0.014868439175188541,0.08369727432727814,0.009912371635437012,0.09956089407205582
3834,1.791715383529663,1e-07,1.2457584,1.7867594,1.3366972,0.014866997487843037,0.08369520306587219,0.009910929948091507,0.0995536521077156
3835,1.7916905879974365,1e-07,1.2457501,1.7867346,1.3366879,0.01486555952578783,0.08369310200214386,0.0099094919860363,0.09954643249511719
3836,1.7916654348373413,1e-07,1.2457417,1.7867094,1.3366785,0.014864077791571617,0.0836908221244812,0.009908011183142662,0.09953899681568146
3837,1.7916409969329834,1e-07,1.2457335,1.786685,1.3366693,0.014862642623484135,0.08368873596191406,0.009906575083732605,0.09953177720308304
3838,1.7916162014007568,1e-07,1.2457252,1.7866602,1.3366601,0.014861145056784153,0.08368650078773499,0.009905077517032623,0.09952425956726074
3839,1.791591763496399,1e-07,1.2457169,1.7866358,1.336651,0.01485972385853529,0.08368441462516785,0.00990365631878376,0.09951711446046829
3840,1.791566014289856,1e-07,1.2457083,1.78661,1.3366413,0.014858267270028591,0.08368229866027832,0.009902200661599636,0.09950980544090271
3841,1.7915407419204712,1e-07,1.2456999,1.7865847,1.3366319,0.014856820926070213,0.08368013799190521,0.009900755248963833,0.09950254112482071
3842,1.7915157079696655,1e-07,1.2456914,1.7865597,1.3366225,0.01485538575798273,0.08367814123630524,0.00989932008087635,0.09949532896280289
3843,1.7914912700653076,1e-07,1.2456833,1.7865353,1.3366133,0.01485391054302454,0.08367586135864258,0.00989784486591816,0.09948791563510895
3844,1.7914658784866333,1e-07,1.2456747,1.7865099,1.3366039,0.01485246792435646,0.08367370069026947,0.00989640224725008,0.09948066622018814
3845,1.7914403676986694,1e-07,1.2456661,1.7864844,1.3365943,0.014851002022624016,0.08367156982421875,0.009894936345517635,0.09947329759597778
3846,1.7914165258407593,1e-07,1.2456583,1.7864605,1.3365854,0.014849556609988213,0.0836694985628128,0.009893490932881832,0.09946602582931519
3847,1.7913907766342163,1e-07,1.2456497,1.7864348,1.3365757,0.01484813541173935,0.08366738259792328,0.009892069734632969,0.09945888817310333
3848,1.7913663387298584,1e-07,1.2456416,1.7864103,1.3365666,0.014846664853394032,0.08366513252258301,0.009890599176287651,0.09945148974657059
3849,1.7913416624069214,1e-07,1.2456331,1.7863857,1.3365574,0.014845207333564758,0.08366310596466064,0.009889141656458378,0.09944416582584381
3850,1.7913168668746948,1e-07,1.245625,1.7863609,1.3365481,0.014843732118606567,0.08366072177886963,0.009887666441500187,0.09943674504756927
3851,1.7912918329238892,1e-07,1.2456164,1.7863358,1.3365388,0.014842300675809383,0.08365863561630249,0.009886234998703003,0.09942954778671265
3852,1.7912662029266357,1e-07,1.245608,1.7863102,1.3365291,0.014840849675238132,0.08365660905838013,0.009884783998131752,0.09942225366830826
3853,1.7912417650222778,1e-07,1.2455997,1.7862858,1.3365201,0.014839396812021732,0.08365437388420105,0.009883331134915352,0.09941494464874268
3854,1.7912170886993408,1e-07,1.2455915,1.7862611,1.3365108,0.014837965369224548,0.08365236222743988,0.009881900623440742,0.09940774738788605
3855,1.791191816329956,1e-07,1.2455829,1.7862358,1.3365014,0.014836501330137253,0.083650141954422,0.009880436584353447,0.09940038621425629
3856,1.7911674976348877,1e-07,1.2455748,1.7862115,1.3364922,0.01483502984046936,0.08364786207675934,0.009878965094685555,0.09939298033714294
3857,1.7911421060562134,1e-07,1.2455662,1.7861861,1.3364828,0.014833591878414154,0.0836457908153534,0.009877527132630348,0.09938574582338333
3858,1.7911170721054077,1e-07,1.2455579,1.7861611,1.3364733,0.014832139015197754,0.08364370465278625,0.009876074269413948,0.09937843680381775
3859,1.7910916805267334,1e-07,1.2455496,1.7861357,1.3364639,0.014830718748271465,0.08364158868789673,0.009874654933810234,0.0993712991476059
3860,1.7910670042037964,1e-07,1.2455412,1.786111,1.3364546,0.014829241670668125,0.08363932371139526,0.009873177856206894,0.09936386346817017
3861,1.7910419702529907,1e-07,1.2455329,1.786086,1.3364452,0.014827853068709373,0.08363746106624603,0.009871789254248142,0.09935687482357025
3862,1.791016936302185,1e-07,1.2455244,1.7860609,1.3364359,0.014826376922428608,0.08363518118858337,0.009870313107967377,0.09934944659471512
3863,1.7909921407699585,1e-07,1.2455162,1.7860361,1.3364266,0.01482492033392191,0.08363300561904907,0.009868857450783253,0.09934212267398834
3864,1.7909667491912842,1e-07,1.2455076,1.7860107,1.3364171,0.014823458157479763,0.08363081514835358,0.009867396205663681,0.09933476895093918
3865,1.7909433841705322,1e-07,1.2454997,1.7859874,1.3364084,0.01482204906642437,0.0836288183927536,0.009865987114608288,0.09932767599821091
3866,1.7909177541732788,1e-07,1.2454911,1.7859617,1.3363988,0.014820590615272522,0.08362659811973572,0.00986452866345644,0.09932033717632294
3867,1.7908920049667358,1e-07,1.2454826,1.785936,1.3363892,0.014819154515862465,0.0836244523525238,0.009863092564046383,0.09931310266256332
3868,1.7908672094345093,1e-07,1.2454743,1.7859112,1.3363799,0.014817697927355766,0.08362218737602234,0.009861635975539684,0.09930577129125595
3869,1.7908432483673096,1e-07,1.2454662,1.7858872,1.336371,0.014816251583397388,0.08362016081809998,0.009860189631581306,0.09929848462343216
3870,1.7908179759979248,1e-07,1.2454578,1.785862,1.3363614,0.014814794063568115,0.08361798524856567,0.009858732111752033,0.09929114580154419
3871,1.7907925844192505,1e-07,1.2454493,1.7858366,1.336352,0.014813355170190334,0.08361588418483734,0.009857293218374252,0.09928390383720398
3872,1.7907682657241821,1e-07,1.2454411,1.7858123,1.3363428,0.014811906032264233,0.08361372351646423,0.00985584408044815,0.099276602268219
3873,1.7907434701919556,1e-07,1.2454327,1.7857875,1.3363336,0.014810510911047459,0.08361177146434784,0.009854448959231377,0.0992695763707161
3874,1.7907174825668335,1e-07,1.2454242,1.7857615,1.3363239,0.014809026382863522,0.08360938727855682,0.00985296443104744,0.09926209598779678
3875,1.7906934022903442,1e-07,1.245416,1.7857374,1.3363148,0.014807564206421375,0.08360719680786133,0.009851502254605293,0.09925473481416702
3876,1.7906683683395386,1e-07,1.2454076,1.7857124,1.3363055,0.014806121587753296,0.08360511064529419,0.009850059635937214,0.09924746304750443
3877,1.7906434535980225,1e-07,1.2453994,1.7856874,1.3362962,0.014804706908762455,0.08360299468040466,0.009848644956946373,0.09924034029245377
3878,1.790618658065796,1e-07,1.2453909,1.7856627,1.3362869,0.0148032670840621,0.08360084891319275,0.009847205132246017,0.09923308342695236
3879,1.7905939817428589,1e-07,1.2453827,1.785638,1.3362776,0.014801827259361744,0.08359882235527039,0.009845766238868237,0.09922583401203156
3880,1.790568470954895,1e-07,1.2453742,1.7856125,1.3362681,0.014800376258790493,0.0835966020822525,0.009844315238296986,0.09921852499246597
3881,1.7905433177947998,1e-07,1.2453657,1.7855873,1.3362586,0.014798924326896667,0.08359439671039581,0.00984286330640316,0.0992112085223198
3882,1.7905185222625732,1e-07,1.2453575,1.7855625,1.3362495,0.014797461219131947,0.08359222114086151,0.009841399267315865,0.09920382499694824
3883,1.7904940843582153,1e-07,1.2453493,1.7855381,1.3362403,0.01479605957865715,0.08359014987945557,0.009839997626841068,0.09919676184654236
3884,1.7904689311981201,1e-07,1.245341,1.7855129,1.3362309,0.014794609509408474,0.08358797430992126,0.009838547557592392,0.09918945282697678
3885,1.7904436588287354,1e-07,1.2453324,1.7854877,1.3362215,0.014793185517191887,0.08358591794967651,0.00983712449669838,0.09918227791786194
3886,1.790418267250061,1e-07,1.2453238,1.7854623,1.3362119,0.014791757799685001,0.08358386158943176,0.009835697710514069,0.09917508810758591
3887,1.7903939485549927,1e-07,1.2453157,1.785438,1.3362029,0.01479025837033987,0.08358146250247955,0.009834198281168938,0.09916752576828003
3888,1.7903679609298706,1e-07,1.245307,1.785412,1.3361931,0.01478884182870388,0.083579421043396,0.009832782670855522,0.09916038811206818
3889,1.790343999862671,1e-07,1.245299,1.785388,1.3361841,0.014787434600293636,0.08357740938663483,0.009831375442445278,0.0991532951593399
3890,1.7903192043304443,1e-07,1.2452908,1.7853632,1.3361748,0.014785985462367535,0.08357523381710052,0.009829926304519176,0.09914598613977432
3891,1.79029381275177,1e-07,1.245282,1.7853378,1.3361653,0.014784520491957664,0.08357293903827667,0.009828461334109306,0.09913859516382217
3892,1.7902696132659912,1e-07,1.2452741,1.7853136,1.3361562,0.01478309091180563,0.08357077836990356,0.009827031753957272,0.09913138300180435
3893,1.790244221687317,1e-07,1.2452655,1.7852882,1.3361468,0.014781691133975983,0.08356881141662598,0.009825631976127625,0.09912432730197906
3894,1.7902195453643799,1e-07,1.2452573,1.7852635,1.3361375,0.014780169352889061,0.08356636762619019,0.009824110195040703,0.09911664575338364
3895,1.7901952266693115,1e-07,1.245249,1.7852392,1.3361285,0.014778804033994675,0.08356454968452454,0.009822744876146317,0.09910976141691208
3896,1.7901698350906372,1e-07,1.2452406,1.7852138,1.3361189,0.014777343720197678,0.08356234431266785,0.00982128456234932,0.09910239279270172
3897,1.7901448011398315,1e-07,1.2452322,1.7851888,1.3361095,0.014775926247239113,0.08356022834777832,0.009819867089390755,0.09909524023532867
3898,1.7901198863983154,1e-07,1.2452239,1.7851639,1.3361002,0.014774459414184093,0.08355791866779327,0.00981840118765831,0.09908784925937653
3899,1.7900947332382202,1e-07,1.2452154,1.7851387,1.3360908,0.014773053117096424,0.0835559219121933,0.00981699489057064,0.09908074885606766
3900,1.790069341659546,1e-07,1.245207,1.7851133,1.3360814,0.014771603979170322,0.08355370163917542,0.009815545752644539,0.09907343983650208
3901,1.7900453805923462,1e-07,1.2451988,1.7850894,1.3360723,0.014770173467695713,0.08355161547660828,0.00981411524116993,0.09906621277332306
3902,1.7900203466415405,1e-07,1.2451905,1.7850643,1.336063,0.014768710359930992,0.08354941010475159,0.009812652133405209,0.09905882924795151
3903,1.7899949550628662,1e-07,1.2451819,1.785039,1.3360535,0.01476729940623045,0.08354729413986206,0.009811241179704666,0.09905170649290085
3904,1.7899705171585083,1e-07,1.2451738,1.7850145,1.3360443,0.014765874482691288,0.08354517817497253,0.009809816256165504,0.09904451668262482
3905,1.789945363998413,1e-07,1.2451653,1.7849894,1.3360349,0.014764425344765186,0.08354303240776062,0.009808367118239403,0.09903720021247864
3906,1.7899199724197388,1e-07,1.2451569,1.784964,1.3360255,0.014762986451387405,0.08354084193706512,0.009806929156184196,0.09902994334697723
3907,1.7898956537246704,1e-07,1.2451488,1.7849396,1.3360163,0.014761533588171005,0.08353868126869202,0.009805476292967796,0.09902260452508926
3908,1.7898706197738647,1e-07,1.2451404,1.7849146,1.336007,0.01476013008505106,0.08353658020496368,0.009804073721170425,0.09901551902294159
3909,1.7898461818695068,1e-07,1.2451323,1.7848902,1.3359978,0.014758681878447533,0.0835343599319458,0.009802625514566898,0.09900821000337601
3910,1.7898212671279907,1e-07,1.2451237,1.7848653,1.3359885,0.014757266268134117,0.08353234827518463,0.009801209904253483,0.09900105744600296
3911,1.789795994758606,1e-07,1.2451153,1.78484,1.335979,0.014755839481949806,0.08353017270565033,0.009799783118069172,0.09899385273456573
3912,1.7897707223892212,1e-07,1.2451068,1.7848147,1.3359696,0.014754393137991428,0.08352801203727722,0.009798336774110794,0.09898655116558075
3913,1.7897461652755737,1e-07,1.2450987,1.7847902,1.3359604,0.014752955175936222,0.08352580666542053,0.009796898812055588,0.09897928684949875
3914,1.7897212505340576,1e-07,1.2450904,1.7847652,1.3359511,0.014751531183719635,0.08352379500865936,0.009795474819839,0.09897208958864212
3915,1.7896958589553833,1e-07,1.2450817,1.7847399,1.3359416,0.014750082977116108,0.08352148532867432,0.009794026613235474,0.09896477311849594
3916,1.7896713018417358,1e-07,1.2450734,1.7847153,1.3359324,0.014748676680028439,0.08351944386959076,0.009792620316147804,0.09895767271518707
3917,1.7896467447280884,1e-07,1.2450653,1.7846907,1.3359232,0.014747254550457,0.08351731300354004,0.009791198186576366,0.09895048290491104
3918,1.7896217107772827,1e-07,1.2450569,1.7846657,1.3359138,0.01474577747285366,0.08351501822471619,0.009789721108973026,0.09894301742315292
3919,1.7895957231521606,1e-07,1.2450482,1.7846397,1.3359041,0.014744392596185207,0.08351308107376099,0.009788336232304573,0.09893602132797241
3920,1.7895711660385132,1e-07,1.24504,1.7846152,1.335895,0.014742923900485039,0.08351074159145355,0.009786868467926979,0.09892860054969788
3921,1.789547085762024,1e-07,1.245032,1.7845911,1.3358859,0.014741519466042519,0.08350872993469238,0.009785464033484459,0.0989215075969696
3922,1.7895219326019287,1e-07,1.2450234,1.7845659,1.3358765,0.014740098267793655,0.08350664377212524,0.009784042835235596,0.09891431778669357
3923,1.7894965410232544,1e-07,1.245015,1.7845405,1.3358669,0.014738699421286583,0.0835045725107193,0.009782643988728523,0.09890724718570709
3924,1.789471983909607,1e-07,1.2450067,1.784516,1.3358577,0.014737185090780258,0.08350212872028351,0.009781129658222198,0.09889959543943405
3925,1.789446234703064,1e-07,1.2449981,1.7844902,1.3358481,0.014735800214111805,0.08350011706352234,0.009779744781553745,0.09889259189367294
3926,1.7894221544265747,1e-07,1.24499,1.7844661,1.3358392,0.014734385535120964,0.0834980309009552,0.009778330102562904,0.0988854393362999
3927,1.7893973588943481,1e-07,1.2449816,1.7844414,1.3358299,0.014732948504388332,0.08349582552909851,0.009776894003152847,0.0988781750202179
3928,1.7893720865249634,1e-07,1.2449733,1.7844161,1.3358204,0.01473156176507473,0.08349385857582092,0.009775507263839245,0.09887116402387619
3929,1.7893480062484741,1e-07,1.2449652,1.784392,1.3358114,0.014730134047567844,0.0834917426109314,0.00977407954633236,0.09886394441127777
3930,1.7893222570419312,1e-07,1.2449566,1.7843663,1.3358017,0.014728630892932415,0.08348934352397919,0.00977257639169693,0.09885634481906891
3931,1.7892976999282837,1e-07,1.2449483,1.7843417,1.3357925,0.014727208763360977,0.0834871381521225,0.009771155193448067,0.09884915500879288
3932,1.7892720699310303,1e-07,1.2449397,1.7843161,1.3357829,0.014725813642144203,0.0834851861000061,0.009769760072231293,0.09884209930896759
3933,1.7892473936080933,1e-07,1.2449316,1.7842914,1.3357737,0.014724364504218102,0.08348299562931061,0.009768310934305191,0.09883476793766022
3934,1.789223074913025,1e-07,1.2449234,1.7842671,1.3357646,0.014722928404808044,0.08348074555397034,0.009766874834895134,0.09882750362157822
3935,1.7891980409622192,1e-07,1.2449149,1.784242,1.3357552,0.014721531420946121,0.08347880840301514,0.00976547785103321,0.09882043302059174
3936,1.7891725301742554,1e-07,1.2449064,1.7842165,1.3357457,0.014720112085342407,0.08347663283348083,0.009764058515429497,0.0988132506608963
3937,1.7891474962234497,1e-07,1.244898,1.7841915,1.3357363,0.014718687161803246,0.0834745466709137,0.00976263452321291,0.09880604594945908
3938,1.7891227006912231,1e-07,1.2448896,1.7841667,1.335727,0.014717252925038338,0.08347223699092865,0.009761200286448002,0.09879878908395767
3939,1.789097547531128,1e-07,1.2448813,1.7841415,1.3357176,0.014715826138854027,0.08347015082836151,0.009759773500263691,0.09879156947135925
3940,1.7890735864639282,1e-07,1.2448732,1.7841176,1.3357086,0.014714406803250313,0.0834680050611496,0.009758353233337402,0.09878437966108322
3941,1.7890479564666748,1e-07,1.2448646,1.784092,1.3356991,0.014712974429130554,0.08346584439277649,0.009756920859217644,0.09877713024616241
3942,1.7890232801437378,1e-07,1.2448565,1.7840673,1.3356898,0.01471155509352684,0.08346374332904816,0.00975550152361393,0.09876994043588638
3943,1.7889983654022217,1e-07,1.244848,1.7840424,1.3356805,0.014710146933794022,0.08346162736415863,0.009754093363881111,0.09876281023025513
3944,1.7889729738235474,1e-07,1.2448394,1.784017,1.335671,0.014708710834383965,0.08345943689346313,0.009752657264471054,0.09875554591417313
3945,1.7889478206634521,1e-07,1.2448311,1.7839918,1.3356615,0.01470727939158678,0.08345721662044525,0.009751226752996445,0.09874829649925232
3946,1.7889233827590942,1e-07,1.2448229,1.7839674,1.3356525,0.014705847948789597,0.08345505595207214,0.00974979531019926,0.09874105453491211
3947,1.788898229598999,1e-07,1.2448144,1.7839422,1.335643,0.014704442583024502,0.083452969789505,0.00974839087575674,0.09873393923044205
3948,1.7888739109039307,1e-07,1.2448063,1.7839179,1.3356339,0.014703001827001572,0.08345077931880951,0.00974695011973381,0.09872664511203766
3949,1.7888492345809937,1e-07,1.2447981,1.7838932,1.3356247,0.014701595529913902,0.08344858884811401,0.009745543822646141,0.098719522356987
3950,1.7888232469558716,1e-07,1.2447892,1.7838672,1.3356149,0.014700150117278099,0.0834464430809021,0.009744098410010338,0.09871219843626022
3951,1.7887994050979614,1e-07,1.2447813,1.7838434,1.335606,0.014698747545480728,0.08344434201717377,0.009742695838212967,0.09870509803295135
3952,1.7887742519378662,1e-07,1.2447728,1.7838182,1.3355966,0.014697345905005932,0.08344236016273499,0.009741295129060745,0.09869799762964249
3953,1.78874933719635,1e-07,1.2447644,1.7837933,1.3355873,0.014695931226015091,0.08344019949436188,0.009739880450069904,0.09869083017110825
3954,1.7887240648269653,1e-07,1.2447561,1.783768,1.3355778,0.014694485813379288,0.083437979221344,0.009738435037434101,0.09868350625038147
3955,1.7886993885040283,1e-07,1.2447478,1.7837434,1.3355685,0.014693060889840126,0.08343571424484253,0.009737011045217514,0.09867629408836365
3956,1.7886744737625122,1e-07,1.2447395,1.7837185,1.3355592,0.014691674150526524,0.08343376219272614,0.009735623374581337,0.09866926074028015
3957,1.7886496782302856,1e-07,1.2447313,1.7836937,1.33555,0.014690235257148743,0.08343148231506348,0.00973418541252613,0.09866197407245636
3958,1.7886244058609009,1e-07,1.2447226,1.7836684,1.3355405,0.01468886248767376,0.08342966437339783,0.009732812643051147,0.09865501523017883
3959,1.788598895072937,1e-07,1.2447141,1.7836429,1.335531,0.014687408693134785,0.0834273248910904,0.009731357917189598,0.09864764660596848
3960,1.788575530052185,1e-07,1.2447063,1.7836195,1.3355222,0.014685994014143944,0.08342519402503967,0.009729944169521332,0.09864047914743423
3961,1.7885490655899048,1e-07,1.2446975,1.783593,1.3355123,0.014684539288282394,0.0834229588508606,0.009728489443659782,0.09863310307264328
3962,1.7885240316390991,1e-07,1.244689,1.783568,1.3355029,0.014683167450129986,0.08342097699642181,0.009727117605507374,0.09862615168094635
3963,1.7884999513626099,1e-07,1.244681,1.783544,1.3354939,0.014681737869977951,0.08341874182224274,0.009725688025355339,0.09861890226602554
3964,1.788474440574646,1e-07,1.2446724,1.7835184,1.3354844,0.014680342748761177,0.08341662585735321,0.009724292904138565,0.09861183166503906
3965,1.7884490489959717,1e-07,1.2446638,1.783493,1.3354748,0.0146788926795125,0.08341436088085175,0.009722842834889889,0.0986044779419899
3966,1.7884252071380615,1e-07,1.2446558,1.7834692,1.3354659,0.014677497558295727,0.08341237902641296,0.00972144864499569,0.09859740734100342
3967,1.7883998155593872,1e-07,1.2446474,1.7834438,1.3354564,0.014676070772111416,0.08341014385223389,0.009720021858811378,0.0985901728272438
3968,1.7883750200271606,1e-07,1.244639,1.783419,1.3354471,0.014674629084765911,0.08340795338153839,0.009718580171465874,0.09858285635709763
3969,1.7883503437042236,1e-07,1.2446307,1.7833943,1.3354379,0.01467322837561369,0.08340586721897125,0.009717179462313652,0.09857575595378876
3970,1.7883259057998657,1e-07,1.2446226,1.7833699,1.3354287,0.014671812765300274,0.08340363204479218,0.009715763852000237,0.09856857359409332
3971,1.7882999181747437,1e-07,1.2446139,1.7833439,1.335419,0.014670433476567268,0.08340169489383698,0.009714384563267231,0.09856157749891281
3972,1.7882754802703857,1e-07,1.2446057,1.7833195,1.3354099,0.014668974094092846,0.08339942991733551,0.009712925180792809,0.09855417162179947
3973,1.7882500886917114,1e-07,1.2445972,1.7832941,1.3354003,0.014667554758489132,0.08339722454547882,0.009711505845189095,0.09854697436094284
3974,1.7882252931594849,1e-07,1.244589,1.7832693,1.335391,0.014666149392724037,0.08339503407478333,0.009710100479424,0.09853984415531158
3975,1.788201093673706,1e-07,1.2445807,1.7832451,1.335382,0.014664730988442898,0.08339302241802216,0.009708683006465435,0.09853264689445496
3976,1.7881757020950317,1e-07,1.2445723,1.7832197,1.3353724,0.014663314446806908,0.08339081704616547,0.00970726739615202,0.09852546453475952
3977,1.788151502609253,1e-07,1.2445642,1.7831955,1.3353634,0.014661925844848156,0.0833887904882431,0.009705878794193268,0.09851841628551483
3978,1.7881251573562622,1e-07,1.2445554,1.7831692,1.3353536,0.014660497196018696,0.08338649570941925,0.009704450145363808,0.09851116687059402
3979,1.7881009578704834,1e-07,1.2445472,1.783145,1.3353446,0.014659100212156773,0.08338449895381927,0.009703053161501884,0.09850407391786575
3980,1.7880758047103882,1e-07,1.2445388,1.7831198,1.3353351,0.014657667838037014,0.083382248878479,0.009701620787382126,0.09849680960178375
3981,1.7880513668060303,1e-07,1.2445306,1.7830954,1.335326,0.014656275510787964,0.08338020741939545,0.009700228460133076,0.09848973900079727
3982,1.7880275249481201,1e-07,1.2445225,1.7830715,1.335317,0.014654855243861675,0.08337798714637756,0.009698808193206787,0.09848252683877945
3983,1.7880007028579712,1e-07,1.2445136,1.7830447,1.335307,0.014653432182967663,0.08337582647800446,0.009697385132312775,0.09847529977560043
3984,1.7879759073257446,1e-07,1.2445053,1.7830199,1.3352977,0.014652037993073463,0.08337375521659851,0.009695990942418575,0.09846822172403336
3985,1.787951111793518,1e-07,1.244497,1.7829951,1.3352884,0.014650617726147175,0.08337163925170898,0.009694570675492287,0.09846100956201553
3986,1.787926435470581,1e-07,1.2444886,1.7829704,1.3352791,0.01464919000864029,0.08336935937404633,0.009693143889307976,0.09845376759767532
3987,1.7879016399383545,1e-07,1.2444803,1.7829456,1.3352699,0.014647791162133217,0.08336734771728516,0.009691745042800903,0.09844665974378586
3988,1.7878763675689697,1e-07,1.2444719,1.7829204,1.3352604,0.014646373689174652,0.08336509764194489,0.009690327569842339,0.09843946248292923
3989,1.78785240650177,1e-07,1.2444638,1.7828964,1.3352515,0.014644941315054893,0.083362877368927,0.009688894264400005,0.09843218326568604
3990,1.7878268957138062,1e-07,1.2444553,1.7828709,1.3352419,0.01464353408664465,0.08336073160171509,0.009687487967312336,0.09842503815889359
3991,1.7878016233444214,1e-07,1.2444469,1.7828456,1.3352324,0.014642175287008286,0.08335873484611511,0.009686128236353397,0.09841813147068024
3992,1.787777066230774,1e-07,1.2444385,1.782821,1.3352232,0.014640741050243378,0.08335651457309723,0.009684694930911064,0.09841084480285645
3993,1.787752389907837,1e-07,1.2444304,1.7827964,1.335214,0.014639327302575111,0.08335438370704651,0.009683281183242798,0.09840366244316101
3994,1.7877274751663208,1e-07,1.244422,1.7827715,1.3352046,0.014637965708971024,0.08335249125957489,0.00968191958963871,0.09839674830436707
3995,1.7877023220062256,1e-07,1.2444135,1.7827463,1.3351952,0.014636513777077198,0.08335010707378387,0.009680467657744884,0.09838936477899551
3996,1.7876771688461304,1e-07,1.244405,1.7827212,1.3351858,0.014635118655860424,0.08334812521934509,0.009679073467850685,0.09838227927684784
3997,1.7876522541046143,1e-07,1.2443967,1.7826962,1.3351765,0.014633714221417904,0.0833459198474884,0.009677669033408165,0.09837514162063599
3998,1.7876269817352295,1e-07,1.2443882,1.782671,1.335167,0.014632283709943295,0.08334365487098694,0.009676238521933556,0.09836786985397339
3999,1.7876030206680298,1e-07,1.2443802,1.7826471,1.3351581,0.014630893245339394,0.08334159851074219,0.00967484898865223,0.0983608067035675
4000,1.7875769138336182,1e-07,1.2443715,1.782621,1.3351483,0.014629471115767956,0.08333936333656311,0.009673426859080791,0.09835357964038849
4001,1.787553071975708,1e-07,1.2443634,1.7825972,1.3351394,0.014628073200583458,0.08333723247051239,0.009672028943896294,0.09834647178649902
4002,1.7875276803970337,1e-07,1.2443548,1.7825718,1.3351299,0.01462668739259243,0.08333516120910645,0.009670643135905266,0.09833943098783493
4003,1.7875028848648071,1e-07,1.2443466,1.782547,1.3351206,0.014625255018472672,0.08333300054073334,0.009669210761785507,0.09833214432001114
4004,1.7874780893325806,1e-07,1.2443384,1.7825221,1.3351113,0.014623859897255898,0.083330899477005,0.009667815640568733,0.09832505136728287
4005,1.7874523401260376,1e-07,1.2443298,1.7824965,1.3351016,0.014622434973716736,0.08332858979701996,0.009666391648352146,0.09831780940294266
4006,1.7874281406402588,1e-07,1.2443216,1.7824723,1.3350925,0.014621048234403133,0.0833265632390976,0.009665004909038544,0.09831075370311737
4007,1.7874023914337158,1e-07,1.2443131,1.7824465,1.335083,0.014619624242186546,0.08332432806491852,0.009663580916821957,0.09830351173877716
4008,1.7873773574829102,1e-07,1.2443045,1.7824215,1.3350736,0.014618217013776302,0.08332216739654541,0.009662173688411713,0.09829635918140411
4009,1.7873528003692627,1e-07,1.2442964,1.7823969,1.3350644,0.014616846106946468,0.08332018554210663,0.009660802781581879,0.0982893854379654
4010,1.7873274087905884,1e-07,1.244288,1.7823715,1.3350549,0.014615424908697605,0.08331796526908875,0.00965938251465559,0.09828215837478638
4011,1.7873034477233887,1e-07,1.2442797,1.7823476,1.3350459,0.014614013954997063,0.08331583440303802,0.009657970629632473,0.09827497601509094
4012,1.7872791290283203,1e-07,1.2442718,1.7823232,1.3350368,0.014612642116844654,0.08331383764743805,0.009656598791480064,0.09826799482107162
4013,1.787253975868225,1e-07,1.2442632,1.7822981,1.3350273,0.014611209742724895,0.083311527967453,0.009655166417360306,0.09826070815324783
4014,1.787229061126709,1e-07,1.2442548,1.7822732,1.335018,0.01460984442383051,0.08330954611301422,0.00965380109846592,0.0982537567615509
4015,1.7872042655944824,1e-07,1.2442465,1.7822484,1.3350087,0.014608445577323437,0.08330745995044708,0.009652403183281422,0.09824664145708084
4016,1.787178635597229,1e-07,1.2442379,1.7822227,1.3349992,0.014606988057494164,0.08330501616001129,0.009650945663452148,0.0982392281293869
4017,1.7871544361114502,1e-07,1.2442299,1.7821985,1.3349901,0.014605576172471046,0.08330288529396057,0.009649533778429031,0.09823203831911087
4018,1.7871285676956177,1e-07,1.2442211,1.7821727,1.3349804,0.014604191295802593,0.08330079913139343,0.009648148901760578,0.09822499006986618
4019,1.7871038913726807,1e-07,1.244213,1.782148,1.3349712,0.01460279431194067,0.08329865336418152,0.00964675284922123,0.09821788221597672
4020,1.787078857421875,1e-07,1.2442044,1.782123,1.3349618,0.014601410366594791,0.08329659700393677,0.009645368903875351,0.09821084141731262
4021,1.7870543003082275,1e-07,1.2441963,1.7820984,1.3349526,0.014599972404539585,0.08329430222511292,0.009643930941820145,0.09820351749658585
4022,1.7870289087295532,1e-07,1.2441877,1.782073,1.334943,0.014598596841096878,0.08329218626022339,0.009642555378377438,0.09819651395082474
4023,1.7870049476623535,1e-07,1.2441797,1.7820491,1.3349341,0.014597185887396336,0.08329001069068909,0.009641144424676895,0.0981893315911293
4024,1.7869794368743896,1e-07,1.2441711,1.7820235,1.3349246,0.014595798216760159,0.08328801393508911,0.009639756754040718,0.09818226099014282
4025,1.7869541645050049,1e-07,1.2441627,1.7819983,1.334915,0.014594399370253086,0.08328582346439362,0.00963835883885622,0.09817514568567276
4026,1.7869300842285156,1e-07,1.2441546,1.7819742,1.3349061,0.014593003317713737,0.0832836925983429,0.009636962786316872,0.0981680303812027
4027,1.7869049310684204,1e-07,1.2441462,1.781949,1.3348967,0.014591577462852001,0.08328145742416382,0.009635536931455135,0.0981607735157013
4028,1.7868800163269043,1e-07,1.2441378,1.7819241,1.3348873,0.014590202830731869,0.08327938616275787,0.009634163230657578,0.09815376996994019
4029,1.7868552207946777,1e-07,1.2441294,1.7818993,1.334878,0.014588810503482819,0.08327722549438477,0.009632769972085953,0.09814667701721191
4030,1.7868305444717407,1e-07,1.2441212,1.7818747,1.3348688,0.014587389305233955,0.0832749754190445,0.009631349705159664,0.0981394425034523
4031,1.7868051528930664,1e-07,1.2441126,1.7818493,1.3348593,0.014585993252694607,0.08327293395996094,0.009629953652620316,0.09813232719898224
4032,1.7867803573608398,1e-07,1.2441044,1.7818245,1.33485,0.014584601856768131,0.08327080309391022,0.00962856225669384,0.09812523424625397
4033,1.7867553234100342,1e-07,1.2440959,1.7817994,1.3348407,0.014583215117454529,0.08326868712902069,0.009627174586057663,0.09811816364526749
4034,1.786730408668518,1e-07,1.2440876,1.7817745,1.3348312,0.014581805095076561,0.08326642215251923,0.009625764563679695,0.09811098128557205
4035,1.7867059707641602,1e-07,1.2440794,1.7817501,1.334822,0.01458041463047266,0.0832643061876297,0.009624374099075794,0.09810389578342438
4036,1.7866804599761963,1e-07,1.2440709,1.7817246,1.3348125,0.0145790483802557,0.08326233923435211,0.009623007848858833,0.09809692949056625
4037,1.7866560220718384,1e-07,1.2440625,1.7817001,1.3348035,0.014577630907297134,0.08326014876365662,0.009621590375900269,0.09808970242738724
4038,1.7866308689117432,1e-07,1.2440542,1.781675,1.3347939,0.014576231129467487,0.08325804769992828,0.009620191529393196,0.09808257222175598
4039,1.7866064310073853,1e-07,1.2440461,1.7816505,1.3347849,0.014574864879250526,0.08325594663619995,0.00961882621049881,0.09807561337947845
4040,1.78658127784729,1e-07,1.2440375,1.7816254,1.3347754,0.014573433436453342,0.08325369656085968,0.009617394767701626,0.09806831926107407
4041,1.7865560054779053,1e-07,1.244029,1.7816001,1.3347659,0.014572050422430038,0.08325149118900299,0.009616011753678322,0.09806126356124878
4042,1.7865307331085205,1e-07,1.2440206,1.7815748,1.3347565,0.014570659026503563,0.08324937522411346,0.009614620357751846,0.09805417060852051
4043,1.7865062952041626,1e-07,1.2440125,1.7815504,1.3347473,0.014569230377674103,0.0832470953464508,0.009613190777599812,0.09804688394069672
4044,1.7864818572998047,1e-07,1.2440041,1.781526,1.3347381,0.014567874372005463,0.083245187997818,0.009611835703253746,0.09803996980190277
4045,1.7864562273025513,1e-07,1.2439957,1.7815003,1.3347286,0.014566457830369473,0.08324293792247772,0.00961042009294033,0.09803275018930435
4046,1.7864313125610352,1e-07,1.2439873,1.7814754,1.3347192,0.014565072022378445,0.08324083685874939,0.009609034284949303,0.09802567958831787
4047,1.786407232284546,1e-07,1.2439791,1.7814513,1.3347102,0.014563695527613163,0.08323873579502106,0.009607657790184021,0.09801866114139557
4048,1.7863813638687134,1e-07,1.2439705,1.7814255,1.3347005,0.014562261290848255,0.0832364559173584,0.009606223553419113,0.09801134467124939
4049,1.7863562107086182,1e-07,1.243962,1.7814003,1.334691,0.014560897834599018,0.08323442935943604,0.00960486102849245,0.09800439327955246
4050,1.7863314151763916,1e-07,1.2439537,1.7813755,1.3346817,0.014559471048414707,0.08323214948177338,0.009603433310985565,0.09799710661172867
4051,1.786306619644165,1e-07,1.2439455,1.7813507,1.3346726,0.014558103866875172,0.08323009312152863,0.00960206612944603,0.09799013286828995
4052,1.7862815856933594,1e-07,1.2439369,1.7813257,1.3346632,0.01455669291317463,0.08322785794734955,0.009600655175745487,0.09798293560743332
4053,1.786257266998291,1e-07,1.2439289,1.7813014,1.334654,0.014555327594280243,0.08322584629058838,0.009599289856851101,0.0979759693145752
4054,1.7862322330474854,1e-07,1.2439204,1.7812763,1.3346447,0.014553932473063469,0.08322367072105408,0.009597894735634327,0.09796884655952454
4055,1.7862077951431274,1e-07,1.2439122,1.7812519,1.3346355,0.014552520588040352,0.0832214504480362,0.00959648285061121,0.09796164184808731
4056,1.7861825227737427,1e-07,1.2439038,1.7812266,1.3346261,0.014551183208823204,0.08321940898895264,0.009595145471394062,0.09795481711626053
4057,1.7861577272415161,1e-07,1.2438954,1.7812018,1.3346168,0.014549778774380684,0.08321735262870789,0.009593741968274117,0.09794764965772629
4058,1.7861320972442627,1e-07,1.243887,1.7811762,1.3346071,0.014548340812325478,0.08321498334407806,0.00959230400621891,0.09794031083583832
4059,1.7861075401306152,1e-07,1.2438787,1.7811517,1.334598,0.014546995051205158,0.08321300148963928,0.009590959176421165,0.09793344140052795
4060,1.7860828638076782,1e-07,1.2438704,1.781127,1.3345886,0.014545596204698086,0.08321087062358856,0.009589560329914093,0.0979263037443161
4061,1.7860585451126099,1e-07,1.2438623,1.7811027,1.3345796,0.0145442308858037,0.08320875465869904,0.009588195011019707,0.09791933000087738
4062,1.786033272743225,1e-07,1.2438537,1.7810774,1.3345702,0.014542804099619389,0.08320648968219757,0.009586768224835396,0.09791204333305359
4063,1.7860075235366821,1e-07,1.2438451,1.7810516,1.3345605,0.014541435055434704,0.08320437371730804,0.009585399180650711,0.09790505468845367
4064,1.785982608795166,1e-07,1.2438368,1.7810267,1.3345511,0.014540052972733974,0.0832022875547409,0.009584017097949982,0.09789799153804779
4065,1.7859578132629395,1e-07,1.2438284,1.7810019,1.3345418,0.014538652263581753,0.08320009708404541,0.00958261638879776,0.09789083898067474
4066,1.785933017730713,1e-07,1.2438201,1.7809771,1.3345325,0.01453726552426815,0.08319792151451111,0.009581228718161583,0.09788375347852707
4067,1.7859079837799072,1e-07,1.2438117,1.7809521,1.3345232,0.01453583873808384,0.08319562673568726,0.009579802863299847,0.09787646681070328
4068,1.7858840227127075,1e-07,1.2438036,1.7809281,1.3345141,0.014534471556544304,0.08319360017776489,0.009578436613082886,0.09786948561668396
4069,1.7858582735061646,1e-07,1.243795,1.7809024,1.3345046,0.014533099718391895,0.08319152891635895,0.009577065706253052,0.09786248207092285
4070,1.7858331203460693,1e-07,1.2437866,1.7808772,1.3344951,0.01453170645982027,0.08318938314914703,0.009575672447681427,0.09785536676645279
4071,1.7858092784881592,1e-07,1.2437785,1.7808534,1.3344862,0.01453033834695816,0.08318732678890228,0.009574305266141891,0.09784837812185287
4072,1.7857838869094849,1e-07,1.2437701,1.780828,1.3344767,0.014528925530612469,0.08318501710891724,0.009572891518473625,0.09784115105867386
4073,1.785759449005127,1e-07,1.2437619,1.7808036,1.3344675,0.01452755555510521,0.0831829309463501,0.009571520611643791,0.09783414751291275
4074,1.785733699798584,1e-07,1.2437533,1.7807778,1.3344579,0.014526138082146645,0.08318069577217102,0.009570104070007801,0.09782690554857254
4075,1.7857084274291992,1e-07,1.2437447,1.7807525,1.3344485,0.01452476903796196,0.08317860960960388,0.009568735025823116,0.09781990945339203
4076,1.7856841087341309,1e-07,1.2437366,1.7807282,1.3344393,0.01452338881790638,0.08317646384239197,0.009567354805767536,0.09781285375356674
4077,1.7856594324111938,1e-07,1.2437283,1.7807035,1.3344301,0.014522049576044083,0.08317449688911438,0.009566015563905239,0.09780600666999817
4078,1.7856345176696777,1e-07,1.2437199,1.7806786,1.3344207,0.01452063862234354,0.08317223191261292,0.009564604610204697,0.09779879450798035
4079,1.7856099605560303,1e-07,1.2437117,1.7806541,1.3344115,0.01451923418790102,0.083170086145401,0.009563200175762177,0.09779161959886551
4080,1.7855844497680664,1e-07,1.2437032,1.7806286,1.334402,0.014517869800329208,0.08316797018051147,0.00956183671951294,0.09778464585542679
4081,1.7855596542358398,1e-07,1.2436948,1.7806038,1.3343927,0.014516443945467472,0.08316560089588165,0.009560409933328629,0.0977773517370224
4082,1.7855353355407715,1e-07,1.2436866,1.7805794,1.3343835,0.014515122398734093,0.08316375315189362,0.009559089317917824,0.09777059406042099
4083,1.7855103015899658,1e-07,1.2436783,1.7805544,1.3343742,0.014513700269162655,0.08316148817539215,0.009557666257023811,0.0977633148431778
4084,1.7854849100112915,1e-07,1.2436699,1.780529,1.3343647,0.01451234519481659,0.08315938711166382,0.009556311182677746,0.09775638580322266
4085,1.7854595184326172,1e-07,1.2436613,1.7805036,1.3343551,0.014510922133922577,0.08315713703632355,0.009554889053106308,0.09774911403656006
4086,1.7854348421096802,1e-07,1.2436529,1.780479,1.3343459,0.0145095344632864,0.08315491676330566,0.009553502313792706,0.09774202108383179
4087,1.7854100465774536,1e-07,1.2436446,1.7804542,1.3343366,0.01450817659497261,0.0831529051065445,0.009552143514156342,0.09773506969213486
4088,1.7853851318359375,1e-07,1.2436363,1.7804292,1.3343272,0.014506797306239605,0.08315077424049377,0.00955076515674591,0.09772801399230957
4089,1.785360336303711,1e-07,1.2436279,1.7804044,1.3343179,0.014505408704280853,0.08314858376979828,0.009549375623464584,0.0977209061384201
4090,1.7853357791900635,1e-07,1.2436198,1.7803799,1.3343087,0.014504067599773407,0.0831465870141983,0.009548036381602287,0.09771405160427094
4091,1.7853113412857056,1e-07,1.2436115,1.7803555,1.3342996,0.014502640813589096,0.08314427733421326,0.009546609595417976,0.09770675003528595
4092,1.7852861881256104,1e-07,1.2436031,1.7803303,1.3342901,0.014501283876597881,0.08314226567745209,0.009545252658426762,0.09769980609416962
4093,1.7852604389190674,1e-07,1.2435945,1.7803046,1.3342805,0.014499877579510212,0.08313994109630585,0.009543846361339092,0.09769260883331299
4094,1.7852363586425781,1e-07,1.2435862,1.7802805,1.3342716,0.014498512260615826,0.08313785493373871,0.009542481042444706,0.09768562018871307
4095,1.7852118015289307,1e-07,1.2435782,1.7802559,1.3342623,0.014497143216431141,0.08313578367233276,0.009541111066937447,0.09767860919237137
4096,1.7851862907409668,1e-07,1.2435695,1.7802304,1.3342527,0.014495767652988434,0.08313356339931488,0.009539736434817314,0.09767157584428787
4097,1.7851612567901611,1e-07,1.2435613,1.7802054,1.3342434,0.014494365081191063,0.08313143253326416,0.009538333863019943,0.09766439348459244
4098,1.7851359844207764,1e-07,1.2435527,1.7801801,1.3342339,0.014493015594780445,0.08312937617301941,0.009536984376609325,0.09765748679637909
4099,1.7851110696792603,1e-07,1.2435443,1.7801552,1.3342246,0.014491631649434566,0.0831272155046463,0.009535600431263447,0.09765040129423141
4100,1.7850862741470337,1e-07,1.243536,1.7801304,1.3342153,0.014490253292024136,0.08312509953975677,0.00953422300517559,0.09764334559440613
4101,1.7850618362426758,1e-07,1.2435278,1.780106,1.3342061,0.01448888797312975,0.08312295377254486,0.00953285675495863,0.09763634949922562
4102,1.7850368022918701,1e-07,1.2435194,1.7800809,1.3341967,0.014487515203654766,0.08312082290649414,0.009531484916806221,0.09762932360172272
4103,1.7850114107131958,1e-07,1.2435108,1.7800555,1.3341873,0.014486142434179783,0.08311878144741058,0.009530112147331238,0.09762229025363922
4104,1.784986138343811,1e-07,1.2435025,1.7800303,1.3341777,0.014484715647995472,0.08311633765697479,0.009528685361146927,0.09761498868465424
4105,1.7849624156951904,1e-07,1.2434944,1.7800065,1.3341689,0.014483348466455936,0.08311426639556885,0.009527318179607391,0.09760798513889313
4106,1.784936547279358,1e-07,1.2434858,1.7799807,1.3341591,0.014481996186077595,0.08311229944229126,0.00952596589922905,0.09760105609893799
4107,1.7849127054214478,1e-07,1.2434777,1.7799568,1.3341502,0.01448062900453806,0.08311010897159576,0.009524598717689514,0.09759405255317688
4108,1.7848868370056152,1e-07,1.243469,1.779931,1.3341405,0.014479255303740501,0.08310805261135101,0.009523225016891956,0.09758701175451279
4109,1.7848621606826782,1e-07,1.2434608,1.7799063,1.3341312,0.014477870427072048,0.08310578763484955,0.009521840140223503,0.09757991880178452
4110,1.784837245941162,1e-07,1.2434524,1.7798814,1.334122,0.014476494863629341,0.08310364186763763,0.00952046550810337,0.09757287055253983
4111,1.7848122119903564,1e-07,1.2434441,1.7798563,1.3341125,0.01447510626167059,0.08310146629810333,0.009519076906144619,0.09756575524806976
4112,1.7847877740859985,1e-07,1.2434357,1.7798319,1.3341033,0.01447372604161501,0.08309929072856903,0.009517696686089039,0.09755868464708328
4113,1.784762978553772,1e-07,1.2434274,1.7798071,1.3340942,0.014472344890236855,0.08309710025787354,0.009516316466033459,0.0975516065955162
4114,1.7847378253936768,1e-07,1.243419,1.7797819,1.3340846,0.0144709637388587,0.08309498429298401,0.009514935314655304,0.09754452854394913
4115,1.7847130298614502,1e-07,1.2434107,1.7797571,1.3340753,0.014469592832028866,0.0830928236246109,0.00951356440782547,0.09753750264644623
4116,1.7846872806549072,1e-07,1.2434021,1.7797314,1.3340658,0.014468193985521793,0.08309058845043182,0.009512165561318398,0.09753033518791199
4117,1.7846628427505493,1e-07,1.2433939,1.779707,1.3340566,0.014466851949691772,0.08308854699134827,0.009510823525488377,0.09752345085144043
4118,1.7846380472183228,1e-07,1.2433857,1.7796822,1.3340473,0.014465469866991043,0.08308635652065277,0.009509442374110222,0.09751637279987335
4119,1.7846136093139648,1e-07,1.2433772,1.7796577,1.3340381,0.014464079402387142,0.08308413624763489,0.009508050978183746,0.0975092351436615
4120,1.784588098526001,1e-07,1.2433687,1.7796322,1.3340286,0.01446274109184742,0.0830821692943573,0.009506713598966599,0.09750238060951233
4121,1.7845637798309326,1e-07,1.2433606,1.7796079,1.3340194,0.01446138322353363,0.08308002352714539,0.00950535573065281,0.0974954143166542
4122,1.7845385074615479,1e-07,1.2433522,1.7795826,1.33401,0.014459959231317043,0.08307771384716034,0.009503931738436222,0.09748811274766922
4123,1.784513235092163,1e-07,1.2433437,1.7795573,1.3340005,0.014458592981100082,0.08307553827762604,0.009502565488219261,0.09748110175132751
4124,1.784489631652832,1e-07,1.2433358,1.7795337,1.3339916,0.0144572788849473,0.083073690533638,0.009501251392066479,0.0974743664264679
4125,1.7844631671905518,1e-07,1.2433268,1.7795073,1.3339818,0.014455871656537056,0.08307142555713654,0.009499844163656235,0.09746714681386948
4126,1.7844387292861938,1e-07,1.2433187,1.7794828,1.3339726,0.014454515650868416,0.08306926488876343,0.009498488157987595,0.09746018797159195
4127,1.7844140529632568,1e-07,1.2433105,1.7794582,1.3339633,0.014453146606683731,0.0830671489238739,0.00949711911380291,0.09745316207408905
4128,1.784388780593872,1e-07,1.2433019,1.7794329,1.3339539,0.01445179432630539,0.08306507766246796,0.009495766833424568,0.09744622558355331
4129,1.7843643426895142,1e-07,1.2432938,1.7794085,1.3339447,0.01445040199905634,0.08306287229061127,0.009494375437498093,0.09743908792734146
4130,1.784339189529419,1e-07,1.2432853,1.7793833,1.3339353,0.014449021779000759,0.083060622215271,0.009492995217442513,0.09743200242519379
4131,1.7843143939971924,1e-07,1.243277,1.7793585,1.333926,0.014447681605815887,0.0830586701631546,0.00949165504425764,0.09742512553930283
4132,1.7842893600463867,1e-07,1.2432685,1.7793335,1.3339165,0.014446287415921688,0.08305633068084717,0.009490260854363441,0.09741797298192978
4133,1.7842655181884766,1e-07,1.2432604,1.7793096,1.3339076,0.014444918371737003,0.08305427432060242,0.009488891810178757,0.09741093963384628
4134,1.7842398881912231,1e-07,1.2432519,1.779284,1.3338981,0.014443591237068176,0.08305223286151886,0.00948756467550993,0.0974041298031807
4135,1.7842156887054443,1e-07,1.2432438,1.7792598,1.333889,0.01444219145923853,0.08305001258850098,0.009486165829002857,0.09739694744348526
4136,1.7841897010803223,1e-07,1.243235,1.7792338,1.3338792,0.014440794475376606,0.08304786682128906,0.009484768845140934,0.09738977998495102
4137,1.7841644287109375,1e-07,1.2432265,1.7792085,1.3338698,0.014439454302191734,0.08304566144943237,0.009483428671956062,0.09738289564847946
4138,1.7841392755508423,1e-07,1.2432181,1.7791834,1.3338603,0.01443809736520052,0.08304363489151001,0.009482072666287422,0.09737593680620193
4139,1.7841150760650635,1e-07,1.24321,1.7791592,1.3338512,0.014436704106628895,0.08304129540920258,0.009480679407715797,0.09736877679824829
4140,1.784090280532837,1e-07,1.2432017,1.7791344,1.3338419,0.014435363002121449,0.08303923904895782,0.009479338303208351,0.09736189246177673
4141,1.7840654850006104,1e-07,1.2431934,1.7791096,1.3338326,0.014433975331485271,0.08303703367710114,0.0094779497012496,0.09735476225614548
4142,1.7840406894683838,1e-07,1.243185,1.7790848,1.3338233,0.01443264726549387,0.08303506672382355,0.009476622566580772,0.09734794497489929
4143,1.7840158939361572,1e-07,1.2431766,1.77906,1.333814,0.01443122886121273,0.08303272724151611,0.009475204162299633,0.0973406583070755
4144,1.783991813659668,1e-07,1.2431686,1.7790359,1.3338051,0.01442988496273756,0.08303064107894897,0.009473860263824463,0.09733375906944275
4145,1.7839657068252563,1e-07,1.2431599,1.7790098,1.3337953,0.014428533613681793,0.0830286294221878,0.009472508914768696,0.09732681512832642
4146,1.7839405536651611,1e-07,1.2431515,1.7789847,1.3337859,0.014427155256271362,0.08302634954452515,0.00947113148868084,0.09731973707675934
4147,1.783916711807251,1e-07,1.2431434,1.7789608,1.333777,0.014425794593989849,0.08302420377731323,0.009469769895076752,0.09731274098157883
4148,1.7838913202285767,1e-07,1.2431349,1.7789354,1.3337674,0.014424435794353485,0.08302214741706848,0.009468412026762962,0.0973057672381401
4149,1.7838670015335083,1e-07,1.2431267,1.7789111,1.3337582,0.014423051849007607,0.0830199271440506,0.009467028081417084,0.09729865193367004
4150,1.7838417291641235,1e-07,1.2431183,1.7788858,1.3337488,0.014421695843338966,0.0830177515745163,0.009465672075748444,0.09729168564081192
4151,1.7838164567947388,1e-07,1.2431098,1.7788606,1.3337393,0.014420363120734692,0.08301572501659393,0.009464339353144169,0.09728483855724335
4152,1.783791184425354,1e-07,1.2431012,1.7788353,1.3337299,0.014418958686292171,0.08301354944705963,0.009462935850024223,0.09727761894464493
4153,1.7837668657302856,1e-07,1.2430931,1.778811,1.3337207,0.014417593367397785,0.08301131427288055,0.009461569599807262,0.09727060049772263
4154,1.7837421894073486,1e-07,1.2430848,1.7787863,1.3337115,0.014416242018342018,0.08300915360450745,0.009460218250751495,0.09726365655660629
4155,1.7837166786193848,1e-07,1.2430762,1.7787608,1.333702,0.014414890669286251,0.08300705254077911,0.009458866901695728,0.09725670516490936
4156,1.783691167831421,1e-07,1.2430677,1.7787353,1.3336923,0.01441352628171444,0.08300493657588959,0.009457502514123917,0.09724969416856766
4157,1.7836675643920898,1e-07,1.2430596,1.7787117,1.3336835,0.01441216841340065,0.08300280570983887,0.009456144645810127,0.09724271297454834
4158,1.7836414575576782,1e-07,1.243051,1.7786856,1.3336737,0.014410825446248055,0.08300073444843292,0.009454803541302681,0.09723581373691559
4159,1.7836170196533203,1e-07,1.2430428,1.7786611,1.3336645,0.01440943218767643,0.08299848437309265,0.009453410282731056,0.09722864627838135
4160,1.7835928201675415,1e-07,1.2430347,1.7786369,1.3336555,0.01440807431936264,0.08299633860588074,0.009452052414417267,0.09722166508436203
4161,1.7835676670074463,1e-07,1.2430263,1.7786118,1.333646,0.014406710863113403,0.08299416303634644,0.00945068895816803,0.09721465408802032
4162,1.7835426330566406,1e-07,1.2430178,1.7785867,1.3336366,0.014405347406864166,0.0829920619726181,0.009449325501918793,0.09720764309167862
4163,1.783517599105835,1e-07,1.2430094,1.7785617,1.3336272,0.014403970912098885,0.08298979699611664,0.009447948075830936,0.09720055758953094
4164,1.7834925651550293,1e-07,1.2430011,1.7785367,1.3336179,0.014402633532881737,0.08298774063587189,0.009446611627936363,0.09719368070363998
4165,1.7834678888320923,1e-07,1.2429928,1.778512,1.3336086,0.014401281252503395,0.08298559486865997,0.009445259347558022,0.09718672186136246
4166,1.783442497253418,1e-07,1.2429842,1.7784866,1.3335991,0.01439991220831871,0.08298349380493164,0.009443890303373337,0.09717968106269836
4167,1.7834177017211914,1e-07,1.2429758,1.7784618,1.3335898,0.014398573897778988,0.0829814076423645,0.009442551992833614,0.0971727967262268
4168,1.7833925485610962,1e-07,1.2429675,1.7784367,1.3335804,0.014397215098142624,0.08297920227050781,0.00944119319319725,0.0971658006310463
4169,1.7833682298660278,1e-07,1.2429593,1.7784123,1.3335713,0.014395821839571,0.08297698199748993,0.0094398008659482,0.09715864062309265
4170,1.7833430767059326,1e-07,1.2429508,1.7783872,1.3335619,0.014394481666386127,0.0829748660326004,0.009438460692763329,0.0971517413854599
4171,1.7833187580108643,1e-07,1.2429427,1.7783629,1.3335527,0.014393146149814129,0.08297280967235565,0.00943712517619133,0.09714486449956894
4172,1.7832937240600586,1e-07,1.2429342,1.7783378,1.3335433,0.014391702599823475,0.08297038078308105,0.009435681626200676,0.0971374362707138
4173,1.7832685708999634,1e-07,1.2429258,1.7783127,1.3335339,0.014390392228960991,0.08296839892864227,0.009434371255338192,0.09713069349527359
4174,1.7832437753677368,1e-07,1.2429175,1.7782879,1.3335246,0.014389054849743843,0.08296629786491394,0.009433034807443619,0.09712380915880203
4175,1.7832186222076416,1e-07,1.242909,1.7782627,1.3335152,0.014387702569365501,0.08296416699886322,0.009431682527065277,0.0971168503165245
4176,1.783193588256836,1e-07,1.2429007,1.7782377,1.3335057,0.014386327937245369,0.08296193182468414,0.009430307894945145,0.09710977226495743
4177,1.7831692695617676,1e-07,1.2428924,1.7782134,1.3334967,0.014384991489350796,0.0829598605632782,0.009428970515727997,0.09710288792848587
4178,1.7831439971923828,1e-07,1.242884,1.7781881,1.3334872,0.014383655041456223,0.0829579085111618,0.009427634999155998,0.09709601104259491
4179,1.7831189632415771,1e-07,1.2428756,1.7781631,1.3334779,0.014382267370820045,0.08295559883117676,0.009426247328519821,0.09708886593580246
4180,1.783094048500061,1e-07,1.2428671,1.7781382,1.3334684,0.014380941167473793,0.08295348286628723,0.009424921125173569,0.09708203375339508
4181,1.7830688953399658,1e-07,1.2428588,1.778113,1.333459,0.014379567466676235,0.08295132219791412,0.009423548355698586,0.0970749631524086
4182,1.7830438613891602,1e-07,1.2428502,1.778088,1.3334496,0.0143782002851367,0.08294908702373505,0.00942218117415905,0.0970679223537445
4183,1.7830193042755127,1e-07,1.2428422,1.7780634,1.3334404,0.014376825653016567,0.08294682204723358,0.009420807473361492,0.09706084430217743
4184,1.7829947471618652,1e-07,1.2428337,1.7780389,1.3334312,0.014375494793057442,0.08294476568698883,0.009419476613402367,0.09705398976802826
4185,1.7829694747924805,1e-07,1.2428254,1.7780136,1.3334217,0.01437413040548563,0.08294267952442169,0.00941811129450798,0.09704695641994476
4186,1.7829443216323853,1e-07,1.242817,1.7779884,1.3334123,0.014372768811881542,0.082940474152565,0.009416750632226467,0.09703994542360306
4187,1.782920002937317,1e-07,1.2428087,1.7779641,1.3334032,0.014371449127793312,0.08293850719928741,0.009415430948138237,0.09703314304351807
4188,1.7828953266143799,1e-07,1.2428006,1.7779394,1.3333939,0.014370092190802097,0.08293630182743073,0.009414073079824448,0.09702614694833755
4189,1.7828699350357056,1e-07,1.242792,1.777914,1.3333844,0.014368762262165546,0.08293424546718597,0.009412744082510471,0.09701929986476898
4190,1.7828454971313477,1e-07,1.2427837,1.7778896,1.3333752,0.014367377385497093,0.08293193578720093,0.009411359205842018,0.09701216220855713
4191,1.7828208208084106,1e-07,1.2427753,1.7778649,1.333366,0.014365995302796364,0.08292968571186066,0.009409977123141289,0.09700503945350647
4192,1.7827955484390259,1e-07,1.242767,1.7778397,1.3333565,0.01436470914632082,0.08292783796787262,0.009408690966665745,0.09699840843677521
4193,1.7827703952789307,1e-07,1.2427586,1.7778145,1.3333471,0.014363352209329605,0.08292566239833832,0.009407334960997105,0.09699141979217529
4194,1.782745599746704,1e-07,1.2427503,1.7777897,1.3333378,0.01436194684356451,0.0829232931137085,0.00940592959523201,0.09698417037725449
4195,1.7827212810516357,1e-07,1.242742,1.7777654,1.3333287,0.014360584318637848,0.08292107284069061,0.009404566138982773,0.09697714447975159
4196,1.7826958894729614,1e-07,1.2427335,1.77774,1.3333192,0.01435923296958208,0.08291897177696228,0.00940321572124958,0.09697017818689346
4197,1.782671570777893,1e-07,1.2427253,1.7777157,1.33331,0.01435792539268732,0.08291693031787872,0.00940190814435482,0.09696343541145325
4198,1.7826462984085083,1e-07,1.2427169,1.7776904,1.3333006,0.014356565661728382,0.08291482925415039,0.009400548413395882,0.09695642441511154
4199,1.78262197971344,1e-07,1.2427086,1.7776661,1.3332914,0.014355220831930637,0.0829126238822937,0.009399203583598137,0.0969494879245758
4200,1.7825958728790283,1e-07,1.2427,1.77764,1.3332816,0.014353915117681026,0.0829106867313385,0.009397897869348526,0.09694275259971619
4201,1.782571792602539,1e-07,1.2426918,1.7776159,1.3332726,0.014352533034980297,0.08290845155715942,0.009396515786647797,0.09693562984466553
4202,1.7825469970703125,1e-07,1.2426834,1.7775911,1.3332633,0.014351161196827888,0.08290617167949677,0.009395143948495388,0.09692855179309845
4203,1.7825212478637695,1e-07,1.242675,1.7775654,1.3332536,0.014349805191159248,0.08290393650531769,0.009393788874149323,0.09692156314849854
4204,1.7824965715408325,1e-07,1.2426666,1.7775407,1.3332444,0.014348472468554974,0.08290193974971771,0.009392457082867622,0.09691468626260757
4205,1.7824718952178955,1e-07,1.2426583,1.777516,1.3332351,0.014347110874950886,0.0828997939825058,0.009391095489263535,0.09690766781568527
4206,1.7824465036392212,1e-07,1.2426497,1.7774906,1.3332256,0.014345799572765827,0.08289769291877747,0.009389784187078476,0.09690089523792267
4207,1.7824223041534424,1e-07,1.2426416,1.7774664,1.3332165,0.014344441704452038,0.08289562165737152,0.009388426318764687,0.09689389169216156
4208,1.782396912574768,1e-07,1.2426332,1.777441,1.333207,0.014343120157718658,0.08289346098899841,0.009387104772031307,0.09688707441091537
4209,1.782371997833252,1e-07,1.2426248,1.7774161,1.3331977,0.014341753907501698,0.08289125561714172,0.009385738521814346,0.09688001871109009
4210,1.7823474407196045,1e-07,1.2426165,1.7773916,1.3331885,0.014340410940349102,0.082889124751091,0.00938439555466175,0.09687308967113495
4211,1.782322645187378,1e-07,1.2426082,1.7773668,1.3331792,0.014339050278067589,0.08288700878620148,0.009383034892380238,0.09686606377363205
4212,1.7822973728179932,1e-07,1.2425998,1.7773415,1.3331697,0.014337708242237568,0.0828847885131836,0.009381692856550217,0.09685914218425751
4213,1.782273292541504,1e-07,1.2425915,1.7773174,1.3331606,0.014336375519633293,0.08288274705410004,0.009380361065268517,0.09685226529836655
4214,1.7822473049163818,1e-07,1.2425829,1.7772914,1.333151,0.014335006475448608,0.0828804224729538,0.009378992021083832,0.09684519469738007
4215,1.7822223901748657,1e-07,1.2425746,1.7772665,1.3331416,0.014333641156554222,0.0828782320022583,0.009377626702189445,0.09683814644813538
4216,1.7821990251541138,1e-07,1.2425666,1.7772431,1.3331329,0.014332294464111328,0.08287610113620758,0.009376280009746552,0.09683119505643845
4217,1.782172679901123,1e-07,1.2425576,1.7772168,1.333123,0.014330968260765076,0.08287402987480164,0.009374953806400299,0.09682434797286987
4218,1.7821484804153442,1e-07,1.2425495,1.7771926,1.3331139,0.014329657889902592,0.08287204802036285,0.009373643435537815,0.09681757539510727
4219,1.7821235656738281,1e-07,1.2425413,1.7771677,1.3331045,0.01432829350233078,0.08286979794502258,0.009372279047966003,0.09681053459644318
4220,1.782098412513733,1e-07,1.2425327,1.7771425,1.3330951,0.014326955191791058,0.0828675925731659,0.009370940737426281,0.09680362045764923
4221,1.7820736169815063,1e-07,1.2425245,1.7771177,1.3330858,0.014325587078928947,0.0828653872013092,0.00936957262456417,0.09679654985666275
4222,1.7820487022399902,1e-07,1.2425162,1.7770928,1.3330765,0.01432422548532486,0.08286313712596893,0.009368211030960083,0.09678951650857925
4223,1.7820240259170532,1e-07,1.2425078,1.7770681,1.3330672,0.014322930946946144,0.08286125957965851,0.009366916492581367,0.09678283333778381
4224,1.781998872756958,1e-07,1.2424995,1.777043,1.3330578,0.014321556314826012,0.08285899460315704,0.00936554279178381,0.09677573293447495
4225,1.7819738388061523,1e-07,1.2424909,1.777018,1.3330483,0.014320237562060356,0.08285693824291229,0.00936422310769558,0.09676891565322876
4226,1.7819488048553467,1e-07,1.2424825,1.7769929,1.3330389,0.014318878762423992,0.0828547477722168,0.00936286523938179,0.09676189720630646
4227,1.7819242477416992,1e-07,1.2424744,1.7769684,1.3330297,0.01431751437485218,0.08285252749919891,0.009361501783132553,0.09675485640764236
4228,1.7818995714187622,1e-07,1.2424661,1.7769437,1.3330206,0.014316215179860592,0.08285053074359894,0.009360202588140965,0.09674814343452454
4229,1.7818747758865356,1e-07,1.2424576,1.7769189,1.3330113,0.014314854517579079,0.08284831047058105,0.009358841925859451,0.09674111008644104
4230,1.7818500995635986,1e-07,1.2424494,1.7768942,1.333002,0.014313525520265102,0.08284617960453033,0.00935751385986805,0.09673424065113068
4231,1.7818241119384766,1e-07,1.2424407,1.7768682,1.3329922,0.014312169514596462,0.08284404873847961,0.00935615785419941,0.09672723710536957
4232,1.7818000316619873,1e-07,1.2424326,1.7768441,1.3329831,0.014310837723314762,0.0828419178724289,0.00935482606291771,0.09672035276889801
4233,1.781774640083313,1e-07,1.2424241,1.7768188,1.3329736,0.014309493824839592,0.08283969759941101,0.00935348216444254,0.09671340137720108
4234,1.7817503213882446,1e-07,1.2424158,1.7767944,1.3329645,0.014308120124042034,0.08283740282058716,0.009352109394967556,0.09670630842447281
4235,1.781724214553833,1e-07,1.2424071,1.7767683,1.3329548,0.014306795783340931,0.08283539116382599,0.009350784122943878,0.09669945389032364
4236,1.781700611114502,1e-07,1.2423992,1.7767447,1.3329458,0.01430546585470438,0.08283324539661407,0.009349454194307327,0.09669257700443268
4237,1.7816743850708008,1e-07,1.2423904,1.7767185,1.332936,0.014304137788712978,0.08283106982707977,0.009348126128315926,0.09668570756912231
4238,1.7816505432128906,1e-07,1.2423824,1.7766947,1.3329271,0.01430280040949583,0.08282896876335144,0.009346788749098778,0.09667879343032837
4239,1.781625747680664,1e-07,1.242374,1.7766699,1.3329178,0.014301461167633533,0.08282686769962311,0.00934544950723648,0.09667186439037323
4240,1.7816004753112793,1e-07,1.2423656,1.7766446,1.3329083,0.014300153590738773,0.08282485604286194,0.009344142861664295,0.09666510671377182
4241,1.781575322151184,1e-07,1.2423571,1.7766194,1.3328989,0.014298791065812111,0.08282259106636047,0.009342780336737633,0.09665805846452713
4242,1.781550407409668,1e-07,1.2423488,1.7765945,1.3328896,0.014297460205852985,0.08282047510147095,0.009341449476778507,0.09665117412805557
4243,1.781525731086731,1e-07,1.2423406,1.7765698,1.3328803,0.01429609302431345,0.08281821012496948,0.009340082295238972,0.09664410352706909
4244,1.7815005779266357,1e-07,1.2423321,1.7765447,1.3328708,0.014294774271547794,0.08281609416007996,0.00933876447379589,0.0966372862458229
4245,1.781476616859436,1e-07,1.242324,1.7765207,1.3328619,0.014293449930846691,0.0828140527009964,0.009337440133094788,0.09663043171167374
4246,1.7814518213272095,1e-07,1.2423156,1.7764959,1.3328526,0.014292092062532902,0.08281181752681732,0.009336082264780998,0.09662340581417084
4247,1.781426191329956,1e-07,1.2423071,1.7764703,1.332843,0.01429073791950941,0.08280965685844421,0.009334728121757507,0.09661639481782913
4248,1.78140127658844,1e-07,1.2422986,1.7764454,1.3328336,0.0142894322052598,0.0828075259923935,0.009333421476185322,0.09660963714122772
4249,1.7813763618469238,1e-07,1.2422903,1.7764205,1.3328242,0.014288092963397503,0.08280539512634277,0.0093320831656456,0.09660270810127258
4250,1.7813520431518555,1e-07,1.242282,1.7763962,1.3328152,0.014286777004599571,0.08280326426029205,0.009330768138170242,0.096595898270607
4251,1.7813260555267334,1e-07,1.2422733,1.7763702,1.3328054,0.014285402372479439,0.08280102908611298,0.00932939350605011,0.09658878296613693
4252,1.7813019752502441,1e-07,1.2422652,1.7763461,1.3327963,0.014284105040133,0.082799032330513,0.00932809617370367,0.0965820699930191
4253,1.7812767028808594,1e-07,1.2422568,1.7763208,1.3327869,0.014282740652561188,0.08279673755168915,0.009326731786131859,0.09657500684261322
4254,1.7812519073486328,1e-07,1.2422485,1.776296,1.3327775,0.01428140513598919,0.08279462158679962,0.00932539626955986,0.09656809270381927
4255,1.7812278270721436,1e-07,1.2422404,1.7762719,1.3327686,0.014280050061643124,0.08279237151145935,0.009324041195213795,0.09656107425689697
4256,1.781201958656311,1e-07,1.2422315,1.7762461,1.3327588,0.014278708025813103,0.08279022574424744,0.009322699159383774,0.09655412286520004
4257,1.7811777591705322,1e-07,1.2422236,1.7762219,1.3327497,0.014277392998337746,0.08278816938400269,0.009321384131908417,0.09654731303453445
4258,1.781152367591858,1e-07,1.242215,1.7761965,1.3327402,0.014276091009378433,0.08278609812259674,0.009320082142949104,0.09654057025909424
4259,1.7811279296875,1e-07,1.2422067,1.776172,1.332731,0.014274710789322853,0.0827837586402893,0.009318701922893524,0.09653342515230179
4260,1.7811027765274048,1e-07,1.2421983,1.7761469,1.3327216,0.014273380860686302,0.08278170228004456,0.009317372925579548,0.09652654081583023
4261,1.7810776233673096,1e-07,1.2421899,1.7761217,1.3327122,0.01427210308611393,0.08277970552444458,0.009316095151007175,0.09651992470026016
4262,1.7810536623001099,1e-07,1.2421818,1.7760978,1.3327032,0.014270738698542118,0.08277739584445953,0.009314730763435364,0.09651285409927368
4263,1.781027913093567,1e-07,1.2421731,1.776072,1.3326936,0.014269422739744186,0.08277532458305359,0.009313415735960007,0.0965060368180275
4264,1.7810035943984985,1e-07,1.242165,1.7760477,1.3326844,0.014268076978623867,0.0827731192111969,0.009312069043517113,0.09649906307458878
4265,1.7809789180755615,1e-07,1.2421567,1.776023,1.3326751,0.014266771264374256,0.08277109265327454,0.009310763329267502,0.09649229794740677
4266,1.7809526920318604,1e-07,1.2421479,1.7759968,1.3326653,0.01426543015986681,0.08276891708374023,0.009309422224760056,0.09648534655570984
4267,1.7809288501739502,1e-07,1.2421398,1.775973,1.3326564,0.014264112338423729,0.08276678621768951,0.009308104403316975,0.09647851437330246
4268,1.7809033393859863,1e-07,1.2421312,1.7759475,1.3326467,0.014262769371271133,0.0827646553516388,0.009306762367486954,0.09647156298160553
4269,1.7808783054351807,1e-07,1.242123,1.7759224,1.3326374,0.014261426404118538,0.0827624648809433,0.009305419400334358,0.096464604139328
4270,1.7808537483215332,1e-07,1.2421147,1.7758979,1.3326281,0.014260069467127323,0.08276017010211945,0.009304062463343143,0.0964575707912445
4271,1.7808284759521484,1e-07,1.2421062,1.7758726,1.3326187,0.01425875909626484,0.08275805413722992,0.00930275209248066,0.09645077586174011
4272,1.780803918838501,1e-07,1.242098,1.775848,1.3326095,0.01425744779407978,0.08275604248046875,0.009301440790295601,0.09644398093223572
4273,1.7807788848876953,1e-07,1.2420894,1.775823,1.3326001,0.014256100170314312,0.08275377750396729,0.009300094097852707,0.0964369922876358
4274,1.780754566192627,1e-07,1.2420814,1.7757987,1.3325909,0.014254801906645298,0.0827518105506897,0.009298795834183693,0.09643026441335678
4275,1.780729055404663,1e-07,1.2420727,1.7757732,1.3325814,0.014253456145524979,0.08274960517883301,0.009297450073063374,0.09642328321933746
4276,1.7807044982910156,1e-07,1.2420646,1.7757486,1.3325722,0.014252112247049809,0.08274738490581512,0.009296106174588203,0.09641631692647934
4277,1.7806793451309204,1e-07,1.242056,1.7757235,1.3325627,0.014250806532800198,0.08274535834789276,0.009294800460338593,0.09640954434871674
4278,1.7806549072265625,1e-07,1.2420478,1.775699,1.3325536,0.014249465428292751,0.0827430933713913,0.00929346028715372,0.0964025929570198
4279,1.7806298732757568,1e-07,1.2420394,1.775674,1.3325442,0.014248142950236797,0.08274093270301819,0.009292137809097767,0.09639573842287064
4280,1.7806049585342407,1e-07,1.2420311,1.7756491,1.3325348,0.01424681581556797,0.08273875713348389,0.00929081067442894,0.09638885408639908
4281,1.7805798053741455,1e-07,1.2420226,1.7756239,1.3325254,0.014245502650737762,0.08273670077323914,0.009289497509598732,0.0963820368051529
4282,1.7805540561676025,1e-07,1.242014,1.7755982,1.3325157,0.014244163408875465,0.08273458480834961,0.009288158267736435,0.09637509286403656
4283,1.7805302143096924,1e-07,1.242006,1.7755743,1.3325068,0.014242826029658318,0.08273239433765411,0.009286820888519287,0.09636815637350082
4284,1.780504822731018,1e-07,1.2419975,1.7755489,1.3324972,0.014241490513086319,0.08273015916347504,0.009285485371947289,0.09636121988296509
4285,1.7804806232452393,1e-07,1.2419893,1.7755247,1.3324882,0.014240188524127007,0.0827280730009079,0.00928418431431055,0.09635446965694427
4286,1.780455231666565,1e-07,1.2419807,1.7754993,1.3324786,0.014238870702683926,0.08272600173950195,0.00928286649286747,0.0963476300239563
4287,1.7804310321807861,1e-07,1.2419726,1.7754751,1.3324696,0.01423752959817648,0.0827237069606781,0.009281525388360023,0.09634067118167877
4288,1.7804059982299805,1e-07,1.2419642,1.7754501,1.3324602,0.014236228540539742,0.08272168040275574,0.009280224330723286,0.09633392095565796
4289,1.780381202697754,1e-07,1.2419559,1.7754253,1.3324509,0.014234895817935467,0.08271956443786621,0.009278891608119011,0.09632700681686401
4290,1.7803564071655273,1e-07,1.2419477,1.7754005,1.3324416,0.014233571477234364,0.08271734416484833,0.009277567267417908,0.09632012993097305
4291,1.7803308963775635,1e-07,1.241939,1.775375,1.332432,0.014232258312404156,0.08271531760692596,0.009276253171265125,0.09631330519914627
4292,1.7803064584732056,1e-07,1.2419307,1.7753506,1.3324229,0.014230922795832157,0.08271308243274689,0.009274917654693127,0.09630637615919113
4293,1.7802815437316895,1e-07,1.2419224,1.7753257,1.3324134,0.014229601249098778,0.08271093666553497,0.009273597039282322,0.09629951417446136
4294,1.7802565097808838,1e-07,1.2419139,1.7753006,1.332404,0.014228280633687973,0.08270879089832306,0.009272276423871517,0.0962926596403122
4295,1.7802320718765259,1e-07,1.2419057,1.7752762,1.332395,0.014226911589503288,0.08270646631717682,0.009270909242331982,0.09628555923700333
4296,1.7802072763442993,1e-07,1.2418975,1.7752514,1.3323857,0.014225651510059834,0.08270452916622162,0.009269649162888527,0.09627901762723923
4297,1.780181646347046,1e-07,1.2418888,1.7752258,1.332376,0.014224312268197536,0.08270233869552612,0.00926830992102623,0.0962720587849617
4298,1.7801567316055298,1e-07,1.2418805,1.7752008,1.3323666,0.014222951605916023,0.08270005881786346,0.009266949258744717,0.09626499563455582
4299,1.780132532119751,1e-07,1.2418723,1.7751766,1.3323575,0.01422162540256977,0.08269791305065155,0.009265623986721039,0.09625811129808426
4300,1.780106782913208,1e-07,1.2418636,1.7751509,1.3323479,0.01422030944377184,0.08269575238227844,0.009264307096600533,0.09625127166509628
4301,1.7800824642181396,1e-07,1.2418555,1.7751266,1.3323388,0.014219040982425213,0.08269380033016205,0.009263038635253906,0.096244677901268
4302,1.7800570726394653,1e-07,1.2418469,1.7751012,1.3323293,0.014217677526175976,0.08269155025482178,0.00926167517900467,0.09623759984970093
4303,1.7800331115722656,1e-07,1.2418389,1.7750772,1.3323202,0.014216357842087746,0.08268935978412628,0.009260355494916439,0.09623073786497116
4304,1.7800074815750122,1e-07,1.2418302,1.7750516,1.3323107,0.014215074479579926,0.08268733322620392,0.009259072132408619,0.09622406959533691
4305,1.7799831628799438,1e-07,1.2418221,1.7750273,1.3323015,0.014213715679943562,0.08268509805202484,0.009257713332772255,0.09621701389551163
4306,1.7799575328826904,1e-07,1.2418134,1.7750016,1.3322918,0.014212420210242271,0.08268304169178009,0.009256417863070965,0.09621027857065201
4307,1.779933214187622,1e-07,1.2418052,1.7749773,1.3322828,0.014211110770702362,0.0826808363199234,0.00925510935485363,0.09620347619056702
4308,1.7799081802368164,1e-07,1.241797,1.7749523,1.3322734,0.014209750108420849,0.08267855644226074,0.009253748692572117,0.09619640558958054
4309,1.7798835039138794,1e-07,1.2417885,1.7749276,1.3322641,0.014208470471203327,0.08267657458782196,0.009252469055354595,0.09618975222110748
4310,1.7798585891723633,1e-07,1.2417802,1.7749027,1.3322548,0.014207132160663605,0.08267438411712646,0.009251131676137447,0.09618280082941055
4311,1.779833436012268,1e-07,1.2417717,1.7748775,1.3322453,0.01420583389699459,0.08267226815223694,0.009249832481145859,0.09617605060338974
4312,1.7798081636428833,1e-07,1.2417632,1.7748523,1.3322358,0.01420451421290636,0.0826701670885086,0.009248513728380203,0.09616919606924057
4313,1.779783844947815,1e-07,1.2417551,1.774828,1.3322266,0.014203224331140518,0.08266817033290863,0.00924722384661436,0.09616248309612274
4314,1.7797590494155884,1e-07,1.2417468,1.7748032,1.3322173,0.01420186273753643,0.08266580104827881,0.009245861321687698,0.09615540504455566
4315,1.7797338962554932,1e-07,1.2417383,1.774778,1.3322079,0.014200537465512753,0.08266359567642212,0.009244536980986595,0.09614851325750351
4316,1.7797093391418457,1e-07,1.24173,1.7747535,1.3321987,0.014199253171682358,0.08266158401966095,0.009243251755833626,0.09614183008670807
4317,1.7796833515167236,1e-07,1.2417213,1.7747275,1.332189,0.01419791765511036,0.08265945315361023,0.009241916239261627,0.09613488614559174
4318,1.7796592712402344,1e-07,1.2417132,1.7747034,1.3321799,0.014196621254086494,0.0826573371887207,0.009240621700882912,0.09612815082073212
4319,1.779634714126587,1e-07,1.241705,1.7746788,1.3321707,0.014195306226611137,0.08265519142150879,0.009239306673407555,0.09612131118774414
4320,1.7796094417572021,1e-07,1.2416965,1.7746536,1.3321612,0.014193996787071228,0.08265310525894165,0.009237997233867645,0.09611450135707855
4321,1.7795851230621338,1e-07,1.2416883,1.7746292,1.3321521,0.014192651957273483,0.0826507955789566,0.0092366524040699,0.09610750526189804
4322,1.779559850692749,1e-07,1.2416798,1.774604,1.3321426,0.01419132575392723,0.08264857530593872,0.009235326200723648,0.09610060602426529
4323,1.7795352935791016,1e-07,1.2416714,1.7745794,1.3321334,0.014190002344548702,0.08264636993408203,0.009234003722667694,0.09609372168779373
4324,1.7795101404190063,1e-07,1.2416631,1.7745543,1.332124,0.01418871060013771,0.08264429867267609,0.009232711978256702,0.0960870012640953
4325,1.7794848680496216,1e-07,1.2416545,1.774529,1.3321145,0.014187411405146122,0.08264224231243134,0.009231412783265114,0.0960802435874939
4326,1.7794599533081055,1e-07,1.2416463,1.7745041,1.3321052,0.014186049811542034,0.08263988792896271,0.009230051189661026,0.09607315808534622
4327,1.7794357538223267,1e-07,1.2416381,1.7744799,1.3320961,0.014184749685227871,0.08263784646987915,0.009228751063346863,0.09606638550758362
4328,1.7794103622436523,1e-07,1.2416295,1.7744545,1.3320866,0.014183450490236282,0.08263573050498962,0.009227451868355274,0.09605962783098221
4329,1.7793861627578735,1e-07,1.2416214,1.7744303,1.3320774,0.014182115904986858,0.08263346552848816,0.00922611728310585,0.09605267643928528
4330,1.7793607711791992,1e-07,1.2416128,1.7744049,1.3320678,0.014180871658027172,0.08263160288333893,0.009224873967468739,0.09604620933532715
4331,1.7793359756469727,1e-07,1.2416044,1.7743801,1.3320585,0.014179532416164875,0.08262927830219269,0.009223534725606441,0.09603923559188843
4332,1.779310703277588,1e-07,1.2415961,1.7743548,1.3320491,0.014178228564560413,0.08262728154659271,0.00922223087400198,0.09603244811296463
4333,1.7792863845825195,1e-07,1.2415878,1.7743305,1.33204,0.014176905155181885,0.08262506127357483,0.009220907464623451,0.09602555632591248
4334,1.7792613506317139,1e-07,1.2415794,1.7743055,1.3320305,0.014175578951835632,0.08262287080287933,0.009219581261277199,0.09601864963769913
4335,1.779236912727356,1e-07,1.2415713,1.774281,1.3320214,0.014174239709973335,0.08262062072753906,0.009218242019414902,0.0960116758942604
4336,1.779212474822998,1e-07,1.241563,1.7742566,1.3320122,0.014172946102917194,0.08261843025684357,0.00921694841235876,0.09600494056940079
4337,1.7791858911514282,1e-07,1.2415541,1.77423,1.3320023,0.014171648770570755,0.08261638879776001,0.009215651080012321,0.09599818289279938
4338,1.7791610956192017,1e-07,1.2415457,1.7742052,1.331993,0.014170347712934017,0.08261428773403168,0.009214350953698158,0.09599141031503677
4339,1.779137134552002,1e-07,1.2415376,1.7741812,1.3319839,0.014169049449265003,0.08261221647262573,0.00921305175870657,0.09598464518785477
4340,1.779112458229065,1e-07,1.2415295,1.7741566,1.3319747,0.014167719520628452,0.08260996639728546,0.009211722761392593,0.09597772359848022
4341,1.7790873050689697,1e-07,1.241521,1.7741314,1.3319652,0.014166370965540409,0.0826076865196228,0.00921037420630455,0.09597069770097733
4342,1.779062032699585,1e-07,1.2415124,1.7741061,1.3319558,0.014165092259645462,0.08260563015937805,0.009209096431732178,0.09596403688192368
4343,1.7790374755859375,1e-07,1.2415042,1.7740816,1.3319465,0.014163774438202381,0.08260349929332733,0.009207778610289097,0.09595716744661331
4344,1.7790123224258423,1e-07,1.2414957,1.7740564,1.3319371,0.014162486419081688,0.08260142803192139,0.009206490591168404,0.09595046192407608
4345,1.7789878845214844,1e-07,1.2414874,1.774032,1.3319279,0.014161176979541779,0.08259923756122589,0.00920518022030592,0.0959436297416687
4346,1.778962254524231,1e-07,1.2414788,1.7740064,1.3319184,0.01415984146296978,0.08259695768356323,0.009203845635056496,0.09593667834997177
4347,1.7789374589920044,1e-07,1.2414705,1.7739816,1.331909,0.014158578589558601,0.08259499073028564,0.009202582761645317,0.09593009203672409
4348,1.77891206741333,1e-07,1.2414621,1.7739562,1.3318994,0.01415724866092205,0.08259274065494537,0.009201252833008766,0.09592316299676895
4349,1.7788879871368408,1e-07,1.241454,1.7739321,1.3318905,0.014155938290059566,0.08259059488773346,0.009199943393468857,0.09591633826494217
4350,1.7788629531860352,1e-07,1.2414454,1.7739071,1.331881,0.014154663309454918,0.08258858323097229,0.009198668412864208,0.09590969234704971
4351,1.77883780002594,1e-07,1.241437,1.7738819,1.3318716,0.01415332593023777,0.08258634805679321,0.009197331964969635,0.09590271860361099
4352,1.7788130044937134,1e-07,1.2414287,1.7738571,1.3318623,0.014152043499052525,0.08258421719074249,0.00919604953378439,0.09589603543281555
4353,1.7787883281707764,1e-07,1.2414204,1.7738324,1.331853,0.014150690287351608,0.08258198201656342,0.009194696322083473,0.09588897973299026
4354,1.7787634134292603,1e-07,1.241412,1.7738075,1.3318436,0.014149414375424385,0.08257994055747986,0.00919342041015625,0.09588232636451721
4355,1.7787387371063232,1e-07,1.2414037,1.7737828,1.3318344,0.01414809376001358,0.08257769048213959,0.00919209886342287,0.09587543457746506
4356,1.7787142992019653,1e-07,1.2413955,1.7737584,1.3318253,0.014146815054118633,0.08257561922073364,0.009190820157527924,0.09586876630783081
4357,1.778688907623291,1e-07,1.241387,1.773733,1.3318157,0.014145512133836746,0.08257350325584412,0.009189517237246037,0.09586197137832642
4358,1.7786641120910645,1e-07,1.2413787,1.7737082,1.3318064,0.014144192449748516,0.08257126808166504,0.009188197553157806,0.09585508704185486
4359,1.7786390781402588,1e-07,1.2413702,1.7736832,1.331797,0.014142913743853569,0.08256928622722626,0.00918691884726286,0.09584841877222061
4360,1.7786146402359009,1e-07,1.241362,1.7736588,1.3317878,0.014141570776700974,0.0825670063495636,0.009185576811432838,0.0958414152264595
4361,1.7785892486572266,1e-07,1.2413534,1.7736334,1.3317783,0.01414029486477375,0.08256489038467407,0.009184300899505615,0.09583476185798645
4362,1.7785645723342896,1e-07,1.2413453,1.7736087,1.331769,0.014138954691588879,0.08256267011165619,0.009182960726320744,0.09582776576280594
4363,1.7785389423370361,1e-07,1.2413365,1.773583,1.3317593,0.01413765735924244,0.0825604647397995,0.009181664325296879,0.09582100063562393
4364,1.77851402759552,1e-07,1.2413281,1.7735581,1.33175,0.01413638424128294,0.08255848288536072,0.00918039120733738,0.09581435471773148
4365,1.7784901857376099,1e-07,1.24132,1.7735343,1.3317411,0.014135013334453106,0.0825560986995697,0.009179020300507545,0.09580720216035843
4366,1.7784652709960938,1e-07,1.2413117,1.7735094,1.3317317,0.014133749529719353,0.08255399763584137,0.009177756495773792,0.09580060839653015
4367,1.7784397602081299,1e-07,1.2413033,1.7734839,1.3317221,0.014132433570921421,0.08255192637443542,0.009176441468298435,0.09579374641180038
4368,1.7784152030944824,1e-07,1.2412949,1.7734593,1.331713,0.014131162315607071,0.08254982531070709,0.009175170212984085,0.09578710794448853
4369,1.7783905267715454,1e-07,1.2412866,1.7734346,1.3317037,0.01412985846400261,0.08254764974117279,0.009173866361379623,0.09578030556440353
4370,1.7783657312393188,1e-07,1.2412783,1.7734098,1.3316944,0.014128565788269043,0.08254554867744446,0.009172573685646057,0.09577355533838272
4371,1.7783403396606445,1e-07,1.2412697,1.7733845,1.3316848,0.014127243310213089,0.08254335820674896,0.009171251207590103,0.09576664865016937
4372,1.7783151865005493,1e-07,1.2412614,1.7733593,1.3316754,0.014125946909189224,0.08254124224185944,0.009169954806566238,0.09575988352298737
4373,1.7782907485961914,1e-07,1.241253,1.7733349,1.3316662,0.01412465050816536,0.0825391560792923,0.009168659336864948,0.09575311839580536
4374,1.7782655954360962,1e-07,1.2412447,1.7733097,1.3316567,0.014123360626399517,0.08253699541091919,0.009167368523776531,0.09574637562036514
4375,1.7782412767410278,1e-07,1.2412364,1.7732854,1.3316476,0.014122072607278824,0.08253483474254608,0.009166080504655838,0.09573964774608612
4376,1.7782164812088013,1e-07,1.2412281,1.7732606,1.3316383,0.01412074826657772,0.08253265917301178,0.009164756163954735,0.09573273360729218
4377,1.778191089630127,1e-07,1.2412195,1.7732352,1.3316288,0.01411945279687643,0.08253054320812225,0.00916346162557602,0.09572596848011017
4378,1.7781660556793213,1e-07,1.241211,1.7732102,1.3316194,0.014118158258497715,0.08252832293510437,0.009162167087197304,0.09571921080350876
4379,1.7781414985656738,1e-07,1.241203,1.7731856,1.3316102,0.014116844162344933,0.08252611756324768,0.009160852991044521,0.0957123413681984
4380,1.7781164646148682,1e-07,1.2411945,1.7731606,1.3316008,0.01411558035761118,0.08252415060997009,0.009159589186310768,0.09570574015378952
4381,1.7780920267105103,1e-07,1.2411863,1.7731361,1.3315916,0.01411426905542612,0.08252190053462982,0.00915827788412571,0.09569889307022095
4382,1.7780671119689941,1e-07,1.2411778,1.7731112,1.3315822,0.014112978242337704,0.08251985907554626,0.009156987071037292,0.09569215029478073
4383,1.7780424356460571,1e-07,1.2411696,1.7730865,1.331573,0.0141116539016366,0.08251751959323883,0.009155663661658764,0.09568522870540619
4384,1.7780168056488037,1e-07,1.241161,1.7730609,1.3315634,0.014110377058386803,0.08251543343067169,0.009154385887086391,0.09567855298519135
4385,1.7779923677444458,1e-07,1.2411526,1.7730365,1.3315542,0.014109100215137005,0.08251337707042694,0.009153109043836594,0.0956718847155571
4386,1.7779669761657715,1e-07,1.2411441,1.7730111,1.3315446,0.014107773080468178,0.08251115679740906,0.009151782840490341,0.09566494822502136
4387,1.7779426574707031,1e-07,1.241136,1.7729868,1.3315355,0.0141065064817667,0.08250914514064789,0.009150516241788864,0.0956583321094513
4388,1.7779179811477661,1e-07,1.2411277,1.7729621,1.3315263,0.014105187729001045,0.08250683546066284,0.009149197489023209,0.09565144032239914
4389,1.7778925895690918,1e-07,1.2411193,1.7729367,1.3315167,0.014103882014751434,0.08250470459461212,0.009147892706096172,0.09564461559057236
4390,1.7778675556182861,1e-07,1.2411107,1.7729117,1.3315073,0.014102584682404995,0.08250255882740021,0.009146595373749733,0.09563783556222916
4391,1.7778422832489014,1e-07,1.2411023,1.7728864,1.3314978,0.014101319946348667,0.08250057697296143,0.009145330637693405,0.09563121944665909
4392,1.777817964553833,1e-07,1.2410941,1.7728621,1.3314887,0.014099979773163795,0.08249816298484802,0.009143991395831108,0.09562422335147858
4393,1.7777926921844482,1e-07,1.2410855,1.7728368,1.3314792,0.014098720625042915,0.08249613642692566,0.009142732247710228,0.0956176370382309
4394,1.7777687311172485,1e-07,1.2410774,1.7728128,1.3314701,0.014097421430051327,0.08249402046203613,0.009141432121396065,0.0956108346581459
4395,1.7777435779571533,1e-07,1.2410691,1.7727877,1.3314607,0.014096119441092014,0.08249184489250183,0.009140130132436752,0.09560402482748032
4396,1.7777185440063477,1e-07,1.2410606,1.7727627,1.3314513,0.014094788581132889,0.08248956501483917,0.009138800203800201,0.09559707343578339
4397,1.7776930332183838,1e-07,1.2410522,1.7727371,1.3314418,0.014093520119786263,0.08248749375343323,0.009137531742453575,0.09559043496847153
4398,1.7776685953140259,1e-07,1.2410438,1.7727127,1.3314326,0.014092233963310719,0.08248533308506012,0.009136246517300606,0.0955837145447731
4399,1.7776437997817993,1e-07,1.2410355,1.7726879,1.3314233,0.014090939424932003,0.0824832022190094,0.00913495197892189,0.0955769419670105
4400,1.7776193618774414,1e-07,1.2410272,1.7726635,1.3314141,0.014089668169617653,0.08248108625411987,0.009133679792284966,0.09557028859853745
4401,1.7775945663452148,1e-07,1.2410189,1.7726387,1.3314048,0.014088362455368042,0.08247898519039154,0.009132374078035355,0.09556345641613007
4402,1.777569055557251,1e-07,1.2410103,1.7726132,1.3313951,0.014087088406085968,0.08247685432434082,0.00913110002875328,0.09555678814649582
4403,1.7775442600250244,1e-07,1.241002,1.7725884,1.3313859,0.01408578921109438,0.08247469365596771,0.009129801765084267,0.09554999321699142
4404,1.7775189876556396,1e-07,1.2409935,1.7725631,1.3313764,0.014084512367844582,0.08247260749340057,0.009128525853157043,0.09554331749677658
4405,1.7774949073791504,1e-07,1.2409854,1.772539,1.3313674,0.01408324670046568,0.08247056603431702,0.009127259254455566,0.09553669393062592
4406,1.7774696350097656,1e-07,1.2409769,1.7725137,1.3313578,0.014081892557442188,0.08246812224388123,0.009125905111432076,0.09552960097789764
4407,1.7774454355239868,1e-07,1.2409687,1.7724895,1.3313488,0.014080604538321495,0.08246597647666931,0.009124616160988808,0.09552285820245743
4408,1.7774196863174438,1e-07,1.2409601,1.7724638,1.3313391,0.01407933421432972,0.08246392011642456,0.009123347699642181,0.09551621973514557
4409,1.7773957252502441,1e-07,1.2409519,1.7724398,1.3313301,0.014078042469918728,0.08246177434921265,0.009122056886553764,0.09550946205854416
4410,1.7773700952529907,1e-07,1.2409434,1.7724142,1.3313205,0.014076762832701206,0.08245965838432312,0.009120776318013668,0.09550275653600693
4411,1.7773452997207642,1e-07,1.240935,1.7723894,1.3313111,0.014075473882257938,0.0824575424194336,0.009119488298892975,0.09549601376056671
4412,1.777320146560669,1e-07,1.2409266,1.7723643,1.3313017,0.014074156992137432,0.08245523273944855,0.009118171408772469,0.09548911452293396
4413,1.7772951126098633,1e-07,1.2409183,1.7723392,1.3312923,0.014072868041694164,0.08245302736759186,0.0091168824583292,0.09548236429691315
4414,1.7772709131240845,1e-07,1.24091,1.772315,1.3312832,0.014071605168282986,0.08245107531547546,0.009115618653595448,0.09547574818134308
4415,1.7772451639175415,1e-07,1.2409014,1.7722893,1.3312736,0.014070316217839718,0.08244892954826355,0.00911432970315218,0.09546899795532227
4416,1.7772208452224731,1e-07,1.2408932,1.772265,1.3312644,0.014069040305912495,0.08244679868221283,0.009113054722547531,0.09546232223510742
4417,1.7771964073181152,1e-07,1.240885,1.7722405,1.3312552,0.014067692682147026,0.08244442939758301,0.009111707098782063,0.09545525908470154
4418,1.7771708965301514,1e-07,1.2408764,1.772215,1.3312457,0.014066466130316257,0.08244249224662781,0.009110480546951294,0.09544883668422699
4419,1.777146339416504,1e-07,1.2408681,1.7721905,1.3312365,0.014065178111195564,0.08244030177593231,0.009109193459153175,0.09544209390878677
4420,1.7771220207214355,1e-07,1.24086,1.7721661,1.3312273,0.014063877984881401,0.0824381411075592,0.009107893332839012,0.09543528407812119
4421,1.7770967483520508,1e-07,1.2408514,1.7721409,1.3312178,0.014062588103115559,0.0824359804391861,0.009106602519750595,0.09542851895093918
4422,1.7770719528198242,1e-07,1.2408432,1.7721161,1.3312085,0.014061286114156246,0.0824337750673294,0.009105301462113857,0.095421701669693
4423,1.7770466804504395,1e-07,1.2408346,1.7720908,1.331199,0.014060026034712791,0.08243176341056824,0.009104041382670403,0.09541510045528412
4424,1.777021050453186,1e-07,1.240826,1.7720652,1.3311894,0.014058719389140606,0.082429438829422,0.009102734737098217,0.09540825337171555
4425,1.7769967317581177,1e-07,1.2408179,1.7720408,1.3311802,0.014057449996471405,0.0824274867773056,0.009101465344429016,0.09540160000324249
4426,1.7769720554351807,1e-07,1.2408094,1.7720162,1.3311709,0.014056148938834667,0.08242510259151459,0.009100164286792278,0.09539478272199631
4427,1.776947021484375,1e-07,1.2408012,1.7719911,1.3311616,0.014054861851036549,0.08242306113243103,0.00909887719899416,0.0953880324959755
4428,1.7769227027893066,1e-07,1.2407929,1.7719668,1.3311524,0.014053591527044773,0.08242087066173553,0.009097606875002384,0.09538137912750244
4429,1.7768980264663696,1e-07,1.2407846,1.7719421,1.3311431,0.014052323065698147,0.08241885900497437,0.009096339344978333,0.09537473320960999
4430,1.7768727540969849,1e-07,1.2407761,1.7719169,1.3311337,0.014051049016416073,0.08241671323776245,0.009095065295696259,0.09536805003881454
4431,1.7768471240997314,1e-07,1.2407675,1.7718912,1.3311241,0.014049749821424484,0.08241444826126099,0.009093767032027245,0.09536124765872955
4432,1.7768223285675049,1e-07,1.2407593,1.7718664,1.3311148,0.014048449695110321,0.0824122428894043,0.009092466905713081,0.09535443037748337
4433,1.7767972946166992,1e-07,1.2407508,1.7718414,1.3311054,0.014047173783183098,0.08241024613380432,0.009091190062463284,0.09534773230552673
4434,1.7767735719680786,1e-07,1.2407427,1.7718177,1.3310964,0.014045875519514084,0.08240801095962524,0.009089892730116844,0.09534092992544174
4435,1.7767479419708252,1e-07,1.2407341,1.771792,1.3310868,0.014044580981135368,0.08240576088428497,0.009088598191738129,0.09533414244651794
4436,1.7767233848571777,1e-07,1.2407259,1.7717675,1.3310776,0.014043315313756466,0.08240370452404022,0.009087332524359226,0.09532750397920609
4437,1.776698112487793,1e-07,1.2407173,1.7717422,1.331068,0.014042040333151817,0.08240160346031189,0.009086057543754578,0.09532081335783005
4438,1.7766730785369873,1e-07,1.240709,1.7717172,1.3310586,0.014040758833289146,0.08239942789077759,0.009084776043891907,0.09531409293413162
4439,1.7766481637954712,1e-07,1.2407006,1.7716923,1.3310493,0.014039453119039536,0.0823972076177597,0.009083470329642296,0.09530723839998245
4440,1.7766239643096924,1e-07,1.2406925,1.7716681,1.3310403,0.014038221910595894,0.08239522576332092,0.009082240052521229,0.09530078619718552
4441,1.776598572731018,1e-07,1.2406839,1.7716427,1.3310307,0.014036920852959156,0.08239296078681946,0.009080938994884491,0.09529396146535873
4442,1.7765737771987915,1e-07,1.2406756,1.7716179,1.3310214,0.014035629108548164,0.08239084482192993,0.0090796472504735,0.09528718143701553
4443,1.776548981666565,1e-07,1.2406672,1.7715931,1.331012,0.014034354127943516,0.08238871395587921,0.00907837226986885,0.0952804908156395
4444,1.7765246629714966,1e-07,1.2406589,1.7715688,1.331003,0.014033105224370956,0.08238668739795685,0.009077123366296291,0.0952739417552948
4445,1.7764995098114014,1e-07,1.2406507,1.7715436,1.3309934,0.01403182651847601,0.08238454163074493,0.009075844660401344,0.09526722878217697
4446,1.7764742374420166,1e-07,1.240642,1.7715183,1.330984,0.014030544087290764,0.08238230645656586,0.009074563160538673,0.09526050090789795
4447,1.776450276374817,1e-07,1.240634,1.7714944,1.3309749,0.014029242098331451,0.08238010108470917,0.009073260240256786,0.09525366127490997
4448,1.7764253616333008,1e-07,1.2406255,1.7714695,1.3309656,0.01402798667550087,0.08237804472446442,0.00907200574874878,0.09524707496166229
4449,1.7763997316360474,1e-07,1.2406169,1.7714438,1.330956,0.014026729390025139,0.08237598836421967,0.009070748463273048,0.09524047374725342
4450,1.7763748168945312,1e-07,1.2406085,1.7714189,1.3309467,0.014025440439581871,0.08237376809120178,0.00906945951282978,0.09523370862007141
4451,1.776349663734436,1e-07,1.2406,1.7713938,1.3309371,0.014024149626493454,0.08237159252166748,0.009068168699741364,0.09522693604230881
4452,1.7763252258300781,1e-07,1.240592,1.7713693,1.330928,0.014022860676050186,0.08236938714981079,0.009066879749298096,0.0952201634645462
4453,1.7763006687164307,1e-07,1.2405837,1.7713448,1.3309188,0.014021581038832664,0.0823671966791153,0.009065600112080574,0.09521344304084778
4454,1.776275634765625,1e-07,1.2405752,1.7713197,1.3309094,0.01402029674500227,0.08236506581306458,0.009064316749572754,0.09520670771598816
4455,1.776250958442688,1e-07,1.2405668,1.7712951,1.3309001,0.01401902548968792,0.08236300945281982,0.009063045494258404,0.09520003199577332
4456,1.7762256860733032,1e-07,1.2405584,1.7712698,1.3308907,0.014017751440405846,0.08236072957515717,0.00906177144497633,0.09519333392381668
4457,1.7762008905410767,1e-07,1.24055,1.771245,1.3308812,0.014016457833349705,0.08235853910446167,0.009060477837920189,0.09518653899431229
4458,1.7761757373809814,1e-07,1.2405415,1.7712198,1.3308718,0.014015194959938526,0.08235648274421692,0.00905921496450901,0.09517990797758102
4459,1.7761509418487549,1e-07,1.2405332,1.771195,1.3308625,0.01401392463594675,0.0823543518781662,0.009057944640517235,0.09517323225736618
4460,1.7761266231536865,1e-07,1.2405251,1.7711707,1.3308533,0.014012656174600124,0.08235225081443787,0.009056677110493183,0.09516657888889313
4461,1.7761011123657227,1e-07,1.2405165,1.7711452,1.3308438,0.014011373743414879,0.08235009014606476,0.009055394679307938,0.09515983611345291
4462,1.7760765552520752,1e-07,1.2405082,1.7711207,1.3308346,0.014010081067681313,0.0823478102684021,0.009054102003574371,0.09515304863452911
4463,1.7760517597198486,1e-07,1.2404999,1.7710959,1.3308252,0.014008806087076664,0.08234569430351257,0.009052827954292297,0.09514635056257248
4464,1.7760268449783325,1e-07,1.2404915,1.771071,1.3308159,0.014007576741278172,0.0823436975479126,0.00905159767717123,0.09513988345861435
4465,1.7760019302368164,1e-07,1.2404832,1.771046,1.3308065,0.014006306417286396,0.08234155178070068,0.00905032828450203,0.0951332151889801
4466,1.7759772539138794,1e-07,1.2404748,1.7710214,1.3307973,0.014005028642714024,0.08233937621116638,0.009049050509929657,0.09512649476528168
4467,1.775952935218811,1e-07,1.2404665,1.770997,1.3307881,0.014003719203174114,0.0823371559381485,0.009047741070389748,0.09511961787939072
4468,1.775927186012268,1e-07,1.2404579,1.7709713,1.3307785,0.014002474956214428,0.08233511447906494,0.009046496823430061,0.09511307626962662
4469,1.7759023904800415,1e-07,1.2404497,1.7709465,1.3307692,0.014001182280480862,0.0823327898979187,0.009045204147696495,0.09510628134012222
4470,1.7758772373199463,1e-07,1.2404412,1.7709213,1.3307596,0.013999910093843937,0.08233068883419037,0.00904393196105957,0.09509959071874619
4471,1.7758524417877197,1e-07,1.2404329,1.7708966,1.3307503,0.013998675160109997,0.08232870697975159,0.009042697958648205,0.09509310126304626
4472,1.7758276462554932,1e-07,1.2404244,1.7708718,1.330741,0.013997371308505535,0.08232639729976654,0.009041393175721169,0.0950862392783165
4473,1.7758032083511353,1e-07,1.2404163,1.7708473,1.3307319,0.013996105641126633,0.0823243260383606,0.009040127508342266,0.09507958590984344
4474,1.7757774591445923,1e-07,1.2404075,1.7708216,1.3307222,0.013994851149618626,0.08232226967811584,0.009038873016834259,0.09507298469543457
4475,1.7757530212402344,1e-07,1.2403994,1.7707971,1.330713,0.013993555679917336,0.08231987059116364,0.009037578478455544,0.09506618231534958
4476,1.7757282257080078,1e-07,1.240391,1.7707723,1.3307037,0.013992292806506157,0.08231787383556366,0.009036315605044365,0.09505953639745712
4477,1.7757039070129395,1e-07,1.2403827,1.770748,1.3306946,0.013991023413836956,0.08231568336486816,0.009035047143697739,0.09505286812782288
4478,1.775679588317871,1e-07,1.2403746,1.7707237,1.3306854,0.013989745639264584,0.08231349289417267,0.009033769369125366,0.09504614025354385
4479,1.7756544351577759,1e-07,1.2403661,1.7706985,1.330676,0.013988504186272621,0.08231154084205627,0.009032527916133404,0.09503961354494095
4480,1.7756291627883911,1e-07,1.2403578,1.7706733,1.3306664,0.013987231999635696,0.08230927586555481,0.009031255729496479,0.09503291547298431
4481,1.775604248046875,1e-07,1.2403492,1.7706484,1.3306571,0.013985944911837578,0.08230708539485931,0.00902996864169836,0.09502615034580231
4482,1.775579571723938,1e-07,1.2403408,1.7706237,1.3306478,0.013984683901071548,0.0823049545288086,0.009028708562254906,0.09501951932907104
4483,1.7755547761917114,1e-07,1.2403326,1.7705989,1.3306385,0.013983387500047684,0.08230268955230713,0.009027412161231041,0.09501269459724426
4484,1.7755290269851685,1e-07,1.2403239,1.7705731,1.3306289,0.013982158154249191,0.08230073750019073,0.009026182815432549,0.09500622749328613
4485,1.7755041122436523,1e-07,1.2403156,1.7705482,1.3306195,0.013980871066451073,0.08229848742485046,0.00902489572763443,0.09499945491552353
4486,1.775480031967163,1e-07,1.2403075,1.7705241,1.3306104,0.013979603536427021,0.08229637145996094,0.009023628197610378,0.09499277919530869
4487,1.775455117225647,1e-07,1.2402991,1.7704992,1.3306011,0.013978339731693268,0.08229418098926544,0.009022364392876625,0.09498612582683563
4488,1.7754311561584473,1e-07,1.240291,1.7704753,1.330592,0.013977054506540298,0.08229200541973114,0.00902108009904623,0.09497936815023422
4489,1.7754055261611938,1e-07,1.2402824,1.7704496,1.3305825,0.013975832611322403,0.08228997886180878,0.00901985727250576,0.09497293084859848
4490,1.7753807306289673,1e-07,1.2402741,1.7704248,1.3305731,0.013974551111459732,0.08228781819343567,0.00901857577264309,0.09496618062257767
4491,1.775355577468872,1e-07,1.2402655,1.7703997,1.3305637,0.013973278924822807,0.0822855681180954,0.009017303586006165,0.09495948255062103
4492,1.7753314971923828,1e-07,1.2402574,1.7703756,1.3305546,0.013972045853734016,0.08228364586830139,0.009016070514917374,0.09495299309492111
4493,1.775305986404419,1e-07,1.2402488,1.7703501,1.3305451,0.013970760628581047,0.0822814404964447,0.009014785289764404,0.09494622051715851
4494,1.7752809524536133,1e-07,1.2402405,1.7703251,1.3305357,0.013969490304589272,0.08227922022342682,0.009013514965772629,0.09493952989578247
4495,1.7752567529678345,1e-07,1.2402323,1.7703009,1.3305266,0.013968206010758877,0.08227699995040894,0.009012230671942234,0.09493277221918106
4496,1.7752318382263184,1e-07,1.240224,1.770276,1.3305172,0.013966962695121765,0.08227488398551941,0.009010988287627697,0.09492622315883636
4497,1.7752068042755127,1e-07,1.2402154,1.7702509,1.3305078,0.013965703547000885,0.08227279782295227,0.009009729139506817,0.0949195921421051
4498,1.7751814126968384,1e-07,1.2402068,1.7702255,1.3304982,0.013964442536234856,0.08227059245109558,0.009008469060063362,0.09491295367479324
4499,1.7751575708389282,1e-07,1.240199,1.7702017,1.3304893,0.013963185250759125,0.08226849138736725,0.009007211774587631,0.09490633010864258
4500,1.7751322984695435,1e-07,1.2401905,1.7701764,1.3304797,0.013961895368993282,0.08226625621318817,0.009005921892821789,0.09489953517913818
4501,1.77510666847229,1e-07,1.2401818,1.7701508,1.3304701,0.01396064180880785,0.08226414024829865,0.009004669263958931,0.09489293396472931
4502,1.7750827074050903,1e-07,1.2401737,1.7701268,1.3304611,0.01395938079804182,0.08226200938224792,0.009003408253192902,0.09488628804683685
4503,1.7750575542449951,1e-07,1.2401652,1.7701017,1.3304517,0.013958093710243702,0.08225972950458527,0.009002121165394783,0.09487950801849365
4504,1.7750322818756104,1e-07,1.2401568,1.7700764,1.3304422,0.013956868089735508,0.08225777745246887,0.009000895544886589,0.09487304836511612
4505,1.775008201599121,1e-07,1.2401487,1.7700523,1.3304331,0.013955594971776009,0.08225560188293457,0.00899962242692709,0.09486634284257889
4506,1.7749834060668945,1e-07,1.2401403,1.7700275,1.3304238,0.013954343274235725,0.08225347101688385,0.008998370729386806,0.09485974162817001
4507,1.7749582529067993,1e-07,1.240132,1.7700024,1.3304144,0.013953088782727718,0.08225134015083313,0.0089971162378788,0.09485313296318054
4508,1.7749334573745728,1e-07,1.2401235,1.7699776,1.330405,0.013951840810477734,0.0822492241859436,0.008995868265628815,0.09484655410051346
4509,1.7749086618423462,1e-07,1.2401152,1.7699528,1.3303957,0.013950538821518421,0.08224688470363617,0.008994567207992077,0.09483969211578369
4510,1.7748833894729614,1e-07,1.2401066,1.7699275,1.3303863,0.013949294574558735,0.0822448581457138,0.008993322029709816,0.0948331281542778
4511,1.7748584747314453,1e-07,1.2400981,1.7699026,1.3303769,0.013948063366115093,0.08224287629127502,0.008992091752588749,0.09482663869857788
4512,1.7748336791992188,1e-07,1.2400899,1.7698778,1.3303676,0.013946750201284885,0.08224049210548401,0.008990778587758541,0.09481971710920334
4513,1.77480947971344,1e-07,1.2400817,1.7698536,1.3303584,0.013945525512099266,0.08223840594291687,0.008989553898572922,0.0948132574558258
4514,1.774783730506897,1e-07,1.2400731,1.7698278,1.3303487,0.013944259844720364,0.08223628997802734,0.00898828823119402,0.09480658173561096
4515,1.7747597694396973,1e-07,1.240065,1.7698039,1.3303398,0.013942981138825417,0.0822339802980423,0.008987009525299072,0.09479983896017075
4516,1.7747347354888916,1e-07,1.2400566,1.7697788,1.3303304,0.013941727578639984,0.08223189413547516,0.00898575596511364,0.09479323029518127
4517,1.7747101783752441,1e-07,1.2400483,1.7697543,1.3303211,0.013940481469035149,0.08222983777523041,0.008984509855508804,0.09478665143251419
4518,1.774685025215149,1e-07,1.2400398,1.7697291,1.3303117,0.013939227908849716,0.08222764730453491,0.008983256295323372,0.09478004276752472
4519,1.7746598720550537,1e-07,1.2400314,1.769704,1.3303022,0.013937963172793388,0.08222556114196777,0.008981992490589619,0.09477337449789047
4520,1.7746355533599854,1e-07,1.2400233,1.7696797,1.330293,0.013936749659478664,0.08222353458404541,0.008980778977274895,0.09476697444915771
4521,1.7746095657348633,1e-07,1.2400144,1.7696537,1.3302833,0.013935456983745098,0.08222121000289917,0.008979486301541328,0.09476014971733093
4522,1.7745857238769531,1e-07,1.2400063,1.7696298,1.3302743,0.013934209011495113,0.08221909403800964,0.008978238329291344,0.09475356340408325
4523,1.7745609283447266,1e-07,1.239998,1.769605,1.330265,0.01393293309956789,0.08221688866615295,0.008976963348686695,0.09474683552980423
4524,1.774535894393921,1e-07,1.2399896,1.76958,1.3302556,0.01393168792128563,0.08221486210823059,0.008975718170404434,0.09474026411771774
4525,1.7745109796524048,1e-07,1.2399812,1.7695551,1.3302462,0.01393043901771307,0.08221268653869629,0.00897447019815445,0.09473367780447006
4526,1.7744871377944946,1e-07,1.2399732,1.7695312,1.3302373,0.013929177075624466,0.08221052587032318,0.008973208256065845,0.09472701698541641
4527,1.7744613885879517,1e-07,1.2399645,1.7695055,1.3302276,0.013927917927503586,0.08220833539962769,0.00897194817662239,0.09472037106752396
4528,1.7744362354278564,1e-07,1.239956,1.7694803,1.3302182,0.013926638290286064,0.08220608532428741,0.008970669470727444,0.09471362084150314
4529,1.774412751197815,1e-07,1.2399483,1.7694569,1.3302094,0.013925427570939064,0.08220416307449341,0.008969458751380444,0.09470722824335098
4530,1.7743866443634033,1e-07,1.2399395,1.7694308,1.3301995,0.013924160972237587,0.08220191299915314,0.008968192152678967,0.09470053762197495
4531,1.7743622064590454,1e-07,1.2399311,1.7694063,1.3301903,0.01392289251089096,0.08219973742961884,0.00896692369133234,0.09469383955001831
4532,1.7743377685546875,1e-07,1.2399229,1.7693819,1.3301811,0.013921660371124744,0.08219762146472931,0.008965691551566124,0.0946873351931572
4533,1.77431321144104,1e-07,1.2399147,1.7693573,1.330172,0.013920396566390991,0.08219555020332336,0.008964428678154945,0.09468066692352295
4534,1.774287462234497,1e-07,1.2399061,1.7693316,1.3301623,0.01391914114356041,0.08219331502914429,0.008963173255324364,0.09467403590679169
4535,1.7742620706558228,1e-07,1.2398976,1.7693062,1.3301528,0.013917911797761917,0.08219127357006073,0.008961942978203297,0.09466753900051117
4536,1.7742376327514648,1e-07,1.2398891,1.7692817,1.3301435,0.013916658237576485,0.08218906819820404,0.008960690349340439,0.0946609228849411
4537,1.7742125988006592,1e-07,1.2398809,1.7692567,1.3301342,0.01391538605093956,0.08218687772750854,0.008959418162703514,0.09465420246124268
4538,1.7741880416870117,1e-07,1.2398725,1.7692322,1.3301249,0.013914139941334724,0.08218473196029663,0.008958172053098679,0.09464762359857559
4539,1.7741633653640747,1e-07,1.2398642,1.7692075,1.3301156,0.013912861235439777,0.08218248188495636,0.008956893347203732,0.09464086592197418
4540,1.7741386890411377,1e-07,1.2398559,1.7691828,1.3301063,0.013911625370383263,0.08218039572238922,0.008955657482147217,0.09463433921337128
4541,1.7741132974624634,1e-07,1.2398473,1.7691574,1.3300967,0.013910392299294472,0.08217836916446686,0.008954424411058426,0.09462781995534897
4542,1.7740886211395264,1e-07,1.2398391,1.7691327,1.3300875,0.013909145258367062,0.08217617869377136,0.008953177370131016,0.09462123364210129
4543,1.774064064025879,1e-07,1.2398307,1.7691082,1.3300782,0.013907892629504204,0.08217409253120422,0.008951924741268158,0.09461461007595062
4544,1.7740387916564941,1e-07,1.2398223,1.7690829,1.3300687,0.01390661671757698,0.08217185735702515,0.008950648829340935,0.0946078673005104
4545,1.7740147113800049,1e-07,1.2398143,1.7690588,1.3300596,0.013905363157391548,0.08216963708400726,0.008949395269155502,0.09460124373435974
4546,1.7739893198013306,1e-07,1.2398056,1.7690334,1.3300501,0.013904123567044735,0.08216753602027893,0.008948156610131264,0.09459469467401505
4547,1.773964524269104,1e-07,1.2397974,1.7690086,1.3300408,0.01390286348760128,0.08216531574726105,0.008946897462010384,0.09458804130554199
4548,1.7739402055740356,1e-07,1.239789,1.7689843,1.3300318,0.013901608996093273,0.08216314017772675,0.008945642970502377,0.09458141028881073
4549,1.7739144563674927,1e-07,1.2397804,1.7689586,1.330022,0.013900409452617168,0.08216124773025513,0.008944443427026272,0.09457506984472275
4550,1.7738895416259766,1e-07,1.239772,1.7689337,1.3300127,0.013899109326303005,0.0821588784456253,0.008943144232034683,0.09456820040941238
4551,1.77386474609375,1e-07,1.2397636,1.7689089,1.3300034,0.013897848315536976,0.08215668797492981,0.00894188228994608,0.09456152468919754
4552,1.7738401889801025,1e-07,1.2397555,1.7688843,1.3299941,0.013896620832383633,0.08215463161468506,0.008940654806792736,0.09455503523349762
4553,1.773815393447876,1e-07,1.239747,1.7688595,1.3299848,0.013895363546907902,0.08215241134166718,0.00893939658999443,0.09454838186502457
4554,1.7737900018692017,1e-07,1.2397386,1.7688341,1.3299752,0.013894159346818924,0.08215047419071198,0.008938193321228027,0.0945420190691948
4555,1.773766040802002,1e-07,1.2397305,1.7688102,1.3299662,0.013892912305891514,0.08214828372001648,0.008936947211623192,0.09453542530536652
4556,1.773741364479065,1e-07,1.2397221,1.7687855,1.3299569,0.013891673646867275,0.08214616775512695,0.008935708552598953,0.09452887624502182
4557,1.7737164497375488,1e-07,1.2397137,1.7687606,1.3299476,0.013890404254198074,0.08214393258094788,0.008934439159929752,0.09452216327190399
4558,1.773691177368164,1e-07,1.2397052,1.7687353,1.329938,0.01388914417475462,0.08214171230792999,0.008933179080486298,0.09451549500226974
4559,1.7736663818359375,1e-07,1.2396969,1.7687105,1.3299288,0.013887940905988216,0.08213980495929718,0.008931975811719894,0.09450913220643997
4560,1.7736412286758423,1e-07,1.2396884,1.7686853,1.3299193,0.013886642642319202,0.08213737607002258,0.00893067754805088,0.09450226277112961
4561,1.7736163139343262,1e-07,1.2396799,1.7686604,1.3299099,0.013885431922972202,0.08213537931442261,0.00892946682870388,0.09449585527181625
4562,1.7735912799835205,1e-07,1.2396716,1.7686354,1.3299005,0.013884169049561024,0.08213314414024353,0.008928203955292702,0.09448917210102081
4563,1.7735674381256104,1e-07,1.2396636,1.7686116,1.3298916,0.013882954604923725,0.08213120698928833,0.008926990441977978,0.09448274970054626
4564,1.7735426425933838,1e-07,1.2396551,1.7685868,1.3298823,0.013881628401577473,0.0821286290884018,0.008925664238631725,0.09447573125362396
4565,1.7735176086425781,1e-07,1.2396468,1.7685617,1.3298728,0.013880456797778606,0.08212681114673615,0.008924491703510284,0.09446952491998672
4566,1.7734918594360352,1e-07,1.2396381,1.768536,1.3298632,0.01387921255081892,0.08212466537952423,0.008923247456550598,0.09446293860673904
4567,1.773468017578125,1e-07,1.2396301,1.7685121,1.3298541,0.013877958990633488,0.08212244510650635,0.008921993896365166,0.09445630759000778
4568,1.7734428644180298,1e-07,1.2396216,1.768487,1.3298447,0.013876685872673988,0.08212019503116608,0.008920722641050816,0.09444957971572876
4569,1.7734184265136719,1e-07,1.2396133,1.7684625,1.3298355,0.013875463046133518,0.08211818337440491,0.008919499814510345,0.09444310516119003
4570,1.773392915725708,1e-07,1.2396048,1.768437,1.329826,0.013874228112399578,0.08211608231067657,0.008918264880776405,0.09443656355142593
4571,1.7733678817749023,1e-07,1.2395964,1.768412,1.3298166,0.01387297734618187,0.08211381733417511,0.008917015045881271,0.09442994743585587
4572,1.7733433246612549,1e-07,1.2395881,1.7683874,1.3298073,0.013871768489480019,0.08211186528205872,0.00891580618917942,0.09442354738712311
4573,1.773318886756897,1e-07,1.2395799,1.768363,1.3297981,0.013870485126972198,0.0821094959974289,0.0089145228266716,0.09441675245761871
4574,1.7732934951782227,1e-07,1.2395712,1.7683376,1.3297886,0.013869227841496468,0.08210726082324982,0.008913264609873295,0.09441008418798447
4575,1.7732691764831543,1e-07,1.2395631,1.7683133,1.3297794,0.013867977075278759,0.08210510015487671,0.00891201477497816,0.0944034680724144
4576,1.7732443809509277,1e-07,1.2395548,1.7682885,1.3297701,0.013866787776350975,0.08210322260856628,0.008910825476050377,0.09439717233181
4577,1.773219108581543,1e-07,1.2395462,1.7682632,1.3297606,0.013865519315004349,0.08210092782974243,0.00890955701470375,0.09439045190811157
4578,1.773194432258606,1e-07,1.2395381,1.7682385,1.3297513,0.01386430487036705,0.08209890127182007,0.008908342570066452,0.09438401460647583
4579,1.7731688022613525,1e-07,1.2395295,1.7682129,1.3297417,0.01386301964521408,0.08209651708602905,0.008907057344913483,0.09437720477581024
4580,1.7731443643569946,1e-07,1.2395211,1.7681885,1.3297325,0.01386183686554432,0.0820947140455246,0.008905875496566296,0.09437094628810883
4581,1.7731201648712158,1e-07,1.2395129,1.7681643,1.3297234,0.013860560953617096,0.08209235966205597,0.008904598653316498,0.09436418116092682
4582,1.7730947732925415,1e-07,1.2395045,1.7681389,1.3297138,0.01385932881385088,0.08209022879600525,0.008903366513550282,0.09435765445232391
4583,1.7730703353881836,1e-07,1.2394961,1.7681144,1.3297046,0.013858089223504066,0.08208805322647095,0.008902126923203468,0.09435108304023743
4584,1.7730451822280884,1e-07,1.2394876,1.7680893,1.3296952,0.013856849633157253,0.08208595216274261,0.00890088826417923,0.09434451907873154
4585,1.7730203866958618,1e-07,1.2394794,1.7680645,1.3296858,0.013855604454874992,0.08208374679088593,0.008899643085896969,0.09433791786432266
4586,1.772995948791504,1e-07,1.2394711,1.7680401,1.3296766,0.013854365795850754,0.08208157122135162,0.00889840442687273,0.09433135390281677
4587,1.7729711532592773,1e-07,1.2394627,1.7680153,1.3296673,0.013853154145181179,0.08207951486110687,0.008897192776203156,0.09432493150234222
4588,1.7729456424713135,1e-07,1.2394542,1.7679898,1.3296578,0.013851884752511978,0.0820772647857666,0.00889592431485653,0.0943182110786438
4589,1.7729212045669556,1e-07,1.2394459,1.7679653,1.3296486,0.013850676827132702,0.08207522332668304,0.008894715458154678,0.09431179612874985
4590,1.7728967666625977,1e-07,1.2394377,1.7679409,1.3296394,0.013849425129592419,0.08207295835018158,0.008893463760614395,0.09430516511201859
4591,1.772871732711792,1e-07,1.2394294,1.7679158,1.32963,0.013848197646439075,0.08207093179225922,0.008892237208783627,0.09429866075515747
4592,1.7728468179702759,1e-07,1.239421,1.7678909,1.3296206,0.01384695153683424,0.08206869661808014,0.008890992030501366,0.0942920595407486
4593,1.7728221416473389,1e-07,1.2394127,1.7678663,1.3296113,0.013845703564584255,0.08206653594970703,0.008889744058251381,0.09428543597459793
4594,1.7727972269058228,1e-07,1.2394041,1.7678413,1.329602,0.013844487257301807,0.0820644348859787,0.008888527750968933,0.09427899122238159
4595,1.7727724313735962,1e-07,1.2393957,1.7678165,1.3295926,0.013843224383890629,0.08206221461296082,0.008887265808880329,0.09427229315042496
4596,1.7727477550506592,1e-07,1.2393874,1.7677919,1.3295833,0.013842002488672733,0.08206011354923248,0.008886042982339859,0.09426581114530563
4597,1.7727224826812744,1e-07,1.239379,1.7677666,1.3295739,0.013840797357261181,0.08205810189247131,0.008884838782250881,0.09425942599773407
4598,1.7726980447769165,1e-07,1.2393707,1.7677422,1.3295647,0.01383952796459198,0.08205576241016388,0.00888356938958168,0.09425269067287445
4599,1.7726726531982422,1e-07,1.2393622,1.7677168,1.3295552,0.01383832935243845,0.08205382525920868,0.008882369846105576,0.09424632787704468
4600,1.7726478576660156,1e-07,1.2393538,1.767692,1.3295457,0.013837087899446487,0.08205161988735199,0.008881129324436188,0.094239741563797
4601,1.772623062133789,1e-07,1.2393454,1.7676672,1.3295364,0.013835826888680458,0.08204935491085052,0.008879868313670158,0.09423305094242096
4602,1.7725979089736938,1e-07,1.2393371,1.767642,1.329527,0.013834618031978607,0.08204734325408936,0.008878659456968307,0.09422663599252701
4603,1.7725725173950195,1e-07,1.2393284,1.7676166,1.3295175,0.013833382166922092,0.08204516768455505,0.008877423591911793,0.09422007948160172
4604,1.772547960281372,1e-07,1.2393202,1.7675921,1.3295082,0.013832173310220242,0.08204309642314911,0.008876214735209942,0.09421366453170776
4605,1.772524118423462,1e-07,1.239312,1.7675682,1.3294992,0.013830923475325108,0.08204092085361481,0.008874964900314808,0.0942070335149765
4606,1.7724988460540771,1e-07,1.2393037,1.767543,1.3294897,0.013829652220010757,0.08203858137130737,0.008873693645000458,0.09420028328895569
4607,1.7724742889404297,1e-07,1.2392954,1.7675184,1.3294805,0.013828438706696033,0.08203642070293427,0.008872481063008308,0.09419384598731995
4608,1.7724494934082031,1e-07,1.239287,1.7674936,1.3294712,0.013827230781316757,0.0820343941450119,0.008871273137629032,0.09418743848800659
4609,1.7724246978759766,1e-07,1.2392787,1.7674688,1.3294618,0.013826004229485989,0.08203233778476715,0.008870046585798264,0.09418092668056488
4610,1.772399663925171,1e-07,1.2392702,1.7674438,1.3294524,0.013824750669300556,0.08203007280826569,0.008868793025612831,0.09417426586151123
4611,1.7723751068115234,1e-07,1.239262,1.7674192,1.3294432,0.013823526911437511,0.08202794194221497,0.008867569267749786,0.09416776895523071
4612,1.7723499536514282,1e-07,1.2392535,1.7673941,1.3294337,0.013822277076542377,0.08202573657035828,0.008866319432854652,0.09416113793849945
4613,1.7723252773284912,1e-07,1.2392453,1.7673694,1.3294245,0.013821063563227654,0.08202368021011353,0.008865106850862503,0.09415469318628311
4614,1.7723008394241333,1e-07,1.239237,1.767345,1.3294153,0.013819843530654907,0.08202153444290161,0.008863885886967182,0.09414821118116379
4615,1.7722750902175903,1e-07,1.2392282,1.7673192,1.3294055,0.013818609528243542,0.08201940357685089,0.008862652815878391,0.09414166212081909
4616,1.7722504138946533,1e-07,1.23922,1.7672945,1.3293962,0.013817356899380684,0.08201712369918823,0.008861400187015533,0.09413500875234604
4617,1.7722256183624268,1e-07,1.2392117,1.7672697,1.329387,0.013816149905323982,0.08201509714126587,0.008860194124281406,0.09412860125303268
4618,1.7722007036209106,1e-07,1.2392031,1.7672448,1.3293777,0.013814886100590229,0.08201275765895844,0.008858930319547653,0.09412188827991486
4619,1.7721760272979736,1e-07,1.239195,1.7672201,1.3293684,0.013813680969178677,0.08201080560684204,0.0088577251881361,0.0941154882311821
4620,1.7721519470214844,1e-07,1.2391868,1.767196,1.3293593,0.013812464661896229,0.08200858533382416,0.008856508880853653,0.09410902857780457
4621,1.772126317024231,1e-07,1.2391782,1.7671704,1.3293496,0.013811216689646244,0.08200642466545105,0.008855260908603668,0.0941023975610733
4622,1.7721010446548462,1e-07,1.2391696,1.7671452,1.3293401,0.0138099892064929,0.08200427889823914,0.008854033425450325,0.0940958708524704
4623,1.7720770835876465,1e-07,1.2391616,1.7671212,1.3293312,0.013808777555823326,0.08200214803218842,0.00885282177478075,0.09408943355083466
4624,1.7720520496368408,1e-07,1.2391533,1.7670962,1.3293217,0.01380755752325058,0.08200012147426605,0.008851601742208004,0.09408295154571533
4625,1.772027611732483,1e-07,1.2391449,1.7670717,1.3293124,0.013806313276290894,0.0819978415966034,0.008850358426570892,0.09407634288072586
4626,1.7720019817352295,1e-07,1.2391362,1.7670461,1.3293029,0.013805050402879715,0.08199551701545715,0.008849095553159714,0.09406962990760803
4627,1.771977424621582,1e-07,1.239128,1.7670215,1.3292936,0.013803843408823013,0.08199349045753479,0.008847888559103012,0.09406321495771408
4628,1.7719526290893555,1e-07,1.2391196,1.7669967,1.3292843,0.013802623376250267,0.08199137449264526,0.008846668526530266,0.09405673295259476
4629,1.7719274759292603,1e-07,1.2391111,1.7669716,1.3292749,0.013801388442516327,0.08198922872543335,0.008845433592796326,0.09405016899108887
4630,1.7719017267227173,1e-07,1.2391025,1.7669458,1.3292651,0.013800179585814476,0.08198705315589905,0.008844224736094475,0.09404373914003372
4631,1.7718777656555176,1e-07,1.2390944,1.7669219,1.3292562,0.013798943720757961,0.08198493719100952,0.00884298887103796,0.09403716772794724
4632,1.771852731704712,1e-07,1.239086,1.7668968,1.3292468,0.013797735795378685,0.08198277652263641,0.008841780945658684,0.09403074532747269
4633,1.7718279361724854,1e-07,1.2390777,1.766872,1.3292373,0.013796491548418999,0.08198052644729614,0.008840536698698997,0.09402412921190262
4634,1.771803855895996,1e-07,1.2390693,1.766848,1.3292283,0.013795262202620506,0.08197841048240662,0.00883930828422308,0.09401759505271912
4635,1.7717792987823486,1e-07,1.2390612,1.7668234,1.3292191,0.013794067315757275,0.08197638392448425,0.008838113397359848,0.09401123970746994
4636,1.7717535495758057,1e-07,1.2390525,1.7667977,1.3292094,0.013792834244668484,0.08197416365146637,0.008836880326271057,0.09400468319654465
4637,1.7717286348342896,1e-07,1.2390442,1.7667727,1.3292,0.013791576027870178,0.08197186887264252,0.008835623040795326,0.09399799257516861
4638,1.7717043161392212,1e-07,1.239036,1.7667484,1.3291909,0.0137903718277812,0.08196984231472015,0.008834419772028923,0.09399159252643585
4639,1.7716795206069946,1e-07,1.2390276,1.7667236,1.3291816,0.013789149932563305,0.08196768164634705,0.008833197876811028,0.09398509562015533
4640,1.7716542482376099,1e-07,1.2390192,1.7666984,1.329172,0.013787954114377499,0.08196572959423065,0.008832002058625221,0.09397873282432556
4641,1.7716299295425415,1e-07,1.2390109,1.766674,1.329163,0.01378668937832117,0.08196333050727844,0.008830737322568893,0.09397200495004654
4642,1.7716047763824463,1e-07,1.2390025,1.7666489,1.3291534,0.013785476796329021,0.08196121454238892,0.008829524740576744,0.0939655527472496
4643,1.771580696105957,1e-07,1.2389942,1.7666248,1.3291444,0.013784279115498066,0.08195923268795013,0.008828327059745789,0.09395917505025864
4644,1.7715544700622559,1e-07,1.2389855,1.7665986,1.3291345,0.013783053494989872,0.08195702731609344,0.008827101439237595,0.09395265579223633
4645,1.7715303897857666,1e-07,1.2389774,1.7665745,1.3291255,0.013781807385385036,0.0819547176361084,0.008825855329632759,0.09394602477550507
4646,1.77150559425354,1e-07,1.238969,1.7665497,1.3291161,0.013780626468360424,0.081952765583992,0.008824674412608147,0.09393973648548126
4647,1.771480679512024,1e-07,1.2389606,1.7665248,1.3291068,0.013779371976852417,0.08195051550865173,0.00882341992110014,0.09393306076526642
4648,1.7714554071426392,1e-07,1.2389522,1.7664995,1.3290973,0.013778154738247395,0.08194835484027863,0.008822201751172543,0.0939265787601471
4649,1.7714310884475708,1e-07,1.2389439,1.7664752,1.3290881,0.013776951469480991,0.08194631338119507,0.008820999413728714,0.09392017871141434
4650,1.7714056968688965,1e-07,1.2389354,1.7664498,1.3290786,0.013775709085166454,0.08194407820701599,0.008819757029414177,0.09391356259584427
4651,1.7713819742202759,1e-07,1.2389272,1.7664261,1.3290696,0.013774515129625797,0.08194200694561005,0.00881856307387352,0.09390720725059509
4652,1.7713565826416016,1e-07,1.2389188,1.7664007,1.3290601,0.013773290440440178,0.08193981647491455,0.0088173383846879,0.09390068054199219
4653,1.7713314294815063,1e-07,1.2389103,1.7663755,1.3290507,0.013772048987448215,0.08193756639957428,0.008816096931695938,0.09389407187700272
4654,1.7713075876235962,1e-07,1.2389022,1.7663517,1.3290416,0.013770845718681812,0.08193548023700714,0.008814893662929535,0.09388766437768936
4655,1.771282434463501,1e-07,1.2388937,1.7663265,1.3290322,0.013769625686109066,0.08193330466747284,0.008813674561679363,0.09388117492198944
4656,1.7712574005126953,1e-07,1.2388854,1.7663015,1.3290228,0.013768443837761879,0.08193144202232361,0.008812492713332176,0.09387487918138504
4657,1.7712326049804688,1e-07,1.2388769,1.7662767,1.3290135,0.013767222873866558,0.08192917704582214,0.008811271749436855,0.09386837482452393
4658,1.7712078094482422,1e-07,1.2388686,1.7662519,1.3290042,0.013765946961939335,0.08192679286003113,0.008809996768832207,0.09386157989501953
4659,1.7711831331253052,1e-07,1.2388602,1.7662272,1.3289949,0.013764763250946999,0.08192476630210876,0.008808813989162445,0.09385528415441513
4660,1.7711583375930786,1e-07,1.238852,1.7662024,1.3289855,0.01376351248472929,0.08192257583141327,0.008807563222944736,0.09384861588478088
4661,1.771133542060852,1e-07,1.2388436,1.7661777,1.3289762,0.013762282207608223,0.08192025125026703,0.00880633294582367,0.09384206682443619
4662,1.7711087465286255,1e-07,1.2388352,1.7661529,1.3289669,0.013761086389422417,0.08191826939582825,0.008805137127637863,0.09383568912744522
4663,1.7710833549499512,1e-07,1.2388266,1.7661275,1.3289573,0.013759864494204521,0.08191610872745514,0.008803915232419968,0.0938291847705841
4664,1.7710586786270142,1e-07,1.2388185,1.7661028,1.328948,0.013758666813373566,0.08191399276256561,0.008802717551589012,0.09382279962301254
4665,1.771033525466919,1e-07,1.23881,1.7660776,1.3289385,0.013757423497736454,0.08191174268722534,0.0088014742359519,0.09381617605686188
4666,1.771009087562561,1e-07,1.2388017,1.7660532,1.3289293,0.01375625841319561,0.08190979063510895,0.008800309151411057,0.09380996227264404
4667,1.7709839344024658,1e-07,1.2387933,1.766028,1.3289199,0.013754984363913536,0.0819074809551239,0.008799036033451557,0.09380317479372025
4668,1.7709589004516602,1e-07,1.2387847,1.766003,1.3289105,0.01375379879027605,0.08190539479255676,0.008797850459814072,0.09379685670137405
4669,1.7709341049194336,1e-07,1.2387763,1.7659782,1.3289012,0.013752575032413006,0.08190321922302246,0.008796626701951027,0.09379033744335175
4670,1.7709095478057861,1e-07,1.2387681,1.7659537,1.3288919,0.0137513792142272,0.08190108835697174,0.00879543088376522,0.09378395974636078
4671,1.7708847522735596,1e-07,1.2387599,1.7659289,1.3288826,0.013750172220170498,0.0818990170955658,0.008794223889708519,0.09377752244472504
4672,1.770859718322754,1e-07,1.2387513,1.7659038,1.3288732,0.013748934492468834,0.08189675211906433,0.008792986162006855,0.09377092123031616
4673,1.7708351612091064,1e-07,1.2387432,1.7658793,1.3288639,0.013747726567089558,0.0818946361541748,0.008791778236627579,0.09376448392868042
4674,1.7708103656768799,1e-07,1.2387347,1.7658545,1.3288546,0.013746505603194237,0.08189240097999573,0.008790557272732258,0.09375797212123871
4675,1.770785927772522,1e-07,1.2387265,1.76583,1.3288454,0.013745312578976154,0.08189038932323456,0.008789364248514175,0.09375160932540894
4676,1.7707610130310059,1e-07,1.238718,1.7658051,1.328836,0.013744075782597065,0.08188807964324951,0.008788127452135086,0.09374501556158066
4677,1.7707353830337524,1e-07,1.2387094,1.7657795,1.3288263,0.013742880895733833,0.08188606798648834,0.008786933496594429,0.09373864531517029
4678,1.7707107067108154,1e-07,1.2387012,1.7657548,1.3288171,0.013741672970354557,0.08188393712043762,0.008785725571215153,0.09373220056295395
4679,1.770686388015747,1e-07,1.2386929,1.7657305,1.328808,0.013740448281168938,0.08188171684741974,0.008784500882029533,0.09372566640377045
4680,1.7706609964370728,1e-07,1.2386844,1.7657051,1.3287984,0.013739241287112236,0.08187960088253021,0.008783293887972832,0.0937192291021347
4681,1.7706363201141357,1e-07,1.2386761,1.7656804,1.3287891,0.013738015666604042,0.08187735080718994,0.008782068267464638,0.0937126874923706
4682,1.7706120014190674,1e-07,1.2386678,1.7656561,1.3287799,0.013736823573708534,0.0818752646446228,0.00878087617456913,0.09370633214712143
4683,1.7705867290496826,1e-07,1.2386594,1.7656308,1.3287704,0.013735608197748661,0.08187311887741089,0.008779661729931831,0.0936998501420021
4684,1.7705621719360352,1e-07,1.2386512,1.7656063,1.3287612,0.0137343630194664,0.08187085390090942,0.008778417482972145,0.09369321167469025
4685,1.7705376148223877,1e-07,1.2386428,1.7655817,1.3287519,0.013733169063925743,0.08186875283718109,0.008777223527431488,0.09368683397769928
4686,1.7705122232437134,1e-07,1.2386342,1.7655563,1.3287424,0.01373195368796587,0.08186657726764679,0.008776008151471615,0.09368035197257996
4687,1.7704873085021973,1e-07,1.2386259,1.7655314,1.328733,0.013730751350522041,0.08186447620391846,0.008774805814027786,0.093673937022686
4688,1.7704626321792603,1e-07,1.2386174,1.7655067,1.3287237,0.013729562051594257,0.08186230063438416,0.008773616515100002,0.09366758167743683
4689,1.7704379558563232,1e-07,1.2386092,1.7654821,1.3287145,0.013728352263569832,0.0818602442741394,0.008772407658398151,0.09366112947463989
4690,1.7704130411148071,1e-07,1.2386007,1.7654572,1.3287051,0.01372712291777134,0.08185794949531555,0.008771177381277084,0.093654565513134
4691,1.7703877687454224,1e-07,1.2385923,1.7654319,1.3286955,0.01372592058032751,0.0818558931350708,0.008769975043833256,0.09364814311265945
4692,1.7703629732131958,1e-07,1.2385839,1.7654071,1.3286862,0.013724714517593384,0.08185374736785889,0.008768768981099129,0.09364170581102371
4693,1.7703386545181274,1e-07,1.2385757,1.7653828,1.328677,0.01372348889708519,0.08185149729251862,0.008767543360590935,0.09363516420125961
4694,1.7703142166137695,1e-07,1.2385675,1.7653583,1.3286679,0.013722307980060577,0.08184950053691864,0.008766363374888897,0.09362886101007462
4695,1.770289421081543,1e-07,1.2385591,1.7653335,1.3286586,0.0137211037799716,0.08184736967086792,0.008765159174799919,0.09362243115901947
4696,1.7702637910842896,1e-07,1.2385505,1.7653079,1.3286489,0.013719881884753704,0.08184513449668884,0.008763937279582024,0.09361590445041656
4697,1.7702388763427734,1e-07,1.2385421,1.765283,1.3286395,0.013718684203922749,0.0818430483341217,0.008762739598751068,0.09360950440168381
4698,1.7702146768569946,1e-07,1.2385339,1.7652588,1.3286304,0.0137174678966403,0.08184081315994263,0.00876152329146862,0.09360300749540329
4699,1.7701900005340576,1e-07,1.2385256,1.7652341,1.3286211,0.013716264627873898,0.08183866739273071,0.008760320022702217,0.09359657764434814
4700,1.7701647281646729,1e-07,1.238517,1.7652088,1.3286116,0.013715104199945927,0.0818367451429367,0.00875916052609682,0.0935903862118721
4701,1.7701408863067627,1e-07,1.238509,1.765185,1.3286027,0.013713839463889599,0.08183428645133972,0.008757894858717918,0.09358362853527069
4702,1.770114541053772,1e-07,1.2385001,1.7651587,1.3285928,0.01371264923363924,0.08183223009109497,0.008756705559790134,0.09357727319002151
4703,1.7700908184051514,1e-07,1.2384921,1.7651349,1.3285838,0.013711451552808285,0.08183012902736664,0.008755506947636604,0.09357086569070816
4704,1.7700655460357666,1e-07,1.2384837,1.7651097,1.3285743,0.01371023990213871,0.08182790875434875,0.008754296228289604,0.09356439858675003
4705,1.77004075050354,1e-07,1.2384752,1.7650849,1.328565,0.013709013350307941,0.08182573318481445,0.00875307060778141,0.09355784952640533
4706,1.7700163125991821,1e-07,1.2384671,1.7650604,1.3285558,0.013707829639315605,0.08182361721992493,0.008751886896789074,0.09355151653289795
4707,1.7699915170669556,1e-07,1.2384588,1.7650356,1.3285464,0.013706624507904053,0.0818214863538742,0.008750682696700096,0.0935450866818428
4708,1.7699663639068604,1e-07,1.2384502,1.7650105,1.328537,0.013705400750041008,0.08181926608085632,0.008749458938837051,0.0935385450720787
4709,1.7699419260025024,1e-07,1.238442,1.764986,1.3285278,0.013704199343919754,0.0818171501159668,0.008748257532715797,0.09353212267160416
4710,1.7699170112609863,1e-07,1.2384335,1.7649611,1.3285184,0.013703001663088799,0.08181494474411011,0.008747059851884842,0.0935257151722908
4711,1.7698918581008911,1e-07,1.2384251,1.764936,1.328509,0.013701805844902992,0.08181281387805939,0.008745863102376461,0.09351932257413864
4712,1.7698665857315063,1e-07,1.2384166,1.7649107,1.3284994,0.013700604438781738,0.08181062340736389,0.008744662627577782,0.09351290017366409
4713,1.7698426246643066,1e-07,1.2384084,1.7648867,1.3284904,0.013699416071176529,0.08180861175060272,0.008743474259972572,0.09350654482841492
4714,1.7698179483413696,1e-07,1.2384001,1.7648621,1.3284811,0.013698171824216843,0.0818062573671341,0.00874223094433546,0.09349989891052246
4715,1.7697925567626953,1e-07,1.2383915,1.7648367,1.3284715,0.013696994632482529,0.08180421590805054,0.008741052821278572,0.09349359571933746
4716,1.7697679996490479,1e-07,1.2383833,1.7648121,1.3284624,0.013695754110813141,0.08180199563503265,0.008739812299609184,0.0934869647026062
4717,1.7697422504425049,1e-07,1.2383747,1.7647864,1.3284526,0.013694578781723976,0.08179987967014313,0.00873863697052002,0.0934806764125824
4718,1.7697182893753052,1e-07,1.2383665,1.7647624,1.3284436,0.013693402521312237,0.08179783821105957,0.00873746071010828,0.0934743881225586
4719,1.7696928977966309,1e-07,1.238358,1.764737,1.328434,0.013692207634449005,0.08179572224617004,0.008736266754567623,0.09346799552440643
4720,1.7696681022644043,1e-07,1.2383496,1.7647122,1.3284247,0.013691003434360027,0.08179356157779694,0.008735062554478645,0.09346155822277069
4721,1.769642949104309,1e-07,1.2383412,1.7646871,1.3284153,0.01368978526443243,0.08179131150245667,0.008733844384551048,0.09345503896474838
4722,1.769619107246399,1e-07,1.2383331,1.7646632,1.3284062,0.013688570819795132,0.08178912103176117,0.00873262993991375,0.09344854205846786
4723,1.7695934772491455,1e-07,1.2383245,1.7646376,1.3283967,0.013687394559383392,0.08178704977035522,0.00873145367950201,0.09344224631786346
4724,1.7695693969726562,1e-07,1.2383164,1.7646135,1.3283876,0.013686193153262138,0.08178488910198212,0.008730252273380756,0.09343581646680832
4725,1.7695437669754028,1e-07,1.2383077,1.7645879,1.328378,0.013685007579624653,0.08178277313709259,0.008729066699743271,0.09342947602272034
4726,1.7695198059082031,1e-07,1.2382996,1.7645639,1.3283689,0.013683793134987354,0.08178053796291351,0.008727852255105972,0.09342297166585922
4727,1.7694952487945557,1e-07,1.2382914,1.7645394,1.3283596,0.013682601042091846,0.08177842199802399,0.008726660162210464,0.09341659396886826
4728,1.7694690227508545,1e-07,1.2382826,1.7645131,1.3283498,0.013681399635970592,0.08177627623081207,0.008725459687411785,0.09341017156839371
4729,1.7694456577301025,1e-07,1.2382746,1.7644898,1.328341,0.013680181466042995,0.0817740261554718,0.008724242448806763,0.0934036523103714
4730,1.7694196701049805,1e-07,1.2382659,1.7644638,1.3283312,0.01367898192256689,0.08177189528942108,0.008723041974008083,0.09339722990989685
4731,1.769395351409912,1e-07,1.2382575,1.7644395,1.328322,0.013677793554961681,0.08176979422569275,0.008721854537725449,0.09339086711406708
4732,1.7693697214126587,1e-07,1.238249,1.7644138,1.3283124,0.013676604256033897,0.08176766335964203,0.008720665238797665,0.0933845043182373
4733,1.7693454027175903,1e-07,1.2382408,1.7643895,1.3283032,0.013675415888428688,0.08176551759243011,0.008719476871192455,0.09337814152240753
4734,1.769321084022522,1e-07,1.2382327,1.7643652,1.328294,0.013674228452146053,0.08176340162754059,0.00871828943490982,0.09337177872657776
4735,1.7692959308624268,1e-07,1.2382241,1.76434,1.3282846,0.01367299072444439,0.08176112174987793,0.008717052638530731,0.0933651551604271
4736,1.7692711353302002,1e-07,1.2382158,1.7643152,1.3282753,0.013671795837581158,0.08175890147686005,0.008715856820344925,0.09335875511169434
4737,1.7692466974258423,1e-07,1.2382075,1.7642908,1.3282661,0.013670629821717739,0.08175687491893768,0.008714691735804081,0.09335251152515411
4738,1.769221544265747,1e-07,1.2381991,1.7642657,1.3282566,0.013669428415596485,0.08175472915172577,0.008713490329682827,0.09334608167409897
4739,1.7691967487335205,1e-07,1.2381908,1.7642409,1.3282473,0.01366820465773344,0.08175249397754669,0.008712265640497208,0.09333951771259308
4740,1.7691723108291626,1e-07,1.2381824,1.7642164,1.3282381,0.013667047955095768,0.08175042271614075,0.00871110986918211,0.09333332628011703
4741,1.7691479921340942,1e-07,1.2381742,1.7641921,1.328229,0.01366586983203888,0.08174839615821838,0.008709931746125221,0.09332701563835144
4742,1.7691227197647095,1e-07,1.2381657,1.7641668,1.3282194,0.013664637692272663,0.08174605667591095,0.008708699606359005,0.09332041442394257
4743,1.769097924232483,1e-07,1.2381573,1.764142,1.3282101,0.013663480058312416,0.08174404501914978,0.008707541972398758,0.09331420809030533
4744,1.7690726518630981,1e-07,1.2381488,1.7641168,1.3282006,0.013662273064255714,0.0817418247461319,0.008706334978342056,0.0933077409863472
4745,1.7690478563308716,1e-07,1.2381405,1.764092,1.3281913,0.013661092147231102,0.08173976838588715,0.008705154061317444,0.09330141544342041
4746,1.7690225839614868,1e-07,1.238132,1.7640667,1.3281817,0.013659903779625893,0.08173765242099762,0.008703965693712234,0.09329504519701004
4747,1.7689977884292603,1e-07,1.2381237,1.7640419,1.3281724,0.013658682815730572,0.08173534274101257,0.008702745661139488,0.09328851103782654
4748,1.7689731121063232,1e-07,1.2381153,1.7640172,1.3281631,0.01365751400589943,0.08173325657844543,0.008701576851308346,0.09328224509954453
4749,1.7689486742019653,1e-07,1.2381071,1.7639928,1.3281538,0.013656300492584705,0.08173105120658875,0.008700363337993622,0.09327574074268341
4750,1.7689235210418701,1e-07,1.2380986,1.7639676,1.3281444,0.01365511305630207,0.08172890543937683,0.008699176833033562,0.09326937794685364
4751,1.7688990831375122,1e-07,1.2380903,1.7639432,1.3281353,0.013653927482664585,0.08172672986984253,0.008697991259396076,0.09326302260160446
4752,1.768873929977417,1e-07,1.2380818,1.763918,1.3281257,0.013652734458446503,0.08172468841075897,0.008696798235177994,0.0932566225528717
4753,1.7688484191894531,1e-07,1.2380733,1.7638925,1.3281162,0.013651523739099503,0.08172242343425751,0.008695587515830994,0.09325013309717178
4754,1.768824577331543,1e-07,1.2380651,1.7638687,1.3281072,0.01365035492926836,0.08172030746936798,0.008694419637322426,0.09324387460947037
4755,1.7687994241714478,1e-07,1.2380567,1.7638435,1.3280977,0.013649163767695427,0.08171819150447845,0.008693228475749493,0.0932374820113182
4756,1.7687746286392212,1e-07,1.2380484,1.7638187,1.3280884,0.013647949323058128,0.08171594142913818,0.008692014031112194,0.0932309702038765
4757,1.7687492370605469,1e-07,1.2380397,1.7637933,1.3280789,0.013646773062646389,0.08171382546424866,0.008690837770700455,0.0932246595621109
4758,1.7687253952026367,1e-07,1.2380316,1.7637695,1.3280698,0.013645595870912075,0.08171173930168152,0.00868966057896614,0.0932183489203453
4759,1.7686998844146729,1e-07,1.2380232,1.763744,1.3280603,0.013644377700984478,0.08170948922634125,0.008688442409038544,0.0932118147611618
4760,1.7686748504638672,1e-07,1.2380147,1.763719,1.3280509,0.01364322379231453,0.08170747756958008,0.00868728943169117,0.09320563077926636
4761,1.7686506509780884,1e-07,1.2380066,1.7636948,1.3280417,0.013642032630741596,0.08170527219772339,0.008686097338795662,0.0931992381811142
4762,1.7686254978179932,1e-07,1.2379981,1.7636696,1.3280323,0.013640834018588066,0.08170314133167267,0.008684899657964706,0.09319280833005905
4763,1.7686011791229248,1e-07,1.2379899,1.7636453,1.3280231,0.013639640063047409,0.08170092105865479,0.00868370570242405,0.0931864008307457
4764,1.76857590675354,1e-07,1.2379813,1.76362,1.3280135,0.013638464733958244,0.08169879019260406,0.008682530373334885,0.0931800976395607
4765,1.7685511112213135,1e-07,1.2379731,1.7635952,1.3280042,0.013637285679578781,0.08169665932655334,0.008681351318955421,0.09317377209663391
4766,1.768526315689087,1e-07,1.2379645,1.7635704,1.327995,0.013636077754199505,0.08169448375701904,0.008680143393576145,0.09316729009151459
4767,1.7685022354125977,1e-07,1.2379564,1.7635463,1.3279859,0.013634888455271721,0.08169227838516235,0.008678954094648361,0.09316090494394302
4768,1.7684767246246338,1e-07,1.237948,1.7635208,1.3279762,0.013633706606924534,0.08169011771678925,0.008677772246301174,0.09315456449985504
4769,1.7684516906738281,1e-07,1.2379395,1.7634958,1.3279668,0.013632547110319138,0.08168813586235046,0.008676612749695778,0.09314833581447601
4770,1.7684271335601807,1e-07,1.2379311,1.7634712,1.3279575,0.013631352223455906,0.08168593049049377,0.00867541879415512,0.09314192831516266
4771,1.768402099609375,1e-07,1.2379228,1.7634462,1.3279481,0.013630146160721779,0.0816836953163147,0.008674212731420994,0.09313545376062393
4772,1.7683782577514648,1e-07,1.2379147,1.7634224,1.3279392,0.013628950342535973,0.0816815048456192,0.008673016913235188,0.09312903136014938
4773,1.768352746963501,1e-07,1.2379061,1.7633969,1.3279295,0.013627788051962852,0.08167943358421326,0.008671855553984642,0.09312279522418976
4774,1.7683279514312744,1e-07,1.2378978,1.7633721,1.3279202,0.01362662110477686,0.08167734742164612,0.008670688606798649,0.09311652928590775
4775,1.7683030366897583,1e-07,1.2378894,1.7633471,1.3279108,0.013625405728816986,0.08167514204978943,0.008669473230838776,0.09311000257730484
4776,1.7682788372039795,1e-07,1.2378812,1.763323,1.3279017,0.013624241575598717,0.08167301118373871,0.008668309077620506,0.09310375154018402
4777,1.768252968788147,1e-07,1.2378725,1.7632971,1.327892,0.013623028993606567,0.08167071640491486,0.008667096495628357,0.09309723973274231
4778,1.768228530883789,1e-07,1.2378643,1.7632726,1.3278828,0.013621887192130089,0.08166882395744324,0.008665954694151878,0.09309110790491104
4779,1.7682037353515625,1e-07,1.2378558,1.7632478,1.3278735,0.013620682060718536,0.08166646957397461,0.008664749562740326,0.09308463335037231
4780,1.7681790590286255,1e-07,1.2378474,1.7632232,1.3278642,0.013619509525597095,0.08166439831256866,0.00866357795894146,0.09307834506034851
4781,1.7681543827056885,1e-07,1.2378391,1.7631985,1.3278549,0.013618323020637035,0.08166222274303436,0.0086623914539814,0.09307196736335754
4782,1.7681289911270142,1e-07,1.2378306,1.7631731,1.3278453,0.013617117889225483,0.0816599428653717,0.008661185391247272,0.09306549280881882
4783,1.7681045532226562,1e-07,1.2378224,1.7631487,1.327836,0.01361594907939434,0.08165788650512695,0.008660017512738705,0.09305921196937561
4784,1.7680797576904297,1e-07,1.237814,1.7631239,1.3278267,0.013614769093692303,0.08165577054023743,0.008658837527036667,0.09305287152528763
4785,1.7680546045303345,1e-07,1.2378055,1.7630987,1.3278173,0.013613593764603138,0.0816536545753479,0.008657661266624928,0.09304655343294144
4786,1.7680301666259766,1e-07,1.2377973,1.7630743,1.327808,0.013612420298159122,0.08165150880813599,0.008656487800180912,0.09304025024175644
4787,1.768005609512329,1e-07,1.237789,1.7630497,1.3277988,0.013611230067908764,0.08164934813976288,0.008655297569930553,0.09303385019302368
4788,1.7679802179336548,1e-07,1.2377805,1.7630243,1.3277893,0.01361007895320654,0.08164727687835693,0.008654147386550903,0.09302767366170883
4789,1.7679548263549805,1e-07,1.2377719,1.7629989,1.3277797,0.013608873821794987,0.08164505660533905,0.008652942255139351,0.09302119165658951
4790,1.767930507659912,1e-07,1.2377636,1.7629746,1.3277706,0.013607705943286419,0.08164291083812714,0.008651774376630783,0.0930149182677269
4791,1.7679059505462646,1e-07,1.2377554,1.7629501,1.3277613,0.013606516644358635,0.08164070546627045,0.008650586009025574,0.09300852566957474
4792,1.7678813934326172,1e-07,1.2377471,1.7629255,1.327752,0.013605296611785889,0.08163842558860779,0.008649365976452827,0.09300196915864944
4793,1.7678563594818115,1e-07,1.2377386,1.7629005,1.3277426,0.013604193925857544,0.08163656294345856,0.008648264221847057,0.09299604594707489
4794,1.7678313255310059,1e-07,1.2377301,1.7628754,1.3277332,0.013602962717413902,0.08163419365882874,0.008647033013403416,0.09298942238092422
4795,1.767806053161621,1e-07,1.2377218,1.7628502,1.3277236,0.013601779006421566,0.08163206279277802,0.00864584930241108,0.09298305958509445
4796,1.767782211303711,1e-07,1.2377137,1.7628263,1.3277147,0.013600623235106468,0.08162999153137207,0.008644694462418556,0.09297684580087662
4797,1.767757534980774,1e-07,1.2377053,1.7628016,1.3277054,0.013599446043372154,0.08162780106067657,0.008643517270684242,0.09297052025794983
4798,1.767731785774231,1e-07,1.2376966,1.7627759,1.3276957,0.013598261401057243,0.08162562549114227,0.008642331697046757,0.09296414256095886
4799,1.7677074670791626,1e-07,1.2376884,1.7627516,1.3276865,0.013597068376839161,0.08162340521812439,0.008641139604151249,0.09295772761106491
4800,1.7676823139190674,1e-07,1.2376798,1.7627264,1.3276771,0.013595903292298317,0.08162131905555725,0.008639974519610405,0.0929514616727829
4801,1.767656922340393,1e-07,1.2376714,1.762701,1.3276675,0.01359473541378975,0.08161920309066772,0.008638806641101837,0.09294518083333969
4802,1.767633080482483,1e-07,1.2376634,1.7626772,1.3276585,0.013593556359410286,0.081617072224617,0.008637627586722374,0.09293884038925171
4803,1.7676081657409668,1e-07,1.2376549,1.7626523,1.3276491,0.013592339120805264,0.08161464333534241,0.008636410348117352,0.09293229132890701
4804,1.7675836086273193,1e-07,1.2376467,1.7626277,1.3276399,0.013591179624199867,0.08161261677742004,0.00863525178283453,0.09292605519294739
4805,1.7675586938858032,1e-07,1.2376384,1.7626028,1.3276305,0.013590028509497643,0.08161059021949768,0.00863409973680973,0.09291985630989075
4806,1.7675344944000244,1e-07,1.23763,1.7625786,1.3276215,0.013588855974376202,0.0816083699464798,0.008632928133010864,0.09291355311870575
4807,1.7675089836120605,1e-07,1.2376214,1.7625531,1.3276118,0.013587679713964462,0.08160631358623505,0.008631751872599125,0.09290722012519836
4808,1.7674843072891235,1e-07,1.2376132,1.7625284,1.3276025,0.013586506247520447,0.08160413801670074,0.00863057840615511,0.09290090948343277
4809,1.7674591541290283,1e-07,1.2376047,1.7625033,1.3275931,0.013585319742560387,0.08160188794136047,0.00862939190119505,0.09289451688528061
4810,1.7674345970153809,1e-07,1.2375964,1.7624787,1.3275838,0.01358416024595499,0.08159981667995453,0.008628232404589653,0.09288828074932098
4811,1.767409086227417,1e-07,1.2375878,1.7624532,1.3275741,0.01358298771083355,0.081597700715065,0.008627059869468212,0.09288197010755539
4812,1.7673845291137695,1e-07,1.2375795,1.7624286,1.327565,0.013581810519099236,0.08159556984901428,0.008625882677733898,0.09287562966346741
4813,1.7673598527908325,1e-07,1.2375712,1.762404,1.3275557,0.013580629602074623,0.0815933495759964,0.00862470269203186,0.09286927431821823
4814,1.7673354148864746,1e-07,1.237563,1.7623795,1.3275465,0.013579467311501503,0.08159126341342926,0.00862354040145874,0.09286302328109741
4815,1.7673107385635376,1e-07,1.2375546,1.7623549,1.3275372,0.013578289188444614,0.08158908784389496,0.008622361347079277,0.09285666793584824
4816,1.7672855854034424,1e-07,1.2375461,1.7623297,1.3275276,0.013577097095549107,0.08158673346042633,0.00862116925418377,0.09285025298595428
4817,1.7672607898712158,1e-07,1.2375377,1.7623049,1.3275183,0.01357597578316927,0.08158496022224426,0.008620047941803932,0.09284421056509018
4818,1.7672358751296997,1e-07,1.2375294,1.76228,1.3275089,0.013574795797467232,0.08158260583877563,0.008618868887424469,0.0928378626704216
4819,1.767210602760315,1e-07,1.2375208,1.7622547,1.3274994,0.013573608361184597,0.0815805196762085,0.008617682382464409,0.09283147007226944
4820,1.767185926437378,1e-07,1.2375125,1.76223,1.3274901,0.013572432100772858,0.0815783441066742,0.00861650612205267,0.09282513707876205
4821,1.7671619653701782,1e-07,1.2375044,1.7622061,1.3274812,0.013571248389780521,0.0815761387348175,0.008615323342382908,0.09281876683235168
4822,1.767136573791504,1e-07,1.2374959,1.7621807,1.3274715,0.01357007585465908,0.08157394826412201,0.008614149875938892,0.0928124412894249
4823,1.7671120166778564,1e-07,1.2374874,1.7621561,1.3274623,0.01356891542673111,0.08157181739807129,0.008612990379333496,0.09280619770288467
4824,1.7670872211456299,1e-07,1.2374791,1.7621313,1.3274529,0.013567748479545116,0.08156970143318176,0.008611823432147503,0.09279990941286087
4825,1.7670621871948242,1e-07,1.2374707,1.7621063,1.3274435,0.01356659084558487,0.08156755566596985,0.008610665798187256,0.09279367327690125
4826,1.767037034034729,1e-07,1.2374623,1.7620811,1.3274341,0.013565383851528168,0.08156532049179077,0.008609458804130554,0.09278716892004013
4827,1.767012596130371,1e-07,1.2374539,1.7620567,1.3274249,0.01356425229460001,0.08156323432922363,0.008608327247202396,0.09278107434511185
4828,1.7669875621795654,1e-07,1.2374455,1.7620317,1.3274155,0.013563071377575397,0.08156110346317291,0.008607146330177784,0.09277470409870148
4829,1.766963005065918,1e-07,1.2374372,1.7620071,1.3274062,0.01356191374361515,0.08155904710292816,0.008605988696217537,0.09276846796274185
4830,1.766938328742981,1e-07,1.2374288,1.7619824,1.3273969,0.013560723513364792,0.08155673742294312,0.008604799397289753,0.0927620604634285
4831,1.7669134140014648,1e-07,1.2374204,1.7619575,1.3273875,0.013559567742049694,0.08155462145805359,0.008603643625974655,0.09275582432746887
4832,1.7668887376785278,1e-07,1.2374121,1.7619328,1.3273782,0.013558430597186089,0.08155260980129242,0.00860250648111105,0.0927496999502182
4833,1.7668638229370117,1e-07,1.2374038,1.7619079,1.3273689,0.013557241298258305,0.08155037462711334,0.008601317182183266,0.09274328500032425
4834,1.7668391466140747,1e-07,1.2373954,1.7618833,1.3273596,0.013556052930653095,0.08154810965061188,0.008600128814578056,0.0927368775010109
4835,1.7668147087097168,1e-07,1.2373872,1.7618588,1.3273503,0.013554912991821766,0.08154605329036713,0.008598988875746727,0.09273073077201843
4836,1.7667887210845947,1e-07,1.2373785,1.7618328,1.3273405,0.01355373952537775,0.08154389262199402,0.008597815409302711,0.09272440522909164
4837,1.7667646408081055,1e-07,1.2373704,1.7618088,1.3273314,0.01355255302041769,0.08154167234897614,0.008596628904342651,0.09271800518035889
4838,1.766739845275879,1e-07,1.2373619,1.761784,1.3273221,0.013551410287618637,0.08153960108757019,0.008595486171543598,0.09271184355020523
4839,1.7667148113250732,1e-07,1.2373536,1.7617589,1.3273127,0.013550261966884136,0.08153750002384186,0.008594337850809097,0.09270565211772919
4840,1.7666903734207153,1e-07,1.2373452,1.7617345,1.3273034,0.013549060560762882,0.08153526484966278,0.008593137376010418,0.09269917756319046
4841,1.766664743423462,1e-07,1.2373366,1.7617089,1.3272938,0.013547892682254314,0.0815330445766449,0.00859196949750185,0.09269287437200546
4842,1.7666399478912354,1e-07,1.2373282,1.7616841,1.3272845,0.013546759262681007,0.08153103291988373,0.008590837009251118,0.09268676489591599
4843,1.766615867614746,1e-07,1.2373201,1.76166,1.3272754,0.013545561581850052,0.0815286934375763,0.008589639328420162,0.09268030524253845
4844,1.7665910720825195,1e-07,1.2373117,1.7616352,1.3272661,0.013544405810534954,0.08152665197849274,0.008588483557105064,0.09267406910657883
4845,1.7665653228759766,1e-07,1.2373031,1.7616094,1.3272563,0.01354326494038105,0.08152458071708679,0.008587343618273735,0.09266792237758636
4846,1.7665414810180664,1e-07,1.237295,1.7615856,1.3272474,0.013542081229388714,0.08152224123477936,0.008586158975958824,0.0926615297794342
4847,1.7665159702301025,1e-07,1.2372864,1.7615601,1.3272377,0.013540913350880146,0.0815201848745346,0.008584991097450256,0.0926552265882492
4848,1.7664910554885864,1e-07,1.237278,1.7615352,1.3272284,0.013539744541049004,0.08151803910732269,0.008583822287619114,0.09264891594648361
4849,1.766466736793518,1e-07,1.2372698,1.7615108,1.3272192,0.013538602739572525,0.08151592314243317,0.00858268141746521,0.09264276176691055
4850,1.7664415836334229,1e-07,1.2372613,1.7614857,1.3272097,0.013537444174289703,0.08151377737522125,0.008581522852182388,0.09263651072978973
4851,1.7664161920547485,1e-07,1.2372527,1.7614603,1.3272002,0.01353626698255539,0.08151158690452576,0.008580345660448074,0.09263015538454056
4852,1.766391396522522,1e-07,1.2372444,1.7614355,1.3271909,0.013535098172724247,0.08150944113731384,0.008579176850616932,0.09262384474277496
4853,1.7663670778274536,1e-07,1.2372361,1.7614112,1.3271817,0.013533959165215492,0.08150734007358551,0.008578037843108177,0.0926176980137825
4854,1.7663418054580688,1e-07,1.2372276,1.7613859,1.3271722,0.013532751239836216,0.08150491118431091,0.008576829917728901,0.09261117875576019
4855,1.7663179636001587,1e-07,1.2372197,1.7613621,1.3271632,0.01353159174323082,0.08150285482406616,0.008575670421123505,0.09260491281747818
4856,1.766292691230774,1e-07,1.2372111,1.7613368,1.3271537,0.013530470430850983,0.08150093257427216,0.008574549108743668,0.09259886294603348
4857,1.766268014907837,1e-07,1.2372028,1.7613121,1.3271444,0.013529283925890923,0.08149851858615875,0.008573362603783607,0.09259245544672012
4858,1.766243577003479,1e-07,1.2371944,1.7612877,1.3271351,0.013528125360608101,0.08149649202823639,0.00857220496982336,0.0925862044095993
4859,1.766218900680542,1e-07,1.2371861,1.761263,1.3271258,0.0135269770398736,0.08149433135986328,0.00857105664908886,0.09257999807596207
4860,1.7661936283111572,1e-07,1.2371775,1.7612377,1.3271164,0.013525821268558502,0.08149218559265137,0.008569899946451187,0.09257375448942184
4861,1.7661683559417725,1e-07,1.2371691,1.7612125,1.3271068,0.01352466456592083,0.08149005472660065,0.008568743243813515,0.09256750345230103
4862,1.766143798828125,1e-07,1.2371608,1.7611879,1.3270975,0.013523515313863754,0.08148795366287231,0.008567595854401588,0.09256131201982498
4863,1.7661190032958984,1e-07,1.2371525,1.7611631,1.3270882,0.013522345572710037,0.0814858078956604,0.008566426113247871,0.0925549864768982
4864,1.766094446182251,1e-07,1.2371441,1.7611386,1.3270789,0.013521187007427216,0.08148366212844849,0.00856526754796505,0.09254872798919678
4865,1.7660691738128662,1e-07,1.2371358,1.7611133,1.3270694,0.013520016334950924,0.08148142695426941,0.008564096875488758,0.09254240244626999
4866,1.7660448551177979,1e-07,1.2371274,1.761089,1.3270602,0.013518878258764744,0.08147931098937988,0.008562958799302578,0.09253625571727753
4867,1.7660198211669922,1e-07,1.2371188,1.7610639,1.3270508,0.01351772341877222,0.08147720992565155,0.00856180489063263,0.0925300195813179
4868,1.7659952640533447,1e-07,1.2371106,1.7610394,1.3270416,0.01351652666926384,0.08147488534450531,0.008560607209801674,0.09252355247735977
4869,1.7659707069396973,1e-07,1.2371024,1.7610148,1.3270323,0.013515417464077473,0.0814729779958725,0.008559498935937881,0.09251756221055984
4870,1.765945553779602,1e-07,1.2370939,1.7609897,1.3270229,0.013514231890439987,0.08147065341472626,0.008558313362300396,0.09251115471124649
4871,1.765920877456665,1e-07,1.2370856,1.760965,1.3270136,0.01351310033351183,0.0814686119556427,0.008557181805372238,0.09250503778457642
4872,1.7658958435058594,1e-07,1.2370771,1.76094,1.3270041,0.013511932455003262,0.0814664214849472,0.00855601392686367,0.09249872714281082
4873,1.7658708095550537,1e-07,1.2370687,1.7609149,1.3269947,0.01351077202707529,0.0814642459154129,0.0085548534989357,0.09249245375394821
4874,1.7658462524414062,1e-07,1.2370604,1.7608904,1.3269855,0.013509604148566723,0.08146205544471741,0.008553685620427132,0.09248613566160202
4875,1.7658209800720215,1e-07,1.2370518,1.7608651,1.326976,0.013508482836186886,0.08145999908447266,0.008552564308047295,0.09248007833957672
4876,1.7657968997955322,1e-07,1.2370437,1.760841,1.3269669,0.013507304713129997,0.08145785331726074,0.00855138711631298,0.09247370809316635
4877,1.765771508216858,1e-07,1.2370353,1.7608156,1.3269572,0.013506130315363407,0.08145558834075928,0.00855021271854639,0.09246736019849777
4878,1.765746831893921,1e-07,1.2370268,1.760791,1.3269479,0.01350502111017704,0.08145363628864288,0.008549103513360023,0.09246136248111725
4879,1.7657222747802734,1e-07,1.2370186,1.7607664,1.3269387,0.013503835536539555,0.08145134150981903,0.008547917939722538,0.0924549475312233
4880,1.7656972408294678,1e-07,1.2370101,1.7607414,1.3269293,0.013502657413482666,0.08144904673099518,0.00854673981666565,0.09244857728481293
4881,1.7656723260879517,1e-07,1.2370018,1.7607164,1.3269199,0.013501513749361038,0.08144690096378326,0.008545596152544022,0.09244239330291748
4882,1.7656481266021729,1e-07,1.2369936,1.7606922,1.3269107,0.013500367291271687,0.08144485950469971,0.008544450625777245,0.09243619441986084
4883,1.7656232118606567,1e-07,1.2369851,1.7606673,1.3269014,0.013499203138053417,0.08144260942935944,0.008543286472558975,0.09242989867925644
4884,1.765597939491272,1e-07,1.2369765,1.760642,1.3268919,0.013498058542609215,0.08144046366214752,0.008542140945792198,0.0924236997961998
4885,1.7655737400054932,1e-07,1.2369684,1.7606179,1.3268827,0.013496928848326206,0.08143851161003113,0.008541012182831764,0.09241759777069092
4886,1.7655479907989502,1e-07,1.2369598,1.7605921,1.3268731,0.013495785184204578,0.08143635094165802,0.008539868518710136,0.09241140633821487
4887,1.7655235528945923,1e-07,1.2369515,1.7605677,1.3268639,0.013494612649083138,0.08143411576747894,0.00853869691491127,0.09240507334470749
4888,1.7654987573623657,1e-07,1.2369431,1.7605429,1.3268545,0.013493485748767853,0.08143211901187897,0.008537570014595985,0.09239897131919861
4889,1.7654743194580078,1e-07,1.2369349,1.7605184,1.3268453,0.013492302969098091,0.08142974972724915,0.008536388166248798,0.09239257872104645
4890,1.7654492855072021,1e-07,1.2369264,1.7604934,1.3268359,0.013491171412169933,0.08142760396003723,0.008535255677998066,0.09238644689321518
4891,1.765424370765686,1e-07,1.236918,1.7604685,1.3268265,0.013489998877048492,0.08142547309398651,0.0085340840741992,0.0923801064491272
4892,1.7653999328613281,1e-07,1.2369097,1.760444,1.3268173,0.01348885241895914,0.08142334222793579,0.008532937616109848,0.09237390011548996
4893,1.7653744220733643,1e-07,1.2369012,1.7604185,1.3268076,0.013487689197063446,0.08142103254795074,0.008531774394214153,0.09236760437488556
4894,1.7653493881225586,1e-07,1.2368927,1.7603935,1.3267982,0.013486551120877266,0.081418976187706,0.008530635386705399,0.0923614352941513
4895,1.7653255462646484,1e-07,1.2368846,1.7603697,1.3267893,0.013485423289239407,0.08141694962978363,0.00852950755506754,0.09235533326864243
4896,1.7653000354766846,1e-07,1.236876,1.7603441,1.3267796,0.01348423957824707,0.08141462504863739,0.008528324775397778,0.09234892576932907
4897,1.765275239944458,1e-07,1.2368677,1.7603194,1.3267703,0.013483116403222084,0.08141261339187622,0.008527201600372791,0.09234284609556198
4898,1.7652506828308105,1e-07,1.2368593,1.7602948,1.326761,0.013481957837939262,0.08141040802001953,0.00852604303508997,0.09233657270669937
4899,1.7652256488800049,1e-07,1.236851,1.7602698,1.3267516,0.013480833731591702,0.08140832185745239,0.008524918928742409,0.09233048558235168
4900,1.7652007341384888,1e-07,1.2368425,1.7602448,1.3267422,0.013479633256793022,0.08140596747398376,0.008523719385266304,0.09232398867607117
4901,1.7651764154434204,1e-07,1.2368343,1.7602205,1.326733,0.013478517532348633,0.08140392601490021,0.008522603660821915,0.09231794625520706
4902,1.7651516199111938,1e-07,1.2368258,1.7601957,1.3267237,0.013477347791194916,0.08140173554420471,0.008521433919668198,0.09231161326169968
4903,1.7651268243789673,1e-07,1.2368175,1.7601709,1.3267144,0.01347619853913784,0.08139955997467041,0.008520284667611122,0.09230538457632065
4904,1.7651023864746094,1e-07,1.2368093,1.7601465,1.3267051,0.013475075364112854,0.08139748871326447,0.008519161492586136,0.09229930490255356
4905,1.7650766372680664,1e-07,1.2368007,1.7601207,1.3266954,0.013473929837346077,0.08139535784721375,0.008518015965819359,0.09229309856891632
4906,1.765052080154419,1e-07,1.2367924,1.7600962,1.3266861,0.013472793623805046,0.08139325678348541,0.008516879752278328,0.09228694438934326
4907,1.7650272846221924,1e-07,1.2367839,1.7600714,1.3266768,0.013471617363393307,0.08139096200466156,0.008515704423189163,0.09228057414293289
4908,1.7650022506713867,1e-07,1.2367755,1.7600464,1.3266674,0.013470474630594254,0.08138878643512726,0.008514560759067535,0.09227437525987625
4909,1.7649774551391602,1e-07,1.2367672,1.7600216,1.326658,0.013469347730278969,0.0813867449760437,0.008513434790074825,0.09226827323436737
4910,1.7649526596069336,1e-07,1.2367587,1.7599968,1.3266487,0.013468220829963684,0.08138464391231537,0.008512308821082115,0.09226217120885849
4911,1.7649279832839966,1e-07,1.2367505,1.7599721,1.3266394,0.013467054814100266,0.08138246834278107,0.008511142805218697,0.0922558531165123
4912,1.7649030685424805,1e-07,1.2367421,1.7599472,1.32663,0.01346591766923666,0.08138033747673035,0.008510005660355091,0.09224969148635864
4913,1.764878749847412,1e-07,1.2367338,1.7599229,1.3266208,0.013464790768921375,0.08137829601764679,0.008508878760039806,0.09224358201026917
4914,1.7648534774780273,1e-07,1.2367253,1.7598976,1.3266113,0.013463586568832397,0.081375852227211,0.008507674559950829,0.09223705530166626
4915,1.764829158782959,1e-07,1.236717,1.7598733,1.3266021,0.01346246525645256,0.08137370645999908,0.008506553247570992,0.09223097562789917
4916,1.7648041248321533,1e-07,1.2367086,1.7598482,1.3265927,0.013461347669363022,0.08137178421020508,0.008505436591804028,0.09222492575645447
4917,1.7647790908813477,1e-07,1.2367002,1.7598232,1.3265833,0.013460197485983372,0.08136957883834839,0.008504286408424377,0.09221868962049484
4918,1.7647544145584106,1e-07,1.2366918,1.7597985,1.326574,0.01345906127244234,0.08136740326881409,0.008503150194883347,0.09221252799034119
4919,1.7647297382354736,1e-07,1.2366835,1.7597739,1.3265647,0.013457885012030602,0.0813651829957962,0.008501973934471607,0.09220615029335022
4920,1.7647043466567993,1e-07,1.2366749,1.7597485,1.3265551,0.013456749729812145,0.0813630223274231,0.008500838652253151,0.09219999611377716
4921,1.764680027961731,1e-07,1.2366667,1.7597241,1.326546,0.013455615378916264,0.08136089146137238,0.00849970430135727,0.0921938419342041
4922,1.764655351638794,1e-07,1.2366585,1.7596995,1.3265367,0.013454463332891464,0.08135873079299927,0.00849855225533247,0.09218759089708328
4923,1.7646303176879883,1e-07,1.2366499,1.7596744,1.3265272,0.013453329913318157,0.08135658502578735,0.008497418835759163,0.09218144416809082
4924,1.76460599899292,1e-07,1.2366418,1.7596501,1.326518,0.013452216051518917,0.08135451376438141,0.008496304973959923,0.09217540174722672
4925,1.7645812034606934,1e-07,1.2366334,1.7596253,1.3265086,0.01345107052475214,0.08135241270065308,0.008495159447193146,0.09216918796300888
4926,1.7645561695098877,1e-07,1.2366248,1.7596003,1.3264992,0.013449928723275661,0.08135014772415161,0.008494017645716667,0.09216299653053284
4927,1.7645312547683716,1e-07,1.2366165,1.7595754,1.3264899,0.013448777608573437,0.08134801685810089,0.008492867462337017,0.09215675294399261
4928,1.7645059823989868,1e-07,1.2366079,1.7595501,1.3264804,0.013447634875774384,0.08134588599205017,0.008491724729537964,0.09215055406093597
4929,1.764481544494629,1e-07,1.2365997,1.7595257,1.3264711,0.013446495868265629,0.08134371042251587,0.00849058572202921,0.09214437752962112
4930,1.7644563913345337,1e-07,1.2365912,1.7595005,1.3264617,0.013445324264466763,0.0813414603471756,0.008489414118230343,0.09213801473379135
4931,1.7644325494766235,1e-07,1.2365832,1.7594767,1.3264526,0.01344421599060297,0.08133940398693085,0.008488306775689125,0.09213200956583023
4932,1.7644073963165283,1e-07,1.2365746,1.7594515,1.3264432,0.013443074189126492,0.08133724331855774,0.008487164974212646,0.09212581068277359
4933,1.7643826007843018,1e-07,1.2365662,1.7594267,1.3264338,0.013441920280456543,0.08133494853973389,0.008486011996865273,0.09211955219507217
4934,1.7643587589263916,1e-07,1.2365581,1.7594029,1.3264248,0.013440807349979877,0.08133295178413391,0.008484899066388607,0.09211350977420807
4935,1.7643320560455322,1e-07,1.2365493,1.7593762,1.3264148,0.013439664617180824,0.081330806016922,0.008483756333589554,0.09210731089115143
4936,1.7643080949783325,1e-07,1.2365412,1.7593522,1.3264058,0.013438521884381771,0.0813286304473877,0.0084826136007905,0.09210110455751419
4937,1.7642834186553955,1e-07,1.2365328,1.7593275,1.3263965,0.013437381014227867,0.08132646977901459,0.008481472730636597,0.09209491312503815
4938,1.7642585039138794,1e-07,1.2365242,1.7593026,1.326387,0.01343626156449318,0.08132429420948029,0.008480353280901909,0.09208883345127106
4939,1.7642340660095215,1e-07,1.236516,1.7592782,1.3263779,0.013435104861855507,0.08132213354110718,0.008479196578264236,0.09208255261182785
4940,1.7642087936401367,1e-07,1.2365075,1.7592529,1.3263683,0.013433973304927349,0.08132004737854004,0.008478065021336079,0.09207640588283539
4941,1.7641839981079102,1e-07,1.2364992,1.7592281,1.3263589,0.013432842679321766,0.08131790161132812,0.008476934395730495,0.09207026660442352
4942,1.7641592025756836,1e-07,1.2364908,1.7592033,1.3263496,0.013431685976684093,0.08131563663482666,0.008475777693092823,0.09206398576498032
4943,1.7641339302062988,1e-07,1.2364823,1.759178,1.3263401,0.013430558145046234,0.08131350576877594,0.008474649861454964,0.09205786138772964
4944,1.7641092538833618,1e-07,1.2364739,1.7591534,1.3263308,0.013429416343569756,0.08131127059459686,0.00847350899130106,0.092051662504673
4945,1.7640844583511353,1e-07,1.2364656,1.7591286,1.3263215,0.013428282923996449,0.08130910992622375,0.008472375571727753,0.09204550832509995
4946,1.7640597820281982,1e-07,1.2364572,1.7591039,1.3263122,0.01342716533690691,0.08130708336830139,0.008471258915960789,0.09203944355249405
4947,1.7640352249145508,1e-07,1.236449,1.7590793,1.3263029,0.013426041230559349,0.08130499720573425,0.008470134809613228,0.09203333407640457
4948,1.7640105485916138,1e-07,1.2364405,1.7590547,1.3262936,0.013424888253211975,0.08130279183387756,0.00846898090094328,0.09202706813812256
4949,1.7639856338500977,1e-07,1.2364322,1.7590297,1.3262842,0.013423793949186802,0.08130080997943878,0.008467886596918106,0.09202112257480621
4950,1.7639604806900024,1e-07,1.2364239,1.7590046,1.3262748,0.013422602787613869,0.08129830658435822,0.008466695435345173,0.09201464802026749
4951,1.763936161994934,1e-07,1.2364155,1.7589803,1.3262656,0.013421489857137203,0.08129625022411346,0.008465582504868507,0.09200859814882278
4952,1.763911485671997,1e-07,1.2364072,1.7589556,1.3262563,0.013420356437563896,0.08129414916038513,0.008464450016617775,0.09200244396924973
4953,1.763885736465454,1e-07,1.2363986,1.7589298,1.3262465,0.013419214636087418,0.08129197359085083,0.008463308215141296,0.09199623763561249
4954,1.7638609409332275,1e-07,1.2363901,1.758905,1.3262372,0.013418076559901237,0.08128981292247772,0.008462170138955116,0.09199005365371704
4955,1.7638365030288696,1e-07,1.2363819,1.7588806,1.326228,0.01341696735471487,0.08128775656223297,0.008461061865091324,0.09198403358459473
4956,1.7638121843338013,1e-07,1.2363737,1.7588563,1.3262188,0.013415812514722347,0.08128547668457031,0.0084599070250988,0.09197775274515152
4957,1.7637872695922852,1e-07,1.2363652,1.7588314,1.3262094,0.01341467909514904,0.08128334581851959,0.008458774536848068,0.09197159856557846
4958,1.76376211643219,1e-07,1.2363567,1.7588062,1.3261999,0.013413562439382076,0.08128124475479126,0.00845765694975853,0.09196551889181137
4959,1.7637381553649902,1e-07,1.2363486,1.7587823,1.3261908,0.0134124169126153,0.08127906918525696,0.008456512354314327,0.09195929765701294
4960,1.7637124061584473,1e-07,1.2363399,1.7587565,1.3261812,0.0134112648665905,0.08127672970294952,0.008455360308289528,0.09195303171873093
4961,1.763688325881958,1e-07,1.2363318,1.7587324,1.3261721,0.013410170562565327,0.08127479255199432,0.00845426507294178,0.09194707870483398
4962,1.7636624574661255,1e-07,1.236323,1.7587066,1.3261623,0.01340901106595993,0.08127252757549286,0.008453106507658958,0.09194077551364899
4963,1.7636381387710571,1e-07,1.2363149,1.7586823,1.3261532,0.01340789720416069,0.08127038180828094,0.008451992645859718,0.09193471819162369
4964,1.7636141777038574,1e-07,1.2363067,1.7586583,1.3261441,0.013406810350716114,0.08126837015151978,0.008450906723737717,0.09192880988121033
4965,1.7635889053344727,1e-07,1.2362982,1.758633,1.3261346,0.013405650854110718,0.08126614987850189,0.00844974722713232,0.09192250669002533
4966,1.7635642290115356,1e-07,1.2362899,1.7586083,1.3261253,0.013404489494860172,0.08126382529735565,0.008448585867881775,0.09191618859767914
4967,1.7635397911071777,1e-07,1.2362816,1.7585839,1.3261161,0.01340338122099638,0.08126173913478851,0.008447477594017982,0.09191016107797623
4968,1.7635138034820557,1e-07,1.2362728,1.7585579,1.3261063,0.013402254320681095,0.08125962316989899,0.008446350693702698,0.09190402925014496
4969,1.7634893655776978,1e-07,1.2362646,1.7585335,1.3260971,0.013401133008301258,0.08125753700733185,0.00844522938132286,0.09189792722463608
4970,1.7634649276733398,1e-07,1.2362564,1.758509,1.3260878,0.013400017283856869,0.08125545084476471,0.008444113656878471,0.09189185500144958
4971,1.7634401321411133,1e-07,1.2362479,1.7584842,1.3260785,0.013398884795606136,0.08125321567058563,0.008442981168627739,0.09188569337129593
4972,1.763415813446045,1e-07,1.2362398,1.7584599,1.3260694,0.013397755101323128,0.08125108480453491,0.00844185147434473,0.09187954664230347
4973,1.7633910179138184,1e-07,1.2362314,1.7584351,1.32606,0.013396628201007843,0.08124895393848419,0.008440724574029446,0.0918734148144722
4974,1.7633659839630127,1e-07,1.2362229,1.7584101,1.3260505,0.013395504094660282,0.08124670386314392,0.00843960139900446,0.09186730533838272
4975,1.763340950012207,1e-07,1.2362143,1.7583851,1.3260411,0.013394362293183804,0.08124464750289917,0.00843845959752798,0.09186109155416489
4976,1.763315200805664,1e-07,1.2362058,1.7583593,1.3260314,0.01339324377477169,0.08124248683452606,0.008437341079115868,0.0918549969792366
4977,1.7632901668548584,1e-07,1.2361974,1.7583343,1.326022,0.013392111286520958,0.0812402069568634,0.008436208590865135,0.09184883534908295
4978,1.7632665634155273,1e-07,1.2361894,1.7583107,1.3260131,0.013390976935625076,0.0812380313873291,0.008435074239969254,0.0918426588177681
4979,1.7632414102554321,1e-07,1.2361809,1.7582855,1.3260036,0.013389836065471172,0.0812358409166336,0.008433934301137924,0.09183645248413086
4980,1.7632169723510742,1e-07,1.2361726,1.7582611,1.3259944,0.013388730585575104,0.08123373985290527,0.008432827889919281,0.09183043241500854
4981,1.7631916999816895,1e-07,1.2361641,1.7582358,1.3259848,0.013387611135840416,0.08123169839382172,0.008431709371507168,0.09182433784008026
4982,1.7631670236587524,1e-07,1.2361559,1.7582111,1.3259755,0.013386484235525131,0.08122953772544861,0.008430582471191883,0.09181820601224899
4983,1.7631425857543945,1e-07,1.2361475,1.7581867,1.3259664,0.013385334983468056,0.08122724294662476,0.008429434150457382,0.09181194752454758
4984,1.7631179094314575,1e-07,1.2361392,1.758162,1.3259571,0.01338423416018486,0.08122518658638,0.008428333327174187,0.09180595725774765
4985,1.7630921602249146,1e-07,1.2361305,1.7581363,1.3259473,0.013383124023675919,0.08122310042381287,0.008427223190665245,0.09179990738630295
4986,1.7630674839019775,1e-07,1.236122,1.7581116,1.325938,0.013382000848650932,0.08122089505195618,0.008426100015640259,0.09179379045963287
4987,1.763042688369751,1e-07,1.2361138,1.7580868,1.3259287,0.013380900956690311,0.08121886849403381,0.008425000123679638,0.09178780019283295
4988,1.7630186080932617,1e-07,1.2361056,1.7580627,1.3259196,0.013379743322730064,0.08121649920940399,0.008423842489719391,0.09178148955106735
4989,1.7629934549331665,1e-07,1.2360972,1.7580376,1.3259101,0.013378623872995377,0.08121435344219208,0.008422723039984703,0.09177539497613907
4990,1.7629683017730713,1e-07,1.2360886,1.7580124,1.3259006,0.013377510011196136,0.08121231198310852,0.008421609178185463,0.09176932275295258
4991,1.7629438638687134,1e-07,1.2360803,1.757988,1.3258914,0.013376358896493912,0.08120997250080109,0.008420458063483238,0.09176305681467056
4992,1.7629187107086182,1e-07,1.236072,1.7579628,1.325882,0.013375261798501015,0.08120794594287872,0.008419360965490341,0.09175707399845123
4993,1.762894630432129,1e-07,1.2360636,1.7579387,1.3258728,0.01337414514273405,0.08120585978031158,0.008418245241045952,0.09175099432468414
4994,1.762868881225586,1e-07,1.236055,1.757913,1.3258631,0.013372988440096378,0.08120356500148773,0.00841708853840828,0.09174469113349915
4995,1.7628443241119385,1e-07,1.2360467,1.7578884,1.3258538,0.013371892273426056,0.08120149374008179,0.008415992371737957,0.09173871576786041
4996,1.7628202438354492,1e-07,1.2360386,1.7578644,1.3258448,0.013370801694691181,0.08119943737983704,0.008414901793003082,0.09173277020454407
4997,1.7627947330474854,1e-07,1.23603,1.7578388,1.3258351,0.013369650579988956,0.08119717240333557,0.008413750678300858,0.09172649681568146
4998,1.762770652770996,1e-07,1.2360219,1.7578148,1.325826,0.013368530198931694,0.08119498193264008,0.008412630297243595,0.09172039479017258
4999,1.7627450227737427,1e-07,1.236013,1.7577891,1.3258164,0.013367429375648499,0.08119301497936249,0.008411530405282974,0.09171439707279205
5000,1.7627205848693848,1e-07,1.2360048,1.7577647,1.3258072,0.01336631365120411,0.08119075000286102,0.008410414680838585,0.09170830994844437
5001,1.7626959085464478,1e-07,1.2359966,1.75774,1.3257979,0.013365177437663078,0.08118860423564911,0.008409279398620129,0.09170212596654892
5002,1.7626711130142212,1e-07,1.2359883,1.7577152,1.3257885,0.013364073820412159,0.08118648827075958,0.00840817578136921,0.0916961058974266
5003,1.7626463174819946,1e-07,1.2359798,1.7576904,1.3257792,0.013362926431000233,0.08118419349193573,0.008407028391957283,0.09168984740972519
5004,1.762621521949768,1e-07,1.2359715,1.7576656,1.3257698,0.013361816294491291,0.08118212223052979,0.008405918255448341,0.09168379753828049
5005,1.7625962495803833,1e-07,1.235963,1.7576404,1.3257602,0.0133607042953372,0.08117994666099548,0.008404807187616825,0.09167773276567459
5006,1.762571930885315,1e-07,1.2359548,1.757616,1.3257511,0.013359597884118557,0.08117790520191193,0.008403699845075607,0.09167169779539108
5007,1.7625467777252197,1e-07,1.2359463,1.7575909,1.3257416,0.013358484953641891,0.08117564022541046,0.008402587845921516,0.09166563302278519
5008,1.7625219821929932,1e-07,1.2359377,1.7575661,1.3257322,0.013357330113649368,0.08117341995239258,0.008401433005928993,0.09165932983160019
5009,1.7624975442886353,1e-07,1.2359295,1.7575417,1.325723,0.01335624698549509,0.08117139339447021,0.008400349877774715,0.09165342152118683
5010,1.7624733448028564,1e-07,1.2359214,1.7575175,1.325714,0.013355139642953873,0.0811692476272583,0.008399242535233498,0.09164737910032272
5011,1.7624480724334717,1e-07,1.2359129,1.7574922,1.3257045,0.013354020193219185,0.08116713166236877,0.00839812308549881,0.09164127707481384
5012,1.7624232769012451,1e-07,1.2359045,1.7574674,1.325695,0.013352887704968452,0.0811648815870285,0.008396990597248077,0.0916350930929184
5013,1.7623987197875977,1e-07,1.2358962,1.7574428,1.3256857,0.013351785019040108,0.08116273581981659,0.008395887911319733,0.09162908047437668
5014,1.7623735666275024,1e-07,1.2358876,1.7574177,1.3256763,0.013350648805499077,0.0811605304479599,0.008394751697778702,0.09162287414073944
5015,1.7623493671417236,1e-07,1.2358794,1.7573935,1.3256671,0.013349573127925396,0.08115854859352112,0.008393676951527596,0.09161701053380966
5016,1.762324333190918,1e-07,1.235871,1.7573684,1.3256577,0.013348441570997238,0.08115629851818085,0.008392544463276863,0.09161083400249481
5017,1.762298583984375,1e-07,1.2358624,1.7573427,1.3256481,0.01334733609110117,0.0811542421579361,0.008391438983380795,0.0916047990322113
5018,1.7622743844985962,1e-07,1.2358543,1.7573185,1.3256389,0.01334622036665678,0.0811520367860794,0.00839032419025898,0.09159871190786362
5019,1.7622499465942383,1e-07,1.2358459,1.757294,1.3256297,0.013345091603696346,0.08114978671073914,0.008389195427298546,0.09159255027770996
5020,1.762224793434143,1e-07,1.2358375,1.7572689,1.3256202,0.013343957252800465,0.08114756643772125,0.008388062007725239,0.09158636629581451
5021,1.7621999979019165,1e-07,1.235829,1.7572441,1.3256109,0.013342874124646187,0.08114558458328247,0.008386977948248386,0.09158044308423996
5022,1.76217520236969,1e-07,1.2358207,1.7572193,1.3256015,0.013341753743588924,0.08114330470561981,0.008385857567191124,0.09157432615756989
5023,1.762150526046753,1e-07,1.2358123,1.7571946,1.3255922,0.013340639881789684,0.0811411589384079,0.008384743705391884,0.0915682464838028
5024,1.7621243000030518,1e-07,1.2358035,1.7571684,1.3255823,0.013339541852474213,0.08113913238048553,0.008383646607398987,0.09156225621700287
5025,1.7621008157730103,1e-07,1.2357956,1.7571449,1.3255734,0.013338396325707436,0.0811367928981781,0.008382502011954784,0.09155600517988205
5026,1.7620759010314941,1e-07,1.235787,1.75712,1.325564,0.013337316922843456,0.08113475143909454,0.008381422609090805,0.09155011177062988
5027,1.7620513439178467,1e-07,1.2357788,1.7570955,1.3255547,0.013336197473108768,0.08113265037536621,0.008380303159356117,0.09154399484395981
5028,1.7620264291763306,1e-07,1.2357703,1.7570705,1.3255454,0.013335086405277252,0.08113047480583191,0.008379192091524601,0.09153793007135391
5029,1.7620022296905518,1e-07,1.2357621,1.7570463,1.3255363,0.013333979062736034,0.08112826943397522,0.008378084748983383,0.09153188019990921
5030,1.7619768381118774,1e-07,1.2357537,1.757021,1.3255267,0.013332872651517391,0.08112624287605286,0.00837697833776474,0.0915258377790451
5031,1.7619520425796509,1e-07,1.2357453,1.7569962,1.3255173,0.013331787660717964,0.08112409710884094,0.008375893346965313,0.09151990711688995
5032,1.761927604675293,1e-07,1.235737,1.7569717,1.3255081,0.013330649584531784,0.08112189173698425,0.008374755270779133,0.09151368588209152
5033,1.7619024515151978,1e-07,1.2357285,1.7569466,1.3254986,0.01332954689860344,0.08111970126628876,0.008373653516173363,0.09150766581296921
5034,1.7618780136108398,1e-07,1.2357202,1.7569221,1.3254894,0.013328406028449535,0.08111743628978729,0.008372512646019459,0.09150143712759018
5035,1.7618517875671387,1e-07,1.2357113,1.7568959,1.3254795,0.01332734152674675,0.08111551403999329,0.008371448144316673,0.09149561822414398
5036,1.761828064918518,1e-07,1.2357033,1.7568722,1.3254706,0.013326212763786316,0.08111326396465302,0.00837031938135624,0.09148944914340973
5037,1.7618029117584229,1e-07,1.2356949,1.756847,1.325461,0.013325116597115993,0.08111110329627991,0.008369223214685917,0.0914834588766098
5038,1.7617779970169067,1e-07,1.2356864,1.7568221,1.3254516,0.013323981314897537,0.08110889792442322,0.00836808793246746,0.09147725254297256
5039,1.7617533206939697,1e-07,1.2356781,1.7567974,1.3254423,0.013322894461452961,0.08110679686069489,0.008367001079022884,0.09147131443023682
5040,1.7617292404174805,1e-07,1.23567,1.7567734,1.3254333,0.01332179270684719,0.08110463619232178,0.008365899324417114,0.0914652869105339
5041,1.7617045640945435,1e-07,1.2356616,1.7567487,1.325424,0.013320665806531906,0.08110234141349792,0.00836477242410183,0.09145913273096085
5042,1.76167893409729,1e-07,1.2356529,1.756723,1.3254143,0.01331957709044218,0.08110031485557556,0.008363683708012104,0.0914531797170639
5043,1.7616536617279053,1e-07,1.2356445,1.7566978,1.3254048,0.013318461365997791,0.08109815418720245,0.00836256891489029,0.09144708514213562
5044,1.761629343032837,1e-07,1.2356362,1.7566735,1.3253956,0.013317334465682507,0.0810958594083786,0.008361442014575005,0.09144092351198196
5045,1.7616050243377686,1e-07,1.235628,1.7566491,1.3253864,0.013316228054463863,0.08109372854232788,0.008360335603356361,0.09143487364053726
5046,1.7615797519683838,1e-07,1.2356195,1.7566239,1.3253769,0.013315137475728989,0.08109162747859955,0.008359245024621487,0.09142890572547913
5047,1.7615549564361572,1e-07,1.2356111,1.7565991,1.3253676,0.01331405807286501,0.08108961582183838,0.008358167484402657,0.09142301231622696
5048,1.7615300416946411,1e-07,1.2356027,1.7565742,1.3253582,0.0133129321038723,0.08108736574649811,0.008357040584087372,0.0914168506860733
5049,1.761505126953125,1e-07,1.2355942,1.7565492,1.3253487,0.013311822898685932,0.08108529448509216,0.00835593231022358,0.09141078591346741
5050,1.7614810466766357,1e-07,1.235586,1.7565252,1.3253397,0.013310735113918781,0.08108316361904144,0.008354843594133854,0.09140483289957047
5051,1.761455774307251,1e-07,1.2355775,1.7564999,1.3253301,0.013309626840054989,0.0810808539390564,0.008353735320270061,0.09139876812696457
5052,1.7614314556121826,1e-07,1.2355694,1.7564756,1.325321,0.013308483175933361,0.08107858896255493,0.008352591656148434,0.09139251708984375
5053,1.7614065408706665,1e-07,1.2355609,1.7564507,1.3253115,0.013307401910424232,0.08107654750347137,0.00835151132196188,0.09138660132884979
5054,1.7613821029663086,1e-07,1.2355527,1.7564262,1.3253024,0.013306298293173313,0.08107432723045349,0.00835040770471096,0.09138056635856628
5055,1.761357069015503,1e-07,1.2355442,1.7564012,1.3252928,0.013305203057825565,0.08107227087020874,0.008349312469363213,0.09137456864118576
5056,1.7613320350646973,1e-07,1.2355357,1.7563761,1.3252834,0.013304122723639011,0.08107025921344757,0.008348232135176659,0.0913686603307724
5057,1.7613074779510498,1e-07,1.2355274,1.7563516,1.3252741,0.013303001411259174,0.08106797933578491,0.008347110822796822,0.09136252105236053
5058,1.7612831592559814,1e-07,1.2355193,1.7563273,1.3252649,0.013301906175911427,0.081065833568573,0.008346015587449074,0.09135653078556061
5059,1.7612577676773071,1e-07,1.2355107,1.7563019,1.3252554,0.013300827704370022,0.08106382191181183,0.008344937115907669,0.09135062992572784
5060,1.7612323760986328,1e-07,1.2355021,1.7562765,1.3252459,0.01329969521611929,0.08106154203414917,0.008343804627656937,0.0913444310426712
5061,1.7612082958221436,1e-07,1.2354939,1.7562524,1.3252367,0.013298586942255497,0.08105933666229248,0.008342696353793144,0.09133835881948471
5062,1.7611825466156006,1e-07,1.2354852,1.7562267,1.325227,0.013297485187649727,0.08105716109275818,0.008341595530509949,0.0913323387503624
5063,1.7611576318740845,1e-07,1.2354769,1.7562017,1.3252176,0.013296348974108696,0.08105473220348358,0.008340459316968918,0.09132611751556396
5064,1.7611334323883057,1e-07,1.2354686,1.7561775,1.3252085,0.013295310549438,0.08105294406414032,0.008339419960975647,0.09132042527198792
5065,1.7611091136932373,1e-07,1.2354604,1.7561532,1.3251994,0.013294200412929058,0.0810508131980896,0.008338311687111855,0.09131435304880142
5066,1.7610840797424316,1e-07,1.2354518,1.7561282,1.3251898,0.0132930688560009,0.08104850351810455,0.008337180130183697,0.09130816161632538
5067,1.7610599994659424,1e-07,1.2354437,1.7561041,1.3251808,0.013292011804878712,0.08104658126831055,0.008336123079061508,0.09130237251520157
5068,1.7610350847244263,1e-07,1.2354354,1.7560792,1.3251714,0.013290881179273129,0.0810442864894867,0.008334992453455925,0.09129618108272552
5069,1.761009693145752,1e-07,1.2354268,1.7560538,1.3251618,0.01328978780657053,0.08104203641414642,0.008333899080753326,0.0912901908159256
5070,1.760985016822815,1e-07,1.2354184,1.7560291,1.3251525,0.013288689777255058,0.08104002475738525,0.00833280198276043,0.09128418564796448
5071,1.7609598636627197,1e-07,1.2354099,1.756004,1.325143,0.013287615031003952,0.08103795349597931,0.008331727236509323,0.09127829223871231
5072,1.7609350681304932,1e-07,1.2354016,1.7559792,1.3251337,0.013286487199366093,0.08103565871715546,0.008330599404871464,0.09127211570739746
5073,1.7609106302261353,1e-07,1.2353934,1.7559547,1.3251244,0.013285401277244091,0.08103357255458832,0.008329513482749462,0.09126617014408112
5074,1.7608848810195923,1e-07,1.2353847,1.755929,1.3251147,0.013284314423799515,0.08103138208389282,0.00832842756062746,0.09126021713018417
5075,1.7608610391616821,1e-07,1.2353765,1.7559052,1.3251057,0.0132831996306777,0.08102919161319733,0.008327312767505646,0.0912541076540947
5076,1.7608352899551392,1e-07,1.2353679,1.7558794,1.325096,0.013282102532684803,0.08102700114250183,0.008326215669512749,0.09124810248613358
5077,1.7608115673065186,1e-07,1.2353598,1.7558557,1.3250871,0.013281005434691906,0.08102487027645111,0.008325118571519852,0.09124208986759186
5078,1.7607862949371338,1e-07,1.2353512,1.7558304,1.3250775,0.013279943726956844,0.08102288842201233,0.00832405686378479,0.09123627096414566
5079,1.7607618570327759,1e-07,1.235343,1.755806,1.3250682,0.013278831727802753,0.08102062344551086,0.0083229448646307,0.09123017638921738
5080,1.7607369422912598,1e-07,1.2353345,1.755781,1.3250589,0.01327773928642273,0.08101855218410492,0.008321852423250675,0.09122418612241745
5081,1.7607121467590332,1e-07,1.2353263,1.7557563,1.3250495,0.013276650570333004,0.08101637661457062,0.00832076370716095,0.09121821820735931
5082,1.7606874704360962,1e-07,1.2353178,1.7557316,1.3250402,0.01327553577721119,0.08101417124271393,0.00831964984536171,0.09121211618185043
5083,1.7606632709503174,1e-07,1.2353097,1.7557074,1.325031,0.01327443029731512,0.08101196587085724,0.008318544365465641,0.09120605140924454
5084,1.7606375217437744,1e-07,1.235301,1.7556816,1.3250214,0.0132733304053545,0.08100973069667816,0.00831744447350502,0.09120002388954163
5085,1.7606127262115479,1e-07,1.2352926,1.7556568,1.325012,0.013272255659103394,0.0810076892375946,0.008316369727253914,0.09119413048028946
5086,1.7605879306793213,1e-07,1.2352843,1.755632,1.3250027,0.013271169736981392,0.08100557327270508,0.008315283805131912,0.09118817746639252
5087,1.7605634927749634,1e-07,1.2352761,1.7556076,1.3249935,0.013270046561956406,0.08100330829620361,0.008314160630106926,0.09118201583623886
5088,1.7605383396148682,1e-07,1.2352675,1.7555825,1.324984,0.013268958777189255,0.0810011476278305,0.008313072845339775,0.09117605537176132
5089,1.7605135440826416,1e-07,1.235259,1.7555577,1.3249745,0.013267874717712402,0.08099906146526337,0.008311988785862923,0.09117010980844498
5090,1.760488748550415,1e-07,1.2352508,1.7555329,1.3249652,0.013266785070300102,0.08099685609340668,0.008310900069773197,0.09116413444280624
5091,1.760463833808899,1e-07,1.2352422,1.755508,1.3249558,0.013265682384371758,0.08099469542503357,0.008309796452522278,0.09115808457136154
5092,1.7604390382766724,1e-07,1.2352338,1.7554832,1.3249465,0.013264616951346397,0.08099265396595001,0.008308731950819492,0.09115224331617355
5093,1.760414719581604,1e-07,1.2352258,1.7554588,1.3249373,0.013263535685837269,0.08099052309989929,0.008307651616632938,0.091146320104599
5094,1.7603895664215088,1e-07,1.2352172,1.7554337,1.3249278,0.013262435793876648,0.08098830282688141,0.008306551724672318,0.09114028513431549
5095,1.7603645324707031,1e-07,1.2352086,1.7554086,1.3249184,0.013261351734399796,0.08098632097244263,0.008305467665195465,0.09113433957099915
5096,1.7603403329849243,1e-07,1.2352005,1.7553844,1.3249092,0.013260248117148876,0.08098402619361877,0.008304363116621971,0.09112827479839325
5097,1.7603155374526978,1e-07,1.2351921,1.7553596,1.3248999,0.013259150087833405,0.08098183572292328,0.008303266018629074,0.09112226217985153
5098,1.760291337966919,1e-07,1.235184,1.7553355,1.3248907,0.013258063234388828,0.08097971975803375,0.008302179165184498,0.0911162942647934
5099,1.7602663040161133,1e-07,1.2351755,1.7553104,1.3248813,0.013256975449621677,0.08097757399082184,0.008301091380417347,0.09111032634973526
5100,1.7602416276931763,1e-07,1.2351671,1.7552857,1.324872,0.01325585599988699,0.08097529411315918,0.00829997193068266,0.0911041796207428
5101,1.7602169513702393,1e-07,1.2351588,1.7552611,1.3248626,0.013254775665700436,0.08097320795059204,0.00829889252781868,0.09109825640916824
5102,1.7601912021636963,1e-07,1.23515,1.7552353,1.324853,0.013253695331513882,0.08097103238105774,0.008297812193632126,0.09109232574701309
5103,1.7601664066314697,1e-07,1.2351418,1.7552105,1.3248435,0.01325260940939188,0.08096887171268463,0.008296726271510124,0.09108636528253555
5104,1.7601425647735596,1e-07,1.2351338,1.7551867,1.3248346,0.0132514713332057,0.08096654713153839,0.008295589126646519,0.09108012169599533
5105,1.7601168155670166,1e-07,1.235125,1.7551609,1.3248248,0.013250456191599369,0.08096462488174438,0.008294573053717613,0.09107454866170883
5106,1.7600922584533691,1e-07,1.2351167,1.7551364,1.3248156,0.013249336741864681,0.08096235990524292,0.008293453603982925,0.09106840193271637
5107,1.7600677013397217,1e-07,1.2351084,1.7551118,1.3248063,0.013248258270323277,0.08096028864383698,0.00829237513244152,0.09106247872114182
5108,1.7600431442260742,1e-07,1.2351,1.7550873,1.324797,0.013247155584394932,0.08095811307430267,0.008291272446513176,0.09105642139911652
5109,1.7600173950195312,1e-07,1.2350913,1.7550615,1.3247874,0.013246077112853527,0.08095596730709076,0.008290193974971771,0.09105050563812256
5110,1.7599927186965942,1e-07,1.235083,1.7550368,1.3247781,0.013244989328086376,0.08095379173755646,0.008289107121527195,0.09104453027248383
5111,1.7599685192108154,1e-07,1.2350749,1.7550126,1.3247689,0.013243883848190308,0.08095161616802216,0.008288001641631126,0.09103846549987793
5112,1.7599436044692993,1e-07,1.2350664,1.7549877,1.3247595,0.013242830522358418,0.08094958961009979,0.008286949247121811,0.09103268384933472
5113,1.759919285774231,1e-07,1.2350582,1.7549634,1.3247503,0.013241725973784924,0.08094732463359833,0.008285844698548317,0.09102661162614822
5114,1.7598938941955566,1e-07,1.2350496,1.754938,1.3247408,0.013240638189017773,0.08094516396522522,0.008284755982458591,0.09102063626050949
5115,1.7598698139190674,1e-07,1.2350415,1.7549139,1.3247316,0.013239558786153793,0.08094306290149689,0.008283678442239761,0.09101471304893494
5116,1.7598447799682617,1e-07,1.235033,1.7548889,1.3247222,0.013238492421805859,0.08094093203544617,0.008282612077891827,0.09100885689258575
5117,1.7598196268081665,1e-07,1.2350246,1.7548637,1.3247128,0.013237377628684044,0.08093863725662231,0.008281497284770012,0.09100273251533508
5118,1.75979483127594,1e-07,1.235016,1.754839,1.3247033,0.01323629729449749,0.08093658089637756,0.008280416019260883,0.09099679440259933
5119,1.7597696781158447,1e-07,1.2350076,1.7548138,1.3246938,0.013235240243375301,0.08093445003032684,0.00827935989946127,0.09099099040031433
5120,1.7597452402114868,1e-07,1.2349993,1.7547894,1.3246846,0.013234127312898636,0.08093222975730896,0.008278246968984604,0.09098487347364426
5121,1.7597200870513916,1e-07,1.234991,1.7547642,1.3246751,0.013233035802841187,0.08093005418777466,0.008277155458927155,0.09097887575626373
5122,1.759695291519165,1e-07,1.2349824,1.7547394,1.3246658,0.013231996446847916,0.08092808723449707,0.008276116102933884,0.09097316116094589
5123,1.7596707344055176,1e-07,1.234974,1.7547148,1.3246565,0.013230892829596996,0.080925852060318,0.008275013417005539,0.0909671038389206
5124,1.7596465349197388,1e-07,1.2349659,1.7546906,1.3246474,0.013229791074991226,0.08092354238033295,0.008273910731077194,0.0909610390663147
5125,1.7596216201782227,1e-07,1.2349576,1.7546657,1.324638,0.013228749856352806,0.08092160522937775,0.008272870443761349,0.09095532447099686
5126,1.7595970630645752,1e-07,1.2349492,1.7546412,1.3246287,0.013227662071585655,0.08091948926448822,0.008271781727671623,0.09094933420419693
5127,1.7595716714859009,1e-07,1.2349405,1.7546158,1.324619,0.013226581737399101,0.08091728389263153,0.00827070139348507,0.09094339609146118
5128,1.7595468759536743,1e-07,1.2349322,1.754591,1.3246098,0.013225479051470757,0.08091506361961365,0.0082695996388793,0.09093733876943588
5129,1.759521484375,1e-07,1.2349237,1.7545656,1.3246002,0.013224381022155285,0.08091278374195099,0.008268501609563828,0.09093130379915237
5130,1.7594971656799316,1e-07,1.2349154,1.7545413,1.324591,0.013223301619291306,0.08091069757938385,0.008267422206699848,0.09092536568641663
5131,1.759472131729126,1e-07,1.234907,1.7545162,1.3245815,0.0132222268730402,0.08090856671333313,0.008266348391771317,0.09091945737600327
5132,1.7594481706619263,1e-07,1.2348989,1.7544924,1.3245726,0.013221170753240585,0.08090649545192719,0.008265291340649128,0.09091364592313766
5133,1.7594226598739624,1e-07,1.2348903,1.7544669,1.3245629,0.013220095075666904,0.08090442419052124,0.008264216594398022,0.0909077376127243
5134,1.7593976259231567,1e-07,1.2348819,1.7544419,1.3245535,0.013218989595770836,0.08090212941169739,0.008263111114501953,0.09090165793895721
5135,1.7593737840652466,1e-07,1.2348738,1.754418,1.3245444,0.013217938132584095,0.08090008795261383,0.008262059651315212,0.090895876288414
5136,1.759348750114441,1e-07,1.2348653,1.754393,1.324535,0.013216841034591198,0.08089779317378998,0.008260962553322315,0.0908898338675499
5137,1.7593235969543457,1e-07,1.2348568,1.7543678,1.3245255,0.013215730898082256,0.0808955579996109,0.008259852416813374,0.09088373184204102
5138,1.7592984437942505,1e-07,1.2348484,1.7543427,1.324516,0.013214671984314919,0.08089342713356018,0.00825879443436861,0.09087791293859482
5139,1.7592743635177612,1e-07,1.2348402,1.7543186,1.3245069,0.013213600032031536,0.08089132606983185,0.008257722482085228,0.09087201207876205
5140,1.7592488527297974,1e-07,1.2348315,1.7542931,1.3244973,0.013212514109909534,0.08088913559913635,0.008256637491285801,0.09086604416370392
5141,1.7592240571975708,1e-07,1.2348232,1.7542683,1.3244879,0.013211443088948727,0.0808870941400528,0.008255565539002419,0.09086014330387115
5142,1.759199619293213,1e-07,1.2348149,1.7542439,1.3244787,0.013210390694439411,0.08088502287864685,0.008254513144493103,0.09085435420274734
5143,1.759175181388855,1e-07,1.2348065,1.7542194,1.3244694,0.013209281489253044,0.08088274300098419,0.008253403939306736,0.09084824472665787
5144,1.7591501474380493,1e-07,1.2347981,1.7541944,1.32446,0.013208211399614811,0.08088061213493347,0.008252333849668503,0.0908423587679863
5145,1.7591252326965332,1e-07,1.2347897,1.7541695,1.3244506,0.013207118026912212,0.08087833225727081,0.008251241408288479,0.09083634614944458
5146,1.7591004371643066,1e-07,1.2347813,1.7541447,1.3244413,0.01320608053356409,0.08087639510631561,0.008250203914940357,0.09083063155412674
5147,1.7590761184692383,1e-07,1.234773,1.7541203,1.3244321,0.01320495456457138,0.08087396621704102,0.008249077945947647,0.0908244326710701
5148,1.759050726890564,1e-07,1.2347646,1.754095,1.3244225,0.013203912414610386,0.08087196946144104,0.008248036727309227,0.09081870317459106
5149,1.759026050567627,1e-07,1.2347561,1.7540703,1.3244132,0.013202822767198086,0.08086974918842316,0.008246947079896927,0.09081270545721054
5150,1.7590017318725586,1e-07,1.2347479,1.754046,1.324404,0.013201742433011532,0.08086754381656647,0.008245866745710373,0.0908067524433136
5151,1.7589763402938843,1e-07,1.2347394,1.7540206,1.3243945,0.013200663961470127,0.08086541295051575,0.008244788274168968,0.09080081433057785
5152,1.7589521408081055,1e-07,1.2347312,1.7539964,1.3243853,0.013199583627283573,0.08086323738098145,0.008243707939982414,0.0907948687672615
5153,1.7589272260665894,1e-07,1.2347227,1.7539715,1.3243759,0.013198518194258213,0.08086113631725311,0.008242642506957054,0.09078899770975113
5154,1.7589024305343628,1e-07,1.2347144,1.7539467,1.3243666,0.013197462074458599,0.08085909485816956,0.00824158638715744,0.09078318625688553
5155,1.758877158164978,1e-07,1.2347058,1.7539214,1.3243569,0.013196371495723724,0.0808568149805069,0.008240495808422565,0.09077717363834381
5156,1.7588528394699097,1e-07,1.2346975,1.7538971,1.3243477,0.01319531723856926,0.08085471391677856,0.0082394415512681,0.09077136963605881
5157,1.7588281631469727,1e-07,1.2346891,1.7538724,1.3243384,0.013194226659834385,0.08085247874259949,0.008238350972533226,0.09076536446809769
5158,1.758803367614746,1e-07,1.2346808,1.7538476,1.3243291,0.013193142600357533,0.08085033297538757,0.008237266913056374,0.09075938910245895
5159,1.7587789297103882,1e-07,1.2346725,1.7538232,1.3243198,0.01319208089262247,0.08084823191165924,0.008236206136643887,0.09075354784727097
5160,1.7587532997131348,1e-07,1.234664,1.7537975,1.3243102,0.013190995901823044,0.08084599673748016,0.00823512114584446,0.09074756503105164
5161,1.7587286233901978,1e-07,1.2346555,1.7537729,1.3243009,0.01318993978202343,0.08084401488304138,0.008234065026044846,0.09074174612760544
5162,1.7587037086486816,1e-07,1.2346472,1.7537479,1.3242915,0.013188834302127361,0.08084161579608917,0.008232960477471352,0.09073565900325775
5163,1.758678913116455,1e-07,1.2346388,1.7537231,1.3242822,0.013187759555876255,0.08083944022655487,0.008231885731220245,0.0907297432422638
5164,1.7586547136306763,1e-07,1.2346306,1.753699,1.324273,0.013186742551624775,0.08083757758140564,0.008230868726968765,0.09072413295507431
5165,1.7586296796798706,1e-07,1.2346221,1.7536739,1.3242636,0.013185675255954266,0.08083537220954895,0.008229801431298256,0.09071825444698334
5166,1.758604884147644,1e-07,1.2346138,1.7536491,1.3242542,0.013184569776058197,0.08083313703536987,0.008228695951402187,0.09071215987205505
5167,1.7585793733596802,1e-07,1.2346052,1.7536236,1.3242445,0.013183503411710262,0.08083093166351318,0.008227629587054253,0.09070628136396408
5168,1.7585554122924805,1e-07,1.2345968,1.7535996,1.3242354,0.013182397931814194,0.08082860708236694,0.008226525038480759,0.0907001942396164
5169,1.7585301399230957,1e-07,1.2345884,1.7535744,1.3242259,0.01318138837814331,0.0808267742395401,0.008225515484809875,0.09069462865591049
5170,1.7585058212280273,1e-07,1.2345802,1.75355,1.3242167,0.013180295005440712,0.08082450926303864,0.008224422112107277,0.09068860113620758
5171,1.7584806680679321,1e-07,1.2345718,1.7535249,1.3242073,0.013179232366383076,0.0808224081993103,0.00822335947304964,0.0906827375292778
5172,1.758455753326416,1e-07,1.2345632,1.7535,1.3241979,0.013178179040551186,0.08082032203674316,0.00822230614721775,0.0906769335269928
5173,1.7584309577941895,1e-07,1.2345549,1.7534752,1.3241885,0.013177093118429184,0.08081798255443573,0.008221220225095749,0.09067094326019287
5174,1.7584062814712524,1e-07,1.2345465,1.7534505,1.3241792,0.013176020234823227,0.08081591129302979,0.008220148272812366,0.09066503494977951
5175,1.758381962776184,1e-07,1.2345383,1.7534262,1.32417,0.013174964115023613,0.08081375062465668,0.008219091221690178,0.09065920114517212
5176,1.7583571672439575,1e-07,1.23453,1.7534014,1.3241607,0.013173907063901424,0.08081164956092834,0.008218035101890564,0.09065338224172592
5177,1.7583317756652832,1e-07,1.2345214,1.753376,1.324151,0.013172860257327557,0.08080962300300598,0.008216988295316696,0.0906476080417633
5178,1.7583073377609253,1e-07,1.2345132,1.7533516,1.3241419,0.013171762228012085,0.08080731332302094,0.008215890266001225,0.090641550719738
5179,1.7582818269729614,1e-07,1.2345045,1.753326,1.3241322,0.013170688413083553,0.08080515265464783,0.008214816451072693,0.09063562750816345
5180,1.7582578659057617,1e-07,1.2344962,1.7533021,1.3241231,0.013169610872864723,0.08080294728279114,0.008213738910853863,0.0906296819448471
5181,1.758232593536377,1e-07,1.2344879,1.7532768,1.3241136,0.013168565928936005,0.08080083131790161,0.008212693966925144,0.09062391519546509
5182,1.758208155632019,1e-07,1.2344795,1.7532524,1.3241044,0.013167483732104301,0.08079864084720612,0.008211611770093441,0.09061794728040695
5183,1.758183479309082,1e-07,1.2344712,1.7532277,1.324095,0.013166401535272598,0.08079640567302704,0.008210530504584312,0.09061197936534882
5184,1.758158802986145,1e-07,1.234463,1.753203,1.3240857,0.013165357522666454,0.08079437911510468,0.008209487423300743,0.0906062200665474
5185,1.7581342458724976,1e-07,1.2344545,1.7531785,1.3240764,0.013164270669221878,0.08079211413860321,0.008208400569856167,0.09060022234916687
5186,1.7581090927124023,1e-07,1.234446,1.7531533,1.324067,0.013163206167519093,0.08078993856906891,0.008207336068153381,0.0905943512916565
5187,1.7580841779708862,1e-07,1.2344376,1.7531284,1.3240576,0.013162163086235523,0.08078785240650177,0.008206292986869812,0.09058859199285507
5188,1.7580598592758179,1e-07,1.2344292,1.7531041,1.3240484,0.01316109113395214,0.08078566193580627,0.00820522103458643,0.09058267623186111
5189,1.7580348253250122,1e-07,1.2344209,1.753079,1.3240389,0.013160061091184616,0.08078368008136749,0.008204190991818905,0.09057699143886566
5190,1.7580102682113647,1e-07,1.2344126,1.7530545,1.3240297,0.013158959336578846,0.08078134059906006,0.008203089237213135,0.09057090431451797
5191,1.757985234260559,1e-07,1.2344041,1.7530295,1.3240201,0.013157905079424381,0.08077925443649292,0.00820203498005867,0.09056508541107178
5192,1.757960319519043,1e-07,1.2343956,1.7530046,1.3240107,0.013156857341527939,0.08077715337276459,0.008200987242162228,0.09055930376052856
5193,1.7579360008239746,1e-07,1.2343874,1.7529802,1.3240016,0.013155766762793064,0.0807749480009079,0.008199896663427353,0.09055328369140625
5194,1.7579102516174316,1e-07,1.2343788,1.7529545,1.3239919,0.013154730200767517,0.08077278733253479,0.00819886103272438,0.09054756164550781
5195,1.757885456085205,1e-07,1.2343704,1.7529297,1.3239825,0.013153654523193836,0.08077065646648407,0.0081977853551507,0.09054162353277206
5196,1.757861614227295,1e-07,1.2343622,1.7529058,1.3239735,0.013152592815458775,0.08076842129230499,0.008196723647415638,0.09053575992584229
5197,1.7578363418579102,1e-07,1.2343538,1.7528806,1.323964,0.013151534833014011,0.08076635003089905,0.00819566659629345,0.0905299186706543
5198,1.7578115463256836,1e-07,1.2343454,1.7528558,1.3239546,0.01315047312527895,0.08076420426368713,0.008194604888558388,0.09052405506372452
5199,1.7577868700027466,1e-07,1.234337,1.7528311,1.3239453,0.013149417005479336,0.08076208829879761,0.008193548768758774,0.09051822125911713
5200,1.7577627897262573,1e-07,1.2343289,1.752807,1.3239362,0.01314836647361517,0.08075985312461853,0.008192497305572033,0.09051241725683212
5201,1.7577379941940308,1e-07,1.2343205,1.7527822,1.3239268,0.013147282414138317,0.08075761795043945,0.008191414177417755,0.09050643444061279
5202,1.7577128410339355,1e-07,1.2343119,1.7527571,1.3239173,0.013146226294338703,0.08075553178787231,0.008190358057618141,0.0905006006360054
5203,1.757686972618103,1e-07,1.2343032,1.7527312,1.3239075,0.013145173899829388,0.08075329661369324,0.008189305663108826,0.0904947817325592
5204,1.7576626539230347,1e-07,1.2342949,1.7527069,1.3238983,0.01314413920044899,0.08075132966041565,0.008188270963728428,0.09048906713724136
5205,1.757637858390808,1e-07,1.2342864,1.7526821,1.323889,0.013143043033778667,0.0807490199804306,0.008187174797058105,0.09048300981521606
5206,1.7576136589050293,1e-07,1.2342786,1.7526579,1.3238798,0.013141987845301628,0.08074693381786346,0.00818612053990364,0.09047718346118927
5207,1.7575883865356445,1e-07,1.2342697,1.7526326,1.3238703,0.01314092893153429,0.08074474334716797,0.008185062557458878,0.09047133475542068
5208,1.7575640678405762,1e-07,1.2342616,1.7526083,1.3238611,0.013139883987605572,0.0807427167892456,0.008184017613530159,0.09046556055545807
5209,1.757538914680481,1e-07,1.234253,1.7525831,1.3238516,0.013138801790773869,0.08074037730693817,0.008182935416698456,0.09045957773923874
5210,1.7575148344039917,1e-07,1.234245,1.7525591,1.3238425,0.01313775684684515,0.080738365650177,0.008181890472769737,0.09045380353927612
5211,1.757489562034607,1e-07,1.2342364,1.7525338,1.323833,0.01313671562820673,0.08073623478412628,0.008180849254131317,0.0904480442404747
5212,1.7574644088745117,1e-07,1.2342278,1.7525086,1.3238235,0.01313565019518137,0.08073398470878601,0.008179783821105957,0.09044215828180313
5213,1.7574399709701538,1e-07,1.2342197,1.7524842,1.3238143,0.013134583830833435,0.08073180913925171,0.008178717456758022,0.09043626487255096
5214,1.7574152946472168,1e-07,1.2342112,1.7524595,1.323805,0.013133540749549866,0.08072975277900696,0.008177675306797028,0.09043049812316895
5215,1.7573904991149902,1e-07,1.234203,1.7524347,1.3237956,0.01313250232487917,0.08072763681411743,0.008176635950803757,0.09042475372552872
5216,1.7573658227920532,1e-07,1.2341945,1.75241,1.3237863,0.0131314005702734,0.08072531223297119,0.008175535127520561,0.09041866660118103
5217,1.7573407888412476,1e-07,1.234186,1.752385,1.3237768,0.013130353763699532,0.08072322607040405,0.008174488320946693,0.09041287750005722
5218,1.757315754890442,1e-07,1.2341777,1.75236,1.3237673,0.013129282742738724,0.08072096109390259,0.008173417299985886,0.09040695428848267
5219,1.7572917938232422,1e-07,1.2341695,1.752336,1.3237582,0.0131282489746809,0.08071894943714142,0.008172383531928062,0.09040123969316483
5220,1.757266879081726,1e-07,1.234161,1.7523111,1.3237488,0.013127190992236137,0.08071668446063995,0.0081713255494833,0.09039538353681564
5221,1.7572412490844727,1e-07,1.2341524,1.7522855,1.3237392,0.013126164674758911,0.08071468770503998,0.008170299232006073,0.09038970619440079
5222,1.7572170495986938,1e-07,1.2341442,1.7522613,1.3237301,0.013125114142894745,0.08071261644363403,0.008169248700141907,0.09038389474153519
5223,1.75719153881073,1e-07,1.2341356,1.7522358,1.3237205,0.01312403753399849,0.08071024715900421,0.008168172091245651,0.09037794172763824
5224,1.7571667432785034,1e-07,1.2341272,1.752211,1.323711,0.013122981414198875,0.08070816099643707,0.008167116902768612,0.09037210047245026
5225,1.7571431398391724,1e-07,1.2341192,1.7521874,1.3237021,0.013121910393238068,0.08070589601993561,0.008166045881807804,0.0903661772608757
5226,1.7571171522140503,1e-07,1.2341104,1.7521614,1.3236923,0.013120890595018864,0.08070395886898041,0.0081650260835886,0.09036053717136383
5227,1.7570933103561401,1e-07,1.2341024,1.7521375,1.3236834,0.013119836337864399,0.0807017832994461,0.008163971826434135,0.09035470336675644
5228,1.757068157196045,1e-07,1.2340938,1.7521124,1.3236738,0.013118785806000233,0.08069963753223419,0.00816292129456997,0.09034888446331024
5229,1.7570441961288452,1e-07,1.2340857,1.7520884,1.3236648,0.013117728754878044,0.08069735765457153,0.008161865174770355,0.09034304320812225
5230,1.7570182085037231,1e-07,1.234077,1.7520624,1.323655,0.01311665028333664,0.08069515228271484,0.00816078670322895,0.09033707529306412
5231,1.7569937705993652,1e-07,1.2340688,1.752038,1.3236457,0.013115616515278816,0.08069305121898651,0.008159752935171127,0.09033135324716568
5232,1.7569694519042969,1e-07,1.2340604,1.7520137,1.3236365,0.013114560395479202,0.0806909054517746,0.008158696815371513,0.0903255045413971
5233,1.7569445371627808,1e-07,1.2340521,1.7519888,1.3236271,0.013113529421389103,0.08068883419036865,0.008157666772603989,0.09031980484724045
5234,1.756919026374817,1e-07,1.2340435,1.7519633,1.3236175,0.01311244536191225,0.08068650960922241,0.008156582713127136,0.09031379967927933
5235,1.7568954229354858,1e-07,1.2340354,1.7519397,1.3236085,0.013111429288983345,0.08068457245826721,0.00815556664019823,0.09030817449092865
5236,1.756870150566101,1e-07,1.2340268,1.7519144,1.323599,0.013110346160829067,0.08068211376667023,0.008154482580721378,0.09030217677354813
5237,1.7568453550338745,1e-07,1.2340184,1.7518896,1.3235897,0.013109303079545498,0.08068007230758667,0.008153440430760384,0.09029640257358551
5238,1.7568202018737793,1e-07,1.2340099,1.7518644,1.3235801,0.013108259066939354,0.08067798614501953,0.00815239641815424,0.0902906209230423
5239,1.7567955255508423,1e-07,1.2340016,1.7518398,1.3235708,0.01310721319168806,0.08067582547664642,0.008151350542902946,0.09028483182191849
5240,1.7567710876464844,1e-07,1.2339933,1.7518153,1.3235615,0.013106148689985275,0.08067360520362854,0.008150286972522736,0.09027893841266632
5241,1.7567464113235474,1e-07,1.233985,1.7517906,1.3235523,0.013105126097798347,0.08067159354686737,0.008149264380335808,0.09027327597141266
5242,1.7567211389541626,1e-07,1.2339765,1.7517654,1.3235427,0.01310407742857933,0.08066944777965546,0.00814821571111679,0.09026746451854706
5243,1.7566962242126465,1e-07,1.2339679,1.7517405,1.3235333,0.01310301199555397,0.08066719770431519,0.00814715027809143,0.0902615636587143
5244,1.7566719055175781,1e-07,1.2339598,1.7517161,1.3235241,0.013101975433528423,0.08066503703594208,0.008146113716065884,0.09025582671165466
5245,1.756646990776062,1e-07,1.2339512,1.7516912,1.3235147,0.013100933283567429,0.08066296577453613,0.008145071566104889,0.09025005251169205
5246,1.7566226720809937,1e-07,1.2339431,1.7516669,1.3235055,0.01309986598789692,0.08066071569919586,0.00814400427043438,0.09024413675069809
5247,1.7565975189208984,1e-07,1.2339345,1.7516418,1.323496,0.013098809868097305,0.08065849542617798,0.008142948150634766,0.0902382880449295
5248,1.7565726041793823,1e-07,1.2339262,1.7516168,1.3234866,0.013097773306071758,0.08065636456012726,0.008141911588609219,0.09023254364728928
5249,1.7565473318099976,1e-07,1.2339176,1.7515916,1.323477,0.01309674046933651,0.08065427839756012,0.008140879683196545,0.09022682160139084
5250,1.7565232515335083,1e-07,1.2339095,1.7515675,1.323468,0.013095672242343426,0.08065210282802582,0.00813981145620346,0.09022090584039688
5251,1.7564988136291504,1e-07,1.2339011,1.751543,1.3234588,0.013094616122543812,0.08064985275268555,0.008138756267726421,0.0902150571346283
5252,1.7564743757247925,1e-07,1.2338928,1.7515186,1.3234495,0.013093587942421436,0.08064781129360199,0.008137728087604046,0.09020935744047165
5253,1.7564491033554077,1e-07,1.2338842,1.7514933,1.32344,0.013092545792460442,0.0806456208229065,0.008136685937643051,0.09020358324050903
5254,1.7564239501953125,1e-07,1.2338759,1.7514682,1.3234304,0.013091500848531723,0.080643430352211,0.008135641925036907,0.09019779413938522
5255,1.7563992738723755,1e-07,1.2338675,1.7514435,1.3234211,0.013090468011796474,0.08064138889312744,0.008134608156979084,0.09019206464290619
5256,1.7563751935958862,1e-07,1.2338593,1.7514194,1.3234121,0.013089420273900032,0.08063916862010956,0.008133560419082642,0.09018625319004059
5257,1.7563496828079224,1e-07,1.2338508,1.7513939,1.3234024,0.013088373467326164,0.08063700795173645,0.008132513612508774,0.09018044918775558
5258,1.756325125694275,1e-07,1.2338424,1.7513694,1.3233931,0.013087335973978043,0.08063487708568573,0.008131476119160652,0.09017469733953476
5259,1.756300449371338,1e-07,1.2338339,1.7513447,1.3233838,0.013086277060210705,0.08063267171382904,0.008130418136715889,0.09016883373260498
5260,1.7562750577926636,1e-07,1.2338253,1.7513193,1.3233742,0.013085239566862583,0.08063057065010071,0.008129380643367767,0.09016307443380356
5261,1.7562508583068848,1e-07,1.2338172,1.7512951,1.3233651,0.013084175065159798,0.08062832057476044,0.008128316141664982,0.0901571735739708
5262,1.7562257051467896,1e-07,1.2338088,1.7512699,1.3233556,0.013083142228424549,0.08062615990638733,0.008127283304929733,0.09015144407749176
5263,1.7562016248703003,1e-07,1.2338005,1.7512459,1.3233465,0.013082093559205532,0.08062396943569183,0.008126234635710716,0.09014563262462616
5264,1.7561763525009155,1e-07,1.233792,1.7512206,1.323337,0.013081070967018604,0.08062195777893066,0.008125212043523788,0.0901399552822113
5265,1.7561520338058472,1e-07,1.2337837,1.7511963,1.3233278,0.013080019503831863,0.0806197077035904,0.008124161511659622,0.09013412892818451
5266,1.7561272382736206,1e-07,1.2337753,1.7511715,1.3233184,0.013079006224870682,0.0806177407503128,0.00812314823269844,0.09012851119041443
5267,1.7561016082763672,1e-07,1.2337667,1.7511458,1.3233087,0.013077942654490471,0.08061541616916656,0.00812208466231823,0.09012261033058167
5268,1.7560776472091675,1e-07,1.2337586,1.7511219,1.3232996,0.01307688932865858,0.08061331510543823,0.00812103133648634,0.09011676162481308
5269,1.7560524940490723,1e-07,1.2337501,1.7510967,1.3232901,0.013075878843665123,0.0806112289428711,0.008120020851492882,0.0901111587882042
5270,1.7560276985168457,1e-07,1.2337416,1.7510719,1.3232807,0.013074822723865509,0.08060900866985321,0.008118965663015842,0.09010530263185501
5271,1.7560029029846191,1e-07,1.2337333,1.7510471,1.3232714,0.013073784299194813,0.0806068629026413,0.008117927238345146,0.09009954333305359
5272,1.7559781074523926,1e-07,1.2337247,1.7510223,1.323262,0.01307273656129837,0.08060462772846222,0.008116879500448704,0.09009372442960739
5273,1.7559529542922974,1e-07,1.2337164,1.7509972,1.3232526,0.013071684166789055,0.08060243725776672,0.008115826174616814,0.0900878831744194
5274,1.7559291124343872,1e-07,1.2337083,1.7509733,1.3232435,0.013070655055344105,0.08060027658939362,0.008114797994494438,0.09008217602968216
5275,1.755903720855713,1e-07,1.2336997,1.750948,1.3232338,0.013069611974060535,0.0805981457233429,0.008113756775856018,0.09007639437913895
5276,1.7558794021606445,1e-07,1.2336916,1.7509236,1.3232247,0.013068574480712414,0.08059601485729218,0.008112719282507896,0.09007063508033752
5277,1.7558537721633911,1e-07,1.2336828,1.750898,1.323215,0.013067551888525486,0.08059394359588623,0.008111696690320969,0.09006495773792267
5278,1.7558293342590332,1e-07,1.2336745,1.7508736,1.3232058,0.01306649949401617,0.08059170842170715,0.008110644295811653,0.09005911648273468
5279,1.7558048963546753,1e-07,1.2336663,1.7508491,1.3231965,0.013065469451248646,0.08058960735797882,0.008109614253044128,0.09005339443683624
5280,1.7557806968688965,1e-07,1.233658,1.7508249,1.3231875,0.013064434751868248,0.08058744668960571,0.008108578622341156,0.09004765003919601
5281,1.7557554244995117,1e-07,1.2336496,1.7507997,1.3231778,0.013063379563391209,0.08058521151542664,0.008107524365186691,0.09004179388284683
5282,1.7557305097579956,1e-07,1.2336411,1.7507747,1.3231684,0.013062378391623497,0.08058319985866547,0.008106522262096405,0.09003622829914093
5283,1.75570547580719,1e-07,1.2336327,1.7507497,1.323159,0.01306130550801754,0.08058089017868042,0.008105449378490448,0.09003026783466339
5284,1.7556815147399902,1e-07,1.2336245,1.7507257,1.3231499,0.013060294091701508,0.08057883381843567,0.008104437962174416,0.09002465009689331
5285,1.7556562423706055,1e-07,1.2336159,1.7507005,1.3231404,0.013059276156127453,0.08057677745819092,0.008103420957922935,0.09001900255680084
5286,1.7556315660476685,1e-07,1.2336076,1.7506758,1.3231311,0.013058231212198734,0.08057460188865662,0.008102376013994217,0.09001319855451584
5287,1.7556071281433105,1e-07,1.2335993,1.7506514,1.3231218,0.013057181611657143,0.08057236671447754,0.0081013273447752,0.09000737220048904
5288,1.755581259727478,1e-07,1.2335906,1.7506255,1.323112,0.013056168332695961,0.08057035505771637,0.008100314065814018,0.09000174701213837
5289,1.7555569410324097,1e-07,1.2335824,1.7506012,1.3231028,0.013055090792477131,0.08056798577308655,0.008099236525595188,0.08999575674533844
5290,1.755532145500183,1e-07,1.233574,1.7505764,1.3230935,0.013054079376161098,0.08056589961051941,0.008098224177956581,0.08999013155698776
5291,1.7555078268051147,1e-07,1.2335657,1.750552,1.3230844,0.0130530446767807,0.0805637389421463,0.008097190409898758,0.08998438715934753
5292,1.7554823160171509,1e-07,1.2335571,1.7505265,1.3230747,0.01305199321359396,0.08056150376796722,0.008096138015389442,0.08997853845357895
5293,1.7554579973220825,1e-07,1.2335488,1.7505022,1.3230655,0.013050955720245838,0.08055932819843292,0.00809510052204132,0.08997277915477753
5294,1.7554335594177246,1e-07,1.2335405,1.7504778,1.3230562,0.013049927540123463,0.08055724203586578,0.00809407327324152,0.08996706455945969
5295,1.7554084062576294,1e-07,1.2335321,1.7504526,1.3230467,0.013048877008259296,0.08055496215820312,0.008093022741377354,0.0899612307548523
5296,1.755383849143982,1e-07,1.2335237,1.7504281,1.3230374,0.01304786279797554,0.08055287599563599,0.008092009462416172,0.08995559811592102
5297,1.7553590536117554,1e-07,1.2335154,1.7504033,1.3230281,0.013046810403466225,0.08055064082145691,0.008090957999229431,0.08994974941015244
5298,1.7553340196609497,1e-07,1.2335069,1.7503783,1.3230187,0.01304582692682743,0.0805487185716629,0.008089973591268063,0.0899442806839943
5299,1.7553091049194336,1e-07,1.2334985,1.7503533,1.3230093,0.013044746592640877,0.08054633438587189,0.008088894188404083,0.08993828296661377
5300,1.7552851438522339,1e-07,1.2334903,1.7503294,1.3230002,0.01304374635219574,0.08054433763027191,0.008087893947958946,0.08993271738290787
5301,1.755259394645691,1e-07,1.2334816,1.7503036,1.3229904,0.013042710721492767,0.08054214715957642,0.008086858317255974,0.08992695808410645
5302,1.7552348375320435,1e-07,1.2334733,1.7502791,1.3229811,0.013041670434176922,0.08053995668888092,0.008085818029940128,0.08992117643356323
5303,1.755210041999817,1e-07,1.2334648,1.7502543,1.3229717,0.01304064504802227,0.080537810921669,0.008084792643785477,0.08991547673940659
5304,1.7551854848861694,1e-07,1.2334565,1.7502297,1.3229625,0.01303961593657732,0.08053562045097351,0.008083763532340527,0.08990975469350815
5305,1.7551604509353638,1e-07,1.2334481,1.7502047,1.322953,0.01303858682513237,0.08053354918956757,0.008082734420895576,0.08990403264760971
5306,1.7551356554031372,1e-07,1.2334397,1.7501799,1.3229437,0.013037561438977718,0.08053140342235565,0.008081709034740925,0.08989832550287247
5307,1.755111575126648,1e-07,1.2334315,1.7501558,1.3229345,0.013036505319178104,0.08052903413772583,0.008080653846263885,0.08989245444536209
5308,1.755085825920105,1e-07,1.2334229,1.75013,1.3229249,0.013035517185926437,0.08052718639373779,0.008079665713012218,0.08988696336746216
5309,1.7550619840621948,1e-07,1.2334148,1.7501062,1.3229158,0.013034462928771973,0.08052487671375275,0.008078611455857754,0.08988109976053238
5310,1.7550362348556519,1e-07,1.2334061,1.7500805,1.322906,0.013033455237746239,0.08052279055118561,0.00807760376483202,0.0898754894733429
5311,1.7550123929977417,1e-07,1.233398,1.7500566,1.3228971,0.013032413087785244,0.08052060008049011,0.008076561614871025,0.08986969292163849
5312,1.754987359046936,1e-07,1.2333895,1.7500316,1.3228875,0.013031384907662868,0.08051851391792297,0.00807553343474865,0.08986397087574005
5313,1.75496244430542,1e-07,1.233381,1.7500067,1.3228781,0.01303037628531456,0.08051638305187225,0.008074524812400341,0.08985836058855057
5314,1.7549375295639038,1e-07,1.2333726,1.7499818,1.3228687,0.013029303401708603,0.08051393926143646,0.008073452860116959,0.08985239267349243
5315,1.7549129724502563,1e-07,1.2333643,1.7499572,1.3228595,0.013028266839683056,0.08051182329654694,0.008072415366768837,0.08984661847352982
5316,1.7548880577087402,1e-07,1.2333559,1.7499323,1.3228501,0.013027267530560493,0.08050978183746338,0.00807141698896885,0.08984106779098511
5317,1.7548636198043823,1e-07,1.2333475,1.7499079,1.3228408,0.013026220723986626,0.08050757646560669,0.008070369251072407,0.08983523398637772
5318,1.7548381090164185,1e-07,1.233339,1.7498823,1.3228312,0.013025195337831974,0.08050537109375,0.00806934479624033,0.08982953429222107
5319,1.754813313484192,1e-07,1.2333306,1.7498575,1.3228219,0.013024184852838516,0.08050328493118286,0.008068334311246872,0.08982390910387039
5320,1.7547889947891235,1e-07,1.2333223,1.7498332,1.3228127,0.013023161329329014,0.08050119876861572,0.008067311719059944,0.08981821686029434
5321,1.7547636032104492,1e-07,1.2333137,1.7498078,1.322803,0.013022133149206638,0.08049896359443665,0.008066283538937569,0.08981248736381531
5322,1.7547392845153809,1e-07,1.2333055,1.7497835,1.3227938,0.01302109844982624,0.08049674332141876,0.008065248839557171,0.08980672806501389
5323,1.754714846611023,1e-07,1.2332972,1.7497591,1.3227845,0.013020068407058716,0.08049461245536804,0.00806421972811222,0.08980099856853485
5324,1.7546902894973755,1e-07,1.2332889,1.7497345,1.3227754,0.013019060716032982,0.0804925262928009,0.008063212037086487,0.08979538828134537
5325,1.7546645402908325,1e-07,1.2332802,1.7497088,1.3227656,0.013018026947975159,0.08049033582210541,0.008062178269028664,0.08978963643312454
5326,1.7546401023864746,1e-07,1.233272,1.7496843,1.3227563,0.013017019256949425,0.08048826456069946,0.00806117057800293,0.08978401869535446
5327,1.7546154260635376,1e-07,1.2332636,1.7496597,1.322747,0.01301600318402052,0.08048611879348755,0.008060154505074024,0.0897783637046814
5328,1.754590392112732,1e-07,1.233255,1.7496346,1.3227376,0.013014950789511204,0.08048385381698608,0.008059103041887283,0.08977250754833221
5329,1.7545661926269531,1e-07,1.2332469,1.7496104,1.3227284,0.013013947755098343,0.08048178255558014,0.008058099076151848,0.08976691216230392
5330,1.7545415163040161,1e-07,1.2332386,1.7495857,1.3227191,0.013012921437621117,0.0804796814918518,0.008057072758674622,0.08976119756698608
5331,1.7545167207717896,1e-07,1.2332301,1.749561,1.3227097,0.013011885806918144,0.08047735691070557,0.00805603712797165,0.08975543081760406
5332,1.754491925239563,1e-07,1.2332217,1.7495362,1.3227004,0.013010879047214985,0.08047536015510559,0.008055031299591064,0.08974982798099518
5333,1.7544668912887573,1e-07,1.2332133,1.7495111,1.3226908,0.013009860180318356,0.08047318458557129,0.008054012432694435,0.08974415063858032
5334,1.754441738128662,1e-07,1.2332047,1.749486,1.3226813,0.013008838519454002,0.08047100901603699,0.008052990771830082,0.08973845839500427
5335,1.7544173002243042,1e-07,1.2331966,1.7494615,1.3226721,0.01300776842981577,0.08046859502792358,0.008051920682191849,0.08973249793052673
5336,1.754393458366394,1e-07,1.2331883,1.7494377,1.3226631,0.013006788678467274,0.08046668767929077,0.008050940930843353,0.08972703665494919
5337,1.754367709159851,1e-07,1.2331797,1.749412,1.3226534,0.013005740940570831,0.08046446740627289,0.00804989319294691,0.0897211953997612
5338,1.7543431520462036,1e-07,1.2331713,1.7493874,1.3226441,0.013004734180867672,0.08046235144138336,0.008048886433243752,0.08971558511257172
5339,1.7543178796768188,1e-07,1.2331628,1.7493621,1.3226346,0.013003703206777573,0.08046011626720428,0.008047855459153652,0.08970984071493149
5340,1.7542942762374878,1e-07,1.2331548,1.7493385,1.3226256,0.013002697378396988,0.08045800030231476,0.008046850562095642,0.0897042378783226
5341,1.7542682886123657,1e-07,1.233146,1.7493125,1.3226157,0.013001654297113419,0.08045578002929688,0.008045806549489498,0.0896984189748764
5342,1.7542433738708496,1e-07,1.2331375,1.7492876,1.3226063,0.013000641949474812,0.08045366406440735,0.008044795133173466,0.08969277888536453
5343,1.7542189359664917,1e-07,1.2331293,1.7492632,1.3225971,0.01299963053315878,0.08045154809951782,0.008043784648180008,0.08968714624643326
5344,1.754194736480713,1e-07,1.233121,1.749239,1.322588,0.012998607940971851,0.08044940233230591,0.00804276205599308,0.08968144655227661
5345,1.7541693449020386,1e-07,1.2331125,1.7492136,1.3225784,0.012997593730688095,0.080447256565094,0.008041748777031898,0.08967579901218414
5346,1.7541451454162598,1e-07,1.2331043,1.7491894,1.3225693,0.012996580451726913,0.08044509589672089,0.008040735498070717,0.08967015147209167
5347,1.7541203498840332,1e-07,1.233096,1.7491646,1.3225598,0.01299553457647562,0.08044280111789703,0.008039689622819424,0.08966431766748428
5348,1.7540955543518066,1e-07,1.2330875,1.7491398,1.3225505,0.012994524091482162,0.0804407149553299,0.008038679137825966,0.08965868502855301
5349,1.7540702819824219,1e-07,1.233079,1.7491145,1.3225409,0.012993499636650085,0.08043849468231201,0.008037654682993889,0.08965297043323517
5350,1.7540453672409058,1e-07,1.2330704,1.7490896,1.3225315,0.012992480769753456,0.08043630421161652,0.00803663581609726,0.08964728564023972
5351,1.7540208101272583,1e-07,1.2330621,1.749065,1.3225223,0.012991472147405148,0.08043423295021057,0.008035627193748951,0.08964166045188904
5352,1.7539963722229004,1e-07,1.233054,1.7490406,1.322513,0.012990454211831093,0.08043210208415985,0.008034609258174896,0.08963598310947418
5353,1.7539715766906738,1e-07,1.2330456,1.7490158,1.3225036,0.012989446520805359,0.08042998611927032,0.008033601567149162,0.0896303579211235
5354,1.753947377204895,1e-07,1.2330374,1.7489916,1.3224945,0.012988448143005371,0.0804278701543808,0.008032603189349174,0.0896247923374176
5355,1.7539219856262207,1e-07,1.2330288,1.7489662,1.3224849,0.01298741064965725,0.08042559027671814,0.008031565696001053,0.08961900323629379
5356,1.753896713256836,1e-07,1.2330202,1.748941,1.3224753,0.012986404821276665,0.08042353391647339,0.008030559867620468,0.08961339294910431
5357,1.7538728713989258,1e-07,1.2330121,1.7489171,1.3224663,0.012985357083380222,0.08042113482952118,0.008029512129724026,0.08960754424333572
5358,1.7538484334945679,1e-07,1.2330037,1.7488927,1.3224571,0.01298434752970934,0.08041903376579285,0.008028502576053143,0.08960191160440445
5359,1.753823161125183,1e-07,1.2329952,1.7488674,1.3224475,0.012983372434973717,0.08041712641716003,0.00802752748131752,0.0895964726805687
5360,1.7537986040115356,1e-07,1.2329869,1.7488428,1.3224382,0.012982338666915894,0.08041492104530334,0.008026494644582272,0.08959070593118668
5361,1.7537732124328613,1e-07,1.2329783,1.7488174,1.3224286,0.012981323525309563,0.08041267096996307,0.00802547950297594,0.08958504348993301
5362,1.7537493705749512,1e-07,1.2329701,1.7487936,1.3224196,0.01298030000180006,0.08041049540042877,0.008024455979466438,0.08957932889461517
5363,1.7537237405776978,1e-07,1.2329615,1.748768,1.3224099,0.012979300692677498,0.08040842413902283,0.00802345760166645,0.08957375586032867
5364,1.7536994218826294,1e-07,1.2329534,1.7487437,1.3224007,0.012978271581232548,0.08040620386600494,0.0080224284902215,0.08956801146268845
5365,1.7536736726760864,1e-07,1.2329446,1.7487179,1.322391,0.012977270409464836,0.08040404319763184,0.008021427318453789,0.08956242352724075
5366,1.7536492347717285,1e-07,1.2329364,1.7486935,1.3223817,0.012976272962987423,0.08040197193622589,0.00802043080329895,0.08955685794353485
5367,1.7536252737045288,1e-07,1.2329282,1.7486695,1.3223727,0.012975224293768406,0.08039972186088562,0.008019383065402508,0.08955100923776627
5368,1.753600001335144,1e-07,1.2329196,1.7486442,1.3223631,0.012974253855645657,0.08039765059947968,0.008018411695957184,0.0895455852150917
5369,1.7535749673843384,1e-07,1.2329112,1.7486192,1.3223536,0.012973220087587833,0.08039543032646179,0.00801737792789936,0.08953981101512909
5370,1.75355064868927,1e-07,1.2329029,1.7485949,1.3223444,0.0129722123965621,0.0803932398557663,0.008016370236873627,0.08953418582677841
5371,1.753526210784912,1e-07,1.2328945,1.7485704,1.3223352,0.012971215881407261,0.08039124310016632,0.008015373721718788,0.08952862024307251
5372,1.7535017728805542,1e-07,1.2328863,1.748546,1.322326,0.012970167212188244,0.0803888738155365,0.008014325052499771,0.08952276408672333
5373,1.7534762620925903,1e-07,1.2328777,1.7485205,1.3223163,0.012969166971743107,0.08038678765296936,0.008013324812054634,0.08951717615127563
5374,1.7534514665603638,1e-07,1.2328693,1.7484957,1.322307,0.012968172319233418,0.08038471639156342,0.00801233109086752,0.08951162546873093
5375,1.7534270286560059,1e-07,1.232861,1.7484713,1.3222977,0.012967145070433617,0.08038239181041718,0.008011303842067719,0.0895058885216713
5376,1.7534022331237793,1e-07,1.2328526,1.7484465,1.3222884,0.012966137379407883,0.08038026094436646,0.008010296151041985,0.08950025588274002
5377,1.753377079963684,1e-07,1.2328442,1.7484213,1.3222789,0.012965123169124126,0.08037815988063812,0.008009281940758228,0.08949459344148636
5378,1.7533527612686157,1e-07,1.2328359,1.748397,1.3222697,0.012964115478098392,0.08037593960762024,0.008008274249732494,0.08948896080255508
5379,1.7533273696899414,1e-07,1.2328273,1.7483716,1.32226,0.012963127344846725,0.08037395775318146,0.008007286116480827,0.08948343992233276
5380,1.7533026933670044,1e-07,1.232819,1.7483469,1.3222507,0.012962102890014648,0.08037170767784119,0.00800626166164875,0.08947771787643433
5381,1.7532788515090942,1e-07,1.2328109,1.7483231,1.3222417,0.012961091473698616,0.0803695023059845,0.008005250245332718,0.08947206288576126
5382,1.7532531023025513,1e-07,1.2328022,1.7482973,1.322232,0.012960093095898628,0.08036735653877258,0.00800425186753273,0.08946648240089417
5383,1.7532285451889038,1e-07,1.2327938,1.7482728,1.3222227,0.012959073297679424,0.08036521077156067,0.0080032330006361,0.08946079015731812
5384,1.7532038688659668,1e-07,1.2327855,1.7482481,1.3222133,0.012958074919879436,0.08036309480667114,0.008002234622836113,0.08945520967245102
5385,1.753178596496582,1e-07,1.2327769,1.7482228,1.3222038,0.012957078404724598,0.08036094903945923,0.008001238107681274,0.08944963663816452
5386,1.7531546354293823,1e-07,1.2327687,1.7481989,1.3221947,0.012956059537827969,0.08035877346992493,0.008000219240784645,0.08944394439458847
5387,1.7531298398971558,1e-07,1.2327603,1.7481741,1.3221854,0.012955066747963428,0.08035668730735779,0.00799922738224268,0.08943840116262436
5388,1.75310480594635,1e-07,1.232752,1.748149,1.3221759,0.012954054400324821,0.08035452663898468,0.007998215034604073,0.0894327387213707
5389,1.7530804872512817,1e-07,1.2327437,1.7481247,1.3221667,0.012953022494912148,0.08035218715667725,0.007997183129191399,0.08942697197198868
5390,1.7530556917190552,1e-07,1.2327352,1.7480999,1.3221573,0.012952039949595928,0.0803501158952713,0.007996201515197754,0.08942148089408875
5391,1.7530303001403809,1e-07,1.2327266,1.7480745,1.3221477,0.012950999662280083,0.08034782111644745,0.007995161227881908,0.08941566199064255
5392,1.753005862236023,1e-07,1.2327183,1.7480501,1.3221384,0.012950055301189423,0.0803460031747818,0.007994217798113823,0.08941038697957993
5393,1.7529805898666382,1e-07,1.2327098,1.7480248,1.3221289,0.012948990799486637,0.08034354448318481,0.007993152365088463,0.08940443396568298
5394,1.7529562711715698,1e-07,1.2327014,1.7480005,1.3221197,0.012948001734912395,0.08034144341945648,0.007992163300514221,0.08939889818429947
5395,1.7529314756393433,1e-07,1.2326932,1.7479757,1.3221103,0.012947040610015392,0.0803394466638565,0.007991202175617218,0.08939352631568909
5396,1.7529067993164062,1e-07,1.2326847,1.747951,1.322101,0.012946000322699547,0.08033716678619385,0.007990161888301373,0.08938770741224289
5397,1.7528815269470215,1e-07,1.2326763,1.7479258,1.3220915,0.012944995425641537,0.08033500611782074,0.007989156991243362,0.08938208222389221
5398,1.7528573274612427,1e-07,1.232668,1.7479016,1.3220823,0.012944011949002743,0.08033294975757599,0.007988173514604568,0.08937658369541168
5399,1.7528325319290161,1e-07,1.2326596,1.7478768,1.3220729,0.012942968867719173,0.08033058047294617,0.007987130433321,0.08937074989080429
5400,1.7528074979782104,1e-07,1.2326512,1.7478517,1.3220634,0.012941978871822357,0.08032847940921783,0.007986141368746758,0.08936521410942078
5401,1.7527819871902466,1e-07,1.2326425,1.7478262,1.3220538,0.012940991669893265,0.0803263932466507,0.007985154166817665,0.08935969322919846
5402,1.7527581453323364,1e-07,1.2326345,1.7478024,1.3220447,0.01293997187167406,0.08032414317131042,0.007984134368598461,0.08935398608446121
5403,1.7527326345443726,1e-07,1.2326258,1.7477769,1.3220351,0.012938964180648327,0.08032199740409851,0.007983126677572727,0.08934834599494934
5404,1.752708911895752,1e-07,1.2326179,1.7477531,1.3220261,0.012937940657138824,0.08031976222991943,0.007982103154063225,0.0893426164984703
5405,1.752683162689209,1e-07,1.2326092,1.7477274,1.3220164,0.012936985120177269,0.08031779527664185,0.007981148548424244,0.08933727443218231
5406,1.7526589632034302,1e-07,1.2326008,1.7477032,1.3220073,0.012935969978570938,0.08031556010246277,0.007980132475495338,0.08933158963918686
5407,1.7526341676712036,1e-07,1.2325925,1.7476784,1.3219979,0.012934979051351547,0.08031344413757324,0.007979141548275948,0.08932603895664215
5408,1.7526097297668457,1e-07,1.2325841,1.747654,1.3219886,0.012933950871229172,0.08031117916107178,0.007978114299476147,0.08932028710842133
5409,1.7525843381881714,1e-07,1.2325755,1.7476286,1.321979,0.012932947836816311,0.08030897378921509,0.007977111265063286,0.08931467682123184
5410,1.7525601387023926,1e-07,1.2325673,1.7476044,1.3219699,0.012932002544403076,0.08030712604522705,0.007976165041327477,0.08930937945842743
5411,1.7525347471237183,1e-07,1.2325587,1.747579,1.3219603,0.012930994853377342,0.08030496537685394,0.007975159212946892,0.08930374681949615
5412,1.7525101900100708,1e-07,1.2325505,1.7475544,1.321951,0.012929968535900116,0.08030253648757935,0.007974132895469666,0.08929800242185593
5413,1.7524853944778442,1e-07,1.232542,1.7475296,1.3219416,0.012928967364132404,0.08030045032501221,0.007973132655024529,0.08929239958524704
5414,1.7524609565734863,1e-07,1.2325338,1.7475052,1.3219323,0.012927984818816185,0.08029837906360626,0.007972149178385735,0.08928689360618591
5415,1.7524369955062866,1e-07,1.2325256,1.7474812,1.3219233,0.012926972471177578,0.08029612898826599,0.007971137762069702,0.08928123116493225
5416,1.7524123191833496,1e-07,1.2325172,1.7474566,1.321914,0.012925981543958187,0.08029404282569885,0.007970146834850311,0.08927568048238754
5417,1.7523865699768066,1e-07,1.2325085,1.7474308,1.3219042,0.012924998067319393,0.08029195666313171,0.007969163358211517,0.08927016705274582
5418,1.75236177444458,1e-07,1.2325001,1.747406,1.3218949,0.0129240108653903,0.08028978109359741,0.007968176156282425,0.0892646387219429
5419,1.7523366212844849,1e-07,1.2324916,1.7473809,1.3218853,0.012922965921461582,0.08028745651245117,0.007967131212353706,0.08925879001617432
5420,1.752312183380127,1e-07,1.2324833,1.7473564,1.321876,0.012921986170113087,0.08028540015220642,0.007966151461005211,0.08925329893827438
5421,1.75228750705719,1e-07,1.2324749,1.7473317,1.3218668,0.012920984998345375,0.08028317987918854,0.0079651502892375,0.0892476886510849
5422,1.7522634267807007,1e-07,1.2324668,1.7473077,1.3218577,0.012920030392706394,0.08028121292591095,0.007964195683598518,0.08924233913421631
5423,1.7522377967834473,1e-07,1.2324581,1.747282,1.3218479,0.012919007800519466,0.08027893304824829,0.00796317309141159,0.08923660963773727
5424,1.7522131204605103,1e-07,1.2324498,1.7472574,1.3218386,0.012917988933622837,0.08027666807174683,0.007962154224514961,0.08923090249300003
5425,1.7521885633468628,1e-07,1.2324414,1.7472328,1.3218293,0.0129169886931777,0.08027446269989014,0.007961153984069824,0.08922529965639114
5426,1.7521635293960571,1e-07,1.2324331,1.7472078,1.3218199,0.0129160201177001,0.08027254045009613,0.007960186339914799,0.08921987563371658
5427,1.7521389722824097,1e-07,1.2324246,1.7471832,1.3218106,0.012915026396512985,0.08027037978172302,0.007959192618727684,0.08921431005001068
5428,1.7521138191223145,1e-07,1.2324162,1.747158,1.3218011,0.012913987040519714,0.08026796579360962,0.007958153262734413,0.08920848369598389
5429,1.752089500427246,1e-07,1.2324079,1.7471337,1.3217919,0.012913025915622711,0.08026592433452606,0.00795719213783741,0.08920309692621231
5430,1.7520651817321777,1e-07,1.2323996,1.7471094,1.3217827,0.012912034057080746,0.08026379346847534,0.007956201210618019,0.089197538793087
5431,1.752039909362793,1e-07,1.232391,1.7470841,1.321773,0.012911034747958183,0.08026161789894104,0.007955200970172882,0.08919193595647812
5432,1.7520151138305664,1e-07,1.2323827,1.7470593,1.3217638,0.012910054065287113,0.08025951683521271,0.007954221218824387,0.08918643742799759
5433,1.7519906759262085,1e-07,1.2323743,1.7470349,1.3217545,0.012909033335745335,0.08025726675987244,0.007953200489282608,0.08918071538209915
5434,1.751966118812561,1e-07,1.232366,1.7470104,1.3217452,0.012908076867461205,0.08025527000427246,0.007952244952321053,0.08917535841464996
5435,1.7519410848617554,1e-07,1.2323576,1.7469853,1.3217357,0.012907072901725769,0.08025310933589935,0.007951240986585617,0.08916973322629929
5436,1.7519159317016602,1e-07,1.232349,1.7469602,1.3217262,0.012906065210700035,0.08025076985359192,0.007950234226882458,0.08916408568620682
5437,1.7518919706344604,1e-07,1.2323409,1.7469362,1.3217171,0.012905065901577473,0.0802486389875412,0.00794923398643732,0.08915847539901733
5438,1.7518664598464966,1e-07,1.2323323,1.7469107,1.3217075,0.01290409080684185,0.08024662733078003,0.007948258891701698,0.08915300667285919
5439,1.7518410682678223,1e-07,1.2323236,1.7468853,1.3216978,0.012903125956654549,0.08024445176124573,0.007947294041514397,0.08914759755134583
5440,1.7518168687820435,1e-07,1.2323155,1.7468611,1.3216888,0.012902085669338703,0.0802420824766159,0.007946253754198551,0.08914176374673843
5441,1.751792073249817,1e-07,1.2323071,1.7468363,1.3216794,0.012901072390377522,0.0802399069070816,0.007945241406559944,0.08913608640432358
5442,1.751767635345459,1e-07,1.2322987,1.7468119,1.32167,0.012900133617222309,0.08023799955844879,0.007944302633404732,0.08913081884384155
5443,1.751742959022522,1e-07,1.2322904,1.7467872,1.3216608,0.01289911288768053,0.08023561537265778,0.007943281903862953,0.08912508934736252
5444,1.7517180442810059,1e-07,1.232282,1.7467623,1.3216513,0.012898106127977371,0.08023339509963989,0.007942275144159794,0.08911944180727005
5445,1.7516932487487793,1e-07,1.2322736,1.7467375,1.3216419,0.012897180393338203,0.08023153245449066,0.007941349409520626,0.089114248752594
5446,1.7516685724258423,1e-07,1.2322654,1.7467128,1.3216326,0.012896140106022358,0.08022922277450562,0.007940310053527355,0.0891084149479866
5447,1.7516436576843262,1e-07,1.2322568,1.7466879,1.3216232,0.012895157560706139,0.0802270770072937,0.007939327508211136,0.08910290151834488
5448,1.7516192197799683,1e-07,1.2322484,1.7466635,1.3216139,0.012894192710518837,0.08022497594356537,0.007938362658023834,0.08909749239683151
5449,1.7515939474105835,1e-07,1.2322398,1.7466382,1.3216044,0.012893185019493103,0.08022275567054749,0.0079373549669981,0.08909183740615845
5450,1.7515698671340942,1e-07,1.2322317,1.7466141,1.3215953,0.012892182916402817,0.0802205353975296,0.007936353795230389,0.08908621221780777
5451,1.7515443563461304,1e-07,1.232223,1.7465886,1.3215857,0.012891219928860664,0.08021846413612366,0.007935389876365662,0.0890808030962944
5452,1.751520037651062,1e-07,1.2322149,1.7465643,1.3215765,0.012890219688415527,0.08021630346775055,0.007934389635920525,0.08907519280910492
5453,1.751495361328125,1e-07,1.2322065,1.7465396,1.321567,0.01288922131061554,0.08021403849124908,0.007933391258120537,0.08906958997249603
5454,1.7514710426330566,1e-07,1.2321982,1.7465153,1.3215579,0.012888258323073387,0.08021199703216553,0.007932428270578384,0.08906418085098267
5455,1.7514461278915405,1e-07,1.2321898,1.7464904,1.3215485,0.012887271121144295,0.08020985126495361,0.007931441068649292,0.08905863761901855
5456,1.751421332359314,1e-07,1.2321814,1.7464656,1.321539,0.012886259704828262,0.08020758628845215,0.007930430583655834,0.0890529677271843
5457,1.7513965368270874,1e-07,1.2321731,1.7464408,1.3215297,0.012885299511253834,0.08020555973052979,0.00792947132140398,0.08904758095741272
5458,1.7513715028762817,1e-07,1.2321645,1.7464157,1.3215202,0.012884330004453659,0.08020350337028503,0.007928501814603806,0.08904213458299637
5459,1.751346468925476,1e-07,1.2321559,1.7463907,1.3215108,0.01288329716771841,0.08020113408565521,0.007927468977868557,0.08903633803129196
5460,1.7513219118118286,1e-07,1.2321477,1.7463661,1.3215015,0.012882311828434467,0.0801989734172821,0.007926483638584614,0.08903080224990845
5461,1.7512978315353394,1e-07,1.2321395,1.7463421,1.3214923,0.012881317175924778,0.08019670844078064,0.007925489917397499,0.08902522176504135
5462,1.7512725591659546,1e-07,1.232131,1.7463168,1.3214828,0.01288036722689867,0.08019471168518066,0.007924539037048817,0.08901987969875336
5463,1.751247525215149,1e-07,1.2321225,1.7462918,1.3214734,0.01287937629967928,0.08019259572029114,0.007923548109829426,0.08901431411504745
5464,1.751223087310791,1e-07,1.2321142,1.7462673,1.3214641,0.012878398410975933,0.08019039034843445,0.007922571152448654,0.08900882303714752
5465,1.7511969804763794,1e-07,1.2321054,1.7462412,1.3214542,0.012877389788627625,0.08018812537193298,0.007921561598777771,0.08900315314531326
5466,1.7511731386184692,1e-07,1.2320973,1.7462174,1.3214452,0.01287642028182745,0.08018612861633301,0.007920593023300171,0.08899771422147751
5467,1.7511485815048218,1e-07,1.2320889,1.7461928,1.3214359,0.012875455431640148,0.08018393814563751,0.00791962817311287,0.08899229019880295
5468,1.7511234283447266,1e-07,1.2320805,1.7461677,1.3214264,0.012874475680291653,0.08018186688423157,0.007918648421764374,0.08898678421974182
5469,1.7510994672775269,1e-07,1.2320724,1.7461437,1.3214173,0.0128734540194273,0.08017949759960175,0.00791762676090002,0.08898104727268219
5470,1.751073956489563,1e-07,1.2320637,1.7461182,1.3214077,0.012872480787336826,0.08017738163471222,0.007916653528809547,0.08897557854652405
5471,1.7510498762130737,1e-07,1.2320555,1.7460941,1.3213985,0.012871524319052696,0.08017532527446747,0.007915697991847992,0.08897020667791367
5472,1.7510250806808472,1e-07,1.2320471,1.7460693,1.3213892,0.012870481237769127,0.08017292618751526,0.007914654910564423,0.08896434307098389
5473,1.7510004043579102,1e-07,1.2320386,1.7460446,1.3213798,0.012869568541646004,0.0801711231470108,0.0079137422144413,0.0889592170715332
5474,1.7509750127792358,1e-07,1.23203,1.7460192,1.3213702,0.012868578545749187,0.08016887307167053,0.007912752218544483,0.0889536514878273
