epoch,loss,lr,mae,mse,rmse,val_loss,val_mae,val_mse,val_rmse
0,1.315156102180481,1e-04,0.19028191,0.04372746,0.20911112,1.4546422958374023,0.4261116087436676,0.18519891798496246,0.4303474426269531
1,1.3097729682922363,1e-04,0.19026452,0.0403297,0.20082256,1.4526625871658325,0.4261675477027893,0.18524214625358582,0.4303976595401764
2,1.305496335029602,1e-04,0.1898719,0.038075816,0.19513026,1.4506899118423462,0.42627066373825073,0.18532614409923553,0.4304952323436737
3,1.3019717931747437,1e-04,0.18907066,0.036608055,0.19133231,1.4487327337265015,0.42642420530319214,0.18545383214950562,0.4306434988975525
4,1.2989150285720825,1e-04,0.18792044,0.035636168,0.18877545,1.4467934370040894,0.42662641406059265,0.18562361598014832,0.4308405816555023
5,1.296148419380188,1e-04,0.18653055,0.034978572,0.18702559,1.4448704719543457,0.42687171697616577,0.18583086133003235,0.43108102679252625
6,1.2935763597488403,1e-04,0.18501806,0.034536783,0.18584074,1.4429588317871094,0.4271528124809265,0.18606925010681152,0.4313574433326721
7,1.2911475896835327,1e-04,0.1834873,0.034258056,0.18508932,1.4410529136657715,0.4274612069129944,0.18633145093917847,0.4316612780094147
8,1.2888282537460327,1e-04,0.1820216,0.034106817,0.18468031,1.439146876335144,0.4277883470058441,0.18661010265350342,0.43198391795158386
9,1.2865849733352661,1e-04,0.18068023,0.034048107,0.18452129,1.4372376203536987,0.42812657356262207,0.1868986338376999,0.43231773376464844
10,1.2843822240829468,1e-04,0.17949797,0.03404326,0.18450816,1.4353221654891968,0.4284701347351074,0.18719205260276794,0.4326569736003876
11,1.2821851968765259,1e-04,0.17848897,0.034055002,0.18453997,1.433402419090271,0.4288158714771271,0.1874876618385315,0.4329984486103058
12,1.2799700498580933,1e-04,0.1776532,0.03405533,0.18454087,1.4314789772033691,0.4291629493236542,0.18778464198112488,0.43334126472473145
13,1.2777241468429565,1e-04,0.17698304,0.034029827,0.18447176,1.4295545816421509,0.4295124411582947,0.18808399140834808,0.4336865246295929
14,1.2754470109939575,1e-04,0.17646761,0.033976432,0.18432698,1.427633285522461,0.4298665523529053,0.1883876770734787,0.4340364933013916
15,1.273146152496338,1e-04,0.17609406,0.033900604,0.18412116,1.4257177114486694,0.43022844195365906,0.1886983960866928,0.43439429998397827
16,1.270829677581787,1e-04,0.17584771,0.03381029,0.18387575,1.4238111972808838,0.4306013286113739,0.18901899456977844,0.4347631335258484
17,1.2685041427612305,1e-04,0.1757114,0.033711884,0.18360797,1.4219175577163696,0.43098822236061096,0.1893521547317505,0.43514612317085266
18,1.266174077987671,1e-04,0.17566574,0.033608623,0.18332654,1.4200390577316284,0.4313916563987732,0.18970009684562683,0.43554574251174927
19,1.263839602470398,1e-04,0.1756898,0.033500716,0.183032,1.418176293373108,0.43181297183036804,0.19006407260894775,0.43596339225769043
20,1.2614991664886475,1e-04,0.17576282,0.033386964,0.182721,1.4163312911987305,0.432252436876297,0.19044432044029236,0.43639928102493286
21,1.2591536045074463,1e-04,0.17586613,0.033266574,0.18239127,1.4145026206970215,0.4327090084552765,0.1908400058746338,0.4368523955345154
22,1.256803035736084,1e-04,0.17598426,0.033140436,0.18204515,1.4126890897750854,0.4331805109977722,0.19124925136566162,0.4373205304145813
23,1.2544511556625366,1e-04,0.17610578,0.033011407,0.18169041,1.4108877182006836,0.4336637854576111,0.1916692703962326,0.43780049681663513
24,1.2521021366119385,1e-04,0.17622311,0.0328837,0.18133864,1.4090958833694458,0.4341549575328827,0.1920967698097229,0.43828845024108887
25,1.2497609853744507,1e-04,0.17633177,0.032761715,0.18100198,1.4073090553283691,0.4346497058868408,0.1925279200077057,0.4387800395488739
26,1.2474299669265747,1e-04,0.17642958,0.032648873,0.18068999,1.4055237770080566,0.4351435899734497,0.1929587721824646,0.4392707347869873
27,1.2451117038726807,1e-04,0.17651564,0.032546643,0.18040688,1.4037359952926636,0.43563228845596313,0.19338560104370117,0.43975630402565
28,1.2428048849105835,1e-04,0.17658949,0.03245451,0.18015136,1.4019430875778198,0.4361121654510498,0.19380508363246918,0.4402329921722412
29,1.2405081987380981,1e-04,0.17665066,0.032370336,0.17991759,1.4001420736312866,0.4365804195404053,0.19421474635601044,0.4406980276107788
30,1.238218903541565,1e-04,0.17669825,0.032291416,0.17969812,1.398331880569458,0.43703532218933105,0.1946130245923996,0.44114965200424194
31,1.2359341382980347,1e-04,0.17673059,0.032215375,0.17948642,1.3965120315551758,0.43747633695602417,0.19499936699867249,0.44158732891082764
32,1.2336534261703491,1e-04,0.1767453,0.0321407,0.17927827,1.394682765007019,0.43790382146835327,0.19537413120269775,0.44201144576072693
33,1.2313754558563232,1e-04,0.1767391,0.032066748,0.1790719,1.3928459882736206,0.43831920623779297,0.19573846459388733,0.44242340326309204
34,1.2291008234024048,1e-04,0.17670812,0.031993296,0.1788667,1.3910030126571655,0.4387243390083313,0.19609402120113373,0.442825049161911
35,1.2268290519714355,1e-04,0.17664802,0.031919982,0.17866164,1.3891557455062866,0.4391213357448578,0.19644266366958618,0.44321852922439575
36,1.2245590686798096,1e-04,0.17655462,0.031846024,0.17845455,1.3873062133789062,0.43951231241226196,0.1967862993478775,0.44360601902008057
37,1.2222901582717896,1e-04,0.17642452,0.03177032,0.17824231,1.3854562044143677,0.4398990869522095,0.19712643325328827,0.44398921728134155
38,1.2200214862823486,1e-04,0.1762559,0.031691745,0.17802176,1.3836064338684082,0.4402829110622406,0.19746427237987518,0.44436952471733093
39,1.2177517414093018,1e-04,0.17604904,0.031609643,0.17779101,1.3817579746246338,0.44066447019577026,0.1978003978729248,0.44474756717681885
40,1.2154816389083862,1e-04,0.17580633,0.031524032,0.17755008,1.3799115419387817,0.4410438537597656,0.19813492894172668,0.44512349367141724
41,1.213212251663208,1e-04,0.17553253,0.03143569,0.17730112,1.3780654668807983,0.4414207637310028,0.1984674632549286,0.44549688696861267
42,1.2109436988830566,1e-04,0.17523392,0.031345803,0.17704746,1.3762198686599731,0.44179439544677734,0.19879740476608276,0.44586703181266785
43,1.208678126335144,1e-04,0.17491774,0.0312556,0.17679253,1.374373435974121,0.44216400384902954,0.19912397861480713,0.4462330937385559
44,1.2064155340194702,1e-04,0.17459168,0.031166023,0.17653902,1.3725262880325317,0.4425288438796997,0.19944657385349274,0.4465944170951843
45,1.2041572332382202,1e-04,0.1742628,0.031077558,0.17628828,1.3706773519515991,0.4428884983062744,0.19976481795310974,0.4469505846500397
46,1.2019028663635254,1e-04,0.17393737,0.030990316,0.17604066,1.3688268661499023,0.4432431161403656,0.20007875561714172,0.44730162620544434
47,1.1996523141860962,1e-04,0.17362034,0.03090421,0.17579593,1.3669754266738892,0.44359326362609863,0.20038896799087524,0.4476482570171356
48,1.1974055767059326,1e-04,0.1733151,0.030819116,0.17555374,1.365123987197876,0.44394010305404663,0.2006964385509491,0.4479915499687195
49,1.1951625347137451,1e-04,0.1730237,0.030735053,0.17531416,1.3632735013961792,0.44428518414497375,0.2010025680065155,0.44833308458328247
50,1.1929230690002441,1e-04,0.17274685,0.030652083,0.17507736,1.3614264726638794,0.44463035464286804,0.20130902528762817,0.448674738407135
51,1.190687656402588,1e-04,0.17248411,0.030570216,0.1748434,1.359583854675293,0.44497740268707275,0.20161744952201843,0.44901832938194275
52,1.1884558200836182,1e-04,0.17223436,0.03048936,0.17461203,1.3577477931976318,0.44532811641693115,0.20192940533161163,0.4493655562400818
53,1.1862276792526245,1e-04,0.17199595,0.030409222,0.1743824,1.3559191226959229,0.4456837475299835,0.20224611461162567,0.44971781969070435
54,1.18400239944458,1e-04,0.17176734,0.030329451,0.17415352,1.3540986776351929,0.4460451304912567,0.20256827771663666,0.4500758647918701
55,1.1817800998687744,1e-04,0.1715471,0.030249706,0.17392443,1.3522865772247314,0.4464125633239746,0.20289616286754608,0.4504399597644806
56,1.1795601844787598,1e-04,0.17133439,0.030169763,0.17369445,1.3504828214645386,0.4467856287956238,0.20322950184345245,0.4508098363876343
57,1.1773428916931152,1e-04,0.1711288,0.030089619,0.1734636,1.3486865758895874,0.44716358184814453,0.20356754958629608,0.45118460059165955
58,1.17512845993042,1e-04,0.17093034,0.030009352,0.17323208,1.3468974828720093,0.44754520058631897,0.20390920341014862,0.4515630602836609
59,1.1729174852371216,1e-04,0.17073937,0.029929152,0.17300044,1.345112919807434,0.4479290544986725,0.2042532116174698,0.4519438147544861
60,1.1707088947296143,1e-04,0.17055602,0.029849142,0.17276904,1.3433330059051514,0.44831371307373047,0.20459824800491333,0.45232537388801575
61,1.1685041189193726,1e-04,0.17038041,0.02976942,0.17253818,1.3415557146072388,0.44869786500930786,0.20494315028190613,0.4527064859867096
62,1.1663025617599487,1e-04,0.17021199,0.029689977,0.1723078,1.3397806882858276,0.4490804672241211,0.20528694987297058,0.4530860185623169
63,1.1641045808792114,1e-04,0.17004974,0.029610813,0.17207792,1.338006615638733,0.44946080446243286,0.20562897622585297,0.4534633159637451
64,1.161909580230713,1e-04,0.16989209,0.029531935,0.17184858,1.336234211921692,0.44983863830566406,0.20596900582313538,0.4538380801677704
65,1.1597185134887695,1e-04,0.16973688,0.029453361,0.17161982,1.3344628810882568,0.4502139091491699,0.20630696415901184,0.4542102515697479
66,1.1575310230255127,1e-04,0.16958167,0.02937513,0.17139174,1.3326926231384277,0.45058679580688477,0.20664304494857788,0.45458006858825684
67,1.1553468704223633,1e-04,0.16942383,0.02929725,0.1711644,1.3309240341186523,0.45095765590667725,0.20697757601737976,0.45494788885116577
68,1.1531661748886108,1e-04,0.16926093,0.029219672,0.17093763,1.329158067703247,0.45132675766944885,0.20731079578399658,0.45531395077705383
69,1.1509895324707031,1e-04,0.16909088,0.029142292,0.17071113,1.327393889427185,0.4516943693161011,0.20764291286468506,0.4556785225868225
70,1.1488159894943237,1e-04,0.16891222,0.029065007,0.17048463,1.325632095336914,0.4520605504512787,0.20797401666641235,0.45604169368743896
71,1.1466457843780518,1e-04,0.1687242,0.02898772,0.1702578,1.323872685432434,0.45242512226104736,0.20830389857292175,0.4564032256603241
72,1.1444792747497559,1e-04,0.16852695,0.028910397,0.17003058,1.3221149444580078,0.4527878165245056,0.20863234996795654,0.4567629098892212
73,1.1423156261444092,1e-04,0.16832115,0.028833004,0.16980284,1.3203589916229248,0.4531483054161072,0.20895901322364807,0.4571203589439392
74,1.140155553817749,1e-04,0.16810817,0.028755583,0.16957471,1.3186041116714478,0.4535060524940491,0.20928344130516052,0.45747506618499756
75,1.1379989385604858,1e-04,0.16788965,0.02867818,0.16934633,1.3168503046035767,0.4538607895374298,0.2096053659915924,0.45782679319381714
76,1.1358457803726196,1e-04,0.16766731,0.028600814,0.16911775,1.3150967359542847,0.45421236753463745,0.20992466807365417,0.4581753611564636
77,1.1336954832077026,1e-04,0.1674427,0.02852352,0.16888908,1.3133440017700195,0.4545608460903168,0.21024131774902344,0.4585207998752594
78,1.1315490007400513,1e-04,0.16721721,0.028446322,0.16866037,1.3115923404693604,0.45490649342536926,0.21055561304092407,0.45886340737342834
79,1.1294059753417969,1e-04,0.16699179,0.028369268,0.16843179,1.3098423480987549,0.4552498757839203,0.21086807548999786,0.4592037498950958
80,1.1272666454315186,1e-04,0.166767,0.028292388,0.16820341,1.3080941438674927,0.4555916488170624,0.21117928624153137,0.45954248309135437
81,1.125130534172058,1e-04,0.16654317,0.028215742,0.16797543,1.3063486814498901,0.4559326171875,0.21149000525474548,0.45988041162490845
82,1.1229981184005737,1e-04,0.16632026,0.028139347,0.16774787,1.3046066761016846,0.45627355575561523,0.21180090308189392,0.46021831035614014
83,1.1208689212799072,1e-04,0.16609816,0.0280632,0.16752075,1.3028688430786133,0.45661506056785583,0.21211260557174683,0.46055683493614197
84,1.1187434196472168,1e-04,0.16587687,0.027987316,0.1672941,1.3011356592178345,0.4569576680660248,0.21242555975914001,0.46089646220207214
85,1.116621732711792,1e-04,0.16565633,0.027911672,0.16706787,1.2994070053100586,0.45730164647102356,0.21274001896381378,0.46123749017715454
86,1.1145031452178955,1e-04,0.16543673,0.027836256,0.16684201,1.2976833581924438,0.45764702558517456,0.2130560278892517,0.46157991886138916
87,1.1123884916305542,1e-04,0.1652184,0.027761059,0.1666165,1.2959645986557007,0.45799362659454346,0.21337342262268066,0.46192359924316406
88,1.1102772951126099,1e-04,0.1650017,0.02768608,0.16639134,1.2942497730255127,0.45834115147590637,0.21369194984436035,0.46226826310157776
89,1.1081691980361938,1e-04,0.1647871,0.027611315,0.16616653,1.292539358139038,0.45868921279907227,0.21401120722293854,0.46261346340179443
90,1.106064796447754,1e-04,0.16457494,0.027536774,0.16594209,1.290832281112671,0.4590374231338501,0.21433083713054657,0.46295878291130066
91,1.103963851928711,1e-04,0.16436538,0.027462438,0.16571794,1.2891286611557007,0.4593854546546936,0.21465054154396057,0.46330395340919495
92,1.1018664836883545,1e-04,0.16415842,0.027388314,0.16549414,1.2874282598495483,0.45973294973373413,0.21497000753879547,0.46364858746528625
93,1.0997726917266846,1e-04,0.16395377,0.027314393,0.16527067,1.2857307195663452,0.4600798189640045,0.2152891457080841,0.4639926254749298
94,1.097682237625122,1e-04,0.1637509,0.027240673,0.16504748,1.2840361595153809,0.4604259729385376,0.21560785174369812,0.46433591842651367
95,1.0955954790115356,1e-04,0.16354911,0.027167156,0.16482462,1.2823446989059448,0.460771381855011,0.2159261405467987,0.4646785259246826
96,1.0935122966766357,1e-04,0.1633476,0.027093837,0.16460206,1.2806557416915894,0.46111616492271423,0.21624404191970825,0.46502047777175903
97,1.0914324522018433,1e-04,0.16314559,0.027020706,0.16437976,1.2789702415466309,0.46146032214164734,0.21656161546707153,0.4653618037700653
98,1.0893563032150269,1e-04,0.1629424,0.026947757,0.16415772,1.2772873640060425,0.4618037939071655,0.21687880158424377,0.46570247411727905
99,1.0872834920883179,1e-04,0.16273752,0.02687498,0.1639359,1.2756075859069824,0.4621465802192688,0.2171955704689026,0.4660424590110779
100,1.085214376449585,1e-04,0.16253068,0.026802376,0.1637143,1.273930311203003,0.4624885022640228,0.21751178801059723,0.46638157963752747
101,1.08314847946167,1e-04,0.16232184,0.026729917,0.16349286,1.2722560167312622,0.4628294110298157,0.21782727539539337,0.46671968698501587
102,1.081086277961731,1e-04,0.16211115,0.026657613,0.16327159,1.2705841064453125,0.4631690979003906,0.21814191341400146,0.46705666184425354
103,1.0790276527404785,1e-04,0.16189891,0.026585465,0.1630505,1.2689144611358643,0.46350741386413574,0.21845543384552002,0.4673921763896942
104,1.076972484588623,1e-04,0.16168553,0.026513467,0.16282956,1.2672473192214966,0.46384429931640625,0.21876785159111023,0.4677262604236603
105,1.0749210119247437,1e-04,0.16147144,0.026441632,0.16260883,1.2655823230743408,0.4641796350479126,0.21907904744148254,0.4680587947368622
106,1.0728731155395508,1e-04,0.16125698,0.026369954,0.16238828,1.2639191150665283,0.46451354026794434,0.2193891555070877,0.46838995814323425
107,1.0708284378051758,1e-04,0.16104245,0.026298448,0.16216797,1.2622584104537964,0.4648462235927582,0.21969829499721527,0.46871984004974365
108,1.0687872171401978,1e-04,0.16082796,0.026227111,0.16194786,1.2606003284454346,0.46517786383628845,0.22000670433044434,0.46904870867729187
109,1.0667496919631958,1e-04,0.16061364,0.026155954,0.16172802,1.2589454650878906,0.4655088186264038,0.22031468152999878,0.46937692165374756
110,1.0647157430648804,1e-04,0.16039948,0.026084995,0.1615085,1.257293462753296,0.46583929657936096,0.22062243521213531,0.46970462799072266
111,1.062685251235962,1e-04,0.16018544,0.026014214,0.16128923,1.2556447982788086,0.4661695659160614,0.22093020379543304,0.47003212571144104
112,1.06065833568573,1e-04,0.15997161,0.025943637,0.16107029,1.2539993524551392,0.46649986505508423,0.22123822569847107,0.4703596830368042
113,1.0586344003677368,1e-04,0.15975791,0.02587325,0.16085164,1.252358317375183,0.46683019399642944,0.22154653072357178,0.47068729996681213
114,1.056614875793457,1e-04,0.15954451,0.025803057,0.1606333,1.2507202625274658,0.4671606719493866,0.22185516357421875,0.4710150361061096
115,1.0545982122421265,1e-04,0.15933149,0.02573306,0.16041528,1.2490856647491455,0.46749114990234375,0.2221640646457672,0.4713428318500519
116,1.0525848865509033,1e-04,0.15911901,0.025663262,0.16019757,1.2474552392959595,0.4678215980529785,0.22247314453125,0.47167059779167175
117,1.050575852394104,1e-04,0.15890726,0.025593663,0.1599802,1.2458276748657227,0.46815189719200134,0.22278228402137756,0.4719981849193573
118,1.048569679260254,1e-04,0.15869631,0.02552425,0.1597631,1.2442034482955933,0.4684818387031555,0.22309133410453796,0.4723254442214966
119,1.0465670824050903,1e-04,0.15848628,0.02545504,0.15954636,1.2425824403762817,0.46881139278411865,0.22340017557144165,0.47265228629112244
120,1.0445683002471924,1e-04,0.15827705,0.025386015,0.15932989,1.240964412689209,0.4691403806209564,0.22370877861976624,0.4729786217212677
121,1.0425727367401123,1e-04,0.15806858,0.025317179,0.15911373,1.239349365234375,0.469468891620636,0.22401711344718933,0.4733044505119324
122,1.0405807495117188,1e-04,0.15786067,0.025248535,0.15889788,1.2377305030822754,0.46979761123657227,0.22432586550712585,0.47363051772117615
123,1.0385844707489014,1e-04,0.15765227,0.02517981,0.15868148,1.236121654510498,0.4701249301433563,0.22463349997997284,0.4739551544189453
124,1.0365996360778809,1e-04,0.15744479,0.025111532,0.15846619,1.2345153093338013,0.470451682806015,0.22494085133075714,0.4742792844772339
125,1.0346177816390991,1e-04,0.1572372,0.025043428,0.15825115,1.232912302017212,0.47077786922454834,0.2252478301525116,0.4746028184890747
126,1.032639980316162,1e-04,0.15702935,0.02497551,0.15803643,1.2313122749328613,0.47110337018966675,0.22555440664291382,0.474925696849823
127,1.030665636062622,1e-04,0.15682115,0.024907758,0.15782192,1.2297145128250122,0.471428245306015,0.225860595703125,0.47524791955947876
128,1.0286940336227417,1e-04,0.15661262,0.024840193,0.15760772,1.2281200885772705,0.4717523455619812,0.2261662632226944,0.47556939721107483
129,1.0267266035079956,1e-04,0.15640374,0.024772799,0.15739377,1.2265281677246094,0.4720756411552429,0.22647134959697723,0.47589007019996643
130,1.0247623920440674,1e-04,0.15619466,0.024705572,0.15718006,1.224938988685608,0.4723980724811554,0.2267758548259735,0.4762098789215088
131,1.0228016376495361,1e-04,0.15598549,0.024638524,0.15696664,1.2233525514602661,0.47271960973739624,0.22707971930503845,0.4765288233757019
132,1.0208444595336914,1e-04,0.15577632,0.024571644,0.15675345,1.2217684984207153,0.47304028272628784,0.22738294303417206,0.4768468737602234
133,1.0188905000686646,1e-04,0.15556727,0.024504945,0.15654056,1.2201875448226929,0.4733601212501526,0.22768555581569672,0.477164089679718
134,1.0169404745101929,1e-04,0.15535839,0.024438411,0.15632789,1.218609094619751,0.4736791253089905,0.227987602353096,0.4774804711341858
135,1.0149935483932495,1e-04,0.15514977,0.024372065,0.15611555,1.2170333862304688,0.47399747371673584,0.22828924655914307,0.4777962267398834
136,1.0130499601364136,1e-04,0.1549414,0.0243059,0.1559035,1.2154606580734253,0.4743152856826782,0.22859054803848267,0.4781114459037781
137,1.0111100673675537,1e-04,0.15473324,0.024239914,0.15569173,1.2138910293579102,0.47463259100914,0.22889161109924316,0.4784261882305145
138,1.0091736316680908,1e-04,0.15452528,0.0241741,0.15548022,1.2123241424560547,0.4749494791030884,0.22919242084026337,0.4787404537200928
139,1.0072402954101562,1e-04,0.15431757,0.024108475,0.15526904,1.2107609510421753,0.4752660393714905,0.2294931858778,0.4790544807910919
140,1.0053107738494873,1e-04,0.15411007,0.02404303,0.15505815,1.209200382232666,0.4755823016166687,0.22979381680488586,0.4793681502342224
141,1.0033843517303467,1e-04,0.15390283,0.023977766,0.15484756,1.2076433897018433,0.4758981466293335,0.2300942987203598,0.47968146204948425
142,1.0014618635177612,1e-04,0.15369588,0.023912678,0.15463725,1.2060892581939697,0.47621363401412964,0.23039460182189941,0.47999438643455505
143,0.9995424151420593,1e-04,0.15348929,0.023847776,0.15442725,1.2045377492904663,0.47652867436408997,0.23069465160369873,0.48030683398246765
144,0.9976261854171753,1e-04,0.15328304,0.023783043,0.15421751,1.2029898166656494,0.4768432378768921,0.23099447786808014,0.48061883449554443
145,0.9957138299942017,1e-04,0.15307726,0.023718512,0.15400815,1.201444387435913,0.47715720534324646,0.2312939614057541,0.48093029856681824
146,0.9938045740127563,1e-04,0.1528718,0.023654139,0.15379903,1.1999019384384155,0.4774705767631531,0.2315930277109146,0.4812411367893219
147,0.9918987154960632,1e-04,0.15266673,0.023589944,0.15359019,1.1983622312545776,0.47778335213661194,0.2318917214870453,0.4815513789653778
148,0.9899964332580566,1e-04,0.15246196,0.023525933,0.15338166,1.1968255043029785,0.47809547185897827,0.23218998312950134,0.4818609654903412
149,0.9880976676940918,1e-04,0.1522574,0.023462093,0.1531734,1.1952913999557495,0.47840696573257446,0.23248785734176636,0.4821699559688568
150,0.986201822757721,1e-04,0.15205304,0.023398427,0.15296544,1.1937601566314697,0.4787178635597229,0.23278531432151794,0.4824782907962799
151,0.9843097925186157,1e-04,0.15184878,0.023334926,0.15275773,1.1922318935394287,0.47902801632881165,0.23308229446411133,0.4827859699726105
152,0.9824211597442627,1e-04,0.1516446,0.023271611,0.15255035,1.1907061338424683,0.479337602853775,0.23337888717651367,0.4830930531024933
153,0.9805357456207275,1e-04,0.1514405,0.023208462,0.15234324,1.189183235168457,0.4796464741230011,0.23367497324943542,0.4833993911743164
154,0.9786537885665894,1e-04,0.15123644,0.023145484,0.1521364,1.187662959098816,0.47995465993881226,0.23397061228752136,0.483705073595047
155,0.9767751097679138,1e-04,0.15103246,0.023082675,0.15192984,1.1861456632614136,0.4802621304988861,0.2342657446861267,0.48401007056236267
156,0.97489994764328,1e-04,0.15082861,0.023020035,0.15172355,1.1846307516098022,0.48056894540786743,0.23456040024757385,0.48431435227394104
157,0.9730279445648193,1e-04,0.15062495,0.022957569,0.15151756,1.1831187009811401,0.4808749556541443,0.23485448956489563,0.4846178889274597
158,0.9711594581604004,1e-04,0.15042149,0.02289527,0.15131183,1.1816093921661377,0.48118025064468384,0.2351481020450592,0.4849207103252411
159,0.9692943692207336,1e-04,0.15021826,0.022833146,0.1511064,1.1801024675369263,0.48148488998413086,0.23544123768806458,0.48522287607192993
160,0.9674323797225952,1e-04,0.15001528,0.022771187,0.15090124,1.1785986423492432,0.48178887367248535,0.23573389649391174,0.48552435636520386
161,0.9655740857124329,1e-04,0.14981258,0.022709405,0.1506964,1.1770974397659302,0.4820922017097473,0.23602613806724548,0.48582521080970764
162,0.9637190699577332,1e-04,0.1496101,0.022647785,0.1504918,1.1755989789962769,0.4823949635028839,0.23631802201271057,0.48612552881240845
163,0.9618672132492065,1e-04,0.14940788,0.02258634,0.15028752,1.1741031408309937,0.48269718885421753,0.236609548330307,0.4864252805709839
164,0.9600186944007874,1e-04,0.14920594,0.02252507,0.15008354,1.1726104021072388,0.4829988479614258,0.2369007021188736,0.48672446608543396
165,0.9581736326217651,1e-04,0.14900424,0.022463968,0.14987984,1.171120524406433,0.48329994082450867,0.23719149827957153,0.48702308535575867
166,0.9563319683074951,1e-04,0.14880277,0.022403033,0.14967643,1.1696332693099976,0.4836004972457886,0.23748193681240082,0.4873211979866028
167,0.9544935822486877,1e-04,0.14860155,0.022342265,0.1494733,1.1681487560272217,0.4839004576206207,0.23777204751968384,0.48761874437332153
168,0.9526584148406982,1e-04,0.14840059,0.022281663,0.14927043,1.166666865348816,0.4841998219490051,0.23806169629096985,0.48791566491127014
169,0.9508264064788818,1e-04,0.14819992,0.022221243,0.14906791,1.1651880741119385,0.4844985604286194,0.23835089802742004,0.4882119297981262
170,0.9489980340003967,1e-04,0.1479995,0.022160979,0.14886564,1.1637117862701416,0.4847966432571411,0.23863966763019562,0.48850759863853455
171,0.9471729397773743,1e-04,0.14779933,0.02210088,0.14866365,1.1622378826141357,0.48509401082992554,0.2389279305934906,0.48880255222320557
172,0.9453510046005249,1e-04,0.14759947,0.022040958,0.14846197,1.1607669591903687,0.48539072275161743,0.2392157018184662,0.48909682035446167
173,0.943532407283783,1e-04,0.14739986,0.021981196,0.14826056,1.1592985391616821,0.485686719417572,0.2395029366016388,0.48939037322998047
174,0.9417170882225037,1e-04,0.14720044,0.0219216,0.14805944,1.1578326225280762,0.4859820008277893,0.2397896945476532,0.48968327045440674
175,0.9399051070213318,1e-04,0.14700125,0.021862164,0.14785859,1.1563693284988403,0.48627662658691406,0.240075945854187,0.4899754524230957
176,0.9380964040756226,1e-04,0.14680225,0.021802897,0.14765804,1.1549086570739746,0.48657047748565674,0.24036163091659546,0.490266889333725
177,0.9362908601760864,1e-04,0.14660345,0.021743797,0.14745778,1.153450608253479,0.4868636727333069,0.2406468540430069,0.4905577003955841
178,0.9344886541366577,1e-04,0.14640482,0.021684848,0.14725776,1.151995301246643,0.48715612292289734,0.24093151092529297,0.49084773659706116
179,0.9326899647712708,1e-04,0.1462064,0.02162607,0.14705805,1.1505422592163086,0.4874478578567505,0.24121561646461487,0.4911370575428009
180,0.9308941960334778,1e-04,0.14600818,0.021567455,0.14685862,1.1490920782089233,0.48773887753486633,0.24149920046329498,0.49142569303512573
181,0.9291018843650818,1e-04,0.1458102,0.021509001,0.14665948,1.1476441621780396,0.4880291819572449,0.24178224802017212,0.49171358346939087
182,0.9273126125335693,1e-04,0.14561243,0.021450708,0.14646061,1.1461989879608154,0.4883187413215637,0.24206475913524628,0.4920007586479187
183,0.9255266785621643,1e-04,0.1454149,0.021392575,0.146262,1.1447561979293823,0.48860758543014526,0.24234673380851746,0.4922872483730316
184,0.9237441420555115,1e-04,0.14521767,0.021334609,0.14606372,1.143316388130188,0.4888957440853119,0.24262818694114685,0.4925730228424072
185,0.9219649434089661,1e-04,0.1450207,0.021276802,0.1458657,1.1418787240982056,0.48918312788009644,0.24290905892848969,0.49285805225372314
186,0.920188844203949,1e-04,0.14482392,0.021219147,0.14566794,1.1404436826705933,0.48946988582611084,0.24318945407867432,0.49314242601394653
187,0.918415904045105,1e-04,0.14462747,0.021161662,0.14547049,1.1390111446380615,0.4897559881210327,0.24346931278705597,0.4934260845184326
188,0.9166461825370789,1e-04,0.14443122,0.02110433,0.1452733,1.1375812292099,0.4900413155555725,0.24374864995479584,0.49370908737182617
189,0.9148797392845154,1e-04,0.14423522,0.02104716,0.1450764,1.1361536979675293,0.4903259873390198,0.2440275102853775,0.4939914047718048
190,0.9131163358688354,1e-04,0.14403951,0.020990157,0.1448798,1.1347289085388184,0.49060994386672974,0.2443057894706726,0.49427297711372375
191,0.911356508731842,1e-04,0.14384401,0.020933306,0.14468347,1.1333063840866089,0.4908932149410248,0.24458353221416473,0.4945538640022278
192,0.9095994830131531,1e-04,0.14364879,0.020876616,0.14448743,1.1318868398666382,0.49117571115493774,0.24486073851585388,0.4948340654373169
193,0.9078461527824402,1e-04,0.14345376,0.02082008,0.14429165,1.1304692029953003,0.4914574921131134,0.2451373189687729,0.49511343240737915
194,0.9060956239700317,1e-04,0.143259,0.020763703,0.14409615,1.1290544271469116,0.4917384684085846,0.24541333317756653,0.4953921139240265
195,0.904348611831665,1e-04,0.14306453,0.020707482,0.14390095,1.1276416778564453,0.4920187294483185,0.24568873643875122,0.49566999077796936
196,0.9026042819023132,1e-04,0.14287029,0.02065142,0.14370602,1.12623131275177,0.4922981560230255,0.24596351385116577,0.49594709277153015
197,0.9008634686470032,1e-04,0.14267628,0.020595515,0.14351137,1.124823808670044,0.49257680773735046,0.24623768031597137,0.49622341990470886
198,0.8991259336471558,1e-04,0.1424825,0.020539755,0.14331697,1.1234184503555298,0.49285468459129333,0.24651119112968445,0.4964989423751831
199,0.8973914384841919,1e-04,0.14228897,0.020484157,0.14312287,1.1220154762268066,0.49313175678253174,0.24678407609462738,0.4967736601829529
200,0.8956601619720459,1e-04,0.14209569,0.020428717,0.14292906,1.120614767074585,0.4934080243110657,0.24705632030963898,0.4970476031303406
201,0.8939318656921387,1e-04,0.14190258,0.020373423,0.1427355,1.1192166805267334,0.49368351697921753,0.24732795357704163,0.4973207712173462
202,0.8922070264816284,1e-04,0.14170974,0.02031829,0.14254224,1.1178208589553833,0.4939582049846649,0.24759890139102936,0.49759310483932495
203,0.8904852271080017,1e-04,0.14151712,0.020263307,0.14234924,1.1164273023605347,0.49423205852508545,0.24786923825740814,0.497864693403244
204,0.8887665867805481,1e-04,0.14132477,0.020208476,0.14215653,1.1150360107421875,0.4945051968097687,0.2481389343738556,0.49813544750213623
205,0.8870509266853333,1e-04,0.14113264,0.020153798,0.14196408,1.113647222518921,0.4947774410247803,0.24840794503688812,0.498405396938324
206,0.885338544845581,1e-04,0.14094079,0.020099279,0.14177193,1.1122608184814453,0.4950489103794098,0.24867630004882812,0.49867454171180725
207,0.8836293816566467,1e-04,0.14074916,0.020044899,0.14158,1.110876441001892,0.49531957507133484,0.2489439994096756,0.49894288182258606
208,0.881923258304596,1e-04,0.14055781,0.019990683,0.14138842,1.1094945669174194,0.49558937549591064,0.24921102821826935,0.4992104172706604
209,0.8802202939987183,1e-04,0.14036672,0.019936616,0.14119709,1.108115315437317,0.495858371257782,0.24947737157344818,0.4994770884513855
210,0.8785205483436584,1e-04,0.14017585,0.01988269,0.141006,1.106737732887268,0.49612659215927124,0.24974305927753448,0.4997429847717285
211,0.8768236637115479,1e-04,0.13998525,0.019828921,0.1408152,1.1053626537322998,0.49639391899108887,0.2500079870223999,0.5000079870223999
212,0.8751299977302551,1e-04,0.13979487,0.0197753,0.14062467,1.103990077972412,0.496660441160202,0.25027230381965637,0.5002722144126892
213,0.873439610004425,1e-04,0.13960476,0.019721832,0.14043444,1.1026196479797363,0.49692609906196594,0.25053587555885315,0.5005356073379517
214,0.8717522621154785,1e-04,0.13941488,0.019668505,0.14024444,1.101251244544983,0.4971909523010254,0.2507987916469574,0.5007981657981873
215,0.870067834854126,1e-04,0.1392253,0.019615347,0.14005479,1.0998852252960205,0.4974549114704132,0.2510609030723572,0.5010597705841064
216,0.8683866262435913,1e-04,0.13903588,0.019562311,0.13986534,1.09852135181427,0.4977179765701294,0.25132232904434204,0.5013206005096436
217,0.8667084574699402,1e-04,0.13884677,0.019509433,0.13967617,1.0971596240997314,0.49798017740249634,0.2515830099582672,0.501580536365509
218,0.8650332689285278,1e-04,0.13865788,0.019456707,0.1394873,1.0958002805709839,0.49824148416519165,0.2518428862094879,0.5018395185470581
219,0.8633614778518677,1e-04,0.13846923,0.01940412,0.13929868,1.0944429636001587,0.49850189685821533,0.2521020770072937,0.5020976662635803
220,0.8616925477981567,1e-04,0.13828084,0.019351685,0.13911034,1.0930877923965454,0.4987614154815674,0.25236040353775024,0.5023548603057861
221,0.8600268363952637,1e-04,0.13809271,0.0192994,0.13892227,1.091734766960144,0.499019980430603,0.2526180148124695,0.5026112198829651
222,0.8583639860153198,1e-04,0.13790478,0.019247245,0.13873444,1.090383768081665,0.49927765130996704,0.25287479162216187,0.5028665661811829
223,0.8567042350769043,1e-04,0.13771713,0.01919525,0.13854691,1.0890352725982666,0.4995344281196594,0.25313079357147217,0.5031210780143738
224,0.855047881603241,1e-04,0.13752972,0.01914339,0.13835964,1.0876884460449219,0.4997902810573578,0.2533860206604004,0.5033746361732483
225,0.853394091129303,1e-04,0.13734253,0.01909168,0.13817264,1.0863438844680786,0.5000451803207397,0.25364041328430176,0.5036272406578064
226,0.8517435193061829,1e-04,0.13715559,0.019040113,0.13798591,1.0850014686584473,0.5002992153167725,0.25389403104782104,0.5038790106773376
227,0.8500960469245911,1e-04,0.13696891,0.018988691,0.13779946,1.0836609601974487,0.500552237033844,0.2541468143463135,0.5041297674179077
228,0.8484516739845276,1e-04,0.13678248,0.01893741,0.13761327,1.082322597503662,0.5008043050765991,0.25439876317977905,0.5043795704841614
229,0.8468101620674133,1e-04,0.13659628,0.018886274,0.13742734,1.080986499786377,0.5010554790496826,0.25464990735054016,0.5046284794807434
230,0.8451718091964722,1e-04,0.13641034,0.018835276,0.13724168,1.079652190208435,0.5013056397438049,0.254900187253952,0.504876434803009
231,0.843536376953125,1e-04,0.13622467,0.018784428,0.13705629,1.078320026397705,0.5015548467636108,0.25514963269233704,0.5051233768463135
232,0.8419041037559509,1e-04,0.13603921,0.018733716,0.13687116,1.0769898891448975,0.5018031597137451,0.2553982138633728,0.5053693652153015
233,0.8402748107910156,1e-04,0.135854,0.018683145,0.1366863,1.0756614208221436,0.5020503997802734,0.25564587116241455,0.5056143403053284
234,0.83864825963974,1e-04,0.13566907,0.018632717,0.13650171,1.0743352174758911,0.5022966861724854,0.25589269399642944,0.5058583617210388
235,0.8370250463485718,1e-04,0.13548438,0.018582428,0.13631737,1.0730109214782715,0.5025418996810913,0.2561385929584503,0.5061013698577881
236,0.835404634475708,1e-04,0.1352999,0.018532282,0.13613333,1.0716886520385742,0.5027862191200256,0.25638365745544434,0.506343424320221
237,0.8337873220443726,1e-04,0.13511568,0.018482268,0.1359495,1.0703682899475098,0.503029465675354,0.25662776827812195,0.5065844058990479
238,0.8321729302406311,1e-04,0.13493173,0.0184324,0.13576597,1.0690499544143677,0.5032716989517212,0.25687095522880554,0.5068243741989136
239,0.8305615782737732,1e-04,0.13474798,0.018382663,0.13558269,1.0677332878112793,0.5035128593444824,0.2571132183074951,0.5070633292198181
240,0.828953206539154,1e-04,0.13456447,0.018333068,0.13539965,1.0664186477661133,0.5037530064582825,0.2573544979095459,0.5073012113571167
241,0.8273477554321289,1e-04,0.13438125,0.018283615,0.13521692,1.0651057958602905,0.5039921402931213,0.2575949430465698,0.5075381398200989
242,0.825745165348053,1e-04,0.13419826,0.0182343,0.13503444,1.0637949705123901,0.5042301416397095,0.2578343152999878,0.5077738761901855
243,0.8241457939147949,1e-04,0.13401552,0.01818512,0.13485222,1.0624858140945435,0.5044671893119812,0.25807279348373413,0.5080086588859558
244,0.8225492238998413,1e-04,0.13383299,0.018136075,0.13467024,1.0611786842346191,0.5047030448913574,0.2583102285861969,0.5082423090934753
245,0.8209555745124817,1e-04,0.13365074,0.018087173,0.13448857,1.059873342514038,0.5049378871917725,0.25854671001434326,0.5084748864173889
246,0.8193649053573608,1e-04,0.1334687,0.018038398,0.1343071,1.0585697889328003,0.5051716566085815,0.25878217816352844,0.5087063908576965
247,0.8177773356437683,1e-04,0.13328694,0.01798976,0.13412592,1.0572679042816162,0.5054042935371399,0.2590166926383972,0.5089368224143982
248,0.8161925077438354,1e-04,0.1331054,0.017941259,0.13394499,1.0559680461883545,0.5056358575820923,0.25925010442733765,0.5091660618782043
249,0.8146107792854309,1e-04,0.13292412,0.017892899,0.13376434,1.0546696186065674,0.505866289138794,0.25948256254196167,0.5093942880630493
250,0.813031792640686,1e-04,0.13274308,0.017844666,0.13358393,1.0533732175827026,0.5060955882072449,0.25971394777297974,0.5096213817596436
251,0.8114557862281799,1e-04,0.13256228,0.017796567,0.13340378,1.0520786046981812,0.5063237547874451,0.2599443197250366,0.5098473429679871
252,0.8098828792572021,1e-04,0.13238172,0.017748607,0.1332239,1.0507855415344238,0.5065507888793945,0.26017361879348755,0.5100721716880798
253,0.8083127737045288,1e-04,0.13220142,0.01770078,0.13304427,1.0494942665100098,0.506776750087738,0.2604018449783325,0.5102958679199219
254,0.8067455291748047,1e-04,0.13202132,0.01765308,0.13286489,1.0482046604156494,0.507001519203186,0.26062896847724915,0.5105183124542236
255,0.8051811456680298,1e-04,0.13184148,0.017605513,0.13268577,1.0469167232513428,0.5072250366210938,0.2608550190925598,0.5107396841049194
256,0.8036198616027832,1e-04,0.1316619,0.017558087,0.13250694,1.0456305742263794,0.5074474811553955,0.26107996702194214,0.5109598636627197
257,0.8020613193511963,1e-04,0.13148257,0.017510785,0.13232832,1.044345736503601,0.507668673992157,0.26130378246307373,0.5111787915229797
258,0.8005056977272034,1e-04,0.13130349,0.017463619,0.13214998,1.0430628061294556,0.507888674736023,0.261526495218277,0.511396586894989
259,0.7989529371261597,1e-04,0.13112463,0.01741658,0.1319719,1.0417814254760742,0.5081074833869934,0.2617480456829071,0.5116131901741028
260,0.7974030375480652,1e-04,0.13094598,0.01736967,0.13179405,1.0405017137527466,0.5083250999450684,0.2619684636592865,0.5118285417556763
261,0.7958561778068542,1e-04,0.13076763,0.017322896,0.13161647,1.0392234325408936,0.508541464805603,0.2621877193450928,0.5120427012443542
262,0.7943120002746582,1e-04,0.13058949,0.017276248,0.13143913,1.0379468202590942,0.5087566375732422,0.2624058127403259,0.5122556090354919
263,0.7927708029747009,1e-04,0.13041158,0.017229734,0.13126208,1.0366718769073486,0.5089704990386963,0.2626226842403412,0.5124672651290894
264,0.7912324666976929,1e-04,0.13023394,0.01718335,0.13108528,1.0353983640670776,0.5091831088066101,0.2628384232521057,0.5126776695251465
265,0.789696991443634,1e-04,0.13005652,0.017137086,0.1309087,1.0341261625289917,0.5093944668769836,0.26305288076400757,0.5128868222236633
266,0.7881642580032349,1e-04,0.12987936,0.01709096,0.1307324,1.032855749130249,0.5096045732498169,0.2632661461830139,0.5130946636199951
267,0.7866345047950745,1e-04,0.1297024,0.017044956,0.13055633,1.031586766242981,0.5098133683204651,0.26347815990448,0.5133012533187866
268,0.7851076126098633,1e-04,0.1295257,0.016999075,0.1303805,1.0303192138671875,0.5100208520889282,0.26368898153305054,0.5135065317153931
269,0.7835835814476013,1e-04,0.12934926,0.01695333,0.13020496,1.029052972793579,0.5102270841598511,0.26389849185943604,0.5137104988098145
270,0.7820621728897095,1e-04,0.12917304,0.016907712,0.13002966,1.0277882814407349,0.5104320049285889,0.26410678029060364,0.5139132142066956
271,0.7805436253547668,1e-04,0.12899707,0.016862215,0.12985459,1.0265249013900757,0.510635495185852,0.2643137276172638,0.514114499092102
272,0.779028058052063,1e-04,0.12882133,0.016816849,0.1296798,1.0252631902694702,0.510837733745575,0.26451942324638367,0.5143145322799683
273,0.7775153517723083,1e-04,0.12864584,0.016771605,0.12950523,1.0240025520324707,0.5110386610031128,0.2647238075733185,0.5145131945610046
274,0.7760052680969238,1e-04,0.12847058,0.016726488,0.12933092,1.022743582725525,0.511238157749176,0.26492685079574585,0.5147104263305664
275,0.7744982242584229,1e-04,0.12829556,0.016681498,0.12915687,1.021485686302185,0.5114362239837646,0.26512855291366577,0.5149063467979431
276,0.7729936838150024,1e-04,0.12812077,0.01663663,0.12898307,1.0202293395996094,0.511633038520813,0.265328973531723,0.5151009559631348
277,0.7714923620223999,1e-04,0.12794623,0.01659189,0.12880951,1.0189740657806396,0.5118283629417419,0.2655279338359833,0.5152940154075623
278,0.7699934244155884,1e-04,0.12777193,0.016547276,0.12863621,1.0177202224731445,0.5120223760604858,0.26572561264038086,0.5154858231544495
279,0.7684973478317261,1e-04,0.12759788,0.016502785,0.12846316,1.0164676904678345,0.5122148990631104,0.26592183113098145,0.5156760811805725
280,0.7670043110847473,1e-04,0.12742402,0.016458401,0.1282903,1.01521635055542,0.5124059915542603,0.2661166787147522,0.5158649682998657
281,0.7655138969421387,1e-04,0.12725043,0.016414158,0.12811776,1.0139660835266113,0.5125956535339355,0.26631009578704834,0.5160524249076843
282,0.7640260457992554,1e-04,0.12707706,0.016370034,0.12794544,1.012717366218567,0.5127838850021362,0.2665020823478699,0.5162383913993835
283,0.7625412940979004,1e-04,0.12690394,0.016326027,0.12777334,1.011469841003418,0.5129706263542175,0.2666926383972168,0.5164229273796082
284,0.7610592842102051,1e-04,0.12673105,0.016282147,0.12760152,1.010223388671875,0.5131559371948242,0.2668817639350891,0.5166060328483582
285,0.7595800757408142,1e-04,0.12655841,0.016238388,0.12742993,1.0089781284332275,0.5133396983146667,0.26706939935684204,0.516787588596344
286,0.7581034898757935,1e-04,0.126386,0.016194753,0.12725861,1.0077340602874756,0.5135220289230347,0.2672555446624756,0.5169676542282104
287,0.7566297054290771,1e-04,0.1262138,0.016151233,0.1270875,1.00649094581604,0.5137027502059937,0.26744019985198975,0.5171462297439575
288,0.755158543586731,1e-04,0.12604187,0.016107837,0.12691665,1.0052490234375,0.5138819813728333,0.26762327551841736,0.5173231959342957
289,0.7536903023719788,1e-04,0.12587018,0.016064562,0.12674606,1.0040082931518555,0.5140596628189087,0.2678048610687256,0.5174986720085144
290,0.752224862575531,1e-04,0.1256987,0.016021406,0.1265757,1.0027685165405273,0.5142358541488647,0.26798486709594727,0.5176725387573242
291,0.7507619857788086,1e-04,0.12552746,0.015978364,0.12640555,1.0015299320220947,0.5144103765487671,0.2681633532047272,0.5178449153900146
292,0.7493019700050354,1e-04,0.12535645,0.015935449,0.1262357,1.000292181968689,0.51458340883255,0.2683402895927429,0.5180157423019409
293,0.7478445768356323,1e-04,0.12518568,0.01589265,0.12606604,0.9990556836128235,0.5147548913955688,0.2685156464576721,0.5181849598884583
294,0.7463899850845337,1e-04,0.12501514,0.015849967,0.12589665,0.9978198409080505,0.5149246454238892,0.2686893045902252,0.5183525085449219
295,0.7449379563331604,1e-04,0.12484487,0.015807413,0.12572753,0.9965851902961731,0.5150928497314453,0.26886141300201416,0.5185185074806213
296,0.7434887290000916,1e-04,0.124674775,0.015764963,0.1255586,0.9953514933586121,0.5152594447135925,0.2690318822860718,0.5186828374862671
297,0.7420422434806824,1e-04,0.124504946,0.015722634,0.12538993,0.9941187500953674,0.515424370765686,0.26920074224472046,0.5188455581665039
298,0.7405984401702881,1e-04,0.12433535,0.015680427,0.1252215,0.9928868412971497,0.5155876278877258,0.2693678140640259,0.5190065503120422
299,0.7391573786735535,1e-04,0.12416599,0.015638335,0.12505333,0.9916560053825378,0.5157492160797119,0.26953327655792236,0.5191659331321716
300,0.7377189993858337,1e-04,0.123996854,0.015596357,0.12488537,0.9904258251190186,0.5159091949462891,0.26969707012176514,0.5193236470222473
301,0.7362832427024841,1e-04,0.12382794,0.015554495,0.12471766,0.9891966581344604,0.516067385673523,0.2698591351509094,0.5194796919822693
302,0.734850287437439,1e-04,0.123659275,0.0155127505,0.12455019,0.9879682660102844,0.5162239074707031,0.27001944184303284,0.519633948802948
303,0.7334199547767639,1e-04,0.12349083,0.015471123,0.12438297,0.98674076795578,0.5163787007331848,0.27017802000045776,0.519786536693573
304,0.7319923639297485,1e-04,0.123322606,0.0154296085,0.124215975,0.9855139255523682,0.516531765460968,0.2703348398208618,0.5199373364448547
305,0.7305672764778137,1e-04,0.12315462,0.01538821,0.124049224,0.9842880368232727,0.516683042049408,0.2704898416996002,0.520086407661438
306,0.7291451096534729,1e-04,0.12298689,0.015346925,0.1238827,0.9830625057220459,0.5168325901031494,0.27064311504364014,0.520233690738678
307,0.7277251482009888,1e-04,0.12281939,0.015305757,0.12371644,0.9818381071090698,0.5169802904129028,0.27079448103904724,0.5203791856765747
308,0.7263083457946777,1e-04,0.12265208,0.015264694,0.12355037,0.9806143045425415,0.5171262621879578,0.27094408869743347,0.5205228924751282
309,0.7248939871788025,1e-04,0.122485034,0.015223754,0.12338457,0.9793913960456848,0.5172704458236694,0.27109184861183167,0.5206648111343384
310,0.7234824299812317,1e-04,0.122318216,0.015182924,0.12321901,0.9781689047813416,0.5174127817153931,0.27123773097991943,0.5208048820495605
311,0.7220733761787415,1e-04,0.12215162,0.01514221,0.123053685,0.9769471883773804,0.5175532102584839,0.2713817358016968,0.5209431052207947
312,0.7206670045852661,1e-04,0.12198522,0.0151015995,0.122888565,0.9757260680198669,0.5176918506622314,0.2715238928794861,0.5210795402526855
313,0.7192632555961609,1e-04,0.1218191,0.01506111,0.12272371,0.9745054841041565,0.5178285837173462,0.2716640830039978,0.5212140679359436
314,0.7178621292114258,1e-04,0.12165316,0.015020725,0.12255907,0.9732855558395386,0.5179634690284729,0.2718023657798767,0.5213466882705688
315,0.7164636850357056,1e-04,0.1214875,0.0149804605,0.12239469,0.9720662832260132,0.5180964469909668,0.27193865180015564,0.5214774012565613
316,0.7150679230690002,1e-04,0.121322066,0.014940304,0.12223054,0.9708473086357117,0.5182274580001831,0.27207303047180176,0.5216062068939209
317,0.7136745452880859,1e-04,0.12115681,0.014900255,0.1220666,0.9696290493011475,0.5183565616607666,0.2722053825855255,0.5217330455780029
318,0.7122839689254761,1e-04,0.12099182,0.014860317,0.1219029,0.9684109687805176,0.5184837579727173,0.2723357379436493,0.5218579769134521
319,0.7108957767486572,1e-04,0.12082708,0.014820497,0.12173946,0.9671936631202698,0.5186089277267456,0.2724640965461731,0.5219809412956238
320,0.709510326385498,1e-04,0.12066251,0.0147807775,0.12157622,0.9659768342971802,0.5187321901321411,0.2725904583930969,0.5221019387245178
321,0.7081275582313538,1e-04,0.1204982,0.014741172,0.12141323,0.9647603631019592,0.5188534259796143,0.2727147042751312,0.5222209095954895
322,0.70674729347229,1e-04,0.120334096,0.014701673,0.12125046,0.9635441899299622,0.5189726948738098,0.27283692359924316,0.5223379135131836
323,0.7053695917129517,1e-04,0.120170236,0.014662285,0.12108792,0.9623287320137024,0.5190898776054382,0.27295705676078796,0.5224529504776001
324,0.7039946913719177,1e-04,0.12000661,0.014623009,0.120925635,0.961113452911377,0.5192050337791443,0.27307504415512085,0.5225658416748047
325,0.7026222944259644,1e-04,0.11984321,0.01458384,0.12076357,0.9598985314369202,0.5193182229995728,0.2731909155845642,0.5226767063140869
326,0.7012524008750916,1e-04,0.119680025,0.014544777,0.12060173,0.9586839079856873,0.5194292664527893,0.27330467104911804,0.522785484790802
327,0.6998850703239441,1e-04,0.11951706,0.014505819,0.12044011,0.9574697017669678,0.5195382237434387,0.27341628074645996,0.5228922367095947
328,0.6985203623771667,1e-04,0.119354315,0.014466974,0.12027873,0.9562556743621826,0.519645094871521,0.2735256850719452,0.5229968428611755
329,0.6971582174301147,1e-04,0.119191825,0.0144282365,0.1201176,0.9550418257713318,0.5197497606277466,0.27363285422325134,0.5230993032455444
330,0.6957985758781433,1e-04,0.11902953,0.014389604,0.11995668,0.9538283944129944,0.5198523998260498,0.2737378478050232,0.5231996178627014
331,0.6944416165351868,1e-04,0.118867464,0.014351078,0.119795986,0.952614963054657,0.5199528336524963,0.27384060621261597,0.5232978463172913
332,0.6930870413780212,1e-04,0.11870565,0.014312659,0.11963553,0.9514017105102539,0.5200510025024414,0.2739410400390625,0.5233937501907349
333,0.6917349696159363,1e-04,0.11854404,0.014274347,0.1194753,0.950188934803009,0.5201471447944641,0.27403929829597473,0.5234876275062561
334,0.6903857588768005,1e-04,0.11838263,0.0142361345,0.119315274,0.9489759802818298,0.5202410221099854,0.27413517236709595,0.5235791802406311
335,0.689038872718811,1e-04,0.1182215,0.0141980415,0.11915553,0.9477633833885193,0.5203326940536499,0.27422887086868286,0.523668646812439
336,0.6876944899559021,1e-04,0.11806054,0.014160037,0.11899596,0.9465507864952087,0.520422101020813,0.274320125579834,0.5237557888031006
337,0.6863527894020081,1e-04,0.117899805,0.014122142,0.11883662,0.9453381896018982,0.5205093026161194,0.27440905570983887,0.5238406658172607
338,0.6850135326385498,1e-04,0.11773932,0.014084358,0.118677534,0.9441257119178772,0.5205941796302795,0.2744956612586975,0.5239233374595642
339,0.6836767196655273,1e-04,0.11757905,0.014046674,0.118518665,0.9429132342338562,0.5206767320632935,0.27457982301712036,0.5240036249160767
340,0.6823424696922302,1e-04,0.11741903,0.0140090985,0.118360035,0.94170081615448,0.5207570791244507,0.2746616005897522,0.5240816473960876
341,0.6810108423233032,1e-04,0.117259175,0.013971619,0.118201606,0.9404882788658142,0.5208350419998169,0.27474096417427063,0.5241574048995972
342,0.6796815991401672,1e-04,0.11709956,0.013934244,0.1180434,0.9392758011817932,0.5209106802940369,0.27481788396835327,0.5242307782173157
343,0.6783548593521118,1e-04,0.11694017,0.013896973,0.117885426,0.9380630254745483,0.5209838151931763,0.2748922109603882,0.5243016481399536
344,0.677030622959137,1e-04,0.116781026,0.013859811,0.1177277,0.9368504881858826,0.521054744720459,0.27496421337127686,0.5243703126907349
345,0.6757090091705322,1e-04,0.11662207,0.013822742,0.117570154,0.9356377124786377,0.5211232304573059,0.2750336527824402,0.5244365334510803
346,0.6743898391723633,1e-04,0.11646336,0.013785784,0.11741288,0.9344248175621033,0.5211893320083618,0.27510055899620056,0.52450031042099
347,0.6730731725692749,1e-04,0.11630487,0.013748924,0.11725581,0.9332116842269897,0.5212529301643372,0.275164932012558,0.5245616436004639
348,0.6717588901519775,1e-04,0.116146564,0.013712165,0.11709896,0.9319984912872314,0.5213141441345215,0.27522677183151245,0.5246205925941467
349,0.6704472303390503,1e-04,0.11598852,0.013675514,0.11694235,0.930785059928894,0.5213728547096252,0.2752859890460968,0.524677038192749
350,0.6691380143165588,1e-04,0.1158307,0.013638961,0.116785966,0.9295710921287537,0.5214291214942932,0.27534258365631104,0.5247309803962708
351,0.6678310036659241,1e-04,0.11567306,0.013602502,0.116629764,0.9283572435379028,0.5214828252792358,0.27539658546447754,0.5247824192047119
352,0.6665267944335938,1e-04,0.11551567,0.01356615,0.11647382,0.9271429777145386,0.5215340852737427,0.2754479646682739,0.5248313546180725
353,0.6652249097824097,1e-04,0.11535848,0.013529893,0.11631807,0.9259284138679504,0.5215827226638794,0.2754966616630554,0.5248777866363525
354,0.6639254689216614,1e-04,0.11520151,0.013493743,0.11616257,0.9247134923934937,0.5216288566589355,0.275542676448822,0.5249215960502625
355,0.6626285314559937,1e-04,0.11504477,0.01345769,0.11600728,0.9234983325004578,0.5216723680496216,0.27558600902557373,0.524962842464447
356,0.6613340973854065,1e-04,0.11488823,0.013421729,0.115852185,0.9222828149795532,0.5217133164405823,0.2756265699863434,0.5250014662742615
357,0.6600420475006104,1e-04,0.11473193,0.013385874,0.11569734,0.9210667610168457,0.5217516422271729,0.27566438913345337,0.5250375270843506
358,0.65875244140625,1e-04,0.114575826,0.013350117,0.11554271,0.9198501706123352,0.5217873454093933,0.2756994664669037,0.5250709056854248
359,0.6574651598930359,1e-04,0.11441997,0.013314462,0.11538831,0.9186334013938904,0.5218203067779541,0.27573174238204956,0.5251016616821289
360,0.6561805605888367,1e-04,0.11426433,0.013278904,0.11523413,0.9174158573150635,0.5218507051467896,0.2757611870765686,0.5251296758651733
361,0.6548981666564941,1e-04,0.1141089,0.013243445,0.11508017,0.9161979556083679,0.5218783617019653,0.2757878303527832,0.5251550674438477
362,0.6536182165145874,1e-04,0.11395367,0.013208081,0.11492641,0.9149795174598694,0.5219033360481262,0.27581167221069336,0.5251777768135071
363,0.6523406505584717,1e-04,0.11379867,0.013172813,0.11477287,0.9137607216835022,0.5219255089759827,0.2758325934410095,0.5251976847648621
364,0.6510657072067261,1e-04,0.11364385,0.013137641,0.11461955,0.9125412106513977,0.5219449996948242,0.27585068345069885,0.5252149105072021
365,0.6497931480407715,1e-04,0.11348929,0.013102573,0.11446647,0.9113209843635559,0.5219617486000061,0.2758658528327942,0.5252293348312378
366,0.6485227942466736,1e-04,0.113334954,0.0130676,0.1143136,0.9101003408432007,0.5219756364822388,0.27587804198265076,0.525240957736969
367,0.6472550630569458,1e-04,0.113180816,0.013032724,0.114160955,0.9088788628578186,0.5219868421554565,0.27588731050491333,0.5252497792243958
368,0.6459895372390747,1e-04,0.11302689,0.012997943,0.11400852,0.9076567888259888,0.5219950675964355,0.27589356899261475,0.5252557396888733
369,0.6447265148162842,1e-04,0.112873174,0.012963254,0.113856286,0.9064339995384216,0.5220004916191101,0.27589690685272217,0.5252588987350464
370,0.6434656977653503,1e-04,0.11271969,0.012928666,0.11370429,0.9052106142044067,0.5220030546188354,0.27589717507362366,0.5252591371536255
371,0.6422076225280762,1e-04,0.11256639,0.012894165,0.11355247,0.9039865136146545,0.5220028162002563,0.2758944630622864,0.5252565741539001
372,0.6409518122673035,1e-04,0.11241335,0.012859769,0.11340092,0.9027614593505859,0.5219995975494385,0.27588868141174316,0.5252510905265808
373,0.6396982669830322,1e-04,0.1122605,0.012825466,0.11324957,0.9015357494354248,0.5219934582710266,0.275879830121994,0.5252426266670227
374,0.6384471654891968,1e-04,0.11210787,0.012791256,0.113098435,0.900309145450592,0.521984338760376,0.27586784958839417,0.5252312421798706
375,0.6371984481811523,1e-04,0.111955434,0.01275714,0.11294751,0.8990817070007324,0.5219723582267761,0.27585282921791077,0.5252169370651245
376,0.6359519958496094,1e-04,0.11180323,0.012723118,0.1127968,0.8978533148765564,0.5219573378562927,0.2758346199989319,0.5251995921134949
377,0.6347079277038574,1e-04,0.11165124,0.012689191,0.11264631,0.8966240882873535,0.5219392776489258,0.2758132219314575,0.5251792073249817
378,0.6334662437438965,1e-04,0.111499466,0.012655355,0.112496026,0.8953940868377686,0.5219181776046753,0.27578866481781006,0.5251558423042297
379,0.6322270035743713,1e-04,0.11134789,0.012621615,0.11234596,0.8941631317138672,0.521894097328186,0.2757609188556671,0.5251294374465942
380,0.6309901475906372,1e-04,0.111196555,0.012587972,0.11219613,0.8929309844970703,0.5218669176101685,0.2757299542427063,0.5250999331474304
381,0.629755437374115,1e-04,0.1110454,0.012554415,0.11204649,0.8916979432106018,0.5218365788459778,0.2756957411766052,0.5250673890113831
382,0.6285231709480286,1e-04,0.11089448,0.012520955,0.11189707,0.8904638886451721,0.5218032002449036,0.2756582498550415,0.5250316858291626
383,0.6272932291030884,1e-04,0.11074376,0.012487586,0.11174787,0.8892289996147156,0.5217666625976562,0.27561748027801514,0.524992823600769
384,0.6260657906532288,1e-04,0.11059325,0.012454305,0.11159886,0.8879928588867188,0.5217270851135254,0.2755734622478485,0.5249509215354919
385,0.624840497970581,1e-04,0.110442966,0.012421121,0.11145008,0.8867555260658264,0.5216841697692871,0.2755260467529297,0.5249057412147522
386,0.6236174702644348,1e-04,0.110292874,0.0123880245,0.111301504,0.8855172991752625,0.5216382741928101,0.275475412607193,0.5248575210571289
387,0.6223969459533691,1e-04,0.11014303,0.01235503,0.11115318,0.8842778205871582,0.5215890407562256,0.2754213213920593,0.5248059630393982
388,0.6211786270141602,1e-04,0.109993346,0.012322113,0.111005016,0.883037269115448,0.521536648273468,0.27536389231681824,0.5247512459754944
389,0.6199626922607422,1e-04,0.1098439,0.012289293,0.110857084,0.8817954063415527,0.521480917930603,0.2753030061721802,0.5246932506561279
390,0.6187489628791809,1e-04,0.10969467,0.012256563,0.11070936,0.8805524110794067,0.5214219689369202,0.27523869276046753,0.5246319770812988
391,0.6175376772880554,1e-04,0.10954565,0.0122239245,0.110561855,0.8793081641197205,0.5213596820831299,0.2751709520816803,0.5245673656463623
392,0.6163285970687866,1e-04,0.109396845,0.012191377,0.110414565,0.8780626058578491,0.521294116973877,0.2750997543334961,0.5244995355606079
393,0.6151218414306641,1e-04,0.10924825,0.012158918,0.11026748,0.8768159747123718,0.5212252736091614,0.2750251293182373,0.5244283676147461
394,0.613917350769043,1e-04,0.10909984,0.012126546,0.1101206,0.8755680322647095,0.5211530923843384,0.27494701743125916,0.5243539214134216
395,0.6127152442932129,1e-04,0.10895166,0.0120942695,0.10997395,0.874318540096283,0.5210775136947632,0.2748653292655945,0.5242760181427002
396,0.6115152835845947,1e-04,0.10880367,0.0120620765,0.10982749,0.8730677962303162,0.520998477935791,0.2747800648212433,0.5241946578025818
397,0.6103177070617676,1e-04,0.10865591,0.012029977,0.10968125,0.8718156218528748,0.5209159851074219,0.2746911942958832,0.5241098999977112
398,0.6091223359107971,1e-04,0.10850835,0.011997961,0.10953521,0.870561957359314,0.5208300948143005,0.27459874749183655,0.5240216851234436
399,0.6079292297363281,1e-04,0.10836101,0.011966042,0.10938941,0.8693071007728577,0.5207407474517822,0.274502694606781,0.5239300727844238
400,0.6067386269569397,1e-04,0.10821388,0.011934205,0.10924379,0.8680505752563477,0.5206478834152222,0.2744029760360718,0.5238348841667175
401,0.6055500507354736,1e-04,0.10806694,0.011902454,0.10909837,0.8667927980422974,0.5205515623092651,0.2742997109889984,0.523736298084259
402,0.6043639183044434,1e-04,0.10792023,0.011870797,0.108953185,0.8655332922935486,0.5204517245292664,0.274192750453949,0.5236341953277588
403,0.6031797528266907,1e-04,0.10777372,0.011839223,0.1088082,0.86427241563797,0.5203484296798706,0.27408215403556824,0.5235285758972168
404,0.6019980311393738,1e-04,0.10762739,0.011807736,0.10866341,0.8630099296569824,0.5202414393424988,0.2739677429199219,0.5234192609786987
405,0.6008185744285583,1e-04,0.10748128,0.011776336,0.108518824,0.861746072769165,0.5201309323310852,0.2738496661186218,0.5233064889907837
406,0.5996414422988892,1e-04,0.10733541,0.011745028,0.108374484,0.8604804277420044,0.5200168490409851,0.2737278938293457,0.5231901407241821
407,0.5984663367271423,1e-04,0.10718974,0.011713803,0.10823032,0.8592131733894348,0.5198990106582642,0.2736022174358368,0.5230699777603149
408,0.5972935557365417,1e-04,0.10704425,0.011682663,0.10808637,0.8579443097114563,0.5197776556015015,0.2734728455543518,0.522946298122406
409,0.5961230397224426,1e-04,0.106898986,0.011651613,0.10794263,0.8566737771034241,0.5196525454521179,0.2733396291732788,0.522818922996521
410,0.594954788684845,1e-04,0.10675391,0.011620644,0.10779909,0.8554016947746277,0.5195238590240479,0.27320265769958496,0.5226879119873047
411,0.5937888026237488,1e-04,0.10660908,0.011589768,0.107655786,0.8541277050971985,0.5193912982940674,0.27306175231933594,0.5225530862808228
412,0.5926249623298645,1e-04,0.10646441,0.0115589695,0.107512645,0.8528520464897156,0.5192551016807556,0.27291709184646606,0.5224146842956543
413,0.5914632678031921,1e-04,0.10631997,0.01152826,0.107369736,0.8515747785568237,0.5191152095794678,0.272768497467041,0.5222724080085754
414,0.590303897857666,1e-04,0.10617572,0.011497636,0.107227035,0.8502956032752991,0.5189714431762695,0.2726159691810608,0.5221263766288757
415,0.5891467332839966,1e-04,0.106031686,0.0114670945,0.10708452,0.8490148186683655,0.5188238620758057,0.27245956659317017,0.5219765901565552
416,0.5879919528961182,1e-04,0.10588787,0.011436644,0.106942244,0.8477317690849304,0.518672525882721,0.2722991704940796,0.5218229293823242
417,0.5868389010429382,1e-04,0.10574425,0.01140627,0.10680014,0.8464473485946655,0.518517255783081,0.27213484048843384,0.5216654539108276
418,0.5856884717941284,1e-04,0.10560086,0.011375989,0.10665828,0.8451606631278992,0.5183581709861755,0.27196648716926575,0.5215040445327759
419,0.5845399498939514,1e-04,0.105457634,0.011345779,0.10651656,0.8438723683357239,0.5181952714920044,0.2717941999435425,0.5213388800621033
420,0.5833938121795654,1e-04,0.105314635,0.0113156615,0.1063751,0.8425822257995605,0.5180283784866333,0.27161794900894165,0.5211697816848755
421,0.5822499394416809,1e-04,0.10517183,0.011285628,0.106233835,0.8412899971008301,0.5178576111793518,0.2714375853538513,0.5209967494010925
422,0.5811080932617188,1e-04,0.1050292,0.011255673,0.10609276,0.8399959206581116,0.5176829099655151,0.27125322818756104,0.5208197832107544
423,0.5799684524536133,1e-04,0.10488683,0.011225806,0.105951905,0.8386996388435364,0.5175042152404785,0.27106475830078125,0.5206388235092163
424,0.578830897808075,1e-04,0.10474464,0.011196018,0.10581124,0.8374016880989075,0.5173214673995972,0.27087223529815674,0.5204538702964783
425,0.5776957869529724,1e-04,0.104602665,0.011166316,0.105670795,0.8361015319824219,0.5171347856521606,0.2706755995750427,0.5202649235725403
426,0.5765625834465027,1e-04,0.10446086,0.011136691,0.10553052,0.8347993493080139,0.5169440507888794,0.2704748213291168,0.5200719237327576
427,0.5754317045211792,1e-04,0.104319304,0.011107157,0.1053905,0.8334951400756836,0.5167492628097534,0.2702699303627014,0.5198749303817749
428,0.5743029117584229,1e-04,0.10417793,0.011077698,0.10525064,0.8321888446807861,0.5165504217147827,0.27006086707115173,0.5196738243103027
429,0.5731762647628784,1e-04,0.10403677,0.011048324,0.10511101,0.830880343914032,0.5163474082946777,0.2698476314544678,0.5194686055183411
430,0.5720517635345459,1e-04,0.10389578,0.011019029,0.10497156,0.829569935798645,0.516140341758728,0.26963016390800476,0.5192592740058899
431,0.5709295272827148,1e-04,0.10375502,0.010989815,0.10483232,0.8282575011253357,0.515929102897644,0.26940858364105225,0.5190458297729492
432,0.5698095560073853,1e-04,0.10361446,0.010960686,0.10469329,0.826942503452301,0.5157136917114258,0.2691827118396759,0.5188282132148743
433,0.5686914920806885,1e-04,0.10347411,0.010931638,0.104554474,0.8256255984306335,0.5154942274093628,0.26895272731781006,0.5186065435409546
434,0.5675755739212036,1e-04,0.10333394,0.010902668,0.10441584,0.824306309223175,0.515270471572876,0.2687183916568756,0.5183805227279663
435,0.5664616823196411,1e-04,0.103193976,0.010873776,0.1042774,0.8229849934577942,0.5150424242019653,0.2684797942638397,0.5181503295898438
436,0.5653501152992249,1e-04,0.10305425,0.010844968,0.10413918,0.8216613531112671,0.5148102045059204,0.2682368755340576,0.5179159045219421
437,0.5642406940460205,1e-04,0.10291469,0.010816242,0.104001164,0.8203355073928833,0.5145736932754517,0.2679896950721741,0.5176771879196167
438,0.5631334185600281,1e-04,0.102775335,0.010787591,0.10386333,0.8190072774887085,0.5143328905105591,0.2677381634712219,0.5174342393875122
439,0.562028169631958,1e-04,0.102636196,0.010759023,0.10372571,0.8176769614219666,0.5140878558158875,0.2674823999404907,0.5171869993209839
440,0.5609250664710999,1e-04,0.10249724,0.010730534,0.10358829,0.816344141960144,0.513838529586792,0.26722225546836853,0.5169354677200317
441,0.5598239898681641,1e-04,0.10235847,0.010702118,0.10345104,0.8150089979171753,0.5135846138000488,0.26695767045021057,0.5166794657707214
442,0.5587250590324402,1e-04,0.10221994,0.01067379,0.103314035,0.8136715888977051,0.5133265256881714,0.2666887640953064,0.5164191722869873
443,0.557628333568573,1e-04,0.1020816,0.010645539,0.10317722,0.8123317956924438,0.5130639672279358,0.26641538739204407,0.516154408454895
444,0.5565337538719177,1e-04,0.101943456,0.010617363,0.10304059,0.8109894394874573,0.512796938419342,0.26613759994506836,0.5158852338790894
445,0.5554410815238953,1e-04,0.10180553,0.010589269,0.10290417,0.8096449375152588,0.5125255584716797,0.26585549116134644,0.5156117677688599
446,0.5543506741523743,1e-04,0.101667784,0.010561251,0.102767944,0.8082979321479797,0.512249767780304,0.26556897163391113,0.5153338313102722
447,0.5532622933387756,1e-04,0.10153023,0.010533315,0.10263194,0.8069485425949097,0.5119696259498596,0.26527807116508484,0.515051543712616
448,0.5521759986877441,1e-04,0.10139289,0.010505453,0.10249611,0.8055967092514038,0.5116848945617676,0.2649827003479004,0.5147647261619568
449,0.5510916709899902,1e-04,0.10125574,0.010477667,0.10236047,0.8042422533035278,0.5113955140113831,0.26468268036842346,0.5144731998443604
450,0.5500096082687378,1e-04,0.1011188,0.010449964,0.102225065,0.8028855323791504,0.5111017227172852,0.26437830924987793,0.5141773223876953
451,0.5489295721054077,1e-04,0.10098207,0.010422337,0.102089845,0.8015262484550476,0.5108033418655396,0.2640693485736847,0.5138767957687378
452,0.5478516817092896,1e-04,0.100845516,0.010394783,0.10195481,0.8001644015312195,0.5105003714561462,0.2637559175491333,0.5135717391967773
453,0.546775758266449,1e-04,0.10070915,0.010367304,0.10181996,0.7987998723983765,0.5101928114891052,0.263437956571579,0.5132620930671692
454,0.545701801776886,1e-04,0.100573026,0.0103399055,0.10168532,0.7974331378936768,0.5098806619644165,0.2631155252456665,0.5129478573799133
455,0.5446301698684692,1e-04,0.10043708,0.010312587,0.10155091,0.7960634827613831,0.5095638036727905,0.26278841495513916,0.5126289129257202
456,0.5435603857040405,1e-04,0.1003013,0.010285337,0.101416655,0.7946913838386536,0.5092423558235168,0.26245689392089844,0.512305498123169
457,0.5424926280975342,1e-04,0.100165755,0.010258169,0.10128262,0.7933167219161987,0.5089161992073059,0.26212072372436523,0.5119772553443909
458,0.5414270758628845,1e-04,0.1000304,0.010231077,0.101148784,0.7919394373893738,0.5085854530334473,0.2617800235748291,0.5116444230079651
459,0.5403634905815125,1e-04,0.09989524,0.010204057,0.101015136,0.7905594706535339,0.508249819278717,0.2614346444606781,0.5113068222999573
460,0.5393019318580627,1e-04,0.09976032,0.01017712,0.10088171,0.7891769409179688,0.5079095959663391,0.26108476519584656,0.510964572429657
461,0.5382424592971802,1e-04,0.09962553,0.010150248,0.10074844,0.7877917289733887,0.5075645446777344,0.26073017716407776,0.5106174349784851
462,0.5371850728988647,1e-04,0.09949098,0.010123458,0.1006154,0.786404013633728,0.5072147250175476,0.26037102937698364,0.5102656483650208
463,0.5361297130584717,1e-04,0.0993566,0.010096739,0.10048253,0.7850135564804077,0.5068601369857788,0.26000726222991943,0.5099090933799744
464,0.535076379776001,1e-04,0.099222444,0.010070097,0.10034987,0.7836204171180725,0.506500780582428,0.2596389055252075,0.509547770023346
465,0.5340250134468079,1e-04,0.09908847,0.010043529,0.10021741,0.7822244763374329,0.5061365365982056,0.25926584005355835,0.509181559085846
466,0.5329757332801819,1e-04,0.0989547,0.010017035,0.10008514,0.7808259725570679,0.5057675838470459,0.25888824462890625,0.5088106393814087
467,0.5319283604621887,1e-04,0.09882111,0.009990616,0.09995307,0.7794247269630432,0.5053936243057251,0.2585058808326721,0.5084347128868103
468,0.5308831334114075,1e-04,0.09868773,0.009964268,0.09982118,0.7780206799507141,0.5050147771835327,0.25811880826950073,0.5080539584159851
469,0.5298399329185486,1e-04,0.098554574,0.009938,0.09968951,0.7766138911247253,0.5046310424804688,0.25772708654403687,0.5076682567596436
470,0.5287985801696777,1e-04,0.098421596,0.009911802,0.09955803,0.7752044796943665,0.504242479801178,0.2573307752609253,0.50727778673172
471,0.5277593731880188,1e-04,0.0982888,0.009885676,0.09942674,0.7737920880317688,0.5038488507270813,0.2569296658039093,0.5068823099136353
472,0.5267220139503479,1e-04,0.09815619,0.009859625,0.099295646,0.7723771333694458,0.5034503936767578,0.2565239667892456,0.506481945514679
473,0.5256868004798889,1e-04,0.098023795,0.009833646,0.09916474,0.7709593176841736,0.5030468702316284,0.2561134696006775,0.5060765743255615
474,0.5246535539627075,1e-04,0.09789161,0.009807742,0.09903405,0.7695388197898865,0.5026383996009827,0.2556983232498169,0.505666196346283
475,0.5236223340034485,1e-04,0.09775958,0.009781905,0.098903514,0.768115222454071,0.502224862575531,0.25527840852737427,0.5052508115768433
476,0.5225929617881775,1e-04,0.09762778,0.009756145,0.098773204,0.7666893005371094,0.501806378364563,0.25485387444496155,0.504830539226532
477,0.5215659141540527,1e-04,0.09749616,0.009730455,0.09864307,0.7652601003646851,0.5013827681541443,0.25442448258399963,0.5044050812721252
478,0.5205404758453369,1e-04,0.097364746,0.009704842,0.098513156,0.7638282775878906,0.5009541511535645,0.2539904713630676,0.5039746761322021
479,0.5195170640945435,1e-04,0.09723351,0.009679298,0.09838343,0.7623929381370544,0.5005205273628235,0.25355178117752075,0.5035392642021179
480,0.5184950232505798,1e-04,0.09710238,0.009653806,0.09825378,0.7609555125236511,0.5000817179679871,0.25310829281806946,0.5030986666679382
481,0.5174755454063416,1e-04,0.096971534,0.0096284,0.098124415,0.7595151662826538,0.49963781237602234,0.25266003608703613,0.5026530027389526
482,0.5164582133293152,1e-04,0.096840896,0.009603073,0.09799527,0.7580719590187073,0.4991886615753174,0.2522069811820984,0.5022021532058716
483,0.5154427886009216,1e-04,0.09671045,0.0095778145,0.09786631,0.7566259503364563,0.4987344741821289,0.25174927711486816,0.5017462372779846
484,0.5144292712211609,1e-04,0.09658021,0.009552627,0.09773754,0.7551770806312561,0.49827516078948975,0.2512868344783783,0.501285195350647
485,0.5134177207946777,1e-04,0.09645015,0.009527511,0.09760897,0.7537253499031067,0.4978106617927551,0.2508196532726288,0.5008189678192139
486,0.5124081373214722,1e-04,0.096320294,0.009502466,0.097480595,0.7522707581520081,0.49734097719192505,0.25034773349761963,0.5003476142883301
487,0.5114005208015442,1e-04,0.09619061,0.009477488,0.09735239,0.7508134245872498,0.4968661367893219,0.2498711198568344,0.4998711049556732
488,0.5103948712348938,1e-04,0.09606114,0.009452584,0.0972244,0.7493531703948975,0.4963861107826233,0.24938981235027313,0.4993894398212433
489,0.5093911290168762,1e-04,0.09593185,0.009427748,0.09709659,0.7478899955749512,0.4959007501602173,0.24890366196632385,0.49890246987342834
490,0.5083892941474915,1e-04,0.09580276,0.009402983,0.09696898,0.7464239597320557,0.49541011452674866,0.24841272830963135,0.4984101951122284
491,0.507389485836029,1e-04,0.09567386,0.009378285,0.096841544,0.7449551224708557,0.49491429328918457,0.24791714549064636,0.49791279435157776
492,0.5063916444778442,1e-04,0.095545195,0.009353667,0.096714355,0.7434833645820618,0.49441319704055786,0.24741683900356293,0.4974101185798645
493,0.5053955912590027,1e-04,0.095416665,0.009329106,0.09658729,0.7420086860656738,0.49390682578086853,0.24691179394721985,0.496902197599411
494,0.5044015049934387,1e-04,0.095288344,0.009304619,0.096460454,0.7405312061309814,0.4933950901031494,0.24640199542045593,0.4963889420032501
495,0.5034093856811523,1e-04,0.09516024,0.0092802,0.096333794,0.7390508651733398,0.49287810921669006,0.24588751792907715,0.4958704710006714
496,0.5024191737174988,1e-04,0.0950323,0.009255851,0.09620733,0.7375676035881042,0.4923557937145233,0.2453683316707611,0.49534666538238525
497,0.5014308094978333,1e-04,0.09490454,0.00923157,0.09608106,0.7360814213752747,0.4918280243873596,0.24484427273273468,0.4948174059391022
498,0.5004445314407349,1e-04,0.09477701,0.00920736,0.09595499,0.7345924377441406,0.4912949800491333,0.24431559443473816,0.49428290128707886
499,0.49946004152297974,1e-04,0.094649635,0.009183212,0.09582908,0.733100414276123,0.4907565116882324,0.2437821626663208,0.49374300241470337
500,0.49847739934921265,1e-04,0.09452248,0.0091591375,0.095703386,0.7316057085990906,0.4902127683162689,0.24324414134025574,0.49319785833358765
501,0.49749669432640076,1e-04,0.09439552,0.009135134,0.095577896,0.7301080822944641,0.4896635115146637,0.24270129203796387,0.4926472306251526
502,0.49651798605918884,1e-04,0.09426874,0.009111192,0.09545256,0.7286077737808228,0.48910897970199585,0.24215389788150787,0.4920913577079773
503,0.49554115533828735,1e-04,0.09414214,0.009087318,0.09532742,0.7271044850349426,0.4885490834712982,0.2416018545627594,0.4915301203727722
504,0.4945661425590515,1e-04,0.09401575,0.009063516,0.0952025,0.7255984544754028,0.487983763217926,0.24104510247707367,0.4909634292125702
505,0.4935930669307709,1e-04,0.09388956,0.009039778,0.095077746,0.724089503288269,0.4874130189418793,0.24048374593257904,0.49039143323898315
506,0.49262189865112305,1e-04,0.09376353,0.009016109,0.094953194,0.722577691078186,0.4868367612361908,0.23991765081882477,0.489813894033432
507,0.49165254831314087,1e-04,0.0936377,0.008992503,0.094828814,0.7210631370544434,0.48625510931015015,0.2393469661474228,0.4892309904098511
508,0.4906851351261139,1e-04,0.09351208,0.00896897,0.09470464,0.7195454835891724,0.485667884349823,0.23877152800559998,0.48864254355430603
509,0.4897195100784302,1e-04,0.09338663,0.008945499,0.09458064,0.718025267124176,0.4850751757621765,0.23819150030612946,0.4880486726760864
510,0.48875582218170166,1e-04,0.09326139,0.008922095,0.094456844,0.7165021300315857,0.48447707295417786,0.23760688304901123,0.48744937777519226
511,0.48779407143592834,1e-04,0.09313635,0.00889876,0.09433324,0.7149763107299805,0.48387348651885986,0.2370177060365677,0.48684462904930115
512,0.4868341088294983,1e-04,0.093011476,0.008875488,0.09420981,0.7134477496147156,0.48326441645622253,0.23642395436763763,0.4862344563007355
513,0.48587608337402344,1e-04,0.09288678,0.008852285,0.09408659,0.7119162678718567,0.48264989256858826,0.23582567274570465,0.48561885952949524
514,0.4849197566509247,1e-04,0.0927623,0.008829147,0.09396354,0.7103824019432068,0.4820299744606018,0.2352229654788971,0.4849978983402252
515,0.48396551609039307,1e-04,0.09263798,0.008806073,0.09384068,0.708845317363739,0.48140430450439453,0.23461543023586273,0.484371155500412
516,0.48301297426223755,1e-04,0.09251388,0.008783066,0.093718015,0.7073056101799011,0.4807732105255127,0.2340034693479538,0.48373904824256897
517,0.4820622503757477,1e-04,0.09238996,0.008760122,0.09359552,0.7057632207870483,0.48013660311698914,0.2333870232105255,0.4831014573574066
518,0.4811134338378906,1e-04,0.09226624,0.008737247,0.09347325,0.7042180895805359,0.4794944226741791,0.2327660769224167,0.4824583828449249
519,0.4801664650440216,1e-04,0.09214273,0.008714437,0.09335115,0.7026703953742981,0.47884684801101685,0.2321406900882721,0.4818097949028015
520,0.4792213439941406,1e-04,0.09201937,0.008691687,0.09322922,0.7011199593544006,0.4781937897205353,0.23151099681854248,0.4811559021472931
521,0.4782779812812805,1e-04,0.0918962,0.008669004,0.093107484,0.6995669007301331,0.4775351285934448,0.23087675869464874,0.4804963767528534
522,0.477336585521698,1e-04,0.091773234,0.008646389,0.09298596,0.6980111002922058,0.47687089443206787,0.23023809492588043,0.4798313081264496
523,0.4763968884944916,1e-04,0.091650434,0.008623834,0.0928646,0.6964526772499084,0.4762009382247925,0.2295948565006256,0.4791605770587921
524,0.47545918822288513,1e-04,0.09152782,0.008601341,0.09274342,0.6948915719985962,0.47552552819252014,0.22894729673862457,0.4784843623638153
525,0.4745231568813324,1e-04,0.09140545,0.008578918,0.09262245,0.693327784538269,0.4748445153236389,0.22829535603523254,0.4778026342391968
526,0.4735889732837677,1e-04,0.09128324,0.008556557,0.092501655,0.6917613744735718,0.4741578996181488,0.22763903439044952,0.47711533308029175
527,0.47265660762786865,1e-04,0.091161214,0.008534258,0.09238105,0.6901926398277283,0.4734659790992737,0.226978600025177,0.4764226973056793
528,0.47172611951828003,1e-04,0.09103936,0.008512025,0.09226064,0.6886215209960938,0.47276848554611206,0.22631390392780304,0.47572460770606995
529,0.47079744935035706,1e-04,0.090917714,0.008489855,0.09214041,0.6870477795600891,0.4720655083656311,0.22564496099948883,0.47502100467681885
530,0.46987053751945496,1e-04,0.09079623,0.008467745,0.09202035,0.6854713559150696,0.4713568687438965,0.2249717116355896,0.47431182861328125
531,0.46894538402557373,1e-04,0.090674914,0.008445698,0.091900475,0.6838924884796143,0.4706425666809082,0.22429412603378296,0.4735970199108124
532,0.46802210807800293,1e-04,0.09055387,0.008423719,0.09178082,0.6823110580444336,0.46992263197898865,0.2236122339963913,0.47287654876708984
533,0.4671006500720978,1e-04,0.090433,0.008401804,0.09166136,0.6807271242141724,0.46919703483581543,0.2229260802268982,0.4721504747867584
534,0.4661809504032135,1e-04,0.090312295,0.008379946,0.09154205,0.6791409254074097,0.4684661626815796,0.22223606705665588,0.47141921520233154
535,0.4652629792690277,1e-04,0.09019176,0.00835815,0.091422915,0.6775524020195007,0.46772974729537964,0.22154194116592407,0.47068241238594055
536,0.46434691548347473,1e-04,0.09007142,0.008336418,0.09130399,0.6759616732597351,0.4669879972934723,0.22084391117095947,0.46994033455848694
537,0.46343255043029785,1e-04,0.089951284,0.008314754,0.09118527,0.6743686199188232,0.46624064445495605,0.22014176845550537,0.4691926836967468
538,0.4625200033187866,1e-04,0.08983126,0.00829314,0.09106668,0.6727730631828308,0.465487539768219,0.21943539381027222,0.4684393107891083
539,0.46160921454429626,1e-04,0.089711495,0.008271597,0.09094832,0.6711750030517578,0.46472886204719543,0.21872493624687195,0.4676803648471832
540,0.46070024371147156,1e-04,0.08959192,0.008250113,0.09083013,0.6695747375488281,0.463964581489563,0.21801045536994934,0.46691590547561646
541,0.4597930610179901,1e-04,0.08947253,0.00822869,0.09071213,0.6679723858833313,0.46319490671157837,0.21729214489459991,0.4661460518836975
542,0.45888760685920715,1e-04,0.08935332,0.008207329,0.09059431,0.666367769241333,0.46241962909698486,0.21656987071037292,0.46537068486213684
543,0.4579838812351227,1e-04,0.08923429,0.008186028,0.09047667,0.6647612452507019,0.4616391956806183,0.2158440500497818,0.4645901918411255
544,0.45708197355270386,1e-04,0.08911543,0.008164789,0.09035922,0.6631525158882141,0.46085309982299805,0.21511423587799072,0.46380409598350525
545,0.4561818540096283,1e-04,0.08899677,0.00814361,0.090241954,0.6615415811538696,0.46006155014038086,0.2143806368112564,0.46301257610321045
546,0.45528343319892883,1e-04,0.08887828,0.0081224935,0.090124875,0.6599285006523132,0.45926445722579956,0.21364319324493408,0.46221551299095154
547,0.45438677072525024,1e-04,0.08876002,0.00810144,0.090008,0.6583133935928345,0.45846182107925415,0.21290194988250732,0.4614129960536957
548,0.45349186658859253,1e-04,0.088641904,0.0080804415,0.08989128,0.656696081161499,0.45765361189842224,0.21215689182281494,0.4606049060821533
549,0.4525987207889557,1e-04,0.088524014,0.008059506,0.08977475,0.6550768613815308,0.45683997869491577,0.21140818297863007,0.4597914516925812
550,0.45170727372169495,1e-04,0.08840629,0.008038629,0.0896584,0.653455913066864,0.4560210704803467,0.2106560468673706,0.4589728116989136
551,0.45081767439842224,1e-04,0.08828876,0.008017817,0.08954226,0.6518330574035645,0.4551967978477478,0.20990034937858582,0.4581488370895386
552,0.44992974400520325,1e-04,0.088171385,0.007997058,0.08942627,0.6502083539962769,0.45436716079711914,0.20914113521575928,0.4573194980621338
553,0.44904354214668274,1e-04,0.0880542,0.007976362,0.089310475,0.6485819220542908,0.4535321593284607,0.20837846398353577,0.45648491382598877
554,0.4481591284275055,1e-04,0.087937206,0.007955725,0.08919487,0.6469534635543823,0.4526916444301605,0.20761220157146454,0.455644816160202
555,0.44727644324302673,1e-04,0.0878204,0.007935148,0.08907945,0.6453232169151306,0.45184558629989624,0.2068423628807068,0.45479926466941833
556,0.4463954567909241,1e-04,0.087703794,0.007914629,0.0889642,0.6436911225318909,0.45099419355392456,0.20606914162635803,0.45394837856292725
557,0.4455161690711975,1e-04,0.08758736,0.007894169,0.088849135,0.6420572996139526,0.4501374363899231,0.20529253780841827,0.45309218764305115
558,0.44463858008384705,1e-04,0.08747112,0.00787377,0.08873426,0.6404220461845398,0.44927549362182617,0.20451277494430542,0.45223090052604675
559,0.44376271963119507,1e-04,0.08735505,0.007853427,0.08861956,0.6387852430343628,0.4484082758426666,0.2037297487258911,0.45136430859565735
560,0.44288864731788635,1e-04,0.08723917,0.007833145,0.08850505,0.6371469497680664,0.4475358724594116,0.20294363796710968,0.45049265027046204
561,0.44201624393463135,1e-04,0.08712345,0.007812919,0.088390715,0.6355071663856506,0.44665831327438354,0.20215442776679993,0.44961586594581604
562,0.44114547967910767,1e-04,0.08700794,0.0077927546,0.08827658,0.6338658332824707,0.44577527046203613,0.20136192440986633,0.44873368740081787
563,0.4402765929698944,1e-04,0.08689261,0.0077726482,0.08816262,0.6322228312492371,0.4448869228363037,0.20056621730327606,0.4478462040424347
564,0.4394092261791229,1e-04,0.0867775,0.007752601,0.08804885,0.6305783987045288,0.44399315118789673,0.19976729154586792,0.44695335626602173
565,0.4385436475276947,1e-04,0.08666252,0.007732605,0.08793523,0.628932774066925,0.4430944323539734,0.1989656388759613,0.44605565071105957
566,0.43767982721328735,1e-04,0.08654777,0.007712675,0.087821834,0.6272860169410706,0.4421907067298889,0.19816115498542786,0.44515296816825867
567,0.43681761622428894,1e-04,0.08643317,0.0076927952,0.087708585,0.6256380081176758,0.441281795501709,0.1973537653684616,0.4442451596260071
568,0.4359571933746338,1e-04,0.08631877,0.007672979,0.087595545,0.6239887475967407,0.4403679370880127,0.19654369354248047,0.4433324933052063
569,0.4350982904434204,1e-04,0.08620451,0.0076532178,0.08748267,0.6223381757736206,0.4394487738609314,0.19573059678077698,0.4424145221710205
570,0.43424108624458313,1e-04,0.086090446,0.0076335096,0.087369956,0.6206866502761841,0.4385245144367218,0.1949147880077362,0.4414915442466736
571,0.4333857297897339,1e-04,0.08597662,0.007613866,0.08725747,0.619033694267273,0.437595009803772,0.19409607350826263,0.4405633509159088
572,0.4325319528579712,1e-04,0.085862935,0.007594274,0.087145135,0.617379903793335,0.4366605281829834,0.19327478110790253,0.43963027000427246
573,0.4316798448562622,1e-04,0.08574945,0.0075747394,0.08703298,0.615725040435791,0.4357210695743561,0.19245091080665588,0.43869227170944214
574,0.4308294355869293,1e-04,0.08563616,0.0075552664,0.086921036,0.6140696406364441,0.43477702140808105,0.19162485003471375,0.4377497434616089
575,0.429980605840683,1e-04,0.08552302,0.0075358436,0.08680924,0.6124132871627808,0.4338279366493225,0.19079619646072388,0.4368022382259369
576,0.4291335344314575,1e-04,0.08541006,0.0075164773,0.08669762,0.6107561588287354,0.43287402391433716,0.1899651736021042,0.4358499348163605
577,0.42828819155693054,1e-04,0.08529728,0.007497169,0.08658619,0.6090980768203735,0.4319150447845459,0.18913164734840393,0.4348926842212677
578,0.42744433879852295,1e-04,0.085184716,0.007477919,0.08647496,0.6074392795562744,0.43095117807388306,0.18829573690891266,0.43393057584762573
579,0.42660224437713623,1e-04,0.08507229,0.0074587204,0.08636388,0.605779767036438,0.4299824833869934,0.1874575912952423,0.4329637289047241
580,0.42576178908348083,1e-04,0.08496008,0.0074395835,0.08625302,0.6041198968887329,0.4290091395378113,0.18661729991436005,0.43199223279953003
581,0.4249230921268463,1e-04,0.084848054,0.0074204965,0.0861423,0.6024590730667114,0.4280308485031128,0.18577471375465393,0.43101590871810913
582,0.4240858256816864,1e-04,0.08473619,0.0074014664,0.08603177,0.6007981896400452,0.4270482063293457,0.18493033945560455,0.430035263299942
583,0.42325037717819214,1e-04,0.08462453,0.0073824935,0.08592144,0.5991365313529968,0.4260605275630951,0.18408364057540894,0.42904970049858093
584,0.4224165380001068,1e-04,0.084513016,0.0073635727,0.085811265,0.5974749326705933,0.42506861686706543,0.1832352876663208,0.4280599057674408
585,0.4215843379497528,1e-04,0.084401704,0.00734471,0.08570129,0.5958127379417419,0.42407187819480896,0.18238487839698792,0.4270654320716858
586,0.4207537770271301,1e-04,0.084290564,0.0073259007,0.08559147,0.5941500067710876,0.42307037115097046,0.1815323829650879,0.42606616020202637
587,0.4199247658252716,1e-04,0.08417962,0.0073071453,0.085481845,0.5924872756004333,0.4220644235610962,0.18067824840545654,0.4250626266002655
588,0.4190974831581116,1e-04,0.08406886,0.007288446,0.085372396,0.5908243656158447,0.42105406522750854,0.1798223853111267,0.42405468225479126
589,0.4182717502117157,1e-04,0.08395826,0.0072697997,0.08526312,0.5891612768173218,0.4200392961502075,0.17896488308906555,0.4230424165725708
590,0.41744765639305115,1e-04,0.08384785,0.00725121,0.085154034,0.5874983072280884,0.4190201163291931,0.17810577154159546,0.42202579975128174
591,0.4166252315044403,1e-04,0.08373761,0.007232674,0.08504513,0.5858352184295654,0.4179964065551758,0.17724496126174927,0.4210047125816345
592,0.4158044159412384,1e-04,0.08362758,0.0072141923,0.0849364,0.5841721296310425,0.41696837544441223,0.17638270556926727,0.41997942328453064
593,0.41498517990112305,1e-04,0.08351771,0.0071957656,0.084827855,0.582509458065033,0.4159362316131592,0.1755191534757614,0.41895005106925964
594,0.4141676723957062,1e-04,0.083408035,0.00717739,0.08471948,0.5808467268943787,0.41489967703819275,0.17465408146381378,0.41791635751724243
595,0.4133516848087311,1e-04,0.08329853,0.007159068,0.084611274,0.5791842341423035,0.41385895013809204,0.17378775775432587,0.4168785810470581
596,0.4125373065471649,1e-04,0.08318919,0.0071408004,0.084503256,0.577522337436676,0.4128143787384033,0.17292040586471558,0.41583698987960815
597,0.4117245376110077,1e-04,0.08308002,0.007122585,0.08439541,0.5758605003356934,0.41176533699035645,0.17205160856246948,0.4147910475730896
598,0.4109133183956146,1e-04,0.08297107,0.007104428,0.08428777,0.5741992592811584,0.410712331533432,0.171181783080101,0.41374120116233826
599,0.41010379791259766,1e-04,0.08286228,0.0070863194,0.08418028,0.5725384950637817,0.40965530276298523,0.1703108847141266,0.41268739104270935
600,0.40929585695266724,1e-04,0.08275369,0.0070682676,0.08407299,0.5708780884742737,0.40859413146972656,0.169438898563385,0.4116295576095581
601,0.408489465713501,1e-04,0.082645245,0.0070502604,0.08396583,0.5692184567451477,0.4075290858745575,0.16856598854064941,0.41056787967681885
602,0.4076848030090332,1e-04,0.082537,0.007032314,0.08385889,0.5675594806671143,0.40646034479141235,0.1676923930644989,0.40950262546539307
603,0.40688151121139526,1e-04,0.082428925,0.0070144148,0.0837521,0.5659012794494629,0.4053877592086792,0.16681799292564392,0.40843358635902405
604,0.40607982873916626,1e-04,0.08232104,0.0069965725,0.083645515,0.5642439723014832,0.40431147813796997,0.16594290733337402,0.40736091136932373
605,0.40527987480163574,1e-04,0.08221332,0.006978782,0.083539106,0.5625874996185303,0.40323132276535034,0.16506709158420563,0.40628448128700256
606,0.4044814109802246,1e-04,0.08210578,0.0069610435,0.08343287,0.5609317421913147,0.40214741230010986,0.16419059038162231,0.4052043855190277
607,0.4036845266819,1e-04,0.08199843,0.006943355,0.083326794,0.5592768788337708,0.401059627532959,0.1633133590221405,0.40412047505378723
608,0.4028892517089844,1e-04,0.08189125,0.0069257203,0.083220914,0.5576232075691223,0.39996862411499023,0.16243591904640198,0.40303340554237366
609,0.4020954966545105,1e-04,0.08178425,0.006908135,0.08311519,0.5559707880020142,0.3988739550113678,0.16155798733234406,0.40194275975227356
610,0.40130338072776794,1e-04,0.08167744,0.006890604,0.08300966,0.5543195009231567,0.39777591824531555,0.16067980229854584,0.4008488655090332
611,0.40051281452178955,1e-04,0.0815708,0.0068731233,0.0829043,0.55266934633255,0.39667439460754395,0.15980130434036255,0.39975154399871826
612,0.39972370862960815,1e-04,0.081464306,0.0068556927,0.082799114,0.5510207414627075,0.3955698013305664,0.15892279148101807,0.39865121245384216
613,0.39893630146980286,1e-04,0.08135802,0.006838318,0.08269412,0.5493735074996948,0.3944617807865143,0.15804408490657806,0.3975476026535034
614,0.39815041422843933,1e-04,0.08125191,0.0068209902,0.08258928,0.5477275848388672,0.3933504819869995,0.1571652740240097,0.3964407444000244
615,0.3973660469055176,1e-04,0.08114596,0.006803712,0.08248462,0.5460830330848694,0.39223575592041016,0.15628625452518463,0.3953305780887604
616,0.3965832591056824,1e-04,0.08104023,0.0067864894,0.08238015,0.5444401502609253,0.39111804962158203,0.15540744364261627,0.39421752095222473
617,0.39580202102661133,1e-04,0.08093468,0.0067693167,0.08227586,0.5427988767623901,0.38999736309051514,0.15452881157398224,0.3931015431880951
618,0.39502227306365967,1e-04,0.08082926,0.0067521916,0.08217172,0.541159451007843,0.38887375593185425,0.15365049242973328,0.391982764005661
619,0.39424413442611694,1e-04,0.080724016,0.0067351167,0.08206776,0.5395218133926392,0.38774728775024414,0.152772456407547,0.3908611834049225
620,0.3934674859046936,1e-04,0.08061896,0.006718094,0.08196398,0.5378857254981995,0.3866174817085266,0.1518944501876831,0.3897363841533661
621,0.3926924169063568,1e-04,0.080514096,0.006701123,0.081860386,0.5362518429756165,0.3854852318763733,0.15101712942123413,0.38860923051834106
622,0.3919188678264618,1e-04,0.08040941,0.0066842013,0.081756964,0.5346196293830872,0.384350061416626,0.15014013648033142,0.3874792158603668
623,0.39114677906036377,1e-04,0.0803049,0.0066673295,0.081653714,0.5329893827438354,0.38321202993392944,0.14926356077194214,0.3863464295864105
624,0.39037632942199707,1e-04,0.08020054,0.0066505037,0.08155062,0.5313612818717957,0.38207143545150757,0.14838767051696777,0.38521119952201843
625,0.38960734009742737,1e-04,0.08009641,0.006633736,0.08144775,0.5297352075576782,0.3809281289577484,0.1475123167037964,0.38407331705093384
626,0.3888399004936218,1e-04,0.079992406,0.006617011,0.081345014,0.5281115770339966,0.3797825574874878,0.1466379165649414,0.3829333186149597
627,0.38807404041290283,1e-04,0.07988858,0.0066003352,0.08124245,0.5264902710914612,0.378634512424469,0.1457642912864685,0.3817909061908722
628,0.38730964064598083,1e-04,0.07978495,0.006583713,0.081140086,0.5248712301254272,0.37748420238494873,0.144891619682312,0.38064631819725037
629,0.3865467607975006,1e-04,0.07968148,0.006567137,0.08103787,0.5232545733451843,0.37633147835731506,0.14401981234550476,0.3794994354248047
630,0.38578540086746216,1e-04,0.07957818,0.0065506105,0.08093584,0.5216401219367981,0.3751761317253113,0.14314870536327362,0.37834998965263367
631,0.3850255608558655,1e-04,0.079475075,0.0065341326,0.08083398,0.5200283527374268,0.3740187883377075,0.14227882027626038,0.37719863653182983
632,0.3842672109603882,1e-04,0.07937214,0.006517703,0.08073229,0.518419086933136,0.37285926938056946,0.14141003787517548,0.37604525685310364
633,0.3835103213787079,1e-04,0.07926939,0.0065013245,0.080630794,0.5168126821517944,0.37169796228408813,0.1405426263809204,0.37489014863967896
634,0.38275501132011414,1e-04,0.07916681,0.006484994,0.08052946,0.515208899974823,0.37053465843200684,0.13967646658420563,0.37373316287994385
635,0.3820011615753174,1e-04,0.07906439,0.006468711,0.080428295,0.5136077404022217,0.36936914920806885,0.1388114094734192,0.3725740313529968
636,0.38124880194664,1e-04,0.078962155,0.006452476,0.08032731,0.5120095014572144,0.36820188164711,0.13794781267642975,0.3714132606983185
637,0.3804979920387268,1e-04,0.0788601,0.006436289,0.08022648,0.510414183139801,0.36703285574913025,0.1370856910943985,0.3702508509159088
638,0.3797486424446106,1e-04,0.078758225,0.0064201527,0.08012585,0.5088216662406921,0.36586207151412964,0.13622504472732544,0.36908677220344543
639,0.379000723361969,1e-04,0.07865652,0.006404063,0.08002539,0.5072323679924011,0.36468976736068726,0.1353660523891449,0.36792126297950745
640,0.37825438380241394,1e-04,0.078554966,0.0063880202,0.07992509,0.5056459903717041,0.3635156750679016,0.13450852036476135,0.36675402522087097
641,0.3775095045566559,1e-04,0.078453586,0.0063720234,0.079824954,0.5040627121925354,0.3623400926589966,0.13365274667739868,0.36558547616004944
642,0.37676599621772766,1e-04,0.0783524,0.0063560773,0.07972501,0.5024824142456055,0.36116281151771545,0.13279849290847778,0.3644152879714966
643,0.3760240972042084,1e-04,0.0782514,0.0063401777,0.079625234,0.5009055733680725,0.3599843382835388,0.13194620609283447,0.3632439970970154
644,0.3752836585044861,1e-04,0.07815056,0.0063243248,0.07952562,0.499332070350647,0.3588048219680786,0.1310959756374359,0.36207178235054016
645,0.374544620513916,1e-04,0.078049876,0.0063085184,0.079426184,0.49776187539100647,0.3576238751411438,0.13024753332138062,0.3608982264995575
646,0.3738071322441101,1e-04,0.077949375,0.0062927604,0.07932692,0.49619534611701965,0.35644203424453735,0.129401296377182,0.35972392559051514
647,0.3730711042881012,1e-04,0.07784906,0.006277051,0.07922784,0.4946320652961731,0.3552590012550354,0.1285569965839386,0.35854846239089966
648,0.3723364770412445,1e-04,0.07774892,0.0062613883,0.079128936,0.4930723309516907,0.35407477617263794,0.12771469354629517,0.3573719263076782
649,0.371603399515152,1e-04,0.07764893,0.006245767,0.07903016,0.49151599407196045,0.3528895080089569,0.12687450647354126,0.35619446635246277
650,0.3708716928958893,1e-04,0.07754914,0.0062301964,0.07893159,0.4899633228778839,0.3517032563686371,0.12603646516799927,0.35501614212989807
651,0.37014150619506836,1e-04,0.07744952,0.0062146727,0.07883319,0.48841437697410583,0.35051649808883667,0.12520091235637665,0.35383740067481995
652,0.36941269040107727,1e-04,0.07735006,0.0061991937,0.07873496,0.48686930537223816,0.3493289649486542,0.12436766177415848,0.3526580035686493
653,0.36868542432785034,1e-04,0.07725078,0.006183762,0.0786369,0.48532792925834656,0.3481407165527344,0.12353675812482834,0.3514779508113861
654,0.36795955896377563,1e-04,0.07715166,0.006168376,0.078539014,0.4837903678417206,0.3469519019126892,0.12270832061767578,0.3502974808216095
655,0.36723509430885315,1e-04,0.07705272,0.006153036,0.07844129,0.4822569787502289,0.34576278924942017,0.12188252806663513,0.3491167724132538
656,0.3665121793746948,1e-04,0.07695395,0.0061377413,0.07834374,0.4807271361351013,0.3445727825164795,0.12105900049209595,0.34793534874916077
657,0.36579063534736633,1e-04,0.076855354,0.0061224946,0.07824637,0.4792012870311737,0.3433822691440582,0.12023796141147614,0.34675344824790955
658,0.365070641040802,1e-04,0.076756924,0.0061072907,0.078149155,0.47767946124076843,0.3421916365623474,0.11941969394683838,0.3455715477466583
659,0.36435189843177795,1e-04,0.07665867,0.0060921325,0.07805211,0.4761617183685303,0.34100061655044556,0.11860407888889313,0.3443894386291504
660,0.36363470554351807,1e-04,0.07656061,0.0060770214,0.07795525,0.47464850544929504,0.33980992436408997,0.11779150366783142,0.3432076573371887
661,0.3629189729690552,1e-04,0.07646269,0.006061955,0.07785856,0.473139226436615,0.3386189341545105,0.11698159575462341,0.3420257270336151
662,0.36220455169677734,1e-04,0.07636495,0.0060469336,0.07776203,0.47163423895835876,0.3374279737472534,0.1161745935678482,0.34084394574165344
663,0.3614916205406189,1e-04,0.07626739,0.00603196,0.077665694,0.47013360261917114,0.33623701333999634,0.11537045985460281,0.3396622836589813
664,0.36078017950057983,1e-04,0.076169975,0.006017025,0.077569485,0.468637079000473,0.33504602313041687,0.11456914991140366,0.3384806513786316
665,0.36007004976272583,1e-04,0.076072745,0.006002137,0.07747346,0.46714508533477783,0.33385539054870605,0.11377096176147461,0.33729952573776245
666,0.3593614101409912,1e-04,0.075975716,0.0059872977,0.07737763,0.4656572937965393,0.3326647877693176,0.11297565698623657,0.33611851930618286
667,0.35865411162376404,1e-04,0.07587882,0.005972497,0.07728193,0.4641741216182709,0.3314746916294098,0.11218352615833282,0.33493807911872864
668,0.35794833302497864,1e-04,0.07578214,0.0059577473,0.07718644,0.4626953601837158,0.3302850127220154,0.11139455437660217,0.33375823497772217
669,0.3572438359260559,1e-04,0.07568558,0.0059430376,0.0770911,0.4612213671207428,0.3290960192680359,0.11060889065265656,0.3325791358947754
670,0.35654085874557495,1e-04,0.07558921,0.005928373,0.07699593,0.4597519338130951,0.3279075622558594,0.10982643812894821,0.33140072226524353
671,0.35583922266960144,1e-04,0.075493,0.0059137507,0.076900914,0.45828700065612793,0.32671964168548584,0.10904717445373535,0.3302229046821594
672,0.35513901710510254,1e-04,0.07539698,0.0058991765,0.0768061,0.4568268656730652,0.3255324363708496,0.10827122628688812,0.3290459215641022
673,0.35444027185440063,1e-04,0.07530109,0.0058846413,0.076711416,0.4553711712360382,0.32434582710266113,0.10749851167201996,0.3278696537017822
674,0.3537428081035614,1e-04,0.07520539,0.0058701523,0.07661692,0.45392006635665894,0.3231598138809204,0.10672904551029205,0.326694130897522
675,0.3530467450618744,1e-04,0.0751099,0.0058557075,0.076522596,0.45247405767440796,0.32197511196136475,0.10596322268247604,0.3255199193954468
676,0.3523521423339844,1e-04,0.07501453,0.005841306,0.076428436,0.45103272795677185,0.3207910656929016,0.10520070046186447,0.3243465721607208
677,0.35165899991989136,1e-04,0.07491935,0.005826947,0.07633444,0.4495963454246521,0.3196083903312683,0.10444185137748718,0.3231746554374695
678,0.350967139005661,1e-04,0.07482433,0.0058126315,0.076240614,0.44816476106643677,0.31842678785324097,0.10368654131889343,0.32200396060943604
679,0.3502765893936157,1e-04,0.07472948,0.0057983603,0.07614697,0.44673803448677063,0.3172461986541748,0.10293464362621307,0.32083427906036377
680,0.3495875298976898,1e-04,0.074634805,0.0057841316,0.07605348,0.44531604647636414,0.31606706976890564,0.10218651592731476,0.3196662664413452
681,0.3488994836807251,1e-04,0.074540235,0.005769936,0.07596009,0.44389939308166504,0.31488925218582153,0.10144201666116714,0.3184996247291565
682,0.34821316599845886,1e-04,0.07444592,0.005755797,0.07586697,0.44248753786087036,0.31371253728866577,0.1007009968161583,0.31733420491218567
683,0.34752821922302246,1e-04,0.074351735,0.0057416945,0.07577397,0.4410807490348816,0.3125373423099518,0.0999637171626091,0.3161703944206238
684,0.3468446731567383,1e-04,0.07425773,0.005727634,0.075681135,0.43967902660369873,0.3113638460636139,0.09923028945922852,0.31500840187072754
685,0.3461623787879944,1e-04,0.07416391,0.0057136207,0.075588495,0.4382826089859009,0.3101919889450073,0.09850066900253296,0.3138481676578522
686,0.3454815745353699,1e-04,0.07407024,0.0056996495,0.075496025,0.43689119815826416,0.3090217113494873,0.09777478873729706,0.3126896023750305
687,0.3448021411895752,1e-04,0.07397673,0.0056857183,0.075403705,0.43550488352775574,0.3078531324863434,0.09705270081758499,0.3115328252315521
688,0.3441240191459656,1e-04,0.07388341,0.0056718295,0.07531155,0.4341237545013428,0.3066863417625427,0.09633446484804153,0.31037792563438416
689,0.3434472680091858,1e-04,0.073790245,0.005657984,0.07521957,0.43274766206741333,0.305521160364151,0.09561997652053833,0.30922481417655945
690,0.34277188777923584,1e-04,0.07369725,0.0056441785,0.07512775,0.4313768744468689,0.30435794591903687,0.0949094220995903,0.3080737292766571
691,0.34209784865379333,1e-04,0.07360441,0.0056304135,0.07503608,0.4300113618373871,0.30319690704345703,0.09420287609100342,0.30692487955093384
692,0.34142518043518066,1e-04,0.07351176,0.0056166933,0.0749446,0.42865103483200073,0.30203771591186523,0.09350020438432693,0.30577802658081055
693,0.34075385332107544,1e-04,0.073419265,0.005603014,0.074853286,0.42729613184928894,0.3008807897567749,0.09280158579349518,0.3046335279941559
694,0.34008389711380005,1e-04,0.07332693,0.0055893757,0.07476213,0.42594653367996216,0.2997261881828308,0.09210707247257233,0.303491473197937
695,0.3394152522087097,1e-04,0.07323477,0.0055757794,0.07467114,0.4246021807193756,0.29857367277145386,0.09141649305820465,0.30235159397125244
696,0.33874788880348206,1e-04,0.07314276,0.005562222,0.074580304,0.4232631027698517,0.2974233031272888,0.09072985500097275,0.30121397972106934
697,0.338081955909729,1e-04,0.073050916,0.005548706,0.07448964,0.42192935943603516,0.29627519845962524,0.09004722535610199,0.30007869005203247
698,0.3374173939228058,1e-04,0.072959274,0.005535235,0.07439916,0.4206010103225708,0.29512959718704224,0.08936873078346252,0.2989460229873657
699,0.33675408363342285,1e-04,0.07286778,0.0055218018,0.07430883,0.41927802562713623,0.293986439704895,0.08869431912899017,0.2978159189224243
700,0.33609211444854736,1e-04,0.07277644,0.0055084084,0.07421865,0.4179605543613434,0.29284605383872986,0.08802416175603867,0.29668867588043213
701,0.3354314863681793,1e-04,0.07268527,0.005495058,0.07412866,0.4166485369205475,0.29170817136764526,0.08735807240009308,0.2955639958381653
702,0.3347721993923187,1e-04,0.07259428,0.0054817484,0.07403883,0.41534188389778137,0.29057279229164124,0.08669605851173401,0.29444193840026855
703,0.33411431312561035,1e-04,0.07250345,0.00546848,0.07394917,0.41404053568840027,0.2894400656223297,0.08603818714618683,0.2933226525783539
704,0.3334575891494751,1e-04,0.07241277,0.0054552485,0.073859654,0.4127449095249176,0.2883102297782898,0.0853845626115799,0.29220637679100037
705,0.3328023850917816,1e-04,0.07232229,0.005442061,0.07377033,0.4114544987678528,0.28718316555023193,0.08473508059978485,0.2910929024219513
706,0.33214831352233887,1e-04,0.07223194,0.0054289107,0.073681146,0.41016966104507446,0.2860589325428009,0.08408980071544647,0.289982408285141
707,0.3314956724643707,1e-04,0.07214177,0.0054158014,0.07359213,0.40889039635658264,0.2849377691745758,0.08344879746437073,0.2888750433921814
708,0.33084431290626526,1e-04,0.07205174,0.0054027312,0.07350327,0.40761640667915344,0.2838194668292999,0.08281194418668747,0.28777065873146057
709,0.3301941454410553,1e-04,0.07196188,0.0053896983,0.073414564,0.40634799003601074,0.2827039361000061,0.08217918872833252,0.28666913509368896
710,0.3295454978942871,1e-04,0.0718722,0.005376708,0.073326044,0.4050850570201874,0.2815916836261749,0.08155079185962677,0.28557097911834717
711,0.32889804244041443,1e-04,0.071782686,0.0053637587,0.07323769,0.4038275480270386,0.28048235177993774,0.08092650771141052,0.28447583317756653
712,0.3282518684864044,1e-04,0.07169335,0.0053508505,0.07314951,0.40257567167282104,0.2793763279914856,0.08030654489994049,0.2833840847015381
713,0.32760709524154663,1e-04,0.07160416,0.0053379796,0.07306148,0.40132924914360046,0.2782735228538513,0.0796908363699913,0.2822956442832947
714,0.32696354389190674,1e-04,0.07151512,0.0053251456,0.072973594,0.400088369846344,0.27717408537864685,0.07907943427562714,0.28121066093444824
715,0.3263213038444519,1e-04,0.071426265,0.005312352,0.072885886,0.39885297417640686,0.2760778069496155,0.07847221940755844,0.28012892603874207
716,0.32568034529685974,1e-04,0.07133757,0.0052996003,0.07279836,0.39762336015701294,0.27498531341552734,0.07786951214075089,0.2790510952472687
717,0.32504069805145264,1e-04,0.07124903,0.005286885,0.07271097,0.39639896154403687,0.2738957405090332,0.07727080583572388,0.27797627449035645
718,0.3244023621082306,1e-04,0.071160644,0.0052742064,0.07262373,0.39518019556999207,0.27280986309051514,0.07667647302150726,0.2769051790237427
719,0.3237653076648712,1e-04,0.07107244,0.00526157,0.072536685,0.3939668536186218,0.2717273533344269,0.07608635723590851,0.27583757042884827
720,0.32312947511672974,1e-04,0.07098439,0.0052489713,0.07244978,0.39275917410850525,0.2706485986709595,0.07550063729286194,0.27477380633354187
721,0.3224949538707733,1e-04,0.070896514,0.005236412,0.072363056,0.3915570378303528,0.2695733904838562,0.07491916418075562,0.2737136483192444
722,0.32186174392700195,1e-04,0.07080881,0.005223892,0.072276495,0.3903604745864868,0.26850202679634094,0.07434207201004028,0.2726574242115021
723,0.32122981548309326,1e-04,0.07072124,0.0052114073,0.072190076,0.38916924595832825,0.26743388175964355,0.07376903295516968,0.2716045379638672
724,0.32059916853904724,1e-04,0.07063385,0.0051989625,0.07210383,0.38798367977142334,0.26636987924575806,0.07320046424865723,0.27055585384368896
725,0.3199697732925415,1e-04,0.07054663,0.0051865573,0.07201776,0.38680362701416016,0.2653096318244934,0.07263617217540741,0.26951098442077637
726,0.31934162974357605,1e-04,0.070459545,0.005174188,0.07193183,0.385628879070282,0.26425278186798096,0.07207593321800232,0.26846960186958313
727,0.31871479749679565,1e-04,0.070372626,0.005161853,0.07184604,0.38445958495140076,0.2631998658180237,0.07151998579502106,0.26743221282958984
728,0.31808918714523315,1e-04,0.0702859,0.0051495624,0.07176045,0.38329583406448364,0.26215070486068726,0.07096828520298004,0.26639872789382935
729,0.3174648582935333,1e-04,0.070199326,0.0051373076,0.07167501,0.3821377158164978,0.26110589504241943,0.0704210102558136,0.26536956429481506
730,0.3168417811393738,1e-04,0.07011287,0.005125088,0.07158972,0.3809850513935089,0.26006489992141724,0.06987796723842621,0.2643444240093231
731,0.3162199854850769,1e-04,0.07002661,0.0051129083,0.0715046,0.3798377513885498,0.2590276598930359,0.06933900713920593,0.26332300901412964
732,0.3155995011329651,1e-04,0.0699405,0.0051007653,0.07141964,0.37869584560394287,0.25799447298049927,0.0688043013215065,0.26230573654174805
733,0.3149802088737488,1e-04,0.06985455,0.0050886595,0.07133484,0.37755945324897766,0.2569655179977417,0.06827393174171448,0.26129281520843506
734,0.3143620789051056,1e-04,0.06976876,0.0050765886,0.071250185,0.37642842531204224,0.25594037771224976,0.06774761527776718,0.2602837085723877
735,0.3137453496456146,1e-04,0.06968314,0.005064557,0.0711657,0.3753030300140381,0.25491976737976074,0.06722572445869446,0.2592792510986328
736,0.31312984228134155,1e-04,0.069597684,0.0050525623,0.07108138,0.37418296933174133,0.253903329372406,0.066708043217659,0.2582789957523346
737,0.312515527009964,1e-04,0.06951238,0.0050406065,0.07099723,0.37306830286979675,0.252890944480896,0.06619448959827423,0.25728291273117065
738,0.3119025230407715,1e-04,0.069427244,0.005028686,0.070913225,0.3719588816165924,0.2518825829029083,0.06568501889705658,0.25629088282585144
739,0.3112906813621521,1e-04,0.06934226,0.0050167996,0.07082937,0.3708548843860626,0.2508784532546997,0.0651797205209732,0.25530320405960083
740,0.310680091381073,1e-04,0.069257446,0.005004952,0.070745684,0.36975613236427307,0.24987855553627014,0.06467854231595993,0.2543197572231293
741,0.3100707530975342,1e-04,0.06917279,0.004993142,0.07066217,0.36866307258605957,0.24888333678245544,0.06418170779943466,0.25334107875823975
742,0.3094627559185028,1e-04,0.06908827,0.004981367,0.0705788,0.36757513880729675,0.24789215624332428,0.06368885189294815,0.2523665130138397
743,0.30885589122772217,1e-04,0.06900393,0.004969629,0.0704956,0.36649253964424133,0.24690553545951843,0.06320022791624069,0.2513965666294098
744,0.3082502484321594,1e-04,0.06891973,0.0049579237,0.070412524,0.3654152750968933,0.2459232658147812,0.06271567940711975,0.25043100118637085
745,0.30764585733413696,1e-04,0.06883571,0.0049462584,0.070329644,0.3643432855606079,0.24494542181491852,0.06223523989319801,0.24946992099285126
746,0.30704265832901,1e-04,0.068751834,0.0049346276,0.070246905,0.3632764220237732,0.24397175014019012,0.061758749186992645,0.24851307272911072
747,0.30644071102142334,1e-04,0.068668135,0.004923034,0.07016434,0.3622148334980011,0.24300247430801392,0.06128629297018051,0.24756067991256714
748,0.30584001541137695,1e-04,0.06858458,0.0049114744,0.07008191,0.3611585795879364,0.24203795194625854,0.06081802770495415,0.24661311507225037
749,0.3052404820919037,1e-04,0.0685012,0.004899952,0.06999966,0.36010751128196716,0.24107791483402252,0.060353782027959824,0.24567006528377533
750,0.3046421706676483,1e-04,0.06841797,0.004888466,0.06991757,0.35906165838241577,0.2401224672794342,0.059893593192100525,0.24473167955875397
751,0.30404508113861084,1e-04,0.068334885,0.0048770127,0.06983561,0.35802096128463745,0.23917149007320404,0.059437353163957596,0.24379776418209076
752,0.30344921350479126,1e-04,0.06825196,0.004865596,0.069753826,0.35698550939559937,0.23822513222694397,0.0589851438999176,0.242868572473526
753,0.3028545677661896,1e-04,0.0681692,0.004854214,0.06967219,0.3559550642967224,0.23728317022323608,0.058536797761917114,0.24194379150867462
754,0.3022611439228058,1e-04,0.0680866,0.0048428695,0.069590725,0.3549296259880066,0.2363455593585968,0.05809229239821434,0.24102342128753662
755,0.3016688823699951,1e-04,0.068004146,0.0048315558,0.069509394,0.353909432888031,0.23541294038295746,0.05765189230442047,0.24010808765888214
756,0.30107781291007996,1e-04,0.067921855,0.00482028,0.069428235,0.35289427638053894,0.23448477685451508,0.05721532180905342,0.239197239279747
757,0.3004879951477051,1e-04,0.06783972,0.0048090373,0.069347225,0.35188430547714233,0.23356151580810547,0.05678276717662811,0.23829135298728943
758,0.2998993694782257,1e-04,0.067757756,0.0047978335,0.069266394,0.35087937116622925,0.23264296352863312,0.056354112923145294,0.2373902052640915
759,0.29931193590164185,1e-04,0.067675926,0.004786661,0.0691857,0.3498793840408325,0.23172886669635773,0.05592920258641243,0.2364935576915741
760,0.2987256944179535,1e-04,0.06759424,0.004775522,0.06910515,0.3488842844963074,0.23081938922405243,0.055508099496364594,0.23560157418251038
761,0.29814061522483826,1e-04,0.06751275,0.0047644204,0.06902478,0.3478940725326538,0.22991444170475006,0.05509071424603462,0.2347141057252884
762,0.29755669832229614,1e-04,0.06743141,0.0047533535,0.068944566,0.34690889716148376,0.22901424765586853,0.05467716604471207,0.2338314950466156
763,0.2969740629196167,1e-04,0.067350216,0.0047423188,0.068864495,0.3459286391735077,0.2281188666820526,0.05426742509007454,0.23295369744300842
764,0.2963925302028656,1e-04,0.067269154,0.004731317,0.06878457,0.3449534475803375,0.22722843289375305,0.05386153608560562,0.23208087682724
765,0.2958122491836548,1e-04,0.06718828,0.004720352,0.06870482,0.34398314356803894,0.22634285688400269,0.053459424525499344,0.23121294379234314
766,0.2952331006526947,1e-04,0.06710752,0.004709419,0.068625204,0.34301745891571045,0.22546154260635376,0.053060807287693024,0.2303493171930313
767,0.2946551740169525,1e-04,0.06702695,0.004698521,0.06854576,0.3420567214488983,0.22458516061306,0.05266594514250755,0.22949062287807465
768,0.29407843947410583,1e-04,0.066946544,0.004687656,0.06846646,0.34110066294670105,0.22371338307857513,0.0522746816277504,0.22863657772541046
769,0.2935028076171875,1e-04,0.06686628,0.0046768268,0.06838733,0.340149462223053,0.22284643352031708,0.051887091249227524,0.22778737545013428
770,0.29292839765548706,1e-04,0.06678619,0.004666031,0.06830835,0.3392031490802765,0.22198468446731567,0.05150330811738968,0.22694340348243713
771,0.29235512018203735,1e-04,0.0667062,0.004655265,0.068229504,0.3382616937160492,0.2211279273033142,0.05112320929765701,0.22610442340373993
772,0.29178303480148315,1e-04,0.06662641,0.0046445373,0.06815084,0.33732476830482483,0.22027552127838135,0.05074650049209595,0.2252698391675949
773,0.2912121117115021,1e-04,0.06654676,0.0046338425,0.068072334,0.336392343044281,0.21942748129367828,0.050373151898384094,0.22443963587284088
774,0.2906423807144165,1e-04,0.066467255,0.004623176,0.06799394,0.3354647159576416,0.21858470141887665,0.0500035360455513,0.22361470758914948
775,0.2900737226009369,1e-04,0.06638792,0.004612545,0.06791572,0.3345417082309723,0.21774643659591675,0.04963730275630951,0.222794309258461
776,0.28950634598731995,1e-04,0.066308744,0.0046019494,0.06783767,0.33362331986427307,0.21691319346427917,0.04927464574575424,0.22197893261909485
777,0.28894004225730896,1e-04,0.0662297,0.004591383,0.067759745,0.33270955085754395,0.21608467400074005,0.04891541600227356,0.22116829454898834
778,0.28837496042251587,1e-04,0.06615084,0.004580855,0.06768201,0.3318004608154297,0.21526142954826355,0.04855982959270477,0.22036294639110565
779,0.2878109812736511,1e-04,0.066072084,0.004570355,0.0676044,0.33089590072631836,0.21444284915924072,0.0482075959444046,0.21956227719783783
780,0.2872481942176819,1e-04,0.065993495,0.004559889,0.06752695,0.32999569177627563,0.2136288434267044,0.04785864055156708,0.21876618266105652
781,0.286686509847641,1e-04,0.06591508,0.004549455,0.067449644,0.3290998935699463,0.21281932294368744,0.04751291126012802,0.21797455847263336
782,0.2861260175704956,1e-04,0.06583681,0.004539054,0.0673725,0.32820847630500793,0.2120145857334137,0.047170527279376984,0.217187762260437
783,0.28556662797927856,1e-04,0.06575873,0.004528687,0.06729552,0.3273215591907501,0.2112148255109787,0.04683151841163635,0.21640591323375702
784,0.28500840067863464,1e-04,0.06568075,0.0045183487,0.06721866,0.32643923163414,0.21042026579380035,0.04649598151445389,0.21562926471233368
785,0.28445130586624146,1e-04,0.06560291,0.004508043,0.067141965,0.3255613148212433,0.20963063836097717,0.046163760125637054,0.2148575335741043
786,0.283895343542099,1e-04,0.06552524,0.004497773,0.06706544,0.3246877193450928,0.20884563028812408,0.045834723860025406,0.21409045159816742
787,0.28334054350852966,1e-04,0.065447725,0.0044875327,0.06698905,0.32381826639175415,0.20806509256362915,0.04550876095890999,0.2133278250694275
788,0.2827868163585663,1e-04,0.06537036,0.004477324,0.06691281,0.32295316457748413,0.20728935301303864,0.04518599808216095,0.2125699818134308
789,0.2822343111038208,1e-04,0.06529317,0.004467149,0.06683673,0.3220921456813812,0.2065180391073227,0.04486626386642456,0.21181657910346985
790,0.2816828787326813,1e-04,0.06521614,0.004457006,0.066760816,0.3212355375289917,0.20575183629989624,0.044549815356731415,0.2110682725906372
791,0.28113263845443726,1e-04,0.065139234,0.0044468925,0.06668503,0.3203832805156708,0.20499086380004883,0.0442366823554039,0.2103251814842224
792,0.2805834114551544,1e-04,0.06506247,0.004436812,0.0666094,0.3195352554321289,0.20423467457294464,0.04392663761973381,0.20958682894706726
793,0.2800353765487671,1e-04,0.06498586,0.004426763,0.06653392,0.31869134306907654,0.20348313450813293,0.043619632720947266,0.20885314047336578
794,0.2794884741306305,1e-04,0.064909376,0.004416743,0.06645858,0.31785154342651367,0.20273619890213013,0.04331561550498009,0.208124041557312
795,0.27894267439842224,1e-04,0.064833075,0.0044067563,0.06638341,0.3170156180858612,0.20199353992938995,0.04301442950963974,0.20739920437335968
796,0.27839797735214233,1e-04,0.06475694,0.0043968013,0.06630838,0.31618380546569824,0.20125578343868256,0.04271630197763443,0.20667922496795654
797,0.27785438299179077,1e-04,0.06468094,0.0043868767,0.0662335,0.3153562843799591,0.2005230337381363,0.04242128133773804,0.20596426725387573
798,0.2773120105266571,1e-04,0.0646051,0.0043769847,0.06615879,0.31453269720077515,0.1997949481010437,0.04212918505072594,0.2052539587020874
799,0.27677062153816223,1e-04,0.06452939,0.00436712,0.06608419,0.31371328234672546,0.199072003364563,0.04184017330408096,0.2045487016439438
800,0.2762303650379181,1e-04,0.064453825,0.0043572895,0.06600977,0.31289780139923096,0.198353573679924,0.041554007679224014,0.2038480043411255
801,0.27569127082824707,1e-04,0.0643784,0.004347488,0.065935485,0.31208622455596924,0.19763979315757751,0.04127069190144539,0.2031518965959549
802,0.2751532793045044,1e-04,0.06430315,0.0043377187,0.06586136,0.31127843260765076,0.19693033397197723,0.04099007323384285,0.20246005058288574
803,0.2746163308620453,1e-04,0.064228036,0.004327978,0.06578737,0.3104743957519531,0.19622525572776794,0.040712181478738785,0.20177260041236877
804,0.2740805149078369,1e-04,0.0641531,0.004318269,0.06571354,0.3096745014190674,0.19552533328533173,0.04043729603290558,0.2010902613401413
805,0.2735458016395569,1e-04,0.064078294,0.0043085907,0.06563985,0.30887845158576965,0.19483011960983276,0.040165215730667114,0.20041261613368988
806,0.2730121910572052,1e-04,0.06400361,0.0042989403,0.0655663,0.3080862760543823,0.19413970410823822,0.03989594802260399,0.19973969459533691
807,0.2724796235561371,1e-04,0.06392907,0.0042893216,0.06549291,0.307297945022583,0.19345396757125854,0.03962944447994232,0.19907145202159882
808,0.2719482183456421,1e-04,0.06385471,0.0042797346,0.06541968,0.3065132796764374,0.19277267158031464,0.03936556726694107,0.19840757548809052
809,0.27141788601875305,1e-04,0.06378047,0.0042701755,0.065346576,0.30573228001594543,0.19209566712379456,0.03910425677895546,0.19774796068668365
810,0.27088865637779236,1e-04,0.063706405,0.004260647,0.065273635,0.30495500564575195,0.19142338633537292,0.03884567320346832,0.19709305465221405
811,0.27036046981811523,1e-04,0.063632496,0.004251151,0.06520085,0.3041815459728241,0.1907559186220169,0.03858981281518936,0.19644290208816528
812,0.26983341574668884,1e-04,0.063558705,0.004241681,0.06512819,0.30341166257858276,0.19009287655353546,0.03833651542663574,0.1957971304655075
813,0.26930737495422363,1e-04,0.06348509,0.0042322436,0.0650557,0.3026455044746399,0.18943451344966888,0.038085855543613434,0.19515597820281982
814,0.26878246665000916,1e-04,0.0634116,0.0042228345,0.06498334,0.30188292264938354,0.18878063559532166,0.03783775120973587,0.1945192813873291
815,0.26825863122940063,1e-04,0.06333824,0.0042134523,0.06491111,0.30112385749816895,0.18813107907772064,0.03759211674332619,0.193886861205101
816,0.26773586869239807,1e-04,0.063265055,0.0042041033,0.06483906,0.30036842823028564,0.18748612701892853,0.037349022924900055,0.19325895607471466
817,0.26721417903900146,1e-04,0.06319202,0.0041947835,0.06476715,0.2996164858341217,0.18684552609920502,0.037108395248651505,0.19263538718223572
818,0.2666935622692108,1e-04,0.06311909,0.004185489,0.06469536,0.2988680899143219,0.1862095147371292,0.036870282143354416,0.1920163631439209
819,0.2661740481853485,1e-04,0.063046336,0.004176226,0.06462373,0.2981233298778534,0.18557819724082947,0.036634691059589386,0.1914019137620926
820,0.26565560698509216,1e-04,0.06297373,0.004166994,0.064552255,0.2973819375038147,0.1849513053894043,0.036401547491550446,0.19079189002513885
821,0.265138179063797,1e-04,0.06290125,0.004157789,0.06448092,0.2966438829898834,0.18432846665382385,0.036170657724142075,0.19018584489822388
822,0.2646218240261078,1e-04,0.06282893,0.004148614,0.06440973,0.2959093451499939,0.18371030688285828,0.03594226390123367,0.18958444893360138
823,0.26410654187202454,1e-04,0.06275675,0.004139466,0.064338684,0.2951781153678894,0.18309639394283295,0.035716164857149124,0.18898721039295197
824,0.26359230279922485,1e-04,0.06268473,0.00413035,0.0642678,0.29445022344589233,0.1824866384267807,0.03549232333898544,0.18839406967163086
825,0.26307913661003113,1e-04,0.062612854,0.004121261,0.06419705,0.29372575879096985,0.18188148736953735,0.035270899534225464,0.18780548870563507
826,0.26256707310676575,1e-04,0.06254112,0.004112202,0.064126454,0.29300469160079956,0.1812809258699417,0.035051845014095306,0.18722137808799744
827,0.26205602288246155,1e-04,0.0624695,0.0041031684,0.06405598,0.29228687286376953,0.18068459630012512,0.03483503311872482,0.18664145469665527
828,0.2615460455417633,1e-04,0.062398043,0.004094165,0.06398566,0.29157230257987976,0.18009236454963684,0.03462040051817894,0.18606558442115784
829,0.26103708148002625,1e-04,0.062326718,0.0040851883,0.063915476,0.29086098074913025,0.17950451374053955,0.034408025443553925,0.18549400568008423
830,0.26052919030189514,1e-04,0.062255546,0.0040762406,0.06384544,0.2901528477668762,0.17892077565193176,0.03419780731201172,0.18492649495601654
831,0.26002237200737,1e-04,0.062184542,0.0040673236,0.06377557,0.28944799304008484,0.17834153771400452,0.033989861607551575,0.18436339497566223
832,0.25951656699180603,1e-04,0.062113676,0.004058434,0.06370584,0.288746178150177,0.17776623368263245,0.03378394991159439,0.18380410969257355
833,0.25901180505752563,1e-04,0.062042933,0.00404957,0.06363623,0.2880476415157318,0.1771954447031021,0.03358031064271927,0.1832493096590042
834,0.2585080564022064,1e-04,0.061972346,0.0040407362,0.06356679,0.2873522639274597,0.17662881314754486,0.03337877616286278,0.182698592543602
835,0.25800541043281555,1e-04,0.061901897,0.004031929,0.06349748,0.28665995597839355,0.17606642842292786,0.03317936137318611,0.18215203285217285
836,0.25750377774238586,1e-04,0.061831575,0.00402315,0.063428305,0.2859707474708557,0.17550809681415558,0.032981988042593,0.18160943686962128
837,0.25700315833091736,1e-04,0.061761405,0.0040143984,0.06335928,0.28528451919555664,0.1749536097049713,0.032786570489406586,0.18107062578201294
838,0.2565036118030548,1e-04,0.061691377,0.0040056747,0.0632904,0.2846013009548187,0.17440345883369446,0.0325932651758194,0.18053604662418365
839,0.25600501894950867,1e-04,0.06162149,0.0039969767,0.06322165,0.2839212119579315,0.1738574504852295,0.03240198642015457,0.1800055205821991
840,0.25550752878189087,1e-04,0.061551746,0.003988307,0.06315304,0.2832440137863159,0.17331530153751373,0.03221263736486435,0.17947879433631897
841,0.25501105189323425,1e-04,0.061482158,0.003979666,0.063084595,0.28256985545158386,0.17277729511260986,0.0320252925157547,0.17895612120628357
842,0.2545155882835388,1e-04,0.061412703,0.0039710533,0.063016295,0.2818986475467682,0.1722434163093567,0.03183993697166443,0.1784374862909317
843,0.25402116775512695,1e-04,0.06134339,0.003962467,0.06294813,0.28123044967651367,0.17171385884284973,0.031656622886657715,0.1779230833053589
844,0.25352776050567627,1e-04,0.0612742,0.003953906,0.06288009,0.28056520223617554,0.17118817567825317,0.03147517144680023,0.17741243541240692
845,0.25303539633750916,1e-04,0.06120515,0.003945371,0.06281219,0.2799026072025299,0.17066602408885956,0.031295470893383026,0.17690525949001312
846,0.25254401564598083,1e-04,0.061136264,0.003936865,0.06274444,0.27924299240112305,0.17014801502227783,0.03111770749092102,0.17640212178230286
847,0.2520536780357361,1e-04,0.061067533,0.003928388,0.062676854,0.27858617901802063,0.16963393986225128,0.030941810458898544,0.1759028434753418
848,0.2515643239021301,1e-04,0.060998898,0.0039199335,0.062609375,0.2779322564601898,0.16912388801574707,0.030767789110541344,0.1754074990749359
849,0.25107595324516296,1e-04,0.060930412,0.003911507,0.06254204,0.2772812247276306,0.16861799359321594,0.030595676973462105,0.17491619288921356
850,0.25058868527412415,1e-04,0.06086208,0.0039031096,0.062474873,0.2766328752040863,0.16811561584472656,0.030425235629081726,0.1744283139705658
851,0.25010237097740173,1e-04,0.060793877,0.0038947358,0.062407818,0.27598726749420166,0.16761717200279236,0.0302566047757864,0.17394426465034485
852,0.2496170699596405,1e-04,0.060725838,0.003886392,0.062340934,0.2753443717956543,0.16712239384651184,0.03008967451751232,0.17346376180648804
853,0.24913276731967926,1e-04,0.060657904,0.0038780693,0.062274147,0.2747042179107666,0.1666315197944641,0.029924530535936356,0.17298708856105804
854,0.2486494481563568,1e-04,0.06059013,0.0038697764,0.062207527,0.2740667164325714,0.16614431142807007,0.029761075973510742,0.17251399159431458
855,0.24816715717315674,1e-04,0.060522486,0.003861509,0.062141042,0.27343201637268066,0.16566115617752075,0.029599420726299286,0.17204482853412628
856,0.24768586456775665,1e-04,0.060454994,0.003853269,0.062074706,0.2727999985218048,0.16518184542655945,0.029439494013786316,0.17157940566539764
857,0.24720555543899536,1e-04,0.06038761,0.0038450526,0.06200849,0.2721706032752991,0.16470612585544586,0.029281185939908028,0.17111746966838837
858,0.24672628939151764,1e-04,0.060320392,0.0038368644,0.06194243,0.2715437710285187,0.16423414647579193,0.0291245449334383,0.1706591546535492
859,0.24624796211719513,1e-04,0.060253307,0.0038287018,0.061876506,0.270919531583786,0.163765549659729,0.028969449922442436,0.17020414769649506
860,0.2457706183195114,1e-04,0.060186345,0.003820562,0.061810695,0.27029797434806824,0.16330105066299438,0.028816111385822296,0.1697530895471573
861,0.24529431760311127,1e-04,0.06011953,0.0038124511,0.06174505,0.26967886090278625,0.16283980011940002,0.02866424433887005,0.16930517554283142
862,0.24481897056102753,1e-04,0.060052875,0.003804367,0.06167955,0.2690623104572296,0.16238228976726532,0.028514016419649124,0.16886094212532043
863,0.24434460699558258,1e-04,0.059986334,0.0037963048,0.06161416,0.2684483230113983,0.16192837059497833,0.02836534194648266,0.16842013597488403
864,0.24387125670909882,1e-04,0.05991994,0.0037882703,0.061548926,0.26783689856529236,0.16147832572460175,0.028218328952789307,0.16798311471939087
865,0.24339884519577026,1e-04,0.05985366,0.0037802614,0.06148383,0.26722797751426697,0.16103173792362213,0.02807280793786049,0.16754941642284393
866,0.2429274320602417,1e-04,0.05978753,0.0037722774,0.06141887,0.266621470451355,0.16058863699436188,0.02792881429195404,0.16711916029453278
867,0.24245698750019073,1e-04,0.059721533,0.003764319,0.061354045,0.26601743698120117,0.1601489633321762,0.027786266058683395,0.1666921228170395
868,0.24198757112026215,1e-04,0.059655685,0.0037563862,0.061289366,0.2654157280921936,0.1597125083208084,0.027645127847790718,0.1662682443857193
869,0.24151907861232758,1e-04,0.059589967,0.0037484763,0.0612248,0.2648164629936218,0.15927954018115997,0.027505476027727127,0.1658477485179901
870,0.241051584482193,1e-04,0.059524387,0.0037405926,0.061160386,0.2642196714878082,0.15885023772716522,0.02736734226346016,0.16543078422546387
871,0.2405850738286972,1e-04,0.05945894,0.0037327346,0.06109611,0.2636253237724304,0.1584247350692749,0.02723075821995735,0.16501744091510773
872,0.24011948704719543,1e-04,0.05939361,0.0037249017,0.06103197,0.26303333044052124,0.15800237655639648,0.027095533907413483,0.1646072119474411
873,0.23965489864349365,1e-04,0.059328448,0.003717095,0.06096798,0.2624436616897583,0.15758338570594788,0.02696170285344124,0.16420018672943115
874,0.23919126391410828,1e-04,0.05926338,0.003709309,0.060904097,0.2618563175201416,0.15716779232025146,0.026829281821846962,0.16379646956920624
875,0.2387285977602005,1e-04,0.05919848,0.00370155,0.060840365,0.26127123832702637,0.15675531327724457,0.02669816091656685,0.1633957177400589
876,0.23826688528060913,1e-04,0.059133694,0.0036938142,0.060776755,0.2606884837150574,0.1563461869955063,0.026568420231342316,0.16299821436405182
877,0.23780615627765656,1e-04,0.059069064,0.0036861042,0.060713295,0.26010799407958984,0.15594041347503662,0.026440024375915527,0.16260388493537903
878,0.23734639585018158,1e-04,0.05900459,0.0036784224,0.06065,0.2595299184322357,0.15553835034370422,0.02631312422454357,0.16221320629119873
879,0.23688752949237823,1e-04,0.0589402,0.0036707588,0.060586788,0.2589540481567383,0.15513940155506134,0.02618749812245369,0.1618255227804184
880,0.23642967641353607,1e-04,0.058875963,0.0036631234,0.06052374,0.25838038325309753,0.15474370121955872,0.026063162833452225,0.1614408940076828
881,0.23597274720668793,1e-04,0.058811832,0.0036555089,0.060460806,0.2578088939189911,0.15435098111629486,0.025940053164958954,0.1610591560602188
882,0.235516756772995,1e-04,0.058747873,0.003647921,0.06039802,0.25723958015441895,0.15396128594875336,0.02581818774342537,0.1606803834438324
883,0.23506176471710205,1e-04,0.05868404,0.0036403567,0.060335368,0.2566724717617035,0.15357480943202972,0.02569756470620632,0.16030460596084595
884,0.23460771143436432,1e-04,0.058620322,0.0036328144,0.06027283,0.2561075985431671,0.1531917005777359,0.025578293949365616,0.15993215143680573
885,0.2341545820236206,1e-04,0.05855676,0.0036252986,0.06021045,0.2555448114871979,0.15281172096729279,0.02546023204922676,0.1595626324415207
886,0.2337023913860321,1e-04,0.05849332,0.0036178064,0.060148202,0.2549842298030853,0.15243487060070038,0.025343414396047592,0.1591961532831192
887,0.2332511693239212,1e-04,0.058430012,0.0036103379,0.060086086,0.2544257640838623,0.15206117928028107,0.02522781491279602,0.15883266925811768
888,0.23280084133148193,1e-04,0.05836682,0.0036028922,0.060024098,0.2538694739341736,0.15169063210487366,0.025113439187407494,0.1584722101688385
889,0.23235151171684265,1e-04,0.058303777,0.003595472,0.059962254,0.25331512093544006,0.15132278203964233,0.02500014379620552,0.15811434388160706
890,0.2319030612707138,1e-04,0.05824085,0.003588072,0.05990052,0.25276294350624084,0.15095801651477814,0.024888038635253906,0.157759428024292
891,0.23145560920238495,1e-04,0.058178086,0.0035806994,0.059838947,0.252212792634964,0.1505962312221527,0.024777065962553024,0.15740732848644257
892,0.23100906610488892,1e-04,0.05811544,0.0035733476,0.059777483,0.25166475772857666,0.15023772418498993,0.024667350575327873,0.15705843269824982
893,0.23056341707706451,1e-04,0.0580529,0.0035660185,0.05971615,0.2511187195777893,0.14988209307193756,0.024558719247579575,0.15671221911907196
894,0.2301187366247177,1e-04,0.057990525,0.0035587165,0.059654977,0.25057485699653625,0.14952968060970306,0.024451296776533127,0.15636910498142242
895,0.22967499494552612,1e-04,0.057928264,0.0035514354,0.05959392,0.25003287196159363,0.14917998015880585,0.02434491738677025,0.15602858364582062
896,0.22923211753368378,1e-04,0.057866115,0.0035441753,0.059532978,0.2494928538799286,0.14883296191692352,0.024239566177129745,0.15569061040878296
897,0.22879022359848022,1e-04,0.057804137,0.0035369417,0.059472192,0.2489548623561859,0.14848902821540833,0.02413535676896572,0.15535558760166168
898,0.2283492386341095,1e-04,0.057742283,0.003529731,0.05941154,0.24841879308223724,0.14814791083335876,0.02403220534324646,0.1550232470035553
899,0.2279091328382492,1e-04,0.057680532,0.0035225402,0.059350993,0.24788476526737213,0.14780962467193604,0.023930108174681664,0.1546935886144638
900,0.2274700403213501,1e-04,0.057618916,0.0035153732,0.059290584,0.24735262989997864,0.14747418463230133,0.02382906898856163,0.15436667203903198
901,0.22703179717063904,1e-04,0.057557464,0.0035082335,0.059230343,0.24682247638702393,0.1471417248249054,0.0237291157245636,0.1540425717830658
902,0.226594477891922,1e-04,0.05749611,0.0035011123,0.059170198,0.24629423022270203,0.14681202173233032,0.02363017573952675,0.15372109413146973
903,0.2261580526828766,1e-04,0.057434876,0.0034940124,0.059110172,0.24576792120933533,0.1464851051568985,0.023532260209321976,0.15340228378772736
904,0.22572259604930878,1e-04,0.05737378,0.0034869376,0.059050296,0.24524341523647308,0.1461607962846756,0.023435302078723907,0.15308593213558197
905,0.22528798878192902,1e-04,0.057312813,0.003479884,0.05899054,0.24472078680992126,0.1458391398191452,0.02333931438624859,0.15277209877967834
906,0.22485433518886566,1e-04,0.05725199,0.0034728544,0.05893093,0.24420005083084106,0.14552021026611328,0.02324431948363781,0.15246087312698364
907,0.22442159056663513,1e-04,0.05719127,0.003465846,0.058871437,0.2436811774969101,0.14520405232906342,0.023150311782956123,0.15215227007865906
908,0.22398972511291504,1e-04,0.05713071,0.003458862,0.05881209,0.24316419661045074,0.14489080011844635,0.023057330399751663,0.15184640884399414
909,0.22355876863002777,1e-04,0.057070237,0.0034518961,0.05875284,0.24264900386333466,0.14457997679710388,0.022965241223573685,0.15154287219047546
910,0.22312872111797333,1e-04,0.057009906,0.0034449545,0.058693737,0.2421356439590454,0.14427180588245392,0.02287408895790577,0.15124182403087616
911,0.2226995825767517,1e-04,0.05694973,0.003438037,0.058634777,0.24162410199642181,0.14396631717681885,0.02278389222919941,0.1509433388710022
912,0.22227135300636292,1e-04,0.056889642,0.0034311377,0.058575913,0.24111436307430267,0.14366364479064941,0.022694677114486694,0.15064752101898193
913,0.22184397280216217,1e-04,0.056829706,0.0034242636,0.058517206,0.2406064122915268,0.14336328208446503,0.022606290876865387,0.15035387873649597
914,0.22141753137111664,1e-04,0.05676989,0.0034174102,0.05845862,0.24010014533996582,0.1430654078722,0.022518787533044815,0.15006260573863983
915,0.22099193930625916,1e-04,0.056710195,0.003410578,0.058400154,0.23959565162658691,0.14277005195617676,0.02243215963244438,0.1497737020254135
916,0.2205672562122345,1e-04,0.056650653,0.003403769,0.05834183,0.23909299075603485,0.14247745275497437,0.02234647423028946,0.14948737621307373
917,0.22014349699020386,1e-04,0.056591213,0.0033969805,0.05828362,0.23859207332134247,0.14218726754188538,0.02226165682077408,0.14920340478420258
918,0.21972063183784485,1e-04,0.05653189,0.0033902125,0.05822553,0.238092839717865,0.14189979434013367,0.022177748382091522,0.14892195165157318
919,0.2192985713481903,1e-04,0.056472704,0.003383469,0.058167595,0.23759537935256958,0.14161467552185059,0.02209465764462948,0.14864271879196167
920,0.21887746453285217,1e-04,0.056413636,0.0033767454,0.05810977,0.2370995283126831,0.14133179187774658,0.022012345492839813,0.1483655869960785
921,0.21845722198486328,1e-04,0.056354698,0.0033700422,0.058052063,0.23660536110401154,0.14105120301246643,0.021930832415819168,0.14809061586856842
922,0.21803788840770721,1e-04,0.056295913,0.0033633623,0.057994504,0.23611286282539368,0.14077319204807281,0.021850189194083214,0.14781808853149414
923,0.2176193743944168,1e-04,0.05623722,0.003356702,0.057937052,0.23562216758728027,0.14049787819385529,0.02177044376730919,0.147548109292984
924,0.21720179915428162,1e-04,0.05617864,0.003350063,0.057879727,0.235133096575737,0.14022494852542877,0.021691516041755676,0.14728039503097534
925,0.2167850136756897,1e-04,0.05612019,0.0033434452,0.057822533,0.23464569449424744,0.13995417952537537,0.021613316610455513,0.14701467752456665
926,0.21636922657489777,1e-04,0.056061875,0.003336848,0.057765458,0.23415988683700562,0.13968577980995178,0.021535910665988922,0.14675118029117584
927,0.2159542590379715,1e-04,0.056003705,0.0033302754,0.05770854,0.23367570340633392,0.13941960036754608,0.02145925723016262,0.14648978412151337
928,0.21554015576839447,1e-04,0.055945646,0.0033237217,0.05765173,0.23319309949874878,0.13915565609931946,0.021383358165621758,0.14623050391674042
929,0.2151269167661667,1e-04,0.055887688,0.003317186,0.057595015,0.23271211981773376,0.1388942003250122,0.02130827307701111,0.14597353339195251
930,0.21471452713012695,1e-04,0.055829883,0.0033106736,0.057538453,0.23223288357257843,0.13863514363765717,0.02123398706316948,0.14571885764598846
931,0.21430306136608124,1e-04,0.05577218,0.0033041823,0.05748202,0.23175519704818726,0.13837842643260956,0.021160464733839035,0.1454663723707199
932,0.21389244496822357,1e-04,0.055714604,0.0032977115,0.057425704,0.23127901554107666,0.13812381029129028,0.021087635308504105,0.14521582424640656
933,0.21348263323307037,1e-04,0.055657137,0.0032912605,0.057369508,0.23080436885356903,0.13787122070789337,0.021015483886003494,0.144967183470726
934,0.2130737155675888,1e-04,0.055599835,0.0032848325,0.057313457,0.23033133149147034,0.13762089610099792,0.020944073796272278,0.1447206735610962
935,0.21266567707061768,1e-04,0.055542618,0.0032784205,0.057257492,0.22985979914665222,0.13737261295318604,0.020873330533504486,0.144476056098938
936,0.2122584879398346,1e-04,0.055485547,0.0032720312,0.057201672,0.22938993573188782,0.13712701201438904,0.02080344781279564,0.14423400163650513
937,0.21185213327407837,1e-04,0.055428583,0.003265663,0.05714598,0.228921577334404,0.13688330352306366,0.020734183490276337,0.14399369060993195
938,0.21144670248031616,1e-04,0.05537173,0.0032593152,0.057090413,0.22845475375652313,0.13664188981056213,0.02066565491259098,0.14375554025173187
939,0.21104207634925842,1e-04,0.055315018,0.0032529866,0.05703496,0.22798943519592285,0.13640254735946655,0.0205977950245142,0.1435193121433258
940,0.21063831448554993,1e-04,0.05525841,0.0032466778,0.056979626,0.22752554714679718,0.13616518676280975,0.020530568435788155,0.14328491687774658
941,0.2102353721857071,1e-04,0.05520193,0.0032403897,0.05692442,0.22706319391727448,0.1359299272298813,0.020464029163122177,0.14305253326892853
942,0.2098332941532135,1e-04,0.055145577,0.003234122,0.05686934,0.22660233080387115,0.13569669425487518,0.020398126915097237,0.1428220123052597
943,0.20943208038806915,1e-04,0.055089355,0.0032278753,0.056814395,0.22614291310310364,0.13546548783779144,0.02033287100493908,0.1425933837890625
944,0.20903168618679047,1e-04,0.05503324,0.0032216466,0.05675955,0.22568506002426147,0.13523653149604797,0.020268330350518227,0.14236688613891602
945,0.20863217115402222,1e-04,0.054977257,0.0032154396,0.056704845,0.22522865235805511,0.13500960171222687,0.020204413682222366,0.14214223623275757
946,0.20823349058628082,1e-04,0.05492136,0.0032092475,0.05665022,0.22477374970912933,0.13478490710258484,0.020141202956438065,0.14191970229148865
947,0.2078356295824051,1e-04,0.054865614,0.003203082,0.056595776,0.224320188164711,0.1345619559288025,0.020078549161553383,0.14169879257678986
948,0.20743857324123383,1e-04,0.05480997,0.003196933,0.056541428,0.22386807203292847,0.13434088230133057,0.020016472786664963,0.14147958159446716
949,0.207042396068573,1e-04,0.054754447,0.0031908022,0.056487188,0.22341740131378174,0.13412171602249146,0.01995500922203064,0.1412622034549713
950,0.2066470831632614,1e-04,0.054699063,0.0031846936,0.05643309,0.22296813130378723,0.13390451669692993,0.019894156605005264,0.1410466432571411
951,0.2062525749206543,1e-04,0.05464379,0.0031786019,0.05637909,0.22252032160758972,0.13368956744670868,0.019833985716104507,0.14083318412303925
952,0.20585887134075165,1e-04,0.054588627,0.003172531,0.056325227,0.2220739722251892,0.13347654044628143,0.019774409011006355,0.14062151312828064
953,0.20546603202819824,1e-04,0.05453357,0.0031664788,0.056271475,0.2216290533542633,0.1332656294107437,0.01971547305583954,0.14041179418563843
954,0.2050740122795105,1e-04,0.05447864,0.003160446,0.056217846,0.22118543088436127,0.13305626809597015,0.019657034426927567,0.1402035504579544
955,0.2046828418970108,1e-04,0.054423828,0.0031544326,0.056164335,0.22074316442012787,0.13284876942634583,0.019599154591560364,0.1399969756603241
956,0.20429246127605438,1e-04,0.054369163,0.0031484403,0.056110963,0.22030231356620789,0.1326432079076767,0.019541872665286064,0.13979224860668182
957,0.20390291512012482,1e-04,0.054314595,0.0031424642,0.056057688,0.21986283361911774,0.13243941962718964,0.019485125318169594,0.1395891308784485
958,0.2035142183303833,1e-04,0.054260146,0.0031365089,0.056004543,0.21942467987537384,0.132237508893013,0.019428957253694534,0.1393878012895584
959,0.20312628149986267,1e-04,0.054205805,0.0031305708,0.055951502,0.21898792684078217,0.1320374459028244,0.019373349845409393,0.13918818533420563
960,0.20273922383785248,1e-04,0.05415159,0.0031246531,0.055898596,0.2185525745153427,0.13183939456939697,0.019318334758281708,0.13899041712284088
961,0.20235300064086914,1e-04,0.054097485,0.003118755,0.055845816,0.21811851859092712,0.13164308667182922,0.019263850525021553,0.13879427313804626
962,0.2019675374031067,1e-04,0.054043476,0.0031128733,0.05579313,0.21768569946289062,0.13144828379154205,0.01920982636511326,0.13859951496124268
963,0.2015828937292099,1e-04,0.053989608,0.0031070106,0.055740565,0.21725422143936157,0.131255105137825,0.019156286492943764,0.13840623199939728
964,0.20119909942150116,1e-04,0.053935874,0.003101169,0.05568814,0.21682411432266235,0.13106398284435272,0.019103363156318665,0.13821491599082947
965,0.2008160948753357,1e-04,0.05388223,0.0030953449,0.055635825,0.21639536321163177,0.13087470829486847,0.019050979986786842,0.13802528381347656
966,0.20043392479419708,1e-04,0.053828705,0.0030895378,0.05558361,0.21596790850162506,0.1306871920824051,0.018999118357896805,0.13783729076385498
967,0.20005254447460175,1e-04,0.053775292,0.0030837504,0.055531524,0.21554169058799744,0.13050125539302826,0.018947720527648926,0.13765071332454681
968,0.19967195391654968,1e-04,0.053721983,0.0030779808,0.055479553,0.21511684358119965,0.13031716644763947,0.01889687404036522,0.13746589422225952
969,0.19929219782352448,1e-04,0.05366881,0.0030722304,0.055427704,0.21469314396381378,0.13013435900211334,0.01884641870856285,0.13728225231170654
970,0.19891321659088135,1e-04,0.053615738,0.003066497,0.05537596,0.21427077054977417,0.12995333969593048,0.01879647746682167,0.1371002495288849
971,0.19853505492210388,1e-04,0.05356282,0.0030607854,0.055324364,0.21384966373443604,0.12977413833141327,0.01874706894159317,0.13691993057727814
972,0.19815769791603088,1e-04,0.05350998,0.003055087,0.055272844,0.21342985332012177,0.12959665060043335,0.018698150292038918,0.13674117624759674
973,0.19778113067150116,1e-04,0.05345726,0.00304941,0.055221464,0.21301138401031494,0.12942083179950714,0.01864972710609436,0.1365640014410019
974,0.1974053978919983,1e-04,0.05340464,0.0030437491,0.055170182,0.21259407699108124,0.1292465776205063,0.018601752817630768,0.13638824224472046
975,0.1970304250717163,1e-04,0.05335216,0.0030381083,0.055119038,0.21217797696590424,0.1290738582611084,0.01855423115193844,0.13621391355991364
976,0.1966562271118164,1e-04,0.053299766,0.003032484,0.055067994,0.2117631584405899,0.12890280783176422,0.01850719004869461,0.13604113459587097
977,0.19628284871578217,1e-04,0.05324753,0.0030268813,0.0550171,0.21134953200817108,0.12873315811157227,0.018460553139448166,0.13586962223052979
978,0.1959102749824524,1e-04,0.05319536,0.0030212905,0.054966267,0.21093715727329254,0.12856514751911163,0.018414387479424477,0.13569961488246918
979,0.1955384761095047,1e-04,0.053143337,0.0030157212,0.05491558,0.2105260044336319,0.1283988654613495,0.01836872100830078,0.1355312615633011
980,0.1951674520969391,1e-04,0.053091407,0.0030101694,0.05486501,0.21011611819267273,0.1282341629266739,0.01832350343465805,0.1353643387556076
981,0.19479724764823914,1e-04,0.05303958,0.003004634,0.054814544,0.2097073644399643,0.1280709058046341,0.018278688192367554,0.1351986974477768
982,0.19442777335643768,1e-04,0.05298787,0.002999116,0.054764185,0.20929984748363495,0.1279091089963913,0.01823430508375168,0.1350344568490982
983,0.19405916333198547,1e-04,0.052936297,0.0029936184,0.05471397,0.20889347791671753,0.1277487874031067,0.018190335482358932,0.13487155735492706
984,0.19369125366210938,1e-04,0.052884806,0.0029881345,0.054663833,0.20848828554153442,0.12758992612361908,0.018146781250834465,0.13470998406410217
985,0.19332417845726013,1e-04,0.05283344,0.0029826697,0.054613825,0.20808425545692444,0.12743256986141205,0.018103647977113724,0.1345497965812683
986,0.1929578334093094,1e-04,0.052782178,0.002977221,0.054563917,0.20768150687217712,0.12727677822113037,0.018060963600873947,0.13439108431339264
987,0.1925923228263855,1e-04,0.052731056,0.0029717933,0.05451416,0.20727990567684174,0.12712262570858002,0.018018726259469986,0.13423384726047516
988,0.1922275722026825,1e-04,0.05268001,0.00296638,0.054464485,0.20687949657440186,0.1269698590040207,0.01797689124941826,0.13407793641090393
989,0.19186359643936157,1e-04,0.052629072,0.0029609837,0.05441492,0.2064802199602127,0.1268184334039688,0.01793542131781578,0.13392318785190582
990,0.19150039553642273,1e-04,0.052578256,0.0029556055,0.054365482,0.2060820311307907,0.12666833400726318,0.017894327640533447,0.1337696760892868
991,0.19113793969154358,1e-04,0.052527566,0.0029502446,0.054316156,0.20568504929542542,0.1265195906162262,0.017853617668151855,0.13361743092536926
992,0.19077631831169128,1e-04,0.052476972,0.002944899,0.054266922,0.20528915524482727,0.1263723522424698,0.01781332492828369,0.13346657156944275
993,0.1904153972864151,1e-04,0.052426502,0.0029395733,0.05421783,0.20489442348480225,0.126226544380188,0.017773425206542015,0.1333170086145401
994,0.190055251121521,1e-04,0.052376118,0.0029342629,0.054168835,0.20450091361999512,0.1260824054479599,0.017733978107571602,0.13316898047924042
995,0.18969589471817017,1e-04,0.052325856,0.0029289697,0.054119956,0.20410846173763275,0.12593935430049896,0.01769484393298626,0.13302196562290192
996,0.18933729827404022,1e-04,0.052275714,0.0029236942,0.054071195,0.20371708273887634,0.12579748034477234,0.01765604317188263,0.13287603855133057
997,0.18897946178913116,1e-04,0.05222566,0.0029184332,0.054022525,0.20332688093185425,0.125657320022583,0.017617693170905113,0.13273166120052338
998,0.1886223703622818,1e-04,0.05217571,0.0029131894,0.05397397,0.20293773710727692,0.12551826238632202,0.017579657956957817,0.13258829712867737
999,0.18826603889465332,1e-04,0.05212589,0.0029079635,0.053925537,0.2025497406721115,0.1253804862499237,0.017541971057653427,0.13244611024856567
1000,0.1879105269908905,1e-04,0.05207618,0.0029027543,0.053877216,0.20216284692287445,0.12524420022964478,0.01750469021499157,0.1323052942752838
1001,0.1875557154417038,1e-04,0.052026555,0.00289756,0.05382899,0.20177704095840454,0.12510912120342255,0.017467744648456573,0.1321655958890915
1002,0.18720167875289917,1e-04,0.05197707,0.0028923845,0.053780895,0.20139232277870178,0.12497536838054657,0.017431151121854782,0.13202708959579468
1003,0.18684840202331543,1e-04,0.051927675,0.0028872238,0.053732894,0.20100869238376617,0.12484292685985565,0.017394917085766792,0.13188979029655457
1004,0.186495840549469,1e-04,0.051878378,0.0028820792,0.053685,0.2006262242794037,0.12471199035644531,0.017359089106321335,0.13175389170646667
1005,0.18614408373832703,1e-04,0.051829174,0.0028769514,0.05363722,0.2002447247505188,0.12458197772502899,0.017323514446616173,0.13161882758140564
1006,0.18579304218292236,1e-04,0.051780105,0.0028718405,0.053589556,0.19986429810523987,0.12445318698883057,0.017288267612457275,0.13148485124111176
1007,0.18544277548789978,1e-04,0.051731143,0.002866745,0.05354199,0.1994848996400833,0.12432561814785004,0.01725335605442524,0.131352037191391
1008,0.1850932091474533,1e-04,0.051682297,0.0028616663,0.053494543,0.1991066336631775,0.12419942021369934,0.017218803986907005,0.13122044503688812
1009,0.18474441766738892,1e-04,0.051633548,0.0028566036,0.053447206,0.19872941076755524,0.12407444417476654,0.01718459092080593,0.13109001517295837
1010,0.18439637124538422,1e-04,0.051584896,0.002851558,0.05339998,0.19835332036018372,0.1239510029554367,0.017150774598121643,0.13096097111701965
1011,0.1840490698814392,1e-04,0.05153635,0.0028465271,0.053352855,0.1979781836271286,0.12382842600345612,0.017117198556661606,0.1308327168226242
1012,0.1837025135755539,1e-04,0.05148791,0.002841512,0.053305835,0.19760407507419586,0.12370701134204865,0.01708392985165119,0.13070550560951233
1013,0.1833566576242447,1e-04,0.051439565,0.0028365122,0.053258915,0.1972310096025467,0.12358668446540833,0.017050959169864655,0.13057932257652283
1014,0.18301157653331757,1e-04,0.051391345,0.0028315291,0.053212114,0.19685900211334229,0.12346762418746948,0.01701832003891468,0.13045428693294525
1015,0.18266722559928894,1e-04,0.051343236,0.0028265622,0.05316542,0.19648799300193787,0.12334975600242615,0.016986001282930374,0.13033035397529602
1016,0.1823236048221588,1e-04,0.05129522,0.0028216112,0.05311884,0.19611802697181702,0.12323305010795593,0.016953980550169945,0.13020744919776917
1017,0.18198072910308838,1e-04,0.051247317,0.002816676,0.053072367,0.19574911892414093,0.12311767041683197,0.01692231371998787,0.1300857961177826
1018,0.18163855373859406,1e-04,0.051199496,0.002811755,0.053025983,0.19538123905658722,0.12300337851047516,0.016890935599803925,0.12996512651443481
1019,0.1812971532344818,1e-04,0.051151786,0.0028068505,0.05297972,0.19501426815986633,0.12288995087146759,0.016859784722328186,0.12984523177146912
1020,0.18095645308494568,1e-04,0.051104188,0.0028019615,0.05293356,0.19464831054210663,0.12277767062187195,0.016828937456011772,0.12972639501094818
1021,0.18061646819114685,1e-04,0.05105671,0.002797088,0.052887503,0.19428342580795288,0.12266655266284943,0.016798393800854683,0.129608616232872
1022,0.1802772581577301,1e-04,0.051009327,0.0027922308,0.052841563,0.19391952455043793,0.12255670130252838,0.016768183559179306,0.12949201464653015
1023,0.17993873357772827,1e-04,0.05096203,0.002787387,0.05279571,0.19355660676956177,0.12244780361652374,0.016738224774599075,0.12937629222869873
1024,0.17960093915462494,1e-04,0.050914835,0.0027825593,0.05274997,0.19319471716880798,0.12234008312225342,0.01670856773853302,0.12926162779331207
1025,0.1792638897895813,1e-04,0.050867762,0.002777749,0.052704353,0.1928337961435318,0.12223345041275024,0.016679199412465096,0.1291479766368866
1026,0.17892754077911377,1e-04,0.050820768,0.0027729508,0.052658815,0.19247378408908844,0.12212768197059631,0.01665005274116993,0.129035085439682
1027,0.17859190702438354,1e-04,0.050773907,0.00276817,0.052613404,0.19211475551128387,0.12202291190624237,0.016621168702840805,0.12892311811447144
1028,0.17825698852539062,1e-04,0.050727144,0.0027634043,0.052568093,0.1917566955089569,0.12191914021968842,0.016592539846897125,0.1288120299577713
1029,0.1779228150844574,1e-04,0.050680477,0.0027586522,0.05252287,0.19139964878559113,0.12181660532951355,0.01656424254179001,0.12870214879512787
1030,0.17758934199810028,1e-04,0.050633896,0.002753916,0.052477766,0.19104358553886414,0.12171512842178345,0.016536206007003784,0.12859317660331726
1031,0.17725655436515808,1e-04,0.05058742,0.0027491935,0.052432753,0.19068849086761475,0.12161478400230408,0.016508467495441437,0.1284852772951126
1032,0.17692451179027557,1e-04,0.050541043,0.0027444873,0.052387852,0.19033433496952057,0.12151531875133514,0.016480952501296997,0.12837816774845123
1033,0.17659318447113037,1e-04,0.050494794,0.002739797,0.05234307,0.1899811327457428,0.12141688168048859,0.016453702002763748,0.12827198207378387
1034,0.17626254260540009,1e-04,0.050448626,0.0027351193,0.052298367,0.18962880969047546,0.12131918966770172,0.01642664708197117,0.12816648185253143
1035,0.1759326159954071,1e-04,0.050402567,0.0027304583,0.052253786,0.18927744030952454,0.12122243642807007,0.01639983430504799,0.12806183099746704
1036,0.17560341954231262,1e-04,0.0503566,0.002725809,0.05220928,0.1889270842075348,0.1211269348859787,0.016373343765735626,0.12795837223529816
1037,0.17527490854263306,1e-04,0.05031075,0.002721178,0.052164912,0.18857760727405548,0.12103235721588135,0.01634708046913147,0.12785570323467255
1038,0.1749470829963684,1e-04,0.050264973,0.0027165592,0.052120622,0.18822917342185974,0.12093892693519592,0.016321122646331787,0.12775415182113647
1039,0.17462001740932465,1e-04,0.050219312,0.0027119566,0.05207645,0.18788154423236847,0.12084618210792542,0.01629532501101494,0.12765313684940338
1040,0.17429359257221222,1e-04,0.05017374,0.0027073675,0.05203237,0.18753491342067719,0.12075440585613251,0.016269788146018982,0.1275530755519867
1041,0.17396791279315948,1e-04,0.05012828,0.0027027933,0.051988397,0.18718911707401276,0.12066346406936646,0.016244452446699142,0.1274537295103073
1042,0.17364290356636047,1e-04,0.050082922,0.0026982334,0.05194452,0.18684430420398712,0.12057355046272278,0.016219384968280792,0.12735535204410553
1043,0.17331859469413757,1e-04,0.050037667,0.0026936883,0.051900756,0.18650034070014954,0.12048445641994476,0.016194522380828857,0.12725770473480225
1044,0.1729949712753296,1e-04,0.049992517,0.0026891578,0.05185709,0.18615740537643433,0.12039650976657867,0.0161699578166008,0.1271611452102661
1045,0.1726720780134201,1e-04,0.049947426,0.002684639,0.051813502,0.18581531941890717,0.12030938267707825,0.016145598143339157,0.12706533074378967
1046,0.17234985530376434,1e-04,0.049902454,0.002680137,0.05177004,0.18547411262989044,0.12022316455841064,0.016121461987495422,0.1269703209400177
1047,0.1720283031463623,1e-04,0.04985759,0.00267565,0.051726684,0.18513382971286774,0.12013766169548035,0.01609751023352146,0.12687596678733826
1048,0.17170749604701996,1e-04,0.04981282,0.0026711756,0.05168342,0.18479441106319427,0.12005302309989929,0.016073783859610558,0.12678243219852448
1049,0.17138734459877014,1e-04,0.04976815,0.0026667153,0.05164025,0.18445590138435364,0.11996935307979584,0.01605028472840786,0.12668971717357635
1050,0.17106787860393524,1e-04,0.049723566,0.0026622692,0.05159718,0.18411827087402344,0.11988650262355804,0.01602700725197792,0.1265978217124939
1051,0.17074909806251526,1e-04,0.0496791,0.002657837,0.051554214,0.18378153443336487,0.11980456113815308,0.01600395143032074,0.1265067309141159
1052,0.1704310029745102,1e-04,0.049634714,0.0026534193,0.05151135,0.18344567716121674,0.11972345411777496,0.015981104224920273,0.1264163851737976
1053,0.17011359333992004,1e-04,0.049590424,0.002649015,0.051468585,0.18311071395874023,0.11964316666126251,0.01595846563577652,0.1263268142938614
1054,0.169796884059906,1e-04,0.049546238,0.0026446248,0.051425915,0.18277664482593536,0.1195637583732605,0.015936043113470078,0.12623804807662964
1055,0.1694808453321457,1e-04,0.049502145,0.0026402473,0.05138334,0.18244342505931854,0.11948513984680176,0.015913821756839752,0.1261499971151352
1056,0.1691654771566391,1e-04,0.049458157,0.0026358857,0.051340878,0.18211103975772858,0.11940731108188629,0.015891803428530693,0.12606269121170044
1057,0.16885077953338623,1e-04,0.04941426,0.0026315365,0.051298503,0.18177956342697144,0.11933033168315887,0.015869993716478348,0.12597616016864777
1058,0.16853678226470947,1e-04,0.049370453,0.002627202,0.05125624,0.18144895136356354,0.1192542165517807,0.015848394483327866,0.12589040398597717
1059,0.16822344064712524,1e-04,0.049326744,0.00262288,0.05121406,0.1811191886663437,0.11917884647846222,0.015826979652047157,0.1258053183555603
1060,0.16791076958179474,1e-04,0.049283117,0.0026185706,0.05117197,0.18079021573066711,0.1191040426492691,0.01580571010708809,0.1257207691669464
1061,0.16759878396987915,1e-04,0.04923961,0.0026142772,0.051130004,0.18046215176582336,0.11903008818626404,0.015784654766321182,0.1256369948387146
1062,0.16728748381137848,1e-04,0.049196195,0.002609996,0.051088117,0.18013492226600647,0.11895701289176941,0.015763813629746437,0.12555402517318726
1063,0.16697683930397034,1e-04,0.04915288,0.0026057286,0.051046338,0.17980854213237762,0.11888469755649567,0.015743166208267212,0.12547177076339722
1064,0.16666685044765472,1e-04,0.04910964,0.0026014748,0.051004656,0.17948301136493683,0.118813157081604,0.01572270132601261,0.1253902018070221
1065,0.16635753214359283,1e-04,0.0490665,0.002597233,0.050963055,0.17915835976600647,0.11874252557754517,0.015702471137046814,0.12530949711799622
1066,0.16604889929294586,1e-04,0.04902346,0.0025930072,0.050921578,0.17883449792861938,0.1186724454164505,0.015682369470596313,0.12522926926612854
1067,0.16574090719223022,1e-04,0.0489805,0.0025887915,0.050880168,0.17851144075393677,0.11860302090644836,0.015662435442209244,0.1251496523618698
1068,0.1654336005449295,1e-04,0.04893765,0.0025845894,0.050838858,0.1781892627477646,0.11853444576263428,0.01564270816743374,0.12507081031799316
1069,0.1651269644498825,1e-04,0.048894893,0.0025804034,0.05079767,0.17786787450313568,0.11846652626991272,0.015623140148818493,0.12499255686998367
1070,0.16482095420360565,1e-04,0.048852235,0.002576229,0.050756566,0.17754732072353363,0.11839933693408966,0.015603754669427872,0.1249149888753891
1071,0.1645156294107437,1e-04,0.048809666,0.0025720682,0.050715562,0.17722760140895844,0.1183328628540039,0.015584553591907024,0.12483810633420944
1072,0.1642109751701355,1e-04,0.048767176,0.002567919,0.05067464,0.17690862715244293,0.1182669848203659,0.015565489418804646,0.12476173043251038
1073,0.16390693187713623,1e-04,0.048724785,0.0025637825,0.050633807,0.17659059166908264,0.11820206046104431,0.01554665807634592,0.12468624114990234
1074,0.16360357403755188,1e-04,0.04868248,0.0025596598,0.05059308,0.17627330124378204,0.11813770234584808,0.015527969226241112,0.1246112734079361
1075,0.16330087184906006,1e-04,0.048640285,0.0025555508,0.050552454,0.17595680058002472,0.118073970079422,0.015509437769651413,0.124536894261837
1076,0.16299882531166077,1e-04,0.04859817,0.0025514534,0.050511915,0.17564114928245544,0.11801102757453918,0.015491098165512085,0.12446323782205582
1077,0.1626974195241928,1e-04,0.04855616,0.0025473703,0.05047148,0.17532625794410706,0.11794863641262054,0.015472890809178352,0.12439007312059402
1078,0.16239666938781738,1e-04,0.048514217,0.0025432983,0.050431125,0.17501217126846313,0.11788684129714966,0.015454834327101707,0.1243174746632576
1079,0.1620965600013733,1e-04,0.048472393,0.00253924,0.050390873,0.1746988743543625,0.11782583594322205,0.015436967834830284,0.12424559146165848
1080,0.16179710626602173,1e-04,0.04843064,0.002535194,0.05035071,0.1743863970041275,0.117765411734581,0.015419242903590202,0.12417424470186234
1081,0.1614983081817627,1e-04,0.04838899,0.0025311608,0.05031064,0.1740746647119522,0.11770555377006531,0.015401659533381462,0.12410341948270798
1082,0.161200150847435,1e-04,0.048347432,0.0025271408,0.050270677,0.17376379668712616,0.11764654517173767,0.015384281054139137,0.1240333840250969
1083,0.16090263426303864,1e-04,0.04830596,0.0025231335,0.0502308,0.1734536737203598,0.11758819222450256,0.015367064625024796,0.12396396696567535
1084,0.1606057584285736,1e-04,0.048264563,0.0025191365,0.050191,0.17314434051513672,0.11753036081790924,0.015349973924458027,0.12389501184225082
1085,0.16030952334403992,1e-04,0.048223276,0.0025151547,0.05015132,0.17283573746681213,0.11747303605079651,0.015333002433180809,0.12382650375366211
1086,0.16001391410827637,1e-04,0.04818207,0.0025111828,0.050111704,0.17252793908119202,0.11741641163825989,0.015316206030547619,0.12375865876674652
1087,0.15971896052360535,1e-04,0.04814097,0.0025072251,0.0500722,0.17222096025943756,0.11736039817333221,0.015299566090106964,0.12369141727685928
1088,0.15942467749118805,1e-04,0.04809994,0.0025032794,0.050032783,0.1719146966934204,0.11730499565601349,0.015283067710697651,0.12362470477819443
1089,0.1591309756040573,1e-04,0.048059016,0.0024993476,0.049993474,0.17160923779010773,0.11725018918514252,0.01526671089231968,0.12355852872133255
1090,0.1588379293680191,1e-04,0.04801817,0.0024954246,0.049954224,0.17130446434020996,0.1171957403421402,0.015250446274876595,0.12349269539117813
1091,0.15854552388191223,1e-04,0.04797743,0.0024915158,0.049915086,0.17100052535533905,0.11714224517345428,0.015234413556754589,0.12342776358127594
1092,0.1582537293434143,1e-04,0.047936764,0.0024876196,0.04987604,0.17069734632968903,0.11708927154541016,0.01521849911659956,0.12336327880620956
1093,0.15796257555484772,1e-04,0.047896165,0.0024837342,0.049837075,0.1703949123620987,0.11703677475452423,0.015202708542346954,0.1232992634177208
1094,0.15767206251621246,1e-04,0.047855694,0.0024798634,0.049798228,0.17009322345256805,0.11698481440544128,0.015187051147222519,0.12323575466871262
1095,0.15738217532634735,1e-04,0.047815282,0.0024760005,0.049759425,0.1697922945022583,0.11693339049816132,0.015171517618000507,0.12317271530628204
1096,0.15709292888641357,1e-04,0.04777497,0.002472152,0.04972074,0.16949212551116943,0.11688263714313507,0.015156153589487076,0.123110331594944
1097,0.15680429339408875,1e-04,0.047734752,0.002468316,0.049682148,0.16919267177581787,0.11683236062526703,0.015140898525714874,0.12304835766553879
1098,0.15651626884937286,1e-04,0.04769462,0.0024644912,0.049643643,0.1688939929008484,0.11678262054920197,0.01512577198445797,0.12298687547445297
1099,0.1562288999557495,1e-04,0.047654573,0.002460679,0.04960523,0.16859601438045502,0.1167333573102951,0.015110769309103489,0.12292587012052536
1100,0.15594211220741272,1e-04,0.04761462,0.002456879,0.049566913,0.16829879581928253,0.11668470501899719,0.0150959063321352,0.12286540120840073
1101,0.15565596520900726,1e-04,0.04757473,0.002453088,0.04952866,0.16800235211849213,0.11663660407066345,0.01508118212223053,0.12280546128749847
1102,0.15537045896053314,1e-04,0.047534946,0.0024493115,0.04949052,0.16770659387111664,0.11658905446529388,0.01506658922880888,0.12274603545665741
1103,0.15508556365966797,1e-04,0.047495257,0.0024455471,0.049452472,0.16741155087947845,0.11654184758663177,0.015052077360451221,0.12268690764904022
1104,0.15480126440525055,1e-04,0.04745564,0.002441792,0.049414493,0.16711728274822235,0.1164952963590622,0.015037726610898972,0.12262840569019318
1105,0.15451760590076447,1e-04,0.04741611,0.00243805,0.049376614,0.16682375967502594,0.11644937098026276,0.01502352673560381,0.12257049977779388
1106,0.15423455834388733,1e-04,0.047376666,0.00243432,0.04933883,0.16653092205524445,0.11640378832817078,0.015009407885372639,0.12251289188861847
1107,0.15395210683345795,1e-04,0.047337297,0.0024306003,0.049301118,0.16623878479003906,0.1163586676120758,0.014995409175753593,0.12245574593544006
1108,0.1536702811717987,1e-04,0.04729803,0.0024268923,0.0492635,0.16594737768173218,0.11631402373313904,0.01498151570558548,0.12239900231361389
1109,0.1533890664577484,1e-04,0.047258865,0.0024231975,0.049225982,0.16565673053264618,0.116270050406456,0.014967787079513073,0.12234290689229965
1110,0.15310846269130707,1e-04,0.047219753,0.0024195125,0.04918854,0.1653667539358139,0.11622641980648041,0.014954145066440105,0.12228713929653168
1111,0.15282845497131348,1e-04,0.04718074,0.0024158398,0.049151193,0.16507750749588013,0.11618325114250183,0.014940607361495495,0.12223177403211594
1112,0.15254905819892883,1e-04,0.04714181,0.0024121774,0.04911392,0.16478893160820007,0.11614051461219788,0.014927181415259838,0.12217684835195541
1113,0.15227028727531433,1e-04,0.04710296,0.0024085268,0.049076743,0.16450108587741852,0.11609822511672974,0.014913861639797688,0.12212232500314713
1114,0.1519920974969864,1e-04,0.047064204,0.002404888,0.04903966,0.1642138957977295,0.11605635285377502,0.01490064151585102,0.12206818163394928
1115,0.1517145335674286,1e-04,0.047025528,0.0024012595,0.049002647,0.16392748057842255,0.11601507663726807,0.01488756574690342,0.1220146119594574
1116,0.15143756568431854,1e-04,0.046986938,0.0023976436,0.04896574,0.16364172101020813,0.11597423255443573,0.01487459521740675,0.12196145206689835
1117,0.15116116404533386,1e-04,0.046948433,0.002394038,0.04892891,0.1633567065000534,0.11593383550643921,0.014861732721328735,0.12190870940685272
1118,0.1508854180574417,1e-04,0.046910003,0.0023904436,0.048892163,0.1630723774433136,0.1158939003944397,0.0148489810526371,0.12185639888048172
1119,0.15061026811599731,1e-04,0.04687165,0.0023868603,0.048855506,0.16278871893882751,0.11585438251495361,0.014836330898106098,0.12180447578430176
1120,0.1503356695175171,1e-04,0.046833385,0.0023832868,0.04881892,0.16250573098659515,0.11581523716449738,0.01482376828789711,0.12175289541482925
1121,0.1500616818666458,1e-04,0.046795208,0.0023797257,0.04878243,0.1622234433889389,0.1157764345407486,0.01481129415333271,0.12170165777206421
1122,0.14978833496570587,1e-04,0.04675713,0.0023761773,0.04874605,0.16194182634353638,0.11573813855648041,0.014798936434090137,0.12165088206529617
1123,0.1495155394077301,1e-04,0.04671913,0.0023726376,0.048709728,0.16166087985038757,0.11570009589195251,0.014786647632718086,0.12160035967826843
1124,0.1492433398962021,1e-04,0.046681195,0.0023691077,0.04867348,0.16138064861297607,0.11566273868083954,0.014774518087506294,0.12155047804117203
1125,0.14897172152996063,1e-04,0.046643347,0.0023655903,0.048637334,0.1611011028289795,0.11562573909759521,0.014762475155293941,0.12150092422962189
1126,0.14870071411132812,1e-04,0.04660557,0.0023620825,0.04860126,0.16082227230072021,0.1155892163515091,0.014750548638403416,0.12145183980464935
1127,0.14843030273914337,1e-04,0.04656789,0.0023585872,0.048565287,0.16054406762123108,0.11555297672748566,0.014738686382770538,0.12140299379825592
1128,0.14816048741340637,1e-04,0.04653028,0.0023551018,0.04852939,0.16026650369167328,0.11551705002784729,0.0147269107401371,0.12135448306798935
1129,0.14789122343063354,1e-04,0.046492774,0.002351628,0.048493586,0.1599896252155304,0.11548148095607758,0.01471521332859993,0.12130627781152725
1130,0.14762258529663086,1e-04,0.046455342,0.0023481643,0.04845786,0.15971343219280243,0.11544640362262726,0.01470363512635231,0.12125854939222336
1131,0.14735451340675354,1e-04,0.04641798,0.0023447108,0.048422214,0.1594378799200058,0.11541157960891724,0.014692124910652637,0.12121107429265976
1132,0.14708702266216278,1e-04,0.046380702,0.0023412674,0.048386645,0.1591629832983017,0.11537724733352661,0.014680725522339344,0.12116404622793198
1133,0.1468200981616974,1e-04,0.04634352,0.0023378367,0.04835118,0.1588887870311737,0.11534334719181061,0.014669431373476982,0.12111742794513702
1134,0.14655376970767975,1e-04,0.046306383,0.0023344134,0.048315767,0.15861524641513824,0.11530978977680206,0.014658225700259209,0.12107115983963013
1135,0.14628802239894867,1e-04,0.046269353,0.0023310026,0.04828046,0.15834233164787292,0.11527642607688904,0.014647066593170166,0.12102506309747696
1136,0.14602285623550415,1e-04,0.04623239,0.002327603,0.04824524,0.15807005763053894,0.11524352431297302,0.014636015519499779,0.12097939848899841
1137,0.1457582712173462,1e-04,0.04619552,0.002324212,0.048210084,0.15779848396778107,0.11521096527576447,0.01462505292147398,0.12093408405780792
1138,0.1454942673444748,1e-04,0.046158727,0.0023208328,0.048175022,0.15752756595611572,0.11517882347106934,0.014614188112318516,0.12088915705680847
1139,0.14523082971572876,1e-04,0.046122015,0.0023174633,0.048140038,0.15725722908973694,0.11514686048030853,0.014603366144001484,0.12084438651800156
1140,0.1449679583311081,1e-04,0.046085387,0.002314105,0.048105143,0.15698756277561188,0.11511532962322235,0.014592649415135384,0.12080004066228867
1141,0.14470568299293518,1e-04,0.04604883,0.0023107564,0.048070326,0.15671858191490173,0.11508426070213318,0.014582050032913685,0.12075615674257278
1142,0.14444394409656525,1e-04,0.046012327,0.0023074152,0.048035562,0.15645019710063934,0.11505331099033356,0.014571473002433777,0.12071235477924347
1143,0.14418280124664307,1e-04,0.045975927,0.002304087,0.048000906,0.15618248283863068,0.11502285301685333,0.014561019837856293,0.12066905200481415
1144,0.14392223954200745,1e-04,0.045939613,0.0023007703,0.047966346,0.15591536462306976,0.11499261856079102,0.014550616964697838,0.12062593549489975
1145,0.1436622142791748,1e-04,0.045903355,0.0022974603,0.04793183,0.15564891695976257,0.11496272683143616,0.014540309086441994,0.12058320641517639
1146,0.14340277016162872,1e-04,0.0458672,0.0022941625,0.047897417,0.15538309514522552,0.11493320763111115,0.014530079439282417,0.12054078280925751
1147,0.14314387738704681,1e-04,0.045831114,0.002290875,0.047863085,0.15511789917945862,0.11490389704704285,0.01451990194618702,0.12049855291843414
1148,0.14288559556007385,1e-04,0.0457951,0.0022875967,0.047828827,0.15485334396362305,0.1148749589920044,0.014509818516671658,0.12045671045780182
1149,0.14262786507606506,1e-04,0.045759175,0.0022843296,0.047794662,0.15458938479423523,0.11484633386135101,0.014499813318252563,0.12041517347097397
1150,0.14237064123153687,1e-04,0.04572332,0.0022810716,0.047760565,0.15432611107826233,0.1148180365562439,0.014489889144897461,0.12037395685911179
1151,0.1421140432357788,1e-04,0.045687515,0.0022778215,0.047726527,0.1540634036064148,0.1147899478673935,0.014480008743703365,0.12033291161060333
1152,0.14185798168182373,1e-04,0.045651842,0.0022745854,0.047692616,0.1538013368844986,0.11476212739944458,0.014470202848315239,0.12029215693473816
1153,0.14160247147083282,1e-04,0.045616206,0.0022713556,0.04765874,0.15353985130786896,0.11473464965820312,0.014460477977991104,0.12025173008441925
1154,0.1413475126028061,1e-04,0.045580667,0.0022681379,0.04762497,0.15327906608581543,0.11470752954483032,0.014450838789343834,0.1202116385102272
1155,0.1410931497812271,1e-04,0.045545176,0.0022649278,0.047591258,0.15301883220672607,0.11468066275119781,0.014441266655921936,0.12017182260751724
1156,0.14083930850028992,1e-04,0.045509785,0.0022617294,0.047557645,0.15275925397872925,0.11465410888195038,0.014431767165660858,0.12013228982686996
1157,0.1405860334634781,1e-04,0.045474455,0.002258539,0.047524087,0.15250027179718018,0.11462771892547607,0.014422308653593063,0.12009291350841522
1158,0.14033332467079163,1e-04,0.045439214,0.0022553594,0.047490623,0.15224188566207886,0.11460162699222565,0.01441292092204094,0.12005382776260376
1159,0.14008113741874695,1e-04,0.04540405,0.0022521897,0.04745724,0.1519840955734253,0.11457571387290955,0.014403585344552994,0.12001493573188782
1160,0.13982953131198883,1e-04,0.045368955,0.0022490288,0.047423925,0.15172690153121948,0.11455017328262329,0.014394337311387062,0.11997640132904053
1161,0.1395784467458725,1e-04,0.04533394,0.0022458783,0.0473907,0.1514703333377838,0.11452479660511017,0.014385132119059563,0.11993803083896637
1162,0.13932792842388153,1e-04,0.045298982,0.0022427356,0.04735753,0.1512143909931183,0.11449982225894928,0.014376021921634674,0.11990004777908325
1163,0.13907796144485474,1e-04,0.045264114,0.0022396038,0.047324453,0.15095902979373932,0.11447508633136749,0.01436697319149971,0.11986231058835983
1164,0.13882853090763092,1e-04,0.04522932,0.0022364818,0.047291454,0.1507042795419693,0.11445058882236481,0.01435798779129982,0.11982481926679611
1165,0.13857965171337128,1e-04,0.04519458,0.002233367,0.04725851,0.15045009553432465,0.11442625522613525,0.014349039644002914,0.11978747695684433
1166,0.1383313089609146,1e-04,0.045159947,0.0022302642,0.047225673,0.15019652247428894,0.11440220475196838,0.014340158551931381,0.11975040286779404
1167,0.1380835324525833,1e-04,0.045125365,0.0022271692,0.047192894,0.1499435305595398,0.11437833309173584,0.014331329613924026,0.11971352994441986
1168,0.1378362774848938,1e-04,0.045090873,0.002224085,0.047160204,0.1496911346912384,0.11435481905937195,0.014322581700980663,0.11967699229717255
1169,0.13758957386016846,1e-04,0.04505646,0.00222101,0.047127593,0.14943931996822357,0.11433139443397522,0.01431385986506939,0.1196405440568924
1170,0.1373434066772461,1e-04,0.04502211,0.0022179435,0.04709505,0.14918813109397888,0.11430832743644714,0.014305230230093002,0.11960447579622269
1171,0.1370977759361267,1e-04,0.044987816,0.0022148855,0.047062572,0.14893750846385956,0.11428549885749817,0.014296658337116241,0.11956863105297089
1172,0.1368526816368103,1e-04,0.04495363,0.0022118387,0.04703019,0.1486874669790268,0.11426284909248352,0.014288127422332764,0.11953295767307281
1173,0.13660813868045807,1e-04,0.044919487,0.002208799,0.04699786,0.14843802154064178,0.11424048244953156,0.01427967008203268,0.11949757486581802
1174,0.13636411726474762,1e-04,0.044885416,0.0022057688,0.046965614,0.14818911254405975,0.11421819031238556,0.014271235093474388,0.1194622740149498
1175,0.13612063229084015,1e-04,0.044851433,0.002202748,0.046933442,0.14794081449508667,0.11419616639614105,0.014262868091464043,0.11942724883556366
1176,0.13587768375873566,1e-04,0.04481752,0.0021997371,0.046901356,0.14769309759140015,0.11417436599731445,0.014254555106163025,0.11939243972301483
1177,0.13563528656959534,1e-04,0.044783663,0.0021967336,0.046869326,0.14744596183300018,0.11415280401706696,0.014246300794184208,0.1193578690290451
1178,0.1353933960199356,1e-04,0.044749904,0.0021937399,0.04683738,0.1471993625164032,0.1141313761472702,0.014238083735108376,0.11932343989610672
1179,0.13515202701091766,1e-04,0.04471621,0.002190756,0.046805512,0.14695335924625397,0.11411024630069733,0.014229937456548214,0.11928930133581161
1180,0.1349112093448639,1e-04,0.044682574,0.0021877799,0.04677371,0.1467079371213913,0.11408928036689758,0.014221835881471634,0.11925534158945084
1181,0.1346709132194519,1e-04,0.044649016,0.002184813,0.04674198,0.146463081240654,0.11406847834587097,0.01421377807855606,0.11922155320644379
1182,0.1344311535358429,1e-04,0.044615522,0.0021818548,0.046710327,0.14621879160404205,0.11404788494110107,0.014205772429704666,0.11918797343969345
1183,0.13419190049171448,1e-04,0.044582095,0.0021789046,0.046678737,0.1459750533103943,0.11402751505374908,0.014197822660207748,0.11915461719036102
1184,0.13395318388938904,1e-04,0.04454876,0.0021759656,0.046647247,0.1457318514585495,0.11400729417800903,0.01418991107493639,0.11912140995264053
1185,0.1337149739265442,1e-04,0.044515487,0.0021730345,0.046615817,0.14548924565315247,0.11398729681968689,0.014182057231664658,0.11908844113349915
1186,0.13347730040550232,1e-04,0.044482302,0.0021701127,0.04658447,0.1452472060918808,0.11396744847297668,0.014174243435263634,0.11905562877655029
1187,0.13324016332626343,1e-04,0.044449154,0.0021671986,0.04655318,0.1450057178735733,0.113947793841362,0.014166480861604214,0.11902302503585815
1188,0.13300353288650513,1e-04,0.04441609,0.0021642921,0.046521954,0.1447647660970688,0.11392825841903687,0.014158746227622032,0.11899053305387497
1189,0.13276740908622742,1e-04,0.044383097,0.0021613964,0.046490822,0.14452439546585083,0.11390896141529083,0.01415107399225235,0.11895828694105148
1190,0.13253183662891388,1e-04,0.044350173,0.002158508,0.046459746,0.14428454637527466,0.11388976871967316,0.014143427833914757,0.11892614513635635
1191,0.13229675590991974,1e-04,0.044317324,0.0021556288,0.046428747,0.14404526352882385,0.11387081444263458,0.014135846868157387,0.11889426410198212
1192,0.13206219673156738,1e-04,0.044284537,0.0021527573,0.046397816,0.1438065767288208,0.11385208368301392,0.014128321781754494,0.11886261403560638
1193,0.13182814419269562,1e-04,0.04425183,0.0021498958,0.046366967,0.14356838166713715,0.11383335292339325,0.014120802283287048,0.11883097887039185
1194,0.13159461319446564,1e-04,0.04421918,0.0021470415,0.046336178,0.14333078265190125,0.11381490528583527,0.014113352634012699,0.11879963427782059
1195,0.13136161863803864,1e-04,0.044186603,0.0021441963,0.046305466,0.14309370517730713,0.11379668116569519,0.014105956070125103,0.11876849830150604
1196,0.13112910091876984,1e-04,0.044154093,0.0021413597,0.04627483,0.14285717904567719,0.11377860605716705,0.014098597690463066,0.11873751878738403
1197,0.13089711964130402,1e-04,0.04412164,0.0021385308,0.046244252,0.14262118935585022,0.11376059055328369,0.014091266319155693,0.11870663613080978
1198,0.1306656301021576,1e-04,0.044089258,0.002135709,0.04621373,0.14238570630550385,0.11374261975288391,0.014083946123719215,0.11867580562829971
1199,0.13043466210365295,1e-04,0.044056967,0.0021328984,0.046183314,0.14215077459812164,0.11372490227222443,0.014076683670282364,0.11864519864320755
1200,0.1302041858434677,1e-04,0.044024725,0.0021300942,0.046152946,0.1419163942337036,0.11370724439620972,0.014069454744458199,0.11861473321914673
1201,0.12997423112392426,1e-04,0.04399256,0.0021272993,0.046122655,0.14168256521224976,0.11368988454341888,0.014062292873859406,0.1185845360159874
1202,0.1297447830438614,1e-04,0.043960452,0.0021245114,0.04609242,0.14144927263259888,0.11367270350456238,0.014055173844099045,0.11855451762676239
1203,0.12951582670211792,1e-04,0.043928426,0.0021217337,0.04606228,0.1412164866924286,0.11365561187267303,0.014048080891370773,0.11852460354566574
1204,0.12928737699985504,1e-04,0.04389645,0.0021189637,0.046032205,0.14098426699638367,0.11363860964775085,0.014041016809642315,0.11849479377269745
1205,0.12905944883823395,1e-04,0.043864552,0.0021162007,0.046002183,0.14075256884098053,0.1136218011379242,0.014034000225365162,0.11846518516540527
1206,0.12883201241493225,1e-04,0.043832723,0.0021134468,0.04597224,0.14052137732505798,0.11360500752925873,0.014026999473571777,0.11843563616275787
1207,0.12860506772994995,1e-04,0.04380095,0.0021107001,0.045942355,0.14029072225093842,0.11358846724033356,0.014020057395100594,0.11840632557868958
1208,0.12837862968444824,1e-04,0.04376925,0.0021079618,0.045912545,0.14006057381629944,0.11357192695140839,0.014013122767210007,0.11837703734636307
1209,0.12815268337726593,1e-04,0.04373761,0.0021052316,0.045882802,0.13983099162578583,0.11355568468570709,0.01400626078248024,0.11834804713726044
1210,0.1279272437095642,1e-04,0.04370605,0.0021025103,0.045853138,0.139601930975914,0.11353945732116699,0.01399940811097622,0.11831909418106079
1211,0.12770231068134308,1e-04,0.04367454,0.0020997962,0.045823533,0.13937339186668396,0.113523468375206,0.013992616906762123,0.11829039454460144
1212,0.12747785449028015,1e-04,0.0436431,0.0020970898,0.04579399,0.13914528489112854,0.11350752413272858,0.013985838741064072,0.11826173961162567
1213,0.12725383043289185,1e-04,0.043611724,0.002094392,0.04576453,0.13891777396202087,0.11349169909954071,0.013979099690914154,0.11823324114084244
1214,0.1270303726196289,1e-04,0.043580424,0.0020917011,0.04573512,0.13869072496891022,0.11347584426403046,0.01397235132753849,0.11820469796657562
1215,0.12680740654468536,1e-04,0.043549184,0.0020890192,0.045705788,0.13846424221992493,0.11346019804477692,0.0139656662940979,0.1181764230132103
1216,0.12658491730690002,1e-04,0.043517996,0.0020863432,0.045676507,0.1382383108139038,0.11344483494758606,0.013959044590592384,0.11814840137958527
1217,0.12636294960975647,1e-04,0.043486875,0.0020836764,0.045647305,0.1380128711462021,0.11342945694923401,0.013952430337667465,0.11812040954828262
1218,0.12614144384860992,1e-04,0.04345584,0.0020810182,0.045618176,0.13778790831565857,0.11341416835784912,0.013945840299129486,0.11809250712394714
1219,0.12592042982578278,1e-04,0.04342485,0.0020783672,0.04558911,0.13756346702575684,0.11339910328388214,0.013939304277300835,0.11806482821702957
1220,0.12569990754127502,1e-04,0.043393943,0.0020757248,0.04556012,0.1373395472764969,0.11338400840759277,0.013932773843407631,0.11803717166185379
1221,0.12547986209392548,1e-04,0.04336308,0.0020730877,0.045531172,0.13711611926555634,0.11336898803710938,0.013926265761256218,0.11800959706306458
1222,0.12526030838489532,1e-04,0.043332297,0.0020704605,0.045502312,0.136893168091774,0.11335405707359314,0.013919780030846596,0.11798211932182312
1223,0.12504123151302338,1e-04,0.043301582,0.0020678407,0.045473516,0.13667075335979462,0.11333929002285004,0.013913337141275406,0.1179548129439354
1224,0.12482265383005142,1e-04,0.043270905,0.0020652262,0.04544476,0.13644887506961823,0.11332468688488007,0.013906941749155521,0.11792770028114319
1225,0.12460456043481827,1e-04,0.043240305,0.002062621,0.045416087,0.13622745871543884,0.1133100837469101,0.013900558464229107,0.11790063232183456
1226,0.12438693642616272,1e-04,0.043209776,0.0020600243,0.04538749,0.13600659370422363,0.113295778632164,0.01389424316585064,0.11787384748458862
1227,0.12416978180408478,1e-04,0.043179285,0.0020574334,0.04535894,0.13578620553016663,0.11328153312206268,0.01388794369995594,0.11784712225198746
1228,0.12395312637090683,1e-04,0.04314888,0.002054852,0.045330476,0.1355663239955902,0.11326728761196136,0.013881651684641838,0.11782041937112808
1229,0.12373694032430649,1e-04,0.043118525,0.0020522766,0.04530206,0.13534685969352722,0.11325296759605408,0.013875353150069714,0.11779368668794632
1230,0.12352121621370316,1e-04,0.04308824,0.0020497078,0.0452737,0.1351279318332672,0.11323876678943634,0.013869086280465126,0.1177670881152153
1231,0.12330599874258041,1e-04,0.043058023,0.0020471478,0.045245416,0.1349094957113266,0.11322464048862457,0.013862843625247478,0.11774057894945145
1232,0.12309125810861588,1e-04,0.04302789,0.002044596,0.04521721,0.13469156622886658,0.11321072280406952,0.013856654986739159,0.1177142933011055
1233,0.12287697196006775,1e-04,0.042997774,0.0020420493,0.045189038,0.13447414338588715,0.11319689452648163,0.013850496150553226,0.1176881343126297
1234,0.12266314774751663,1e-04,0.042967748,0.0020395126,0.045160964,0.1342572420835495,0.11318330466747284,0.013844392262399197,0.11766219884157181
1235,0.1224498301744461,1e-04,0.04293775,0.0020369808,0.045132924,0.13404080271720886,0.11316975951194763,0.013838308863341808,0.11763633787631989
1236,0.1222369521856308,1e-04,0.042907834,0.0020344574,0.045104958,0.13382485508918762,0.11315624415874481,0.013832231983542442,0.11761050671339035
1237,0.12202456593513489,1e-04,0.042877983,0.0020319417,0.045077063,0.1336093544960022,0.11314265429973602,0.013826158829033375,0.11758469045162201
1238,0.12181263417005539,1e-04,0.042848185,0.0020294318,0.045049217,0.13339434564113617,0.11312918365001678,0.013820108026266098,0.11755895614624023
1239,0.1216011643409729,1e-04,0.04281846,0.0020269307,0.04502145,0.13317982852458954,0.11311575770378113,0.013814076781272888,0.11753330379724503
1240,0.12139017879962921,1e-04,0.042788804,0.0020244361,0.044993736,0.13296575844287872,0.11310228705406189,0.01380803994834423,0.11750761419534683
1241,0.12117967009544373,1e-04,0.042759184,0.0020219476,0.04496607,0.1327522248029709,0.11308911442756653,0.01380208134651184,0.1174822598695755
1242,0.12096960842609406,1e-04,0.042729646,0.0020194685,0.044938497,0.13253916800022125,0.11307600140571594,0.013796142302453518,0.11745698004961014
1243,0.12076001614332199,1e-04,0.042700157,0.002016995,0.044910967,0.13232657313346863,0.11306294798851013,0.013790220022201538,0.11743176728487015
1244,0.12055089324712753,1e-04,0.042670716,0.002014528,0.044883493,0.1321144700050354,0.11304999887943268,0.013784334063529968,0.1174067035317421
1245,0.1203422099351883,1e-04,0.04264136,0.0020120703,0.044856105,0.13190287351608276,0.11303715407848358,0.013778475113213062,0.117381751537323
1246,0.12013402581214905,1e-04,0.042612035,0.0020096174,0.044828758,0.13169170916080475,0.1130242794752121,0.013772615231573582,0.1173567846417427
1247,0.11992625892162323,1e-04,0.042582795,0.0020071727,0.04480148,0.13148100674152374,0.113011434674263,0.01376676931977272,0.11733187735080719
1248,0.11971896886825562,1e-04,0.042553585,0.002004733,0.044774245,0.13127078115940094,0.1129986047744751,0.01376093365252018,0.11730700731277466
1249,0.1195121631026268,1e-04,0.042524483,0.0020023037,0.044747107,0.13106103241443634,0.11298590898513794,0.013755135238170624,0.11728228628635406
1250,0.11930578202009201,1e-04,0.042495396,0.0019998783,0.044719998,0.13085177540779114,0.11297327280044556,0.013749360106885433,0.11725766211748123
1251,0.11909988522529602,1e-04,0.042466387,0.0019974615,0.04469297,0.13064295053482056,0.1129605770111084,0.013743577525019646,0.11723300814628601
1252,0.11889440566301346,1e-04,0.042437438,0.0019950508,0.044665992,0.13043460249900818,0.11294803023338318,0.013737833127379417,0.11720850318670273
1253,0.1186894103884697,1e-04,0.04240856,0.0019926482,0.04463909,0.1302267462015152,0.11293570697307587,0.013732146471738815,0.11718424409627914
1254,0.11848486214876175,1e-04,0.04237971,0.0019902512,0.044612233,0.13001936674118042,0.11292339861392975,0.013726472854614258,0.11716002970933914
1255,0.11828076094388962,1e-04,0.04235093,0.0019878608,0.044585433,0.12981246411800385,0.1129111647605896,0.013720821589231491,0.1171359121799469
1256,0.11807712912559509,1e-04,0.0423222,0.0019854773,0.044558696,0.12960602343082428,0.11289894580841064,0.013715178705751896,0.11711182445287704
1257,0.11787393689155579,1e-04,0.042293545,0.0019831017,0.04453203,0.12939998507499695,0.11288663744926453,0.013709524646401405,0.11708767712116241
1258,0.1176711842417717,1e-04,0.042264927,0.001980731,0.044505406,0.12919442355632782,0.11287441849708557,0.01370389573276043,0.11706364154815674
1259,0.11746889352798462,1e-04,0.042236403,0.0019783687,0.044478856,0.1289892941713333,0.11286216974258423,0.013698270544409752,0.11703961342573166
1260,0.11726704239845276,1e-04,0.042207897,0.0019760106,0.04445234,0.1287846565246582,0.11285001039505005,0.013692672364413738,0.11701568961143494
1261,0.11706563830375671,1e-04,0.04217948,0.0019736618,0.044425912,0.1285804808139801,0.11283797025680542,0.01368710771203041,0.11699191480875015
1262,0.11686469614505768,1e-04,0.042151112,0.0019713193,0.04439954,0.1283767819404602,0.11282603442668915,0.013681570068001747,0.11696824431419373
1263,0.11666419357061386,1e-04,0.04212278,0.0019689822,0.044373214,0.12817354500293732,0.11281420290470123,0.01367606408894062,0.11694470793008804
1264,0.11646413058042526,1e-04,0.042094503,0.0019666522,0.044346955,0.12797072529792786,0.11280232667922974,0.013670558109879494,0.11692116409540176
1265,0.11626449972391129,1e-04,0.042066317,0.0019643297,0.04432076,0.127768412232399,0.11279051005840302,0.013665074482560158,0.11689770966768265
1266,0.11606534570455551,1e-04,0.042038154,0.001962012,0.044294603,0.12756650149822235,0.11277870833873749,0.013659595511853695,0.11687427014112473
1267,0.11586660146713257,1e-04,0.042010073,0.001959702,0.044268522,0.12736502289772034,0.11276684701442719,0.013654114678502083,0.1168508231639862
1268,0.11566831171512604,1e-04,0.041982036,0.0019573977,0.044242486,0.12716400623321533,0.11275507509708405,0.013648657128214836,0.11682746559381485
1269,0.11547045409679413,1e-04,0.04195407,0.0019551013,0.04421653,0.12696345150470734,0.11274324357509613,0.013643196783959866,0.1168040931224823
1270,0.11527305096387863,1e-04,0.041926157,0.0019528099,0.044190608,0.12676332890987396,0.11273171007633209,0.01363780815154314,0.11678102612495422
1271,0.11507605761289597,1e-04,0.041898277,0.0019505247,0.044164747,0.1265636831521988,0.11272017657756805,0.013632431626319885,0.11675800383090973
1272,0.11487950384616852,1e-04,0.04187046,0.0019482466,0.044138946,0.12636449933052063,0.11270865797996521,0.013627062551677227,0.11673501133918762
1273,0.11468341946601868,1e-04,0.0418427,0.0019459751,0.044113208,0.1261657476425171,0.11269719898700714,0.01362171396613121,0.11671210080385208
1274,0.11448773741722107,1e-04,0.041814994,0.001943709,0.044087514,0.12596741318702698,0.11268563568592072,0.013616349548101425,0.11668911576271057
1275,0.11429251730442047,1e-04,0.041787367,0.0019414512,0.044061903,0.12576952576637268,0.11267419159412384,0.013611017726361752,0.1166662648320198
1276,0.1140976995229721,1e-04,0.04175976,0.0019391977,0.04403632,0.1255721002817154,0.11266279220581055,0.013605705462396145,0.1166434958577156
1277,0.11390334367752075,1e-04,0.04173221,0.0019369494,0.04401079,0.12537509202957153,0.11265136301517487,0.013600390404462814,0.11662071198225021
1278,0.11370940506458282,1e-04,0.041704748,0.0019347101,0.04398534,0.1251785010099411,0.11263999342918396,0.01359509862959385,0.11659802496433258
1279,0.11351589113473892,1e-04,0.041677326,0.0019324766,0.043959945,0.12498239427804947,0.11262866854667664,0.013589826412498951,0.11657541245222092
1280,0.11332281678915024,1e-04,0.04164994,0.0019302476,0.043934584,0.12478668987751007,0.11261728405952454,0.013584548607468605,0.11655277013778687
1281,0.11313016712665558,1e-04,0.041622635,0.0019280264,0.043909296,0.12459143996238708,0.11260609328746796,0.013579314574599266,0.11653031408786774
1282,0.11293794214725494,1e-04,0.041595355,0.0019258102,0.043884054,0.12439663708209991,0.11259490251541138,0.013574093580245972,0.11650791019201279
1283,0.11274613440036774,1e-04,0.04156815,0.0019236011,0.04385888,0.12420226633548737,0.11258374154567719,0.013568884693086147,0.11648555845022202
1284,0.11255478113889694,1e-04,0.041540988,0.001921397,0.043833744,0.12400832772254944,0.11257262527942657,0.013563694432377815,0.11646327376365662
1285,0.11236383020877838,1e-04,0.041513875,0.0019191997,0.043808673,0.12381480634212494,0.11256147921085358,0.013558504171669483,0.11644098907709122
1286,0.11217331141233444,1e-04,0.041486815,0.0019170077,0.043783646,0.12362173944711685,0.11255036294460297,0.013553328812122345,0.1164187639951706
1287,0.11198323220014572,1e-04,0.041459817,0.0019148225,0.043758687,0.1234290599822998,0.11253924667835236,0.013548159971833229,0.11639656126499176
1288,0.11179354786872864,1e-04,0.041432876,0.0019126429,0.043733772,0.12323681265115738,0.11252811551094055,0.013542994856834412,0.11637437343597412
1289,0.11160429567098618,1e-04,0.041406002,0.0019104708,0.04370893,0.12304501980543137,0.11251705884933472,0.01353785302489996,0.11635228246450424
1290,0.11141546815633774,1e-04,0.041379165,0.0019083036,0.043684136,0.12285363674163818,0.11250604689121246,0.013532729819417,0.11633025854825974
1291,0.11122704297304153,1e-04,0.04135236,0.0019061407,0.04365937,0.12266271561384201,0.11249518394470215,0.013527647592127323,0.11630841344594955
1292,0.11103904992341995,1e-04,0.041325644,0.0019039871,0.0436347,0.12247221171855927,0.11248427629470825,0.013522565364837646,0.11628656834363937
1293,0.1108514815568924,1e-04,0.041298945,0.0019018361,0.043610048,0.12228212505578995,0.11247338354587555,0.013517489656805992,0.11626473814249039
1294,0.11066432297229767,1e-04,0.04127232,0.0018996936,0.043585476,0.12209246307611465,0.11246256530284882,0.013512439094483852,0.11624301970005035
1295,0.11047758162021637,1e-04,0.041245732,0.0018975544,0.043560926,0.1219031885266304,0.11245159804821014,0.013507362455129623,0.11622118204832077
1296,0.1102912500500679,1e-04,0.041219205,0.0018954227,0.04353645,0.12171433866024017,0.11244070529937744,0.01350230909883976,0.11619943380355835
1297,0.11010532826185226,1e-04,0.041192736,0.0018932965,0.043512028,0.12152592092752457,0.11242976784706116,0.013497255742549896,0.11617769300937653
1298,0.10991983860731125,1e-04,0.041166317,0.0018911759,0.043487653,0.12133792787790298,0.11241896450519562,0.013492241501808167,0.11615610867738724
1299,0.10973474383354187,1e-04,0.041139934,0.0018890603,0.04346332,0.12115037441253662,0.11240823566913605,0.013487247750163078,0.11613461375236511
1300,0.10955007374286652,1e-04,0.041113615,0.0018869517,0.043439057,0.1209631934762001,0.11239737272262573,0.013482230715453625,0.11611300706863403
1301,0.10936581343412399,1e-04,0.041087348,0.0018848494,0.043414854,0.1207764744758606,0.11238673329353333,0.013477271422743797,0.11609165370464325
1302,0.1091819480061531,1e-04,0.04106113,0.0018827518,0.043390688,0.12059015035629272,0.11237600445747375,0.013472303748130798,0.11607025563716888
1303,0.10899850726127625,1e-04,0.041034948,0.0018806588,0.043366563,0.12040424346923828,0.11236533522605896,0.013467354699969292,0.11604893207550049
1304,0.10881546139717102,1e-04,0.04100884,0.0018785739,0.04334252,0.12021875381469727,0.11235462129116058,0.013462401926517487,0.1160275936126709
1305,0.10863284766674042,1e-04,0.04098277,0.0018764926,0.043318503,0.12003365159034729,0.11234389245510101,0.01345745287835598,0.1160062626004219
1306,0.10845061391592026,1e-04,0.040956754,0.0018744183,0.043294553,0.11984899640083313,0.11233331263065338,0.013452546671032906,0.11598511040210724
1307,0.10826881229877472,1e-04,0.04093078,0.0018723487,0.043270644,0.11966472864151001,0.11232258379459381,0.013447614386677742,0.11596384644508362
1308,0.10808739066123962,1e-04,0.040904872,0.0018702848,0.04324679,0.11948087811470032,0.11231200397014618,0.013442722149193287,0.11594275385141373
1309,0.10790637880563736,1e-04,0.040879015,0.0018682275,0.043222997,0.11929745972156525,0.1123015284538269,0.01343785971403122,0.11592178046703339
1310,0.10772576928138733,1e-04,0.040853176,0.0018661733,0.04319923,0.11911442875862122,0.11229093372821808,0.013432980515062809,0.11590073257684708
1311,0.10754558444023132,1e-04,0.0408274,0.0018641261,0.043175526,0.11893180757761002,0.11228044331073761,0.013428132981061935,0.11587981879711151
1312,0.10736576467752457,1e-04,0.040801693,0.0018620851,0.043151885,0.11874958127737045,0.11226990818977356,0.01342327892780304,0.11585887521505356
1313,0.10718635469675064,1e-04,0.040776018,0.0018600487,0.04312828,0.11856774985790253,0.11225928366184235,0.013418413698673248,0.11583787947893143
1314,0.10700735449790955,1e-04,0.040750396,0.001858017,0.043104723,0.11838633567094803,0.1122487485408783,0.013413575477898121,0.11581698805093765
1315,0.10682875663042068,1e-04,0.040724844,0.0018559938,0.043081246,0.11820530891418457,0.11223822832107544,0.013408752158284187,0.11579616367816925
1316,0.10665053129196167,1e-04,0.04069932,0.0018539733,0.04305779,0.11802472174167633,0.11222775280475616,0.013403940945863724,0.11577539145946503
1317,0.10647273063659668,1e-04,0.04067385,0.0018519587,0.04303439,0.11784451454877853,0.11221733689308167,0.013399152085185051,0.11575470864772797
1318,0.10629530996084213,1e-04,0.04064842,0.0018499503,0.043011047,0.11766471713781357,0.11220695078372955,0.013394377194344997,0.11573407799005508
1319,0.10611829161643982,1e-04,0.04062304,0.0018479453,0.042987734,0.11748532950878143,0.11219650506973267,0.013389596715569496,0.11571342498064041
1320,0.10594167560338974,1e-04,0.040597703,0.0018459469,0.042964485,0.11730635166168213,0.11218620836734772,0.013384858146309853,0.11569295078516006
1321,0.1057654470205307,1e-04,0.040572423,0.0018439544,0.04294129,0.11712770909070969,0.11217573285102844,0.013380088843405247,0.11567233502864838
1322,0.10558959096670151,1e-04,0.040547192,0.0018419664,0.042918134,0.11694951355457306,0.11216528713703156,0.01337533351033926,0.11565177887678146
1323,0.10541415959596634,1e-04,0.04052202,0.0018399843,0.042895038,0.11677168309688568,0.11215487122535706,0.013370588421821594,0.11563125997781754
1324,0.10523910820484161,1e-04,0.04049687,0.0018380057,0.04287197,0.11659424006938934,0.11214442551136017,0.013365847989916801,0.1156107634305954
1325,0.10506442934274673,1e-04,0.04047179,0.0018360344,0.04284897,0.11641725152730942,0.11213415861129761,0.01336115412414074,0.11559046059846878
1326,0.10489016026258469,1e-04,0.040446736,0.0018340662,0.042826,0.11624062061309814,0.11212386190891266,0.013356456533074379,0.11557013541460037
1327,0.10471627116203308,1e-04,0.04042175,0.0018321056,0.0428031,0.1160644069314003,0.11211362481117249,0.013351783156394958,0.11554991453886032
1328,0.10454276949167252,1e-04,0.040396813,0.0018301507,0.04278026,0.1158885732293129,0.11210332810878754,0.01334710419178009,0.11552967131137848
1329,0.10436966270208359,1e-04,0.040371887,0.0018281973,0.042757425,0.11571311950683594,0.11209306120872498,0.013342438265681267,0.11550947278738022
1330,0.1041969358921051,1e-04,0.04034704,0.0018262515,0.042734664,0.11553807556629181,0.11208286881446838,0.013337798416614532,0.11548938602209091
1331,0.10402459651231766,1e-04,0.04032224,0.0018243109,0.04271195,0.11536339670419693,0.11207251250743866,0.013333126902580261,0.11546915769577026
1332,0.10385264456272125,1e-04,0.040297475,0.0018223744,0.04268928,0.1151890829205513,0.11206215620040894,0.013328466564416885,0.1154489815235138
1333,0.1036810651421547,1e-04,0.04027277,0.0018204437,0.04266666,0.1150151863694191,0.11205187439918518,0.013323826715350151,0.1154288798570633
1334,0.10350988060235977,1e-04,0.0402481,0.0018185176,0.04264408,0.11484167724847794,0.1120416671037674,0.013319214805960655,0.11540890485048294
1335,0.1033390685915947,1e-04,0.040223483,0.0018165965,0.04262155,0.11466854810714722,0.11203141510486603,0.013314596377313137,0.1153888925909996
1336,0.10316863656044006,1e-04,0.040198892,0.0018146798,0.04259906,0.11449582129716873,0.11202125251293182,0.013310005888342857,0.11536899954080582
1337,0.10299859195947647,1e-04,0.04017437,0.00181277,0.042576637,0.11432347446680069,0.11201107501983643,0.013305420987308025,0.11534912884235382
1338,0.10282891988754272,1e-04,0.04014988,0.0018108633,0.04255424,0.11415152251720428,0.11200092732906342,0.013300854712724686,0.1153293326497078
1339,0.10265963524580002,1e-04,0.04012544,0.0018089631,0.042531908,0.11397995054721832,0.1119907945394516,0.013296290300786495,0.11530954390764236
1340,0.10249072313308716,1e-04,0.040101048,0.001807066,0.0425096,0.11380872130393982,0.11198057234287262,0.013291717506945133,0.11528971046209335
1341,0.10232217609882355,1e-04,0.040076707,0.0018051764,0.042487368,0.11363792419433594,0.11197049915790558,0.013287183828651905,0.11527004837989807
1342,0.10215403139591217,1e-04,0.0400524,0.0018032897,0.042465158,0.11346746981143951,0.11196032166481018,0.013282638974487782,0.11525033414363861
1343,0.10198624432086945,1e-04,0.040028144,0.0018014088,0.042443007,0.11329737305641174,0.11195005476474762,0.01327807828783989,0.11523054540157318
1344,0.10181881487369537,1e-04,0.040003918,0.0017995307,0.042420875,0.113127700984478,0.11194001138210297,0.013273575343191624,0.11521100252866745
1345,0.10165178775787354,1e-04,0.039979767,0.0017976608,0.04239883,0.1129584014415741,0.11192989349365234,0.013269059360027313,0.11519140005111694
1346,0.10148513317108154,1e-04,0.03995565,0.0017957942,0.042376813,0.11278948932886124,0.11191990971565247,0.01326458528637886,0.11517198383808136
1347,0.1013188436627388,1e-04,0.039931566,0.001793932,0.042354833,0.11262093484401703,0.11190977692604065,0.013260085135698318,0.11515244096517563
1348,0.1011529192328453,1e-04,0.039907534,0.0017920746,0.042332903,0.11245276033878326,0.11189970374107361,0.013255605474114418,0.11513298749923706
1349,0.10098737478256226,1e-04,0.039883535,0.0017902219,0.042311013,0.11228496581315994,0.11188973486423492,0.013251153752207756,0.11511365324258804
1350,0.10082218796014786,1e-04,0.039859593,0.0017883751,0.042289183,0.11211754381656647,0.11187966167926788,0.013246688060462475,0.11509425938129425
1351,0.1006573885679245,1e-04,0.039835688,0.0017865315,0.042267382,0.11195048689842224,0.11186961829662323,0.013242237269878387,0.11507491767406464
1352,0.1004929468035698,1e-04,0.039811827,0.0017846938,0.042245638,0.11178380995988846,0.11185958981513977,0.01323779672384262,0.1150556281208992
1353,0.10032887756824493,1e-04,0.03978801,0.0017828597,0.042223923,0.11161749809980392,0.11184956133365631,0.013233362697064877,0.11503635346889496
1354,0.10016516596078873,1e-04,0.039764244,0.001781031,0.042202264,0.11145155131816864,0.11183951795101166,0.01322893239557743,0.11501709371805191
1355,0.10000182688236237,1e-04,0.039740525,0.0017792071,0.04218065,0.1112859845161438,0.11182954907417297,0.013224529102444649,0.11499795317649841
1356,0.09983883798122406,1e-04,0.03971683,0.0017773872,0.04215907,0.1111207976937294,0.11181963980197906,0.013220144435763359,0.11497888714075089
1357,0.0996762290596962,1e-04,0.039693188,0.0017755724,0.04213754,0.11095596849918365,0.11180970072746277,0.01321575976908207,0.11495982110500336
1358,0.09951397776603699,1e-04,0.039669592,0.0017737625,0.04211606,0.11079151183366776,0.11179974675178528,0.013211376965045929,0.11494075506925583
1359,0.09935209155082703,1e-04,0.039646037,0.0017719573,0.04209462,0.11062739044427872,0.11178971827030182,0.01320699043571949,0.1149216741323471
1360,0.09919055551290512,1e-04,0.03962253,0.0017701561,0.042073224,0.11046366393566132,0.11177974939346313,0.013202620670199394,0.11490266025066376
1361,0.09902939200401306,1e-04,0.03959906,0.0017683599,0.04205187,0.11030029505491257,0.11176985502243042,0.013198274187743664,0.11488374322652817
1362,0.09886858612298965,1e-04,0.039575633,0.0017665675,0.042030554,0.11013729870319366,0.11175991594791412,0.013193925842642784,0.11486481875181198
1363,0.0987081527709961,1e-04,0.039552256,0.001764781,0.042009298,0.10997465252876282,0.11175002157688141,0.013189597986638546,0.11484597623348236
1364,0.0985480546951294,1e-04,0.03952891,0.0017629977,0.041988067,0.10981239378452301,0.11174020171165466,0.0131852887570858,0.1148272156715393
1365,0.09838832169771194,1e-04,0.0395056,0.0017612185,0.041966874,0.10965049266815186,0.11173035204410553,0.013180985115468502,0.11480847001075745
1366,0.09822895377874374,1e-04,0.039482344,0.0017594447,0.041945737,0.10948893427848816,0.11172045767307281,0.013176675885915756,0.1147897019982338
1367,0.0980699360370636,1e-04,0.039459117,0.0017576744,0.041924626,0.10932774841785431,0.11171063780784607,0.013172389939427376,0.1147710308432579
1368,0.09791126847267151,1e-04,0.03943594,0.00175591,0.04190358,0.10916691273450851,0.11170075833797455,0.013168098405003548,0.11475233733654022
1369,0.09775296598672867,1e-04,0.039412815,0.0017541494,0.041882567,0.10900643467903137,0.11169087886810303,0.013163814321160316,0.11473366618156433
1370,0.09759500622749329,1e-04,0.039389726,0.0017523932,0.041861597,0.10884631425142288,0.11168105900287628,0.013159551657736301,0.1147150918841362
1371,0.09743740409612656,1e-04,0.039366674,0.0017506414,0.041840665,0.10868658125400543,0.11167129874229431,0.013155309483408928,0.11469659954309464
1372,0.09728017449378967,1e-04,0.03934367,0.0017488939,0.041819777,0.10852719843387604,0.11166153848171234,0.013151071965694427,0.11467812210321426
1373,0.09712326526641846,1e-04,0.039320707,0.0017471514,0.041798938,0.1083681508898735,0.11165174841880798,0.0131468391045928,0.11465966701507568
1374,0.09696672111749649,1e-04,0.03929777,0.0017454122,0.041778132,0.10820946097373962,0.1116420179605484,0.013142623007297516,0.11464127898216248
1375,0.09681051969528198,1e-04,0.039274875,0.0017436771,0.04175736,0.10805114358663559,0.11163224279880524,0.013138406910002232,0.11462289094924927
1376,0.09665469080209732,1e-04,0.039252043,0.001741948,0.04173665,0.10789316147565842,0.11162246763706207,0.013134194537997246,0.11460451036691666
1377,0.09649918228387833,1e-04,0.039229233,0.0017402219,0.04171597,0.1077355444431305,0.1116127073764801,0.013129995204508305,0.11458618938922882
1378,0.09634404629468918,1e-04,0.039206464,0.0017385002,0.041695327,0.10757826268672943,0.11160297691822052,0.013125810772180557,0.11456792801618576
1379,0.0961892381310463,1e-04,0.039183747,0.0017367833,0.041674733,0.10742130875587463,0.11159320175647736,0.013121623545885086,0.1145496517419815
1380,0.09603476524353027,1e-04,0.039161067,0.0017350704,0.041654177,0.10726474970579147,0.11158342659473419,0.013117440044879913,0.11453139036893845
1381,0.0958806648850441,1e-04,0.039138425,0.0017333612,0.041633654,0.10710854828357697,0.11157378554344177,0.013113296590745449,0.11451330035924911
1382,0.09572690725326538,1e-04,0.03911582,0.0017316565,0.041613176,0.10695268958806992,0.11156418919563293,0.013109168969094753,0.11449527740478516
1383,0.09557347744703293,1e-04,0.039093252,0.0017299565,0.041592747,0.10679717361927032,0.11155451834201813,0.013105031102895737,0.11447720974683762
1384,0.09542039781808853,1e-04,0.03907073,0.0017282603,0.04157235,0.106641985476017,0.11154486238956451,0.013100904412567616,0.11445917934179306
1385,0.095267653465271,1e-04,0.039048243,0.0017265677,0.04155199,0.10648718476295471,0.11153525114059448,0.013096792623400688,0.11444121599197388
1386,0.09511527419090271,1e-04,0.039025795,0.0017248794,0.041531667,0.10633271187543869,0.11152565479278564,0.01309269480407238,0.11442331224679947
1387,0.09496321529150009,1e-04,0.039003395,0.0017231958,0.041511394,0.10617858916521072,0.1115160584449768,0.013088601641356945,0.11440542340278625
1388,0.09481149911880493,1e-04,0.03898103,0.0017215166,0.041491162,0.10602477937936783,0.1115064024925232,0.013084501959383488,0.11438750475645065
1389,0.09466011822223663,1e-04,0.038958695,0.0017198402,0.041470956,0.10587135702371597,0.11149685084819794,0.013080434873700142,0.11436972767114639
1390,0.09450909495353699,1e-04,0.03893641,0.0017181694,0.041450806,0.10571825504302979,0.11148720979690552,0.013076355680823326,0.11435189098119736
1391,0.0943583995103836,1e-04,0.038914163,0.0017165019,0.04143069,0.10556548833847046,0.11147758364677429,0.013072283938527107,0.1143340915441513
1392,0.09420803189277649,1e-04,0.038891945,0.0017148374,0.041410595,0.10541307181119919,0.11146806180477142,0.01306824292987585,0.1143164187669754
1393,0.09405800700187683,1e-04,0.03886978,0.001713178,0.041390553,0.10526099056005478,0.11145848035812378,0.013064194470643997,0.11429870873689651
1394,0.09390831738710403,1e-04,0.03884765,0.0017115232,0.04137056,0.10510926693677902,0.1114489883184433,0.013060173019766808,0.11428111046552658
1395,0.0937589704990387,1e-04,0.038825545,0.0017098705,0.04135058,0.10495788604021072,0.1114395409822464,0.013056171126663685,0.11426360160112381
1396,0.09360993653535843,1e-04,0.03880349,0.0017082244,0.041330673,0.10480686277151108,0.11143015325069427,0.013052187860012054,0.1142461746931076
1397,0.09346126019954681,1e-04,0.038781475,0.0017065811,0.041310787,0.1046561524271965,0.11142070591449738,0.013048197142779827,0.11422870308160782
1398,0.09331289678812027,1e-04,0.038759485,0.0017049412,0.04129093,0.10450577735900879,0.1114112138748169,0.013044203631579876,0.11421122401952744
1399,0.09316488355398178,1e-04,0.038737554,0.0017033062,0.04127113,0.10435573756694794,0.11140173673629761,0.013040220364928246,0.11419378221035004
1400,0.09301719069480896,1e-04,0.03871565,0.0017016749,0.04125136,0.10420604050159454,0.1113923192024231,0.013036258518695831,0.1141764372587204
1401,0.0928698256611824,1e-04,0.03869376,0.0017000452,0.041231602,0.10405668616294861,0.11138288676738739,0.013032300397753716,0.11415909975767136
1402,0.0927228033542633,1e-04,0.03867196,0.0016984231,0.04121193,0.10390765219926834,0.11137346923351288,0.013028349727392197,0.1141417995095253
1403,0.09257610887289047,1e-04,0.03865015,0.0016968021,0.041192256,0.10375897586345673,0.11136412620544434,0.013024426065385342,0.1141246110200882
1404,0.0924297347664833,1e-04,0.038628403,0.0016951865,0.041172642,0.10361060500144958,0.11135470867156982,0.013020490296185017,0.11410736292600632
1405,0.0922836884856224,1e-04,0.038606673,0.0016935737,0.04115305,0.1034625917673111,0.11134536564350128,0.013016577810049057,0.1140902191400528
1406,0.09213797748088837,1e-04,0.038585007,0.001691966,0.041133516,0.10331489890813828,0.11133603751659393,0.013012674637138844,0.11407311260700226
1407,0.09199258685112,1e-04,0.038563367,0.001690362,0.041114014,0.10316754877567291,0.11132678389549255,0.01300879567861557,0.11405611038208008
1408,0.0918475091457367,1e-04,0.03854175,0.0016887599,0.041094523,0.10302052646875381,0.1113174706697464,0.013004912063479424,0.11403907835483551
1409,0.09170277416706085,1e-04,0.038520176,0.0016871631,0.04107509,0.10287383198738098,0.11130824685096741,0.013001052662730217,0.1140221580862999
1410,0.09155835211277008,1e-04,0.03849865,0.0016855706,0.0410557,0.10272744297981262,0.11129885911941528,0.012997165322303772,0.11400511115789413
1411,0.09141425788402557,1e-04,0.038477156,0.0016839812,0.04103634,0.10258139669895172,0.11128959059715271,0.012993309646844864,0.11398819833993912
1412,0.09127049148082733,1e-04,0.038455706,0.0016823962,0.041017022,0.10243569314479828,0.11128033697605133,0.012989465147256851,0.11397133767604828
1413,0.09112703800201416,1e-04,0.038434286,0.0016808142,0.040997732,0.1022903174161911,0.11127114295959473,0.01298564113676548,0.113954558968544
1414,0.09098391234874725,1e-04,0.03841288,0.0016792351,0.040978473,0.10214528441429138,0.1112620085477829,0.012981833890080452,0.1139378473162651
1415,0.09084109961986542,1e-04,0.038391534,0.0016776613,0.040959265,0.10200053453445435,0.1112527847290039,0.012978015467524529,0.11392109096050262
1416,0.09069861471652985,1e-04,0.038370226,0.001676091,0.04094009,0.10185614228248596,0.11124362051486969,0.012974215671420097,0.11390441656112671
1417,0.09055644273757935,1e-04,0.03834894,0.0016745231,0.040920936,0.10171207040548325,0.11123451590538025,0.012970438227057457,0.11388783156871796
1418,0.09041459858417511,1e-04,0.03832771,0.0016729614,0.04090185,0.1015683189034462,0.11122538149356842,0.012966658920049667,0.11387123912572861
1419,0.09027305990457535,1e-04,0.038306486,0.0016713999,0.04088276,0.10142488032579422,0.11121617257595062,0.012962871231138706,0.11385460197925568
1420,0.09013185650110245,1e-04,0.038285326,0.0016698447,0.040863734,0.10128176212310791,0.11120705306529999,0.01295910868793726,0.1138380840420723
1421,0.08999095112085342,1e-04,0.038264193,0.0016682913,0.04084472,0.10113898664712906,0.11119799315929413,0.01295536383986473,0.11382163316011429
1422,0.08985036611557007,1e-04,0.03824309,0.0016667427,0.04082576,0.10099650919437408,0.11118890345096588,0.0129516227170825,0.11380519717931747
1423,0.08971007913351059,1e-04,0.038222026,0.0016651979,0.040806837,0.10085436701774597,0.11117987334728241,0.012947900220751762,0.11378884315490723
1424,0.08957013487815857,1e-04,0.038201,0.0016636566,0.040787946,0.10071257501840591,0.1111709475517273,0.012944208458065987,0.11377261579036713
1425,0.08943048119544983,1e-04,0.038179986,0.0016621178,0.040769078,0.10057108104228973,0.11116193234920502,0.012940499000251293,0.11375631392002106
1426,0.08929115533828735,1e-04,0.038159028,0.0016605832,0.040750254,0.10042989253997803,0.11115294694900513,0.012936806306242943,0.11374007910490036
1427,0.08915214240550995,1e-04,0.038138118,0.0016590528,0.04073147,0.10028904676437378,0.11114402115345001,0.01293313130736351,0.11372392624616623
1428,0.08901344239711761,1e-04,0.038117204,0.0016575238,0.0407127,0.10014848411083221,0.11113502085208893,0.012929447926580906,0.11370772868394852
1429,0.08887504041194916,1e-04,0.038096353,0.0016560005,0.040693987,0.1000082790851593,0.11112610995769501,0.01292579248547554,0.11369165778160095
1430,0.08873696625232697,1e-04,0.03807554,0.0016544809,0.040675312,0.09986833482980728,0.11111710965633392,0.012922119349241257,0.11367549747228622
1431,0.08859917521476746,1e-04,0.03805475,0.0016529633,0.040656652,0.09972874075174332,0.11110819876194,0.012918475084006786,0.11365947127342224
1432,0.08846170455217361,1e-04,0.038033977,0.0016514482,0.040638015,0.09958947449922562,0.11109937727451324,0.012914853170514107,0.11364353448152542
1433,0.08832455426454544,1e-04,0.03801328,0.0016499398,0.04061945,0.0994504913687706,0.11109054088592529,0.012911238707602024,0.11362763494253159
1434,0.08818768709897995,1e-04,0.03799258,0.0016484325,0.040600892,0.09931184351444244,0.11108170449733734,0.012907629832625389,0.11361175030469894
1435,0.08805114030838013,1e-04,0.03797194,0.0016469294,0.040582377,0.09917350858449936,0.11107289791107178,0.01290403213351965,0.11359591782093048
1436,0.08791490644216537,1e-04,0.03795131,0.0016454291,0.04056389,0.09903550148010254,0.11106416583061218,0.01290045864880085,0.11358018964529037
1437,0.0877789705991745,1e-04,0.037930727,0.0016439332,0.040545445,0.0988977923989296,0.11105543375015259,0.012896891683340073,0.11356448382139206
1438,0.0876433402299881,1e-04,0.037910175,0.0016424395,0.040527023,0.09876040369272232,0.11104676127433777,0.012893343344330788,0.11354885995388031
1439,0.08750800788402557,1e-04,0.03788966,0.0016409503,0.040508647,0.09862332046031952,0.11103811860084534,0.012889809906482697,0.11353329569101334
1440,0.08737297356128693,1e-04,0.037869167,0.0016394639,0.040490296,0.09848654270172119,0.11102940142154694,0.012886262498795986,0.11351767182350159
1441,0.08723826706409454,1e-04,0.037848737,0.0016379826,0.040471997,0.09835006296634674,0.11102065443992615,0.012882716953754425,0.11350205540657043
1442,0.08710384368896484,1e-04,0.037828315,0.0016365027,0.04045371,0.09821388125419617,0.11101193726062775,0.012879183515906334,0.11348649114370346
1443,0.08696972578763962,1e-04,0.037807923,0.0016350253,0.040435445,0.09807802736759186,0.11100327968597412,0.01287566963583231,0.11347100883722305
1444,0.08683590590953827,1e-04,0.03778757,0.0016335519,0.040417224,0.09794247895479202,0.11099469661712646,0.012872179970145226,0.113455630838871
1445,0.0867023840546608,1e-04,0.03776726,0.0016320831,0.04039905,0.09780723601579666,0.11098609864711761,0.012868691235780716,0.11344025284051895
1446,0.0865691602230072,1e-04,0.037746977,0.0016306172,0.040380903,0.09767231345176697,0.11097763478755951,0.012865239754319191,0.11342503875494003
1447,0.08643622696399689,1e-04,0.03772672,0.0016291545,0.040362787,0.09753771126270294,0.11096912622451782,0.012861782684922218,0.11340980231761932
1448,0.08630361407995224,1e-04,0.037706498,0.0016276942,0.040344693,0.0974033921957016,0.11096064746379852,0.012858339585363865,0.11339461803436279
1449,0.08617129176855087,1e-04,0.037686307,0.0016262381,0.040326644,0.09726936370134354,0.11095213890075684,0.012854897417128086,0.11337944120168686
1450,0.08603925257921219,1e-04,0.037666157,0.0016247848,0.04030862,0.09713565558195114,0.11094364523887634,0.01285145990550518,0.11336427927017212
1451,0.08590753376483917,1e-04,0.03764605,0.0016233359,0.040290643,0.09700223058462143,0.11093518137931824,0.012848039157688618,0.11334919184446335
1452,0.08577607572078705,1e-04,0.037625954,0.0016218881,0.04027267,0.09686911106109619,0.11092673242092133,0.012844624929130077,0.11333412677049637
1453,0.08564493060112,1e-04,0.037605893,0.0016204446,0.040254746,0.09673628956079483,0.11091828346252441,0.012841218151152134,0.11331909894943237
1454,0.08551407605409622,1e-04,0.037585866,0.0016190034,0.040236842,0.09660380333662033,0.11091002821922302,0.012837858870625496,0.1133042722940445
1455,0.08538351207971573,1e-04,0.037565883,0.001617568,0.040219,0.09647161513566971,0.11090168356895447,0.012834487482905388,0.11328939348459244
1456,0.0852532610297203,1e-04,0.03754593,0.0016161343,0.040201172,0.09633973985910416,0.11089348793029785,0.012831157073378563,0.1132747009396553
1457,0.08512327820062637,1e-04,0.03752597,0.0016147019,0.040183354,0.0962081253528595,0.11088526248931885,0.01282782293856144,0.11325997859239578
1458,0.08499358594417572,1e-04,0.03750607,0.0016132742,0.040165585,0.09607682377099991,0.11087694764137268,0.012824475765228271,0.11324520409107208
1459,0.08486419916152954,1e-04,0.037486196,0.0016118496,0.04014785,0.0959458127617836,0.11086870729923248,0.012821150943636894,0.11323051899671555
1460,0.08473508805036545,1e-04,0.037466366,0.0016104281,0.04013014,0.09581509232521057,0.1108604371547699,0.012817824259400368,0.11321583390235901
1461,0.08460627496242523,1e-04,0.037446566,0.0016090103,0.04011247,0.09568465501070023,0.11085222661495209,0.012814518064260483,0.11320123076438904
1462,0.0844777375459671,1e-04,0.037426803,0.0016075955,0.04009483,0.09555453062057495,0.11084400117397308,0.012811213731765747,0.11318663507699966
1463,0.08434951305389404,1e-04,0.03740706,0.0016061828,0.04007721,0.09542471170425415,0.11083585023880005,0.0128079354763031,0.11317215114831924
1464,0.08422154933214188,1e-04,0.037387352,0.0016047745,0.040059637,0.09529518336057663,0.11082781851291656,0.012804683297872543,0.11315777897834778
1465,0.08409386873245239,1e-04,0.03736766,0.0016033672,0.04004207,0.09516596794128418,0.1108197271823883,0.012801427394151688,0.11314339190721512
1466,0.08396650850772858,1e-04,0.037348013,0.0016019646,0.04002455,0.09503702819347382,0.11081168055534363,0.012798185460269451,0.11312906444072723
1467,0.08383941650390625,1e-04,0.03732839,0.0016005641,0.04000705,0.09490840882062912,0.1108037531375885,0.0127949770539999,0.11311488598585129
1468,0.08371259272098541,1e-04,0.037308797,0.0015991674,0.03998959,0.09478004276752472,0.11079572141170502,0.012791749089956284,0.11310061812400818
1469,0.08358605951070786,1e-04,0.037289232,0.0015977736,0.03997216,0.09465199708938599,0.11078779399394989,0.012788550928235054,0.11308647692203522
1470,0.08345983177423477,1e-04,0.037269715,0.0015963834,0.039954767,0.09452421963214874,0.11077982187271118,0.012785349041223526,0.11307232081890106
1471,0.08333386480808258,1e-04,0.03725021,0.0015949947,0.039937384,0.09439674019813538,0.11077190935611725,0.012782166711986065,0.11305824667215347
1472,0.08320818841457367,1e-04,0.03723074,0.001593609,0.039920032,0.09426954388618469,0.11076399683952332,0.012778988108038902,0.11304418742656708
1473,0.08308278024196625,1e-04,0.03721131,0.0015922276,0.039902728,0.09414264559745789,0.11075612902641296,0.012775825336575508,0.11303019523620605
1474,0.0829576700925827,1e-04,0.037191913,0.0015908489,0.039885446,0.09401602298021317,0.1107482761144638,0.012772670947015285,0.11301624029874802
1475,0.08283282816410065,1e-04,0.037172537,0.0015894735,0.039868202,0.09388971328735352,0.110740527510643,0.0127695482224226,0.11300242692232132
1476,0.08270826935768127,1e-04,0.037153184,0.0015881,0.039850973,0.09376370161771774,0.1107327789068222,0.012766430154442787,0.11298862844705582
1477,0.08258399367332458,1e-04,0.03713387,0.00158673,0.03983378,0.09363792091608047,0.11072500050067902,0.012763308361172676,0.11297481507062912
1478,0.08245997875928879,1e-04,0.03711458,0.0015853621,0.039816607,0.09351247549057007,0.1107172966003418,0.012760210782289505,0.11296110600233078
1479,0.08233626186847687,1e-04,0.03709531,0.001583998,0.03979947,0.09338731318712234,0.11070965230464935,0.0127571327611804,0.112947478890419
1480,0.08221281319856644,1e-04,0.037076086,0.0015826364,0.039782364,0.09326241910457611,0.11070199310779572,0.012754056602716446,0.11293385922908783
1481,0.08208964020013809,1e-04,0.037056882,0.0015812776,0.03976528,0.09313780814409256,0.11069433391094208,0.01275098416954279,0.11292025446891785
1482,0.08196674287319183,1e-04,0.03703772,0.001579922,0.039748233,0.0930134728550911,0.11068667471408844,0.01274791732430458,0.11290667206048965
1483,0.08184412866830826,1e-04,0.03701857,0.0015785684,0.0397312,0.09288942068815231,0.11067904531955719,0.012744862586259842,0.11289314925670624
1484,0.08172177523374557,1e-04,0.03699947,0.001577219,0.039714217,0.092765673995018,0.11067157983779907,0.012741852551698685,0.11287981271743774
1485,0.08159969747066498,1e-04,0.036980387,0.0015758714,0.039697245,0.09264222532510757,0.11066409945487976,0.012738841585814953,0.11286647617816925
1486,0.08147791028022766,1e-04,0.03696133,0.0015745271,0.039680313,0.09251903742551804,0.11065663397312164,0.012735839933156967,0.11285317689180374
1487,0.08135638386011124,1e-04,0.036942307,0.001573186,0.039663408,0.09239613264799118,0.11064925789833069,0.012732861563563347,0.11283998191356659
1488,0.0812351182103157,1e-04,0.036923308,0.0015718475,0.039646532,0.0922735184431076,0.11064186692237854,0.012729888781905174,0.11282680928707123
1489,0.08111414313316345,1e-04,0.03690433,0.001570511,0.03962967,0.09215115755796432,0.1106344610452652,0.012726916000247002,0.11281363666057587
1490,0.0809934213757515,1e-04,0.036885396,0.0015691778,0.03961285,0.09202909469604492,0.11062709987163544,0.012723959982395172,0.11280053108930588
1491,0.08087298274040222,1e-04,0.03686649,0.0015678477,0.039596055,0.09190729260444641,0.11061970889568329,0.012721000239253044,0.1127874106168747
1492,0.08075280487537384,1e-04,0.036847617,0.0015665205,0.039579295,0.09178578853607178,0.11061245203018188,0.0127180777490139,0.11277445405721664
1493,0.08063291013240814,1e-04,0.036828753,0.001565195,0.039562546,0.09166453778743744,0.1106051653623581,0.012715151533484459,0.1127614825963974
1494,0.08051326125860214,1e-04,0.03680994,0.0015638727,0.03954583,0.09154358506202698,0.11059792339801788,0.01271224208176136,0.11274857819080353
1495,0.08039389550685883,1e-04,0.03679115,0.001562554,0.039529156,0.0914229229092598,0.11059078574180603,0.012709361501038074,0.1127358004450798
1496,0.080274797976017,1e-04,0.036772374,0.001561237,0.039512493,0.0913025289773941,0.11058367788791656,0.012706492096185684,0.11272307485342026
1497,0.08015595376491547,1e-04,0.036753625,0.0015599225,0.039495856,0.0911824032664299,0.1105765700340271,0.012703627347946167,0.1127103716135025
1498,0.08003738522529602,1e-04,0.03673491,0.0015586112,0.03947925,0.09106254577636719,0.11056950688362122,0.012700777500867844,0.11269772797822952
1499,0.07991907000541687,1e-04,0.036716223,0.0015573028,0.039462674,0.09094297140836716,0.11056244373321533,0.012697933241724968,0.11268510669469833
1500,0.0798010304570198,1e-04,0.036697567,0.0015559974,0.039446134,0.09082365781068802,0.11055541038513184,0.012695101089775562,0.11267253756523132
1501,0.07968325167894363,1e-04,0.03667894,0.001554694,0.03942961,0.09070461988449097,0.11054839193820953,0.012692276388406754,0.1126600056886673
1502,0.07956574857234955,1e-04,0.036660325,0.0015533926,0.039413102,0.0905858650803566,0.11054138839244843,0.012689460068941116,0.11264750361442566
1503,0.07944849133491516,1e-04,0.036641758,0.0015520948,0.039396636,0.09046735614538193,0.11053439974784851,0.01268665213137865,0.112635038793087
1504,0.07933150231838226,1e-04,0.036623213,0.0015507996,0.039380193,0.09034913033246994,0.11052748560905457,0.012683865614235401,0.11262267082929611
1505,0.07921477407217026,1e-04,0.0366047,0.0015495071,0.03936378,0.09023118019104004,0.1105206310749054,0.012681098654866219,0.11261038482189178
1506,0.07909829914569855,1e-04,0.036586206,0.001548217,0.039347388,0.09011350572109222,0.11051377654075623,0.012678338214755058,0.11259812861680984
1507,0.07898209989070892,1e-04,0.036567736,0.0015469299,0.03933103,0.0899960994720459,0.11050702631473541,0.012675600126385689,0.11258596926927567
1508,0.0788661539554596,1e-04,0.0365493,0.0015456453,0.039314695,0.08987897634506226,0.11050030589103699,0.012672877870500088,0.11257387697696686
1509,0.07875046133995056,1e-04,0.03653088,0.0015443623,0.039298374,0.0897621214389801,0.11049363017082214,0.012670168653130531,0.11256184428930283
1510,0.07863503694534302,1e-04,0.036512498,0.0015430836,0.039282102,0.08964552730321884,0.11048699915409088,0.012667476199567318,0.11254988610744476
1511,0.07851985096931458,1e-04,0.036494136,0.0015418059,0.039265838,0.08952918648719788,0.11048032343387604,0.012664778158068657,0.11253789812326431
1512,0.07840493321418762,1e-04,0.03647581,0.0015405319,0.03924961,0.0894131064414978,0.1104736328125,0.012662079185247421,0.11252590268850327
1513,0.07829029113054276,1e-04,0.03645749,0.0015392592,0.039233394,0.08929729461669922,0.11046703159809113,0.012659408152103424,0.11251403391361237
1514,0.07817588001489639,1e-04,0.03643922,0.0015379898,0.039217215,0.08918174356222153,0.11046041548252106,0.012656738050282001,0.11250217258930206
1515,0.07806173712015152,1e-04,0.036420986,0.0015367242,0.039201073,0.08906646817922592,0.11045388877391815,0.012654089368879795,0.11249039322137833
1516,0.07794784009456635,1e-04,0.036402747,0.0015354585,0.039184928,0.08895145356655121,0.11044736206531525,0.01265144906938076,0.11247865855693817
1517,0.07783420383930206,1e-04,0.036384553,0.0015341971,0.039168827,0.08883670717477798,0.11044088006019592,0.01264882180839777,0.11246698349714279
1518,0.07772082835435867,1e-04,0.036366384,0.001532938,0.039152753,0.08872224390506744,0.11043451726436615,0.012646226212382317,0.11245544254779816
1519,0.07760769873857498,1e-04,0.03634824,0.0015316815,0.039136704,0.0886080414056778,0.11042824387550354,0.012643655762076378,0.11244401335716248
1520,0.07749481499195099,1e-04,0.036330115,0.001530427,0.039120674,0.08849409222602844,0.11042191088199615,0.012641075998544693,0.11243253946304321
1521,0.07738219201564789,1e-04,0.036312018,0.0015291749,0.039104667,0.08838041126728058,0.11041568219661713,0.012638524174690247,0.1124211922287941
1522,0.07726980745792389,1e-04,0.036293942,0.0015279256,0.03908869,0.08826696127653122,0.11040934920310974,0.012635953724384308,0.11240975558757782
1523,0.07715769112110138,1e-04,0.036275897,0.0015266788,0.039072737,0.08815380185842514,0.1104031652212143,0.01263341959565878,0.11239848285913467
1524,0.07704581320285797,1e-04,0.036257874,0.0015254333,0.039056797,0.08804086595773697,0.11039689183235168,0.01263087335973978,0.11238715797662735
1525,0.07693418860435486,1e-04,0.03623989,0.0015241917,0.039040897,0.08792821317911148,0.11039069294929504,0.012628346681594849,0.11237591505050659
1526,0.07682281732559204,1e-04,0.036221933,0.0015229523,0.039025024,0.08781580626964569,0.11038455367088318,0.01262583862990141,0.1123647540807724
1527,0.07671168446540833,1e-04,0.036203995,0.0015217155,0.039009172,0.08770368993282318,0.11037853360176086,0.012623359449207783,0.11235372722148895
1528,0.0766008123755455,1e-04,0.036186073,0.0015204804,0.038993336,0.08759178966283798,0.1103723794221878,0.01262085884809494,0.11234259605407715
1529,0.07649017870426178,1e-04,0.036168203,0.0015192492,0.03897755,0.08748018741607666,0.11036644876003265,0.012618409469723701,0.11233169585466385
1530,0.07637979835271835,1e-04,0.03615032,0.0015180176,0.038961746,0.08736882358789444,0.1103605180978775,0.012615964747965336,0.11232081055641174
1531,0.07626964896917343,1e-04,0.0361325,0.0015167916,0.03894601,0.08725772053003311,0.11035458743572235,0.012613524682819843,0.11230994760990143
1532,0.07615976780653,1e-04,0.036114667,0.0015155656,0.038930267,0.08714686334133148,0.1103486567735672,0.012611089274287224,0.1122991070151329
1533,0.07605011761188507,1e-04,0.036096875,0.0015143423,0.03891455,0.08703626692295074,0.11034281551837921,0.012608679011464119,0.11228837072849274
1534,0.07594070583581924,1e-04,0.036079105,0.0015131211,0.038898855,0.0869259238243103,0.11033697426319122,0.012606270611286163,0.11227764934301376
1535,0.07583156228065491,1e-04,0.036061376,0.0015119038,0.03888321,0.08681582659482956,0.1103312075138092,0.012603885494172573,0.11226702481508255
1536,0.07572262734174728,1e-04,0.036043655,0.0015106873,0.03886756,0.0867059975862503,0.11032547056674957,0.012601511552929878,0.11225645244121552
1537,0.07561396062374115,1e-04,0.03602598,0.0015094746,0.038851958,0.08659640699625015,0.11031976342201233,0.012599147856235504,0.11224592477083206
1538,0.07550552487373352,1e-04,0.0360083,0.0015082625,0.038836356,0.08648707717657089,0.11031405627727509,0.012596788816154003,0.1122354194521904
1539,0.07539734244346619,1e-04,0.03599067,0.0015070549,0.038820803,0.08637801557779312,0.11030851304531097,0.012594468891620636,0.11222507804632187
1540,0.07528939098119736,1e-04,0.035973046,0.0015058484,0.03880526,0.08626919239759445,0.11030291020870209,0.012592142447829247,0.11221471428871155
1541,0.07518169283866882,1e-04,0.035955455,0.0015046439,0.03878974,0.08616059273481369,0.1102973073720932,0.012589817866683006,0.11220435798168182
1542,0.0750742182135582,1e-04,0.035937905,0.0015034429,0.038774256,0.08605227619409561,0.11029182374477386,0.012587524950504303,0.11219414323568344
1543,0.07496698945760727,1e-04,0.035920348,0.0015022419,0.038758766,0.08594419062137604,0.11028634011745453,0.012585237622261047,0.11218394339084625
1544,0.07485999166965485,1e-04,0.035902824,0.0015010443,0.038743313,0.08583635091781616,0.11028085649013519,0.012582954950630665,0.11217377334833145
1545,0.07475324720144272,1e-04,0.03588534,0.0014998503,0.038727902,0.08572877943515778,0.11027547717094421,0.012580698356032372,0.1121637150645256
1546,0.07464674115180969,1e-04,0.035867874,0.0014986576,0.038712498,0.0856214389204979,0.11027011275291443,0.0125784482806921,0.11215367913246155
1547,0.07454045861959457,1e-04,0.035850424,0.0014974665,0.038697112,0.0855143740773201,0.110264852643013,0.012576227076351643,0.11214377731084824
1548,0.07443442940711975,1e-04,0.035832994,0.0014962779,0.03868175,0.08540754020214081,0.11025962233543396,0.012574016116559505,0.1121339201927185
1549,0.07432861626148224,1e-04,0.0358156,0.0014950923,0.038666423,0.08530095219612122,0.11025442183017731,0.012571815401315689,0.11212410777807236
1550,0.07422304898500443,1e-04,0.03579822,0.0014939081,0.03865111,0.08519461750984192,0.11024923622608185,0.012569623067975044,0.1121143326163292
1551,0.07411772012710571,1e-04,0.035780866,0.0014927267,0.03863582,0.08508851379156113,0.11024409532546997,0.012567443773150444,0.11210460960865021
1552,0.0740126222372055,1e-04,0.035763536,0.0014915467,0.038620546,0.08498264849185944,0.11023898422718048,0.01256527565419674,0.1120949387550354
1553,0.0739077478647232,1e-04,0.03574623,0.0014903694,0.038605303,0.08487702906131744,0.1102338433265686,0.01256310474127531,0.1120852530002594
1554,0.0738031193614006,1e-04,0.035728965,0.001489195,0.03859009,0.08477167040109634,0.11022886633872986,0.012560974806547165,0.11207575350999832
1555,0.07369872182607651,1e-04,0.035711702,0.0014880217,0.038574886,0.08466654270887375,0.11022382974624634,0.012558836489915848,0.11206621676683426
1556,0.07359455525875092,1e-04,0.03569446,0.0014868503,0.038559698,0.08456166088581085,0.11021889746189117,0.012556723318994045,0.11205678433179855
1557,0.07349061965942383,1e-04,0.035677258,0.0014856824,0.03854455,0.08445703238248825,0.11021403968334198,0.012554630637168884,0.11204744875431061
1558,0.07338692247867584,1e-04,0.035660066,0.0014845161,0.03852942,0.08435264229774475,0.11020922660827637,0.012552553787827492,0.11203818023204803
1559,0.07328344136476517,1e-04,0.035642903,0.001483352,0.03851431,0.08424849808216095,0.11020442843437195,0.012550482526421547,0.11202893406152725
1560,0.07318020612001419,1e-04,0.03562576,0.00148219,0.03849922,0.08414458483457565,0.11019966006278992,0.012548423372209072,0.11201974749565125
1561,0.07307719439268112,1e-04,0.03560864,0.0014810301,0.038484156,0.08404091745615005,0.11019493639469147,0.012546377256512642,0.11201061308383942
1562,0.07297441363334656,1e-04,0.035591546,0.0014798724,0.03846911,0.08393746614456177,0.11019022762775421,0.012544338591396809,0.11200150847434998
1563,0.0728718489408493,1e-04,0.035574477,0.0014787161,0.03845408,0.08383426815271378,0.11018553376197815,0.012542307376861572,0.11199244111776352
1564,0.07276952266693115,1e-04,0.035557408,0.0014775615,0.03843906,0.08373129367828369,0.11018086969852448,0.012540286406874657,0.11198341846466064
1565,0.07266741991043091,1e-04,0.035540402,0.0014764111,0.038424097,0.0836285874247551,0.11017633974552155,0.012538298964500427,0.11197454482316971
1566,0.07256555557250977,1e-04,0.035523396,0.0014752615,0.038409133,0.0835261195898056,0.1101718544960022,0.012536324560642242,0.11196573078632355
1567,0.07246390730142593,1e-04,0.035506424,0.0014741151,0.038394205,0.08342388272285461,0.11016744375228882,0.0125343706458807,0.11195700615644455
1568,0.07236248254776001,1e-04,0.035489444,0.001472969,0.038379278,0.08332187682390213,0.11016304790973663,0.012532424181699753,0.11194831132888794
1569,0.072261281311512,1e-04,0.035472512,0.0014718259,0.038364384,0.08322010934352875,0.11015869677066803,0.012530490756034851,0.1119396761059761
1570,0.07216030359268188,1e-04,0.035455596,0.0014706851,0.038349513,0.08311858773231506,0.11015437543392181,0.012528568506240845,0.11193108558654785
1571,0.07205957174301147,1e-04,0.035438716,0.0014695473,0.038334675,0.0830172747373581,0.1101500391960144,0.012526648119091988,0.11192250996828079
1572,0.07195903360843658,1e-04,0.03542182,0.0014684083,0.038319815,0.08291620016098022,0.110145702958107,0.01252472959458828,0.11191394180059433
1573,0.07185874879360199,1e-04,0.035404988,0.0014672744,0.038305018,0.08281536400318146,0.11014148592948914,0.012522842735052109,0.11190550774335861
1574,0.07175866514444351,1e-04,0.03538816,0.0014661414,0.038290225,0.0827147588133812,0.11013729870319366,0.012520963326096535,0.11189711093902588
1575,0.07165881246328354,1e-04,0.03537136,0.0014650108,0.038275458,0.08261439204216003,0.11013318598270416,0.012519106268882751,0.1118888109922409
1576,0.07155916839838028,1e-04,0.035354573,0.0014638811,0.0382607,0.08251425623893738,0.11012910306453705,0.012517258524894714,0.11188055574893951
1577,0.07145975530147552,1e-04,0.03533782,0.0014627544,0.038245972,0.08241435885429382,0.11012504994869232,0.012515421956777573,0.1118723452091217
1578,0.07136056572198868,1e-04,0.035321075,0.0014616296,0.038231265,0.08231469988822937,0.11012113094329834,0.012513618916273117,0.11186429113149643
1579,0.07126159220933914,1e-04,0.035304356,0.001460507,0.03821658,0.08221527189016342,0.11011721193790436,0.01251181960105896,0.11185624450445175
1580,0.07116283476352692,1e-04,0.03528766,0.0014593859,0.03820191,0.08211607486009598,0.11011333763599396,0.012510031461715698,0.11184825003147125
1581,0.0710643082857132,1e-04,0.035270978,0.0014582667,0.038187258,0.08201707899570465,0.11010944843292236,0.012508247047662735,0.11184027791023254
1582,0.07096598297357559,1e-04,0.035254333,0.001457151,0.038172647,0.08191834390163422,0.11010563373565674,0.01250648032873869,0.11183237284421921
1583,0.07086789608001709,1e-04,0.0352377,0.0014560353,0.03815803,0.08181983232498169,0.11010190844535828,0.01250473689287901,0.11182457953691483
1584,0.0707700103521347,1e-04,0.03522109,0.0014549227,0.03814345,0.08172151446342468,0.11009812355041504,0.012502985075116158,0.11181674897670746
1585,0.07067234814167023,1e-04,0.035204504,0.0014538117,0.038128883,0.08162344247102737,0.11009439826011658,0.012501250021159649,0.11180898547172546
1586,0.07057489454746246,1e-04,0.03518795,0.001452703,0.038114343,0.08152559399604797,0.11009073257446289,0.012499529868364334,0.11180129647254944
1587,0.07047766447067261,1e-04,0.035171404,0.0014515958,0.038099814,0.08142799884080887,0.11008717119693756,0.012497838586568832,0.11179373413324356
1588,0.07038065046072006,1e-04,0.03515488,0.0014504908,0.038085308,0.08133061975240707,0.11008360981941223,0.01249614916741848,0.11178617924451828
1589,0.07028385251760483,1e-04,0.03513838,0.0014493885,0.038070835,0.08123346418142319,0.11008015275001526,0.012494486756622791,0.11177874356508255
1590,0.07018726319074631,1e-04,0.03512189,0.0014482861,0.038056355,0.0811365395784378,0.11007671058177948,0.012492830865085125,0.11177133023738861
1591,0.0700908899307251,1e-04,0.035105437,0.0014471877,0.03804192,0.08103984594345093,0.11007335782051086,0.012491198256611824,0.11176402866840363
1592,0.0699947401881218,1e-04,0.035089005,0.0014460906,0.0380275,0.08094336837530136,0.11007003486156464,0.01248957496136427,0.11175676435232162
1593,0.06989879161119461,1e-04,0.035072565,0.001444994,0.03801308,0.0808471068739891,0.1100667417049408,0.012487964704632759,0.1117495596408844
1594,0.06980304419994354,1e-04,0.035056163,0.0014438996,0.03799868,0.08075107634067535,0.11006346344947815,0.012486357241868973,0.11174236983060837
1595,0.06970752775669098,1e-04,0.035039797,0.0014428091,0.037984326,0.08065525442361832,0.11006017029285431,0.012484751641750336,0.11173518747091293
1596,0.06961221992969513,1e-04,0.035023432,0.001441719,0.037969977,0.08055967837572098,0.1100570410490036,0.012483187951147556,0.11172819137573242
1597,0.069517120718956,1e-04,0.0350071,0.0014406309,0.03795564,0.08046429604291916,0.1100538820028305,0.01248161680996418,0.11172115802764893
1598,0.06942222267389297,1e-04,0.03499079,0.0014395457,0.037941344,0.08036915957927704,0.11005082726478577,0.012480073608458042,0.11171425133943558
1599,0.06932754814624786,1e-04,0.03497449,0.0014384607,0.037927043,0.08027421683073044,0.11004775762557983,0.012478532269597054,0.11170735210180283
1600,0.06923306733369827,1e-04,0.034958217,0.0014373786,0.037912775,0.08017951250076294,0.11004474759101868,0.012477005831897259,0.11170051991939545
1601,0.06913880258798599,1e-04,0.03494197,0.0014362984,0.037898526,0.08008502423763275,0.1100417971611023,0.012475495226681232,0.11169375479221344
1602,0.06904475390911102,1e-04,0.034925733,0.0014352193,0.037884288,0.07999075204133987,0.11003884673118591,0.012473988346755505,0.11168701201677322
1603,0.06895090639591217,1e-04,0.034909513,0.0014341424,0.03787007,0.0798967182636261,0.11003606021404266,0.01247252244502306,0.11168044805526733
1604,0.06885726004838943,1e-04,0.034893323,0.0014330678,0.037855882,0.07980290800333023,0.110033318400383,0.012471066787838936,0.11167392879724503
1605,0.0687638372182846,1e-04,0.03487715,0.0014319947,0.037841707,0.07970929145812988,0.11003051698207855,0.01246960274875164,0.11166737228631973
1606,0.0686706081032753,1e-04,0.034860995,0.0014309231,0.037827544,0.07961591333150864,0.11002786457538605,0.01246817596256733,0.11166098713874817
1607,0.0685775876045227,1e-04,0.034844846,0.001429853,0.0378134,0.0795227512717247,0.11002524197101593,0.01246675755828619,0.11165463179349899
1608,0.06848477572202682,1e-04,0.034828734,0.0014287854,0.037799276,0.07942978292703629,0.11002258956432343,0.012465334497392178,0.11164826154708862
1609,0.06839216500520706,1e-04,0.034812663,0.0014277209,0.037785195,0.07933704555034637,0.11002002656459808,0.012463938444852829,0.1116420105099678
1610,0.06829976290464401,1e-04,0.03479657,0.0014266552,0.03777109,0.07924450188875198,0.11001743376255035,0.012462535873055458,0.1116357296705246
1611,0.06820755451917648,1e-04,0.034780513,0.0014255922,0.037757017,0.0791521891951561,0.11001496016979218,0.012461163103580475,0.11162958294153214
1612,0.06811555474996567,1e-04,0.034764495,0.0014245327,0.037742984,0.07906007766723633,0.110012486577034,0.012459792196750641,0.11162343621253967
1613,0.06802376359701157,1e-04,0.03474847,0.0014234731,0.037728943,0.07896820455789566,0.11001013219356537,0.012458454817533493,0.11161744594573975
1614,0.06793217360973358,1e-04,0.034732487,0.0014224169,0.037714943,0.0788765549659729,0.11000785231590271,0.012457131408154964,0.11161152273416519
1615,0.06784077733755112,1e-04,0.034716483,0.0014213597,0.037700925,0.07878510653972626,0.11000557243824005,0.012455814518034458,0.11160562187433243
1616,0.06774959713220596,1e-04,0.03470054,0.001420307,0.03768696,0.07869387418031693,0.11000339686870575,0.012454524636268616,0.11159984022378922
1617,0.06765860319137573,1e-04,0.0346846,0.0014192555,0.037673008,0.0786028504371643,0.11000125110149384,0.01245324220508337,0.11159409582614899
1618,0.06756781041622162,1e-04,0.03466868,0.0014182059,0.037659075,0.078512042760849,0.10999912023544312,0.012451966293156147,0.11158838123083115
1619,0.06747723370790482,1e-04,0.034652766,0.0014171563,0.037645135,0.07842143625020981,0.10999701917171478,0.012450700625777245,0.11158270388841629
1620,0.06738684326410294,1e-04,0.034636892,0.0014161104,0.037631243,0.07833104580640793,0.10999502241611481,0.012449459172785282,0.11157714575529099
1621,0.06729665398597717,1e-04,0.03462104,0.001415066,0.037617363,0.07824084162712097,0.10999290645122528,0.012448199093341827,0.11157149821519852
1622,0.06720666587352753,1e-04,0.0346052,0.0014140225,0.03760349,0.07815087586641312,0.10999098420143127,0.01244698092341423,0.11156603693962097
1623,0.0671168714761734,1e-04,0.034589376,0.0014129808,0.037589636,0.07806108891963959,0.10998903214931488,0.01244575995951891,0.11156056821346283
1624,0.0670272707939148,1e-04,0.03457358,0.0014119418,0.037575815,0.07797154784202576,0.10998721420764923,0.012444570660591125,0.11155523359775543
1625,0.0669378787279129,1e-04,0.0345578,0.001410904,0.037562,0.07788220793008804,0.10998541116714478,0.012443387880921364,0.11154993623495102
1626,0.06684868782758713,1e-04,0.03454204,0.0014098679,0.037548207,0.07779306918382645,0.1099836677312851,0.01244222279638052,0.11154471337795258
1627,0.06675967574119568,1e-04,0.034526277,0.0014088321,0.037534412,0.07770414650440216,0.10998201370239258,0.012441079132258892,0.11153958737850189
1628,0.06667086482048035,1e-04,0.034510553,0.0014077994,0.037520654,0.07761543244123459,0.10998041927814484,0.012439949437975883,0.11153452098369598
1629,0.06658225506544113,1e-04,0.034494832,0.0014067678,0.037506904,0.07752691209316254,0.10997879505157471,0.012438819743692875,0.11152945458889008
1630,0.06649383157491684,1e-04,0.03447915,0.0014057389,0.037493184,0.0774386078119278,0.10997724533081055,0.012437708675861359,0.11152447760105133
1631,0.06640560925006866,1e-04,0.03446347,0.0014047105,0.037479468,0.07735049724578857,0.10997572541236877,0.01243660505861044,0.11151953041553497
1632,0.06631758064031601,1e-04,0.034447823,0.0014036846,0.03746578,0.07726261019706726,0.10997430980205536,0.012435529381036758,0.11151470243930817
1633,0.06622974574565887,1e-04,0.034432188,0.0014026597,0.037452098,0.07717490941286087,0.10997283458709717,0.012434441596269608,0.11150982975959778
1634,0.06614210456609726,1e-04,0.03441657,0.0014016367,0.03743844,0.0770873948931694,0.10997137427330017,0.012433361262083054,0.11150497943162918
1635,0.06605464965105057,1e-04,0.03440098,0.0014006156,0.0374248,0.07700011879205704,0.10997012257575989,0.01243232749402523,0.1115003451704979
1636,0.0659673884510994,1e-04,0.034385405,0.0013995961,0.037411176,0.07691305130720139,0.1099688857793808,0.012431303039193153,0.11149575561285019
1637,0.06588032841682434,1e-04,0.034369837,0.0013985777,0.037397563,0.07682616263628006,0.1099676638841629,0.012430282309651375,0.11149117350578308
1638,0.06579344719648361,1e-04,0.034354288,0.0013975616,0.037383977,0.07673949748277664,0.10996656119823456,0.01242929045110941,0.11148672550916672
1639,0.0657067596912384,1e-04,0.03433876,0.0013965465,0.037370395,0.07665303349494934,0.1099655032157898,0.012428311631083488,0.11148233711719513
1640,0.06562025845050812,1e-04,0.034323264,0.0013955339,0.037356846,0.07656677812337875,0.10996450483798981,0.012427350506186485,0.11147803068161011
1641,0.06553395092487335,1e-04,0.034307763,0.0013945216,0.037343293,0.07648071646690369,0.10996350646018982,0.012426389381289482,0.11147371679544449
1642,0.0654478371143341,1e-04,0.034292284,0.0013935118,0.03732977,0.07639484852552414,0.10996255278587341,0.012425443157553673,0.11146946996450424
1643,0.06536190956830978,1e-04,0.034276847,0.0013925042,0.037316274,0.07630917429924011,0.1099616289138794,0.01242450438439846,0.11146526038646698
1644,0.06527616828680038,1e-04,0.034261405,0.0013914965,0.03730277,0.0762237012386322,0.10996073484420776,0.012423574924468994,0.1114610880613327
1645,0.06519061326980591,1e-04,0.034245998,0.0013904917,0.0372893,0.07613842934370041,0.1099599152803421,0.012422666884958744,0.11145702004432678
1646,0.06510525196790695,1e-04,0.034230605,0.0013894886,0.037275843,0.07605334371328354,0.10995908081531525,0.01242175605148077,0.11145292967557907
1647,0.06502006947994232,1e-04,0.034215216,0.0013884855,0.037262388,0.07596847414970398,0.10995838046073914,0.012420877814292908,0.1114489883184433
1648,0.06493507325649261,1e-04,0.034199856,0.0013874857,0.03724897,0.07588379830121994,0.10995770990848541,0.012420007959008217,0.11144509166479111
1649,0.06485027074813843,1e-04,0.0341845,0.0013864863,0.03723555,0.07579934597015381,0.10995720326900482,0.012419179081916809,0.11144137382507324
1650,0.06476566195487976,1e-04,0.03416918,0.0013854895,0.037222166,0.0757150799036026,0.10995669662952423,0.01241835206747055,0.11143766343593597
1651,0.06468121707439423,1e-04,0.034153868,0.0013844942,0.03720879,0.07563101500272751,0.10995624959468842,0.012417538091540337,0.11143400520086288
1652,0.06459697335958481,1e-04,0.034138564,0.0013834992,0.037195418,0.07554712891578674,0.1099558174610138,0.01241673156619072,0.11143039166927338
1653,0.06451290845870972,1e-04,0.034123298,0.001382507,0.037182078,0.0754634365439415,0.10995538532733917,0.012415927834808826,0.11142678558826447
1654,0.06442902982234955,1e-04,0.034108024,0.001381515,0.037168738,0.07537994533777237,0.10995504260063171,0.012415148317813873,0.11142328381538391
1655,0.06434532254934311,1e-04,0.034092788,0.0013805259,0.037155427,0.07529664784669876,0.10995472967624664,0.012414374388754368,0.11141981184482574
1656,0.06426180899143219,1e-04,0.034077566,0.0013795382,0.037142135,0.07521353662014008,0.10995441675186157,0.01241360604763031,0.11141636222600937
1657,0.0641784816980362,1e-04,0.034062356,0.0013785507,0.03712884,0.07513062655925751,0.10995423793792725,0.012412868440151215,0.11141305416822433
1658,0.06409532576799393,1e-04,0.034047168,0.0013775663,0.03711558,0.07504791021347046,0.10995413362979889,0.012412149459123611,0.11140982806682587
1659,0.06401234865188599,1e-04,0.034032,0.0013765831,0.037102334,0.07496538758277893,0.10995402932167053,0.012411434203386307,0.11140661686658859
1660,0.06392955780029297,1e-04,0.03401684,0.0013756008,0.037089095,0.07488306611776352,0.10995398461818695,0.012410733848810196,0.11140347272157669
1661,0.06384695321321487,1e-04,0.034001704,0.0013746204,0.037075873,0.07480092346668243,0.10995401442050934,0.012410048395395279,0.11140039563179016
1662,0.06376451253890991,1e-04,0.033986583,0.0013736417,0.03706267,0.07471898198127747,0.10995404422283173,0.012409373186528683,0.11139736324548721
1663,0.06368227303028107,1e-04,0.033971477,0.0013726646,0.037049487,0.07463724911212921,0.10995423793792725,0.012408729642629623,0.1113944798707962
1664,0.06360021233558655,1e-04,0.03395638,0.0013716879,0.037036303,0.07455568760633469,0.1099543422460556,0.012408072128891945,0.11139152944087982
1665,0.06351832300424576,1e-04,0.033941314,0.0013707135,0.03702315,0.07447430491447449,0.10995455086231232,0.012407438829541206,0.1113886833190918
1666,0.0634366050362587,1e-04,0.03392626,0.0013697407,0.037010007,0.0743931457400322,0.10995487868785858,0.012406835332512856,0.11138597130775452
1667,0.06335507333278656,1e-04,0.033911224,0.0013687693,0.036996882,0.07431216537952423,0.10995522141456604,0.012406237423419952,0.11138328909873962
1668,0.06327372044324875,1e-04,0.033896204,0.0013677994,0.036983773,0.07423135638237,0.10995559394359589,0.01240564789623022,0.11138064414262772
1669,0.06319253891706467,1e-04,0.0338812,0.0013668303,0.036970668,0.07415075600147247,0.10995599627494812,0.012405067682266235,0.11137803643941879
1670,0.06311154365539551,1e-04,0.03386621,0.0013658633,0.036957588,0.07407035678625107,0.10995659232139587,0.012404531240463257,0.11137562990188599
1671,0.06303071975708008,1e-04,0.033851236,0.0013648976,0.03694452,0.0739901214838028,0.10995712876319885,0.012403985485434532,0.1113731786608696
1672,0.06295006722211838,1e-04,0.03383627,0.0013639327,0.03693146,0.07391007244586945,0.10995768010616302,0.012403443455696106,0.111370749771595
1673,0.0628696009516716,1e-04,0.033821333,0.0013629704,0.036918428,0.07383020222187042,0.10995830595493317,0.012402922846376896,0.11136841028928757
1674,0.06278929114341736,1e-04,0.033806417,0.001362009,0.036905404,0.07375054061412811,0.10995900630950928,0.012402419000864029,0.1113661453127861
1675,0.06270917505025864,1e-04,0.033791516,0.0013610494,0.036892403,0.07367106527090073,0.10995975136756897,0.012401928193867207,0.11136394739151001
1676,0.06262923032045364,1e-04,0.033776622,0.0013600908,0.03687941,0.07359178364276886,0.10996061563491821,0.012401463463902473,0.11136186122894287
1677,0.06254944950342178,1e-04,0.033761755,0.001359134,0.036866434,0.07351265847682953,0.10996143519878387,0.012400994077324867,0.11135975271463394
1678,0.06246984750032425,1e-04,0.033746883,0.0013581775,0.03685346,0.07343373447656631,0.1099623292684555,0.012400543317198753,0.11135772615671158
1679,0.062390416860580444,1e-04,0.033732053,0.0013572242,0.036840525,0.07335498929023743,0.10996323823928833,0.012400097213685513,0.111355721950531
1680,0.06231115758419037,1e-04,0.03371723,0.0013562707,0.036827583,0.07327643036842346,0.10996422171592712,0.012399670667946339,0.1113538071513176
1681,0.06223207339644432,1e-04,0.03370243,0.0013553201,0.03681467,0.07319805771112442,0.10996530950069427,0.01239926926791668,0.11135200411081314
1682,0.0621531642973423,1e-04,0.03368764,0.0013543704,0.03680177,0.0731198862195015,0.1099664717912674,0.012398883700370789,0.11135027557611465
1683,0.06207442283630371,1e-04,0.033672843,0.0013534208,0.036788866,0.0730418860912323,0.1099676638841629,0.012398510240018368,0.11134859919548035
1684,0.06199584901332855,1e-04,0.033658102,0.0013524751,0.036776014,0.07296406477689743,0.10996885597705841,0.012398136779665947,0.11134692281484604
1685,0.06191745400428772,1e-04,0.033643354,0.0013515293,0.03676315,0.07288644462823868,0.10997021198272705,0.01239780429750681,0.11134542524814606
1686,0.06183922290802002,1e-04,0.033628616,0.0013505841,0.036750294,0.07280896604061127,0.10997144877910614,0.012397444806993008,0.11134381592273712
1687,0.06176116690039635,1e-04,0.033613916,0.0013496419,0.03673747,0.07273169606924057,0.10997284948825836,0.012397123500704765,0.11134237051010132
1688,0.06168327480554581,1e-04,0.033599216,0.0013487004,0.036724657,0.0726546049118042,0.10997430980205536,0.01239681988954544,0.11134100705385208
1689,0.0616055428981781,1e-04,0.033584524,0.0013477593,0.03671184,0.07257770001888275,0.10997581481933594,0.012396527454257011,0.11133969575166702
1690,0.06152799353003502,1e-04,0.03356987,0.0013468213,0.036699064,0.07250095158815384,0.10997727513313293,0.01239622663706541,0.11133833974599838
1691,0.06145060434937477,1e-04,0.033555213,0.001345884,0.036686294,0.07242439687252045,0.10997889935970306,0.012395963072776794,0.11133716255426407
1692,0.06137338653206825,1e-04,0.03354058,0.0013449476,0.036673527,0.07234802097082138,0.1099804937839508,0.012395696714520454,0.11133596301078796
1693,0.061296336352825165,1e-04,0.03352597,0.0013440138,0.036660794,0.07227182388305664,0.10998214781284332,0.012395447120070457,0.11133484542369843
1694,0.06121945008635521,1e-04,0.033511367,0.0013430798,0.036648054,0.07219579070806503,0.10998384654521942,0.012395205907523632,0.11133375763893127
1695,0.061142731457948685,1e-04,0.03349678,0.0013421476,0.03663533,0.07211993634700775,0.10998557507991791,0.012394975870847702,0.1113327294588089
1696,0.06106618046760559,1e-04,0.033482227,0.0013412177,0.03662264,0.07204429060220718,0.10998748242855072,0.01239478588104248,0.11133187264204025
1697,0.06098978966474533,1e-04,0.033467654,0.0013402874,0.036609937,0.07196881622076035,0.10998943448066711,0.012394608929753304,0.11133107542991638
1698,0.0609135664999485,1e-04,0.033453118,0.0013393601,0.03659727,0.07189351320266724,0.1099914014339447,0.01239443477243185,0.1113302931189537
1699,0.060837507247924805,1e-04,0.03343859,0.0013384336,0.03658461,0.07181839644908905,0.10999348759651184,0.012394290417432785,0.11132964491844177
1700,0.06076161563396454,1e-04,0.033424065,0.0013375081,0.036571957,0.07174345850944519,0.10999560356140137,0.01239415630698204,0.11132904887199402
1701,0.060685884207487106,1e-04,0.033409577,0.0013365844,0.03655933,0.07166868448257446,0.1099977046251297,0.012394020333886147,0.11132843792438507
1702,0.060610316693782806,1e-04,0.033395093,0.0013356617,0.036546707,0.07159408181905746,0.109999880194664,0.01239390205591917,0.11132790148258209
1703,0.06053491309285164,1e-04,0.03338063,0.0013347408,0.036534104,0.071519635617733,0.1100020706653595,0.012393788434565067,0.1113273948431015
1704,0.060459673404693604,1e-04,0.033366177,0.0013338203,0.036521506,0.07144536823034286,0.11000426113605499,0.012393677607178688,0.11132689565420151
1705,0.0603845939040184,1e-04,0.033351745,0.0013329015,0.036508925,0.07137127965688705,0.11000654101371765,0.012393588200211525,0.11132649332284927
1706,0.06030967831611633,1e-04,0.033337343,0.001331985,0.03649637,0.07129736989736557,0.11000891029834747,0.012393521144986153,0.1113261952996254
1707,0.0602349191904068,1e-04,0.03332293,0.0013310681,0.036483806,0.07122364640235901,0.11001133918762207,0.012393469922244549,0.11132596433162689
1708,0.060160327702760696,1e-04,0.033308547,0.001330154,0.036471277,0.07115007936954498,0.11001384258270264,0.012393433600664139,0.11132580041885376
1709,0.06008588522672653,1e-04,0.03329416,0.0013292398,0.036458742,0.07107672095298767,0.11001643538475037,0.012393420562148094,0.11132574081420898
1710,0.060011617839336395,1e-04,0.033279795,0.0013283276,0.03644623,0.0710034891963005,0.1100190281867981,0.012393409386277199,0.1113256886601448
1711,0.0599374994635582,1e-04,0.033265427,0.0013274153,0.03643371,0.07093047350645065,0.11002174019813538,0.012393427081406116,0.11132577061653137
1712,0.05986354872584343,1e-04,0.033251118,0.0013265073,0.036421247,0.07085759937763214,0.11002445220947266,0.012393447570502758,0.11132586002349854
1713,0.0597897544503212,1e-04,0.03323679,0.0013255986,0.03640877,0.07078491151332855,0.11002720892429352,0.012393481098115444,0.11132600903511047
1714,0.0597161166369915,1e-04,0.033222485,0.0013246912,0.03639631,0.0707123652100563,0.11002996563911438,0.012393512763082981,0.11132615804672241
1715,0.05964263528585434,1e-04,0.033208206,0.0013237853,0.03638386,0.07064000517129898,0.11003279685974121,0.012393563985824585,0.11132638156414032
1716,0.05956931784749031,1e-04,0.03319396,0.0013228822,0.036371447,0.07056780904531479,0.11003568768501282,0.012393631041049957,0.1113266870379448
1717,0.05949615687131882,1e-04,0.03317968,0.001321978,0.036359016,0.07049578428268433,0.110038623213768,0.01239370834082365,0.11132702976465225
1718,0.05942315235733986,1e-04,0.03316544,0.0013210758,0.036346607,0.07042393088340759,0.11004164814949036,0.012393807992339134,0.11132748425006866
1719,0.05935029685497284,1e-04,0.033151213,0.0013201752,0.036334217,0.07035224884748459,0.11004473268985748,0.012393922545015812,0.11132799834012985
1720,0.05927760526537895,1e-04,0.033136994,0.0013192758,0.036321837,0.07028072327375412,0.1100478321313858,0.012394041754305363,0.11132852733135223
1721,0.0592050664126873,1e-04,0.033122804,0.0013183778,0.036309473,0.07020938396453857,0.11005102097988129,0.012394183315336704,0.11132916808128357
1722,0.059132687747478485,1e-04,0.03310861,0.0013174807,0.036297116,0.07013821601867676,0.11005429923534393,0.012394346296787262,0.11132989823818207
1723,0.05906045809388161,1e-04,0.033094425,0.0013165841,0.036284763,0.07006721198558807,0.11005760729312897,0.012394517660140991,0.11133066564798355
1724,0.058988384902477264,1e-04,0.033080276,0.00131569,0.03627244,0.06999635696411133,0.110060915350914,0.012394689954817295,0.11133144050836563
1725,0.05891646444797516,1e-04,0.03306613,0.0013147964,0.03626012,0.0699256956577301,0.11006434261798859,0.012394892051815987,0.11133234947919846
1726,0.05884470045566559,1e-04,0.033052,0.0013139042,0.036247816,0.06985517591238022,0.11006776988506317,0.012395095080137253,0.11133325845003128
1727,0.05877309292554855,1e-04,0.03303787,0.0013130124,0.036235515,0.06978482007980347,0.11007124185562134,0.012395309284329414,0.11133422702550888
1728,0.058701638132333755,1e-04,0.03302378,0.001312124,0.03622325,0.06971465796232224,0.11007487773895264,0.012395563535392284,0.11133536696434021
1729,0.0586303286254406,1e-04,0.033009697,0.0013112357,0.036210988,0.06964462995529175,0.11007843911647797,0.012395799160003662,0.11133642494678497
1730,0.05855918303132057,1e-04,0.032995615,0.0013103475,0.03619872,0.0695747658610344,0.11008203029632568,0.01239604689180851,0.11133753508329391
1731,0.05848817527294159,1e-04,0.03298157,0.0013094624,0.036186494,0.06950508058071136,0.11008575558662415,0.012396322563290596,0.111338771879673
1732,0.05841733515262604,1e-04,0.032967526,0.0013085771,0.03617426,0.06943554431200027,0.110089510679245,0.012396609410643578,0.11134006083011627
1733,0.05834662914276123,1e-04,0.032953497,0.0013076937,0.03616205,0.06936618685722351,0.11009334027767181,0.012396913021802902,0.11134142428636551
1734,0.058276087045669556,1e-04,0.03293949,0.0013068123,0.03614986,0.06929700821638107,0.1100972592830658,0.012397238984704018,0.1113428920507431
1735,0.05820569768548012,1e-04,0.032925468,0.00130593,0.03613765,0.06922797858715057,0.11010125279426575,0.012397580780088902,0.11134442687034607
1736,0.05813545361161232,1e-04,0.03291149,0.0013050513,0.036125492,0.06915910542011261,0.1101052314043045,0.012397922575473785,0.11134596168994904
1737,0.05806535854935646,1e-04,0.032897506,0.0013041716,0.036113318,0.06909038126468658,0.11010922491550446,0.012398269027471542,0.1113475114107132
1738,0.057995401322841644,1e-04,0.032883544,0.0013032941,0.036101166,0.06902183592319489,0.11011335253715515,0.012398647144436836,0.1113492101430893
1739,0.05792561173439026,1e-04,0.03286958,0.001302417,0.036089014,0.06895344704389572,0.11011748015880585,0.01239902712404728,0.11135091632604599
1740,0.057855963706970215,1e-04,0.03285565,0.0013015417,0.036076885,0.0688851997256279,0.11012159287929535,0.012399406172335148,0.11135262250900269
1741,0.05778646096587181,1e-04,0.03284174,0.0013006679,0.036064774,0.0688171461224556,0.11012588441371918,0.01239982433617115,0.11135450005531311
1742,0.057717110961675644,1e-04,0.03282782,0.0012997946,0.036052667,0.06874922662973404,0.110130175948143,0.012400246225297451,0.11135639250278473
1743,0.05764790251851082,1e-04,0.03281394,0.0012989234,0.036040578,0.06868147850036621,0.11013452708721161,0.012400681152939796,0.11135834455490112
1744,0.05757885053753853,1e-04,0.032800056,0.001298053,0.0360285,0.06861388683319092,0.1101389229297638,0.012401129119098186,0.11136035621166229
1745,0.05750993639230728,1e-04,0.032786187,0.0012971831,0.036016427,0.06854645162820816,0.11014337837696075,0.01240159198641777,0.11136243492364883
1746,0.05744117870926857,1e-04,0.032772332,0.0012963149,0.036004372,0.06847918033599854,0.11014790832996368,0.012402070686221123,0.11136458814144135
1747,0.0573725551366806,1e-04,0.0327585,0.0012954484,0.03599234,0.06841206550598145,0.11015245318412781,0.012402555905282497,0.11136676371097565
1748,0.05730408430099487,1e-04,0.03274465,0.0012945806,0.03598028,0.06834510713815689,0.11015710234642029,0.012403067201375961,0.1113690584897995
1749,0.05723575875163078,1e-04,0.03273085,0.0012937174,0.035968285,0.06827831268310547,0.11016181111335754,0.01240358967334032,0.11137140542268753
1750,0.05716757848858833,1e-04,0.032717038,0.001292853,0.035956267,0.06821168959140778,0.11016660928726196,0.012404135428369045,0.11137385666370392
1751,0.057099539786577225,1e-04,0.032703254,0.0012919911,0.03594428,0.06814518570899963,0.1101713478565216,0.012404670007526875,0.11137625575065613
1752,0.057031650096178055,1e-04,0.0326895,0.0012911306,0.035932306,0.06807884573936462,0.11017614603042603,0.012405218556523323,0.11137871444225311
1753,0.05696389824151993,1e-04,0.032675732,0.0012902698,0.035920326,0.06801266968250275,0.11018100380897522,0.01240578293800354,0.11138124763965607
1754,0.05689629167318344,1e-04,0.032661986,0.0012894105,0.035908364,0.0679466500878334,0.11018596589565277,0.012406370602548122,0.11138388514518738
1755,0.056828830391168594,1e-04,0.032648254,0.0012885529,0.03589642,0.0678807869553566,0.11019095778465271,0.012406967580318451,0.11138656735420227
1756,0.05676150694489479,1e-04,0.03263453,0.0012876953,0.03588447,0.06781506538391113,0.11019596457481384,0.012407568283379078,0.11138926446437836
1757,0.056694336235523224,1e-04,0.03262083,0.0012868405,0.03587256,0.0677495226264,0.11020112037658691,0.012408203445374966,0.11139211803674698
1758,0.056627307087183,1e-04,0.032607127,0.0012859857,0.035860643,0.0676841214299202,0.11020626127719879,0.012408839538693428,0.1113949716091156
1759,0.056560415774583817,1e-04,0.032593444,0.0012851321,0.03584874,0.06761886924505234,0.11021147668361664,0.01240948960185051,0.1113978922367096
1760,0.05649365484714508,1e-04,0.032579776,0.0012842797,0.03583685,0.06755377352237701,0.11021673679351807,0.012410151772201061,0.11140085756778717
1761,0.05642705410718918,1e-04,0.032566126,0.0012834294,0.035824984,0.06748883426189423,0.11022207140922546,0.012410834431648254,0.1114039272069931
1762,0.056360580027103424,1e-04,0.03255248,0.0012825785,0.035813104,0.06742404401302338,0.11022743582725525,0.01241152174770832,0.11140701174736023
1763,0.05629425123333931,1e-04,0.032538842,0.0012817291,0.035801243,0.06735940277576447,0.11023285984992981,0.01241222769021988,0.11141017824411392
1764,0.05622805655002594,1e-04,0.03252523,0.0012808816,0.035789408,0.06729491055011749,0.11023829877376556,0.012412935495376587,0.11141335219144821
1765,0.05616200715303421,1e-04,0.03251162,0.0012800344,0.03577757,0.06723057478666306,0.11024381220340729,0.012413661926984787,0.11141661554574966
1766,0.05609610676765442,1e-04,0.032498036,0.0012791891,0.035765752,0.06716638803482056,0.11024938523769379,0.012414403259754181,0.11141993850469589
1767,0.05603032931685448,1e-04,0.03248446,0.0012783444,0.035753943,0.0671023577451706,0.11025503277778625,0.012415164150297642,0.11142335832118988
1768,0.055964693427085876,1e-04,0.032470886,0.0012775009,0.035742145,0.06703848391771317,0.1102607250213623,0.012415934354066849,0.11142680794000626
1769,0.055899206548929214,1e-04,0.032457326,0.0012766579,0.03573035,0.06697473675012589,0.11026643216609955,0.012416709214448929,0.11143028736114502
1770,0.0558338463306427,1e-04,0.032443788,0.001275817,0.035718583,0.06691115349531174,0.11027222871780396,0.01241750456392765,0.11143385618925095
1771,0.05576862394809723,1e-04,0.032430265,0.0012749775,0.035706826,0.06684771925210953,0.11027808487415314,0.012418318539857864,0.11143750697374344
1772,0.0557035356760025,1e-04,0.032416742,0.0012741381,0.035695072,0.06678443402051926,0.11028397083282471,0.012419136241078377,0.11144118010997772
1773,0.055638596415519714,1e-04,0.03240324,0.0012732998,0.035683326,0.06672129034996033,0.11028988659381866,0.012419963255524635,0.11144489049911499
1774,0.05557379126548767,1e-04,0.032389753,0.0012724628,0.035671595,0.06665828824043274,0.1102958470582962,0.01242080144584179,0.11144865304231644
1775,0.055509116500616074,1e-04,0.032376274,0.0012716268,0.035659876,0.06659545004367828,0.11030188202857971,0.01242165919393301,0.11145249754190445
1776,0.05544457957148552,1e-04,0.032362808,0.0012707919,0.035648167,0.06653274595737457,0.11030800640583038,0.012422536499798298,0.11145643144845963
1777,0.05538017302751541,1e-04,0.03234936,0.0012699583,0.035636473,0.0664701983332634,0.11031413078308105,0.012423415668308735,0.111460380256176
1778,0.055315904319286346,1e-04,0.03233591,0.0012691249,0.03562478,0.06640780717134476,0.11032038927078247,0.012424325570464134,0.11146445572376251
1779,0.05525177717208862,1e-04,0.032322485,0.0012682942,0.03561312,0.06634555011987686,0.11032664775848389,0.012425237335264683,0.11146854609251022
1780,0.055187780410051346,1e-04,0.032309055,0.0012674622,0.035601433,0.0662834495306015,0.11033296585083008,0.012426164001226425,0.1114727035164833
1781,0.055123914033174515,1e-04,0.032295655,0.0012666333,0.03558979,0.06622148305177689,0.11033931374549866,0.012427099049091339,0.11147689819335938
1782,0.055060189217329025,1e-04,0.032282267,0.0012658049,0.03557815,0.06615966558456421,0.1103457510471344,0.01242805365473032,0.1114811822772026
1783,0.054996591061353683,1e-04,0.032268893,0.0012649781,0.03556653,0.06609799712896347,0.11035221815109253,0.012429015710949898,0.11148549616336823
1784,0.054933127015829086,1e-04,0.032255523,0.0012641512,0.035554904,0.06603647023439407,0.11035877466201782,0.012430001050233841,0.1114899143576622
1785,0.054869793355464935,1e-04,0.03224218,0.001263327,0.03554331,0.06597506999969482,0.11036527156829834,0.01243097335100174,0.1114942729473114
1786,0.054806601256132126,1e-04,0.03222883,0.0012625017,0.0355317,0.06591383367776871,0.1103719025850296,0.01243197824805975,0.11149878054857254
1787,0.054743535816669464,1e-04,0.032215495,0.0012616782,0.03552011,0.06585272401571274,0.11037851870059967,0.012432980351150036,0.11150327324867249
1788,0.05468060448765755,1e-04,0.03220218,0.0012608563,0.03550854,0.0657917708158493,0.1103852391242981,0.012434005737304688,0.11150787025690079
1789,0.05461779981851578,1e-04,0.032188874,0.0012600342,0.03549696,0.06573096662759781,0.11039203405380249,0.012435049749910831,0.11151255667209625
1790,0.05455512925982475,1e-04,0.03217559,0.0012592158,0.03548543,0.06567029654979706,0.11039888858795166,0.01243610866367817,0.11151730269193649
1791,0.054492585361003876,1e-04,0.03216229,0.0012583954,0.03547387,0.06560976058244705,0.11040572822093964,0.012437165714800358,0.11152204126119614
1792,0.05443017557263374,1e-04,0.032149035,0.0012575784,0.035462353,0.06554939597845078,0.11041273176670074,0.012438260018825531,0.11152695119380951
1793,0.05436789616942406,1e-04,0.032135755,0.0012567597,0.03545081,0.06548914313316345,0.11041969060897827,0.012439345009624958,0.1115318089723587
1794,0.05430574715137482,1e-04,0.032122504,0.0012559433,0.03543929,0.06542904675006866,0.11042672395706177,0.012440448626875877,0.11153675615787506
1795,0.054243724793195724,1e-04,0.032109275,0.0012551289,0.035427798,0.06536908447742462,0.11043381690979004,0.012441565282642841,0.1115417629480362
1796,0.05418182909488678,1e-04,0.032096054,0.0012543146,0.035416305,0.06530926376581192,0.1104409396648407,0.012442692182958126,0.11154681444168091
1797,0.05412007123231888,1e-04,0.032082852,0.0012535026,0.03540484,0.06524957716464996,0.11044813692569733,0.012443836778402328,0.11155194789171219
1798,0.05405843257904053,1e-04,0.03206965,0.00125269,0.03539336,0.06519004702568054,0.11045537889003754,0.012444991618394852,0.11155712604522705
1799,0.05399693176150322,1e-04,0.032056455,0.0012518784,0.035381895,0.06513063609600067,0.11046265065670013,0.012446153908967972,0.1115623340010643
1800,0.053935546427965164,1e-04,0.032043282,0.0012510691,0.035370454,0.06507136672735214,0.11046998202800751,0.01244733203202486,0.11156760901212692
1801,0.05387429520487785,1e-04,0.032030117,0.0012502599,0.035359014,0.06501223146915436,0.11047734320163727,0.012448515743017197,0.11157291382551193
1802,0.05381316319108009,1e-04,0.032016948,0.0012494513,0.035347577,0.06495325267314911,0.11048479378223419,0.012449723668396473,0.1115783303976059
1803,0.053752172738313675,1e-04,0.032003824,0.0012486445,0.035336167,0.06489440053701401,0.11049225926399231,0.012450935319066048,0.11158376187086105
1804,0.053691305220127106,1e-04,0.031990692,0.0012478387,0.03532476,0.06483568996191025,0.11049981415271759,0.01245216652750969,0.11158927530050278
1805,0.05363055691123009,1e-04,0.031977568,0.0012470334,0.03531336,0.06477711349725723,0.11050741374492645,0.012453408911824226,0.11159484088420868
1806,0.05356993526220322,1e-04,0.03196447,0.0012462295,0.035301976,0.06471867859363556,0.11051502823829651,0.012454656884074211,0.11160043627023697
1807,0.05350945144891739,1e-04,0.03195138,0.0012454271,0.03529061,0.06466038525104523,0.11052276194095612,0.012455932796001434,0.11160615086555481
1808,0.053449079394340515,1e-04,0.031938273,0.0012446233,0.035279218,0.06460221856832504,0.11053048074245453,0.012457206845283508,0.11161185801029205
1809,0.05338883772492409,1e-04,0.03192522,0.0012438236,0.035267882,0.0645442083477974,0.11053834855556488,0.012458513490855694,0.11161771416664124
1810,0.05332872271537781,1e-04,0.03191216,0.0012430236,0.03525654,0.0644863173365593,0.11054620146751404,0.012459819205105305,0.11162356287240982
1811,0.05326872318983078,1e-04,0.0318991,0.0012422235,0.03524519,0.06442855298519135,0.11055406928062439,0.012461129575967789,0.1116294264793396
1812,0.0532088503241539,1e-04,0.031886067,0.0012414263,0.03523388,0.06437093019485474,0.1105620265007019,0.012462461367249489,0.11163539439439774
1813,0.05314910039305687,1e-04,0.031873032,0.0012406287,0.03522256,0.06431344896554947,0.1105700135231018,0.012463799677789211,0.11164139211177826
1814,0.05308947712182999,1e-04,0.031860005,0.0012398314,0.03521124,0.06425608694553375,0.1105780303478241,0.01246514730155468,0.11164742708206177
1815,0.05302997678518295,1e-04,0.031847015,0.0012390369,0.035199955,0.06419885903596878,0.11058607697486877,0.012466502375900745,0.11165349185466766
1816,0.05297059565782547,1e-04,0.031834025,0.0012382427,0.035188675,0.06414177268743515,0.11059421300888062,0.012467877939343452,0.11165965348482132
1817,0.05291134491562843,1e-04,0.031821046,0.0012374495,0.0351774,0.06408482044935226,0.11060240864753723,0.012469268403947353,0.11166587471961975
1818,0.05285220593214035,1e-04,0.03180807,0.0012366563,0.035166126,0.06402800977230072,0.11061067879199982,0.012470676563680172,0.11167218536138535
1819,0.052793197333812714,1e-04,0.031795118,0.0012358653,0.035154875,0.06397131830453873,0.1106189638376236,0.012472088448703289,0.11167850345373154
1820,0.05273430794477463,1e-04,0.031782154,0.0012350747,0.03514363,0.06391478329896927,0.11062738299369812,0.012473532930016518,0.11168497055768967
1821,0.052675534039735794,1e-04,0.031769227,0.0012342855,0.0351324,0.06385836750268936,0.11063580214977264,0.012474976480007172,0.1116914376616478
1822,0.05261688679456711,1e-04,0.031756297,0.0012334968,0.035121173,0.0638020858168602,0.11064428091049194,0.012476435862481594,0.1116979643702507
1823,0.05255835875868797,1e-04,0.031743374,0.0012327085,0.03510995,0.06374593079090118,0.11065280437469482,0.012477906420826912,0.11170455068349838
1824,0.05249995365738869,1e-04,0.031730477,0.0012319229,0.035098758,0.06368989497423172,0.11066128313541412,0.012479368597269058,0.11171109229326248
1825,0.052441664040088654,1e-04,0.031717584,0.0012311367,0.03508756,0.0636339858174324,0.11066983640193939,0.012480845674872398,0.11171770840883255
1826,0.05238348990678787,1e-04,0.03170471,0.0012303528,0.035076384,0.06357820332050323,0.11067837476730347,0.012482325546443462,0.11172433197498322
1827,0.052325449883937836,1e-04,0.031691838,0.0012295679,0.035065196,0.0635225772857666,0.11068710684776306,0.012483845464885235,0.11173112690448761
1828,0.052267514169216156,1e-04,0.03167898,0.0012287853,0.03505403,0.06346707046031952,0.11069585382938385,0.012485372833907604,0.11173796653747559
1829,0.05220969766378403,1e-04,0.03166614,0.0012280036,0.035042882,0.06341169029474258,0.11070461571216583,0.012486902996897697,0.11174481362104416
1830,0.052152007818222046,1e-04,0.0316533,0.0012272227,0.03503174,0.06335645169019699,0.11071352660655975,0.012488466687500477,0.11175180971622467
1831,0.05209442973136902,1e-04,0.03164048,0.001226443,0.03502061,0.06330133229494095,0.11072240769863129,0.012490024790167809,0.1117587760090828
1832,0.052036967128515244,1e-04,0.03162765,0.0012256631,0.035009474,0.06324636191129684,0.11073142290115356,0.012491615489125252,0.11176589876413345
1833,0.051979631185531616,1e-04,0.03161484,0.0012248843,0.034998346,0.0631915032863617,0.11074040830135345,0.012493200600147247,0.11177298426628113
1834,0.05192240700125694,1e-04,0.03160205,0.0012241077,0.034987252,0.06313677877187729,0.11074948310852051,0.012494806200265884,0.11178016662597656
1835,0.05186530202627182,1e-04,0.03158925,0.0012233303,0.03497614,0.06308215856552124,0.11075852811336517,0.012496406212449074,0.1117873266339302
1836,0.05180830880999565,1e-04,0.031576477,0.0012225548,0.034965053,0.06302767992019653,0.11076763272285461,0.012498021125793457,0.11179454624652863
1837,0.05175144225358963,1e-04,0.031563736,0.0012217817,0.034953993,0.06297332048416138,0.11077681183815002,0.012499652802944183,0.11180184781551361
1838,0.051694680005311966,1e-04,0.031550974,0.0012210069,0.03494291,0.06291909515857697,0.11078602075576782,0.012501293793320656,0.11180918663740158
1839,0.05163803696632385,1e-04,0.031538233,0.0012202341,0.03493185,0.0628649964928627,0.1107952743768692,0.012502945028245449,0.11181657016277313
1840,0.05158150941133499,1e-04,0.031525504,0.0012194621,0.034920797,0.06281101703643799,0.11080461740493774,0.012504616752266884,0.11182404309511185
1841,0.051525093615055084,1e-04,0.031512793,0.001218692,0.03490977,0.06275717914104462,0.11081400513648987,0.012506300583481789,0.11183157563209534
1842,0.05146879702806473,1e-04,0.031500082,0.0012179222,0.034898743,0.06270346790552139,0.11082348227500916,0.01250800397247076,0.1118391901254654
1843,0.051412615925073624,1e-04,0.03148739,0.0012171535,0.034887727,0.06264986842870712,0.11083292961120605,0.012509702704846859,0.11184678226709366
1844,0.05135655030608177,1e-04,0.031474683,0.0012163842,0.0348767,0.062596395611763,0.11084243655204773,0.012511416338384151,0.1118544414639473
1845,0.051300596445798874,1e-04,0.031462032,0.001215618,0.034865715,0.06254304945468903,0.11085198819637299,0.01251314114779234,0.11186215281486511
1846,0.05124475434422493,1e-04,0.031449344,0.0012148503,0.034854703,0.0624898299574852,0.11086167395114899,0.01251489482820034,0.11186999082565308
1847,0.05118902027606964,1e-04,0.031436693,0.001214085,0.034843724,0.06243673712015152,0.11087135970592499,0.01251665223389864,0.11187784373760223
1848,0.051133401691913605,1e-04,0.03142404,0.0012133206,0.034832753,0.0623837411403656,0.11088097095489502,0.012518392875790596,0.11188562214374542
1849,0.05107790231704712,1e-04,0.03141142,0.0012125574,0.034821797,0.06233089789748192,0.11089076101779938,0.01252017542719841,0.11189358681440353
1850,0.05102251470088959,1e-04,0.031398784,0.001211794,0.03481083,0.06227815896272659,0.11090053617954254,0.012521954253315926,0.11190153658390045
1851,0.05096723139286041,1e-04,0.031386178,0.0012110327,0.034799896,0.06222555786371231,0.11091041564941406,0.01252375915646553,0.11190960556268692
1852,0.05091207101941109,1e-04,0.031373575,0.0012102714,0.034788955,0.062173061072826385,0.1109202653169632,0.012525556609034538,0.11191762983798981
1853,0.05085701495409012,1e-04,0.031360995,0.0012095122,0.034778044,0.062120694667100906,0.1109301894903183,0.012527373619377613,0.11192575097084045
1854,0.0508020743727684,1e-04,0.031348404,0.0012087523,0.034767114,0.062068451195955276,0.11094018816947937,0.012529207393527031,0.11193393915891647
1855,0.05074723809957504,1e-04,0.03133582,0.0012079932,0.0347562,0.0620163194835186,0.11095018684864044,0.012531042098999023,0.11194213479757309
1856,0.05069251358509064,1e-04,0.031323276,0.0012072368,0.034745313,0.06196432560682297,0.11096030473709106,0.012532902881503105,0.11195044964551926
1857,0.050637904554605484,1e-04,0.031310715,0.0012064795,0.034734413,0.061912450939416885,0.11097048223018646,0.01253478042781353,0.1119588315486908
1858,0.05058339610695839,1e-04,0.03129817,0.0012057234,0.034723528,0.06186070665717125,0.11098070442676544,0.012536667287349701,0.11196725815534592
1859,0.050529010593891144,1e-04,0.031285644,0.0012049694,0.03471267,0.06180906295776367,0.11099089682102203,0.012538551352918148,0.11197566986083984
1860,0.05047472566366196,1e-04,0.031273123,0.0012042158,0.034701813,0.06175755336880684,0.11100122332572937,0.012540463358163834,0.11198420822620392
1861,0.050420552492141724,1e-04,0.0312606,0.0012034617,0.034690946,0.061706144362688065,0.11101147532463074,0.012542362324893475,0.11199268698692322
1862,0.050366491079330444,1e-04,0.031248093,0.0012027089,0.034680095,0.06165487319231033,0.11102189123630524,0.012544296681880951,0.11200132220983505
1863,0.05031253397464752,1e-04,0.031235611,0.001201958,0.034669265,0.06160370260477066,0.11103227734565735,0.012546226382255554,0.1120099350810051
1864,0.050258684903383255,1e-04,0.031223133,0.0012012081,0.03465845,0.061552662402391434,0.11104273796081543,0.01254817470908165,0.1120186373591423
1865,0.05020494759082794,1e-04,0.031210667,0.0012004582,0.03464763,0.06150173395872116,0.11105319857597351,0.012550123035907745,0.11202733218669891
1866,0.05015132203698158,1e-04,0.031198211,0.0011997096,0.034636825,0.06145092099905014,0.11106371879577637,0.012552086263895035,0.1120360940694809
1867,0.05009779706597328,1e-04,0.031185756,0.0011989617,0.034626026,0.06140022352337837,0.1110742837190628,0.012554059736430645,0.11204490065574646
1868,0.05004437640309334,1e-04,0.031173317,0.0011982145,0.034615234,0.06134965643286705,0.11108492314815521,0.012556053698062897,0.11205379664897919
1869,0.049991071224212646,1e-04,0.031160885,0.0011974677,0.034604445,0.061299197375774384,0.11109563708305359,0.012558061629533768,0.11206275969743729
1870,0.049937859177589417,1e-04,0.031148463,0.0011967226,0.03459368,0.06124886870384216,0.11110639572143555,0.012560081668198109,0.11207176744937897
1871,0.04988476634025574,1e-04,0.031136042,0.0011959773,0.034582905,0.0611986443400383,0.1111171543598175,0.01256210170686245,0.11208078265190125
1872,0.04983177408576012,1e-04,0.031123647,0.0011952346,0.034572165,0.061148546636104584,0.11112801730632782,0.012564148753881454,0.11208991706371307
1873,0.04977888986468315,1e-04,0.031111257,0.0011944912,0.03456141,0.06109856069087982,0.11113889515399933,0.012566199526190758,0.1120990589261055
1874,0.04972611367702484,1e-04,0.031098878,0.0011937495,0.03455068,0.061048682779073715,0.11114980280399323,0.012568256817758083,0.11210823804140091
1875,0.04967343062162399,1e-04,0.03108649,0.0011930073,0.034539938,0.06099892780184746,0.11116074025630951,0.01257032249122858,0.11211744695901871
1876,0.049620870500802994,1e-04,0.03107416,0.0011922691,0.03452925,0.06094928830862045,0.11117173731327057,0.012572403065860271,0.11212673038244247
1877,0.04956841468811035,1e-04,0.031061793,0.0011915286,0.034518525,0.060899749398231506,0.11118276417255402,0.012574490159749985,0.11213603615760803
1878,0.049516044557094574,1e-04,0.031049466,0.0011907907,0.034507833,0.06085033714771271,0.11119386553764343,0.012576596811413765,0.11214542388916016
1879,0.04946378991007805,1e-04,0.03103713,0.0011900527,0.03449714,0.06080104410648346,0.11120504140853882,0.012578718364238739,0.11215488612651825
1880,0.04941163957118988,1e-04,0.031024808,0.0011893156,0.034486454,0.06075184419751167,0.11121614277362823,0.012580825947225094,0.11216428130865097
1881,0.04935959726572037,1e-04,0.031012496,0.0011885794,0.03447578,0.060702770948410034,0.11122740805149078,0.012582970783114433,0.11217384040355682
1882,0.049307648092508316,1e-04,0.031000197,0.0011878446,0.03446512,0.06065381318330765,0.11123867332935333,0.012585116550326347,0.11218340694904327
1883,0.04925580322742462,1e-04,0.030987903,0.0011871102,0.034454465,0.06060496345162392,0.11124995350837708,0.012587267905473709,0.11219299584627151
1884,0.04920407012104988,1e-04,0.030975616,0.001186376,0.03444381,0.06055622920393944,0.11126130819320679,0.012589436024427414,0.11220265924930573
1885,0.0491524375975132,1e-04,0.030963337,0.0011856427,0.034433164,0.060507602989673615,0.11127270758152008,0.01259161438792944,0.11221235990524292
1886,0.04910089820623398,1e-04,0.030951073,0.0011849107,0.03442253,0.060459110885858536,0.11128421127796173,0.01259381789714098,0.11222217977046967
1887,0.04904947057366371,1e-04,0.030938819,0.0011841799,0.034411915,0.06041070073843002,0.1112956553697586,0.01259600929915905,0.11223194748163223
1888,0.048998139798641205,1e-04,0.03092659,0.0011834501,0.03440131,0.06036240607500076,0.11130714416503906,0.012598211877048016,0.11224175989627838
1889,0.048946913331747055,1e-04,0.030914351,0.0011827205,0.034390703,0.06031423434615135,0.11131875216960907,0.012600441463291645,0.11225169152021408
1890,0.04889577999711037,1e-04,0.030902117,0.0011819913,0.0343801,0.060266170650720596,0.11133038997650146,0.012602679431438446,0.11226165294647217
1891,0.04884475842118263,1e-04,0.030889908,0.0011812644,0.03436953,0.060218218713998795,0.11134202778339386,0.012604917399585247,0.11227162182331085
1892,0.04879383742809296,1e-04,0.030877694,0.0011805368,0.03435894,0.06017037853598595,0.11135374009609222,0.01260717399418354,0.1122816726565361
1893,0.04874301329255104,1e-04,0.030865496,0.0011798101,0.034348365,0.06012263894081116,0.11136548221111298,0.012609438970685005,0.11229176074266434
1894,0.048692286014556885,1e-04,0.030853309,0.0011790843,0.034337796,0.060075003653764725,0.11137722432613373,0.01261170394718647,0.11230184137821198
1895,0.048641663044691086,1e-04,0.030841129,0.0011783597,0.034327246,0.060027483850717545,0.11138901114463806,0.01261398009955883,0.11231197416782379
1896,0.048591140657663345,1e-04,0.030828973,0.0011776366,0.03431671,0.05998007208108902,0.11140085756778717,0.012616271153092384,0.11232217401266098
1897,0.048540711402893066,1e-04,0.030816823,0.0011769139,0.03430618,0.059932783246040344,0.11141280829906464,0.012618585489690304,0.11233247816562653
1898,0.048490386456251144,1e-04,0.030804673,0.0011761915,0.03429565,0.05988558754324913,0.1114247590303421,0.012620901688933372,0.11234278976917267
1899,0.04844016209244728,1e-04,0.030792525,0.00117547,0.034285128,0.05983851104974747,0.11143678426742554,0.01262323372066021,0.11235316842794418
1900,0.04839002713561058,1e-04,0.030780395,0.001174749,0.03427461,0.059791550040245056,0.11144885420799255,0.012625579722225666,0.11236360669136047
1901,0.048340000212192535,1e-04,0.03076827,0.0011740295,0.034264114,0.059744693338871,0.11146096885204315,0.012627935037016869,0.11237408220767975
1902,0.04829007014632225,1e-04,0.030756155,0.0011733103,0.03425362,0.0596979521214962,0.11147312819957733,0.012630301527678967,0.1123846173286438
1903,0.04824024438858032,1e-04,0.030744068,0.0011725931,0.034243148,0.059651296585798264,0.1114853024482727,0.012632671743631363,0.11239515990018845
1904,0.04819050058722496,1e-04,0.03073197,0.0011718756,0.03423267,0.05960475653409958,0.11149752140045166,0.01263505406677723,0.11240575462579727
1905,0.048140861093997955,1e-04,0.030719876,0.001171158,0.034222186,0.05955829843878746,0.11150969564914703,0.01263742707669735,0.11241631209850311
1906,0.04809131473302841,1e-04,0.030707804,0.0011704423,0.03421173,0.05951198190450668,0.11152200400829315,0.012639831751585007,0.1124270036816597
1907,0.048041876405477524,1e-04,0.030695736,0.0011697272,0.034201276,0.059465743601322174,0.11153428256511688,0.012642228975892067,0.1124376654624939
1908,0.0479925274848938,1e-04,0.03068369,0.0011690137,0.03419084,0.059419624507427216,0.11154666543006897,0.012644652277231216,0.11244844645261765
1909,0.047943271696567535,1e-04,0.03067165,0.0011683,0.034180403,0.059373609721660614,0.11155904829502106,0.012647075578570366,0.1124592199921608
1910,0.04789412021636963,1e-04,0.030659601,0.001167587,0.034169972,0.05932770296931267,0.11157150566577911,0.012649517506361008,0.11247007548809052
1911,0.047845061868429184,1e-04,0.030647585,0.0011668758,0.034159563,0.059281911700963974,0.11158406734466553,0.01265198364853859,0.11248103529214859
1912,0.0477960929274559,1e-04,0.030635558,0.0011661638,0.03414914,0.05923621356487274,0.11159659922122955,0.012654442340135574,0.11249196529388428
1913,0.04774722456932068,1e-04,0.03062355,0.0011654539,0.034138747,0.059190619736909866,0.11160914599895477,0.012656908482313156,0.11250292509794235
1914,0.047698456794023514,1e-04,0.030611545,0.001164744,0.034128346,0.059145137667655945,0.11162182688713074,0.012659402564167976,0.11251401156187057
1915,0.047649770975112915,1e-04,0.030599564,0.0011640365,0.034117978,0.05909975990653038,0.11163449287414551,0.012661896646022797,0.1125250905752182
1916,0.04760119318962097,1e-04,0.030587584,0.0011633281,0.034107596,0.05905447527766228,0.11164720356464386,0.012664400041103363,0.11253621429204941
1917,0.047552697360515594,1e-04,0.030575603,0.001162621,0.03409723,0.05900929868221283,0.1116599291563034,0.012666909955441952,0.112547367811203
1918,0.047504302114248276,1e-04,0.030563632,0.0011619135,0.034086853,0.05896423012018204,0.11167274415493011,0.012669438496232033,0.11255860328674316
1919,0.04745600372552872,1e-04,0.030551678,0.0011612084,0.034076508,0.05891925096511841,0.11168551445007324,0.012671958655118942,0.11256979405879974
1920,0.04740779474377632,1e-04,0.030539736,0.0011605038,0.034066167,0.058874376118183136,0.11169837415218353,0.012674501165747643,0.11258108913898468
1921,0.04735967516899109,1e-04,0.03052781,0.0011597996,0.034055833,0.05882960557937622,0.11171123385429382,0.012677043676376343,0.11259237676858902
1922,0.047311656177043915,1e-04,0.030515878,0.001159096,0.0340455,0.05878492444753647,0.1117241233587265,0.01267959550023079,0.11260370910167694
1923,0.047263726592063904,1e-04,0.030503973,0.0011583949,0.0340352,0.058740369975566864,0.11173714697360992,0.012682175263762474,0.11261516809463501
1924,0.04721588268876076,1e-04,0.030492043,0.0011576916,0.03402487,0.058695919811725616,0.11175020039081573,0.012684764340519905,0.11262665688991547
1925,0.04716814309358597,1e-04,0.030480152,0.0011569912,0.034014575,0.05865155905485153,0.11176325380802155,0.012687355279922485,0.11263816058635712
1926,0.04712049290537834,1e-04,0.030468253,0.0011562906,0.034004275,0.058607302606105804,0.11177636682987213,0.01268995925784111,0.11264971643686295
1927,0.04707293584942818,1e-04,0.03045637,0.0011555918,0.033993997,0.058563146740198135,0.1117895096540451,0.012692571617662907,0.11266131699085236
1928,0.047025468200445175,1e-04,0.030444488,0.0011548923,0.033983707,0.058519065380096436,0.1118026077747345,0.012695174664258957,0.11267286539077759
1929,0.04697808623313904,1e-04,0.030432621,0.0011541944,0.033973437,0.05847511440515518,0.11181585490703583,0.012697813101112843,0.11268457025289536
1930,0.04693080112338066,1e-04,0.03042077,0.0011534973,0.033963174,0.05843124911189079,0.11182908713817596,0.01270044781267643,0.11269626021385193
1931,0.04688360542058945,1e-04,0.030408928,0.0011528009,0.03395292,0.05838748440146446,0.1118423342704773,0.012703088112175465,0.11270797997713089
1932,0.046836502850055695,1e-04,0.030397102,0.001152106,0.03394269,0.05834381654858589,0.11185562610626221,0.012705739587545395,0.11271973699331284
1933,0.04678948596119881,1e-04,0.030385261,0.00115141,0.033932433,0.05830025300383568,0.11186899244785309,0.012708406895399094,0.11273156851530075
1934,0.04674256220459938,1e-04,0.030373445,0.001150716,0.033922207,0.05825679749250412,0.11188241839408875,0.012711088173091412,0.11274345964193344
1935,0.046695731580257416,1e-04,0.030361632,0.0011500228,0.03391199,0.05821343511343002,0.1118958443403244,0.012713773176074028,0.11275536566972733
1936,0.046648990362882614,1e-04,0.030349812,0.001149329,0.033901755,0.05817017704248428,0.11190935969352722,0.012716477736830711,0.11276736110448837
1937,0.04660233110189438,1e-04,0.030338025,0.0011486373,0.03389155,0.05812700837850571,0.11192291975021362,0.01271919347345829,0.112779401242733
1938,0.046555764973163605,1e-04,0.030326242,0.0011479468,0.033881363,0.058083951473236084,0.11193649470806122,0.012721913866698742,0.11279146373271942
1939,0.04650929197669029,1e-04,0.03031446,0.0011472563,0.033871174,0.058040983974933624,0.1119500994682312,0.012724642641842365,0.11280355602502823
1940,0.04646290838718414,1e-04,0.030302688,0.0011465662,0.033860985,0.057998109608888626,0.11196371912956238,0.012727374210953712,0.11281566321849823
1941,0.04641660675406456,1e-04,0.030290926,0.0011458771,0.033850808,0.057955317199230194,0.11197736859321594,0.012730114161968231,0.11282780766487122
1942,0.04637039080262184,1e-04,0.030279174,0.0011451889,0.03384064,0.05791263282299042,0.1119910478591919,0.012732862494885921,0.11283998936414719
1943,0.04632427170872688,1e-04,0.030267438,0.0011445015,0.033830483,0.0578700453042984,0.11200474202632904,0.01273561455309391,0.11285217851400375
1944,0.046278245747089386,1e-04,0.03025571,0.0011438151,0.033820335,0.05782753601670265,0.11201849579811096,0.012738380581140518,0.1128644347190857
1945,0.04623228311538696,1e-04,0.03024398,0.0011431287,0.033810187,0.057785142213106155,0.11203227937221527,0.012741154991090298,0.11287672817707062
1946,0.046186432242393494,1e-04,0.030232267,0.0011424441,0.03380006,0.057742852717638016,0.11204615235328674,0.012743949890136719,0.11288910359144211
1947,0.04614066332578659,1e-04,0.03022057,0.0011417597,0.033789936,0.05770064890384674,0.11206002533435822,0.012746745720505714,0.1129014864563942
1948,0.046094976365566254,1e-04,0.030208863,0.0011410755,0.033779807,0.057658545672893524,0.11207398772239685,0.012749562039971352,0.11291395872831345
1949,0.04604937881231308,1e-04,0.030197179,0.0011403923,0.033769693,0.05761653929948807,0.11208795011043549,0.012752381153404713,0.1129264384508133
1950,0.04600386321544647,1e-04,0.030185476,0.0011397094,0.033759583,0.05757460743188858,0.11210191249847412,0.012755201198160648,0.11293892562389374
1951,0.04595843702554703,1e-04,0.030173803,0.001139028,0.033749487,0.05753280967473984,0.1121160238981247,0.01275805477052927,0.11295156180858612
1952,0.045913103967905045,1e-04,0.030162128,0.0011383466,0.03373939,0.05749106779694557,0.1121300458908081,0.0127608897164464,0.11296410858631134
1953,0.04586784541606903,1e-04,0.030150486,0.0011376675,0.033729326,0.05744943022727966,0.11214414238929749,0.012763742357492447,0.11297673732042313
1954,0.04582267627120018,1e-04,0.03013884,0.0011369878,0.03371925,0.05740788206458092,0.11215823888778687,0.012766595929861069,0.11298935860395432
1955,0.04577759653329849,1e-04,0.030127205,0.0011363092,0.033709187,0.05736643448472023,0.11217242479324341,0.012769469991326332,0.11300207674503326
1956,0.04573259875178337,1e-04,0.030115569,0.0011356311,0.033699125,0.05732506886124611,0.11218656599521637,0.012772335670888424,0.11301475763320923
1957,0.045687686651945114,1e-04,0.030103942,0.0011349535,0.03368907,0.05728381127119064,0.11220081150531769,0.01277522649616003,0.11302755028009415
1958,0.04564286023378372,1e-04,0.03009235,0.0011342783,0.03367905,0.057242631912231445,0.1122150868177414,0.012778122909367085,0.11304035782814026
1959,0.0455981120467186,1e-04,0.030080734,0.0011336016,0.033669002,0.057201556861400604,0.11222939193248749,0.012781028635799885,0.11305321007966995
1960,0.045553456991910934,1e-04,0.030069137,0.0011329264,0.033658974,0.057160571217536926,0.11224374175071716,0.012783944606781006,0.11306610703468323
1961,0.04550888016819954,1e-04,0.030057544,0.0011322517,0.03364895,0.05711967498064041,0.11225812137126923,0.012786870822310448,0.11307904869318008
1962,0.04546438530087471,1e-04,0.030045973,0.0011315788,0.033638947,0.05707888677716255,0.11227257549762726,0.012789811007678509,0.11309204995632172
1963,0.045419979840517044,1e-04,0.030034399,0.001130906,0.033628948,0.05703818053007126,0.11228704452514648,0.012792758643627167,0.11310508102178574
1964,0.045375656336545944,1e-04,0.030022824,0.0011302335,0.033618946,0.056997571140527725,0.11230158805847168,0.012795722112059593,0.11311817914247513
1965,0.04533141106367111,1e-04,0.030011274,0.0011295622,0.033608958,0.05695703998208046,0.1123160868883133,0.012798676267266273,0.11313123255968094
1966,0.045287251472473145,1e-04,0.029999727,0.0011288914,0.033598978,0.056916601955890656,0.11233064532279968,0.012801646254956722,0.11314436048269272
1967,0.04524317756295204,1e-04,0.029988186,0.0011282215,0.03358901,0.056876249611377716,0.11234521865844727,0.01280461996793747,0.11315750330686569
1968,0.045199181884527206,1e-04,0.029976657,0.0011275513,0.03357903,0.05683598667383194,0.11235977709293365,0.012807592749595642,0.11317063868045807
1969,0.045155275613069534,1e-04,0.029965142,0.0011268834,0.033569086,0.05679580941796303,0.1123744398355484,0.012810587882995605,0.1131838709115982
1970,0.045111436396837234,1e-04,0.029953627,0.0011262153,0.033559132,0.05675574019551277,0.11238914728164673,0.012813595123589039,0.11319714784622192
1971,0.045067694038152695,1e-04,0.029942118,0.0011255478,0.033549186,0.05671573802828789,0.11240383982658386,0.012816598638892174,0.11321041733026505
1972,0.045024022459983826,1e-04,0.029930608,0.0011248803,0.033539236,0.05667584016919136,0.11241857707500458,0.012819614261388779,0.11322373896837234
1973,0.04498044028878212,1e-04,0.029919134,0.0011242154,0.033529323,0.056636031717061996,0.11243335902690887,0.012822641991078854,0.11323710530996323
1974,0.04493694007396698,1e-04,0.029907657,0.0011235502,0.033519402,0.056596316397190094,0.11244823038578033,0.01282569020986557,0.11325056105852127
1975,0.04489351063966751,1e-04,0.029896185,0.001122886,0.03350949,0.05655667185783386,0.11246301233768463,0.01282871887087822,0.11326393485069275
1976,0.044850170612335205,1e-04,0.029884716,0.0011222217,0.033499576,0.056517135351896286,0.11247794330120087,0.012831782922148705,0.11327745765447617
1977,0.044806912541389465,1e-04,0.029873246,0.0011215581,0.03348967,0.05647766590118408,0.11249281466007233,0.01283483300358057,0.11329092085361481
1978,0.04476373642683029,1e-04,0.029861823,0.0011208972,0.033479802,0.05643831938505173,0.11250786483287811,0.012837925925850868,0.11330457031726837
1979,0.04472062736749649,1e-04,0.029850358,0.0011202345,0.033469904,0.05639902874827385,0.11252282559871674,0.012840998359024525,0.11331813037395477
1980,0.044677603989839554,1e-04,0.029838935,0.001119574,0.033460036,0.056359823793172836,0.11253777146339417,0.012844070792198181,0.11333168298006058
1981,0.04463466629385948,1e-04,0.029827511,0.0011189138,0.033450168,0.05632071569561958,0.11255283653736115,0.012847168371081352,0.11334534734487534
1982,0.04459180310368538,1e-04,0.029816091,0.0011182536,0.0334403,0.05628170073032379,0.11256793141365051,0.01285027526319027,0.11335905641317368
1983,0.044549018144607544,1e-04,0.029804694,0.0011175954,0.033430457,0.05624276027083397,0.11258299648761749,0.012853376567363739,0.11337273567914963
1984,0.04450632259249687,1e-04,0.029793298,0.001116937,0.033420607,0.05620390921831131,0.11259812116622925,0.012856492772698402,0.11338647454977036
1985,0.04446369409561157,1e-04,0.029781908,0.0011162796,0.033410773,0.05616513639688492,0.11261330544948578,0.012859621085226536,0.11340027302503586
1986,0.04442114382982254,1e-04,0.029770529,0.001115623,0.033400945,0.05612646043300629,0.11262847483158112,0.01286274753510952,0.11341405659914017
1987,0.044378675520420074,1e-04,0.029759148,0.0011149663,0.03339111,0.05608788877725601,0.11264379322528839,0.012865910306572914,0.11342799663543701
1988,0.04433628171682358,1e-04,0.029747775,0.0011143106,0.03338129,0.05604936555027962,0.11265900731086731,0.012869048863649368,0.1134418323636055
1989,0.044293973594903946,1e-04,0.02973643,0.0011136569,0.033371497,0.05601096153259277,0.11267437040805817,0.012872224673628807,0.11345582455396652
1990,0.044251736253499985,1e-04,0.029725067,0.0011130022,0.03336169,0.0559726320207119,0.11268971860408783,0.012875394895672798,0.11346979439258575
1991,0.04420958086848259,1e-04,0.02971373,0.0011123492,0.0333519,0.05593437701463699,0.11270508170127869,0.012878570705652237,0.11348379403352737
1992,0.04416750371456146,1e-04,0.02970239,0.0011116964,0.03334211,0.05589620769023895,0.11272045969963074,0.012881752103567123,0.11349780857563019
1993,0.044125497341156006,1e-04,0.029691063,0.0011110444,0.033332333,0.05585811659693718,0.11273583769798279,0.01288493350148201,0.113511823117733
1994,0.044083576649427414,1e-04,0.029679753,0.0011103936,0.03332257,0.05582010746002197,0.11275123059749603,0.012888118624687195,0.11352585256099701
1995,0.04404173046350479,1e-04,0.02966843,0.001109742,0.03331279,0.05578219145536423,0.11276672780513763,0.012891329824924469,0.11353999376296997
1996,0.04399995133280754,1e-04,0.029657124,0.0011090912,0.033303022,0.055744342505931854,0.11278216540813446,0.012894527986645699,0.11355407536029816
1997,0.043958257883787155,1e-04,0.029645853,0.0011084438,0.0332933,0.05570660158991814,0.11279772222042084,0.012897754088044167,0.1135682761669159
1998,0.04391663894057274,1e-04,0.029634552,0.001107794,0.03328354,0.05566895008087158,0.11281336843967438,0.01290100160986185,0.11358257383108139
1999,0.04387509450316429,1e-04,0.02962327,0.0011071456,0.033273797,0.0556313581764698,0.11282894015312195,0.012904232367873192,0.11359679698944092
2000,0.04383362829685211,1e-04,0.02961201,0.0011065,0.033264097,0.055593885481357574,0.11284467577934265,0.012907501310110092,0.11361118406057358
2001,0.0437922328710556,1e-04,0.02960073,0.0011058524,0.03325436,0.05555647611618042,0.11286035180091858,0.012910760007798672,0.11362552642822266
2002,0.04375091940164566,1e-04,0.029589465,0.0011052055,0.033244632,0.05551912635564804,0.11287601292133331,0.012914014980196953,0.11363984644412994
2003,0.04370967298746109,1e-04,0.029578224,0.0011045608,0.03323493,0.055481862276792526,0.11289168894290924,0.012917272746562958,0.11365418136119843
2004,0.04366850480437279,1e-04,0.029566983,0.0011039162,0.033225235,0.05544469133019447,0.11290742456912994,0.012920546345412731,0.11366858333349228
2005,0.04362741485238075,1e-04,0.029555751,0.0011032723,0.03321554,0.055407583713531494,0.11292313039302826,0.012923813425004482,0.11368294805288315
2006,0.04358639940619469,1e-04,0.029544527,0.0011026288,0.033205856,0.055370576679706573,0.11293894052505493,0.012927107512950897,0.11369743943214417
2007,0.04354545474052429,1e-04,0.029533312,0.0011019864,0.03319618,0.05533364787697792,0.11295478045940399,0.012930408120155334,0.11371195316314697
2008,0.043504584580659866,1e-04,0.029522115,0.0011013449,0.033186518,0.055296801030635834,0.11297063529491425,0.01293371245265007,0.11372648179531097
2009,0.04346379265189171,1e-04,0.029510915,0.0011007035,0.03317685,0.055260028690099716,0.11298651993274689,0.012937024235725403,0.11374104022979736
2010,0.04342306777834892,1e-04,0.029499711,0.001100062,0.033167183,0.05522334948182106,0.1130024790763855,0.012940354645252228,0.11375568062067032
2011,0.043382417410612106,1e-04,0.029488526,0.0010994228,0.033157546,0.05518675595521927,0.1130184680223465,0.012943691574037075,0.11377034336328506
2012,0.04334184527397156,1e-04,0.02947733,0.0010987826,0.03314789,0.055150218307971954,0.11303442716598511,0.01294702384620905,0.11378499120473862
2013,0.04330134019255638,1e-04,0.029466188,0.0010981454,0.033138275,0.0551137775182724,0.1130504459142685,0.012950371019542217,0.11379969865083694
2014,0.04326091334223747,1e-04,0.029455023,0.0010975073,0.03312865,0.055077407509088516,0.11306646466255188,0.012953718192875385,0.11381440609693527
2015,0.043220557272434235,1e-04,0.02944385,0.0010968687,0.033119008,0.0550411120057106,0.11308249831199646,0.012957071885466576,0.11382913589477539
2016,0.04318027198314667,1e-04,0.02943272,0.0010962328,0.033109408,0.05500491335988045,0.1130986362695694,0.012960446998476982,0.11384396255016327
2017,0.04314006492495537,1e-04,0.029421583,0.001095597,0.033099804,0.05496877431869507,0.11311471462249756,0.012963812798261642,0.11385873705148697
2018,0.04309992119669914,1e-04,0.029410452,0.0010949614,0.0330902,0.05493270978331566,0.11313079297542572,0.012967178598046303,0.11387351900339127
2019,0.04305985942482948,1e-04,0.029399322,0.0010943263,0.033080604,0.05489673092961311,0.11314696073532104,0.01297056395560503,0.11388838291168213
2020,0.0430198609828949,1e-04,0.029388206,0.0010936921,0.033071015,0.05486084893345833,0.11316318809986115,0.0129739660769701,0.11390332132577896
2021,0.04297993704676628,1e-04,0.029377103,0.0010930592,0.033061445,0.05482502281665802,0.11317941546440125,0.01297736819833517,0.1139182522892952
2022,0.04294008016586304,1e-04,0.029366001,0.0010924268,0.033051882,0.05478929355740547,0.11319570243358612,0.01298078428953886,0.11393324285745621
2023,0.04290030151605606,1e-04,0.02935491,0.0010917942,0.033042308,0.054753631353378296,0.11321200430393219,0.012984205037355423,0.11394825577735901
2024,0.04286058992147446,1e-04,0.029343808,0.0010911627,0.033032753,0.05471803992986679,0.11322826147079468,0.012987617403268814,0.11396323144435883
2025,0.04282095655798912,1e-04,0.029332744,0.0010905329,0.033023216,0.054682523012161255,0.11324456334114075,0.0129910409450531,0.11397824436426163
2026,0.04278138279914856,1e-04,0.02932168,0.0010899027,0.033013675,0.05464708432555199,0.1132609099149704,0.012994475662708282,0.1139933168888092
2027,0.04274187982082367,1e-04,0.029310605,0.0010892722,0.033004124,0.054611723870038986,0.11327727138996124,0.012997914105653763,0.11400839686393738
2028,0.04270245507359505,1e-04,0.029299555,0.001088644,0.032994606,0.05457644537091255,0.11329367756843567,0.013001365587115288,0.11402352899312973
2029,0.0426630973815918,1e-04,0.029288521,0.0010880161,0.032985087,0.05454123765230179,0.1133100837469101,0.013004815205931664,0.11403865367174149
2030,0.04262381047010422,1e-04,0.029277481,0.0010873886,0.032975577,0.0545060969889164,0.11332650482654572,0.013008271344006062,0.11405380815267563
2031,0.04258458688855171,1e-04,0.029266452,0.001086762,0.032966074,0.05447106435894966,0.11334304511547089,0.013011755421757698,0.11406908184289932
2032,0.042545441538095474,1e-04,0.029255426,0.0010861354,0.032956567,0.054436083883047104,0.11335958540439606,0.01301523856818676,0.11408434808254242
2033,0.04250635579228401,1e-04,0.029244402,0.0010855094,0.03294707,0.054401181638240814,0.11337608098983765,0.0130187151953578,0.11409958451986313
2034,0.04246734827756882,1e-04,0.02923339,0.0010848846,0.032937586,0.05436636134982109,0.1133926659822464,0.01302221231162548,0.114114910364151
2035,0.04242841154336929,1e-04,0.029222384,0.0010842598,0.0329281,0.05433161184191704,0.11340926587581635,0.013025712221860886,0.11413024365901947
2036,0.042389534413814545,1e-04,0.029211381,0.0010836362,0.03291863,0.054296936839818954,0.11342588067054749,0.013029218651354313,0.11414559930562973
2037,0.042350731790065765,1e-04,0.029200396,0.0010830128,0.03290916,0.05426234006881714,0.11344254016876221,0.013032734394073486,0.11416099965572357
2038,0.04231199622154236,1e-04,0.029189423,0.0010823909,0.03289971,0.0542277991771698,0.11345914006233215,0.013036239892244339,0.11417635530233383
2039,0.042273327708244324,1e-04,0.029178446,0.0010817688,0.032890253,0.05419335141777992,0.11347584426403046,0.013039768673479557,0.11419180780649185
2040,0.04223472997546196,1e-04,0.029167488,0.0010811482,0.032880817,0.05415895953774452,0.11349251866340637,0.013043290935456753,0.11420723050832748
2041,0.04219619557261467,1e-04,0.02915653,0.0010805273,0.032871377,0.05412466078996658,0.11350929737091064,0.013046839274466038,0.11422276496887207
2042,0.04215772822499275,1e-04,0.029145584,0.0010799073,0.032861944,0.05409042164683342,0.11352604627609253,0.0130503810942173,0.11423826217651367
2043,0.04211932793259621,1e-04,0.029134626,0.0010792876,0.03285251,0.05405626818537712,0.1135428249835968,0.01305393222719431,0.11425380408763885
2044,0.04208100587129593,1e-04,0.029123718,0.0010786698,0.03284311,0.05402218550443649,0.11355966329574585,0.013057495467364788,0.11426939815282822
2045,0.04204273968935013,1e-04,0.029112773,0.0010780514,0.03283369,0.053988173604011536,0.1135765016078949,0.013061062432825565,0.11428500711917877
2046,0.04200454428792,1e-04,0.029101849,0.0010774338,0.032824285,0.053954217582941055,0.11359329521656036,0.013064619153738022,0.11430056393146515
2047,0.04196641594171524,1e-04,0.029090932,0.001076817,0.03281489,0.05392034724354744,0.1136101633310318,0.01306819450110197,0.11431620270013809
2048,0.04192835092544556,1e-04,0.029080018,0.0010761999,0.032805488,0.053886547684669495,0.11362706124782562,0.013071775436401367,0.11433186382055283
2049,0.041890356689691544,1e-04,0.02906914,0.0010755855,0.03279612,0.053852830082178116,0.11364398896694183,0.013075366616249084,0.11434756964445114
2050,0.0418524332344532,1e-04,0.029058253,0.0010749708,0.03278675,0.05381916090846062,0.11366088688373566,0.013078950345516205,0.11436323821544647
2051,0.041814565658569336,1e-04,0.02904736,0.0010743566,0.03277738,0.053785573691129684,0.11367785930633545,0.013082552701234818,0.11437898874282837
2052,0.04177676513791084,1e-04,0.029036498,0.0010737434,0.032768026,0.053752075880765915,0.11369489133358002,0.013086170889437199,0.11439480632543564
2053,0.04173903167247772,1e-04,0.029025601,0.0010731291,0.03275865,0.053718630224466324,0.113711878657341,0.013089777901768684,0.11441056430339813
2054,0.04170136898756027,1e-04,0.029014764,0.001072518,0.03274932,0.053685255348682404,0.11372891068458557,0.01309339702129364,0.1144263818860054
2055,0.0416637621819973,1e-04,0.029003894,0.0010719054,0.032739967,0.05365195497870445,0.11374595761299133,0.013097020797431469,0.11444221436977386
2056,0.041626229882240295,1e-04,0.02899305,0.0010712945,0.032730635,0.05361872538924217,0.1137630045413971,0.013100645504891872,0.11445805430412292
2057,0.041588764637708664,1e-04,0.028982209,0.0010706834,0.0327213,0.05358557403087616,0.11378014087677002,0.013104291632771492,0.11447397619485855
2058,0.04155135527253151,1e-04,0.02897138,0.0010700739,0.032711983,0.05355248600244522,0.11379727721214294,0.013107938691973686,0.11448990553617477
2059,0.04151400923728943,1e-04,0.02896055,0.0010694641,0.032702662,0.05351946875452995,0.11381441354751587,0.013111588545143604,0.1145058423280716
2060,0.04147673398256302,1e-04,0.028949728,0.0010688555,0.032693356,0.05348651111125946,0.1138315349817276,0.013115234673023224,0.11452176421880722
2061,0.04143952205777168,1e-04,0.02893891,0.001068247,0.032684047,0.05345362424850464,0.11384868621826172,0.013118887320160866,0.11453770846128464
2062,0.04140237718820572,1e-04,0.028928129,0.0010676408,0.032674775,0.05342081934213638,0.1138659417629242,0.013122566044330597,0.1145537719130516
2063,0.04136528819799423,1e-04,0.028917337,0.0010670342,0.03266549,0.05338806286454201,0.1138831079006195,0.013126224279403687,0.11456973850727081
2064,0.04132826626300812,1e-04,0.028906533,0.0010664272,0.032656197,0.0533553808927536,0.11390030384063721,0.013129891827702522,0.114585742354393
2065,0.041291311383247375,1e-04,0.02889576,0.0010658219,0.032646928,0.05332278460264206,0.11391761898994446,0.013133588247001171,0.11460186541080475
2066,0.04125441238284111,1e-04,0.028884983,0.0010652168,0.03263766,0.0532902330160141,0.11393482983112335,0.01313726045191288,0.11461789160966873
2067,0.041217584162950516,1e-04,0.02887421,0.0010646124,0.0326284,0.0532577745616436,0.11395218968391418,0.01314096711575985,0.11463405936956406
2068,0.0411808155477047,1e-04,0.02886345,0.0010640082,0.032619137,0.05322538688778877,0.11396956443786621,0.013144679367542267,0.11465024948120117
2069,0.04114411398768425,1e-04,0.028852696,0.0010634051,0.03260989,0.05319305509328842,0.11398692429065704,0.01314838882535696,0.1146664246916771
2070,0.04110746830701828,1e-04,0.028841957,0.0010628029,0.032600656,0.05316079035401344,0.11400429904460907,0.013152102939784527,0.11468261480331421
2071,0.041070885956287384,1e-04,0.028831214,0.001062201,0.032591425,0.05312859266996384,0.11402168869972229,0.013155821710824966,0.11469882726669312
2072,0.04103437066078186,1e-04,0.02882047,0.0010615991,0.03258219,0.0530964620411396,0.1140390932559967,0.013159545138478279,0.11471506208181381
2073,0.04099791869521141,1e-04,0.02880975,0.0010609986,0.032572974,0.053064387291669846,0.11405645310878754,0.013163259252905846,0.11473124474287033
2074,0.040961530059576035,1e-04,0.028799037,0.0010603983,0.032563757,0.053032394498586655,0.11407391726970673,0.013166997581720352,0.1147475391626358
2075,0.040925197303295135,1e-04,0.028788334,0.001059799,0.032554556,0.05300045758485794,0.11409136652946472,0.01317073404788971,0.11476381868124008
2076,0.04088892415165901,1e-04,0.028777635,0.0010592005,0.03254536,0.0529685914516449,0.11410881578922272,0.013174472376704216,0.11478010565042496
2077,0.04085271805524826,1e-04,0.028766936,0.0010586017,0.03253616,0.05293680354952812,0.11412638425827026,0.013178237713873386,0.11479650437831879
2078,0.040816571563482285,1e-04,0.028756253,0.0010580047,0.032526985,0.05290506035089493,0.11414384841918945,0.013181980699300766,0.11481280624866486
2079,0.040780484676361084,1e-04,0.02874557,0.0010574074,0.032517802,0.052873410284519196,0.11416146159172058,0.013185758143663406,0.11482925713062286
2080,0.04074446111917496,1e-04,0.028734887,0.0010568106,0.032508623,0.05284181982278824,0.11417907476425171,0.013189537450671196,0.11484570801258087
2081,0.040708497166633606,1e-04,0.028724218,0.0010562144,0.03249945,0.05281028896570206,0.11419665813446045,0.013193311169743538,0.11486213654279709
2082,0.04067259654402733,1e-04,0.02871356,0.0010556193,0.032490294,0.05277882143855095,0.11421425640583038,0.013197088614106178,0.1148785799741745
2083,0.040636755526065826,1e-04,0.02870291,0.0010550251,0.03248115,0.05274740606546402,0.11423182487487793,0.013200860470533371,0.11489500105381012
2084,0.0406009703874588,1e-04,0.028692253,0.00105443,0.03247199,0.05271607264876366,0.11424949765205383,0.013204659335315228,0.1149115264415741
2085,0.04056525230407715,1e-04,0.028681627,0.0010538369,0.032462854,0.05268479138612747,0.11426711082458496,0.013208442367613316,0.1149279847741127
2086,0.04052959010004997,1e-04,0.028670983,0.0010532435,0.032453712,0.05265357717871666,0.11428476870059967,0.013212237507104874,0.11494449526071548
2087,0.04049399122595787,1e-04,0.028660366,0.001052652,0.0324446,0.05262242257595062,0.11430241167545319,0.013216031715273857,0.11496099829673767
2088,0.040458451956510544,1e-04,0.028649755,0.0010520605,0.03243548,0.05259134992957115,0.11432014405727386,0.013219847343862057,0.11497759819030762
2089,0.04042297229170799,1e-04,0.02863914,0.0010514692,0.032426365,0.05256034433841705,0.11433790624141693,0.013223670423030853,0.11499422043561935
2090,0.04038754850625992,1e-04,0.028628528,0.001050878,0.03241725,0.052529383450746536,0.11435563862323761,0.013227486982941628,0.1150108128786087
2091,0.04035218432545662,1e-04,0.028617939,0.0010502887,0.03240816,0.05249851569533348,0.11437347531318665,0.013231329619884491,0.115027517080307
2092,0.04031688719987869,1e-04,0.028607333,0.0010496983,0.032399047,0.05246766656637192,0.11439117789268494,0.013235140591859818,0.11504407972097397
2093,0.040281638503074646,1e-04,0.028596759,0.0010491101,0.03238997,0.05243690311908722,0.11440896987915039,0.013238973915576935,0.11506073921918869
2094,0.04024645313620567,1e-04,0.028586188,0.0010485224,0.032380898,0.05240621417760849,0.11442682147026062,0.01324282307177782,0.11507746577262878
2095,0.040211327373981476,1e-04,0.028575623,0.0010479352,0.032371826,0.05237558111548424,0.11444467306137085,0.013246672227978706,0.11509418487548828
2096,0.040176257491111755,1e-04,0.028565051,0.0010473471,0.03236274,0.05234501138329506,0.11446252465248108,0.013250524178147316,0.11511091887950897
2097,0.04014125093817711,1e-04,0.028554494,0.0010467608,0.032353684,0.05231449007987976,0.11448036134243011,0.013254372403025627,0.11512763798236847
2098,0.04010629281401634,1e-04,0.028543947,0.0010461753,0.03234463,0.052284032106399536,0.11449821293354034,0.013258225284516811,0.11514436453580856
2099,0.04007139801979065,1e-04,0.028533394,0.001045589,0.03233557,0.05225365608930588,0.11451615393161774,0.013262099586427212,0.11516118794679642
2100,0.04003656283020973,1e-04,0.02852287,0.001045005,0.032326538,0.0522233322262764,0.11453405022621155,0.01326596550643444,0.11517797410488129
2101,0.04000178724527359,1e-04,0.028512344,0.001044421,0.032317504,0.0521930567920208,0.11455193161964417,0.013269827701151371,0.11519473791122437
2102,0.039967067539691925,1e-04,0.028501816,0.0010438372,0.03230847,0.05216286703944206,0.11456994712352753,0.013273722492158413,0.11521164327859879
2103,0.03993239998817444,1e-04,0.028491303,0.001043254,0.032299444,0.05213271826505661,0.11458788812160492,0.013277600519359112,0.11522847414016724
2104,0.03989779204130173,1e-04,0.02848079,0.0010426716,0.032290425,0.05210265517234802,0.11460590362548828,0.013281498104333878,0.11524537950754166
2105,0.03986324369907379,1e-04,0.028470278,0.0010420893,0.03228141,0.05207262560725212,0.11462385952472687,0.013285381719470024,0.1152622327208519
2106,0.03982875496149063,1e-04,0.028459795,0.0010415086,0.032272413,0.05204268544912338,0.11464191973209381,0.01328929141163826,0.1152791902422905
2107,0.03979432210326195,1e-04,0.028449306,0.0010409276,0.03226341,0.05201278254389763,0.11465993523597717,0.01329319179058075,0.11529610306024551
2108,0.039759937673807144,1e-04,0.02843883,0.0010403477,0.03225442,0.05198294296860695,0.11467795073986053,0.01329709216952324,0.11531301587820053
2109,0.03972562029957771,1e-04,0.028428353,0.0010397687,0.032245446,0.051953162997961044,0.11469601094722748,0.013301005586981773,0.11532998830080032
2110,0.03969134762883186,1e-04,0.028417895,0.0010391895,0.032236464,0.051923464983701706,0.11471414566040039,0.01330493576824665,0.11534702032804489
2111,0.03965713828802109,1e-04,0.02840742,0.0010386102,0.032227475,0.051893819123506546,0.1147322803735733,0.013308866880834103,0.11536405980587006
2112,0.03962298482656479,1e-04,0.02839697,0.0010380332,0.032218523,0.051864225417375565,0.11475038528442383,0.013312792405486107,0.11538107693195343
2113,0.039588890969753265,1e-04,0.028386518,0.0010374562,0.032209568,0.05183468759059906,0.11476847529411316,0.013316716998815536,0.11539807915687561
2114,0.03955484926700592,1e-04,0.028376078,0.001036879,0.032200605,0.051805198192596436,0.1147865504026413,0.013320637866854668,0.1154150664806366
2115,0.039520859718322754,1e-04,0.028365657,0.0010363038,0.03219167,0.05177578330039978,0.11480472981929779,0.013324585743248463,0.11543217301368713
2116,0.039486926048994064,1e-04,0.028355232,0.0010357284,0.032182734,0.0517464354634285,0.11482290923595428,0.013328532688319683,0.11544926464557648
2117,0.03945305943489075,1e-04,0.02834481,0.0010351534,0.0321738,0.051717132329940796,0.11484107375144958,0.01333247683942318,0.11546634137630463
2118,0.03941923379898071,1e-04,0.0283344,0.0010345788,0.032164868,0.05168789252638817,0.11485926806926727,0.013336430303752422,0.11548346281051636
2119,0.039385467767715454,1e-04,0.028323991,0.0010340047,0.032155942,0.05165870487689972,0.11487744748592377,0.013340380042791367,0.1155005618929863
2120,0.03935175761580467,1e-04,0.028313607,0.0010334327,0.032147046,0.05162958800792694,0.11489568650722504,0.01334434561431408,0.11551772803068161
2121,0.03931809961795807,1e-04,0.028303204,0.0010328596,0.03213813,0.05160052701830864,0.1149139553308487,0.013348320499062538,0.11553493142127991
2122,0.03928449749946594,1e-04,0.02829283,0.0010322878,0.032129236,0.051571525633335114,0.11493222415447235,0.013352293521165848,0.11555212736129761
2123,0.039250947535037994,1e-04,0.028282428,0.0010317155,0.03212033,0.05154259502887726,0.11495053768157959,0.013356279581785202,0.11556936800479889
2124,0.03921746090054512,1e-04,0.028272072,0.001031146,0.032111462,0.05151369795203209,0.11496879160404205,0.013360252603888512,0.11558655649423599
2125,0.039184022694826126,1e-04,0.028261706,0.0010305748,0.032102566,0.051484864205121994,0.1149870753288269,0.013364233076572418,0.11560377478599548
2126,0.03915063664317131,1e-04,0.028251344,0.001030005,0.032093693,0.05145609751343727,0.11500541865825653,0.013368229381740093,0.11562106013298035
2127,0.03911730274558067,1e-04,0.028240984,0.0010294359,0.032084823,0.05142737925052643,0.11502371728420258,0.013372216373682022,0.11563830077648163
2128,0.03908402845263481,1e-04,0.028230645,0.001028867,0.032075956,0.051398713141679764,0.1150420606136322,0.013376213610172272,0.1156555786728859
2129,0.03905079886317253,1e-04,0.028220309,0.0010282989,0.032067098,0.05137011408805847,0.11506041884422302,0.013380215503275394,0.11567287892103195
2130,0.039017628878355026,1e-04,0.028209971,0.0010277313,0.03205825,0.05134155601263046,0.11507873237133026,0.01338420994579792,0.11569014936685562
2131,0.0389845110476017,1e-04,0.028199648,0.001027164,0.0320494,0.051313064992427826,0.11509710550308228,0.013388216495513916,0.11570746451616287
2132,0.03895144909620285,1e-04,0.028189333,0.0010265984,0.032040574,0.05128464475274086,0.11511552333831787,0.013392237015068531,0.1157248318195343
2133,0.03891843929886818,1e-04,0.028179027,0.0010260324,0.03203174,0.05125625804066658,0.11513389647006989,0.013396247290074825,0.11574216187000275
2134,0.03888547793030739,1e-04,0.028168725,0.0010254671,0.032022916,0.05122794955968857,0.11515234410762787,0.013400275260210037,0.11575955897569656
2135,0.038852572441101074,1e-04,0.028158417,0.001024902,0.03201409,0.051199689507484436,0.11517082154750824,0.01340431161224842,0.11577699333429337
2136,0.03881971538066864,1e-04,0.028148115,0.0010243373,0.03200527,0.05117148905992508,0.11518928408622742,0.01340834517031908,0.11579440534114838
2137,0.03878691792488098,1e-04,0.028137827,0.0010237736,0.031996462,0.0511433407664299,0.11520776152610779,0.013412384316325188,0.11581184715032578
2138,0.0387541688978672,1e-04,0.028127545,0.0010232107,0.031987663,0.0511152446269989,0.11522623896598816,0.013416423462331295,0.11582928895950317
2139,0.0387214720249176,1e-04,0.028117271,0.0010226489,0.031978883,0.05108719319105148,0.11524465680122375,0.013420449569821358,0.1158466637134552
2140,0.03868882730603218,1e-04,0.028107012,0.0010220861,0.03197008,0.05105919763445854,0.11526311933994293,0.01342448778450489,0.1158640906214714
2141,0.03865623474121094,1e-04,0.02809677,0.0010215255,0.03196131,0.051031261682510376,0.1152815967798233,0.01342853158712387,0.1158815398812294
2142,0.03862369433045387,1e-04,0.028086511,0.0010209646,0.031952538,0.05100337788462639,0.11530005931854248,0.013432572595775127,0.1158989742398262
2143,0.038591209799051285,1e-04,0.028076276,0.0010204046,0.031943772,0.050975553691387177,0.11531859636306763,0.013436630368232727,0.11591648310422897
2144,0.03855876624584198,1e-04,0.02806603,0.0010198449,0.03193501,0.05094778537750244,0.11533711850643158,0.013440687209367752,0.11593397706747055
2145,0.03852638602256775,1e-04,0.028055796,0.0010192854,0.03192625,0.05092007666826248,0.11535570025444031,0.013444758951663971,0.1159515380859375
2146,0.0384940467774868,1e-04,0.028045567,0.0010187265,0.031917494,0.0508924201130867,0.11537426710128784,0.013448827899992466,0.11596908420324326
2147,0.03846175968647003,1e-04,0.028035337,0.0010181678,0.031908743,0.0508648157119751,0.11539284884929657,0.013452901504933834,0.1159866452217102
2148,0.03842952102422714,1e-04,0.028025126,0.0010176107,0.03190001,0.05083726719021797,0.11541144549846649,0.013456979766488075,0.11600422114133835
2149,0.03839734196662903,1e-04,0.028014923,0.0010170542,0.031891286,0.05080976337194443,0.11543002724647522,0.013461055234074593,0.1160217896103859
2150,0.038365207612514496,1e-04,0.028004711,0.0010164967,0.031882547,0.050782304257154465,0.11544859409332275,0.01346512883901596,0.11603934317827225
2151,0.038333117961883545,1e-04,0.027994527,0.0010159415,0.031873837,0.05075491592288017,0.11546719074249268,0.013469209894537926,0.11605692654848099
2152,0.038301095366477966,1e-04,0.027984349,0.0010153867,0.03186513,0.050727568566799164,0.1154857724905014,0.013473289087414742,0.11607449501752853
2153,0.03826911002397537,1e-04,0.027974168,0.0010148315,0.03185642,0.05070028081536293,0.11550439894199371,0.013477379456162453,0.11609211564064026
2154,0.03823717683553696,1e-04,0.027963996,0.0010142772,0.03184772,0.05067303776741028,0.11552299559116364,0.013481462374329567,0.116109699010849
2155,0.03820529952645302,1e-04,0.027953828,0.0010137238,0.031839028,0.0506458505988121,0.11554162204265594,0.013485556468367577,0.11612732708454132
2156,0.03817346319556236,1e-04,0.027943654,0.0010131696,0.031830326,0.0506187304854393,0.11556030809879303,0.01348966360092163,0.11614501476287842
2157,0.038141682744026184,1e-04,0.027933499,0.0010126169,0.031821642,0.05059165507555008,0.11557899415493011,0.013493770733475685,0.11616268754005432
2158,0.03810994699597359,1e-04,0.027923351,0.0010120651,0.03181297,0.050564639270305634,0.1155976951122284,0.013497884385287762,0.11618039757013321
2159,0.03807826712727547,1e-04,0.02791321,0.0010115138,0.031804305,0.05053766816854477,0.11561641097068787,0.013502001762390137,0.1161981150507927
2160,0.03804663196206093,1e-04,0.027903082,0.0010109637,0.031795654,0.05051072686910629,0.11563503742218018,0.013506099581718445,0.11621574312448502
2161,0.03801504150032997,1e-04,0.027892953,0.0010104127,0.03178699,0.050483860075473785,0.11565373837947845,0.013510216027498245,0.1162334531545639
2162,0.03798351064324379,1e-04,0.02788283,0.0010098629,0.03177834,0.05045703053474426,0.11567242443561554,0.013514330610632896,0.1162511557340622
2163,0.03795201703906059,1e-04,0.027872719,0.0010093133,0.031769693,0.05043027549982071,0.1156911551952362,0.013518454506993294,0.11626888811588287
2164,0.03792057931423187,1e-04,0.0278626,0.0010087644,0.03176105,0.05040356144309044,0.11570990085601807,0.013522585853934288,0.11628665030002594
2165,0.03788919001817703,1e-04,0.027852505,0.0010082161,0.03175242,0.05037688463926315,0.11572861671447754,0.013526707887649536,0.11630437523126602
2166,0.03785784915089607,1e-04,0.027842412,0.0010076683,0.03174379,0.05035029724240303,0.11574743688106537,0.013530858792364597,0.11632221937179565
2167,0.03782656043767929,1e-04,0.027832314,0.0010071212,0.03173517,0.0503237247467041,0.11576618254184723,0.013534991070628166,0.11633998155593872
2168,0.037795308977365494,1e-04,0.027822232,0.0010065744,0.031726558,0.05029721185564995,0.11578492820262909,0.013539125211536884,0.11635774374008179
2169,0.037764113396406174,1e-04,0.02781216,0.0010060287,0.031717956,0.05027073994278908,0.11580368876457214,0.013543264009058475,0.11637552827596664
2170,0.037732962518930435,1e-04,0.02780209,0.0010054826,0.031709347,0.05024433135986328,0.11582246422767639,0.01354740746319294,0.1163933277130127
2171,0.03770186007022858,1e-04,0.027792022,0.0010049379,0.031700756,0.05021797865629196,0.11584129929542542,0.013551564887166023,0.11641118675470352
2172,0.0376708060503006,1e-04,0.027781954,0.0010043925,0.03169215,0.050191670656204224,0.11586013436317444,0.013555724173784256,0.11642905324697495
2173,0.0376397967338562,1e-04,0.027771905,0.0010038485,0.031683568,0.05016540363430977,0.11587889492511749,0.01355986762791872,0.1164468452334404
2174,0.03760884329676628,1e-04,0.027761862,0.0010033059,0.031675003,0.050139185041189194,0.11589768528938293,0.013564018532633781,0.11646466702222824
2175,0.037577927112579346,1e-04,0.02775182,0.0010027625,0.031666424,0.05011302977800369,0.11591653525829315,0.013568185269832611,0.11648255586624146
2176,0.03754706680774689,1e-04,0.02774179,0.00100222,0.03165786,0.050086911767721176,0.11593534052371979,0.013572340831160545,0.11650039255619049
2177,0.03751624748110771,1e-04,0.027731761,0.0010016782,0.0316493,0.050060831010341644,0.11595411598682404,0.013576491735875607,0.11651820689439774
2178,0.03748547285795212,1e-04,0.027721748,0.0010011367,0.031640746,0.05003482848405838,0.11597301065921783,0.013580672442913055,0.11653614044189453
2179,0.0374547503888607,1e-04,0.027711727,0.0010005954,0.03163219,0.0500088669359684,0.11599189043045044,0.01358485035598278,0.11655406653881073
2180,0.03742407634854317,1e-04,0.027701719,0.0010000552,0.03162365,0.04998296499252319,0.11601081490516663,0.013589037582278252,0.11657202988862991
2181,0.037393443286418915,1e-04,0.027691714,0.0009995154,0.031615112,0.04995708912611008,0.11602964997291565,0.01359320618212223,0.11658990383148193
2182,0.03736285865306854,1e-04,0.027681723,0.000998977,0.031606596,0.04993128404021263,0.11604860424995422,0.013597402721643448,0.1166079044342041
2183,0.03733231872320175,1e-04,0.027671723,0.0009984374,0.03159806,0.049905501306056976,0.11606740951538086,0.013601568527519703,0.11662576347589493
2184,0.03730183094739914,1e-04,0.027661746,0.0009978996,0.03158955,0.04987978935241699,0.11608636379241943,0.013605768792331219,0.11664377152919769
2185,0.03727138414978981,1e-04,0.02765178,0.0009973617,0.031581033,0.0498540960252285,0.11610519886016846,0.01360994204878807,0.11666165292263031
2186,0.03724098205566406,1e-04,0.027641805,0.0009968245,0.03157253,0.04982847347855568,0.11612410843372345,0.013614133931696415,0.11667962372303009
2187,0.037210628390312195,1e-04,0.027631843,0.0009962874,0.03156402,0.04980289936065674,0.11614301800727844,0.013618327677249908,0.11669758707284927
2188,0.03718032315373421,1e-04,0.02762191,0.0009957529,0.031555552,0.04977735877037048,0.11616191267967224,0.013622516766190529,0.11671553552150726
2189,0.0371500626206398,1e-04,0.027611941,0.0009952165,0.031547055,0.04975186660885811,0.11618080735206604,0.013626708649098873,0.11673349142074585
2190,0.03711983934044838,1e-04,0.027601996,0.0009946813,0.03153857,0.04972642660140991,0.11619973182678223,0.013630908913910389,0.11675148457288742
2191,0.03708966076374054,1e-04,0.027592055,0.0009941463,0.031530086,0.049701038748025894,0.1162186712026596,0.013635112904012203,0.11676948517560959
2192,0.037059538066387177,1e-04,0.027582126,0.0009936128,0.031521626,0.04967571794986725,0.11623771488666534,0.013639342039823532,0.11678759008646011
2193,0.0370294563472271,1e-04,0.027572185,0.0009930787,0.03151315,0.04965042322874069,0.11625665426254272,0.013643547892570496,0.11680559813976288
2194,0.0369994230568409,1e-04,0.02756227,0.0009925459,0.031504694,0.04962516203522682,0.11627556383609772,0.01364775002002716,0.11682358384132385
2195,0.03696942701935768,1e-04,0.027552368,0.0009920144,0.03149626,0.049599964171648026,0.11629454791545868,0.01365196704864502,0.1168416291475296
2196,0.036939479410648346,1e-04,0.027542457,0.0009914818,0.031487804,0.04957479611039162,0.11631347239017487,0.013656172901391983,0.11685962975025177
2197,0.036909572780132294,1e-04,0.027532553,0.0009909499,0.03147936,0.04954969882965088,0.11633247137069702,0.013660398311913013,0.11687770485877991
2198,0.03687971830368042,1e-04,0.027522659,0.0009904198,0.031470936,0.04952463135123253,0.11635144054889679,0.013664616271853447,0.11689575016498566
2199,0.03684990480542183,1e-04,0.027512776,0.0009898896,0.031462513,0.04949961230158806,0.11637042462825775,0.013668839819729328,0.1169138103723526
2200,0.03682013228535652,1e-04,0.027502881,0.0009893589,0.031454075,0.049474652856588364,0.1163894534111023,0.013673074543476105,0.11693192273378372
2201,0.036790404468774796,1e-04,0.027493015,0.0009888299,0.031445667,0.049449723213911057,0.11640845239162445,0.013677303679287434,0.11695000529289246
2202,0.03676072135567665,1e-04,0.027483145,0.0009883009,0.03143725,0.04942483827471733,0.11642743647098541,0.013681530952453613,0.11696807295084
2203,0.03673107922077179,1e-04,0.02747327,0.000987772,0.03142884,0.049400001764297485,0.11644642055034637,0.013685757294297218,0.11698614060878754
2204,0.03670148923993111,5e-05,0.027463416,0.0009872442,0.031420443,0.04938265681266785,0.1164342612028122,0.013682925142347813,0.11697403341531754
2205,0.03668671101331711,5e-05,0.027458495,0.0009869805,0.031416245,0.04936537146568298,0.11642231047153473,0.013680142350494862,0.11696214228868484
2206,0.036671947687864304,5e-05,0.027453566,0.0009867173,0.031412058,0.04934816062450409,0.11641061305999756,0.013677417300641537,0.11695048958063126
2207,0.036657195538282394,5e-05,0.027448645,0.0009864535,0.031407855,0.04933099076151848,0.11639906466007233,0.013674726709723473,0.1169389858841896
2208,0.03664245456457138,5e-05,0.027443701,0.0009861895,0.031403653,0.04931391030550003,0.11638778448104858,0.013672098517417908,0.11692775040864944
2209,0.03662773221731186,2.5e-05,0.027438773,0.0009859258,0.031399455,0.04930054023861885,0.11636100709438324,0.013665957376360893,0.11690148711204529
2210,0.0366203747689724,2.5e-05,0.027436301,0.0009857938,0.031397354,0.04928726330399513,0.11633458733558655,0.013659901916980743,0.11687558144330978
2211,0.03661302477121353,2.5e-05,0.027433833,0.0009856619,0.031395253,0.049274053424596786,0.11630843579769135,0.013653907924890518,0.11684993654489517
2212,0.036605674773454666,2.5e-05,0.027431374,0.0009855308,0.031393163,0.04926091805100441,0.11628259718418121,0.013647986575961113,0.11682459712028503
2213,0.0365983285009861,2.5e-05,0.0274289,0.0009853985,0.031391058,0.049247849732637405,0.11625702679157257,0.013642128556966782,0.11679952591657639
2214,0.03659098595380783,2.5e-05,0.02742643,0.000985267,0.031388965,0.049234870821237564,0.11623184382915497,0.013636359944939613,0.11677482724189758
2215,0.03658364713191986,2.5e-05,0.027423946,0.0009851346,0.031386856,0.0492219403386116,0.11620685458183289,0.013630636036396027,0.1167503148317337
2216,0.03657630831003189,1.25e-05,0.027421484,0.0009850035,0.031384766,0.04921092838048935,0.11617438495159149,0.013623223640024662,0.11671856790781021
2217,0.036572642624378204,1.25e-05,0.027420254,0.0009849371,0.031383708,0.04919998347759247,0.11614219844341278,0.01361587643623352,0.11668708920478821
2218,0.03656897693872452,1.25e-05,0.027419006,0.0009848706,0.031382646,0.049189113080501556,0.11611033976078033,0.013608606532216072,0.11665593087673187
2219,0.03656531125307083,1.25e-05,0.027417764,0.0009848045,0.031381596,0.04917833209037781,0.11607886850833893,0.013601427897810936,0.11662515997886658
2220,0.036561641842126846,6.25e-06,0.027416535,0.000984739,0.031380553,0.04916854575276375,0.1160438060760498,0.013593439944088459,0.11659090965986252
2221,0.0365598127245903,6.25e-06,0.027415916,0.0009847058,0.03138002,0.049158837646245956,0.11600907146930695,0.0135855283588171,0.11655697226524353
2222,0.03655798360705376,6.25e-06,0.0274153,0.0009846735,0.031379506,0.049149222671985626,0.11597473919391632,0.013577712699770927,0.11652344465255737
2223,0.03655615076422691,6.25e-06,0.027414674,0.0009846397,0.03137897,0.049139682203531265,0.11594073474407196,0.013569973409175873,0.11649022996425629
2224,0.03655431792140007,6.25e-06,0.027414063,0.0009846069,0.031378448,0.04913023114204407,0.11590705811977386,0.013562310487031937,0.11645733565092087
2225,0.036552488803863525,3.125e-06,0.027413443,0.0009845736,0.031377915,0.04912131652235985,0.115871861577034,0.01355430856347084,0.11642297357320786
2226,0.036551568657159805,3.125e-06,0.027413124,0.0009845569,0.03137765,0.049112480133771896,0.11583694815635681,0.013546371832489967,0.11638887971639633
2227,0.036550648510456085,3.125e-06,0.027412822,0.0009845403,0.031377386,0.04910372197628021,0.11580236256122589,0.013538513332605362,0.11635511368513107
2228,0.036549732089042664,3.125e-06,0.02741251,0.0009845238,0.03137712,0.04909507930278778,0.11576825380325317,0.013530764728784561,0.11632181704044342
2229,0.03654881939291954,1.5625e-06,0.027412197,0.0009845075,0.03137686,0.049086716026067734,0.11573341488838196,0.013522856868803501,0.11628782004117966
2230,0.03654836118221283,1.5625e-06,0.027412042,0.0009844989,0.031376727,0.04907844588160515,0.11569894850254059,0.013515032827854156,0.11625417321920395
2231,0.03654790297150612,1.5625e-06,0.027411887,0.0009844907,0.031376597,0.049070265144109726,0.11566485464572906,0.01350729912519455,0.11622090637683868
2232,0.036547448486089706,1.5625e-06,0.02741173,0.0009844824,0.031376462,0.049062151461839676,0.115631103515625,0.01349964365363121,0.11618796736001968
2233,0.0365469828248024,1.5625e-06,0.027411574,0.0009844744,0.031376336,0.04905412718653679,0.1155976802110672,0.013492063619196415,0.11615534126758575
2234,0.036546528339385986,1.5625e-06,0.027411414,0.0009844656,0.031376194,0.04904618486762047,0.11556461453437805,0.013484569266438484,0.11612308025360107
2235,0.036546073853969574,1.5625e-06,0.02741126,0.0009844576,0.031376068,0.04903830960392952,0.11553187668323517,0.013477151282131672,0.11609113216400146
2236,0.036545608192682266,1.5625e-06,0.02741109,0.0009844488,0.031375926,0.04903053492307663,0.11549952626228333,0.013469822704792023,0.1160595640540123
2237,0.036545149981975555,7.8125e-07,0.027410947,0.0009844411,0.031375807,0.04902292415499687,0.11546692252159119,0.013462439179420471,0.11602775007486343
2238,0.03654492273926735,7.8125e-07,0.027410856,0.0009844364,0.03137573,0.04901540279388428,0.11543470621109009,0.013455145992338657,0.11599631607532501
2239,0.036544691771268845,7.8125e-07,0.027410788,0.0009844326,0.03137567,0.04900796711444855,0.11540281772613525,0.013447929173707962,0.11596520990133286
2240,0.03654446452856064,7.8125e-07,0.027410716,0.0009844288,0.03137561,0.049000587314367294,0.1153712123632431,0.013440779410302639,0.11593437194824219
2241,0.036544233560562134,3.90625e-07,0.027410634,0.0009844248,0.031375546,0.04899334907531738,0.11533971130847931,0.013433653861284256,0.11590363830327988
2242,0.03654411807656288,3.90625e-07,0.027410587,0.0009844223,0.031375505,0.04898618906736374,0.11530852317810059,0.013426603749394417,0.11587322503328323
2243,0.03654400259256363,3.90625e-07,0.027410539,0.0009844196,0.03137546,0.04897909238934517,0.11527767777442932,0.01341963093727827,0.11584313213825226
2244,0.03654388338327408,3.90625e-07,0.027410507,0.0009844181,0.031375438,0.048972077667713165,0.11524710059165955,0.013412721455097198,0.11581330746412277
2245,0.036543771624565125,1.953125e-07,0.027410468,0.0009844162,0.03137541,0.04896517097949982,0.11521679162979126,0.013405874371528625,0.11578373610973358
2246,0.03654371574521065,1.953125e-07,0.027410442,0.0009844151,0.03137539,0.048958323895931244,0.11518670618534088,0.013399080373346806,0.1157543957233429
2247,0.03654365986585617,1.953125e-07,0.02741043,0.0009844146,0.031375382,0.04895154759287834,0.11515693366527557,0.013392359018325806,0.11572536081075668
2248,0.036543600261211395,1.953125e-07,0.027410401,0.0009844125,0.03137535,0.048944830894470215,0.11512745916843414,0.013385705649852753,0.11569660902023315
2249,0.03654354065656662,1.953125e-07,0.027410382,0.0009844116,0.031375334,0.04893819987773895,0.11509829759597778,0.01337912492454052,0.1156681701540947
2250,0.03654348477721214,1.953125e-07,0.027410364,0.0009844105,0.03137532,0.04893163964152336,0.1150694340467453,0.013372614979743958,0.11564002186059952
2251,0.036543432623147964,1e-07,0.027410338,0.0009844092,0.031375296,0.04892514646053314,0.11504079401493073,0.013366155326366425,0.11561208963394165
2252,0.03654339909553528,1e-07,0.027410315,0.0009844084,0.031375285,0.048918724060058594,0.11501245200634003,0.013359764590859413,0.11558444797992706
2253,0.03654336556792259,1e-07,0.027410313,0.0009844083,0.03137528,0.04891236871480942,0.11498439311981201,0.0133534399792552,0.11555708199739456
2254,0.036543335765600204,1e-07,0.027410299,0.0009844076,0.03137527,0.048906080424785614,0.11495661735534668,0.013347179628908634,0.11552999168634415
2255,0.036543309688568115,1e-07,0.027410293,0.0009844071,0.031375263,0.048899855464696884,0.11492912471294403,0.013340986333787441,0.11550318449735641
2256,0.03654327616095543,1e-07,0.027410274,0.0009844064,0.03137525,0.048893705010414124,0.11490193009376526,0.013334862887859344,0.11547667533159256
2257,0.03654325008392334,1e-07,0.02741027,0.0009844064,0.03137525,0.048887595534324646,0.1148749440908432,0.013328785076737404,0.11545035988092422
2258,0.03654322028160095,1e-07,0.02741026,0.0009844057,0.03137524,0.048881568014621735,0.1148483008146286,0.013322786428034306,0.11542437225580215
2259,0.036543190479278564,1e-07,0.027410245,0.0009844053,0.031375233,0.048875607550144196,0.11482194066047668,0.01331685483455658,0.11539867520332336
2260,0.03654315695166588,1e-07,0.027410232,0.000984404,0.031375214,0.04886968806385994,0.11479577422142029,0.013310966081917286,0.1153731569647789
2261,0.03654312714934349,1e-07,0.027410218,0.0009844042,0.03137522,0.04886384680867195,0.11476993560791016,0.01330515369772911,0.1153479665517807
2262,0.0365430973470211,1e-07,0.027410207,0.0009844032,0.0313752,0.04885805398225784,0.11474432051181793,0.01329939253628254,0.11532299220561981
2263,0.036543067544698715,1e-07,0.027410202,0.000984403,0.031375196,0.048852331936359406,0.1147189736366272,0.013293693773448467,0.11529827862977982
2264,0.03654303774237633,1e-07,0.027410189,0.0009844025,0.03137519,0.04884665459394455,0.11469386518001556,0.013288050889968872,0.11527381092309952
2265,0.03654300794005394,1e-07,0.02741018,0.0009844023,0.031375185,0.048841044306755066,0.11466903984546661,0.013282470405101776,0.11524960398674011
2266,0.036542974412441254,1e-07,0.027410164,0.0009844016,0.031375173,0.04883548989892006,0.11464443802833557,0.013276942074298859,0.11522561311721802
2267,0.036542948335409164,1e-07,0.027410144,0.0009844004,0.031375155,0.04882998764514923,0.11462010443210602,0.013271475210785866,0.11520189046859741
2268,0.03654291108250618,1e-07,0.027410142,0.0009844006,0.03137516,0.04882455989718437,0.11459605395793915,0.01326607447117567,0.11517844349145889
2269,0.03654288873076439,1e-07,0.02741013,0.0009843999,0.031375147,0.048819173127412796,0.11457216739654541,0.01326071098446846,0.1151551604270935
2270,0.0365428552031517,1e-07,0.027410118,0.0009843988,0.03137513,0.0488138347864151,0.11454856395721436,0.013255411759018898,0.11513214558362961
2271,0.03654282167553902,1e-07,0.02741011,0.000984399,0.031375133,0.048808567225933075,0.11452522873878479,0.013250174932181835,0.1151094064116478
2272,0.03654278814792633,1e-07,0.02741008,0.0009843973,0.031375106,0.04880335181951523,0.11450208723545074,0.013244982808828354,0.11508684605360031
2273,0.03654276579618454,1e-07,0.027410083,0.0009843973,0.031375106,0.04879818484187126,0.114479199051857,0.013239848427474499,0.11506453901529312
2274,0.036542732268571854,1e-07,0.027410073,0.0009843971,0.031375103,0.04879305884242058,0.11445650458335876,0.013234756886959076,0.11504241079092026
2275,0.03654269874095917,1e-07,0.02741005,0.0009843957,0.03137508,0.048788007348775864,0.11443409323692322,0.013229732401669025,0.11502057313919067
2276,0.03654267266392708,1e-07,0.027410038,0.0009843953,0.031375073,0.048782993108034134,0.114411860704422,0.013224747031927109,0.11499889940023422
2277,0.03654264286160469,1e-07,0.027410032,0.0009843953,0.031375073,0.04877803102135658,0.11438985168933868,0.013219812884926796,0.11497744172811508
2278,0.0365426130592823,1e-07,0.027410015,0.0009843943,0.031375058,0.04877312108874321,0.11436809599399567,0.013214937411248684,0.11495624482631683
2279,0.03654257953166962,1e-07,0.027409995,0.0009843935,0.031375047,0.048768267035484314,0.11434654891490936,0.013210108503699303,0.11493523418903351
2280,0.03654254972934723,1e-07,0.027409991,0.0009843931,0.03137504,0.0487634539604187,0.11432518064975739,0.013205321505665779,0.1149144098162651
2281,0.03654252365231514,1e-07,0.027409991,0.0009843934,0.031375043,0.048758696764707565,0.1143040806055069,0.01320059597492218,0.1148938462138176
2282,0.03654249384999275,1e-07,0.02740998,0.0009843927,0.031375032,0.04875398799777031,0.11428318917751312,0.013195917010307312,0.1148734837770462
2283,0.036542460322380066,1e-07,0.027409954,0.0009843912,0.03137501,0.048749327659606934,0.11426250636577606,0.013191288337111473,0.11485333740711212
2284,0.03654243052005768,1e-07,0.027409941,0.0009843911,0.031375006,0.04874470457434654,0.11424200236797333,0.013186696916818619,0.11483334749937057
2285,0.03654239699244499,1e-07,0.027409932,0.0009843899,0.031374987,0.048740144819021225,0.11422175168991089,0.01318216510117054,0.11481361091136932
2286,0.036542367190122604,1e-07,0.027409926,0.00098439,0.03137499,0.048735611140728,0.114201620221138,0.0131776612251997,0.11479399353265762
2287,0.03654233738780022,1e-07,0.027409917,0.0009843895,0.03137498,0.04873114824295044,0.11418181657791138,0.013173229992389679,0.114774689078331
2288,0.03654230758547783,1e-07,0.027409904,0.000984389,0.031374972,0.04872671142220497,0.11416210234165192,0.01316882111132145,0.11475548148155212
2289,0.03654227778315544,1e-07,0.027409881,0.0009843877,0.031374954,0.04872233420610428,0.11414267122745514,0.013164475560188293,0.11473654955625534
2290,0.036542244255542755,1e-07,0.027409872,0.0009843872,0.031374946,0.04871799796819687,0.1141234040260315,0.013160167261958122,0.11471777409315109
2291,0.03654221445322037,1e-07,0.027409866,0.0009843874,0.031374946,0.04871369153261185,0.1141042709350586,0.013155889697372913,0.11469912528991699
2292,0.03654219210147858,1e-07,0.027409857,0.0009843865,0.031374935,0.0487094484269619,0.11408542096614838,0.013151678256690502,0.11468076705932617
2293,0.03654215484857559,1e-07,0.027409842,0.0009843857,0.03137492,0.04870523139834404,0.11406669020652771,0.013147491030395031,0.11466250568628311
2294,0.036542125046253204,1e-07,0.027409831,0.0009843853,0.031374913,0.04870106652379036,0.11404818296432495,0.013143355958163738,0.11464447528123856
2295,0.036542098969221115,1e-07,0.02740982,0.0009843849,0.03137491,0.04869694635272026,0.11402986943721771,0.013139264658093452,0.11462663114070892
2296,0.03654206544160843,1e-07,0.027409807,0.0009843842,0.031374898,0.048692863434553146,0.1140117198228836,0.013135210610926151,0.11460894346237183
2297,0.03654203563928604,1e-07,0.027409798,0.0009843837,0.03137489,0.048688821494579315,0.11399377882480621,0.013131204061210155,0.11459146440029144
2298,0.036542002111673355,1e-07,0.027409784,0.0009843833,0.031374883,0.04868483543395996,0.11397604644298553,0.013127245008945465,0.11457418650388718
2299,0.036541976034641266,1e-07,0.027409777,0.0009843825,0.03137487,0.048680875450372696,0.1139584481716156,0.013123315759003162,0.11455704271793365
2300,0.03654193878173828,1e-07,0.02740976,0.000984382,0.031374864,0.04867694899439812,0.1139409989118576,0.01311942096799612,0.11454004049301147
2301,0.036541908979415894,1e-07,0.027409762,0.0009843818,0.03137486,0.04867307096719742,0.11392375826835632,0.013115573674440384,0.11452324688434601
2302,0.036541879177093506,1e-07,0.027409732,0.0009843806,0.031374842,0.0486692376434803,0.11390668153762817,0.013111762702465057,0.11450660228729248
2303,0.03654185310006142,1e-07,0.027409732,0.0009843806,0.031374842,0.04866543039679527,0.11388976871967316,0.013107988983392715,0.11449012905359268
2304,0.03654182329773903,1e-07,0.027409708,0.0009843796,0.031374823,0.04866166412830353,0.11387301981449127,0.013104253448545933,0.11447381228208542
2305,0.03654178977012634,1e-07,0.027409703,0.0009843794,0.031374823,0.048657942563295364,0.1138564795255661,0.01310056447982788,0.11445769667625427
2306,0.036541759967803955,1e-07,0.027409695,0.0009843791,0.031374816,0.048654258251190186,0.11384007334709167,0.013096904382109642,0.11444170773029327
2307,0.03654173016548157,1e-07,0.027409688,0.0009843786,0.03137481,0.04865061864256859,0.11382389068603516,0.013093297369778156,0.11442594975233078
2308,0.03654170036315918,1e-07,0.027409667,0.0009843773,0.03137479,0.04864699766039848,0.1138077974319458,0.013089708983898163,0.11441026628017426
2309,0.03654167056083679,1e-07,0.02740966,0.0009843773,0.03137479,0.04864342510700226,0.11379188299179077,0.013086162507534027,0.11439476907253265
2310,0.036541637033224106,1e-07,0.027409635,0.0009843755,0.03137476,0.04863988235592842,0.11377613246440887,0.013082651421427727,0.11437942087650299
2311,0.03654160723090172,1e-07,0.02740963,0.0009843752,0.031374756,0.04863638058304787,0.1137605607509613,0.01307918131351471,0.11436425149440765
2312,0.03654157742857933,1e-07,0.027409622,0.0009843749,0.03137475,0.0486329086124897,0.11374509334564209,0.013075735419988632,0.11434917896986008
2313,0.03654154762625694,1e-07,0.027409608,0.0009843742,0.031374738,0.048629481345415115,0.11372984945774078,0.013072339817881584,0.11433432996273041
2314,0.03654151409864426,1e-07,0.027409604,0.0009843741,0.031374738,0.04862607270479202,0.11371469497680664,0.013068964704871178,0.1143195703625679
2315,0.03654148429632187,1e-07,0.027409589,0.0009843732,0.031374723,0.04862271621823311,0.11369974911212921,0.013065634295344353,0.11430500447750092
2316,0.03654145449399948,1e-07,0.027409581,0.000984373,0.03137472,0.04861939325928688,0.11368493735790253,0.013062337413430214,0.11429058015346527
2317,0.036541424691677094,1e-07,0.027409574,0.0009843725,0.03137471,0.04861609265208244,0.11367027461528778,0.013059073127806187,0.11427630484104156
2318,0.03654139116406441,1e-07,0.027409552,0.0009843719,0.0313747,0.04861282929778099,0.11365574598312378,0.013055838644504547,0.11426214873790741
2319,0.03654136136174202,1e-07,0.027409548,0.0009843712,0.03137469,0.048609599471092224,0.11364136636257172,0.013052638620138168,0.11424814164638519
2320,0.03654133155941963,1e-07,0.027409533,0.000984371,0.03137469,0.04860641062259674,0.11362716555595398,0.013049477711319923,0.1142343133687973
2321,0.036541301757097244,1e-07,0.027409524,0.0009843701,0.031374674,0.04860323667526245,0.1136130541563034,0.01304633729159832,0.11422056704759598
2322,0.03654126822948456,1e-07,0.027409516,0.0009843697,0.031374667,0.048600099980831146,0.11359907686710358,0.013043227605521679,0.1142069473862648
2323,0.03654123842716217,1e-07,0.027409492,0.0009843688,0.031374652,0.04859700798988342,0.11358532309532166,0.013040168210864067,0.11419355869293213
2324,0.03654121235013008,1e-07,0.027409494,0.0009843688,0.031374652,0.048593949526548386,0.11357168853282928,0.013037135824561119,0.11418027430772781
2325,0.036541178822517395,1e-07,0.02740948,0.0009843684,0.031374644,0.04859090596437454,0.11355814337730408,0.013034122064709663,0.11416707932949066
2326,0.03654114902019501,1e-07,0.027409466,0.0009843674,0.03137463,0.048587895929813385,0.11354473233222961,0.013031139969825745,0.11415401846170425
2327,0.03654111921787262,1e-07,0.02740947,0.0009843678,0.031374637,0.04858492314815521,0.11353152990341187,0.013028205372393131,0.11414116621017456
2328,0.03654108941555023,1e-07,0.027409444,0.0009843666,0.03137462,0.048581965267658234,0.11351834237575531,0.013025272637605667,0.11412831395864487
2329,0.036541055887937546,1e-07,0.027409432,0.0009843657,0.031374604,0.048579052090644836,0.11350539326667786,0.013022392988204956,0.11411570012569427
2330,0.03654102608561516,1e-07,0.027409425,0.0009843652,0.031374596,0.04857616871595383,0.11349253356456757,0.013019535690546036,0.11410318315029144
2331,0.03654099628329277,1e-07,0.027409405,0.0009843643,0.03137458,0.04857331141829491,0.11347980797290802,0.013016708195209503,0.11409079283475876
2332,0.03654096648097038,1e-07,0.02740939,0.0009843638,0.031374574,0.04857047274708748,0.11346718668937683,0.013013903051614761,0.11407849192619324
2333,0.0365409329533577,1e-07,0.027409382,0.0009843636,0.03137457,0.04856767877936363,0.11345474421977997,0.013011137023568153,0.11406636983156204
2334,0.03654090315103531,1e-07,0.027409375,0.0009843634,0.031374566,0.04856489971280098,0.11344237625598907,0.013008391484618187,0.11405433714389801
2335,0.03654087334871292,1e-07,0.027409365,0.0009843627,0.031374555,0.04856215789914131,0.11343017220497131,0.013005680404603481,0.11404245346784592
2336,0.036540839821100235,1e-07,0.027409354,0.0009843623,0.031374548,0.04855943098664284,0.11341804265975952,0.013002985157072544,0.1140306293964386
2337,0.03654081001877785,1e-07,0.027409354,0.0009843622,0.031374548,0.048556745052337646,0.11340606212615967,0.013000324368476868,0.11401896178722382
2338,0.03654078021645546,1e-07,0.027409332,0.0009843613,0.031374533,0.048554081469774246,0.11339421570301056,0.012997693382203579,0.11400742828845978
2339,0.03654075041413307,1e-07,0.02740932,0.0009843608,0.031374525,0.048551447689533234,0.113382488489151,0.012995090335607529,0.1139960065484047
2340,0.036540716886520386,1e-07,0.027409306,0.00098436,0.03137451,0.04854883998632431,0.113370880484581,0.012992513366043568,0.11398470401763916
2341,0.0365406833589077,1e-07,0.027409295,0.0009843592,0.0313745,0.04854625463485718,0.11335934698581696,0.0129899512976408,0.113973468542099
2342,0.03654066100716591,1e-07,0.027409285,0.0009843587,0.03137449,0.048543691635131836,0.11334797739982605,0.012987428344786167,0.11396239697933197
2343,0.03654062747955322,1e-07,0.02740927,0.0009843579,0.031374477,0.04854115843772888,0.11333669722080231,0.012984925881028175,0.1139514222741127
2344,0.03654059022665024,1e-07,0.027409276,0.0009843578,0.031374477,0.048538655042648315,0.11332553625106812,0.012982448562979698,0.11394055187702179
2345,0.03654056042432785,1e-07,0.027409263,0.0009843577,0.031374473,0.04853616654872894,0.11331444978713989,0.012979988008737564,0.11392974853515625
2346,0.03654053434729576,1e-07,0.027409248,0.0009843571,0.031374466,0.048533715307712555,0.113303542137146,0.012977568432688713,0.11391913145780563
2347,0.03654050454497337,1e-07,0.027409235,0.0009843563,0.03137445,0.04853128641843796,0.11329273879528046,0.012975171208381653,0.11390861123800278
2348,0.03654047101736069,1e-07,0.02740922,0.0009843559,0.031374447,0.04852888733148575,0.11328203976154327,0.012972799129784107,0.11389819532632828
2349,0.0365404412150383,1e-07,0.027409213,0.0009843555,0.03137444,0.04852648451924324,0.11327138543128967,0.012970434501767159,0.11388781666755676
2350,0.03654040768742561,1e-07,0.027409201,0.0009843551,0.031374432,0.04852413758635521,0.1132609099149704,0.012968111783266068,0.11387761682271957
2351,0.036540381610393524,1e-07,0.027409194,0.0009843548,0.03137443,0.04852181300520897,0.11325056850910187,0.012965818867087364,0.11386755108833313
2352,0.03654034808278084,1e-07,0.027409187,0.0009843538,0.031374414,0.04851949214935303,0.11324022710323334,0.012963525019586086,0.11385747790336609
2353,0.03654031828045845,1e-07,0.02740916,0.0009843528,0.0313744,0.048517197370529175,0.11323003470897675,0.012961264699697495,0.11384755373001099
2354,0.036540284752845764,1e-07,0.027409153,0.0009843524,0.03137439,0.0485149547457695,0.11322003602981567,0.01295904815196991,0.1138378158211708
2355,0.036540254950523376,1e-07,0.027409151,0.0009843522,0.031374387,0.04851270467042923,0.1132100373506546,0.012956833466887474,0.11382808536291122
2356,0.03654022514820099,1e-07,0.027409142,0.000984352,0.031374384,0.048510488122701645,0.11320017278194427,0.012954644858837128,0.11381847411394119
2357,0.0365401916205883,1e-07,0.02740913,0.0009843513,0.031374373,0.04850827530026436,0.11319033801555634,0.012952465564012527,0.11380890011787415
2358,0.036540161818265915,1e-07,0.027409116,0.0009843508,0.031374365,0.04850611835718155,0.11318071186542511,0.012950331903994083,0.11379952728748322
2359,0.03654013201594353,1e-07,0.027409097,0.0009843499,0.03137435,0.04850395768880844,0.11317108571529388,0.012948200106620789,0.11379016190767288
2360,0.03654010593891144,1e-07,0.027409086,0.0009843494,0.031374343,0.04850182682275772,0.11316162347793579,0.012946102768182755,0.11378094553947449
2361,0.03654007613658905,1e-07,0.027409079,0.0009843493,0.031374343,0.0484997034072876,0.11315220594406128,0.012944016605615616,0.11377177387475967
2362,0.036540038883686066,1e-07,0.02740906,0.0009843485,0.031374328,0.04849762097001076,0.11314292252063751,0.01294195931404829,0.11376272886991501
2363,0.03654000908136368,1e-07,0.027409041,0.0009843477,0.031374317,0.048495545983314514,0.11313366889953613,0.012939910404384136,0.11375372856855392
2364,0.03653998300433159,1e-07,0.02740904,0.0009843474,0.031374313,0.04849350079894066,0.11312459409236908,0.012937899678945541,0.11374489217996597
2365,0.0365399532020092,1e-07,0.027409025,0.0009843466,0.031374298,0.048491474241018295,0.1131155788898468,0.012935902923345566,0.1137361079454422
2366,0.036539915949106216,1e-07,0.027409017,0.0009843464,0.031374294,0.04848945885896683,0.1131066232919693,0.012933919206261635,0.1137273907661438
2367,0.03653988614678383,1e-07,0.027409008,0.0009843461,0.03137429,0.04848747327923775,0.11309778690338135,0.012931962497532368,0.11371878534555435
2368,0.03653985634446144,1e-07,0.027408993,0.0009843447,0.03137427,0.04848550632596016,0.11308905482292175,0.012930029071867466,0.11371028423309326
2369,0.03653982654213905,1e-07,0.027408982,0.0009843449,0.031374272,0.048483557999134064,0.11308036744594574,0.012928105890750885,0.11370182782411575
2370,0.036539796739816666,1e-07,0.027408972,0.0009843438,0.031374253,0.04848162829875946,0.11307179927825928,0.012926209717988968,0.1136934906244278
2371,0.03653975948691368,1e-07,0.027408967,0.0009843438,0.031374253,0.04847971349954605,0.11306330561637878,0.012924328446388245,0.11368521302938461
2372,0.03653972968459129,1e-07,0.027408963,0.0009843437,0.031374253,0.04847782850265503,0.11305491626262665,0.012922471389174461,0.11367704719305038
2373,0.036539699882268906,1e-07,0.02740895,0.0009843432,0.031374246,0.0484759584069252,0.11304660141468048,0.012920631095767021,0.11366895586252213
2374,0.03653967007994652,1e-07,0.027408933,0.0009843423,0.03137423,0.04847409948706627,0.1130383312702179,0.012918801978230476,0.11366090923547745
2375,0.03653964027762413,1e-07,0.027408933,0.0009843424,0.03137423,0.04847225919365883,0.11303016543388367,0.012916995212435722,0.11365295946598053
2376,0.036539606750011444,1e-07,0.02740891,0.0009843417,0.03137422,0.04847044497728348,0.1130220890045166,0.01291520707309246,0.11364509165287018
2377,0.036539576947689056,1e-07,0.027408896,0.0009843409,0.03137421,0.04846864566206932,0.1130141168832779,0.012913443148136139,0.11363732814788818
2378,0.03653954714536667,1e-07,0.027408892,0.0009843406,0.0313742,0.04846687614917755,0.11300621926784515,0.01291169598698616,0.11362964659929276
2379,0.03653951734304428,1e-07,0.027408889,0.0009843402,0.031374197,0.04846511036157608,0.11299839615821838,0.01290996465831995,0.1136220246553421
2380,0.03653948754072189,1e-07,0.027408874,0.0009843396,0.031374186,0.0484633669257164,0.11299064755439758,0.012908251024782658,0.11361448466777802
2381,0.03653945401310921,1e-07,0.027408859,0.000984339,0.03137418,0.04846164211630821,0.11298297345638275,0.012906554155051708,0.1136070191860199
2382,0.03653942421078682,1e-07,0.027408838,0.0009843378,0.031374156,0.04845992103219032,0.1129753589630127,0.012904869392514229,0.11359959840774536
2383,0.03653939068317413,1e-07,0.02740884,0.0009843385,0.031374168,0.04845822975039482,0.112967848777771,0.01290320698171854,0.11359228193759918
2384,0.036539360880851746,1e-07,0.027408829,0.0009843378,0.031374156,0.04845655336976051,0.11296039819717407,0.01290156040340662,0.11358503252267838
2385,0.03653933107852936,1e-07,0.027408823,0.0009843378,0.031374156,0.0484548881649971,0.11295299232006073,0.012899922206997871,0.11357782781124115
2386,0.03653930127620697,1e-07,0.027408808,0.0009843364,0.031374134,0.04845324903726578,0.11294573545455933,0.012898318469524384,0.11357076466083527
2387,0.036539267748594284,1e-07,0.027408794,0.0009843359,0.031374127,0.048451606184244156,0.11293844878673553,0.012896706350147724,0.1135636642575264
2388,0.036539237946271896,1e-07,0.027408779,0.000984335,0.03137411,0.048450011759996414,0.11293137073516846,0.01289514172822237,0.11355677992105484
2389,0.03653920441865921,1e-07,0.027408779,0.0009843356,0.031374123,0.048448413610458374,0.11292429268360138,0.01289357803761959,0.11354989558458328
2390,0.036539170891046524,1e-07,0.027408743,0.0009843331,0.031374082,0.04844682291150093,0.1129172295331955,0.012892015278339386,0.11354301124811172
2391,0.036539141088724136,1e-07,0.027408743,0.0009843336,0.03137409,0.04844526946544647,0.11291031539440155,0.012890486977994442,0.1135362833738327
2392,0.03653911501169205,1e-07,0.027408725,0.0009843325,0.031374075,0.04844372346997261,0.11290344595909119,0.012888969853520393,0.11352960020303726
2393,0.03653908148407936,1e-07,0.027408727,0.0009843322,0.031374067,0.04844217747449875,0.1128966212272644,0.012887460179626942,0.11352294683456421
2394,0.036539047956466675,1e-07,0.027408712,0.0009843316,0.03137406,0.04844065383076668,0.11288988590240479,0.012885970994830132,0.11351639032363892
2395,0.03653901815414429,1e-07,0.027408695,0.0009843305,0.03137404,0.04843916743993759,0.11288326978683472,0.01288450974971056,0.11350995302200317
2396,0.0365389846265316,1e-07,0.027408704,0.0009843316,0.03137406,0.04843767359852791,0.11287665367126465,0.012883048504590988,0.11350351572036743
2397,0.03653895854949951,1e-07,0.02740868,0.0009843308,0.031374045,0.04843619465827942,0.11287009716033936,0.012881598435342312,0.11349713057279587
2398,0.03653892129659653,1e-07,0.027408665,0.0009843298,0.03137403,0.04843473806977272,0.11286364495754242,0.01288017351180315,0.11349084973335266
2399,0.03653889521956444,1e-07,0.027408665,0.0009843297,0.03137403,0.04843330383300781,0.11285726726055145,0.012878764420747757,0.11348464339971542
2400,0.03653886541724205,1e-07,0.02740866,0.0009843295,0.031374026,0.04843185842037201,0.11285088956356049,0.012877354398369789,0.11347842961549759
2401,0.036538831889629364,1e-07,0.027408639,0.0009843282,0.031374004,0.048430435359478,0.11284460127353668,0.012875965796411037,0.11347231268882751
2402,0.036538802087306976,1e-07,0.027408639,0.0009843284,0.031374007,0.04842904955148697,0.11283844709396362,0.012874606996774673,0.11346632242202759
2403,0.03653877228498459,1e-07,0.027408622,0.0009843279,0.031374,0.04842764884233475,0.11283224821090698,0.012873237021267414,0.11346028745174408
2404,0.036538735032081604,1e-07,0.02740861,0.000984327,0.031373985,0.04842629283666611,0.11282622814178467,0.012871907092630863,0.1134544238448143
2405,0.036538708955049515,1e-07,0.0274086,0.0009843265,0.031373978,0.04842493310570717,0.11282023787498474,0.01287058461457491,0.1134485974907875
2406,0.03653867542743683,1e-07,0.02740858,0.0009843252,0.03137396,0.04842356964945793,0.11281420290470123,0.01286925096064806,0.11344271898269653
2407,0.03653864562511444,1e-07,0.027408563,0.0009843247,0.03137395,0.048422254621982574,0.11280834674835205,0.012867959216237068,0.11343702673912048
2408,0.03653861582279205,1e-07,0.027408555,0.000984324,0.03137394,0.048420920968055725,0.11280249059200287,0.012866664677858353,0.11343131959438324
2409,0.03653858229517937,1e-07,0.027408553,0.000984324,0.03137394,0.048419613391160965,0.11279669404029846,0.012865385040640831,0.11342567950487137
2410,0.03653855249285698,1e-07,0.027408546,0.0009843238,0.031373937,0.0484183207154274,0.11279097199440002,0.012864122167229652,0.11342011392116547
2411,0.03653852269053459,1e-07,0.027408535,0.0009843236,0.031373933,0.04841703549027443,0.11278529465198517,0.01286286860704422,0.11341458559036255
2412,0.036538489162921906,1e-07,0.027408518,0.0009843226,0.031373918,0.04841577634215355,0.11277972161769867,0.012861639261245728,0.11340916901826859
2413,0.03653845936059952,1e-07,0.027408512,0.0009843225,0.031373914,0.048414506018161774,0.11277413368225098,0.012860404327511787,0.11340372264385223
2414,0.03653842210769653,1e-07,0.02740849,0.0009843212,0.031373896,0.048413269221782684,0.11276865005493164,0.012859194539487362,0.11339838802814484
2415,0.036538396030664444,1e-07,0.02740848,0.0009843209,0.03137389,0.048412032425403595,0.1127631813287735,0.01285798754543066,0.11339306831359863
2416,0.03653836250305176,1e-07,0.02740848,0.0009843208,0.03137389,0.048410817980766296,0.11275781691074371,0.01285680290311575,0.11338784545660019
2417,0.03653833270072937,1e-07,0.027408464,0.00098432,0.031373873,0.048409603536129,0.11275246739387512,0.012855621986091137,0.11338263750076294
2418,0.03653830289840698,1e-07,0.02740846,0.0009843198,0.031373873,0.04840841516852379,0.1127472072839737,0.012854460626840591,0.11337751150131226
2419,0.036538269370794296,1e-07,0.027408436,0.0009843187,0.031373855,0.048407234251499176,0.11274197697639465,0.012853306718170643,0.11337242275476456
2420,0.03653824329376221,1e-07,0.027408438,0.0009843186,0.03137385,0.04840604215860367,0.112736776471138,0.012852158397436142,0.11336736381053925
2421,0.03653820604085922,1e-07,0.027408421,0.000984318,0.031373844,0.04840488359332085,0.11273165047168732,0.012851026840507984,0.1133623719215393
2422,0.036538176238536835,1e-07,0.027408404,0.0009843172,0.03137383,0.04840373620390892,0.11272656917572021,0.012849906459450722,0.11335742473602295
2423,0.03653814643621445,1e-07,0.027408404,0.0009843172,0.03137383,0.04840259999036789,0.11272156238555908,0.012848800979554653,0.11335255205631256
2424,0.03653811663389206,1e-07,0.027408376,0.0009843158,0.031373806,0.048401474952697754,0.11271660029888153,0.01284770667552948,0.11334772408008575
2425,0.036538079380989075,1e-07,0.027408376,0.0009843154,0.031373803,0.048400357365608215,0.11271165311336517,0.01284661516547203,0.11334291100502014
2426,0.036538057029247284,1e-07,0.027408361,0.0009843148,0.03137379,0.04839925095438957,0.11270679533481598,0.012845542281866074,0.1133381798863411
2427,0.0365380197763443,1e-07,0.027408341,0.0009843138,0.031373776,0.04839815944433212,0.11270198225975037,0.012844480574131012,0.11333349347114563
2428,0.03653799369931221,1e-07,0.027408333,0.0009843133,0.03137377,0.04839707165956497,0.11269722878932953,0.012843431904911995,0.11332886666059494
2429,0.036537956446409225,1e-07,0.027408319,0.0009843129,0.03137376,0.04839599132537842,0.1126924455165863,0.01284237764775753,0.11332421749830246
2430,0.03653792664408684,1e-07,0.02740831,0.0009843125,0.031373754,0.048394929617643356,0.11268778145313263,0.01284134853631258,0.11331967264413834
2431,0.03653789684176445,1e-07,0.027408294,0.0009843112,0.031373736,0.048393890261650085,0.11268317699432373,0.01284033339470625,0.11331519484519958
2432,0.036537863314151764,1e-07,0.027408281,0.0009843105,0.031373724,0.04839283600449562,0.11267857253551483,0.012839317321777344,0.11331070959568024
2433,0.036537833511829376,1e-07,0.02740828,0.0009843106,0.031373724,0.048391807824373245,0.1126740425825119,0.012838318943977356,0.11330630630254745
2434,0.03653779625892639,1e-07,0.027408266,0.0009843098,0.031373713,0.048390790820121765,0.11266955733299255,0.012837328016757965,0.11330193281173706
2435,0.0365377701818943,1e-07,0.02740825,0.0009843092,0.031373702,0.04838978126645088,0.11266511678695679,0.012836350128054619,0.11329761892557144
2436,0.036537736654281616,1e-07,0.027408248,0.0009843092,0.031373702,0.04838877171278,0.11266069114208221,0.012835374101996422,0.11329331248998642
2437,0.03653770685195923,1e-07,0.027408233,0.0009843083,0.031373687,0.04838778078556061,0.11265634000301361,0.012834414839744568,0.11328907310962677
2438,0.03653767704963684,1e-07,0.027408227,0.0009843085,0.03137369,0.04838678985834122,0.11265198886394501,0.01283345464617014,0.11328484117984772
2439,0.036537643522024155,1e-07,0.027408214,0.0009843077,0.03137368,0.048385825008153915,0.11264774203300476,0.01283251866698265,0.11328070610761642
2440,0.03653760999441147,1e-07,0.027408188,0.000984306,0.03137365,0.04838484525680542,0.11264346539974213,0.01283157430589199,0.11327654123306274
2441,0.03653758019208908,1e-07,0.027408183,0.0009843059,0.03137365,0.048383913934230804,0.11263935267925262,0.01283066812902689,0.1132725402712822
2442,0.03653755038976669,1e-07,0.027408177,0.0009843055,0.031373642,0.0483829639852047,0.11263521015644073,0.012829756364226341,0.11326851695775986
2443,0.03653751313686371,1e-07,0.027408168,0.000984305,0.031373635,0.04838202893733978,0.11263111233711243,0.012828852981328964,0.1132645234465599
2444,0.03653748333454132,1e-07,0.027408153,0.0009843047,0.03137363,0.04838109761476517,0.11262699961662292,0.012827945873141289,0.11326052248477936
2445,0.03653745353221893,1e-07,0.027408132,0.0009843035,0.031373613,0.04838018864393234,0.11262305080890656,0.012827074155211449,0.11325667053461075
2446,0.036537423729896545,1e-07,0.027408132,0.0009843037,0.031373613,0.04837927594780922,0.11261902749538422,0.01282618846744299,0.11325276643037796
2447,0.03653739392757416,1e-07,0.027408117,0.0009843027,0.031373598,0.04837838560342789,0.11261510848999023,0.012825324200093746,0.11324894428253174
2448,0.03653736039996147,1e-07,0.027408114,0.0009843023,0.03137359,0.04837748408317566,0.11261115968227386,0.01282445341348648,0.11324509978294373
2449,0.03653733432292938,1e-07,0.0274081,0.0009843021,0.03137359,0.048376601189374924,0.11260731518268585,0.012823604978621006,0.11324135959148407
2450,0.0365372970700264,1e-07,0.027408091,0.0009843017,0.031373583,0.048375729471445084,0.11260350048542023,0.012822765856981277,0.1132376492023468
2451,0.03653726726770401,1e-07,0.027408078,0.0009843007,0.031373568,0.04837486892938614,0.11259974539279938,0.01282193697988987,0.11323399096727371
2452,0.036537233740091324,1e-07,0.027408049,0.0009842993,0.031373546,0.048374008387327194,0.11259596049785614,0.012821103446185589,0.11323031038045883
2453,0.036537203937768936,1e-07,0.027408058,0.0009843,0.031373557,0.048373159021139145,0.11259225010871887,0.012820285744965076,0.11322670429944992
2454,0.03653717041015625,1e-07,0.027408035,0.0009842989,0.031373538,0.048372313380241394,0.1125885546207428,0.012819470837712288,0.1132231056690216
2455,0.03653714060783386,1e-07,0.027408034,0.0009842989,0.031373538,0.048371490091085434,0.11258496344089508,0.012818679213523865,0.11321960389614105
2456,0.036537107080221176,1e-07,0.027408013,0.000984298,0.031373523,0.04837067052721977,0.11258138716220856,0.012817890383303165,0.11321612447500229
2457,0.03653707727789879,1e-07,0.027408017,0.0009842981,0.031373523,0.04836985468864441,0.11257782578468323,0.012817107141017914,0.11321265995502472
2458,0.0365370474755764,1e-07,0.027407998,0.0009842973,0.031373512,0.04836903512477875,0.1125742644071579,0.012816321104764938,0.11320919543504715
2459,0.036537013947963715,1e-07,0.027407983,0.0009842961,0.031373493,0.048368241637945175,0.11257079243659973,0.012815556488931179,0.11320581287145615
2460,0.03653698042035103,1e-07,0.02740798,0.0009842963,0.031373497,0.0483674593269825,0.11256738007068634,0.012814804911613464,0.11320249736309052
2461,0.03653695061802864,1e-07,0.027407974,0.0009842959,0.03137349,0.04836665838956833,0.11256390810012817,0.01281403936445713,0.11319911479949951
2462,0.036536913365125656,1e-07,0.027407931,0.0009842932,0.03137345,0.04836588725447655,0.11256054043769836,0.012813297100365162,0.11319583654403687
2463,0.03653688356280327,1e-07,0.027407935,0.0009842939,0.03137346,0.048365116119384766,0.11255715787410736,0.01281255204230547,0.11319254338741302
2464,0.03653685376048088,1e-07,0.027407916,0.0009842925,0.031373437,0.04836435616016388,0.11255386471748352,0.01281182561069727,0.11318933218717575
2465,0.03653682395815849,1e-07,0.027407914,0.000984293,0.031373445,0.04836360737681389,0.11255058646202087,0.012811105698347092,0.11318615823984146
2466,0.036536794155836105,1e-07,0.027407909,0.0009842925,0.031373437,0.048362847417593,0.11254730820655823,0.012810382060706615,0.11318296194076538
2467,0.03653675690293312,1e-07,0.027407885,0.0009842912,0.031373415,0.04836210608482361,0.11254410445690155,0.012809676118195057,0.11317984014749527
2468,0.036536723375320435,1e-07,0.027407875,0.0009842905,0.031373404,0.04836138337850571,0.11254091560840607,0.012808974832296371,0.11317674070596695
2469,0.03653669357299805,1e-07,0.027407868,0.0009842903,0.0313734,0.04836065322160721,0.11253777146339417,0.012808280996978283,0.11317367851734161
2470,0.03653666377067566,1e-07,0.02740785,0.0009842896,0.03137339,0.048359937965869904,0.11253465712070465,0.01280759647488594,0.11317065358161926
2471,0.036536626517772675,1e-07,0.027407845,0.0009842891,0.03137338,0.0483592264354229,0.11253155767917633,0.012806913815438747,0.11316763609647751
2472,0.036536600440740585,1e-07,0.02740783,0.0009842879,0.031373363,0.04835851490497589,0.1125284731388092,0.012806233018636703,0.11316462606191635
2473,0.0365365669131279,1e-07,0.027407816,0.0009842877,0.03137336,0.04835781455039978,0.11252543330192566,0.01280556432902813,0.11316167563199997
2474,0.03653653711080551,1e-07,0.027407818,0.0009842877,0.03137336,0.048357121646404266,0.11252245306968689,0.0128049086779356,0.11315877735614777
2475,0.03653649985790253,1e-07,0.027407795,0.0009842867,0.031373344,0.04835642874240875,0.11251945793628693,0.012804247438907623,0.11315585672855377
2476,0.03653647005558014,1e-07,0.02740779,0.0009842868,0.031373344,0.04835575819015503,0.11251653730869293,0.012803603895008564,0.11315301060676575
2477,0.03653644025325775,1e-07,0.027407782,0.0009842863,0.031373337,0.048355087637901306,0.11251361668109894,0.01280296128243208,0.11315017193555832
2478,0.036536410450935364,1e-07,0.027407771,0.0009842856,0.031373326,0.04835442453622818,0.11251075565814972,0.01280233170837164,0.11314739286899567
2479,0.036536380648612976,1e-07,0.027407756,0.0009842848,0.031373315,0.04835377261042595,0.11250792443752289,0.012801708653569221,0.1131446361541748
2480,0.03653634712100029,1e-07,0.027407741,0.0009842842,0.031373303,0.04835310950875282,0.11250506341457367,0.012801077216863632,0.11314184218645096
2481,0.0365363173186779,1e-07,0.027407726,0.0009842835,0.031373292,0.048352472484111786,0.11250230669975281,0.012800470925867558,0.11313916742801666
2482,0.036536283791065216,1e-07,0.027407726,0.000984283,0.031373285,0.04835183173418045,0.11249953508377075,0.012799860909581184,0.11313647031784058
2483,0.03653624653816223,1e-07,0.027407713,0.000984283,0.031373285,0.04835119470953941,0.11249682307243347,0.012799263931810856,0.11313383281230927
2484,0.036536216735839844,1e-07,0.027407706,0.0009842826,0.031373277,0.04835057258605957,0.11249412596225739,0.012798668816685677,0.11313120275735855
2485,0.036536190658807755,1e-07,0.027407682,0.0009842808,0.03137325,0.048349954187870026,0.1124914288520813,0.012798074632883072,0.11312857270240784
2486,0.03653614968061447,1e-07,0.027407667,0.0009842804,0.031373244,0.048349328339099884,0.11248873174190521,0.012797482311725616,0.11312595754861832
2487,0.03653612732887268,1e-07,0.02740767,0.0009842806,0.031373248,0.04834873229265213,0.11248618364334106,0.012796919792890549,0.11312346905469894
2488,0.036536090075969696,1e-07,0.027407655,0.0009842796,0.03137323,0.04834810644388199,0.11248350143432617,0.012796329334378242,0.11312086135149002
2489,0.03653606027364731,1e-07,0.027407652,0.0009842796,0.03137323,0.04834751784801483,0.11248093843460083,0.012795764952898026,0.11311836540699005
2490,0.03653603047132492,1e-07,0.02740764,0.0009842791,0.03137322,0.048346929252147675,0.11247842013835907,0.012795211747288704,0.11311592161655426
2491,0.036535993218421936,1e-07,0.027407626,0.0009842782,0.031373207,0.04834633320569992,0.11247588694095612,0.012794652953743935,0.11311344802379608
2492,0.03653595969080925,1e-07,0.027407622,0.0009842782,0.031373207,0.04834575206041336,0.11247338354587555,0.012794101610779762,0.11311101168394089
2493,0.036535926163196564,1e-07,0.027407596,0.0009842768,0.031373184,0.048345185816287994,0.11247093975543976,0.012793565168976784,0.11310864239931107
2494,0.036535896360874176,1e-07,0.027407594,0.0009842763,0.031373177,0.04834461212158203,0.11246848106384277,0.012793023139238358,0.11310625076293945
2495,0.03653586655855179,1e-07,0.027407587,0.0009842761,0.031373173,0.048344049602746964,0.11246606707572937,0.012792492285370827,0.11310390383005142
2496,0.0365358330309391,1e-07,0.027407566,0.0009842757,0.03137317,0.04834350198507309,0.11246371269226074,0.012791973538696766,0.11310160905122757
2497,0.036535799503326416,1e-07,0.027407555,0.0009842749,0.031373154,0.04834293574094772,0.11246131360530853,0.012791444547474384,0.11309926956892014
2498,0.03653576970100403,1e-07,0.027407544,0.0009842742,0.031373143,0.04834238439798355,0.11245894432067871,0.0127909230068326,0.11309695988893509
2499,0.03653573617339134,1e-07,0.027407533,0.0009842735,0.031373132,0.04834185540676117,0.11245666444301605,0.012790422886610031,0.1130947545170784
2500,0.036535706371068954,1e-07,0.027407533,0.0009842737,0.031373136,0.048341307789087296,0.112454354763031,0.012789912521839142,0.11309249699115753
2501,0.03653566911816597,1e-07,0.027407514,0.000984273,0.031373125,0.048340778797864914,0.11245207488536835,0.012789411470293999,0.11309027671813965
2502,0.03653563931584358,1e-07,0.02740751,0.0009842729,0.031373125,0.04834025353193283,0.11244982481002808,0.012788916006684303,0.11308808624744415
2503,0.03653561323881149,1e-07,0.027407497,0.0009842723,0.031373113,0.04833972826600075,0.1124475747346878,0.012788420543074608,0.11308589577674866
2504,0.03653557598590851,1e-07,0.027407488,0.0009842718,0.031373106,0.04833921045064926,0.11244538426399231,0.012787938117980957,0.11308376491069794
2505,0.03653554618358612,1e-07,0.027407473,0.0009842712,0.031373095,0.04833870008587837,0.11244319379329681,0.01278745662420988,0.11308163404464722
2506,0.036535512655973434,1e-07,0.02740746,0.0009842705,0.031373084,0.04833818972110748,0.1124410331249237,0.012786980718374252,0.11307953298091888
2507,0.03653547912836075,1e-07,0.027407462,0.0009842707,0.031373087,0.04833769053220749,0.11243890225887299,0.01278651226311922,0.11307746171951294
2508,0.03653544560074806,1e-07,0.027407452,0.0009842701,0.03137308,0.048337191343307495,0.11243677139282227,0.012786042876541615,0.1130753830075264
2509,0.036535415798425674,1e-07,0.027407443,0.0009842699,0.031373076,0.048336707055568695,0.11243471503257751,0.012785591185092926,0.11307338625192642
2510,0.03653538227081299,1e-07,0.02740742,0.0009842688,0.031373058,0.0483362078666687,0.11243262887001038,0.012785131111741066,0.11307135224342346
2511,0.0365353487432003,1e-07,0.027407413,0.0009842684,0.03137305,0.0483357310295105,0.11243058741092682,0.012784683145582676,0.11306937038898468
2512,0.036535318940877914,1e-07,0.027407398,0.0009842677,0.03137304,0.0483352467417717,0.11242850124835968,0.01278422400355339,0.11306734383106232
2513,0.03653528541326523,1e-07,0.027407402,0.0009842678,0.031373043,0.048334769904613495,0.11242648959159851,0.012783780694007874,0.11306538432836533
2514,0.03653525561094284,1e-07,0.027407384,0.0009842672,0.03137303,0.04833430051803589,0.11242452263832092,0.012783346697688103,0.11306346207857132
2515,0.03653522580862045,1e-07,0.02740737,0.0009842659,0.031373013,0.04833383485674858,0.11242254078388214,0.012782910838723183,0.11306153237819672
2516,0.03653519228100777,1e-07,0.027407363,0.0009842656,0.03137301,0.04833337664604187,0.11242060363292694,0.012782484292984009,0.1130596473813057
2517,0.03653516247868538,1e-07,0.027407354,0.0009842655,0.031373005,0.048332925885915756,0.11241868138313293,0.012782062403857708,0.11305778473615646
2518,0.036535125225782394,1e-07,0.027407348,0.0009842652,0.031373,0.048332471400499344,0.11241675913333893,0.012781639583408833,0.11305591464042664
2519,0.03653509542346001,1e-07,0.027407343,0.0009842651,0.031373,0.04833202436566353,0.1124148815870285,0.012781227007508278,0.11305408924818039
2520,0.03653506189584732,1e-07,0.027407313,0.000984263,0.031372968,0.04833158478140831,0.11241303384304047,0.012780820019543171,0.11305228620767593
2521,0.036535028368234634,1e-07,0.027407309,0.000984263,0.031372968,0.048331134021282196,0.11241112649440765,0.01278039999306202,0.1130504310131073
2522,0.03653499484062195,1e-07,0.027407298,0.0009842633,0.03137297,0.048330698162317276,0.11240929365158081,0.012779997661709785,0.11304865032434464
2523,0.03653496503829956,1e-07,0.027407283,0.0009842621,0.031372953,0.048330266028642654,0.11240747570991516,0.012779596261680126,0.11304687708616257
2524,0.036534931510686874,1e-07,0.02740728,0.0009842617,0.031372946,0.04832983762025833,0.1124056875705719,0.012779203243553638,0.11304514110088348
2525,0.03653489798307419,1e-07,0.027407274,0.0009842614,0.031372942,0.04832941293716431,0.11240389943122864,0.01277881022542715,0.1130433976650238
2526,0.036534860730171204,1e-07,0.02740725,0.0009842607,0.03137293,0.04832898825407028,0.11240209639072418,0.012778413482010365,0.11304164677858353
2527,0.036534834653139114,1e-07,0.027407244,0.0009842602,0.031372923,0.04832857847213745,0.11240038275718689,0.012778036296367645,0.11303997784852982
2528,0.03653480485081673,1e-07,0.027407244,0.0009842603,0.031372923,0.04832816123962402,0.1123986542224884,0.012777655385434628,0.11303829401731491
2529,0.036534763872623444,1e-07,0.027407229,0.0009842596,0.031372912,0.04832775518298149,0.1123969554901123,0.012777281925082207,0.1130366399884224
2530,0.036534734070301056,1e-07,0.02740722,0.0009842593,0.03137291,0.048327360302209854,0.1123952716588974,0.012776913121342659,0.11303500831127167
2531,0.03653470054268837,1e-07,0.0274072,0.000984258,0.031372886,0.04832695424556732,0.1123935878276825,0.012776542454957962,0.11303336918354034
2532,0.036534667015075684,1e-07,0.027407186,0.0009842574,0.03137288,0.04832656681537628,0.11239197850227356,0.012776187621057034,0.1130317971110344
2533,0.036534637212753296,1e-07,0.027407184,0.0009842572,0.031372875,0.04832616448402405,0.11239029467105865,0.012775816954672337,0.11303015798330307
2534,0.03653460368514061,1e-07,0.02740716,0.0009842563,0.03137286,0.048325784504413605,0.1123887151479721,0.01277547050267458,0.1130286306142807
2535,0.036534570157527924,1e-07,0.027407162,0.0009842564,0.03137286,0.048325393348932266,0.11238707602024078,0.012775109149515629,0.11302702873945236
2536,0.03653453662991524,1e-07,0.02740714,0.0009842552,0.03137284,0.04832501336932182,0.11238549649715424,0.012774761766195297,0.1130254939198494
2537,0.03653450682759285,1e-07,0.02740714,0.0009842552,0.03137284,0.04832463338971138,0.1123839020729065,0.012774411588907242,0.11302394419908524
2538,0.03653447702527046,1e-07,0.027407125,0.0009842544,0.03137283,0.04832425341010094,0.11238235235214233,0.012774069793522358,0.11302243173122406
2539,0.03653443977236748,1e-07,0.027407112,0.0009842542,0.031372827,0.04832388460636139,0.11238081753253937,0.012773733586072922,0.11302094161510468
2540,0.03653440997004509,1e-07,0.027407112,0.000984254,0.031372823,0.04832352325320244,0.1123792976140976,0.01277339830994606,0.11301945894956589
2541,0.036534376442432404,1e-07,0.027407095,0.0009842532,0.03137281,0.04832315444946289,0.11237777769565582,0.012773063965141773,0.1130179837346077
2542,0.036534346640110016,1e-07,0.027407086,0.0009842525,0.0313728,0.04832280054688454,0.11237630248069763,0.012772738933563232,0.11301654577255249
2543,0.03653431311249733,1e-07,0.027407067,0.0009842521,0.031372793,0.048322439193725586,0.11237481236457825,0.012772410176694393,0.1130150854587555
2544,0.036534279584884644,1e-07,0.02740707,0.0009842523,0.031372797,0.048322100192308426,0.11237341165542603,0.01277210284024477,0.11301372945308685
2545,0.036534249782562256,1e-07,0.027407065,0.0009842523,0.031372797,0.048321742564439774,0.11237192153930664,0.01277177594602108,0.11301228404045105
2546,0.03653421625494957,1e-07,0.027407045,0.000984251,0.031372774,0.04832139611244202,0.11237050592899323,0.012771463952958584,0.11301089823246002
2547,0.03653418645262718,1e-07,0.02740703,0.0009842507,0.03137277,0.04832105711102486,0.11236909031867981,0.012771153822541237,0.11300952732563019
2548,0.036534152925014496,1e-07,0.02740702,0.0009842503,0.031372763,0.0483207106590271,0.11236768960952759,0.012770844623446465,0.11300816386938095
2549,0.03653411567211151,1e-07,0.027407011,0.0009842495,0.031372752,0.04832037165760994,0.11236628890037537,0.012770537286996841,0.11300680041313171
2550,0.036534085869789124,1e-07,0.027406996,0.0009842488,0.03137274,0.04832003265619278,0.11236488819122314,0.012770228087902069,0.11300543695688248
2551,0.03653404861688614,1e-07,0.027406985,0.0009842485,0.031372733,0.04831969738006592,0.11236351728439331,0.012769926339387894,0.11300409585237503
2552,0.03653401881456375,1e-07,0.027406977,0.0009842481,0.03137273,0.04831935837864876,0.11236213147640228,0.01276962086558342,0.11300274729728699
2553,0.036533985286951065,1e-07,0.027406968,0.0009842478,0.031372722,0.04831905663013458,0.1123608946800232,0.012769350782036781,0.11300155520439148
2554,0.03653395175933838,1e-07,0.027406948,0.000984247,0.03137271,0.04831872507929802,0.11235953867435455,0.01276905182749033,0.11300022900104523
2555,0.03653391823172569,1e-07,0.027406944,0.0009842467,0.031372707,0.04831840842962265,0.1123582273721695,0.012768764048814774,0.11299895495176315
2556,0.036533888429403305,1e-07,0.027406937,0.0009842464,0.0313727,0.04831808805465698,0.11235693097114563,0.012768478132784367,0.11299768835306168
2557,0.03653385490179062,1e-07,0.027406922,0.0009842453,0.031372685,0.04831778258085251,0.11235569417476654,0.012768206186592579,0.11299648880958557
2558,0.03653382137417793,1e-07,0.027406918,0.0009842453,0.031372685,0.048317477107048035,0.11235445737838745,0.012767933309078217,0.11299528181552887
2559,0.036533791571855545,1e-07,0.027406907,0.0009842451,0.03137268,0.048317164182662964,0.11235317587852478,0.012767652980983257,0.11299403756856918
2560,0.03653375804424286,1e-07,0.027406888,0.000984244,0.031372663,0.048316869884729385,0.11235195398330688,0.012767383828759193,0.11299284547567368
2561,0.03653372824192047,1e-07,0.027406884,0.0009842437,0.03137266,0.048316556960344315,0.1123507022857666,0.012767108157277107,0.11299163103103638
2562,0.03653369098901749,1e-07,0.027406879,0.0009842439,0.031372663,0.04831625893712044,0.1123495101928711,0.012766847386956215,0.11299047619104385
2563,0.0365336574614048,1e-07,0.027406866,0.0009842435,0.031372655,0.048315953463315964,0.11234825849533081,0.012766571715474129,0.11298925429582596
2564,0.036533623933792114,1e-07,0.02740685,0.0009842425,0.03137264,0.04831566661596298,0.11234709620475769,0.012766314670443535,0.11298811435699463
2565,0.03653359413146973,1e-07,0.027406832,0.0009842416,0.031372625,0.04831537976861,0.11234593391418457,0.01276605948805809,0.1129869893193245
2566,0.03653355687856674,1e-07,0.02740682,0.0009842409,0.031372614,0.04831508547067642,0.11234475672245026,0.012765800580382347,0.11298584192991257
2567,0.036533523350954056,1e-07,0.027406821,0.0009842409,0.031372614,0.048314809799194336,0.11234365403652191,0.012765559367835522,0.11298477649688721
2568,0.03653348982334137,1e-07,0.027406797,0.0009842403,0.031372603,0.04831451550126076,0.1123424619436264,0.01276529673486948,0.11298361420631409
2569,0.03653346002101898,1e-07,0.027406802,0.0009842402,0.031372603,0.048314232379198074,0.11234132945537567,0.012765048071742058,0.11298251152038574
2570,0.036533426493406296,1e-07,0.027406782,0.0009842395,0.03137259,0.048313967883586884,0.11234025657176971,0.012764811515808105,0.11298146843910217
2571,0.03653339296579361,1e-07,0.027406761,0.0009842381,0.03137257,0.0483136884868145,0.11233912408351898,0.012764561921358109,0.11298035830259323
2572,0.03653336316347122,1e-07,0.027406761,0.0009842383,0.031372573,0.04831341281533241,0.11233803629875183,0.012764322571456432,0.11297930032014847
2573,0.036533329635858536,1e-07,0.027406747,0.0009842379,0.031372566,0.04831314459443092,0.11233696341514587,0.012764088809490204,0.1129782646894455
2574,0.03653329610824585,1e-07,0.027406743,0.0009842378,0.031372562,0.04831288009881973,0.11233590543270111,0.012763855047523975,0.11297722905874252
2575,0.03653326630592346,1e-07,0.027406743,0.0009842376,0.031372562,0.04831261187791824,0.11233481764793396,0.0127636156976223,0.11297617107629776
2576,0.03653322905302048,1e-07,0.027406702,0.0009842359,0.031372536,0.04831234738230705,0.11233377456665039,0.012763386592268944,0.11297515779733658
2577,0.03653319552540779,1e-07,0.027406707,0.0009842357,0.031372532,0.04831208288669586,0.11233271658420563,0.01276315376162529,0.1129741296172142
2578,0.036533161997795105,1e-07,0.0274067,0.0009842356,0.03137253,0.04831182211637497,0.11233165860176086,0.012762919999659061,0.11297309398651123
2579,0.03653313219547272,1e-07,0.027406693,0.0009842351,0.03137252,0.04831157252192497,0.11233070492744446,0.012762710452079773,0.11297217011451721
2580,0.03653309494256973,1e-07,0.027406683,0.0009842346,0.031372514,0.04831130802631378,0.11232966184616089,0.012762481346726418,0.11297114938497543
2581,0.036533065140247345,1e-07,0.027406653,0.0009842335,0.031372495,0.04831106588244438,0.11232869327068329,0.012762269005179405,0.11297021061182022
2582,0.03653302788734436,1e-07,0.027406642,0.0009842328,0.031372484,0.04831082001328468,0.11232772469520569,0.012762055732309818,0.11296927183866501
2583,0.03653299808502197,1e-07,0.027406633,0.0009842323,0.031372476,0.048310574144124985,0.1123267412185669,0.012761840596795082,0.1129683181643486
2584,0.036532964557409286,1e-07,0.027406624,0.0009842318,0.03137247,0.048310328274965286,0.1123257726430893,0.01276162639260292,0.11296737194061279
2585,0.0365329310297966,1e-07,0.027406618,0.0009842317,0.03137247,0.04831008240580559,0.11232481896877289,0.012761416845023632,0.11296644061803818
2586,0.036532897502183914,1e-07,0.027406609,0.0009842316,0.031372465,0.048309843987226486,0.11232386529445648,0.012761207297444344,0.11296551674604416
2587,0.03653286397457123,1e-07,0.027406609,0.0009842317,0.03137247,0.048309605568647385,0.11232292652130127,0.012761000543832779,0.11296460032463074
2588,0.03653283417224884,1e-07,0.02740659,0.0009842309,0.031372454,0.04830937087535858,0.11232201755046844,0.012760801240801811,0.1129637137055397
