epoch,loss,lr,mae,mape,mse,msle,rmse,val_loss,val_mae,val_mape,val_mse,val_msle,val_rmse
0,1.326230525970459,1e-04,0.20188552,167.9501,0.054801963,0.032353655,0.2340982,1.4363051652908325,0.40121230483055115,44.142459869384766,0.16682931780815125,0.05748934671282768,0.4084474444389343
1,1.3194806575775146,1e-04,0.20169209,158.37964,0.050004814,0.029483568,0.22361757,1.4343783855438232,0.4012795388698578,44.150360107421875,0.1668774038553238,0.05750847980380058,0.40850630402565
2,1.3138794898986816,1e-04,0.20156237,149.43,0.04637852,0.027123809,0.21535672,1.4324361085891724,0.40135496854782104,44.15917205810547,0.16693201661109924,0.057530175894498825,0.4085731506347656
3,1.3092914819717407,1e-04,0.20133224,141.28618,0.04378746,0.02523819,0.20925453,1.4304832220077515,0.4014450013637543,44.16960906982422,0.16699843108654022,0.057556502521038055,0.40865442156791687
4,1.3055254220962524,1e-04,0.20095804,134.121,0.04204054,0.023767816,0.2050379,1.428527593612671,0.4015558362007141,44.182369232177734,0.16708175837993622,0.05758948251605034,0.4087563455104828
5,1.3023667335510254,1e-04,0.20040919,128.0409,0.04092079,0.02263879,0.20228888,1.4265742301940918,0.40169209241867065,44.197959899902344,0.16718576848506927,0.05763057619333267,0.40888357162475586
6,1.2996097803115845,1e-04,0.19967541,123.07548,0.040221356,0.021774797,0.20055263,1.4246275424957275,0.4018561840057373,44.216636657714844,0.16731244325637817,0.05768056958913803,0.4090384244918823
7,1.297087550163269,1e-04,0.19876811,119.18961,0.039772548,0.021108298,0.19943056,1.4226903915405273,0.4020484983921051,44.23845672607422,0.16746225953102112,0.05773966386914253,0.4092215299606323
8,1.294681429862976,1e-04,0.19771653,116.30461,0.03945336,0.020586671,0.19862871,1.4207638502120972,0.40226835012435913,44.26333236694336,0.16763462126255035,0.05780762434005737,0.4094320833683014
9,1.2923187017440796,1e-04,0.19656064,114.31966,0.039189443,0.020173224,0.19796324,1.4188485145568848,0.4025139808654785,44.29106140136719,0.16782823204994202,0.05788392946124077,0.4096684455871582
10,1.2899638414382935,1e-04,0.19534455,113.12593,0.03894352,0.01984484,0.19734113,1.4169435501098633,0.40278300642967224,44.32139205932617,0.1680411994457245,0.05796787887811661,0.4099282920360565
11,1.2876062393188477,1e-04,0.19411162,112.61369,0.038703807,0.019588174,0.19673283,1.415047526359558,0.4030728340148926,44.35402297973633,0.1682714968919754,0.058058638125658035,0.4102090895175934
12,1.2852497100830078,1e-04,0.19290146,112.67398,0.038473647,0.019395838,0.19614701,1.413158655166626,0.40338069200515747,44.38864517211914,0.1685168445110321,0.058155328035354614,0.41050803661346436
13,1.2829047441482544,1e-04,0.19174773,113.19788,0.038263008,0.019263003,0.19560933,1.4112744331359863,0.403703510761261,44.4249153137207,0.16877488791942596,0.058257050812244415,0.41082221269607544
14,1.280582070350647,1e-04,0.19067709,114.0745,0.038082518,0.019184815,0.19514742,1.4093940258026123,0.40403833985328674,44.46250534057617,0.16904322803020477,0.05836283043026924,0.41114866733551025
15,1.278290033340454,1e-04,0.18970871,115.189865,0.0379392,0.019154577,0.19477987,1.4075144529342651,0.40438222885131836,44.50109100341797,0.1693195402622223,0.05847177654504776,0.41148456931114197
16,1.2760289907455444,1e-04,0.18885407,116.42833,0.03783416,0.019162815,0.19451006,1.4056352376937866,0.4047324061393738,44.54035568237305,0.16960151493549347,0.05858298018574715,0.41182705760002136
17,1.2737957239151,1e-04,0.18811734,117.67624,0.03776194,0.01919737,0.19432431,1.4037549495697021,0.4050864279270172,44.58001708984375,0.16988714039325714,0.05869565159082413,0.41217368841171265
18,1.2715795040130615,1e-04,0.18749659,118.828575,0.037711747,0.019244365,0.19419512,1.4018728733062744,0.40544193983078003,44.61982727050781,0.17017459869384766,0.0588090643286705,0.41252222657203674
19,1.269368052482605,1e-04,0.18698494,119.79636,0.03766983,0.019289901,0.19408718,1.3999885320663452,0.4057973027229309,44.659603118896484,0.1704624891281128,0.05892267823219299,0.41287103295326233
20,1.267148733139038,1e-04,0.18657294,120.51315,0.03762267,0.019321932,0.19396564,1.3981026411056519,0.4061512053012848,44.6992073059082,0.17074979841709137,0.05903608724474907,0.41321882605552673
21,1.2649126052856445,1e-04,0.18625005,120.93956,0.037559737,0.019331865,0.19380334,1.3962149620056152,0.4065030515193939,44.73855209350586,0.17103585600852966,0.059149038046598434,0.4135648012161255
22,1.262654423713684,1e-04,0.186006,121.063705,0.037475225,0.019315366,0.19358519,1.3943265676498413,0.4068525731563568,44.777626037597656,0.17132055759429932,0.05926147848367691,0.41390886902809143
23,1.2603744268417358,1e-04,0.18583164,120.89941,0.03736853,0.019272434,0.19330941,1.3924378156661987,0.40720003843307495,44.81645584106445,0.1716040074825287,0.05937346816062927,0.4142511487007141
24,1.2580771446228027,1e-04,0.18571894,120.48138,0.03724342,0.019206684,0.19298553,1.3905497789382935,0.4075459837913513,44.85511016845703,0.17188668251037598,0.05948515981435776,0.4145921766757965
25,1.2557694911956787,1e-04,0.18566063,119.86006,0.03710642,0.019124256,0.19263028,1.3886631727218628,0.40789133310317993,44.893672943115234,0.17216923832893372,0.05959685519337654,0.41493281722068787
26,1.253459095954895,1e-04,0.18564971,119.095665,0.036965102,0.019032551,0.19226311,1.3867793083190918,0.4082370698451996,44.93228530883789,0.17245253920555115,0.05970887094736099,0.415274053812027
27,1.2511529922485352,1e-04,0.18567863,118.25263,0.03682629,0.018939054,0.19190177,1.3848990201950073,0.4085842967033386,44.971046447753906,0.17273740470409393,0.059821534901857376,0.415616899728775
28,1.248856544494629,1e-04,0.18573914,117.39462,0.03669493,0.018850401,0.19155921,1.3830227851867676,0.4089341163635254,45.010093688964844,0.1730247139930725,0.05993521213531494,0.4159623980522156
29,1.246571660041809,1e-04,0.18582204,116.580536,0.036573537,0.018771809,0.19124208,1.3811519145965576,0.4092874526977539,45.04953384399414,0.17331524193286896,0.060050200670957565,0.41631147265434265
30,1.2442989349365234,1e-04,0.18591738,115.86093,0.036462218,0.0187068,0.19095083,1.3792873620986938,0.40964508056640625,45.08944320678711,0.17360961437225342,0.06016673520207405,0.41666486859321594
31,1.242037057876587,1e-04,0.1860151,115.275925,0.036359265,0.01865729,0.19068106,1.3774287700653076,0.4100075364112854,45.12989044189453,0.17390818893909454,0.060284990817308426,0.4170230031013489
32,1.239782452583313,1e-04,0.18610552,114.853806,0.03626197,0.018623816,0.19042575,1.3755769729614258,0.4103749692440033,45.1708984375,0.17421120405197144,0.06040503829717636,0.41738614439964294
33,1.2375332117080688,1e-04,0.18618025,114.61036,0.036167502,0.018605903,0.19017756,1.3737318515777588,0.41074737906455994,45.21245574951172,0.17451855540275574,0.060526855289936066,0.4177541732788086
34,1.235287070274353,1e-04,0.18623249,114.54923,0.036073677,0.01860239,0.18993072,1.3718936443328857,0.4111243188381195,45.2545280456543,0.17482991516590118,0.060650307685136795,0.4181266725063324
35,1.2330430746078491,1e-04,0.18625766,114.662796,0.035979334,0.01861172,0.18968219,1.3700612783432007,0.4115051329135895,45.29703140258789,0.1751447170972824,0.06077517196536064,0.41850295662879944
36,1.230800986289978,1e-04,0.18625334,114.93342,0.035884462,0.018632062,0.18943195,1.3682132959365845,0.41189250349998474,45.34027099609375,0.1754651814699173,0.06090233847498894,0.41888564825057983
37,1.2285369634628296,1e-04,0.18621863,115.33927,0.035788912,0.018661657,0.18917957,1.3663908243179321,0.41227811574935913,45.3833122253418,0.1757844239473343,0.06102906912565231,0.4192665219306946
38,1.2263025045394897,1e-04,0.18615547,115.8383,0.035696134,0.01869746,0.1889342,1.3645716905593872,0.4126643240451813,45.426429748535156,0.1761043816804886,0.06115613505244255,0.4196479320526123
39,1.2240737676620483,1e-04,0.18606594,116.39732,0.03560639,0.018737089,0.18869656,1.3627550601959229,0.41304975748062134,45.469459533691406,0.17642393708229065,0.06128310039639473,0.4200285077095032
40,1.2218515872955322,1e-04,0.18595317,116.97632,0.035520546,0.01877748,0.18846895,1.360939383506775,0.41343316435813904,45.51227951049805,0.1767420768737793,0.061409544199705124,0.4204070270061493
41,1.2196359634399414,1e-04,0.18582055,117.53509,0.0354387,0.018815298,0.1882517,1.3591243028640747,0.41381335258483887,45.55474090576172,0.17705769836902618,0.06153503805398941,0.4207822382450104
42,1.2174267768859863,1e-04,0.18567143,118.036095,0.03536023,0.018847134,0.18804316,1.3573081493377686,0.41418924927711487,45.596717834472656,0.17736990749835968,0.06165923550724983,0.42115306854248047
43,1.2152221202850342,1e-04,0.1855088,118.44679,0.03528384,0.01886977,0.18783994,1.3554906845092773,0.41455990076065063,45.63813018798828,0.17767801880836487,0.06178184598684311,0.4215187132358551
44,1.2130206823349,1e-04,0.18533531,118.74193,0.03520798,0.018880494,0.1876379,1.353671908378601,0.4149248003959656,45.67890167236328,0.17798154056072235,0.06190267950296402,0.4218785762786865
45,1.210821509361267,1e-04,0.18515283,118.90508,0.035131153,0.018877383,0.18743306,1.3518503904342651,0.4152836799621582,45.71900177001953,0.17828013002872467,0.062021613121032715,0.42223232984542847
46,1.2086225748062134,1e-04,0.18496293,118.929695,0.035052307,0.018859534,0.18722261,1.350027322769165,0.41563647985458374,45.75843048095703,0.178573876619339,0.0621386356651783,0.4225800335407257
47,1.2064244747161865,1e-04,0.18476653,118.818924,0.03497095,0.018827116,0.18700522,1.348202109336853,0.41598352789878845,45.79722595214844,0.17886295914649963,0.06225387006998062,0.42292192578315735
48,1.2042262554168701,1e-04,0.18456396,118.584854,0.03488718,0.018781302,0.18678111,1.3463760614395142,0.41632533073425293,45.83543395996094,0.1791478395462036,0.06236745044589043,0.42325860261917114
49,1.202029824256897,1e-04,0.18435523,118.24718,0.034801602,0.018724116,0.18655187,1.3445489406585693,0.41666263341903687,45.873146057128906,0.1794290840625763,0.06247963756322861,0.42359068989753723
50,1.199834942817688,1e-04,0.18413973,117.8307,0.034714986,0.018658098,0.18631957,1.342721700668335,0.4169963002204895,45.91046142578125,0.17970742285251617,0.06259070336818695,0.42391911149024963
51,1.1976425647735596,1e-04,0.18391688,117.36347,0.034628168,0.018586082,0.18608645,1.3408952951431274,0.41732722520828247,45.947471618652344,0.17998366057872772,0.06270097196102142,0.42424482107162476
52,1.1954532861709595,1e-04,0.18368563,116.873955,0.0345417,0.01851085,0.18585397,1.3390705585479736,0.41765642166137695,45.98430252075195,0.1802586019039154,0.06281076371669769,0.42456871271133423
53,1.1932679414749146,1e-04,0.18344519,116.38931,0.034455888,0.018434955,0.18562298,1.3372485637664795,0.4179847836494446,46.02102279663086,0.1805330067873001,0.06292037665843964,0.42489176988601685
54,1.1910862922668457,1e-04,0.1831948,115.93326,0.034370728,0.018360559,0.18539344,1.3354294300079346,0.41831308603286743,46.05775833129883,0.18080753087997437,0.06303007900714874,0.4252146780490875
55,1.1889078617095947,1e-04,0.18293425,115.52478,0.03428604,0.018289365,0.1851649,1.3336135149002075,0.41864195466041565,46.09455108642578,0.18108274042606354,0.06314007937908173,0.42553818225860596
56,1.1867324113845825,1e-04,0.18266374,115.1774,0.034201577,0.018222593,0.18493669,1.3318017721176147,0.4189719259738922,46.131465911865234,0.18135905265808105,0.06325056403875351,0.42586272954940796
57,1.1845598220825195,1e-04,0.18238416,114.89841,0.034117155,0.018160991,0.1847083,1.3299942016601562,0.4193032681941986,46.16853713989258,0.1816367208957672,0.06336164474487305,0.426188588142395
58,1.1823902130126953,1e-04,0.18209703,114.68935,0.03403271,0.018104877,0.18447956,1.3281911611557007,0.41963616013526917,46.20577621459961,0.18191589415073395,0.06347333639860153,0.42651599645614624
59,1.1802237033843994,1e-04,0.1818045,114.54636,0.03394837,0.018054215,0.18425083,1.3263921737670898,0.41997042298316956,46.24317932128906,0.1821965128183365,0.06358566135168076,0.42684483528137207
60,1.1780599355697632,1e-04,0.18150893,114.46074,0.03386432,0.018008573,0.1840226,1.324597716331482,0.4203060269355774,46.280723571777344,0.18247845768928528,0.06369855254888535,0.42717498540878296
61,1.1759001016616821,1e-04,0.18121314,114.42046,0.033780847,0.01796728,0.18379566,1.3228068351745605,0.4206426739692688,46.318382263183594,0.182761549949646,0.06381194293498993,0.4275062084197998
62,1.1737433671951294,1e-04,0.18091989,114.41108,0.033698164,0.017929422,0.1835706,1.3210195302963257,0.4209800660610199,46.35612106323242,0.18304550647735596,0.06392570585012436,0.42783817648887634
63,1.1715904474258423,1e-04,0.18063185,114.41722,0.033616398,0.017893944,0.18334775,1.3192353248596191,0.42131781578063965,46.393898010253906,0.18333005905151367,0.06403975188732147,0.4281705915927887
64,1.1694408655166626,1e-04,0.18035133,114.423904,0.033535544,0.017859742,0.18312712,1.317454218864441,0.4216555953025818,46.43168258666992,0.18361493945121765,0.06415397673845291,0.4285031259059906
65,1.1672947406768799,1e-04,0.18008031,114.41788,0.03345551,0.017825788,0.18290848,1.3156760931015015,0.4219931960105896,46.46944046020508,0.18389992415905,0.06426826864480972,0.42883554100990295
66,1.1651521921157837,1e-04,0.17982012,114.38834,0.03337609,0.017791176,0.18269125,1.313900351524353,0.42233046889305115,46.50715255737305,0.18418487906455994,0.06438259035348892,0.42916765809059143
67,1.1630126237869263,1e-04,0.17957169,114.32826,0.033297095,0.017755287,0.18247491,1.3121278285980225,0.4226672053337097,46.5448112487793,0.18446972966194153,0.06449688971042633,0.42949938774108887
68,1.1608763933181763,1e-04,0.17933527,114.23413,0.033218376,0.01771777,0.1822591,1.3103575706481934,0.42300352454185486,46.5824089050293,0.18475444614887238,0.06461118161678314,0.42983072996139526
69,1.158742904663086,1e-04,0.17911066,114.10641,0.033139817,0.017678602,0.18204345,1.3085899353027344,0.42333945631980896,46.619964599609375,0.18503911793231964,0.06472550332546234,0.4301617443561554
70,1.1566122770309448,1e-04,0.17889713,113.94892,0.033061415,0.01763804,0.18182798,1.306825041770935,0.42367514967918396,46.657493591308594,0.18532387912273407,0.06483989953994751,0.4304926097393036
71,1.1544843912124634,1e-04,0.17869364,113.768425,0.032983225,0.017596608,0.18161285,1.3050637245178223,0.4240109324455261,46.69502639770508,0.18560898303985596,0.06495444476604462,0.4308236241340637
72,1.152359962463379,1e-04,0.1784986,113.57356,0.032905273,0.017554926,0.18139811,1.3033056259155273,0.424346923828125,46.732582092285156,0.18589457869529724,0.06506924331188202,0.43115493655204773
73,1.1502387523651123,1e-04,0.17831056,113.373955,0.032827646,0.017513726,0.18118401,1.3015509843826294,0.42468348145484924,46.77019119262695,0.18618085980415344,0.0651843473315239,0.4314868152141571
74,1.1481205224990845,1e-04,0.17812769,113.179184,0.032750353,0.01747369,0.18097058,1.2998005151748657,0.425020694732666,46.80788040161133,0.1864679753780365,0.06529984623193741,0.4318193793296814
75,1.1460058689117432,1e-04,0.1779482,112.99797,0.032673366,0.01743541,0.18075776,1.298053503036499,0.4253588616847992,46.845664978027344,0.1867561638355255,0.06541578471660614,0.4321529269218445
76,1.143894076347351,1e-04,0.17777054,112.83733,0.03259667,0.017399337,0.18054548,1.2963110208511353,0.4256978929042816,46.88355255126953,0.1870453655719757,0.06553218513727188,0.432487428188324
77,1.1417858600616455,1e-04,0.17759325,112.702194,0.03252018,0.017365731,0.18033352,1.294572353363037,0.42603787779808044,46.921539306640625,0.18733561038970947,0.06564904749393463,0.4328228533267975
78,1.1396806240081787,1e-04,0.1774152,112.59484,0.032443855,0.017334651,0.18012178,1.2928378582000732,0.42637866735458374,46.959617614746094,0.18762680888175964,0.06576631963253021,0.43315911293029785
79,1.1375787258148193,1e-04,0.17723559,112.515144,0.03236767,0.017305981,0.17991017,1.2911072969436646,0.4267200827598572,46.99776840209961,0.1879187971353531,0.06588395684957504,0.43349602818489075
80,1.1354801654815674,1e-04,0.17705385,112.46059,0.032291595,0.017279418,0.17969862,1.289380431175232,0.42706188559532166,47.03595733642578,0.1882113516330719,0.06600186973810196,0.4338333308696747
81,1.1333845853805542,1e-04,0.17686988,112.42677,0.032215673,0.017254543,0.17948726,1.2876566648483276,0.4274037480354309,47.07415008544922,0.1885041445493698,0.06611991673707962,0.4341706335544586
82,1.1312923431396484,1e-04,0.17668366,112.407745,0.032139897,0.017230792,0.17927603,1.285935878753662,0.4277452528476715,47.1123161315918,0.18879695236682892,0.06623800098896027,0.43450769782066345
83,1.129203200340271,1e-04,0.17649542,112.39668,0.032064304,0.017207574,0.17906508,1.2842180728912354,0.42808619141578674,47.15040969848633,0.18908943235874176,0.06635600328445435,0.43484413623809814
84,1.1271175146102905,1e-04,0.17630556,112.386635,0.031988893,0.017184276,0.17885439,1.2825030088424683,0.42842617630958557,47.188392639160156,0.18938133120536804,0.06647380441427231,0.4351796507835388
85,1.1250354051589966,1e-04,0.17611448,112.37109,0.031913664,0.01716032,0.17864396,1.2807903289794922,0.42876482009887695,47.22623825073242,0.1896723210811615,0.0665913000702858,0.43551385402679443
86,1.1229565143585205,1e-04,0.1759225,112.34443,0.03183859,0.017135218,0.1784337,1.279079556465149,0.4291021227836609,47.263919830322266,0.18996231257915497,0.06670840829610825,0.4358466565608978
87,1.1208808422088623,1e-04,0.17572996,112.3024,0.031763617,0.01710858,0.1782235,1.277370572090149,0.4294377267360687,47.301422119140625,0.19025111198425293,0.06682507693767548,0.4361778497695923
88,1.1188082695007324,1e-04,0.17553702,112.24255,0.031688742,0.017080184,0.17801332,1.2756637334823608,0.4297715723514557,47.3387336730957,0.19053861498832703,0.0669412836432457,0.43650728464126587
89,1.11673903465271,1e-04,0.17534378,112.16417,0.03161394,0.017049959,0.17780308,1.273958683013916,0.43010377883911133,47.375850677490234,0.19082486629486084,0.06705699861049652,0.43683505058288574
90,1.1146728992462158,1e-04,0.17515023,112.06808,0.031539194,0.017017977,0.17759277,1.2722556591033936,0.43043431639671326,47.41278839111328,0.19110992550849915,0.06717227399349213,0.4371612071990967
91,1.1126102209091187,1e-04,0.17495617,111.95679,0.031464513,0.016984444,0.1773824,1.2705544233322144,0.4307633340358734,47.44956588745117,0.1913938820362091,0.06728716939687729,0.43748587369918823
92,1.1105504035949707,1e-04,0.17476137,111.833725,0.031389903,0.016949661,0.17717196,1.2688556909561157,0.4310911297798157,47.4861946105957,0.19167688488960266,0.0674017071723938,0.43780919909477234
93,1.1084941625595093,1e-04,0.17456555,111.703125,0.03131539,0.016914,0.17696156,1.2671595811843872,0.4314177632331848,47.52269744873047,0.19195915758609772,0.06751597672700882,0.4381314516067505
94,1.1064413785934448,1e-04,0.17436847,111.56937,0.031240968,0.016877845,0.17675115,1.265465497970581,0.43174344301223755,47.559104919433594,0.19224083423614502,0.06763005256652832,0.4384527802467346
95,1.1043912172317505,1e-04,0.17416985,111.436676,0.031166652,0.016841566,0.17654079,1.2637747526168823,0.43206843733787537,47.595428466796875,0.1925220936536789,0.06774399429559708,0.43877339363098145
96,1.1023451089859009,1e-04,0.17396952,111.3087,0.031092428,0.0168055,0.17633045,1.2620866298675537,0.4323929250240326,47.631690979003906,0.19280309975147247,0.06785786896944046,0.4390935003757477
97,1.1003018617630005,1e-04,0.17376748,111.188225,0.031018315,0.016769905,0.17612018,1.2604013681411743,0.4327170252799988,47.66791534423828,0.1930839568376541,0.06797172129154205,0.4394131898880005
98,1.0982617139816284,1e-04,0.17356373,111.07694,0.030944305,0.016734958,0.17590994,1.2587194442749023,0.4330407977104187,47.7041015625,0.19336478412151337,0.06808559596538544,0.4397326409816742
99,1.0962250232696533,1e-04,0.1733585,110.97557,0.030870391,0.016700752,0.17569973,1.2570405006408691,0.4333643317222595,47.740264892578125,0.19364559650421143,0.0681995153427124,0.4400518238544464
100,1.094191551208496,1e-04,0.17315212,110.88367,0.030796606,0.0166673,0.17548962,1.2553648948669434,0.43368762731552124,47.77640151977539,0.19392642378807068,0.06831345707178116,0.4403707683086395
101,1.0921614170074463,1e-04,0.17294495,110.799965,0.030722942,0.016634535,0.17527962,1.2536921501159668,0.43401068449020386,47.812503814697266,0.19420722126960754,0.06842745095491409,0.44068947434425354
102,1.0901343822479248,1e-04,0.1727375,110.72257,0.030649425,0.01660235,0.17506978,1.2520228624343872,0.4343334138393402,47.84857177734375,0.19448797404766083,0.06854145228862762,0.44100791215896606
103,1.0881109237670898,1e-04,0.1725302,110.64908,0.030576052,0.016570577,0.17486009,1.2503563165664673,0.4346558153629303,47.884605407714844,0.19476866722106934,0.06865545362234116,0.4413260221481323
104,1.0860905647277832,1e-04,0.1723236,110.576996,0.030502837,0.016539052,0.17465061,1.2486927509307861,0.43497776985168457,47.920589447021484,0.1950491964817047,0.0687694326043129,0.44164374470710754
105,1.0840733051300049,1e-04,0.17211802,110.50396,0.030429779,0.016507598,0.17444134,1.2470322847366333,0.4352993071079254,47.95652389526367,0.19532956182956696,0.06888337433338165,0.44196105003356934
106,1.0820597410202026,1e-04,0.17191388,110.42811,0.030356884,0.016476093,0.17423227,1.2453747987747192,0.4356203079223633,47.99239730834961,0.1956097036600113,0.06899727880954742,0.44227784872055054
107,1.0800491571426392,1e-04,0.17171139,110.34799,0.030284137,0.016444422,0.17402337,1.2437199354171753,0.4359407424926758,48.0282096862793,0.19588956236839294,0.06911110132932663,0.44259414076805115
108,1.078041911125183,1e-04,0.1715107,110.2629,0.030211557,0.016412541,0.17381471,1.2420681715011597,0.4362607002258301,48.06397247314453,0.19616922736167908,0.06922487914562225,0.44290995597839355
109,1.0760380029678345,1e-04,0.17131178,110.17277,0.030139128,0.016380437,0.17360625,1.2404192686080933,0.43658018112182617,48.099666595458984,0.1964486539363861,0.0693385973572731,0.44322529435157776
110,1.0740374326705933,1e-04,0.17111458,110.078156,0.030066844,0.01634816,0.17339793,1.2387731075286865,0.43689918518066406,48.13531494140625,0.19672791659832,0.06945227086544037,0.44354021549224854
111,1.0720398426055908,1e-04,0.17091887,109.98013,0.02999471,0.01631578,0.1731898,1.2371301651000977,0.4372178018093109,48.17091751098633,0.19700701534748077,0.06956592947244644,0.4438547194004059
112,1.070045828819275,1e-04,0.17072453,109.880035,0.029922733,0.016283406,0.17298189,1.235490083694458,0.4375360608100891,48.206478118896484,0.19728603959083557,0.06967958062887192,0.44416892528533936
113,1.0680549144744873,1e-04,0.17053106,109.779465,0.029850889,0.016251143,0.17277409,1.2338529825210571,0.43785396218299866,48.24199676513672,0.1975649893283844,0.06979325413703918,0.44448283314704895
114,1.0660673379898071,1e-04,0.17033833,109.67993,0.029779196,0.016219102,0.1725665,1.2322192192077637,0.4381715655326843,48.277488708496094,0.19784386456012726,0.06990692764520645,0.44479644298553467
115,1.0640829801559448,1e-04,0.17014599,109.58273,0.029707639,0.016187366,0.17235903,1.2305881977081299,0.4384889006614685,48.312950134277344,0.19812273979187012,0.0700206384062767,0.4451098144054413
116,1.0621018409729004,1e-04,0.1699538,109.48892,0.029636221,0.016156001,0.17215174,1.228960633277893,0.43880605697631836,48.34838104248047,0.19840161502361298,0.07013438642024994,0.4454229474067688
117,1.0601239204406738,1e-04,0.16976143,109.39913,0.029564925,0.016125035,0.17194454,1.227336049079895,0.4391228258609772,48.38377380371094,0.19868037104606628,0.07024811953306198,0.44573575258255005
118,1.0581493377685547,1e-04,0.16956893,109.31346,0.029493766,0.016094465,0.17173749,1.2257145643234253,0.4394392967224121,48.419132232666016,0.198959082365036,0.07036186754703522,0.4460482895374298
119,1.0561782121658325,1e-04,0.16937603,109.23156,0.029422723,0.016064245,0.17153053,1.2240958213806152,0.43975526094436646,48.454444885253906,0.1992376297712326,0.07047559320926666,0.44636043906211853
120,1.0542099475860596,1e-04,0.16918278,109.1529,0.029351808,0.01603431,0.17132369,1.222480058670044,0.4400708079338074,48.48969268798828,0.1995159089565277,0.07058924436569214,0.4466720521450043
121,1.0522451400756836,1e-04,0.16898918,109.07642,0.029281003,0.016004562,0.17111693,1.2208675146102905,0.44038575887680054,48.52488327026367,0.19979390501976013,0.07070280611515045,0.44698312878608704
122,1.0502839088439941,1e-04,0.16879526,109.00109,0.029210329,0.01597491,0.1709103,1.2192572355270386,0.4406999945640564,48.55999755859375,0.20007148385047913,0.07081624865531921,0.4472935199737549
123,1.0483254194259644,1e-04,0.16860114,108.92573,0.029139774,0.015945248,0.17070375,1.2176498174667358,0.44101351499557495,48.59502410888672,0.20034858584403992,0.07092951983213425,0.44760316610336304
124,1.046370506286621,1e-04,0.16840687,108.84936,0.029069332,0.015915481,0.17049731,1.2160449028015137,0.44132623076438904,48.62996292114258,0.20062518119812012,0.07104263454675674,0.4479120373725891
125,1.0444188117980957,1e-04,0.1682125,108.770996,0.02899901,0.015885536,0.17029096,1.2144428491592407,0.4416380524635315,48.66480255126953,0.20090118050575256,0.07115552574396133,0.44822001457214355
126,1.0424704551696777,1e-04,0.16801812,108.690155,0.028928796,0.01585536,0.17008467,1.2128428220748901,0.44194895029067993,48.69953918457031,0.20117655396461487,0.07126821577548981,0.44852709770202637
127,1.040524959564209,1e-04,0.16782378,108.60646,0.028858704,0.015824929,0.1698785,1.2112457752227783,0.44225892424583435,48.73417282104492,0.2014513462781906,0.07138068228960037,0.44883331656455994
128,1.0385831594467163,1e-04,0.16762942,108.519936,0.028788727,0.01579424,0.16967241,1.209650993347168,0.44256800413131714,48.768707275390625,0.20172548294067383,0.07149292528629303,0.4491386115550995
129,1.0366443395614624,1e-04,0.16743508,108.430855,0.028718866,0.01576332,0.16946642,1.2080588340759277,0.44287624955177307,48.80315017700195,0.20199906826019287,0.07160498201847076,0.4494430720806122
130,1.034708857536316,1e-04,0.16724071,108.33975,0.02864912,0.015732212,0.1692605,1.2064692974090576,0.4431836009025574,48.83749008178711,0.20227208733558655,0.07171683013439178,0.449746698141098
131,1.0327765941619873,1e-04,0.16704622,108.24728,0.028579487,0.015700974,0.16905469,1.2048821449279785,0.4434901773929596,48.871742248535156,0.20254454016685486,0.07182849943637848,0.450049489736557
132,1.0308476686477661,1e-04,0.1668516,108.154106,0.028509967,0.01566967,0.16884895,1.2032978534698486,0.4437960088253021,48.905914306640625,0.20281656086444855,0.07194001972675323,0.4503515958786011
133,1.0289218425750732,1e-04,0.16665675,108.06099,0.028440567,0.01563836,0.16864331,1.2017163038253784,0.44410115480422974,48.940006256103516,0.20308811962604523,0.07205138355493546,0.45065298676490784
134,1.0269994735717773,1e-04,0.1664617,107.968544,0.028371291,0.015607109,0.1684378,1.2001372575759888,0.44440561532974243,48.974021911621094,0.20335929095745087,0.07216261327266693,0.45095375180244446
135,1.0250800848007202,1e-04,0.16626643,107.87718,0.02830214,0.015575956,0.1682324,1.198561191558838,0.4447094798088074,49.007972717285156,0.20363011956214905,0.07227374613285065,0.4512539505958557
136,1.0231640338897705,1e-04,0.16607091,107.78716,0.028233103,0.015544927,0.16802709,1.196987509727478,0.4450127184391022,49.0418586730957,0.20390057563781738,0.07238476723432541,0.4515535235404968
137,1.0212512016296387,1e-04,0.16587518,107.6986,0.02816419,0.015514039,0.1678219,1.1954169273376465,0.4453153610229492,49.0756721496582,0.20417067408561707,0.07249567657709122,0.4518525004386902
138,1.0193417072296143,1e-04,0.16567928,107.6114,0.028095398,0.015483286,0.16761681,1.1938490867614746,0.4456174969673157,49.10942459106445,0.20444050431251526,0.07260648906230927,0.45215097069740295
139,1.0174353122711182,1e-04,0.16548333,107.52531,0.02802674,0.015452666,0.16741188,1.1922838687896729,0.4459189474582672,49.143104553222656,0.20470991730690002,0.07271718233823776,0.4524488151073456
140,1.01553213596344,1e-04,0.16528739,107.43994,0.027958203,0.015422146,0.16720706,1.1907213926315308,0.4462198317050934,49.176727294921875,0.20497901737689972,0.0728277713060379,0.45274609327316284
141,1.0136321783065796,1e-04,0.16509151,107.35494,0.027889797,0.015391706,0.1670024,1.1891616582870483,0.4465200901031494,49.21027374267578,0.20524773001670837,0.07293824851512909,0.45304274559020996
142,1.0117355585098267,1e-04,0.16489586,107.26983,0.027821522,0.015361311,0.16679785,1.1876046657562256,0.4468196928501129,49.243751525878906,0.20551607012748718,0.07304859161376953,0.4533388018608093
143,1.009842038154602,1e-04,0.16470037,107.18429,0.027753372,0.01533093,0.16659343,1.1860506534576416,0.4471186697483063,49.27714920043945,0.20578399300575256,0.07315880805253983,0.45363420248031616
144,1.0079519748687744,1e-04,0.16450521,107.09805,0.027685355,0.015300556,0.16638917,1.184498906135559,0.4474170207977295,49.310482025146484,0.2060515433549881,0.07326889038085938,0.45392900705337524
145,1.006064772605896,1e-04,0.16431032,107.010895,0.027617466,0.015270163,0.16618504,1.1829499006271362,0.447714626789093,49.3437385559082,0.20631864666938782,0.07337882369756699,0.4542231261730194
146,1.004180908203125,1e-04,0.16411574,106.92282,0.027549706,0.015239752,0.16598104,1.181403636932373,0.448011577129364,49.376914978027344,0.20658531785011292,0.07348863780498505,0.45451658964157104
147,1.0023003816604614,1e-04,0.16392149,106.83386,0.02748209,0.015209333,0.16577724,1.1798601150512695,0.44830790162086487,49.410011291503906,0.20685157179832458,0.07359828054904938,0.45480936765670776
148,1.0004230737686157,1e-04,0.16372745,106.74417,0.02741459,0.015178905,0.16557352,1.1783188581466675,0.4486035406589508,49.44304656982422,0.20711740851402283,0.07370780408382416,0.45510154962539673
149,0.9985487461090088,1e-04,0.16353361,106.653946,0.027347224,0.015148486,0.16536996,1.1767804622650146,0.4488984942436218,49.47600173950195,0.20738284289836884,0.0738171935081482,0.45539307594299316
150,0.9966775178909302,1e-04,0.16333996,106.563545,0.02727999,0.015118101,0.16516656,1.175244927406311,0.4491928517818451,49.50888442993164,0.2076478749513626,0.07392646372318268,0.45568397641181946
151,0.9948099851608276,1e-04,0.16314642,106.473114,0.027212886,0.015087763,0.16496329,1.173711895942688,0.44948655366897583,49.541690826416016,0.20791248977184296,0.07403556257486343,0.4559742212295532
152,0.9929453134536743,1e-04,0.16295287,106.38292,0.027145905,0.015057479,0.16476014,1.1721813678741455,0.4497795104980469,49.574424743652344,0.2081766426563263,0.07414452731609344,0.45626378059387207
153,0.9910838603973389,1e-04,0.16275933,106.293106,0.027079059,0.015027266,0.16455716,1.1706537008285522,0.45007187128067017,49.60708236694336,0.20844042301177979,0.07425335794687271,0.45655277371406555
154,0.9892256259918213,1e-04,0.1625658,106.20378,0.027012339,0.014997131,0.16435431,1.1691285371780396,0.45036354660987854,49.639671325683594,0.20870375633239746,0.07436203211545944,0.45684105157852173
155,0.9873705506324768,1e-04,0.16237214,106.11494,0.026945744,0.014967065,0.1641516,1.167606234550476,0.4506545066833496,49.67217254638672,0.20896658301353455,0.07447054237127304,0.4571286141872406
156,0.9855188727378845,1e-04,0.16217849,106.02648,0.026879285,0.014937057,0.16394903,1.1660860776901245,0.450944721698761,49.7046012878418,0.20922896265983582,0.0745789036154747,0.45741552114486694
157,0.9836699962615967,1e-04,0.16198474,105.93834,0.026812945,0.014907105,0.16374658,1.1645687818527222,0.45123425126075745,49.73694610595703,0.20949086546897888,0.07468708604574203,0.457701712846756
158,0.9818245768547058,1e-04,0.16179092,105.85031,0.026746733,0.014877183,0.16354428,1.1630538702011108,0.4515230059623718,49.769203186035156,0.20975223183631897,0.07479508221149445,0.4579871594905853
159,0.979982316493988,1e-04,0.16159707,105.762245,0.026680646,0.014847287,0.16334212,1.1615413427352905,0.4518109858036041,49.80137252807617,0.2100130319595337,0.07490289956331253,0.4582718014717102
160,0.978143036365509,1e-04,0.16140321,105.673965,0.026614686,0.014817393,0.16314009,1.1600315570831299,0.45209819078445435,49.833457946777344,0.21027331054210663,0.0750105082988739,0.458555668592453
161,0.9763070940971375,1e-04,0.16120945,105.58531,0.026548872,0.014787502,0.16293825,1.1585241556167603,0.4523845314979553,49.865447998046875,0.2105329930782318,0.07511791586875916,0.45883873105049133
162,0.9744744300842285,1e-04,0.16101564,105.49613,0.026483165,0.014757585,0.16273649,1.1570191383361816,0.4526700973510742,49.89734649658203,0.21079213917255402,0.0752251073718071,0.45912104845046997
163,0.9726446270942688,1e-04,0.1608219,105.40642,0.026417593,0.014727648,0.1625349,1.1555166244506836,0.4529547691345215,49.92915344238281,0.21105065941810608,0.07533208280801773,0.45940250158309937
164,0.9708181619644165,1e-04,0.16062817,105.31608,0.026352141,0.014697687,0.16233343,1.1540164947509766,0.45323866605758667,49.960872650146484,0.21130859851837158,0.07543887197971344,0.4596831500530243
165,0.9689947366714478,1e-04,0.16043457,105.225266,0.02628684,0.01466772,0.16213217,1.1525187492370605,0.4535217881202698,49.992496490478516,0.21156597137451172,0.07554543763399124,0.45996302366256714
166,0.9671745300292969,1e-04,0.16024098,105.13394,0.026221642,0.014637733,0.16193098,1.1510237455368042,0.45380401611328125,50.024024963378906,0.2118227481842041,0.07565179467201233,0.46024206280708313
167,0.9653576016426086,1e-04,0.16004747,105.04234,0.026156595,0.014607762,0.16173,1.1495310068130493,0.45408549904823303,50.05547332763672,0.2120790034532547,0.0757579505443573,0.46052035689353943
168,0.963543713092804,1e-04,0.159854,104.950516,0.026091663,0.014577798,0.16152914,1.148040533065796,0.45436620712280273,50.08682632446289,0.21233463287353516,0.07586391270160675,0.46079781651496887
169,0.9617327451705933,1e-04,0.15966052,104.85863,0.026026871,0.014547865,0.16132845,1.1465529203414917,0.45464617013931274,50.11810302734375,0.2125897854566574,0.07596968114376068,0.4610745906829834
170,0.9599252343177795,1e-04,0.15946712,104.76671,0.025962204,0.014517965,0.16112791,1.145067572593689,0.4549252986907959,50.1492919921875,0.21284440159797668,0.0760752484202385,0.46135061979293823
171,0.9581207633018494,1e-04,0.15927371,104.6749,0.025897669,0.014488106,0.16092752,1.1435846090316772,0.45520368218421936,50.18039321899414,0.2130984514951706,0.07618062943220139,0.461625874042511
172,0.9563193321228027,1e-04,0.15908033,104.583206,0.025833262,0.014458297,0.16072729,1.1421043872833252,0.4554813504219055,50.21141052246094,0.21335196495056152,0.07628580927848816,0.46190038323402405
173,0.9545214176177979,1e-04,0.15888704,104.49169,0.025768997,0.014428543,0.16052724,1.1406261920928955,0.455758273601532,50.24234390258789,0.21360495686531067,0.0763908103108406,0.4621741771697998
174,0.9527261853218079,1e-04,0.15869378,104.40031,0.025704864,0.014398841,0.16032736,1.1391507387161255,0.4560343623161316,50.273193359375,0.21385738253593445,0.07649561017751694,0.4624471664428711
175,0.9509341716766357,1e-04,0.15850058,104.30897,0.025640864,0.014369185,0.16012765,1.137677788734436,0.4563097357749939,50.303955078125,0.21410933136940002,0.07660023123025894,0.46271950006484985
176,0.9491454362869263,1e-04,0.15830742,104.217636,0.025576986,0.014339567,0.15992807,1.136207103729248,0.4565843641757965,50.334632873535156,0.21436066925525665,0.07670463621616364,0.46299099922180176
177,0.9473597407341003,1e-04,0.15811437,104.12623,0.02551325,0.014309992,0.15972868,1.1347389221191406,0.45685815811157227,50.36521911621094,0.2146114557981491,0.07680882513523102,0.46326175332069397
178,0.9455770254135132,1e-04,0.1579214,104.03467,0.025449635,0.01428044,0.15952942,1.1332732439041138,0.45713120698928833,50.395721435546875,0.2148616760969162,0.07691282033920288,0.4635317325592041
179,0.943797767162323,1e-04,0.1577286,103.94291,0.025386173,0.01425092,0.15933038,1.1318095922470093,0.45740342140197754,50.42612838745117,0.21511130034923553,0.07701659202575684,0.46380093693733215
180,0.9420211911201477,1e-04,0.15753588,103.850914,0.025322832,0.014221428,0.1591315,1.1303486824035645,0.45767489075660706,50.456459045410156,0.2153603583574295,0.07712016999721527,0.46406933665275574
181,0.9402479529380798,1e-04,0.15734331,103.75866,0.025259627,0.014191952,0.15893278,1.128890037536621,0.45794549584388733,50.48668670654297,0.21560879051685333,0.0772235170006752,0.46433693170547485
182,0.9384777545928955,1e-04,0.15715082,103.66615,0.025196552,0.014162498,0.15873422,1.1274336576461792,0.45821529626846313,50.516822814941406,0.2158566415309906,0.07732663303613663,0.4646037518978119
183,0.9367105960845947,1e-04,0.15695843,103.573395,0.02513361,0.014133062,0.15853584,1.1259797811508179,0.4584842622280121,50.54686737060547,0.21610386669635773,0.07742954045534134,0.46486973762512207
184,0.9349467158317566,1e-04,0.15676619,103.48043,0.025070807,0.014103658,0.15833764,1.1245280504226685,0.4587523341178894,50.57682418823242,0.2163504660129547,0.07753218710422516,0.4651348888874054
185,0.9331856966018677,1e-04,0.156574,103.387344,0.02500813,0.014074282,0.15813959,1.1230788230895996,0.4590197205543518,50.606689453125,0.21659651398658752,0.07763464003801346,0.46539929509162903
186,0.9314278364181519,1e-04,0.15638193,103.29412,0.0249456,0.014044936,0.15794176,1.1216316223144531,0.4592862129211426,50.63645935058594,0.21684186160564423,0.07773683965206146,0.46566280722618103
187,0.9296729564666748,1e-04,0.15618995,103.200874,0.0248832,0.014015624,0.1577441,1.1201870441436768,0.4595518708229065,50.666133880615234,0.21708659827709198,0.07783881574869156,0.46592551469802856
188,0.9279213547706604,1e-04,0.155998,103.10751,0.024820928,0.013986345,0.1575466,1.1187447309494019,0.4598166346549988,50.695716857910156,0.2173307240009308,0.07794056087732315,0.466187447309494
189,0.9261727929115295,1e-04,0.15580615,103.014206,0.024758793,0.013957109,0.15734927,1.1173046827316284,0.460080623626709,50.725196838378906,0.21757419407367706,0.07804204523563385,0.46644848585128784
190,0.9244272112846375,1e-04,0.15561435,102.92086,0.02469679,0.013927908,0.15715212,1.1158668994903564,0.46034374833106995,50.75459671020508,0.217817023396492,0.07814330607652664,0.4667087197303772
191,0.9226848483085632,1e-04,0.15542261,102.8275,0.02463492,0.013898741,0.15695515,1.1144315004348755,0.4606059491634369,50.78389358520508,0.2180592119693756,0.07824431359767914,0.4669681191444397
192,0.9209454655647278,1e-04,0.15523092,102.73409,0.024573177,0.013869612,0.15675834,1.112998127937317,0.46086734533309937,50.813087463378906,0.2183007001876831,0.07834507524967194,0.4672265946865082
193,0.9192090034484863,1e-04,0.15503931,102.64066,0.024511576,0.013840515,0.15656173,1.1115671396255493,0.4611278474330902,50.84218978881836,0.21854153275489807,0.07844558358192444,0.4674842655658722
194,0.9174756407737732,1e-04,0.15484783,102.547104,0.024450107,0.0138114495,0.1563653,1.1101382970809937,0.4613874554634094,50.871192932128906,0.21878166496753693,0.07854582369327545,0.4677410125732422
195,0.9157453775405884,1e-04,0.15465641,102.453415,0.024388772,0.013782412,0.15616904,1.108711838722229,0.4616462290287018,50.90009689331055,0.21902112662792206,0.07864582538604736,0.4679969251155853
196,0.9140183925628662,1e-04,0.1544651,102.359604,0.024327574,0.013753403,0.15597299,1.1072875261306763,0.46190404891967773,50.92890167236328,0.21925990283489227,0.07874555140733719,0.4682519733905792
197,0.9122942090034485,1e-04,0.15427388,102.26564,0.02426651,0.013724426,0.15577711,1.105865240097046,0.46216100454330444,50.957603454589844,0.21949799358844757,0.07884502410888672,0.4685061275959015
198,0.91057288646698,1e-04,0.15408275,102.17151,0.024205567,0.013695468,0.15558138,1.1044455766677856,0.4624170660972595,50.98621368408203,0.21973538398742676,0.07894422113895416,0.4687594175338745
199,0.9088548421859741,1e-04,0.15389177,102.07724,0.024144776,0.013666546,0.1553859,1.1030278205871582,0.46267223358154297,51.01471710205078,0.21997204422950745,0.07904313504695892,0.4690117835998535
200,0.9071398973464966,1e-04,0.15370089,101.98282,0.02408412,0.013637654,0.15519059,1.1016123294830322,0.4629264771938324,51.043113708496094,0.22020800411701202,0.07914181053638458,0.4692632555961609
201,0.9054279327392578,1e-04,0.15351011,101.88827,0.024023589,0.01360879,0.15499544,1.1001989841461182,0.46317988634109497,51.0714225769043,0.22044327855110168,0.07924019545316696,0.469513863325119
202,0.9037188291549683,1e-04,0.15331943,101.793594,0.02396319,0.013579955,0.15480049,1.098787784576416,0.46343231201171875,51.0996208190918,0.22067780792713165,0.07933831214904785,0.4697635769844055
203,0.9020129442214966,1e-04,0.15312889,101.69888,0.023902934,0.013551169,0.15460573,1.0973788499832153,0.4636838436126709,51.127723693847656,0.2209116518497467,0.07943616062402725,0.4700123965740204
204,0.9003099799156189,1e-04,0.15293847,101.60408,0.023842812,0.013522413,0.15441118,1.0959720611572266,0.4639345109462738,51.15572738647461,0.22114479541778564,0.07953374087810516,0.470260351896286
205,0.8986101150512695,1e-04,0.15274814,101.50923,0.023782816,0.013493693,0.15421678,1.0945671796798706,0.4641842246055603,51.18362808227539,0.2213772088289261,0.07963104546070099,0.4705073833465576
206,0.8969129920005798,1e-04,0.15255794,101.41436,0.023722965,0.013465023,0.15402262,1.0931648015975952,0.46443310379981995,51.21142578125,0.22160887718200684,0.07972805947065353,0.4707535207271576
207,0.8952192068099976,1e-04,0.15236785,101.31942,0.023663241,0.013436383,0.1538286,1.091764211654663,0.4646809995174408,51.2391242980957,0.22183986008167267,0.07982482016086578,0.4709987938404083
208,0.8935280442237854,1e-04,0.15217789,101.22448,0.023603657,0.013407792,0.15363482,1.0903661251068115,0.4649280607700348,51.26671600341797,0.22207006812095642,0.07992126792669296,0.47124311327934265
209,0.8918402791023254,1e-04,0.15198801,101.12947,0.023544203,0.013379237,0.1534412,1.0889698266983032,0.46517413854599,51.294212341308594,0.22229957580566406,0.08001744747161865,0.47148656845092773
210,0.8901551961898804,1e-04,0.15179828,101.034424,0.023484886,0.013350724,0.15324779,1.0875760316848755,0.46541929244995117,51.32159423828125,0.22252830862998962,0.08011332899332047,0.4717290699481964
211,0.888473391532898,1e-04,0.15160869,100.93934,0.023425708,0.013322254,0.1530546,1.0861839056015015,0.46566349267959595,51.348876953125,0.2227562665939331,0.0802089124917984,0.4719706177711487
212,0.8867942690849304,1e-04,0.1514192,100.84417,0.023366658,0.013293816,0.15286157,1.0847941637039185,0.4659067690372467,51.37605667114258,0.22298350930213928,0.08030422031879425,0.4722113013267517
213,0.885118305683136,1e-04,0.15122986,100.748886,0.023307748,0.013265418,0.15266876,1.0834062099456787,0.4661490321159363,51.40312576293945,0.2232099324464798,0.08039921522140503,0.47245097160339355
214,0.8834453821182251,1e-04,0.15104064,100.653534,0.023248969,0.013237055,0.15247613,1.0820205211639404,0.4663904309272766,51.430091857910156,0.22343556582927704,0.08049389719963074,0.4726897180080414
215,0.881775438785553,1e-04,0.15085158,100.558136,0.023190333,0.013208732,0.15228373,1.080636978149414,0.4666307866573334,51.456947326660156,0.22366046905517578,0.08058828115463257,0.4729275405406952
216,0.8801082968711853,1e-04,0.15066263,100.46263,0.02313182,0.013180446,0.15209149,1.079255223274231,0.4668702185153961,51.48369216918945,0.22388453781604767,0.08068235218524933,0.4731643795967102
217,0.8784440755844116,1e-04,0.15047382,100.36701,0.023073448,0.013152192,0.15189947,1.0778754949569702,0.4671086370944977,51.51032638549805,0.2241077870130539,0.08077611029148102,0.4734002351760864
218,0.8767828941345215,1e-04,0.15028514,100.27129,0.023015209,0.013123975,0.15170763,1.076498031616211,0.46734610199928284,51.5368537902832,0.22433023154735565,0.08086954802274704,0.47363513708114624
219,0.8751249313354492,1e-04,0.1500966,100.175575,0.022957107,0.013095803,0.15151604,1.0751222372055054,0.4675825238227844,51.563270568847656,0.22455187141895294,0.08096267282962799,0.47386905550956726
220,0.8734694123268127,1e-04,0.14990817,100.07975,0.022899132,0.013067664,0.15132459,1.0737487077713013,0.467818021774292,51.589576721191406,0.22477269172668457,0.08105547726154327,0.4741019904613495
221,0.8718172907829285,1e-04,0.14971992,99.98392,0.022841297,0.013039568,0.15113337,1.0723769664764404,0.468052476644516,51.61577224731445,0.22499267756938934,0.0811479464173317,0.4743339419364929
222,0.8701678514480591,1e-04,0.14953175,99.887985,0.02278359,0.013011506,0.15094234,1.0710070133209229,0.4682859480381012,51.64185333251953,0.22521182894706726,0.08124007284641266,0.47456488013267517
223,0.8685212731361389,1e-04,0.14934374,99.792046,0.022726025,0.01298349,0.15075153,1.0696395635604858,0.46851834654808044,51.667816162109375,0.22543010115623474,0.08133189380168915,0.47479480504989624
224,0.8668780326843262,1e-04,0.14915587,99.69612,0.022668596,0.012955521,0.15056095,1.068273663520813,0.4687498211860657,51.69367599487305,0.22564761340618134,0.08142337948083878,0.4750238060951233
225,0.8652374148368835,1e-04,0.14896813,99.600136,0.02261129,0.012927586,0.15037051,1.066909909248352,0.46898022294044495,51.71941375732422,0.2258642166852951,0.08151451498270035,0.4752517342567444
226,0.8635998368263245,1e-04,0.14878051,99.5041,0.022554122,0.012899691,0.1501803,1.065548062324524,0.4692096710205078,51.74504470825195,0.22607997059822083,0.08160531520843506,0.4754786789417267
227,0.8619650602340698,1e-04,0.14859305,99.40803,0.022497091,0.012871843,0.1499903,1.0641878843307495,0.46943798661231995,51.77056121826172,0.2262948453426361,0.08169577270746231,0.4757045805454254
228,0.8603333234786987,1e-04,0.14840575,99.31192,0.022440193,0.012844032,0.14980051,1.0628299713134766,0.46966537833213806,51.79595947265625,0.22650888562202454,0.0817858949303627,0.47592949867248535
229,0.8587044477462769,1e-04,0.14821857,99.21577,0.022383424,0.0128162615,0.1496109,1.0614737272262573,0.46989163756370544,51.82123947143555,0.22672200202941895,0.08187565207481384,0.47615334391593933
230,0.8570785522460938,1e-04,0.14803155,99.11956,0.022326794,0.012788534,0.14942153,1.060119390487671,0.47011685371398926,51.846405029296875,0.22693423926830292,0.08196505904197693,0.47637614607810974
231,0.8554553985595703,1e-04,0.14784469,99.02331,0.0222703,0.012760848,0.14923237,1.0587669610977173,0.4703410565853119,51.8714485168457,0.22714558243751526,0.08205410838127136,0.47659793496131897
232,0.8538351655006409,1e-04,0.14765796,98.92699,0.022213932,0.012733197,0.1490434,1.057416319847107,0.47056418657302856,51.8963737487793,0.2273559868335724,0.08214279264211655,0.47681862115859985
233,0.852217972278595,1e-04,0.1474714,98.83062,0.022157699,0.012705591,0.14885463,1.0560678243637085,0.4707862436771393,51.92119216918945,0.22756557166576385,0.08223113417625427,0.47703832387924194
234,0.8506038188934326,1e-04,0.14728497,98.73424,0.022101598,0.012678028,0.14866607,1.0547208786010742,0.47100725769996643,51.94588088989258,0.22777418792247772,0.08231909573078156,0.4772569537162781
235,0.8489923477172852,1e-04,0.1470987,98.6378,0.02204563,0.012650506,0.1484777,1.0533732175827026,0.4712275564670563,51.970497131347656,0.22798223793506622,0.08240684866905212,0.4774748682975769
236,0.8473806381225586,1e-04,0.14691225,98.541145,0.021989696,0.012622976,0.14828923,1.052030086517334,0.47144636511802673,51.99494552612305,0.22818902134895325,0.08249408006668091,0.4776913523674011
237,0.8457750678062439,1e-04,0.14672631,98.44466,0.021933995,0.012595539,0.1481013,1.050688624382019,0.47166410088539124,52.0192756652832,0.22839483618736267,0.08258091658353806,0.477906733751297
238,0.8441722989082336,1e-04,0.14654051,98.34816,0.02187843,0.012568147,0.14791359,1.0493491888046265,0.4718807339668274,52.043479919433594,0.22859971225261688,0.08266739547252655,0.4781210124492645
239,0.8425723910331726,1e-04,0.14635485,98.25163,0.021822989,0.012540798,0.14772606,1.0480111837387085,0.4720962643623352,52.06755828857422,0.2288036346435547,0.08275347948074341,0.4783342182636261
240,0.8409752249717712,1e-04,0.14616938,98.155075,0.021767687,0.012513492,0.14753877,1.046675205230713,0.4723106920719147,52.091514587402344,0.2290066033601761,0.08283917605876923,0.4785463511943817
241,0.8393810391426086,1e-04,0.14598404,98.058525,0.021712521,0.012486234,0.1473517,1.0453407764434814,0.4725240170955658,52.11534881591797,0.22920861840248108,0.082924485206604,0.478757381439209
242,0.8377895951271057,1e-04,0.14579886,97.96193,0.021657478,0.012459015,0.14716479,1.0440083742141724,0.4727361798286438,52.13905715942383,0.2294096201658249,0.08300939947366714,0.47896724939346313
243,0.8362013101577759,1e-04,0.14561388,97.86536,0.021602573,0.012431847,0.14697814,1.042677402496338,0.47294726967811584,52.16264724731445,0.2296096533536911,0.08309391885995865,0.47917601466178894
244,0.8346155285835266,1e-04,0.14542903,97.76876,0.021547802,0.012404717,0.1467917,1.0413484573364258,0.4731571078300476,52.18609619140625,0.22980868816375732,0.08317802846431732,0.479383647441864
245,0.8330328464508057,1e-04,0.14524435,97.67212,0.02149316,0.012377636,0.14660545,1.0400210618972778,0.4733659327030182,52.20943069458008,0.23000673949718475,0.08326175063848495,0.47959017753601074
246,0.8314529657363892,1e-04,0.14505981,97.57547,0.021438647,0.012350591,0.14641942,1.0386954545974731,0.4735735356807709,52.23262405395508,0.23020371794700623,0.08334504812955856,0.4797954857349396
247,0.8298759460449219,1e-04,0.14487547,97.47885,0.021384273,0.012323601,0.14623362,1.037371277809143,0.47377997636795044,52.25569534301758,0.23039975762367249,0.08342792838811874,0.47999975085258484
248,0.8283016085624695,1e-04,0.14469126,97.38211,0.02133002,0.012296638,0.14604801,1.0360490083694458,0.4739852845668793,52.27863693237305,0.2305947244167328,0.08351040631532669,0.4802027940750122
249,0.8267302513122559,1e-04,0.14450723,97.285385,0.0212759,0.012269729,0.14586261,1.0347282886505127,0.4741893708705902,52.30144119262695,0.23078863322734833,0.08359243720769882,0.48040464520454407
250,0.8251616358757019,1e-04,0.14432338,97.188644,0.021221917,0.012242864,0.14567745,1.0334091186523438,0.4743923246860504,52.32411575317383,0.2309815138578415,0.08367406576871872,0.4806053638458252
251,0.8235957026481628,1e-04,0.14413966,97.0919,0.021168055,0.012216038,0.14549246,1.032091736793518,0.47459402680397034,52.34666061401367,0.2311733216047287,0.0837552547454834,0.4808048605918884
252,0.8220328688621521,1e-04,0.14395617,96.99515,0.021114338,0.012189263,0.14530773,1.030776023864746,0.47479456663131714,52.36906814575195,0.23136408627033234,0.08383599668741226,0.48100319504737854
253,0.8204726576805115,1e-04,0.1437728,96.89836,0.021060739,0.012162528,0.14512318,1.0294618606567383,0.47499385476112366,52.39133834838867,0.23155374825000763,0.0839163213968277,0.48120030760765076
254,0.8189153671264648,1e-04,0.14358959,96.80159,0.021007266,0.012135837,0.14493884,1.0281492471694946,0.47519198060035706,52.413482666015625,0.23174241185188293,0.08399621397256851,0.48139631748199463
255,0.8173607587814331,1e-04,0.14340657,96.70484,0.02095394,0.012109195,0.14475475,1.0268384218215942,0.47538885474205017,52.43548583984375,0.2319299280643463,0.08407562971115112,0.48159104585647583
256,0.8158091306686401,1e-04,0.1432237,96.60808,0.020900734,0.012082598,0.14457086,1.025528907775879,0.4755845069885254,52.45735549926758,0.23211631178855896,0.08415462076663971,0.48178449273109436
257,0.8142602443695068,1e-04,0.14304103,96.51132,0.020847658,0.012056048,0.14438719,1.0242209434509277,0.4757789671421051,52.47907638549805,0.23230162262916565,0.08423314988613129,0.48197677731513977
258,0.812714159488678,1e-04,0.1428585,96.41458,0.020794712,0.012029543,0.14420372,1.0229146480560303,0.47597211599349976,52.50067138671875,0.2324858158826828,0.08431123197078705,0.4821678400039673
259,0.8111706972122192,1e-04,0.14267617,96.31782,0.020741897,0.012003083,0.14402047,1.0216100215911865,0.4761640429496765,52.522117614746094,0.2326689064502716,0.0843888372182846,0.4823576509952545
260,0.8096304535865784,1e-04,0.142494,96.221054,0.020689208,0.011976668,0.14383744,1.0203065872192383,0.4763546884059906,52.543434143066406,0.2328508198261261,0.08446599543094635,0.4825461804866791
261,0.8080924153327942,1e-04,0.14231202,96.124275,0.02063665,0.011950297,0.14365461,1.0190049409866333,0.4765441417694092,52.564598083496094,0.23303160071372986,0.0845426693558693,0.48273345828056335
262,0.8065575957298279,1e-04,0.1421302,96.027534,0.020584224,0.0119239725,0.14347203,1.017704725265503,0.4767322540283203,52.58562469482422,0.2332112342119217,0.08461886644363403,0.48291948437690735
263,0.8050253391265869,1e-04,0.14194857,95.930786,0.020531924,0.011897694,0.14328966,1.016405701637268,0.4769190847873688,52.60650634765625,0.2333897054195404,0.08469460159540176,0.48310422897338867
264,0.8034958243370056,1e-04,0.1417671,95.83402,0.020479748,0.011871461,0.14310747,1.0151084661483765,0.4771045744419098,52.62723922729492,0.2335669994354248,0.0847698301076889,0.4832876920700073
265,0.8019692301750183,1e-04,0.14158581,95.737274,0.020427708,0.011845276,0.14292553,1.0138126611709595,0.4772888123989105,52.6478385925293,0.2337431013584137,0.08484458178281784,0.4834698438644409
266,0.8004453778266907,1e-04,0.14140469,95.64052,0.020375786,0.01181913,0.14274378,1.0125181674957275,0.4774717688560486,52.66828155517578,0.23391802608966827,0.08491884171962738,0.48365071415901184
267,0.7989242672920227,1e-04,0.14122377,95.54379,0.020324003,0.011793042,0.14256227,1.0112251043319702,0.4776534140110016,52.6885871887207,0.23409172892570496,0.08499260991811752,0.4838302731513977
268,0.7974056601524353,1e-04,0.14104302,95.44702,0.020272337,0.011766985,0.14238095,1.0099334716796875,0.47783365845680237,52.708740234375,0.23426422476768494,0.08506587892770767,0.4840084910392761
269,0.7958901524543762,1e-04,0.14086245,95.350296,0.020220805,0.011740982,0.14219987,1.008643388748169,0.4780125617980957,52.72874069213867,0.23443551361560822,0.08513863384723663,0.4841853976249695
270,0.7943772077560425,1e-04,0.14068206,95.25359,0.0201694,0.011715027,0.14201902,1.007354497909546,0.4781901240348816,52.74858856201172,0.23460552096366882,0.085210882127285,0.484360933303833
271,0.7928670644760132,1e-04,0.14050184,95.15693,0.02011812,0.01168912,0.14183836,1.006066918373108,0.4783663749694824,52.76829147338867,0.23477432131767273,0.08528260886669159,0.4845351576805115
272,0.7913594841957092,1e-04,0.14032179,95.06025,0.020066967,0.011663254,0.14165792,1.0047807693481445,0.4785412847995758,52.787841796875,0.23494186997413635,0.08535382151603699,0.4847080111503601
273,0.7898547649383545,1e-04,0.14014195,94.96361,0.020015942,0.011637439,0.1414777,1.0034959316253662,0.4787147641181946,52.8072395324707,0.2351081371307373,0.0854244977235794,0.4848794937133789
274,0.7883528470993042,1e-04,0.13996227,94.86698,0.019965043,0.011611671,0.14129771,1.0022125244140625,0.4788869023323059,52.82647705078125,0.23527315258979797,0.08549467474222183,0.48504963517189026
275,0.7868536114692688,1e-04,0.13978279,94.770355,0.01991427,0.01158595,0.14111793,1.0009304285049438,0.4790576100349426,52.8455696105957,0.23543687164783478,0.08556430041790009,0.4852183759212494
276,0.7853571176528931,1e-04,0.13960347,94.673775,0.019863626,0.0115602715,0.14093837,0.9996494054794312,0.4792269170284271,52.86449432373047,0.23559927940368652,0.08563338220119476,0.4853857159614563
277,0.7838632464408875,1e-04,0.13942434,94.5772,0.019813102,0.011534644,0.14075902,0.9983698725700378,0.4793948233127594,52.883270263671875,0.2357604056596756,0.08570192754268646,0.485551655292511
278,0.7823721766471863,1e-04,0.13924539,94.48064,0.019762704,0.011509061,0.14057988,0.99709153175354,0.4795612692832947,52.901878356933594,0.23592019081115723,0.08576991409063339,0.48571616411209106
279,0.7808837890625,1e-04,0.13906665,94.38406,0.019712435,0.011483521,0.14040098,0.9958142638206482,0.47972631454467773,52.92033767700195,0.2360786497592926,0.08583734929561615,0.48587924242019653
280,0.7793979048728943,1e-04,0.13888808,94.28752,0.019662289,0.01145803,0.14022228,0.9945383667945862,0.4798898696899414,52.938629150390625,0.23623573780059814,0.08590422570705414,0.4860408902168274
281,0.7779149413108826,1e-04,0.13870968,94.19099,0.019612266,0.011432583,0.1400438,0.9932637214660645,0.48005205392837524,52.956764221191406,0.23639149963855743,0.08597055822610855,0.48620107769966125
282,0.776434600353241,1e-04,0.13853148,94.09449,0.019562373,0.011407188,0.13986555,0.9919902682304382,0.4802126884460449,52.9747314453125,0.2365458905696869,0.08603628724813461,0.4863598346710205
283,0.7749569416046143,1e-04,0.13835344,93.998,0.019512594,0.011381833,0.1396875,0.9907181859016418,0.48037195205688477,52.99253463745117,0.2366989105939865,0.0861014649271965,0.48651713132858276
284,0.7734822034835815,1e-04,0.13817562,93.9016,0.019462947,0.011356534,0.13950966,0.9894469380378723,0.48052969574928284,53.01017379760742,0.2368505746126175,0.08616605401039124,0.486672967672348
285,0.7720097899436951,1e-04,0.13799797,93.80518,0.019413425,0.011331279,0.13933207,0.9881770014762878,0.48068588972091675,53.02764892578125,0.23700079321861267,0.08623006194829941,0.4868272840976715
286,0.7705402374267578,1e-04,0.13782054,93.70881,0.01936403,0.011306071,0.1391547,0.9869081377983093,0.48084062337875366,53.044960021972656,0.23714962601661682,0.08629348129034042,0.4869801104068756
287,0.7690732479095459,1e-04,0.13764325,93.61246,0.019314745,0.011280908,0.1389775,0.9856405258178711,0.4809938371181488,53.06209182739258,0.23729702830314636,0.08635629713535309,0.48713141679763794
288,0.7676091194152832,1e-04,0.13746618,93.51612,0.0192656,0.011255795,0.13880058,0.9843739867210388,0.4811454713344574,53.07905960083008,0.2374430000782013,0.0864185243844986,0.4872812330722809
289,0.7661475539207458,1e-04,0.13728926,93.41984,0.019216565,0.011230727,0.13862383,0.983108401298523,0.4812956750392914,53.095855712890625,0.23758754134178162,0.08648015558719635,0.48742952942848206
290,0.7646885514259338,1e-04,0.13711256,93.32359,0.019167662,0.011205709,0.13844733,0.9818441271781921,0.48144426941871643,53.11247634887695,0.23773059248924255,0.08654114603996277,0.4875762462615967
291,0.763232409954071,1e-04,0.13693605,93.22734,0.019118875,0.011180734,0.13827102,0.9805808663368225,0.4815913140773773,53.128929138183594,0.23787221312522888,0.08660154044628143,0.48772144317626953
292,0.7617788314819336,1e-04,0.13675971,93.13111,0.01907021,0.011155806,0.13809493,0.9793184399604797,0.48173680901527405,53.14521026611328,0.23801234364509583,0.08666130900382996,0.4878650903701782
293,0.7603277564048767,1e-04,0.13658357,93.03495,0.01902167,0.011130929,0.13791907,0.9780572056770325,0.48188066482543945,53.16130447387695,0.23815098404884338,0.08672045171260834,0.48800715804100037
294,0.7588794827461243,1e-04,0.13640763,92.93886,0.018973256,0.011106103,0.13774344,0.9767969250679016,0.48202306032180786,53.17722702026367,0.23828811943531036,0.08677896112203598,0.48814764618873596
295,0.7574337720870972,1e-04,0.13623187,92.84276,0.018924959,0.011081319,0.13756801,0.9755377173423767,0.48216375708580017,53.1929817199707,0.23842377960681915,0.08683685213327408,0.4882865846157074
296,0.7559906840324402,1e-04,0.13605629,92.74667,0.018876782,0.011056582,0.1373928,0.9742794036865234,0.48230284452438354,53.20854568481445,0.2385578155517578,0.08689408004283905,0.48842379450798035
297,0.7545503377914429,1e-04,0.13588092,92.650635,0.01882873,0.011031894,0.13721782,0.9730221033096313,0.4824402928352356,53.22392654418945,0.2386903464794159,0.0869506448507309,0.48855945467948914
298,0.7531125545501709,1e-04,0.13570572,92.554634,0.018780794,0.011007248,0.13704304,0.9717656970024109,0.4825761318206787,53.23912811279297,0.23882131278514862,0.0870065689086914,0.4886934757232666
299,0.751677393913269,1e-04,0.13553073,92.45866,0.018732976,0.010982651,0.13686846,0.9705103635787964,0.4827103614807129,53.254150390625,0.23895075917243958,0.08706184476613998,0.48882588744163513
300,0.7502448558807373,1e-04,0.13535593,92.36274,0.018685289,0.010958107,0.13669415,0.9692559242248535,0.4828428626060486,53.26898193359375,0.2390785962343216,0.08711643517017365,0.48895663022994995
301,0.7488150000572205,1e-04,0.13518132,92.266846,0.018637719,0.010933608,0.13652003,0.9680022597312927,0.48297375440597534,53.28363800048828,0.23920483887195587,0.08717036247253418,0.48908570408821106
302,0.747387707233429,1e-04,0.1350069,92.171005,0.018590266,0.010909155,0.13634613,0.9667494893074036,0.483102947473526,53.29810333251953,0.2393295019865036,0.0872236117720604,0.48921313881874084
303,0.745962917804718,1e-04,0.13483265,92.075195,0.018542932,0.010884749,0.13617243,0.9654975533485413,0.4832304120063782,53.3123664855957,0.2394525110721588,0.08727617561817169,0.48933884501457214
304,0.7445407509803772,1e-04,0.13465863,91.97944,0.01849572,0.01086039,0.13599896,0.9642465710639954,0.48335617780685425,53.326454162597656,0.2395738810300827,0.08732804656028748,0.48946285247802734
305,0.743121325969696,1e-04,0.13448478,91.88371,0.018448627,0.01083608,0.13582572,0.9629964828491211,0.4834802746772766,53.3403434753418,0.23969364166259766,0.08737923204898834,0.48958516120910645
306,0.7417044639587402,1e-04,0.13431112,91.78803,0.018401649,0.010811816,0.13565268,0.9617469310760498,0.4836025834083557,53.354042053222656,0.2398117035627365,0.0874297022819519,0.48970574140548706
307,0.7402899861335754,1e-04,0.13413766,91.69237,0.018354792,0.0107876,0.13547985,0.960498571395874,0.48372316360473633,53.36754608154297,0.23992815613746643,0.08747947961091995,0.4898246228694916
308,0.7388784289360046,1e-04,0.13396442,91.59677,0.018308058,0.010763431,0.13530727,0.9592489004135132,0.48384228348731995,53.380889892578125,0.24004311859607697,0.08752863854169846,0.48994195461273193
309,0.7374671697616577,1e-04,0.1337911,91.50107,0.018261377,0.010739276,0.13513467,0.9580018520355225,0.48395928740501404,53.39400100708008,0.2401561439037323,0.0875769779086113,0.4900572896003723
310,0.7360605597496033,1e-04,0.13361822,91.40561,0.018214874,0.010715206,0.13496248,0.9567558169364929,0.48407459259033203,53.40691375732422,0.24026744067668915,0.08762458711862564,0.49017083644866943
311,0.734656810760498,1e-04,0.13344552,91.31011,0.018168487,0.010691175,0.13479052,0.9555100202560425,0.4841880798339844,53.41962814331055,0.2403770238161087,0.08767146617174149,0.4902825951576233
312,0.7332552075386047,1e-04,0.13327304,91.21471,0.018122224,0.010667196,0.1346188,0.9542650580406189,0.48429974913597107,53.4321403503418,0.24048487842082977,0.08771760761737823,0.4903925657272339
313,0.7318562865257263,1e-04,0.13310076,91.11935,0.018076077,0.010643267,0.1344473,0.9530209302902222,0.4844096302986145,53.44445037841797,0.24059095978736877,0.0877629965543747,0.49050071835517883
314,0.730459988117218,1e-04,0.13292864,91.02403,0.018030046,0.010619381,0.134276,0.9517773985862732,0.4845176637172699,53.45656204223633,0.2406952828168869,0.08780764043331146,0.49060705304145813
315,0.7290661931037903,1e-04,0.13275674,90.92879,0.017984131,0.010595547,0.13410492,0.950534462928772,0.48462381958961487,53.46846389770508,0.24079783260822296,0.08785152435302734,0.4907115697860718
316,0.7276749610900879,1e-04,0.13258503,90.83355,0.017938333,0.010571755,0.13393407,0.9492923021316528,0.4847281575202942,53.48016357421875,0.24089856445789337,0.08789465576410294,0.4908141791820526
317,0.7262864112854004,1e-04,0.13241352,90.738365,0.017892651,0.010548012,0.13376342,0.9480506181716919,0.4848305583000183,53.49164581298828,0.24099747836589813,0.08793701231479645,0.4909149408340454
318,0.7249002456665039,1e-04,0.1322422,90.643234,0.017847087,0.010524318,0.133593,0.9468097686767578,0.4849311411380768,53.5029182434082,0.24109458923339844,0.08797859400510788,0.4910138249397278
319,0.7235168218612671,1e-04,0.13207111,90.548134,0.01780164,0.0105006695,0.13342279,0.9455692768096924,0.48502978682518005,53.51398849487305,0.2411898672580719,0.08801938593387604,0.4911108613014221
320,0.7221356630325317,1e-04,0.13190018,90.453125,0.017756307,0.010477072,0.1332528,0.9443294405937195,0.4851265847682953,53.52484130859375,0.24128329753875732,0.08805940300226212,0.49120596051216125
321,0.7207571864128113,1e-04,0.13172944,90.35812,0.017711084,0.010453516,0.133083,0.94309002161026,0.48522138595581055,53.53548049926758,0.24137480556964874,0.08809860050678253,0.4912990927696228
322,0.7193811535835266,1e-04,0.13155891,90.2632,0.017665984,0.01043001,0.13291344,0.9418511986732483,0.485314279794693,53.5458984375,0.24146446585655212,0.08813701570034027,0.4913903474807739
323,0.7180077433586121,1e-04,0.13138856,90.16833,0.017620994,0.010406549,0.13274409,0.9406128525733948,0.4854052662849426,53.55611038208008,0.2415522336959839,0.08817461878061295,0.49147963523864746
324,0.7166367173194885,1e-04,0.13121842,90.07347,0.017576117,0.010383134,0.13257495,0.9393751621246338,0.48549413681030273,53.56608963012695,0.24163803458213806,0.08821140229701996,0.491566926240921
325,0.7152684330940247,1e-04,0.13104847,89.97868,0.017531358,0.010359766,0.13240603,0.9381377696990967,0.4855811595916748,53.57585906982422,0.2417219579219818,0.0882473737001419,0.4916522800922394
326,0.7139025330543518,1e-04,0.13087875,89.88395,0.017486714,0.010336449,0.13223734,0.936900794506073,0.4856661856174469,53.58540725708008,0.24180397391319275,0.0882825180888176,0.49173566699028015
327,0.71253901720047,1e-04,0.13070917,89.789314,0.01744218,0.010313181,0.13206884,0.9356642961502075,0.48574915528297424,53.5947265625,0.2418839931488037,0.08831682056188583,0.49181702733039856
328,0.7111781239509583,1e-04,0.13053982,89.69472,0.017397765,0.010289958,0.1319006,0.9344282746315002,0.4858301281929016,53.60382080078125,0.2419620007276535,0.08835028111934662,0.4918963313102722
329,0.7098197340965271,1e-04,0.13037066,89.60017,0.017353458,0.01026678,0.13173252,0.933192789554596,0.48590898513793945,53.61268997192383,0.2420380860567093,0.08838288486003876,0.4919736683368683
330,0.7084639668464661,1e-04,0.13020168,89.505684,0.017309267,0.0102436505,0.13156469,0.9319572448730469,0.4859858453273773,53.6213264465332,0.24211211502552032,0.08841465413570404,0.49204888939857483
331,0.7071103453636169,1e-04,0.13003293,89.41125,0.017265188,0.0102205705,0.13139705,0.9307225942611694,0.4860606789588928,53.629737854003906,0.24218416213989258,0.08844555914402008,0.4921221137046814
332,0.7057595252990723,1e-04,0.12986436,89.316864,0.017221224,0.010197537,0.13122965,0.9294880032539368,0.4861333966255188,53.63792037963867,0.24225416779518127,0.08847558498382568,0.49219322204589844
333,0.7044112086296082,1e-04,0.129696,89.222496,0.017177368,0.010174542,0.13106246,0.9282536506652832,0.48620399832725525,53.6458625793457,0.24232211709022522,0.08850474655628204,0.49226224422454834
334,0.7030652165412903,1e-04,0.12952782,89.12823,0.017133625,0.010151603,0.13089548,0.9270198941230774,0.48627251386642456,53.6535758972168,0.24238796532154083,0.08853299915790558,0.49232912063598633
335,0.7017218470573425,1e-04,0.12935984,89.03401,0.017089993,0.010128705,0.13072869,0.9257859587669373,0.48633891344070435,53.661048889160156,0.2424517571926117,0.08856038749217987,0.4923939108848572
336,0.7003806829452515,1e-04,0.12919207,88.93986,0.017046478,0.010105858,0.13056216,0.9245526194572449,0.48640307784080505,53.66828155517578,0.2425134927034378,0.08858688175678253,0.4924565851688385
337,0.6990422010421753,1e-04,0.12902448,88.84576,0.017003067,0.010083054,0.13039581,0.9233193397521973,0.4864652156829834,53.6752815246582,0.2425730973482132,0.08861248195171356,0.4925171136856079
338,0.6977060437202454,1e-04,0.1288571,88.75172,0.016959772,0.0100603,0.13022968,0.9220864176750183,0.48652514815330505,53.682037353515625,0.24263057112693787,0.08863715827465057,0.49257543683052063
339,0.6963725090026855,1e-04,0.12868993,88.65778,0.016916592,0.010037596,0.1300638,0.9208537340164185,0.48658284544944763,53.68854904174805,0.24268588423728943,0.08866093307733536,0.49263158440589905
340,0.6950413584709167,1e-04,0.12852293,88.56388,0.016873514,0.010014935,0.12989809,0.9196212291717529,0.4866383969783783,53.6948127746582,0.24273908138275146,0.08868376910686493,0.49268558621406555
341,0.6937126517295837,1e-04,0.12835611,88.47,0.016830545,0.009992318,0.1297326,0.9183886647224426,0.4866916537284851,53.700836181640625,0.2427900731563568,0.08870568126440048,0.4927373230457306
342,0.6923863291740417,1e-04,0.12818953,88.37622,0.016787693,0.009969752,0.12956733,0.9171563982963562,0.4867427945137024,53.70661163330078,0.24283885955810547,0.08872663974761963,0.49278682470321655
343,0.6910625100135803,1e-04,0.12802316,88.282486,0.016744949,0.009947232,0.12940228,0.9159241318702698,0.4867915213108063,53.712127685546875,0.24288542568683624,0.08874665200710297,0.49283406138420105
344,0.6897410154342651,1e-04,0.12785697,88.1888,0.016702317,0.009924755,0.12923744,0.9146921634674072,0.486838161945343,53.7173957824707,0.24292981624603271,0.08876574039459229,0.49287912249565125
345,0.6884221434593201,1e-04,0.12769096,88.09517,0.016659789,0.009902328,0.1290728,0.9134602546691895,0.48688235878944397,53.722412109375,0.24297186732292175,0.08878383785486221,0.49292176961898804
346,0.6871057152748108,1e-04,0.12752518,88.0016,0.016617373,0.009879945,0.1289084,0.9122281670570374,0.48692426085472107,53.72716522216797,0.2430117130279541,0.08880097419023514,0.49296218156814575
347,0.685791552066803,1e-04,0.1273596,87.90808,0.016575068,0.009857605,0.1287442,0.9109963774681091,0.4869639277458191,53.731666564941406,0.24304929375648499,0.08881714195013046,0.4930002987384796
348,0.6844799518585205,1e-04,0.12719418,87.81467,0.016532866,0.009835318,0.1285802,0.9097644686698914,0.4870012402534485,53.73591232299805,0.24308457970619202,0.088832326233387,0.49303609132766724
349,0.6831706166267395,1e-04,0.12702897,87.721306,0.016490776,0.009813071,0.12841642,0.9085326790809631,0.48703622817993164,53.739891052246094,0.2431175410747528,0.08884653449058533,0.49306949973106384
350,0.6818639039993286,1e-04,0.12686399,87.62801,0.0164488,0.009790881,0.12825288,0.9073007106781006,0.4870688319206238,53.74361038208008,0.24314820766448975,0.08885972946882248,0.4931006133556366
351,0.6805593967437744,1e-04,0.12669918,87.53478,0.016406924,0.009768728,0.12808952,0.906068742275238,0.4870990812778473,53.74706268310547,0.24317650496959686,0.08887194097042084,0.49312931299209595
352,0.6792573928833008,1e-04,0.12653458,87.44162,0.016365157,0.009746626,0.12792638,0.9048367738723755,0.4871269166469574,53.7502555847168,0.24320249259471893,0.08888313919305801,0.49315565824508667
353,0.6779577732086182,1e-04,0.12637016,87.34855,0.0163235,0.009724571,0.12776345,0.9036046266555786,0.4871522784233093,53.753173828125,0.2432260513305664,0.08889330923557281,0.4931795299053192
354,0.6766604781150818,1e-04,0.12620594,87.25553,0.016281946,0.00970256,0.12760073,0.902372419834137,0.4871753752231598,53.755821228027344,0.24324727058410645,0.08890247344970703,0.49320104718208313
355,0.675365686416626,1e-04,0.1260419,87.16257,0.0162405,0.009680594,0.12743822,0.9011401534080505,0.4871958792209625,53.758201599121094,0.2432660311460495,0.08891059458255768,0.4932200610637665
356,0.674073338508606,1e-04,0.1258781,87.069664,0.01619916,0.009658675,0.12727593,0.8999078273773193,0.48721399903297424,53.76030731201172,0.24328239262104034,0.08891766518354416,0.4932366609573364
357,0.6727833151817322,1e-04,0.12571451,86.976814,0.016157933,0.009636803,0.12711386,0.8986751437187195,0.48722952604293823,53.76213455200195,0.24329626560211182,0.08892368525266647,0.49325069785118103
358,0.6714956760406494,1e-04,0.12555109,86.88403,0.016116807,0.009614973,0.12695199,0.8974423408508301,0.4872426986694336,53.76369094848633,0.24330773949623108,0.08892867714166641,0.4932623505592346
359,0.6702103614807129,1e-04,0.12538785,86.791306,0.016075782,0.00959319,0.12679031,0.8962092995643616,0.4872532784938812,53.76495361328125,0.24331669509410858,0.0889325961470604,0.4932714104652405
360,0.6689274907112122,1e-04,0.12522486,86.69872,0.016034875,0.009571459,0.12662889,0.8949761986732483,0.4872613549232483,53.76594924926758,0.2433232069015503,0.08893545717000961,0.49327802658081055
361,0.6676470637321472,1e-04,0.12506203,86.606125,0.015994063,0.009549768,0.12646763,0.8937426209449768,0.48726686835289,53.76665496826172,0.24332717061042786,0.08893721550703049,0.4932820498943329
362,0.6663687825202942,1e-04,0.12489942,86.513626,0.01595336,0.009528125,0.12630661,0.892508864402771,0.4872698187828064,53.7670783996582,0.24332860112190247,0.0889379233121872,0.4932834804058075
363,0.6650930643081665,1e-04,0.12473699,86.421196,0.015912762,0.009506526,0.1261458,0.8912749290466309,0.48727020621299744,53.76721954345703,0.2433275282382965,0.08893752843141556,0.49328240752220154
364,0.6638196706771851,1e-04,0.12457477,86.32883,0.015872268,0.009484973,0.12598519,0.8900404572486877,0.48726797103881836,53.767066955566406,0.24332387745380402,0.08893603086471558,0.49327871203422546
365,0.6625484824180603,1e-04,0.12441274,86.2365,0.015831877,0.009463464,0.12582478,0.8888059258460999,0.48726314306259155,53.76662063598633,0.2433176040649414,0.08893342316150665,0.4932723343372345
366,0.6612798571586609,1e-04,0.124250904,86.14426,0.015791591,0.009442001,0.12566459,0.887570858001709,0.48725563287734985,53.76587677001953,0.24330873787403107,0.08892969787120819,0.4932633638381958
367,0.6600134968757629,1e-04,0.124089286,86.05213,0.01575141,0.009420589,0.12550463,0.8863354325294495,0.48724550008773804,53.76484298706055,0.2432972639799118,0.08892486244440079,0.4932517111301422
368,0.658749520778656,1e-04,0.12392785,85.96003,0.015711334,0.009399216,0.12534486,0.8850995302200317,0.48723268508911133,53.763511657714844,0.24328318238258362,0.08891889452934265,0.4932374358177185
369,0.6574877500534058,1e-04,0.123766646,85.868034,0.015671363,0.009377893,0.12518531,0.8838633298873901,0.48721712827682495,53.76188278198242,0.24326638877391815,0.08891178667545319,0.49322041869163513
370,0.6562284231185913,1e-04,0.123605594,85.77608,0.01563149,0.009356613,0.12502596,0.8826267123222351,0.48719891905784607,53.75995635986328,0.24324698746204376,0.08890354633331299,0.49320074915885925
371,0.6549714207649231,1e-04,0.12344476,85.684204,0.015591722,0.009335379,0.12486681,0.8813894987106323,0.4871780276298523,53.757728576660156,0.24322490394115448,0.08889416605234146,0.4931783676147461
372,0.6537166237831116,1e-04,0.12328413,85.592415,0.01555206,0.009314192,0.1247079,0.8801519870758057,0.4871543347835541,53.75518035888672,0.24320006370544434,0.08888359367847443,0.4931531846523285
373,0.6524643898010254,1e-04,0.12312369,85.50069,0.015512497,0.009293049,0.12454917,0.8789137601852417,0.48712795972824097,53.752342224121094,0.2431725710630417,0.08887189626693726,0.493125319480896
374,0.6512142419815063,1e-04,0.122963436,85.40904,0.015473037,0.009271951,0.12439066,0.8776751756668091,0.48709869384765625,53.74918746948242,0.24314232170581818,0.08885900676250458,0.49309462308883667
375,0.6499665379524231,1e-04,0.1228034,85.31743,0.015433676,0.009250894,0.124232344,0.8764359951019287,0.48706668615341187,53.7457275390625,0.24310927093029022,0.08884493261575699,0.4930611252784729
376,0.6487211585044861,1e-04,0.12264356,85.22594,0.015394424,0.009229889,0.124074265,0.8751962780952454,0.48703184723854065,53.74195098876953,0.2430734932422638,0.08882968127727509,0.4930248260498047
377,0.6474780440330505,1e-04,0.12248393,85.13452,0.015355272,0.009208929,0.123916395,0.873956024646759,0.4869941771030426,53.73785400390625,0.24303486943244934,0.08881321549415588,0.49298566579818726
378,0.646237313747406,1e-04,0.122324504,85.04312,0.015316219,0.009188008,0.12375871,0.8727149963378906,0.48695364594459534,53.73344039916992,0.24299344420433044,0.08879555761814117,0.4929436445236206
379,0.6449988484382629,1e-04,0.12216522,84.95181,0.015277262,0.009167134,0.12360122,0.8714735507965088,0.48691025376319885,53.72871780395508,0.2429492473602295,0.08877668529748917,0.4928988218307495
380,0.6437627077102661,1e-04,0.12200619,84.860596,0.015238415,0.009146305,0.123443976,0.8702312111854553,0.48686400055885315,53.723670959472656,0.24290212988853455,0.08875661343336105,0.49285101890563965
381,0.642528772354126,1e-04,0.121847354,84.76944,0.015199668,0.009125524,0.12328693,0.8689883351325989,0.48681479692459106,53.718292236328125,0.24285221099853516,0.08873529732227325,0.49280038475990295
382,0.6412971615791321,1e-04,0.12168871,84.67836,0.015161019,0.009104786,0.12313009,0.8677448630332947,0.486762672662735,53.71259689331055,0.24279943108558655,0.08871276676654816,0.49274682998657227
383,0.6400678753852844,1e-04,0.12153026,84.58736,0.015122469,0.009084091,0.12297345,0.8665005564689636,0.4867075979709625,53.706565856933594,0.24274368584156036,0.08868896961212158,0.4926902651786804
384,0.6388408541679382,1e-04,0.121371984,84.49643,0.015084015,0.0090634385,0.122817,0.8652554750442505,0.4866495132446289,53.70021438598633,0.24268503487110138,0.08866395056247711,0.4926307201385498
385,0.6376160979270935,1e-04,0.12121393,84.4056,0.015045667,0.009042837,0.12266078,0.8640097379684448,0.4865885376930237,53.69353103637695,0.2426234930753708,0.08863766491413116,0.4925682544708252
386,0.636393666267395,1e-04,0.121056095,84.31482,0.01500742,0.00902228,0.12250478,0.8627631664276123,0.4865244925022125,53.68650436401367,0.24255895614624023,0.08861012756824493,0.49250274896621704
387,0.635173499584198,1e-04,0.12089843,84.22412,0.014969268,0.009001762,0.12234896,0.8615157008171082,0.4864574074745178,53.67914581298828,0.2424914389848709,0.08858129382133484,0.49243420362472534
388,0.6339554190635681,1e-04,0.12074097,84.13348,0.014931216,0.00898129,0.12219335,0.8602676391601562,0.48638734221458435,53.67145538330078,0.2424209862947464,0.08855121582746506,0.4923626482486725
389,0.6327399015426636,1e-04,0.120583706,84.04292,0.014893263,0.008960864,0.122037955,0.8590185046195984,0.48631414771080017,53.663414001464844,0.24234747886657715,0.08851984143257141,0.4922879934310913
390,0.6315264105796814,1e-04,0.120426655,83.95243,0.01485541,0.00894048,0.121882774,0.8577686548233032,0.48623791337013245,53.655029296875,0.24227097630500793,0.0884871631860733,0.4922102987766266
391,0.6303153038024902,1e-04,0.12026979,83.86201,0.014817654,0.00892014,0.12172779,0.8565179109573364,0.486158549785614,53.64631271362305,0.2421914041042328,0.08845320343971252,0.49212944507598877
392,0.6291065216064453,1e-04,0.12011313,83.77168,0.014779995,0.008899845,0.121573,0.8552660346031189,0.4860760569572449,53.637245178222656,0.2421087920665741,0.08841792494058609,0.492045521736145
393,0.627899706363678,1e-04,0.11995665,83.681465,0.014742435,0.008879598,0.12141843,0.8540135025978088,0.4859905242919922,53.62782669067383,0.24202315509319305,0.08838136494159698,0.49195849895477295
394,0.6266952753067017,1e-04,0.11980037,83.59129,0.014704973,0.008859392,0.12126406,0.8527599573135376,0.48590174317359924,53.6180534362793,0.24193434417247772,0.08834344148635864,0.4918682277202606
395,0.6254931688308716,1e-04,0.119644314,83.50119,0.01466761,0.008839231,0.12110991,0.8515053987503052,0.4858098030090332,53.607933044433594,0.24184246361255646,0.08830420672893524,0.4917747974395752
396,0.624293327331543,1e-04,0.11948844,83.4112,0.014630342,0.008819115,0.12095595,0.8502499461174011,0.4857146143913269,53.59745407104492,0.2417474240064621,0.08826365321874619,0.4916781783103943
397,0.6230956315994263,1e-04,0.11933275,83.32122,0.014593171,0.008799038,0.1208022,0.8489933609962463,0.4856162667274475,53.58662033081055,0.24164924025535583,0.08822173625230789,0.4915783107280731
398,0.621900200843811,1e-04,0.11917727,83.23138,0.014556099,0.008779009,0.12064866,0.8477357029914856,0.4855145812034607,53.575416564941406,0.2415478527545929,0.08817845582962036,0.4914751946926117
399,0.6207069754600525,1e-04,0.119022,83.1416,0.0145191215,0.008759023,0.12049532,0.8464769721031189,0.48540979623794556,53.563865661621094,0.24144336581230164,0.08813385665416718,0.4913688600063324
400,0.6195158958435059,1e-04,0.11886689,83.051895,0.014482239,0.008739079,0.12034217,0.8452173471450806,0.48530158400535583,53.55194091796875,0.24133563041687012,0.08808787167072296,0.49125921726226807
401,0.6183272004127502,1e-04,0.118712015,82.96225,0.014445452,0.008719179,0.120189235,0.8439565300941467,0.48519015312194824,53.539649963378906,0.24122464656829834,0.08804050832986832,0.4911462664604187
402,0.6171405911445618,1e-04,0.11855733,82.87269,0.0144087635,0.008699325,0.12003651,0.8426945209503174,0.4850753843784332,53.5269889831543,0.24111048877239227,0.08799178898334503,0.4910300374031067
403,0.61595618724823,1e-04,0.11840283,82.783195,0.01437217,0.008679509,0.119883984,0.8414315581321716,0.4849572777748108,53.51396560668945,0.24099305272102356,0.08794168382883072,0.49091044068336487
404,0.6147741675376892,1e-04,0.11824855,82.69382,0.014335673,0.008659743,0.11973167,0.8401671648025513,0.48483580350875854,53.50056076049805,0.2408723384141922,0.08789019286632538,0.49078747630119324
405,0.6135941743850708,1e-04,0.11809445,82.60449,0.014299273,0.008640018,0.11957957,0.8389018774032593,0.4847109913825989,53.486785888671875,0.24074837565422058,0.08783730119466782,0.4906611740589142
406,0.6124164462089539,1e-04,0.11794051,82.515274,0.014262956,0.008620336,0.119427614,0.837635338306427,0.4845828115940094,53.47263717651367,0.24062111973762512,0.08778301626443863,0.49053147435188293
407,0.6112409830093384,1e-04,0.11778685,82.42611,0.014226751,0.008600701,0.11927595,0.8363673090934753,0.4844511151313782,53.458099365234375,0.24049048125743866,0.08772729337215424,0.4903982877731323
408,0.6100674867630005,1e-04,0.11763334,82.33704,0.014190633,0.008581106,0.11912444,0.835098385810852,0.48431602120399475,53.44318771362305,0.24035651981830597,0.08767016232013702,0.49026167392730713
409,0.6088964343070984,1e-04,0.117480025,82.24804,0.0141546065,0.008561553,0.118973136,0.8338280320167542,0.48417750000953674,53.427894592285156,0.24021920561790466,0.0876116156578064,0.49012163281440735
410,0.6077274680137634,1e-04,0.117326885,82.15914,0.014118673,0.008542045,0.11882202,0.8325564861297607,0.4840354323387146,53.412208557128906,0.24007856845855713,0.08755163848400116,0.4899781346321106
411,0.6065607070922852,1e-04,0.11717399,82.07031,0.01408284,0.00852258,0.11867114,0.831283450126648,0.48388996720314026,53.3961296081543,0.2399345189332962,0.08749021589756012,0.4898311197757721
412,0.6053959727287292,1e-04,0.11702127,81.98152,0.014047093,0.008503155,0.11852043,0.8300091624259949,0.4837408661842346,53.379661560058594,0.2397870123386383,0.08742733299732208,0.48968052864074707
413,0.6042336225509644,1e-04,0.116868734,81.89283,0.014011441,0.008483774,0.11836993,0.8287336230278015,0.48358821868896484,53.3628044128418,0.23963609337806702,0.08736301958560944,0.4895263910293579
414,0.6030734181404114,1e-04,0.11671644,81.80425,0.013975892,0.008464441,0.11821968,0.8274567127227783,0.4834321439266205,53.345558166503906,0.23948177695274353,0.08729726076126099,0.4893687665462494
415,0.6019153594970703,1e-04,0.116564274,81.7157,0.013940423,0.008445142,0.11806957,0.8261783719062805,0.48327240347862244,53.327903747558594,0.23932400345802307,0.08723002672195435,0.48920753598213196
416,0.6007593870162964,1e-04,0.116412364,81.62725,0.013905052,0.0084258905,0.11791968,0.8248986005783081,0.48310908675193787,53.30985641479492,0.23916271328926086,0.08716131746768951,0.48904263973236084
417,0.5996056795120239,1e-04,0.11626063,81.5389,0.013869775,0.008406685,0.11777001,0.8236172795295715,0.4829421043395996,53.29140090942383,0.2389979362487793,0.08709113299846649,0.4888741374015808
418,0.598453938961029,1e-04,0.116109096,81.45063,0.01383459,0.008387518,0.117620535,0.8223348259925842,0.4827715754508972,53.272544860839844,0.23882973194122314,0.08701948821544647,0.48870208859443665
419,0.5973045825958252,1e-04,0.115957744,81.36246,0.013799497,0.008368394,0.11747126,0.8210507035255432,0.4825972616672516,53.25327682495117,0.2386579066514969,0.08694632351398468,0.48852625489234924
420,0.5961573123931885,1e-04,0.115806594,81.27433,0.013764494,0.008349313,0.117322184,0.8197652101516724,0.4824194014072418,53.233612060546875,0.23848262429237366,0.08687169849872589,0.48834681510925293
421,0.5950121879577637,1e-04,0.11565566,81.18631,0.0137295835,0.008330277,0.11717331,0.8184780478477478,0.48223772644996643,53.213523864746094,0.2383037507534027,0.08679554611444473,0.48816365003585815
422,0.5938690900802612,1e-04,0.11550491,81.09835,0.013694768,0.008311281,0.117024645,0.8171895742416382,0.48205238580703735,53.193031311035156,0.23812130093574524,0.086717888712883,0.48797672986984253
423,0.592728316783905,1e-04,0.11535435,81.01049,0.01366004,0.008292326,0.11687617,0.8158992528915405,0.48186320066452026,53.17211151123047,0.23793523013591766,0.08663872629404068,0.48778605461120605
424,0.5915894508361816,1e-04,0.11520401,80.922714,0.013625404,0.008273415,0.1167279,0.8146076798439026,0.48167043924331665,53.150787353515625,0.23774564266204834,0.08655806630849838,0.4875916838645935
425,0.5904529094696045,1e-04,0.115053825,80.83499,0.013590856,0.008254545,0.11657983,0.8133144378662109,0.481473833322525,53.12904739379883,0.2375524342060089,0.08647589385509491,0.48739349842071533
426,0.5893184542655945,1e-04,0.11490385,80.74735,0.013556402,0.008235718,0.11643197,0.8120194673538208,0.4812733232975006,53.10686492919922,0.23735550045967102,0.0863921269774437,0.48719143867492676
427,0.5881860256195068,1e-04,0.114754096,80.65982,0.013522037,0.008216933,0.116284296,0.8107231855392456,0.4810691475868225,53.08428192138672,0.23715505003929138,0.08630690723657608,0.4869856834411621
428,0.5870559215545654,1e-04,0.114604525,80.57236,0.013487765,0.008198191,0.116136834,0.8094251155853271,0.48086100816726685,53.061256408691406,0.2369508445262909,0.08622010052204132,0.4867759644985199
429,0.5859278440475464,1e-04,0.11445512,80.485,0.013453577,0.008179491,0.11598955,0.808125376701355,0.48064908385276794,53.037803649902344,0.2367430478334427,0.08613178879022598,0.48656249046325684
430,0.5848018527030945,1e-04,0.114305936,80.397736,0.013419483,0.008160832,0.11584249,0.8068239688873291,0.48043328523635864,53.0139274597168,0.23653152585029602,0.0860418900847435,0.4863450825214386
431,0.5836778879165649,1e-04,0.114156954,80.3105,0.013385476,0.008142212,0.11569562,0.8055208325386047,0.4802134931087494,52.9896125793457,0.2363162487745285,0.08595044910907745,0.4861237108707428
432,0.5825561285018921,1e-04,0.11400815,80.22339,0.013351561,0.008123638,0.11554895,0.8042160272598267,0.47998982667922974,52.964866638183594,0.2360973358154297,0.08585745841264725,0.485898494720459
433,0.5814364552497864,1e-04,0.11385957,80.13635,0.013317735,0.008105106,0.11540249,0.8029093742370605,0.4797622561454773,52.939674377441406,0.23587462306022644,0.08576290309429169,0.48566925525665283
434,0.5803187489509583,1e-04,0.11371115,80.04939,0.013283996,0.0080866115,0.11525622,0.8016013503074646,0.4795307517051697,52.9140625,0.2356482297182083,0.08566679060459137,0.4854361116886139
435,0.5792034864425659,1e-04,0.11356295,79.96253,0.013250347,0.008068164,0.11511015,0.8002912402153015,0.47929516434669495,52.88798141479492,0.23541799187660217,0.08556906878948212,0.4851989150047302
436,0.5780900120735168,1e-04,0.11341493,79.875725,0.013216784,0.008049752,0.11496428,0.7989794015884399,0.47905558347702026,52.86146926879883,0.23518399894237518,0.08546977490186691,0.4849577248096466
437,0.5769786834716797,1e-04,0.11326714,79.78902,0.013183315,0.008031384,0.11481862,0.7976659536361694,0.478812038898468,52.83451461791992,0.23494628071784973,0.08536891639232635,0.4847125709056854
438,0.575869619846344,1e-04,0.11311951,79.70239,0.013149933,0.008013058,0.11467316,0.7963504195213318,0.4785643517971039,52.807098388671875,0.2347046583890915,0.08526645600795746,0.48446327447891235
439,0.5747624039649963,1e-04,0.11297209,79.61585,0.013116637,0.007994775,0.11452789,0.7950331568717957,0.4783126711845398,52.77924346923828,0.2344592809677124,0.08516240864992142,0.48420995473861694
440,0.5736572742462158,1e-04,0.11282484,79.52939,0.013083422,0.007976528,0.11438279,0.793714165687561,0.47805696725845337,52.75092697143555,0.2342100888490677,0.08505677431821823,0.4839525818824768
441,0.5725544095039368,1e-04,0.112677805,79.44302,0.013050301,0.007958325,0.11423791,0.7923933267593384,0.47779712080955505,52.72216796875,0.23395705223083496,0.0849495381116867,0.4836910665035248
442,0.5714535713195801,1e-04,0.11253096,79.35672,0.013017268,0.007940164,0.114093244,0.7910705804824829,0.47753316164016724,52.69293975830078,0.23370018601417542,0.08484070748090744,0.48342546820640564
443,0.570354700088501,1e-04,0.11238431,79.27052,0.0129843205,0.007922045,0.11394876,0.7897458076477051,0.47726497054100037,52.66325759887695,0.2334393709897995,0.08473026007413864,0.48315563797950745
444,0.569257915019989,1e-04,0.112237856,79.18443,0.012951462,0.007903967,0.11380449,0.7884193062782288,0.47699278593063354,52.63311767578125,0.23317480087280273,0.0846182256937027,0.4828817546367645
445,0.5681632161140442,1e-04,0.11209159,79.09839,0.0129186865,0.007885927,0.1136604,0.7870908975601196,0.47671636939048767,52.602508544921875,0.2329062968492508,0.08450456708669662,0.48260366916656494
446,0.5670706033706665,1e-04,0.11194552,79.01246,0.012885996,0.0078679295,0.1135165,0.7857606410980225,0.47643575072288513,52.571434020996094,0.23263390362262726,0.08438928425312042,0.4823213815689087
447,0.565980076789856,1e-04,0.11179967,78.92659,0.012853397,0.007849973,0.113372825,0.784428060054779,0.4761508107185364,52.539886474609375,0.232357457280159,0.0842723399400711,0.48203471302986145
448,0.564891517162323,1e-04,0.111654,78.84082,0.012820883,0.007832057,0.113229334,0.7830938100814819,0.47586172819137573,52.50788116455078,0.2320772409439087,0.08415381610393524,0.4817439615726471
449,0.5638049840927124,1e-04,0.11150852,78.75513,0.012788455,0.007814183,0.11308605,0.7817573547363281,0.47556838393211365,52.47539138793945,0.23179300129413605,0.08403364568948746,0.48144885897636414
450,0.562720537185669,1e-04,0.11136322,78.669525,0.01275611,0.007796348,0.11294295,0.7804191708564758,0.47527074813842773,52.44242477416992,0.2315048724412918,0.08391185104846954,0.4811495244503021
451,0.5616381168365479,1e-04,0.11121815,78.584015,0.012723855,0.007778554,0.11280006,0.779079020023346,0.474968820810318,52.40898895263672,0.2312127649784088,0.08378840982913971,0.4808458983898163
452,0.5605579018592834,1e-04,0.11107324,78.49855,0.0126916785,0.007760797,0.11265735,0.7777357697486877,0.4746626913547516,52.375091552734375,0.23091678321361542,0.08366340398788452,0.480538010597229
453,0.5594785213470459,1e-04,0.11092839,78.41313,0.012659564,0.00774307,0.11251473,0.7763913869857788,0.4743521809577942,52.3406982421875,0.2306167632341385,0.08353669941425323,0.48022574186325073
454,0.5584021806716919,1e-04,0.11078392,78.32787,0.0126275625,0.007725396,0.11237243,0.7750451564788818,0.4740373194217682,52.30582809448242,0.2303127944469452,0.08340838551521301,0.47990915179252625
455,0.5573279857635498,1e-04,0.11063958,78.24268,0.012595642,0.007707763,0.11223031,0.7736966609954834,0.4737180769443512,52.270469665527344,0.23000478744506836,0.08327841013669968,0.4795881509780884
456,0.5562556385993958,1e-04,0.11049548,78.1576,0.012563811,0.007690173,0.112088405,0.7723461985588074,0.47339439392089844,52.234619140625,0.22969278693199158,0.08314678817987442,0.47926273941993713
457,0.5551854372024536,1e-04,0.11035152,78.07262,0.012532055,0.00767262,0.111946665,0.7709936499595642,0.47306641936302185,52.19829177856445,0.22937679290771484,0.08301351219415665,0.4789329767227173
458,0.5541172623634338,1e-04,0.110207796,77.9877,0.012500394,0.0076551107,0.11180516,0.7696390748023987,0.4727340340614319,52.161468505859375,0.22905680537223816,0.08287862688302994,0.47859880328178406
459,0.5530510544776917,1e-04,0.11006426,77.90288,0.012468813,0.007637639,0.11166384,0.7682822346687317,0.4723970890045166,52.1241455078125,0.22873267531394958,0.08274202793836594,0.4782600402832031
460,0.5519868731498718,1e-04,0.109920904,77.81814,0.012437315,0.0076202075,0.11152271,0.7669235467910767,0.4720558226108551,52.086341857910156,0.2284046709537506,0.08260384202003479,0.47791701555252075
461,0.5509247779846191,1e-04,0.10977773,77.73345,0.012405894,0.007602811,0.11138175,0.7655625343322754,0.4717099666595459,52.04803466796875,0.22807249426841736,0.08246396481990814,0.4775693714618683
462,0.5498645901679993,1e-04,0.109634794,77.64891,0.012374571,0.0075854636,0.11124105,0.7641993761062622,0.4713596701622009,52.00923538208008,0.22773630917072296,0.08232243359088898,0.47721725702285767
463,0.5488064289093018,1e-04,0.109492026,77.5644,0.012343318,0.007568148,0.11110049,0.7628341913223267,0.4710048735141754,51.96992111206055,0.22739605605602264,0.0821792483329773,0.4768606126308441
464,0.5477502942085266,1e-04,0.10934944,77.47999,0.012312151,0.0075508733,0.11096013,0.7614667415618896,0.4706455171108246,51.93011474609375,0.22705170512199402,0.0820343941450119,0.47649943828582764
465,0.5466960668563843,1e-04,0.10920705,77.395676,0.012281067,0.00753364,0.11081997,0.7600970268249512,0.4702816605567932,51.889801025390625,0.22670333087444305,0.08188791573047638,0.4761337339878082
466,0.5456438064575195,1e-04,0.10906487,77.311485,0.012250068,0.0075164484,0.11068002,0.7587253451347351,0.46991318464279175,51.8489875793457,0.22635087370872498,0.08173975348472595,0.4757634699344635
467,0.5445936322212219,1e-04,0.10892287,77.22735,0.01221915,0.007499295,0.11054026,0.7573515176773071,0.46954020857810974,51.80766677856445,0.22599434852600098,0.0815899521112442,0.47538861632347107
468,0.5435454845428467,1e-04,0.10878106,77.14332,0.0121883135,0.007482182,0.11040069,0.7559753656387329,0.46916261315345764,51.76582717895508,0.2256336659193039,0.08143846690654755,0.47500911355018616
469,0.542499303817749,1e-04,0.10863945,77.05937,0.01215756,0.0074651083,0.11026133,0.7545969486236572,0.46878042817115784,51.723480224609375,0.22526893019676208,0.08128533512353897,0.4746250510215759
470,0.5414549708366394,1e-04,0.10849803,76.97548,0.012126889,0.0074480707,0.11012215,0.7532163262367249,0.4683935046195984,51.68061447143555,0.2249000519514084,0.08113052695989609,0.47423627972602844
471,0.5404126048088074,1e-04,0.108356826,76.89167,0.012096299,0.007431073,0.109983176,0.7518335580825806,0.4680020809173584,51.637245178222656,0.22452712059020996,0.08097407221794128,0.47384291887283325
472,0.5393722653388977,1e-04,0.10821578,76.807976,0.012065789,0.0074141147,0.10984439,0.7504487037658691,0.46760597825050354,51.593353271484375,0.22415009140968323,0.08081597089767456,0.4734449088573456
473,0.5383339524269104,1e-04,0.10807493,76.72436,0.012035357,0.0073971953,0.109705776,0.7490615844726562,0.4672052264213562,51.54895782470703,0.22376899421215057,0.08065624535083771,0.4730422794818878
474,0.5372976064682007,1e-04,0.1079343,76.64087,0.012005014,0.0073803198,0.1095674,0.7476722002029419,0.466799795627594,51.50403594970703,0.22338373959064484,0.08049483597278595,0.472634881734848
475,0.5362631678581238,1e-04,0.10779381,76.55743,0.011974743,0.0073634787,0.109429166,0.7462805509567261,0.4663897156715393,51.458595275878906,0.22299441695213318,0.08033179491758347,0.47222283482551575
476,0.5352306365966797,1e-04,0.10765354,76.474106,0.011944558,0.0073466795,0.10929116,0.7448866963386536,0.465974897146225,51.412628173828125,0.2226010113954544,0.08016709983348846,0.4718061089515686
477,0.534200131893158,1e-04,0.10751347,76.390854,0.011914452,0.007329918,0.10915334,0.7434905767440796,0.4655553698539734,51.36614227294922,0.22220344841480255,0.08000075817108154,0.47138461470603943
478,0.533171534538269,1e-04,0.107373595,76.30767,0.011884426,0.007313193,0.10901571,0.7420921325683594,0.46513110399246216,51.319122314453125,0.2218017578125,0.07983274757862091,0.4709583520889282
479,0.5321448445320129,1e-04,0.1072339,76.22458,0.011854476,0.0072965072,0.10887826,0.7406915426254272,0.46470198035240173,51.271583557128906,0.22139596939086914,0.07966309040784836,0.470527321100235
480,0.5311201810836792,1e-04,0.10709439,76.14161,0.0118246125,0.0072798636,0.10874104,0.7392886281013489,0.46426820755004883,51.2235107421875,0.22098605334758759,0.07949180901050568,0.4700915515422821
481,0.5300974249839783,1e-04,0.106955126,76.058685,0.011794831,0.0072632562,0.10860401,0.737883448600769,0.46382951736450195,51.174896240234375,0.22057190537452698,0.0793188214302063,0.46965083479881287
482,0.5290766358375549,1e-04,0.106816016,75.97585,0.011765123,0.007246687,0.108467154,0.7364760637283325,0.4633861482143402,51.125762939453125,0.22015376389026642,0.07914425432682037,0.46920546889305115
483,0.5280578136444092,1e-04,0.106677085,75.89313,0.011735493,0.007230155,0.10833048,0.7350663542747498,0.4629379212856293,51.07609176635742,0.2197314202785492,0.07896803319454193,0.46875518560409546
484,0.5270408391952515,1e-04,0.10653836,75.81049,0.011705949,0.007213666,0.10819403,0.7336544990539551,0.4624849259853363,51.0258903503418,0.21930506825447083,0.07879017293453217,0.4683001935482025
485,0.5260258913040161,1e-04,0.10639981,75.72796,0.011676476,0.007197213,0.108057745,0.7322401404380798,0.46202701330184937,50.97514724731445,0.2188744992017746,0.07861068099737167,0.4678402543067932
486,0.525012731552124,1e-04,0.10626146,75.64549,0.011647086,0.007180797,0.10792167,0.7308235764503479,0.46156424283981323,50.923866271972656,0.21843981742858887,0.07842955738306046,0.4673754572868347
487,0.5240015387535095,1e-04,0.10612331,75.56315,0.011617774,0.007164422,0.107785776,0.7294048070907593,0.4610966742038727,50.872047424316406,0.21800103783607483,0.07824680209159851,0.466905802488327
488,0.5229923129081726,1e-04,0.10598533,75.48086,0.011588538,0.0071480805,0.10765007,0.7279836535453796,0.4606243073940277,50.81969451904297,0.21755819022655487,0.07806245237588882,0.4664313495159149
489,0.521984875202179,1e-04,0.10584756,75.39867,0.011559381,0.0071317824,0.10751456,0.7265604138374329,0.4601469933986664,50.76680374145508,0.2171112596988678,0.0778764933347702,0.46595197916030884
490,0.5209794640541077,1e-04,0.10570998,75.31658,0.011530306,0.0071155215,0.107379265,0.7251349091529846,0.459664911031723,50.71337127685547,0.21666023135185242,0.07768893241882324,0.46546775102615356
491,0.519976019859314,1e-04,0.10557255,75.23458,0.011501301,0.007099296,0.10724412,0.7237069606781006,0.45917779207229614,50.659385681152344,0.21620503067970276,0.07749971002340317,0.46497851610183716
492,0.5189743041992188,1e-04,0.10543537,75.15267,0.0114723835,0.0070831124,0.10710921,0.7222761511802673,0.45868587493896484,50.6048698425293,0.21574588119983673,0.07730896025896072,0.4644845426082611
493,0.5179738402366638,1e-04,0.10529825,75.07077,0.011443515,0.00706695,0.10697437,0.7208436727523804,0.45818886160850525,50.54978561401367,0.21528244018554688,0.07711652666330338,0.4639853835105896
494,0.516975998878479,1e-04,0.10516144,74.98902,0.0114147505,0.0070508397,0.106839836,0.7194090485572815,0.45768699049949646,50.494163513183594,0.21481499075889587,0.07692252099514008,0.4634813666343689
495,0.515980064868927,1e-04,0.1050248,74.90734,0.011386056,0.007034763,0.106705464,0.717971920967102,0.4571802020072937,50.437992095947266,0.21434342861175537,0.07672692835330963,0.46297237277030945
496,0.514985978603363,1e-04,0.10488837,74.82575,0.0113574425,0.0070187273,0.1065713,0.7165326476097107,0.4566684663295746,50.38127517700195,0.21386782824993134,0.07652977108955383,0.46245846152305603
497,0.5139937400817871,1e-04,0.10475213,74.744286,0.011328906,0.0070027313,0.10643733,0.715091347694397,0.4561517834663391,50.324005126953125,0.21338820457458496,0.07633104175329208,0.46193960309028625
498,0.5130035281181335,1e-04,0.10461605,74.662895,0.011300445,0.0069867703,0.10630355,0.713647723197937,0.45563021302223206,50.266197204589844,0.21290460228919983,0.07613074779510498,0.4614158570766449
499,0.512015163898468,1e-04,0.10448019,74.58162,0.011272059,0.0069708494,0.106169954,0.7122018337249756,0.4551035463809967,50.207828521728516,0.2124168425798416,0.07592886686325073,0.46088701486587524
500,0.5110287070274353,1e-04,0.1043445,74.50042,0.01124375,0.0069549647,0.10603655,0.7107535004615784,0.4545719027519226,50.148902893066406,0.21192505955696106,0.07572542876005173,0.46035319566726685
501,0.5100439786911011,1e-04,0.10420903,74.41933,0.011215522,0.00693912,0.105903365,0.709303081035614,0.45403528213500977,50.08942794799805,0.21142923831939697,0.07552044093608856,0.4598143398761749
502,0.5090612769126892,1e-04,0.10407372,74.33831,0.011187364,0.0069233077,0.105770335,0.7078503966331482,0.453493595123291,50.029388427734375,0.21092931926250458,0.07531386613845825,0.4592704176902771
503,0.5080803632736206,1e-04,0.10393861,74.25738,0.011159281,0.0069075353,0.1056375,0.7063954472541809,0.4529469907283783,49.968807220458984,0.210425466299057,0.07510580122470856,0.4587215483188629
504,0.5071012377738953,1e-04,0.10380369,74.17649,0.011131275,0.006891795,0.10550486,0.7049384713172913,0.45239537954330444,49.90766143798828,0.20991763472557068,0.0748961940407753,0.45816770195961
505,0.5061241388320923,1e-04,0.103668965,74.095764,0.011103348,0.0068760985,0.10537242,0.7034791707992554,0.45183879137039185,49.845970153808594,0.20940585434436798,0.07468508183956146,0.4576088488101959
506,0.5051488280296326,1e-04,0.103534415,74.0151,0.011075491,0.006860436,0.10524016,0.7020176649093628,0.45127707719802856,49.78371047973633,0.20889000594615936,0.07447241991758347,0.4570448696613312
507,0.5041753053665161,1e-04,0.10340008,73.93452,0.0110477125,0.006844811,0.1051081,0.7005540132522583,0.45071038603782654,49.72089767456055,0.20837025344371796,0.07425828278064728,0.4564759135246277
508,0.5032037496566772,1e-04,0.10326592,73.854034,0.011020007,0.0068292227,0.10497622,0.6990882158279419,0.45013874769210815,49.65753936767578,0.20784659683704376,0.0740426555275917,0.45590195059776306
509,0.5022339820861816,1e-04,0.10313196,73.77365,0.010992378,0.0068136742,0.10484454,0.697620153427124,0.44956207275390625,49.5936164855957,0.207318976521492,0.07382552325725555,0.4553229510784149
510,0.5012660026550293,1e-04,0.10299815,73.69335,0.010964819,0.00679816,0.10471303,0.6961500644683838,0.44898033142089844,49.52912902832031,0.20678742229938507,0.07360690087080002,0.4547388553619385
511,0.5002999901771545,1e-04,0.10286457,73.61315,0.010937338,0.006782681,0.10458173,0.6946777701377869,0.44839349389076233,49.464080810546875,0.20625194907188416,0.07338681817054749,0.45414969325065613
512,0.49933573603630066,1e-04,0.10273115,73.53305,0.010909929,0.006767241,0.104450606,0.6932033896446228,0.4478016495704651,49.39847946166992,0.20571260154247284,0.07316526025533676,0.45355552434921265
513,0.4983733296394348,1e-04,0.102597944,73.45303,0.0108825965,0.006751837,0.104319684,0.6917268633842468,0.4472047686576843,49.33232498168945,0.2051694095134735,0.07294228672981262,0.45295628905296326
514,0.4974128007888794,1e-04,0.102464914,73.3731,0.010855334,0.0067364713,0.104188934,0.6902482509613037,0.44660288095474243,49.26559829711914,0.2046223133802414,0.0727178305387497,0.45235198736190796
515,0.49645406007766724,1e-04,0.10233208,73.29325,0.010828149,0.0067211394,0.10405839,0.6887674927711487,0.44599586725234985,49.19831466674805,0.20407137274742126,0.07249194383621216,0.45174258947372437
516,0.4954971671104431,1e-04,0.10219944,73.2135,0.010801037,0.0067058452,0.10392804,0.6872847676277161,0.44538384675979614,49.130470275878906,0.2035166323184967,0.07226462662220001,0.45112818479537964
517,0.49454212188720703,1e-04,0.10206698,73.13382,0.010773995,0.006690584,0.10379785,0.685799777507782,0.44476670026779175,49.06206130981445,0.20295801758766174,0.07203589379787445,0.45050862431526184
518,0.49358877539634705,1e-04,0.1019347,73.05424,0.010747027,0.006675362,0.10366787,0.6843129396438599,0.4441445469856262,48.99310302734375,0.2023957073688507,0.07180579006671906,0.4498841166496277
519,0.49263736605644226,1e-04,0.101802625,72.97474,0.010720133,0.006660174,0.10353807,0.6828240156173706,0.44351744651794434,48.923583984375,0.20182962715625763,0.07157428562641144,0.44925451278686523
520,0.49168774485588074,1e-04,0.10167074,72.895355,0.010693314,0.006645026,0.10340848,0.6813331842422485,0.44288522005081177,48.85350036621094,0.2012597769498825,0.07134139537811279,0.44861987233161926
521,0.49073994159698486,1e-04,0.101539046,72.816055,0.010666565,0.0066299136,0.10327906,0.6798402070999146,0.4422478675842285,48.78285598754883,0.20068618655204773,0.07110712677240372,0.4479801058769226
522,0.48979395627975464,1e-04,0.10140751,72.73687,0.010639885,0.006614835,0.103149824,0.6783453226089478,0.44160550832748413,48.711647033691406,0.2001088559627533,0.0708714947104454,0.44733527302742004
523,0.4888497591018677,1e-04,0.10127619,72.65773,0.010613279,0.006599792,0.10302077,0.6768485903739929,0.4409582018852234,48.63990020751953,0.19952794909477234,0.07063456624746323,0.4466855227947235
524,0.4879073202610016,1e-04,0.10114506,72.57874,0.010586752,0.006584789,0.102891944,0.675349771976471,0.4403058886528015,48.56758117675781,0.1989433765411377,0.07039628177881241,0.4460306763648987
525,0.48696672916412354,1e-04,0.10101409,72.499825,0.010560288,0.0065698205,0.102763265,0.6738491058349609,0.4396483898162842,48.49468994140625,0.1983550637960434,0.07015664875507355,0.44537070393562317
526,0.48602795600891113,1e-04,0.10088332,72.420975,0.010533898,0.006554886,0.10263478,0.6723465323448181,0.4389859139919281,48.42125701904297,0.19776317477226257,0.06991572678089142,0.4447057247161865
527,0.4850909113883972,1e-04,0.100752726,72.342255,0.010507579,0.006539989,0.10250648,0.6708420515060425,0.4383183419704437,48.34725570678711,0.19716766476631165,0.06967349350452423,0.4440356492996216
528,0.48415568470954895,1e-04,0.10062234,72.26358,0.010481332,0.0065251244,0.102378376,0.6693357825279236,0.43764591217041016,48.272708892822266,0.19656868278980255,0.06943001598119736,0.44336065649986267
529,0.48322227597236633,1e-04,0.100492135,72.18504,0.010455157,0.0065102982,0.10225046,0.6678276658058167,0.4369683265686035,48.197601318359375,0.19596607983112335,0.06918524205684662,0.44268056750297546
530,0.4822906255722046,1e-04,0.10036215,72.10656,0.010429056,0.0064955074,0.102122754,0.6663176417350769,0.43628573417663574,48.12192916870117,0.1953599452972412,0.0689392164349556,0.44199541211128235
531,0.4813607335090637,1e-04,0.100232325,72.02815,0.010403021,0.006480749,0.1019952,0.6648058891296387,0.43559807538986206,48.04570770263672,0.19475030899047852,0.0686919316649437,0.4413052201271057
532,0.4804326295852661,1e-04,0.10010268,71.94986,0.010377061,0.006466029,0.10186786,0.6632924675941467,0.4349055886268616,47.96893310546875,0.194137305021286,0.06844345480203629,0.4406101405620575
533,0.47950631380081177,1e-04,0.09997324,71.87164,0.010351166,0.006451341,0.10174068,0.6617772579193115,0.4342080056667328,47.89160919189453,0.19352081418037415,0.06819375604391098,0.43990999460220337
534,0.4785817861557007,1e-04,0.09984398,71.79355,0.010325344,0.0064366916,0.1016137,0.6602599024772644,0.43350568413734436,47.813743591308594,0.19290108978748322,0.06794292479753494,0.4392050802707672
535,0.47765833139419556,1e-04,0.09971479,71.71547,0.010299572,0.006422065,0.10148681,0.658741295337677,0.43279820680618286,47.735313415527344,0.19227786362171173,0.06769084930419922,0.438495010137558
536,0.47673729062080383,1e-04,0.099585906,71.63758,0.010273892,0.006407489,0.10136021,0.6572211980819702,0.4320858418941498,47.656349182128906,0.1916513741016388,0.06743764132261276,0.4377800524234772
537,0.47581806778907776,1e-04,0.0994572,71.55976,0.010248279,0.006392945,0.10123379,0.6556993126869202,0.4313684105873108,47.576812744140625,0.19102142751216888,0.0671832412481308,0.4370599687099457
538,0.47490060329437256,1e-04,0.09932868,71.48204,0.010222738,0.006378437,0.10110755,0.654175877571106,0.43064603209495544,47.49673080444336,0.19038821756839752,0.0669277012348175,0.4363349974155426
539,0.47398486733436584,1e-04,0.09920037,71.40441,0.010197268,0.0063639632,0.100981526,0.652650773525238,0.42991867661476135,47.41609573364258,0.18975169956684113,0.06667101383209229,0.435604989528656
540,0.47307088971138,1e-04,0.0990722,71.32685,0.0101718595,0.0063495217,0.10085563,0.651124119758606,0.4291864335536957,47.334922790527344,0.18911202251911163,0.0664132684469223,0.4348701238632202
541,0.47215864062309265,1e-04,0.098944254,71.24942,0.01014653,0.0063351197,0.10072999,0.6495960354804993,0.4284493327140808,47.253204345703125,0.18846914172172546,0.06615439802408218,0.43413034081459045
542,0.47124814987182617,1e-04,0.098816484,71.172035,0.010121262,0.006320748,0.10060448,0.6480664014816284,0.4277072846889496,47.17094802856445,0.1878231316804886,0.0658944770693779,0.4333856701850891
543,0.4703393578529358,1e-04,0.09868889,71.09476,0.010096067,0.0063064145,0.100479186,0.646535336971283,0.42696037888526917,47.088138580322266,0.18717393279075623,0.06563347578048706,0.432636022567749
544,0.46943235397338867,1e-04,0.09856152,71.01757,0.010070939,0.0062921117,0.10035407,0.6450030207633972,0.42620858550071716,47.004798889160156,0.18652169406414032,0.06537145376205444,0.4318815767765045
545,0.4685271680355072,1e-04,0.098434314,70.940506,0.010045881,0.0062778485,0.100229144,0.6434690952301025,0.42545193433761597,46.92091751098633,0.18586640059947968,0.06510839611291885,0.4311222434043884
546,0.46762362122535706,1e-04,0.0983073,70.863495,0.010020891,0.0062636156,0.1001044,0.6419338583946228,0.4246904253959656,46.83649444580078,0.1852080523967743,0.06484434008598328,0.43035805225372314
547,0.4667217433452606,1e-04,0.09818046,70.786575,0.009995966,0.006249417,0.09997983,0.640397310256958,0.423924058675766,46.75153732299805,0.18454673886299133,0.06457928568124771,0.42958903312683105
548,0.4658217430114746,1e-04,0.09805381,70.70979,0.009971116,0.006235257,0.099855475,0.6388595104217529,0.42315298318862915,46.66604995727539,0.1838824599981308,0.06431325525045395,0.42881518602371216
549,0.46492335200309753,1e-04,0.09792735,70.633064,0.009946328,0.006221127,0.099731274,0.6373205184936523,0.4223771095275879,46.58003616333008,0.18321530520915985,0.06404630839824677,0.42803657054901123
550,0.4640268087387085,1e-04,0.097801074,70.556435,0.00992161,0.006207035,0.09960728,0.6357802152633667,0.4215964376926422,46.49348831176758,0.18254531919956207,0.06377841532230377,0.42725321650505066
551,0.4631318151950836,1e-04,0.09767498,70.47991,0.009896958,0.006192975,0.09948346,0.6342388391494751,0.42081108689308167,46.40642547607422,0.18187251687049866,0.06350960582494736,0.42646515369415283
552,0.46223869919776917,1e-04,0.097549036,70.40347,0.00987237,0.0061789495,0.0993598,0.6326962113380432,0.4200209677219391,46.318824768066406,0.18119685351848602,0.06323990970849991,0.4256722331047058
553,0.46134719252586365,1e-04,0.09742333,70.32715,0.009847855,0.0061649582,0.09923636,0.6311526298522949,0.41922616958618164,46.230712890625,0.18051853775978088,0.06296934187412262,0.4248747229576111
554,0.460457444190979,1e-04,0.09729779,70.250916,0.009823405,0.0061510024,0.09911309,0.6296079158782959,0.41842666268348694,46.1420783996582,0.17983746528625488,0.0626978948712349,0.4240724742412567
555,0.45956939458847046,1e-04,0.09717245,70.17477,0.009799024,0.006137081,0.09899002,0.6280620694160461,0.4176224172115326,46.05290985107422,0.17915363609790802,0.062425583600997925,0.4232654571533203
556,0.4586831033229828,1e-04,0.09704728,70.09872,0.009774708,0.006123192,0.098867126,0.6265151500701904,0.41681352257728577,45.963233947753906,0.17846721410751343,0.06215246394276619,0.42245379090309143
557,0.45779842138290405,1e-04,0.096922286,70.02272,0.0097504575,0.0061093364,0.09874441,0.6249673962593079,0.41599997878074646,45.873046875,0.17777816951274872,0.06187853217124939,0.42163747549057007
558,0.4569154977798462,1e-04,0.0967975,69.94687,0.009726278,0.0060955165,0.09862189,0.6234186887741089,0.41518187522888184,45.7823371887207,0.17708659172058105,0.06160382181406021,0.420816570520401
559,0.45603427290916443,1e-04,0.09667291,69.87104,0.009702161,0.0060817245,0.09849955,0.6218690276145935,0.41435909271240234,45.691123962402344,0.17639243602752686,0.06132831051945686,0.41999098658561707
560,0.4551547169685364,1e-04,0.096548475,69.79536,0.00967811,0.0060679712,0.098377384,0.620318591594696,0.4135317802429199,45.599403381347656,0.17569586634635925,0.061052076518535614,0.4191609025001526
561,0.4542768895626068,1e-04,0.09642425,69.71974,0.009654126,0.00605425,0.09825541,0.6187674403190613,0.41269999742507935,45.50718307495117,0.17499692738056183,0.06077513098716736,0.41832634806632996
562,0.45340073108673096,1e-04,0.09630019,69.64423,0.009630207,0.0060405615,0.098133616,0.6172154545783997,0.4118637144565582,45.41447067260742,0.17429561913013458,0.06049748510122299,0.4174872636795044
563,0.4525262415409088,1e-04,0.096176334,69.56884,0.009606357,0.006026911,0.09801202,0.6156626343727112,0.4110228419303894,45.32124710083008,0.17359189689159393,0.06021914631128311,0.4166436195373535
564,0.4516533613204956,1e-04,0.09605264,69.493515,0.009582568,0.00601329,0.09789059,0.6141093969345093,0.41017770767211914,45.22754669189453,0.17288601398468018,0.059940166771411896,0.4157956540584564
565,0.45078223943710327,1e-04,0.095929146,69.41832,0.009558848,0.005999706,0.097769365,0.6125555038452148,0.40932807326316833,45.13335418701172,0.17217788100242615,0.059660542756319046,0.41494321823120117
566,0.4499128460884094,1e-04,0.0958058,69.343185,0.009535189,0.0059861513,0.09764829,0.6110010147094727,0.4084741473197937,45.038673400878906,0.1714676022529602,0.059380315244197845,0.4140864610671997
567,0.44904494285583496,1e-04,0.09568267,69.26817,0.009511598,0.005972634,0.09752742,0.609446108341217,0.4076158106327057,44.943511962890625,0.17075517773628235,0.059099484235048294,0.41322532296180725
568,0.4481790065765381,1e-04,0.09555972,69.19324,0.009488071,0.0059591476,0.09740673,0.6078904271125793,0.4067530632019043,44.84785842895508,0.1700405776500702,0.058818042278289795,0.4123597741127014
569,0.44731447100639343,1e-04,0.09543696,69.118385,0.009464609,0.0059456932,0.097286224,0.6063343286514282,0.4058859348297119,44.75172424316406,0.1693238765001297,0.05853603035211563,0.4114898145198822
570,0.44645169377326965,1e-04,0.09531439,69.04363,0.009441215,0.0059322757,0.09716591,0.6047778129577637,0.40501442551612854,44.65510177612305,0.16860507428646088,0.05825343728065491,0.410615473985672
571,0.4455905854701996,1e-04,0.09519199,68.96894,0.00941788,0.005918885,0.097045764,0.6032209396362305,0.40413880348205566,44.558021545410156,0.1678844392299652,0.05797036737203598,0.4097370505332947
572,0.44473111629486084,1e-04,0.0950698,68.894394,0.009394615,0.0059055323,0.096925825,0.6016636490821838,0.4032588005065918,44.46045684814453,0.16716177761554718,0.057686757296323776,0.408854216337204
573,0.4438733458518982,1e-04,0.094947785,68.81988,0.00937141,0.005892207,0.09680604,0.6001062989234924,0.4023746848106384,44.36243438720703,0.1664373129606247,0.05740269273519516,0.40796729922294617
574,0.44301721453666687,1e-04,0.09482593,68.7455,0.009348269,0.0058789174,0.096686445,0.5985487103462219,0.4014865756034851,44.26396942138672,0.1657111495733261,0.05711822584271431,0.40707632899284363
575,0.44216272234916687,1e-04,0.09470428,68.67121,0.009325191,0.005865661,0.09656703,0.5969909429550171,0.4005943238735199,44.16504669189453,0.16498324275016785,0.05683332681655884,0.40618130564689636
576,0.4413098394870758,1e-04,0.09458278,68.59704,0.009302178,0.005852441,0.0964478,0.5954331159591675,0.3996981680393219,44.0656852722168,0.16425371170043945,0.05654804781079292,0.40528225898742676
577,0.44045865535736084,1e-04,0.094461486,68.52296,0.009279229,0.005839251,0.09632875,0.5938752293586731,0.39879775047302246,43.96585464477539,0.16352242231369019,0.056262336671352386,0.40437906980514526
578,0.4396091401576996,1e-04,0.09434038,68.44897,0.009256346,0.005826094,0.096209906,0.5923172235488892,0.39789333939552307,43.865577697753906,0.1627895087003708,0.0559762604534626,0.40347182750701904
579,0.4387611746788025,1e-04,0.094219446,68.37505,0.00923352,0.005812967,0.09609121,0.5907590985298157,0.3969849646091461,43.764869689941406,0.16205506026744843,0.05568984895944595,0.40256062150001526
580,0.43791481852531433,1e-04,0.094098695,68.301254,0.009210763,0.005799877,0.09597272,0.5892012715339661,0.3960725963115692,43.66371536254883,0.1613190770149231,0.05540309473872185,0.4016454517841339
581,0.43707025051116943,1e-04,0.09397817,68.22752,0.009188068,0.0057868166,0.09585441,0.5876434445381165,0.3951563835144043,43.56212615966797,0.16058164834976196,0.05511604622006416,0.40072640776634216
582,0.4362272024154663,1e-04,0.0938578,68.153885,0.009165433,0.005773788,0.09573627,0.5860856771469116,0.39423614740371704,43.46010208129883,0.15984275937080383,0.054828692227602005,0.39980340003967285
583,0.4353857934474945,1e-04,0.09373759,68.08035,0.009142862,0.005760791,0.095618315,0.5845281481742859,0.39331215620040894,43.35765075683594,0.15910249948501587,0.054541073739528656,0.3988765478134155
584,0.43454599380493164,1e-04,0.09361759,68.0069,0.009120353,0.005747825,0.095500536,0.5829709768295288,0.39238443970680237,43.25479507446289,0.1583610475063324,0.054253268986940384,0.3979460299015045
585,0.4337078928947449,1e-04,0.09349776,67.93353,0.009097906,0.0057348916,0.095382944,0.5814140439033508,0.3914528489112854,43.15150833129883,0.15761826932430267,0.05396521836519241,0.3970116674900055
586,0.4328713119029999,1e-04,0.09337812,67.860306,0.009075525,0.0057219956,0.09526555,0.5798577070236206,0.3905178904533386,43.0478401184082,0.15687452256679535,0.053677044808864594,0.3960738778114319
587,0.4320363998413086,1e-04,0.09325866,67.787125,0.0090532,0.0057091266,0.0951483,0.5783016681671143,0.38957899808883667,42.9437370300293,0.15612946450710297,0.05338865518569946,0.3951322138309479
588,0.43120312690734863,1e-04,0.09313938,67.71409,0.009030941,0.005696292,0.09503126,0.5767461061477661,0.38863667845726013,42.83926010131836,0.15538348257541656,0.05310017615556717,0.3941871225833893
589,0.43037137389183044,1e-04,0.093020275,67.64113,0.009008743,0.0056834896,0.0949144,0.5751910209655762,0.38769063353538513,42.73436737060547,0.15463633835315704,0.05281151458621025,0.39323827624320984
590,0.42954131960868835,1e-04,0.09290135,67.56827,0.008986604,0.005670719,0.0947977,0.5736364722251892,0.3867410719394684,42.62908172607422,0.15388821065425873,0.05252275615930557,0.39228588342666626
591,0.4287128746509552,1e-04,0.09278262,67.49547,0.008964527,0.0056579765,0.09468119,0.5720826983451843,0.3857880234718323,42.52341079711914,0.15313923358917236,0.05223394185304642,0.3913300931453705
592,0.4278859794139862,1e-04,0.09266408,67.422806,0.008942517,0.005645271,0.094564885,0.5705294609069824,0.38483142852783203,42.41734313964844,0.1523893028497696,0.0519450306892395,0.3903707265853882
593,0.42706072330474854,1e-04,0.0925457,67.350204,0.0089205615,0.0056325938,0.09444872,0.5689769983291626,0.38387158513069153,42.31092071533203,0.1516386717557907,0.05165613815188408,0.3894081115722656
594,0.42623698711395264,1e-04,0.09242751,67.27769,0.008898671,0.0056199483,0.09433277,0.5674253106117249,0.38290828466415405,42.20410919189453,0.15088725090026855,0.05136721208691597,0.3884420692920685
595,0.42541491985321045,1e-04,0.09230952,67.20527,0.00887684,0.005607334,0.09421698,0.5658745765686035,0.3819417357444763,42.096946716308594,0.15013518929481506,0.05107831954956055,0.38747283816337585
596,0.4245944321155548,1e-04,0.09219169,67.13299,0.008855069,0.005594753,0.09410138,0.5643246173858643,0.38097190856933594,41.989410400390625,0.14938244223594666,0.050789445638656616,0.3865002393722534
597,0.4237755239009857,1e-04,0.09207404,67.06077,0.008833359,0.0055822018,0.09398595,0.5627756118774414,0.3799988925457001,41.88152313232422,0.14862914383411407,0.05050063878297806,0.3855245113372803
598,0.4229581952095032,1e-04,0.091956586,66.98867,0.008811712,0.005569686,0.09387072,0.5612276792526245,0.3790227770805359,41.77328872680664,0.1478753536939621,0.05021192878484726,0.3845456540584564
599,0.4221424460411072,1e-04,0.09183931,66.91662,0.0087901205,0.005557196,0.09375564,0.559680700302124,0.3780434727668762,41.664703369140625,0.14712105691432953,0.04992329329252243,0.3835636377334595
600,0.42132824659347534,1e-04,0.09172221,66.84471,0.008768594,0.005544741,0.09364077,0.5581350326538086,0.3770611882209778,41.555789947509766,0.1463664323091507,0.04963483288884163,0.38257867097854614
601,0.4205157160758972,1e-04,0.0916053,66.772865,0.008747125,0.005532316,0.093526065,0.5565903186798096,0.376075804233551,41.44652557373047,0.14561137557029724,0.04934648796916008,0.3815905749797821
602,0.4197046756744385,1e-04,0.09148857,66.701126,0.008725716,0.005519922,0.09341154,0.5550469160079956,0.3750874996185303,41.33694076538086,0.1448560655117035,0.049058325588703156,0.38059961795806885
603,0.4188951849937439,1e-04,0.09137202,66.62948,0.008704368,0.005507561,0.093297206,0.5535048246383667,0.3740963041782379,41.2270393371582,0.14410056173801422,0.048770368099212646,0.37960579991340637
604,0.41808730363845825,1e-04,0.091255635,66.55793,0.008683079,0.0054952283,0.09318304,0.5519639849662781,0.3731021285057068,41.11680221557617,0.14334477484226227,0.048482585698366165,0.3786090016365051
605,0.41728106141090393,1e-04,0.09113944,66.48646,0.008661846,0.005482927,0.09306904,0.5504245162010193,0.372105211019516,41.00625991821289,0.14258886873722076,0.04819505289196968,0.37760940194129944
606,0.416476309299469,1e-04,0.09102344,66.41509,0.008640673,0.0054706563,0.09295522,0.5488864183425903,0.37110549211502075,40.895408630371094,0.1418328732252121,0.04790776968002319,0.3766070604324341
607,0.41567307710647583,1e-04,0.09090761,66.343834,0.008619563,0.0054584187,0.0928416,0.5473499298095703,0.37010306119918823,40.78425598144531,0.14107689261436462,0.047620777040719986,0.37560203671455383
608,0.414871484041214,1e-04,0.090791956,66.27265,0.008598509,0.0054462096,0.092728145,0.5458148717880249,0.369098037481308,40.67281723022461,0.14032098650932312,0.04733409732580185,0.37459442019462585
609,0.41407138109207153,1e-04,0.090676494,66.201584,0.008577515,0.005434033,0.092614874,0.5442814230918884,0.3680903911590576,40.56108474731445,0.1395651400089264,0.047047726809978485,0.37358418107032776
610,0.413272887468338,1e-04,0.090561226,66.1306,0.008556582,0.0054218876,0.0925018,0.5427497029304504,0.3670802116394043,40.449066162109375,0.13880948722362518,0.04676171392202377,0.3725714385509491
611,0.41247594356536865,1e-04,0.09044611,66.05972,0.008535706,0.0054097725,0.09238889,0.5412195324897766,0.36606746912002563,40.33677291870117,0.1380539834499359,0.04647604748606682,0.3715561628341675
612,0.41168051958084106,1e-04,0.09033119,65.98893,0.008514889,0.005397686,0.092276156,0.5396912097930908,0.3650522232055664,40.22418975830078,0.13729870319366455,0.04619074985384941,0.3705383837223053
613,0.4108866751194,1e-04,0.090216435,65.918205,0.008494126,0.005385629,0.09216358,0.5381646752357483,0.3640347123146057,40.111358642578125,0.13654381036758423,0.04590588063001633,0.36951833963394165
614,0.41009432077407837,1e-04,0.09010185,65.84761,0.008473425,0.0053736065,0.09205121,0.5366399884223938,0.36301472783088684,39.99825668334961,0.13578923046588898,0.045621421188116074,0.368495911359787
615,0.4093035161495209,1e-04,0.08998748,65.77709,0.008452781,0.0053616096,0.091939,0.5351172685623169,0.36199265718460083,39.884925842285156,0.1350352019071579,0.045337460935115814,0.3674713671207428
616,0.4085142910480499,1e-04,0.08987328,65.706696,0.0084321955,0.005349647,0.09182699,0.5335965156555176,0.36096829175949097,39.771339416503906,0.13428160548210144,0.04505395144224167,0.36644455790519714
617,0.40772655606269836,1e-04,0.08975924,65.63636,0.008411666,0.005337713,0.091715135,0.5320777297019958,0.3599417805671692,39.657508850097656,0.13352856040000916,0.04477092623710632,0.3654156029224396
618,0.4069403409957886,1e-04,0.0896454,65.56616,0.008391199,0.0053258114,0.09160349,0.5305611491203308,0.3589134216308594,39.5434684753418,0.13277629017829895,0.04448848217725754,0.36438480019569397
619,0.40615564584732056,1e-04,0.08953171,65.496025,0.008370782,0.0053139376,0.09149198,0.5290465354919434,0.35788264870643616,39.429168701171875,0.13202443718910217,0.04420648142695427,0.3633516728878021
620,0.4053725004196167,1e-04,0.089418225,65.42601,0.008350426,0.005302096,0.09138067,0.5275341868400574,0.3568500578403473,39.31466293334961,0.13127337396144867,0.04392506554722786,0.36231666803359985
621,0.404590904712677,1e-04,0.08930491,65.35606,0.008330126,0.0052902815,0.09126952,0.5260239243507385,0.35581541061401367,39.19993209838867,0.13052299618721008,0.043644197285175323,0.3612796664237976
622,0.40381085872650146,1e-04,0.089191765,65.286194,0.008309885,0.0052784975,0.09115857,0.5245161056518555,0.3547791540622711,39.085018157958984,0.12977363169193268,0.043363988399505615,0.3602410852909088
623,0.40303218364715576,1e-04,0.08907883,65.216446,0.0082897,0.005266744,0.09104779,0.5230104327201843,0.3537406921386719,38.96986770629883,0.12902489304542542,0.043084293603897095,0.3592003583908081
624,0.4022550880908966,1e-04,0.08896606,65.14676,0.008269571,0.005255019,0.09093718,0.5215072631835938,0.3527006506919861,38.854530334472656,0.12827716767787933,0.0428052693605423,0.35815802216529846
625,0.401479572057724,1e-04,0.088853486,65.077225,0.008249503,0.0052433265,0.09082677,0.520006537437439,0.35165897011756897,38.739013671875,0.12753044068813324,0.042526908218860626,0.3571140468120575
626,0.4007055461406708,1e-04,0.088741064,65.007744,0.008229486,0.005231661,0.09071651,0.51850825548172,0.35061565041542053,38.623313903808594,0.12678474187850952,0.04224921017885208,0.3560684621334076
627,0.39993301033973694,1e-04,0.088628836,64.938354,0.0082095275,0.0052200267,0.09060644,0.5170125365257263,0.3495709002017975,38.5074577331543,0.1260402649641037,0.04197224974632263,0.35502150654792786
628,0.3991619646549225,1e-04,0.08851678,64.8691,0.008189625,0.005208423,0.09049655,0.5155195593833923,0.3485245704650879,38.39142990112305,0.12529689073562622,0.041695982217788696,0.35397300124168396
629,0.3983924388885498,1e-04,0.08840488,64.79993,0.008169777,0.005196849,0.090386815,0.5140290856361389,0.34747686982154846,38.275245666503906,0.12455475330352783,0.04142045974731445,0.3529231548309326
630,0.39762434363365173,1e-04,0.08829319,64.730865,0.008149989,0.005185305,0.09027729,0.5125413537025452,0.3464276194572449,38.15888977050781,0.12381374835968018,0.04114563390612602,0.3518717885017395
631,0.3968578577041626,1e-04,0.088181645,64.66187,0.008130252,0.0051737884,0.09016791,0.5110563635826111,0.3453771471977234,38.04239273071289,0.12307409942150116,0.040871597826480865,0.3508191704750061
632,0.39609283208847046,1e-04,0.0880703,64.59299,0.008110574,0.005162304,0.09005873,0.5095741152763367,0.3443254232406616,37.92576217651367,0.12233581393957138,0.04059835150837898,0.3497653603553772
633,0.39532923698425293,1e-04,0.08795914,64.52416,0.00809095,0.0051508443,0.089949705,0.5080946087837219,0.34327229857444763,37.80897521972656,0.12159880250692368,0.04032585397362709,0.34871020913124084
634,0.3945671319961548,1e-04,0.087848134,64.45545,0.008071378,0.0051394147,0.089840844,0.506618082523346,0.34221819043159485,37.69207000732422,0.12086331844329834,0.04005420207977295,0.3476540148258209
635,0.3938066363334656,1e-04,0.08773732,64.38685,0.008051868,0.005128016,0.0897322,0.5051444172859192,0.3411628007888794,37.57503128051758,0.12012926489114761,0.03978335112333298,0.34659668803215027
636,0.393047571182251,1e-04,0.08762671,64.31831,0.008032411,0.005116647,0.08962372,0.5036736726760864,0.3401064872741699,37.4578857421875,0.11939676851034164,0.03951336443424225,0.3455383777618408
637,0.392289936542511,1e-04,0.08751626,64.249886,0.008013009,0.005105305,0.08951541,0.5022059679031372,0.33904919028282166,37.34062957763672,0.11866587400436401,0.039244238287210464,0.34447914361953735
638,0.3915337324142456,1e-04,0.087405995,64.18156,0.00799366,0.0050939927,0.08940727,0.5007413625717163,0.33799105882644653,37.22328186035156,0.11793667078018188,0.03897601738572121,0.34341907501220703
639,0.390779048204422,1e-04,0.0872959,64.11332,0.007974367,0.0050827106,0.089299306,0.4992799460887909,0.33693212270736694,37.1058464050293,0.11720919609069824,0.03870870918035507,0.3423582911491394
640,0.39002588391304016,1e-04,0.087185964,64.04517,0.0079551255,0.0050714556,0.08919151,0.4978218376636505,0.3358725905418396,36.98834228515625,0.11648358404636383,0.038442350924015045,0.341296911239624
641,0.3892742097377777,1e-04,0.0870762,63.977158,0.007935943,0.0050602327,0.08908391,0.49636679887771606,0.3348122537136078,36.87074661254883,0.11575968563556671,0.03817690163850784,0.34023475646972656
642,0.3885239362716675,1e-04,0.08696663,63.90922,0.007916811,0.0050490373,0.088976465,0.49491503834724426,0.33375129103660583,36.753082275390625,0.11503765732049942,0.037912409752607346,0.33917200565338135
643,0.38777512311935425,1e-04,0.08685724,63.841385,0.007897738,0.0050378717,0.08886922,0.49346649646759033,0.33268964290618896,36.635345458984375,0.11431743204593658,0.03764885663986206,0.3381085991859436
644,0.387027770280838,1e-04,0.08674801,63.773643,0.007878715,0.0050267335,0.08876213,0.4920212924480438,0.33162742853164673,36.51753234863281,0.11359908431768417,0.03738625347614288,0.3370446264743805
645,0.38628196716308594,1e-04,0.08663897,63.70599,0.007859747,0.005015624,0.08865521,0.4905793070793152,0.3305644989013672,36.39965057373047,0.112882599234581,0.03712460771203041,0.33598005771636963
646,0.3855375647544861,1e-04,0.086530134,63.6384,0.007840834,0.005004541,0.08854848,0.4891408085823059,0.32950133085250854,36.28174591064453,0.11216821521520615,0.03686399385333061,0.33491525053977966
647,0.38479459285736084,1e-04,0.08642145,63.570904,0.007821973,0.0049934876,0.08844192,0.4877058267593384,0.328437864780426,36.163795471191406,0.11145591735839844,0.036604415625333786,0.3338501453399658
648,0.3840530812740326,1e-04,0.086312935,63.503513,0.007803165,0.004982461,0.08833552,0.48627445101737976,0.3273741602897644,36.04582595825195,0.11074578762054443,0.03634588047862053,0.33278489112854004
649,0.3833130896091461,1e-04,0.0862046,63.436214,0.0077844094,0.0049714637,0.0882293,0.4848465621471405,0.326310396194458,35.92783737182617,0.11003784835338593,0.03608841821551323,0.3317195475101471
650,0.3825744390487671,1e-04,0.08609645,63.369064,0.007765711,0.0049604992,0.08812327,0.48342233896255493,0.3252464234828949,35.809837341308594,0.10933210700750351,0.03583202511072159,0.3306540548801422
651,0.38183730840682983,1e-04,0.085988455,63.301994,0.007747064,0.0049495595,0.088017404,0.48200172185897827,0.3241824507713318,35.691837310791016,0.10862865298986435,0.0355767160654068,0.3295886218547821
652,0.3811015188694,1e-04,0.085880674,63.235004,0.0077284714,0.0049386504,0.087911725,0.4805847406387329,0.3231183588504791,35.573814392089844,0.10792741924524307,0.03532247617840767,0.32852309942245483
653,0.3803672790527344,1e-04,0.08577302,63.168106,0.0077099283,0.0049277674,0.087806195,0.4791714549064636,0.3220542371273041,35.4557991027832,0.10722848027944565,0.03506933152675629,0.32745760679244995
654,0.37963443994522095,1e-04,0.085665576,63.101273,0.007691438,0.0049169105,0.087700844,0.4777618646621704,0.3209901750087738,35.3377799987793,0.10653184354305267,0.034817278385162354,0.32639217376708984
655,0.37890303134918213,1e-04,0.0855583,63.034588,0.007673005,0.004906086,0.087595694,0.4763561189174652,0.31992635130882263,35.21978759765625,0.10583766549825668,0.03456637263298035,0.3253270089626312
656,0.3781730830669403,1e-04,0.08545118,62.96796,0.0076546166,0.0048952852,0.08749066,0.47495412826538086,0.3188627362251282,35.1018180847168,0.1051458939909935,0.034316595643758774,0.3242620825767517
657,0.3774445354938507,1e-04,0.08534428,62.90143,0.007636288,0.0048845145,0.087385856,0.4735560417175293,0.3177994191646576,34.983882904052734,0.10445664823055267,0.03406798839569092,0.32319754362106323
658,0.37671738862991333,1e-04,0.08523752,62.834988,0.007618007,0.0048737708,0.0872812,0.4721618890762329,0.31673651933670044,34.865989685058594,0.10376992076635361,0.033820535987615585,0.3221333920955658
659,0.37599170207977295,1e-04,0.085130945,62.768654,0.0075997794,0.0048630545,0.08717671,0.470771461725235,0.31567391753196716,34.74813461303711,0.1030857115983963,0.03357424587011337,0.3210696280002594
660,0.37526735663414,1e-04,0.08502455,62.70242,0.007581604,0.0048523676,0.08707241,0.4693852663040161,0.31461194157600403,34.63034439086914,0.1024041622877121,0.03332916647195816,0.32000648975372314
661,0.37454459071159363,1e-04,0.084918305,62.6363,0.0075634797,0.0048417086,0.086968265,0.4680027961730957,0.31355032324790955,34.51259231567383,0.10172516107559204,0.03308524936437607,0.3189438283443451
662,0.37382304668426514,1e-04,0.08481225,62.570267,0.007545409,0.004831078,0.086864315,0.4666246175765991,0.31248942017555237,34.394920349121094,0.10104888677597046,0.03284256160259247,0.31788188219070435
663,0.37310314178466797,1e-04,0.08470638,62.504314,0.007527388,0.004820473,0.08676052,0.46525028347969055,0.31142908334732056,34.277313232421875,0.10037524998188019,0.032601065933704376,0.31682053208351135
664,0.3723844587802887,1e-04,0.08460069,62.438457,0.00750942,0.0048098965,0.08665691,0.46388015151023865,0.31036949157714844,34.15978240966797,0.09970436245203018,0.03236079961061478,0.3157599866390228
665,0.3716672956943512,1e-04,0.08449516,62.37268,0.0074915024,0.004799347,0.08655347,0.4625140130519867,0.309310644865036,34.042335510253906,0.09903621673583984,0.03212176263332367,0.3147002160549164
666,0.37095141410827637,1e-04,0.084389806,62.307026,0.0074736355,0.0047888244,0.08645019,0.4611521363258362,0.30825257301330566,33.92498016357422,0.09837085008621216,0.03188395872712135,0.3136412799358368
667,0.3702370822429657,1e-04,0.08428463,62.241436,0.0074558207,0.00477833,0.086347096,0.45979437232017517,0.3071955442428589,33.80773162841797,0.09770836681127548,0.031647421419620514,0.31258338689804077
668,0.3695240318775177,1e-04,0.084179625,62.17595,0.0074380543,0.0047678617,0.08624416,0.4584408402442932,0.3061392903327942,33.69057083129883,0.09704865515232086,0.031412117183208466,0.3115263283252716
669,0.36881253123283386,1e-04,0.0840748,62.110573,0.007420341,0.004757421,0.0861414,0.4570915400981903,0.3050841689109802,33.57353973388672,0.09639193117618561,0.03117811679840088,0.31047049164772034
670,0.3681022822856903,1e-04,0.083970144,62.045296,0.007402678,0.0047470103,0.08603882,0.4557464122772217,0.30403009057044983,33.45661163330078,0.09573805332183838,0.030945369973778725,0.30941566824913025
671,0.367393434047699,1e-04,0.08386566,61.980103,0.007385066,0.0047366233,0.085936405,0.454405814409256,0.3029772639274597,33.3398323059082,0.09508723020553589,0.030713936313986778,0.3083621859550476
672,0.366686075925827,1e-04,0.08376134,61.914993,0.007367501,0.004726264,0.085834146,0.4530694782733917,0.3019256591796875,33.223182678222656,0.09443938732147217,0.03048379346728325,0.30730992555618286
673,0.3659800887107849,1e-04,0.08365721,61.85001,0.0073499894,0.004715933,0.08573208,0.45173734426498413,0.3008752465248108,33.106666564941406,0.09379450976848602,0.030254941433668137,0.306258887052536
674,0.3652753531932831,1e-04,0.08355323,61.785137,0.0073325294,0.004705632,0.08563019,0.45040959119796753,0.29982590675354004,32.990272521972656,0.09315256774425507,0.030027354136109352,0.30520907044410706
675,0.364572137594223,1e-04,0.083449446,61.720318,0.0073151174,0.0046953536,0.08552846,0.44908633828163147,0.2987782061100006,32.874046325683594,0.09251382201910019,0.029801124706864357,0.30416086316108704
676,0.3638702630996704,1e-04,0.083345816,61.655617,0.007297755,0.004685104,0.0854269,0.4477674067020416,0.2977317273616791,32.757972717285156,0.09187807142734528,0.02957618236541748,0.3031139671802521
677,0.36316975951194763,1e-04,0.08324238,61.59099,0.0072804433,0.0046748784,0.08532552,0.4464527666568756,0.296686589717865,32.64203643798828,0.09124529361724854,0.029352519661188126,0.3020683526992798
678,0.3624706566333771,1e-04,0.08313913,61.526447,0.0072631813,0.0046646814,0.0852243,0.4451427757740021,0.29564306139945984,32.52627944946289,0.09061576426029205,0.029130220413208008,0.30102452635765076
679,0.36177295446395874,1e-04,0.083036035,61.46199,0.007245967,0.004654509,0.08512325,0.44383713603019714,0.2946011424064636,32.41069793701172,0.08998936414718628,0.028909247368574142,0.2999822795391083
680,0.36107656359672546,1e-04,0.082933106,61.397644,0.0072288034,0.004644363,0.08502237,0.44253599643707275,0.29356083273887634,32.2952995300293,0.08936615288257599,0.028689617291092873,0.2989417314529419
681,0.360381543636322,1e-04,0.082830355,61.3334,0.0072116894,0.004634247,0.084921665,0.4412395656108856,0.2925224304199219,32.18010711669922,0.08874623477458954,0.02847137115895748,0.29790306091308594
682,0.3596879541873932,1e-04,0.08272778,61.269268,0.0071946243,0.0046241577,0.084821135,0.43994760513305664,0.2914857268333435,32.06510543823242,0.08812953531742096,0.028254467993974686,0.29686617851257324
683,0.3589956760406494,1e-04,0.08262535,61.205235,0.007177607,0.004614095,0.08472076,0.4386601448059082,0.29045069217681885,31.95029067993164,0.08751599490642548,0.028038885444402695,0.29583102464675903
684,0.35830479860305786,1e-04,0.082523115,61.141277,0.0071606403,0.0046040565,0.084620565,0.43737730383872986,0.289417564868927,31.835683822631836,0.08690575510263443,0.027824673801660538,0.2947978079319
685,0.35761526226997375,1e-04,0.08242106,61.077427,0.007143721,0.004594045,0.08452053,0.43609899282455444,0.28838634490966797,31.72128677368164,0.08629876375198364,0.02761181816458702,0.29376649856567383
686,0.3569270670413971,1e-04,0.08231917,61.013645,0.0071268524,0.00458406,0.08442069,0.43482524156570435,0.287356972694397,31.60709571838379,0.0856950506567955,0.027400314807891846,0.2927371561527252
687,0.35624024271965027,1e-04,0.08221745,60.949974,0.0071100304,0.004574101,0.084321,0.4335561990737915,0.2863297462463379,31.49313735961914,0.08509471267461777,0.0271901898086071,0.2917099893093109
688,0.3555547297000885,1e-04,0.0821159,60.886387,0.0070932577,0.0045641675,0.08422148,0.432291716337204,0.28530439734458923,31.379398345947266,0.08449763059616089,0.026981424540281296,0.2906847596168518
689,0.35487058758735657,1e-04,0.08201453,60.82289,0.007076532,0.00455426,0.08412213,0.4310320019721985,0.2842814028263092,31.26590919494629,0.08390401303768158,0.026774059981107712,0.28966188430786133
690,0.35418784618377686,1e-04,0.08191332,60.759514,0.0070598554,0.004544381,0.08402295,0.4297769367694855,0.2832605242729187,31.15265464782715,0.08331374078989029,0.02656807377934456,0.28864118456840515
691,0.3535064160823822,1e-04,0.08181228,60.69623,0.007043227,0.004534527,0.083923936,0.42852655053138733,0.2822418510913849,31.039648056030273,0.0827268585562706,0.02636345848441124,0.2876227796077728
692,0.352826327085495,1e-04,0.08171143,60.63305,0.0070266477,0.0045247,0.083825104,0.4272807240486145,0.2812253534793854,30.926876068115234,0.08214329928159714,0.026160210371017456,0.2866065204143524
693,0.35214757919311523,1e-04,0.08161073,60.56992,0.007010114,0.004514896,0.08372642,0.4260396361351013,0.28021103143692017,30.814355850219727,0.08156310766935349,0.025958314538002014,0.28559255599975586
694,0.35147014260292053,1e-04,0.08151022,60.506897,0.0069936286,0.004505118,0.08362792,0.42480331659317017,0.27919918298721313,30.702098846435547,0.080986388027668,0.02575782500207424,0.2845810651779175
695,0.35079410672187805,1e-04,0.081409864,60.443993,0.0069771907,0.0044953674,0.08352958,0.42357155680656433,0.2781895697116852,30.5900936126709,0.08041302114725113,0.025558698922395706,0.28357189893722534
696,0.35011935234069824,1e-04,0.08130968,60.38116,0.006960799,0.0044856416,0.0834314,0.4223443865776062,0.2771826386451721,30.478389739990234,0.07984322309494019,0.025360992178320885,0.2825654447078705
697,0.3494455814361572,1e-04,0.081209645,60.318405,0.00694445,0.004475938,0.083333366,0.42112213373184204,0.2761780619621277,30.366939544677734,0.07927680015563965,0.025164645165205002,0.28156137466430664
698,0.3487734794616699,1e-04,0.08110978,60.255775,0.006928153,0.0044662645,0.083235525,0.4199047088623047,0.27517613768577576,30.255786895751953,0.07871390879154205,0.024969706311821938,0.2805599868297577
699,0.34810271859169006,1e-04,0.08101012,60.193233,0.0069119036,0.004456615,0.08313786,0.41869205236434937,0.2741767168045044,30.144908905029297,0.07815445959568024,0.024776147678494453,0.27956119179725647
700,0.34743332862854004,1e-04,0.08091061,60.130817,0.0068957014,0.004446994,0.08304036,0.41748398542404175,0.27317970991134644,30.034305572509766,0.07759837806224823,0.024583930149674416,0.27856484055519104
701,0.3467651605606079,1e-04,0.0808113,60.068462,0.0068795476,0.0044373977,0.08294304,0.4162808954715729,0.27218571305274963,29.924022674560547,0.07704593986272812,0.024393156170845032,0.27757149934768677
702,0.346098393201828,1e-04,0.08071213,60.0062,0.0068634376,0.0044278232,0.08284587,0.4150824546813965,0.2711942195892334,29.81402015686035,0.0764969140291214,0.02420373074710369,0.2765807509422302
703,0.34543293714523315,1e-04,0.08061315,59.944054,0.006847379,0.004418279,0.08274889,0.4138889014720917,0.2702055275440216,29.704336166381836,0.07595141232013702,0.024015704169869423,0.2755928337574005
704,0.34476882219314575,1e-04,0.08051433,59.881977,0.0068313605,0.0044087567,0.08265205,0.41270002722740173,0.2692197263240814,29.5949649810791,0.07540950179100037,0.023829083889722824,0.27460789680480957
705,0.34410592913627625,1e-04,0.08041567,59.82003,0.006815393,0.004399262,0.08255539,0.41151612997055054,0.2682368755340576,29.485925674438477,0.07487116754055023,0.023643875494599342,0.2736259698867798
706,0.34344443678855896,1e-04,0.08031719,59.75816,0.006799471,0.004389793,0.082458906,0.41033676266670227,0.26725664734840393,29.37717056274414,0.07433617860078812,0.023459985852241516,0.27264660596847534
707,0.34278416633605957,1e-04,0.080218874,59.696365,0.006783592,0.0043803463,0.08236256,0.4091621935367584,0.2662792503833771,29.268733978271484,0.07380469143390656,0.023277457803487778,0.2716701924800873
708,0.34212526679039,1e-04,0.08012073,59.634663,0.0067677596,0.0043709236,0.08226639,0.40799251198768616,0.2653049826622009,29.160640716552734,0.07327684760093689,0.023096352815628052,0.2706969678401947
709,0.34146764874458313,1e-04,0.08002277,59.573093,0.0067519774,0.0043615303,0.08217042,0.4068276286125183,0.2643337845802307,29.05289077758789,0.07275255024433136,0.022916635498404503,0.26972681283950806
710,0.3408113121986389,1e-04,0.079924956,59.511593,0.0067362385,0.00435216,0.08207459,0.4056674838066101,0.2633654475212097,28.945459365844727,0.072231724858284,0.022738266736268997,0.2687596082687378
711,0.34015631675720215,1e-04,0.07982734,59.45018,0.0067205457,0.0043428144,0.08197893,0.4045121669769287,0.26240023970603943,28.8383731842041,0.07171445339918137,0.022561272606253624,0.26779553294181824
712,0.33950260281562805,1e-04,0.07972987,59.38884,0.006704896,0.0043334914,0.08188343,0.4033616781234741,0.26143836975097656,28.731653213500977,0.07120084017515182,0.022385690361261368,0.2668348550796509
713,0.33885014057159424,1e-04,0.079632565,59.327656,0.0066892942,0.004324198,0.08178811,0.4022158682346344,0.2604794502258301,28.62526512145996,0.07069067656993866,0.02221144549548626,0.2658771872520447
714,0.3381989598274231,1e-04,0.07953545,59.266525,0.006673736,0.0043149274,0.081692934,0.4010750651359558,0.2595238983631134,28.519245147705078,0.0701841413974762,0.022038599476218224,0.2649228870868683
715,0.3375491499900818,1e-04,0.07943848,59.205498,0.0066582235,0.0043056807,0.08159794,0.3999388515949249,0.2585713267326355,28.413555145263672,0.06968102604150772,0.021867072209715843,0.26397162675857544
716,0.33690059185028076,1e-04,0.079341665,59.144573,0.0066427556,0.0042964583,0.0815031,0.39880746603012085,0.2576221525669098,28.308246612548828,0.06918154656887054,0.02169693447649479,0.26302385330200195
717,0.33625328540802,1e-04,0.07924506,59.083733,0.0066273357,0.0042872624,0.08140845,0.39768096804618835,0.25667625665664673,28.20330238342285,0.0686856061220169,0.021528152748942375,0.2620793879032135
718,0.3356073200702667,1e-04,0.07914858,59.022984,0.0066119554,0.004278089,0.08131393,0.39655908942222595,0.25573357939720154,28.098712921142578,0.06819313764572144,0.02136070467531681,0.2611381709575653
719,0.3349625766277313,1e-04,0.0790523,58.96235,0.0065966244,0.004268942,0.081219606,0.3954419195652008,0.25479406118392944,27.99446678161621,0.06770410388708115,0.021194566041231155,0.2602001130580902
720,0.334319144487381,1e-04,0.078956164,58.90177,0.006581334,0.0042598164,0.08112542,0.39432960748672485,0.25385814905166626,27.890628814697266,0.06721871346235275,0.021029818803071976,0.2592657208442688
721,0.3336769938468933,1e-04,0.078860216,58.84131,0.0065660905,0.0042507183,0.08103142,0.39322203397750854,0.2529256343841553,27.78716468811035,0.0667368620634079,0.020866408944129944,0.25833478569984436
722,0.3330360949039459,1e-04,0.07876443,58.780952,0.0065508923,0.0042416444,0.08093758,0.39211925864219666,0.2519965171813965,27.6840763092041,0.06625852733850479,0.020704325288534164,0.2574073076248169
723,0.3323964774608612,1e-04,0.0786688,58.72068,0.006535737,0.004232594,0.0808439,0.3910212218761444,0.251071035861969,27.581390380859375,0.06578376144170761,0.020543605089187622,0.2564834654331207
724,0.3317581117153168,1e-04,0.078573346,58.660503,0.0065206266,0.004223568,0.0807504,0.3899278938770294,0.2501489222049713,27.479084014892578,0.0653124675154686,0.02038419619202614,0.25556305050849915
725,0.3311209976673126,1e-04,0.07847806,58.60041,0.0065055587,0.0042145657,0.08065704,0.38883933424949646,0.2492303103208542,27.377161026000977,0.06484468281269073,0.02022610418498516,0.2546461820602417
726,0.33048519492149353,1e-04,0.07838293,58.540424,0.006490535,0.004205588,0.08056386,0.38775554299354553,0.24831537902355194,27.275644302368164,0.06438044458627701,0.02006934955716133,0.2537330090999603
727,0.3298506438732147,1e-04,0.078287974,58.480515,0.006475555,0.004196633,0.08047083,0.3866764307022095,0.24740394949913025,27.174518585205078,0.06391970068216324,0.01991390623152256,0.25282347202301025
728,0.3292173445224762,1e-04,0.07819319,58.42073,0.00646062,0.004187704,0.08037798,0.385601669549942,0.2464960813522339,27.07378578186035,0.06346238404512405,0.01975974068045616,0.25191742181777954
729,0.3285849988460541,1e-04,0.07809853,58.36098,0.00644572,0.0041787927,0.08028524,0.38453200459480286,0.24559202790260315,26.973480224609375,0.06300865113735199,0.019606931135058403,0.25101524591445923
730,0.3279542028903961,1e-04,0.07800407,58.301376,0.006430872,0.0041699125,0.080192715,0.3834668695926666,0.2446913719177246,26.873546600341797,0.06255827844142914,0.019455373287200928,0.2501165270805359
731,0.32732465863227844,1e-04,0.07790978,58.24182,0.0064160656,0.004161052,0.08010035,0.38240647315979004,0.24379459023475647,26.774044036865234,0.06211145967245102,0.019305136054754257,0.24922171235084534
732,0.32669633626937866,1e-04,0.077815644,58.182407,0.0064013028,0.004152219,0.08000814,0.3813508450984955,0.2429015189409256,26.67495346069336,0.06166810914874077,0.019156187772750854,0.24833063781261444
733,0.32606932520866394,1e-04,0.077721685,58.123062,0.006386583,0.0041434076,0.079916105,0.38029971718788147,0.24201202392578125,26.576263427734375,0.06122814491391182,0.01900850608944893,0.24744321405887604
734,0.32544347643852234,1e-04,0.0776279,58.063828,0.006371908,0.004134621,0.07982423,0.3792533278465271,0.24112644791603088,26.478002548217773,0.060791682451963425,0.01886211708188057,0.24655969440937042
735,0.3248189389705658,1e-04,0.077534266,58.004665,0.0063572726,0.0041258573,0.07973251,0.37821152806282043,0.2402445375919342,26.380151748657227,0.06035860627889633,0.018716983497142792,0.24567988514900208
736,0.32419559359550476,1e-04,0.07744078,57.945602,0.0063426793,0.004117116,0.07964094,0.37717416882514954,0.23936648666858673,26.282726287841797,0.059929002076387405,0.018573133274912834,0.2448040097951889
737,0.3235732614994049,1e-04,0.07734745,57.886623,0.0063281264,0.004108397,0.07954952,0.3761416971683502,0.23849233984947205,26.185739517211914,0.05950284004211426,0.018430551514029503,0.24393203854560852
738,0.3229524791240692,1e-04,0.07725431,57.827763,0.00631362,0.0040997043,0.07945829,0.3751136362552643,0.23762185871601105,26.089153289794922,0.05907999351620674,0.018289195373654366,0.2430637627840042
739,0.32233279943466187,1e-04,0.07716135,57.768986,0.00629916,0.004091036,0.07936725,0.37409040331840515,0.23675541579723358,25.993017196655273,0.058660637587308884,0.01814911887049675,0.2421995848417282
740,0.32171452045440674,1e-04,0.07706855,57.710308,0.006284738,0.0040823896,0.07927634,0.3730715215206146,0.235892653465271,25.897289276123047,0.05824456363916397,0.018010249361395836,0.24133910238742828
741,0.3210972845554352,1e-04,0.0769759,57.651714,0.006270357,0.004073766,0.07918558,0.37205734848976135,0.23503394424915314,25.802011489868164,0.057831935584545135,0.0178726427257061,0.24048271775245667
742,0.32048144936561584,1e-04,0.07688341,57.593224,0.006256019,0.0040651676,0.079095,0.3710476756095886,0.2341790646314621,25.7071590423584,0.05742262676358223,0.017736252397298813,0.23963019251823425
743,0.31986677646636963,1e-04,0.07679111,57.53485,0.006241728,0.0040565934,0.07900461,0.37004244327545166,0.23332813382148743,25.612743377685547,0.057016659528017044,0.01760108768939972,0.2387816160917282
744,0.31925323605537415,1e-04,0.07669897,57.47652,0.0062274737,0.00404804,0.078914344,0.3690418303012848,0.23248115181922913,25.518768310546875,0.056614041328430176,0.017467137426137924,0.2379370480775833
745,0.3186410367488861,1e-04,0.076606974,57.418297,0.0062132627,0.004039508,0.07882425,0.3680456578731537,0.23163804411888123,25.425222396850586,0.05621470883488655,0.017334386706352234,0.2370964139699936
746,0.3180300295352936,1e-04,0.07651515,57.360172,0.0061990926,0.004031002,0.078734316,0.36705395579338074,0.23079895973205566,25.332120895385742,0.05581868439912796,0.01720283553004265,0.23625978827476501
747,0.31742024421691895,1e-04,0.076423496,57.302143,0.0061849644,0.004022518,0.078644544,0.36606672406196594,0.22996386885643005,25.239465713500977,0.055425964295864105,0.017072483897209167,0.23542720079421997
748,0.3168116509914398,1e-04,0.07633202,57.2442,0.0061708773,0.004014057,0.07855493,0.3650839924812317,0.22913286089897156,25.147260665893555,0.05503654479980469,0.01694333180785179,0.23459869623184204
749,0.3162042498588562,1e-04,0.076240666,57.18634,0.00615683,0.0040056175,0.07846547,0.3641056418418884,0.22830578684806824,25.055492401123047,0.054650358855724335,0.01681535318493843,0.23377415537834167
750,0.31559813022613525,1e-04,0.076149486,57.128597,0.0061428254,0.0039972025,0.07837618,0.36313167214393616,0.22748270630836487,24.964168548583984,0.05426740646362305,0.016688544303178787,0.23295365273952484
751,0.31499314308166504,1e-04,0.0760585,57.07097,0.0061288653,0.0039888127,0.07828707,0.36216214299201965,0.22666358947753906,24.873287200927734,0.053887657821178436,0.01656288653612137,0.23213715851306915
752,0.3143894076347351,1e-04,0.07596765,57.013386,0.0061149406,0.003980441,0.07819808,0.36119696497917175,0.22584867477416992,24.782867431640625,0.05351119115948677,0.01643841341137886,0.23132486641407013
753,0.3137868344783783,1e-04,0.075876966,56.955914,0.0061010593,0.0039720945,0.07810928,0.3602362275123596,0.22503776848316193,24.69289207458496,0.053137898445129395,0.01631508208811283,0.23051659762859344
754,0.31318554282188416,1e-04,0.075786464,56.89856,0.006087221,0.003963772,0.07802065,0.3592798113822937,0.2242310494184494,24.6033878326416,0.052767861634492874,0.01619291678071022,0.2297125607728958
755,0.31258538365364075,1e-04,0.075696096,56.841263,0.0060734195,0.003955469,0.07793215,0.358327716588974,0.22342820465564728,24.51430892944336,0.05240088701248169,0.016071854159235954,0.22891239821910858
756,0.3119864761829376,1e-04,0.0756059,56.784073,0.006059659,0.0039471905,0.077843815,0.3573799133300781,0.22262954711914062,24.42569923400879,0.052037131041288376,0.015951942652463913,0.2281164824962616
757,0.3113887310028076,1e-04,0.075515874,56.72699,0.0060459417,0.003938935,0.07775565,0.3564364016056061,0.22183504700660706,24.33754539489746,0.05167652294039726,0.015833161771297455,0.2273247092962265
758,0.3107921779155731,1e-04,0.075426,56.669975,0.0060322625,0.0039306995,0.07766764,0.3554971218109131,0.22104451060295105,24.24983787536621,0.05131899192929268,0.015715481713414192,0.22653695940971375
759,0.31019675731658936,1e-04,0.0753363,56.613075,0.0060186256,0.0039224895,0.077579804,0.3545621335506439,0.22025808691978455,24.162580490112305,0.050964564085006714,0.015598898753523827,0.2257533222436905
760,0.3096025884151459,1e-04,0.07524674,56.55622,0.006005023,0.003914297,0.07749209,0.35363146662712097,0.2194761037826538,24.075820922851562,0.05061335489153862,0.015483471564948559,0.224974125623703
761,0.3090095520019531,1e-04,0.07515735,56.499508,0.0059914645,0.0039061306,0.07740455,0.3527049124240875,0.21869805455207825,23.9894962310791,0.05026514455676079,0.015369097702205181,0.22419889271259308
762,0.30841773748397827,1e-04,0.07506813,56.442867,0.005977947,0.003897986,0.077317186,0.35178259015083313,0.2179240733385086,23.90362548828125,0.0499199703335762,0.015255814418196678,0.22342777252197266
763,0.30782708525657654,1e-04,0.07497907,56.386333,0.0059644682,0.0038898624,0.07722997,0.35086455941200256,0.21715441346168518,23.8182315826416,0.049577899277210236,0.015143631026148796,0.22266095876693726
764,0.3072376847267151,1e-04,0.07489017,56.329857,0.005951028,0.0038817613,0.0771429,0.3499505817890167,0.21638885140419006,23.733295440673828,0.04923885315656662,0.015032514929771423,0.22189828753471375
765,0.306649386882782,1e-04,0.07480142,56.273518,0.005937629,0.0038736844,0.07705601,0.34904080629348755,0.21562734246253967,23.648807525634766,0.04890275001525879,0.01492244005203247,0.22113965451717377
766,0.3060623109340668,1e-04,0.074712835,56.217247,0.0059242677,0.0038656269,0.076969266,0.3481350839138031,0.21487000584602356,23.564783096313477,0.048569656908512115,0.014813432469964027,0.22038525342941284
767,0.3054763674736023,1e-04,0.07462442,56.161068,0.0059109475,0.0038575926,0.07688268,0.34723350405693054,0.21411681175231934,23.481218338012695,0.04823950678110123,0.014705461449921131,0.21963493525981903
768,0.3048916459083557,1e-04,0.07453615,56.105,0.0058976654,0.0038495797,0.076796256,0.34633588790893555,0.21336761116981506,23.398096084594727,0.04791225120425224,0.014598513022065163,0.21888867020606995
769,0.30430805683135986,1e-04,0.07444804,56.048977,0.0058844197,0.0038415866,0.07670997,0.34544241428375244,0.212622731924057,23.315458297729492,0.04758799821138382,0.014492625370621681,0.21814674139022827
770,0.30372563004493713,1e-04,0.074360125,55.993095,0.0058712205,0.00383362,0.07662389,0.3445529341697693,0.2118818759918213,23.233264923095703,0.04726659506559372,0.014387737028300762,0.21740882098674774
771,0.3031443953514099,1e-04,0.07427235,55.937275,0.0058580544,0.003825671,0.07653793,0.3436676263809204,0.2111453115940094,23.151546478271484,0.04694817215204239,0.014283888041973114,0.216675266623497
772,0.3025643229484558,1e-04,0.07418473,55.881557,0.005844929,0.0038177446,0.076452136,0.3427862524986267,0.21041297912597656,23.070302963256836,0.046632640063762665,0.014181052334606647,0.21594591438770294
773,0.3019854426383972,1e-04,0.074097246,55.825935,0.00583184,0.0038098416,0.076366484,0.34190887212753296,0.20968487858772278,22.989526748657227,0.04631999135017395,0.014079228043556213,0.21522079408168793
774,0.3014076352119446,1e-04,0.07400995,55.77044,0.0058187926,0.0038019603,0.07628101,0.3410354554653168,0.2089608907699585,22.909210205078125,0.04601015895605087,0.013978391885757446,0.21449978649616241
775,0.3008310794830322,1e-04,0.07392277,55.714985,0.0058057797,0.003794098,0.076195665,0.3401659429073334,0.2082410305738449,22.829349517822266,0.04570316523313522,0.013878541998565197,0.21378298103809357
776,0.30025556683540344,1e-04,0.07383581,55.65966,0.005792811,0.0037862612,0.07611052,0.33930033445358276,0.2075253427028656,22.749950408935547,0.04539894312620163,0.013779665343463421,0.21307027339935303
777,0.29968127608299255,1e-04,0.07374897,55.604404,0.005779877,0.003778444,0.0760255,0.33843863010406494,0.20681366324424744,22.67099952697754,0.045097462832927704,0.0136817442253232,0.2123616337776184
778,0.2991081178188324,1e-04,0.07366231,55.549232,0.005766982,0.0037706457,0.075940646,0.33758074045181274,0.20610614120960236,22.592510223388672,0.04479874297976494,0.013584780506789684,0.21165713667869568
779,0.29853612184524536,1e-04,0.07357581,55.494164,0.005754124,0.0037628708,0.07585594,0.33672675490379333,0.20540280640125275,22.514484405517578,0.04450277239084244,0.013488775119185448,0.21095679700374603
780,0.29796531796455383,1e-04,0.07348946,55.439167,0.005741305,0.003755117,0.0757714,0.3358766734600067,0.20470371842384338,22.436931610107422,0.04420958831906319,0.013393732719123363,0.2102607637643814
781,0.29739558696746826,1e-04,0.073403254,55.38428,0.005728523,0.0037473836,0.075687006,0.33503037691116333,0.2040088176727295,22.359844207763672,0.04391913115978241,0.013299638405442238,0.20956891775131226
782,0.2968270480632782,1e-04,0.073317245,55.329475,0.005715781,0.0037396727,0.075602785,0.3341878056526184,0.20331792533397675,22.283205032348633,0.04363129660487175,0.013206452131271362,0.20888106524944305
783,0.2962595820426941,1e-04,0.073231354,55.274773,0.005703074,0.0037319825,0.0755187,0.3333491086959839,0.20263123512268066,22.207027435302734,0.043346159160137177,0.013114201836287975,0.20819739997386932
784,0.29569336771965027,1e-04,0.073145635,55.22015,0.005690404,0.0037243122,0.07543477,0.33251407742500305,0.20194873213768005,22.13132095336914,0.043063707649707794,0.013022879138588905,0.20751796662807465
785,0.29512813687324524,1e-04,0.07306008,55.16563,0.0056777745,0.0037166649,0.07535101,0.33168280124664307,0.20127029716968536,22.056062698364258,0.04278384894132614,0.012932449579238892,0.2068425714969635
786,0.2945641577243805,1e-04,0.07297466,55.1112,0.0056651803,0.0037090373,0.07526739,0.33085519075393677,0.2005959004163742,21.981252670288086,0.042506564408540726,0.012842906638979912,0.2061711996793747
787,0.2940012216567993,1e-04,0.0728894,55.05686,0.0056526223,0.0037014303,0.07518392,0.3300313353538513,0.19992581009864807,21.906925201416016,0.0422319695353508,0.0127542894333601,0.2055041790008545
788,0.29343944787979126,1e-04,0.07280431,55.00261,0.0056401035,0.0036938447,0.07510062,0.32921117544174194,0.19925972819328308,21.83304214477539,0.041959889233112335,0.01266653835773468,0.20484113693237305
789,0.2928788959980011,1e-04,0.07271938,54.948463,0.005627623,0.0036862823,0.07501748,0.32839471101760864,0.19859805703163147,21.759645462036133,0.04169049113988876,0.01257970929145813,0.2041824907064438
790,0.2923193871974945,1e-04,0.07263461,54.894417,0.005615179,0.00367874,0.0749345,0.3275817036628723,0.19794009625911713,21.68666648864746,0.04142347723245621,0.012493697926402092,0.20352758467197418
791,0.29176098108291626,1e-04,0.07254999,54.840435,0.005602772,0.003671218,0.07485167,0.32677239179611206,0.19728656113147736,21.61417579650879,0.04115910455584526,0.01240859366953373,0.20287707448005676
792,0.29120370745658875,1e-04,0.07246553,54.78656,0.005590399,0.0036637152,0.07476897,0.32596662640571594,0.1966368407011032,21.542110443115234,0.040897127240896225,0.012324308045208454,0.20223037898540497
793,0.29064756631851196,1e-04,0.072381206,54.732742,0.005578061,0.0036562318,0.074686415,0.3251643776893616,0.19599123299121857,21.470502853393555,0.040637630969285965,0.012240876443684101,0.20158778131008148
794,0.2900925278663635,1e-04,0.07229705,54.67904,0.0055657635,0.0036487712,0.07460404,0.3243657350540161,0.19534966349601746,21.39934539794922,0.04038058966398239,0.012158277444541454,0.20094922184944153
795,0.2895386517047882,1e-04,0.07221305,54.625427,0.0055535,0.00364133,0.07452181,0.3235706090927124,0.19471220672130585,21.328643798828125,0.0401260070502758,0.012076521292328835,0.20031477510929108
796,0.28898584842681885,1e-04,0.072129205,54.5719,0.005541275,0.0036339106,0.07443974,0.3227788805961609,0.19407865405082703,21.25837516784668,0.03987378999590874,0.011995570734143257,0.1996842324733734
797,0.2884341776371002,1e-04,0.07204553,54.518456,0.005529085,0.0036265114,0.074357815,0.3219907879829407,0.19344951212406158,21.1885986328125,0.039624106138944626,0.011915484443306923,0.19905804097652435
798,0.28788360953330994,1e-04,0.07196201,54.465134,0.0055169333,0.0036191328,0.07427606,0.3212060034275055,0.19282405078411102,21.119230270385742,0.03937667980790138,0.011836165562272072,0.19843557476997375
799,0.2873341739177704,1e-04,0.07187863,54.411873,0.005504817,0.0036117737,0.07419445,0.32042479515075684,0.19220291078090668,21.050342559814453,0.03913172706961632,0.011757686734199524,0.19781741499900818
800,0.2867857813835144,1e-04,0.0717954,54.35871,0.005492734,0.003604435,0.07411298,0.3196468651294708,0.19158565998077393,20.981887817382812,0.038889069110155106,0.011679986491799355,0.1972031146287918
801,0.28623849153518677,1e-04,0.07171235,54.30568,0.0054806923,0.0035971203,0.074031696,0.31887245178222656,0.19097252190113068,20.913890838623047,0.03864876553416252,0.011603087186813354,0.19659289717674255
802,0.28569236397743225,1e-04,0.07162942,54.252686,0.005468679,0.0035898203,0.07395052,0.31810131669044495,0.19036324322223663,20.846323013305664,0.0384107306599617,0.011526955291628838,0.1959865540266037
803,0.2851472795009613,1e-04,0.071546644,54.199802,0.005456704,0.003582543,0.07386951,0.3173336088657379,0.1897580921649933,20.779211044311523,0.03817502409219742,0.011451611295342445,0.19538429379463196
804,0.2846033275127411,1e-04,0.07146406,54.147007,0.005444767,0.0035752857,0.073788665,0.31656917929649353,0.18915677070617676,20.7125301361084,0.037941545248031616,0.011377023532986641,0.19478589296340942
805,0.2840605080127716,1e-04,0.07138161,54.094315,0.0054328656,0.00356805,0.073707975,0.31580793857574463,0.18855933845043182,20.646278381347656,0.0377102792263031,0.011303181760013103,0.1941913515329361
806,0.2835186719894409,1e-04,0.07129931,54.04168,0.0054209945,0.0035608301,0.073627405,0.3150501251220703,0.18796588480472565,20.58047103881836,0.03748125210404396,0.011230100877583027,0.19360075891017914
807,0.2829780578613281,1e-04,0.071217194,53.989136,0.0054091658,0.003553633,0.07354703,0.3142955005168915,0.18737630546092987,20.515094757080078,0.037254415452480316,0.011157756671309471,0.1930140256881714
808,0.2824384272098541,1e-04,0.07113518,53.9367,0.005397365,0.0035464535,0.07346676,0.31354421377182007,0.18679089844226837,20.450178146362305,0.037029869854450226,0.011086178943514824,0.1924314647912979
809,0.28189992904663086,1e-04,0.07105335,53.884342,0.005385603,0.0035392956,0.07338667,0.31279608607292175,0.18620923161506653,20.385683059692383,0.03680742159485817,0.011015312746167183,0.1918525993824005
810,0.28136253356933594,1e-04,0.07097166,53.832096,0.0053738756,0.0035321587,0.073306724,0.3120512068271637,0.18563158810138702,20.321630477905273,0.0365871861577034,0.01094518881291151,0.19127777218818665
811,0.280826210975647,1e-04,0.070890136,53.779934,0.0053621833,0.0035250406,0.07322693,0.31130948662757874,0.18505781888961792,20.258014678955078,0.036369066685438156,0.01087577361613512,0.1907067596912384
812,0.2802909314632416,1e-04,0.07080876,53.727848,0.005350525,0.003517941,0.07314728,0.31057095527648926,0.18448789417743683,20.194822311401367,0.03615306317806244,0.010807076469063759,0.19013959169387817
813,0.2797567844390869,1e-04,0.070727535,53.67587,0.005338902,0.003510863,0.07306779,0.3098355531692505,0.18392187356948853,20.132068634033203,0.03593917191028595,0.010739082470536232,0.18957629799842834
814,0.2792237102985382,1e-04,0.07064647,53.623997,0.0053273165,0.003503806,0.072988465,0.30910325050354004,0.18335968255996704,20.06973648071289,0.035727351903915405,0.010671782307326794,0.18901680409908295
815,0.2786916494369507,1e-04,0.07056554,53.572186,0.00531576,0.0034967659,0.07290926,0.3083741068840027,0.1828012764453888,20.007823944091797,0.03551758453249931,0.010605174116790295,0.1884610950946808
816,0.2781607508659363,1e-04,0.07048479,53.520466,0.005304242,0.0034897465,0.07283023,0.3076479136943817,0.18224669992923737,19.94634437561035,0.03530986234545708,0.010539245791733265,0.18790918588638306
817,0.2776308059692383,1e-04,0.07040416,53.468815,0.0052927537,0.0034827439,0.07275131,0.30692481994628906,0.18169578909873962,19.88526725769043,0.03510411083698273,0.010473975911736488,0.18736091256141663
818,0.2771020233631134,1e-04,0.0703237,53.41727,0.005281304,0.003475763,0.07267258,0.3062048852443695,0.18114891648292542,19.824642181396484,0.0349004752933979,0.010409414768218994,0.18681669235229492
819,0.2765742838382721,1e-04,0.070243396,53.365826,0.0052698874,0.0034688015,0.07259399,0.30548787117004395,0.18060576915740967,19.76443099975586,0.034698788076639175,0.010345499962568283,0.18627610802650452
820,0.27604758739471436,1e-04,0.07016323,53.314472,0.005258504,0.003461859,0.07251554,0.30477389693260193,0.1800662726163864,19.70462417602539,0.034499041736125946,0.010282233357429504,0.1857391744852066
821,0.27552202343940735,1e-04,0.070083216,53.2632,0.005247154,0.0034549357,0.07243724,0.30406293272972107,0.17953072488307953,19.6452579498291,0.03430132567882538,0.01021964568644762,0.18520617485046387
822,0.27499744296073914,1e-04,0.07000335,53.21201,0.005235838,0.0034480318,0.07235909,0.3033548891544342,0.17899872362613678,19.586284637451172,0.03410547971725464,0.010157679207623005,0.18467669188976288
823,0.2744739353656769,1e-04,0.06992365,53.160923,0.0052245567,0.003441147,0.07228109,0.3026497960090637,0.17847049236297607,19.52773666381836,0.0339115634560585,0.010096353478729725,0.18415091931819916
824,0.27395153045654297,1e-04,0.0698441,53.109917,0.005213308,0.0034342816,0.07220324,0.30194762349128723,0.1779460459947586,19.469602584838867,0.03371958062052727,0.010035674087703228,0.18362891674041748
825,0.27343013882637024,1e-04,0.06976468,53.059017,0.0052020946,0.003427436,0.07212555,0.3012484610080719,0.17742536962032318,19.411893844604492,0.03352952003479004,0.009975625202059746,0.18311068415641785
826,0.27290984988212585,1e-04,0.06968543,53.00817,0.0051909112,0.0034206077,0.07204798,0.30055204033851624,0.1769081950187683,19.354572296142578,0.03334125131368637,0.00991617888212204,0.1825958639383316
827,0.27239057421684265,1e-04,0.069606334,52.957443,0.0051797656,0.0034138002,0.07197059,0.29985857009887695,0.1763947308063507,19.297664642333984,0.033154867589473724,0.009857353754341602,0.18208478391170502
828,0.2718723714351654,1e-04,0.06952737,52.906784,0.00516865,0.00340701,0.07189332,0.29916784167289734,0.17588472366333008,19.241138458251953,0.03297024220228195,0.009799106046557426,0.18157710134983063
829,0.27135518193244934,1e-04,0.06944857,52.85621,0.005157568,0.0034002387,0.07181621,0.2984800636768341,0.17537850141525269,19.18503761291504,0.0327875018119812,0.00974148791283369,0.18107318878173828
830,0.27083906531333923,1e-04,0.069369905,52.80574,0.0051465193,0.0033934864,0.07173924,0.2977950870990753,0.17487603425979614,19.129352569580078,0.03260659798979759,0.009684471413493156,0.180572971701622
831,0.2703240215778351,1e-04,0.06929141,52.755356,0.005135506,0.0033867545,0.07166244,0.2971128821372986,0.17437709867954254,19.074060440063477,0.032427456229925156,0.009628044441342354,0.1800762563943863
832,0.2698099613189697,1e-04,0.06921305,52.705074,0.0051245224,0.0033800406,0.07158577,0.2964334785938263,0.17388170957565308,19.019163131713867,0.03225008398294449,0.009572193957865238,0.1795830875635147
833,0.26929694414138794,1e-04,0.06913484,52.654865,0.0051135723,0.0033733456,0.07150925,0.29575681686401367,0.17339006066322327,18.96468734741211,0.03207451105117798,0.009516941383481026,0.17909358441829681
834,0.2687849700450897,1e-04,0.069056764,52.60475,0.005102654,0.0033666692,0.071432866,0.2950829565525055,0.17290183901786804,18.910585403442383,0.03190063312649727,0.009462245739996433,0.17860747873783112
835,0.26827409863471985,1e-04,0.06897886,52.554733,0.0050917715,0.0033600123,0.07135665,0.29441171884536743,0.1724170595407486,18.856868743896484,0.03172844275832176,0.00940810889005661,0.17812480032444
836,0.26776421070098877,1e-04,0.06890111,52.5048,0.00508092,0.0033533731,0.07128058,0.29374319314956665,0.17193588614463806,18.80355453491211,0.03155798465013504,0.009354536421597004,0.17764566838741302
837,0.2672553062438965,1e-04,0.06882347,52.45493,0.0050700973,0.0033467507,0.07120462,0.29307737946510315,0.17145811021327972,18.750621795654297,0.031389180570840836,0.009301512502133846,0.17716991901397705
838,0.26674750447273254,1e-04,0.068746015,52.40516,0.005059311,0.0033401484,0.07112884,0.292414128780365,0.17098359763622284,18.69804573059082,0.03122198022902012,0.009249011985957623,0.17669743299484253
839,0.2662407159805298,1e-04,0.06866871,52.35547,0.005048556,0.0033335625,0.07105319,0.2917535603046417,0.17051266133785248,18.645872116088867,0.03105645440518856,0.009197063744068146,0.17622841894626617
840,0.2657349407672882,1e-04,0.06859155,52.305866,0.0050378325,0.0033269967,0.07097769,0.2910957336425781,0.1700453758239746,18.59410285949707,0.030892645940184593,0.009145679883658886,0.17576304078102112
841,0.2652302086353302,1e-04,0.06851452,52.256355,0.005027141,0.0033204493,0.07090233,0.2904403805732727,0.16958139836788177,18.54270362854004,0.030730411410331726,0.009094810113310814,0.17530091106891632
842,0.264726459980011,1e-04,0.06843764,52.206955,0.0050164815,0.0033139198,0.07082713,0.28978779911994934,0.1691209375858307,18.491695404052734,0.03056982532143593,0.009044477716088295,0.17484228312969208
843,0.2642238140106201,1e-04,0.06836091,52.15762,0.0050058546,0.0033074096,0.07075206,0.28913766145706177,0.1686639040708542,18.441070556640625,0.03041083738207817,0.00899467058479786,0.17438703775405884
844,0.26372209191322327,1e-04,0.06828432,52.108414,0.00499526,0.00330092,0.070677154,0.2884901762008667,0.16821029782295227,18.390825271606445,0.030253443866968155,0.008945384994149208,0.1739351749420166
845,0.2632214426994324,1e-04,0.06820788,52.05926,0.004984696,0.003294445,0.07060238,0.2878451645374298,0.16775979101657867,18.340923309326172,0.030097518116235733,0.008896581828594208,0.1734863668680191
846,0.26272183656692505,1e-04,0.068131596,52.01022,0.0049741645,0.0032879906,0.070527755,0.2872026264667511,0.16731268167495728,18.29140281677246,0.029943162575364113,0.008848288096487522,0.17304092645645142
847,0.26222312450408936,1e-04,0.06805544,51.961224,0.0049636615,0.00328155,0.07045326,0.2865626811981201,0.16686883568763733,18.242244720458984,0.029790306463837624,0.008800482377409935,0.1725986897945404
848,0.2617255747318268,1e-04,0.067979455,51.9123,0.004953191,0.0032751278,0.070378914,0.28592512011528015,0.16642826795578003,18.193452835083008,0.029638970270752907,0.008753176778554916,0.17215971648693085
849,0.26122891902923584,1e-04,0.067903616,51.863503,0.0049427543,0.0032687257,0.07030472,0.2852901220321655,0.16599103808403015,18.145030975341797,0.02948913909494877,0.008706360124051571,0.17172402143478394
850,0.26073333621025085,1e-04,0.06782792,51.81478,0.004932347,0.003262341,0.07023067,0.2846575975418091,0.16555717587471008,18.096986770629883,0.029340827837586403,0.00866003893315792,0.17129164934158325
851,0.26023873686790466,1e-04,0.067752354,51.766155,0.004921971,0.003255975,0.07015676,0.2840275168418884,0.16512668132781982,18.049312591552734,0.029194027185440063,0.008614207617938519,0.1708626002073288
852,0.25974512100219727,1e-04,0.06767694,51.71763,0.0049116267,0.003249627,0.070083,0.28339993953704834,0.16469937562942505,18.001995086669922,0.029048675671219826,0.008568845689296722,0.17043672502040863
853,0.2592525780200958,1e-04,0.06760168,51.669186,0.004901314,0.003243297,0.07000939,0.2827746868133545,0.16427522897720337,17.955032348632812,0.028904730454087257,0.008523947559297085,0.1700139194726944
854,0.2587609887123108,1e-04,0.06752655,51.620815,0.0048910296,0.0032369834,0.069935896,0.2821519076824188,0.16385437548160553,17.90843391418457,0.028762254863977432,0.008479523472487926,0.16959437727928162
855,0.2582704424858093,1e-04,0.06745157,51.572544,0.004880778,0.0032306889,0.06986257,0.281531423330307,0.163436621427536,17.862184524536133,0.028621161356568336,0.008435544557869434,0.16917790472507477
856,0.2577808201313019,1e-04,0.067376725,51.52433,0.0048705544,0.0032244103,0.06978936,0.2809133529663086,0.16302204132080078,17.8162841796875,0.02848147228360176,0.008392021991312504,0.16876454651355743
857,0.2572922110557556,1e-04,0.067302056,51.476234,0.004860366,0.0032181514,0.06971633,0.28029751777648926,0.1626104861497879,17.770723342895508,0.028343116864562035,0.008348936215043068,0.16835413873195648
858,0.25680461525917053,1e-04,0.06722751,51.428204,0.0048502046,0.0032119083,0.06964341,0.27968406677246094,0.16220209002494812,17.725513458251953,0.02820616401731968,0.008306300267577171,0.16794690489768982
859,0.25631800293922424,1e-04,0.0671531,51.38025,0.004840073,0.003205682,0.06957063,0.27907299995422363,0.1617969274520874,17.680660247802734,0.028070595115423203,0.008264116011559963,0.16754281520843506
860,0.25583240389823914,1e-04,0.06707887,51.33242,0.0048299762,0.0031994765,0.06949803,0.278464138507843,0.16139473021030426,17.63614273071289,0.027936333790421486,0.00822235457599163,0.16714166104793549
861,0.25534772872924805,1e-04,0.06700473,51.284645,0.0048199045,0.0031932853,0.06942553,0.2778576612472534,0.1609956920146942,17.591976165771484,0.02780343033373356,0.008181030862033367,0.16674360632896423
862,0.2548640966415405,1e-04,0.06693076,51.236977,0.0048098643,0.003187112,0.069353186,0.2772533893585205,0.1605997085571289,17.548147201538086,0.027671843767166138,0.008140131831169128,0.16634856164455414
863,0.2543814182281494,1e-04,0.06685695,51.18939,0.004799857,0.0031809574,0.069281,0.27665141224861145,0.16020670533180237,17.50465202331543,0.027541544288396835,0.008099643513560295,0.16595645248889923
864,0.2538997530937195,1e-04,0.06678328,51.141888,0.004789878,0.0031748195,0.06920894,0.27605167031288147,0.15981675684452057,17.461496353149414,0.027412544935941696,0.00805958453565836,0.1655673384666443
865,0.25341907143592834,1e-04,0.06670974,51.094467,0.0047799284,0.0031686986,0.06913703,0.2754541337490082,0.15942978858947754,17.41867446899414,0.027284815907478333,0.008019929751753807,0.16518115997314453
866,0.2529393434524536,1e-04,0.06663634,51.047146,0.004770009,0.003162596,0.06906525,0.27485886216163635,0.15904584527015686,17.376188278198242,0.027158373966813087,0.007980692200362682,0.16479797661304474
867,0.2524605691432953,1e-04,0.066563085,50.999893,0.0047601196,0.0031565093,0.06899362,0.27426570653915405,0.1586647927761078,17.334026336669922,0.027033155784010887,0.00794184673577547,0.16441762447357178
868,0.25198280811309814,1e-04,0.066489965,50.952724,0.004750258,0.0031504384,0.06892212,0.27367475628852844,0.15828658640384674,17.292179107666016,0.02690914273262024,0.007903391495347023,0.16404005885124207
869,0.2515060305595398,1e-04,0.06641699,50.905655,0.0047404263,0.0031443862,0.068850756,0.2730860412120819,0.1579115390777588,17.250682830810547,0.026786435395479202,0.007865352556109428,0.16366562247276306
870,0.25103023648262024,1e-04,0.06634419,50.858665,0.004730627,0.003138352,0.06877955,0.2724994122982025,0.15753929316997528,17.20949935913086,0.026664908975362778,0.007827699184417725,0.16329392790794373
871,0.2505553662776947,1e-04,0.0662715,50.81175,0.0047208546,0.003132333,0.06870847,0.27191489934921265,0.1571698784828186,17.168630599975586,0.02654455229640007,0.007790415547788143,0.16292499005794525
872,0.25008147954940796,1e-04,0.06619895,50.76492,0.00471111,0.0031263297,0.06863753,0.27133262157440186,0.15680351853370667,17.128103256225586,0.026425465941429138,0.007753542624413967,0.1625591218471527
873,0.24960856139659882,1e-04,0.06612655,50.718204,0.0047013974,0.0031203467,0.06856674,0.2707524299621582,0.15644004940986633,17.087902069091797,0.026307543739676476,0.007717044558376074,0.16219601035118103
874,0.24913661181926727,1e-04,0.0660543,50.671566,0.0046917144,0.0031143804,0.06849609,0.2701742947101593,0.1560792624950409,17.047992706298828,0.026190752163529396,0.007680910173803568,0.16183556616306305
875,0.24866560101509094,1e-04,0.06598217,50.625,0.0046820594,0.0031084293,0.06842557,0.2695983052253723,0.15572139620780945,17.008413314819336,0.026075145229697227,0.007645150180906057,0.16147799789905548
876,0.2481956034898758,1e-04,0.06591019,50.578537,0.0046724332,0.0031024967,0.0683552,0.26902443170547485,0.155366450548172,16.969158172607422,0.025960717350244522,0.007609770633280277,0.16112330555915833
877,0.24772652983665466,1e-04,0.06583835,50.532143,0.0046628355,0.0030965793,0.06828496,0.2684524655342102,0.1550140231847763,16.9301815032959,0.025847334414720535,0.007574728690087795,0.16077105700969696
878,0.24725839495658875,1e-04,0.06576665,50.485844,0.0046532666,0.0030906792,0.068214856,0.2678825855255127,0.15466436743736267,16.891517639160156,0.025735069066286087,0.007540043443441391,0.16042153537273407
879,0.24679122865200043,1e-04,0.06569509,50.439598,0.004643725,0.0030847932,0.06814489,0.26731470227241516,0.15431749820709229,16.853160858154297,0.025623928755521774,0.007505712099373341,0.16007475554943085
880,0.24632501602172852,1e-04,0.065623686,50.393456,0.0046342146,0.0030789254,0.06807507,0.26674890518188477,0.15397325158119202,16.815099716186523,0.025513846427202225,0.007471728138625622,0.15973053872585297
881,0.2458598017692566,1e-04,0.06555242,50.347393,0.004624732,0.0030730742,0.06800538,0.26618510484695435,0.15363195538520813,16.777362823486328,0.025404924526810646,0.007438106928020716,0.15938922762870789
882,0.2453954666852951,1e-04,0.06548129,50.301414,0.0046152775,0.00306724,0.06793583,0.2656233012676239,0.15329326689243317,16.739919662475586,0.025297045707702637,0.007404825184494257,0.15905044972896576
883,0.2449321150779724,1e-04,0.065410286,50.25556,0.004605853,0.003061424,0.06786644,0.2650635242462158,0.15295740962028503,16.70279312133789,0.025190284475684166,0.007371897809207439,0.15871447324752808
884,0.24446973204612732,1e-04,0.06533943,50.209763,0.004596456,0.003055623,0.06779717,0.2645057141780853,0.15262416005134583,16.66595458984375,0.025084564462304115,0.007339301519095898,0.15838107466697693
885,0.24400824308395386,1e-04,0.0652687,50.164055,0.004587085,0.0030498381,0.06772802,0.2639499008655548,0.1522936373949051,16.629419326782227,0.02497989498078823,0.00730704003944993,0.1580502986907959
886,0.2435477375984192,1e-04,0.06519813,50.118423,0.0045777443,0.0030440697,0.06765903,0.26339590549468994,0.15196558833122253,16.593164443969727,0.024876216426491737,0.007275095675140619,0.15772196650505066
887,0.24308814108371735,1e-04,0.06512767,50.07287,0.0045684297,0.0030383165,0.06759016,0.26284390687942505,0.15164005756378174,16.557186126708984,0.024773534387350082,0.007243467029184103,0.1573961079120636
888,0.2426295280456543,1e-04,0.06505738,50.02741,0.004559145,0.0030325805,0.06752144,0.2622937560081482,0.15131708979606628,16.52149200439453,0.024671847000718117,0.0072121573612093925,0.1570727378129959
889,0.24217180907726288,1e-04,0.06498721,49.98202,0.004549887,0.00302686,0.06745285,0.2617455720901489,0.15099671483039856,16.48609161376953,0.024571169167757034,0.007181170396506786,0.15675193071365356
890,0.24171505868434906,1e-04,0.0649172,49.936714,0.0045406576,0.0030211562,0.0673844,0.2611992657184601,0.15067888796329498,16.450971603393555,0.024471471086144447,0.007150490768253803,0.1564335972070694
891,0.24125923216342926,1e-04,0.06484732,49.891483,0.004531455,0.0030154672,0.067316085,0.26065486669540405,0.15036378800868988,16.416156768798828,0.024372819811105728,0.007120147347450256,0.15611796081066132
892,0.24080432951450348,1e-04,0.06477757,49.84636,0.004522281,0.003009796,0.067247905,0.26011231541633606,0.15005113184452057,16.38161277770996,0.024275105446577072,0.007090098224580288,0.15580470860004425
893,0.24035035073757172,1e-04,0.06470795,49.801315,0.004513134,0.0030041398,0.06717986,0.2595716416835785,0.1497410237789154,16.34735679626465,0.024178368970751762,0.007060361560434103,0.15549394488334656
894,0.23989729583263397,1e-04,0.064638466,49.756367,0.004504014,0.0029985013,0.06711195,0.25903287529945374,0.14943352341651917,16.31338882446289,0.024082601070404053,0.007030935026705265,0.15518569946289062
895,0.23944519460201263,1e-04,0.06456912,49.711506,0.0044949222,0.0029928787,0.06704418,0.25849589705467224,0.14912831783294678,16.279674530029297,0.023987730965018272,0.007001788821071386,0.15487973392009735
896,0.2389940321445465,1e-04,0.06449992,49.66672,0.0044858586,0.0029872716,0.066976555,0.2579607665538788,0.14882561564445496,16.24624252319336,0.0238938070833683,0.006972943432629108,0.15457621216773987
897,0.23854376375675201,1e-04,0.06443086,49.621994,0.00447682,0.002981679,0.066909045,0.2574274241924286,0.14852531254291534,16.213077545166016,0.023800794035196304,0.006944385357201099,0.1542750597000122
898,0.23809443414211273,1e-04,0.06436194,49.57737,0.0044678105,0.0029761025,0.066841684,0.25689584016799927,0.14822730422019958,16.180166244506836,0.02370864525437355,0.006916104815900326,0.15397611260414124
899,0.23764602839946747,1e-04,0.064293146,49.53282,0.004458827,0.0029705425,0.06677445,0.2563660442829132,0.14793172478675842,16.14752769470215,0.023617412894964218,0.006888113915920258,0.15367957949638367
900,0.23719850182533264,1e-04,0.0642245,49.488346,0.00444987,0.0029649974,0.06670734,0.2558380961418152,0.14763860404491425,16.115163803100586,0.023527085781097412,0.006860408931970596,0.15338541567325592
901,0.23675194382667542,1e-04,0.06415597,49.443974,0.0044409414,0.002959468,0.06664039,0.25531187653541565,0.14734789729118347,16.08306884765625,0.023437654599547386,0.006832984276115894,0.153093621134758
902,0.23630627989768982,1e-04,0.06408759,49.399666,0.0044320375,0.0029539543,0.06657355,0.2547874450683594,0.1470595896244049,16.051239013671875,0.023349110037088394,0.006805846001952887,0.1528041511774063
903,0.23586148023605347,1e-04,0.064019345,49.355465,0.0044231624,0.002948458,0.06650686,0.254264771938324,0.1467735320329666,16.01966094970703,0.023261409252882004,0.006778968032449484,0.1525169163942337
904,0.2354176789522171,1e-04,0.06395124,49.31134,0.004414314,0.0029429765,0.06644031,0.2537437975406647,0.1464897245168686,15.988334655761719,0.02317453920841217,0.00675235828384757,0.1522318571805954
905,0.23497474193572998,1e-04,0.06388325,49.267296,0.0044054906,0.0029375097,0.06637387,0.25322455167770386,0.14620834589004517,15.95727825164795,0.023088552057743073,0.006726022809743881,0.1519491821527481
906,0.23453271389007568,1e-04,0.06381541,49.223324,0.004396694,0.0029320577,0.06630757,0.2527071237564087,0.14592942595481873,15.926495552062988,0.023003453388810158,0.006699970457702875,0.15166889131069183
907,0.23409157991409302,1e-04,0.06374771,49.179462,0.004387926,0.0029266244,0.06624142,0.25219130516052246,0.14565253257751465,15.8959379196167,0.02291911467909813,0.00667415838688612,0.15139059722423553
908,0.23365138471126556,1e-04,0.06368012,49.135647,0.0043791803,0.0029212025,0.06617537,0.2516772150993347,0.1453779637813568,15.865643501281738,0.022835608571767807,0.006648606155067682,0.1511145532131195
909,0.23321209847927094,1e-04,0.06361269,49.091946,0.0043704654,0.0029157994,0.06610949,0.2511647939682007,0.14510560035705566,15.835592269897461,0.0227529127150774,0.006623309105634689,0.15084068477153778
910,0.23277367651462555,1e-04,0.063545376,49.048286,0.004361772,0.0029104091,0.06604371,0.25065407156944275,0.1448354423046112,15.8057861328125,0.022671010345220566,0.006598262581974268,0.15056896209716797
911,0.23233617842197418,1e-04,0.06347822,49.004734,0.0043531084,0.002905034,0.06597809,0.25014498829841614,0.14456743001937866,15.776219367980957,0.022589895874261856,0.006573463324457407,0.15029935538768768
912,0.23189955949783325,1e-04,0.06341119,48.96125,0.0043444703,0.002899676,0.0659126,0.24963758885860443,0.14430171251296997,15.746908187866211,0.022509580478072166,0.0065489173866808414,0.1500319242477417
913,0.23146386444568634,1e-04,0.063344285,48.91787,0.0043358575,0.002894332,0.065847225,0.24913179874420166,0.1440381109714508,15.717836380004883,0.022430038079619408,0.0065246159210801125,0.14976660907268524
914,0.23102903366088867,1e-04,0.06327751,48.874546,0.0043272697,0.0028890027,0.06578199,0.248627707362175,0.14377674460411072,15.689010620117188,0.02235129103064537,0.006500563118606806,0.14950348436832428
915,0.23059511184692383,1e-04,0.063210875,48.831326,0.004318709,0.0028836902,0.065716885,0.24812522530555725,0.14351749420166016,15.660420417785645,0.022273289039731026,0.006476744078099728,0.14924238622188568
916,0.230162113904953,1e-04,0.06314438,48.788174,0.004310174,0.0028783919,0.065651916,0.24762438237667084,0.14326050877571106,15.632084846496582,0.022196084260940552,0.006453175097703934,0.14898350834846497
917,0.22972996532917023,1e-04,0.06307799,48.74512,0.004301663,0.0028731078,0.065587066,0.24712508916854858,0.14300541579723358,15.603958129882812,0.022119568660855293,0.0064298240467906,0.14872649312019348
918,0.2292986959218979,1e-04,0.063011765,48.70214,0.00429318,0.0028678398,0.065522365,0.24662743508815765,0.1427524983882904,15.576074600219727,0.022043809294700623,0.006406710483133793,0.14847157895565033
919,0.22886833548545837,1e-04,0.06294565,48.659237,0.0042847213,0.002862587,0.06545778,0.24613133072853088,0.1425016224384308,15.548418045043945,0.021968767046928406,0.006383819971233606,0.14821864664554596
920,0.2284388393163681,1e-04,0.06287967,48.61641,0.0042762863,0.0028573473,0.06539332,0.24563683569431305,0.14225289225578308,15.521001815795898,0.021894466131925583,0.006361163221299648,0.14796778559684753
921,0.22801025211811066,1e-04,0.06281385,48.573677,0.0042678807,0.0028521253,0.065329015,0.24514390528202057,0.14200599491596222,15.493789672851562,0.021820835769176483,0.006338717881590128,0.14771877229213715
922,0.22758257389068604,1e-04,0.06274812,48.531006,0.004259495,0.0028469139,0.065264806,0.24465253949165344,0.1417613923549652,15.466833114624023,0.02174798585474491,0.006316515617072582,0.14747197926044464
923,0.2271556854248047,1e-04,0.06268254,48.48842,0.004251138,0.00284172,0.06520075,0.24416276812553406,0.14151868224143982,15.440088272094727,0.021675795316696167,0.006294522434473038,0.14722701907157898
924,0.22672978043556213,1e-04,0.0626171,48.445923,0.004242805,0.0028365403,0.06513681,0.24367447197437286,0.14127802848815918,15.41357135772705,0.02160431444644928,0.00627274950966239,0.1469840556383133
925,0.22630466520786285,1e-04,0.062551804,48.403526,0.004234502,0.0028313783,0.06507305,0.2431878000497818,0.1410393863916397,15.387280464172363,0.021533524617552757,0.006251193583011627,0.1467430591583252
926,0.22588050365447998,1e-04,0.062486593,48.361187,0.004226217,0.0028262278,0.06500936,0.24270260334014893,0.14080274105072021,15.361210823059082,0.02146342769265175,0.006229851394891739,0.1465040147304535
927,0.22545714676380157,1e-04,0.062421553,48.31893,0.00421796,0.002821093,0.064945824,0.24221892654895782,0.14056798815727234,15.335351943969727,0.02139398083090782,0.006208714097738266,0.14626681804656982
928,0.2250346690416336,1e-04,0.06235661,48.276752,0.004209726,0.002815971,0.064882405,0.2417367696762085,0.1403351128101349,15.309704780578613,0.021325180307030678,0.00618778308853507,0.1460314393043518
929,0.22461310029029846,1e-04,0.062291857,48.23468,0.004201522,0.0028108673,0.06481915,0.24125608801841736,0.14010417461395264,15.284271240234375,0.021257037296891212,0.006167055107653141,0.1457979381084442
930,0.22419239580631256,1e-04,0.062227167,48.192646,0.0041933362,0.0028057743,0.064755976,0.2407768964767456,0.1398751437664032,15.259050369262695,0.02118954062461853,0.006146528758108616,0.14556626975536346
931,0.22377252578735352,1e-04,0.062162638,48.1507,0.004185177,0.0028006965,0.064692944,0.24029919505119324,0.13964803516864777,15.234044075012207,0.021122705191373825,0.006126207299530506,0.14533652365207672
932,0.2233535200357437,1e-04,0.06209823,48.10885,0.004177043,0.0027956346,0.06463005,0.23982299864292145,0.13942283391952515,15.209249496459961,0.021056510508060455,0.006106088869273663,0.14510861039161682
933,0.22293539345264435,1e-04,0.062033966,48.06706,0.004168933,0.0027905847,0.064567275,0.23934827744960785,0.1391996592283249,15.184682846069336,0.020990991964936256,0.006086181849241257,0.1448826789855957
934,0.22251813113689423,1e-04,0.061969813,48.025387,0.0041608484,0.0027855525,0.06450464,0.23887501657009125,0.13897816836833954,15.160303115844727,0.02092604711651802,0.006066452711820602,0.1446583867073059
935,0.22210176289081573,1e-04,0.061905783,47.983772,0.0041527865,0.002780532,0.06444212,0.23840317130088806,0.13875854015350342,15.136131286621094,0.020861733704805374,0.0060469163581728935,0.14443591237068176
936,0.2216862142086029,1e-04,0.06184189,47.942253,0.0041447505,0.002775528,0.06437974,0.23793281614780426,0.1385408639907837,15.112174987792969,0.020798061043024063,0.006027584429830313,0.14421533048152924
937,0.22127148509025574,1e-04,0.061778132,47.900776,0.0041367365,0.0027705352,0.064317465,0.23746387660503387,0.1383247822523117,15.088399887084961,0.02073493041098118,0.006008421070873737,0.14399628341197968
938,0.22085769474506378,1e-04,0.06171451,47.859394,0.004128748,0.0027655584,0.064255334,0.23699632287025452,0.13811060786247253,15.064834594726562,0.020672429352998734,0.005989451892673969,0.14377909898757935
939,0.2204446792602539,1e-04,0.061651018,47.8181,0.0041207843,0.0027605956,0.06419334,0.23653025925159454,0.13789817690849304,15.041465759277344,0.020610516890883446,0.005970668513327837,0.1435636281967163
940,0.22003257274627686,1e-04,0.06158763,47.77687,0.0041128425,0.002755646,0.064131446,0.23606561124324799,0.13768766820430756,15.018310546875,0.02054923214018345,0.005952079780399799,0.1433500349521637
941,0.21962130069732666,1e-04,0.06152439,47.735737,0.0041049253,0.0027507117,0.06406969,0.23560234904289246,0.13747885823249817,14.995343208312988,0.020488504320383072,0.005933661945164204,0.1431380659341812
942,0.21921086311340332,1e-04,0.06146127,47.694695,0.004097033,0.0027457923,0.06400807,0.23514051735401154,0.13727179169654846,14.972570419311523,0.020428361371159554,0.00591543223708868,0.14292782545089722
943,0.2188013195991516,1e-04,0.061398286,47.65371,0.004089164,0.0027408858,0.063946575,0.23467999696731567,0.13706640899181366,14.949989318847656,0.02036876790225506,0.005897367838770151,0.14271919429302216
944,0.21839255094528198,1e-04,0.06133543,47.6128,0.0040813196,0.0027359936,0.063885204,0.23422092199325562,0.13686269521713257,14.927591323852539,0.020309720188379288,0.005879472009837627,0.14251217246055603
945,0.21798470616340637,1e-04,0.061272696,47.571976,0.0040734974,0.002731115,0.06382395,0.2337632179260254,0.13666078448295593,14.905393600463867,0.02025126852095127,0.0058617680333554745,0.14230695366859436
946,0.21757763624191284,1e-04,0.06121008,47.531235,0.004065699,0.0027262499,0.063762836,0.233306884765625,0.13646064698696136,14.883395195007324,0.020193379372358322,0.005844235420227051,0.1421034038066864
947,0.21717143058776855,1e-04,0.061147597,47.490578,0.004057924,0.0027214,0.06370184,0.23285187780857086,0.136261984705925,14.861559867858887,0.020135989412665367,0.005826856475323439,0.14190134406089783
948,0.21676604449748993,1e-04,0.06108523,47.449997,0.004050171,0.0027165632,0.06364095,0.23239824175834656,0.13606509566307068,14.839921951293945,0.02007916197180748,0.0058096544817090034,0.14170095324516296
949,0.21636152267456055,1e-04,0.061023,47.40949,0.004042444,0.0027117403,0.063580215,0.2319459468126297,0.13586974143981934,14.818456649780273,0.020022844895720482,0.005792607553303242,0.14150209724903107
950,0.2159578502178192,1e-04,0.06096091,47.369045,0.004034739,0.00270693,0.0635196,0.2314949929714203,0.13567599654197693,14.797170639038086,0.01996704377233982,0.005775722675025463,0.14130479097366333
951,0.21555501222610474,1e-04,0.060898937,47.328674,0.0040270546,0.0027021328,0.063459076,0.23104532063007355,0.13548389077186584,14.776066780090332,0.01991177536547184,0.005759001709520817,0.14110909402370453
952,0.21515294909477234,1e-04,0.060837086,47.288372,0.0040193945,0.0026973481,0.0633987,0.23059704899787903,0.13529352843761444,14.755157470703125,0.019857056438922882,0.0057424576953053474,0.14091506600379944
953,0.21475175023078918,1e-04,0.060775362,47.248196,0.0040117605,0.0026925812,0.06333846,0.23015010356903076,0.13510474562644958,14.734423637390137,0.019802851602435112,0.005726066417992115,0.1407226026058197
954,0.21435140073299408,1e-04,0.060713768,47.208073,0.0040041474,0.0026878263,0.06327833,0.22970449924468994,0.13491764664649963,14.71387767791748,0.019749172031879425,0.005709837190806866,0.1405317485332489
955,0.21395187079906464,1e-04,0.060652263,47.168053,0.0039965566,0.0026830856,0.063218325,0.22926019132137299,0.13473212718963623,14.693509101867676,0.01969599723815918,0.005693769082427025,0.14034242928028107
956,0.21355317533016205,1e-04,0.060590904,47.128098,0.003988988,0.002678358,0.06315844,0.2288171350955963,0.13454808294773102,14.673303604125977,0.019643303006887436,0.005677846260368824,0.14015457034111023
957,0.21315526962280273,1e-04,0.060529668,47.08821,0.003981443,0.0026736434,0.06309868,0.22837544977664948,0.13436564803123474,14.653277397155762,0.019591113552451134,0.0056620812974870205,0.13996826112270355
958,0.21275825798511505,1e-04,0.06046857,47.048405,0.0039739218,0.0026689423,0.06303905,0.22793492674827576,0.1341845989227295,14.633404731750488,0.0195393655449152,0.005646451376378536,0.13978327810764313
959,0.21236199140548706,1e-04,0.060407598,47.00867,0.0039664237,0.0026642554,0.06297955,0.22749574482440948,0.1340050995349884,14.6137056350708,0.01948811486363411,0.0056309774518013,0.13959984481334686
960,0.21196655929088593,1e-04,0.06034674,46.969013,0.003958946,0.0026595804,0.06292015,0.2270578145980835,0.1338270604610443,14.594172477722168,0.01943732239305973,0.005615646485239267,0.13941779732704163
961,0.21157197654247284,1e-04,0.060286,46.929417,0.0039514885,0.002654917,0.06286087,0.2266211360692978,0.13365045189857483,14.574795722961426,0.019386988133192062,0.00560045475140214,0.1392371654510498
962,0.21117819845676422,1e-04,0.06022541,46.88992,0.003944059,0.0026502707,0.06280174,0.2261856496334076,0.13347552716732025,14.5556058883667,0.01933716982603073,0.005585423205047846,0.1390581578016281
963,0.2107851207256317,1e-04,0.060164902,46.85047,0.0039366456,0.002645634,0.062742695,0.22575150430202484,0.13330203294754028,14.536578178405762,0.019287798553705215,0.0055705285631120205,0.13888052105903625
964,0.21039296686649323,1e-04,0.06010454,46.81112,0.0039292574,0.002641012,0.06268379,0.22531864047050476,0.13313010334968567,14.517721176147461,0.01923891343176365,0.005555783398449421,0.13870440423488617
965,0.2100016176700592,1e-04,0.060044304,46.771866,0.0039218925,0.0026364052,0.06262501,0.22488705813884735,0.13295960426330566,14.499028205871582,0.019190484657883644,0.0055411821231245995,0.1385297179222107
966,0.20961113274097443,1e-04,0.05998418,46.732674,0.0039145495,0.0026318107,0.06256636,0.22445669770240784,0.13279058039188385,14.480496406555176,0.019142504781484604,0.00552672054618597,0.13835644721984863
967,0.20922142267227173,1e-04,0.059924185,46.693577,0.0039072293,0.0026272298,0.06250783,0.22402754426002502,0.13262300193309784,14.462127685546875,0.019094979390501976,0.005512394942343235,0.1381845772266388
968,0.2088325023651123,1e-04,0.05986431,46.654537,0.0038999293,0.0026226605,0.062449414,0.2235995978116989,0.1324567049741745,14.443899154663086,0.019047854468226433,0.00549819553270936,0.13801395893096924
969,0.20844440162181854,1e-04,0.059804562,46.615566,0.0038926525,0.0026181047,0.062391125,0.2231728583574295,0.1322917640209198,14.425825119018555,0.019001144915819168,0.0054841251112520695,0.13784463703632355
970,0.20805710554122925,1e-04,0.05974494,46.576687,0.0038853972,0.0026135629,0.062332954,0.2227473109960556,0.1321282535791397,14.407907485961914,0.018954886123538017,0.00547019112855196,0.13767674565315247
971,0.20767058432102203,1e-04,0.059685443,46.53787,0.0038781639,0.0026090322,0.062274907,0.2223229855298996,0.13196603953838348,14.39013671875,0.018909022212028503,0.005456382874399424,0.13751007616519928
972,0.20728491246700287,1e-04,0.05962606,46.499107,0.0038709503,0.0026045141,0.06221696,0.2218998670578003,0.13180528581142426,14.372528076171875,0.018863609060645103,0.00544270733371377,0.1373448520898819
973,0.20690003037452698,1e-04,0.059566822,46.460453,0.003863762,0.0026000105,0.062159166,0.22147797048091888,0.13164590299129486,14.355070114135742,0.01881861314177513,0.005429164506494999,0.13718095421791077
974,0.20651593804359436,1e-04,0.059507646,46.421856,0.0038565896,0.0025955178,0.062101446,0.22105726599693298,0.13148796558380127,14.337774276733398,0.018774058669805527,0.005415759980678558,0.13701845705509186
975,0.2061326503753662,1e-04,0.059448645,46.383347,0.003849444,0.0025910398,0.062043887,0.2206377387046814,0.13133135437965393,14.320627212524414,0.018729902803897858,0.005402474198490381,0.13685724139213562
976,0.20575016736984253,1e-04,0.059389737,46.344933,0.0038423177,0.0025865745,0.06198643,0.2202194631099701,0.13117624819278717,14.3036470413208,0.018686208873987198,0.005389330442994833,0.13669751584529877
977,0.20536845922470093,1e-04,0.059330944,46.306595,0.0038352145,0.0025821233,0.06192911,0.21980227530002594,0.13102218508720398,14.286783218383789,0.018642837181687355,0.0053762877359986305,0.1365387737751007
978,0.204987570643425,1e-04,0.059272274,46.268307,0.003828129,0.0025776823,0.061871875,0.2193862646818161,0.1308695524930954,14.27008056640625,0.018599895760416985,0.0053633772768080235,0.13638143241405487
979,0.20460744202136993,1e-04,0.05921374,46.230103,0.003821068,0.0025732554,0.06181479,0.2189713418483734,0.13071800768375397,14.253497123718262,0.018557289615273476,0.005350572057068348,0.1362251490354538
980,0.20422808825969696,1e-04,0.059155326,46.19198,0.0038140279,0.002568841,0.061757818,0.218557670712471,0.13056793808937073,14.237078666687012,0.018515124917030334,0.005337900016456842,0.13607029616832733
981,0.20384955406188965,1e-04,0.05909703,46.153923,0.0038070087,0.0025644382,0.061700962,0.21814513206481934,0.13041900098323822,14.220787048339844,0.018473312258720398,0.00532533461228013,0.1359165608882904
982,0.2034718096256256,1e-04,0.05903884,46.11593,0.003800009,0.002560048,0.06164421,0.21773366630077362,0.1302712857723236,14.204629898071289,0.01843186654150486,0.005312883295118809,0.135764017701149
983,0.20309484004974365,1e-04,0.05898078,46.078007,0.00379303,0.0025556698,0.06158758,0.2173234075307846,0.13012488186359406,14.188619613647461,0.01839081011712551,0.005300555378198624,0.13561272621154785
984,0.20271866023540497,1e-04,0.05892285,46.04017,0.0037860742,0.0025513049,0.06153108,0.21691428124904633,0.12997975945472717,14.172754287719727,0.01835014298558235,0.005288342945277691,0.1354627013206482
985,0.20234327018260956,1e-04,0.05886501,46.002415,0.0037791373,0.0025469516,0.06147469,0.21650627255439758,0.12983593344688416,14.157031059265137,0.018309861421585083,0.005276250187307596,0.13531394302845
986,0.20196862518787384,1e-04,0.058807317,45.964725,0.0037722227,0.0025426124,0.06141842,0.21609941124916077,0.12969335913658142,14.141446113586426,0.018269944936037064,0.005264269653707743,0.13516636192798615
987,0.2015947848558426,1e-04,0.05874973,45.927128,0.0037653288,0.0025382857,0.061362274,0.21569369733333588,0.12955206632614136,14.126005172729492,0.018230414018034935,0.005252409260720015,0.13502004742622375
988,0.20122173428535461,1e-04,0.058692254,45.88961,0.0037584563,0.0025339723,0.06130625,0.21528907120227814,0.12941184639930725,14.110684394836426,0.018191207200288773,0.005240642931312323,0.13487477600574493
989,0.2008494734764099,1e-04,0.0586349,45.85215,0.0037516023,0.0025296684,0.061250325,0.21488553285598755,0.12927278876304626,14.095495223999023,0.018152350559830666,0.005228990223258734,0.13473065197467804
990,0.2004779577255249,1e-04,0.05857766,45.814754,0.0037447682,0.0025253766,0.061194513,0.2144830822944641,0.12913483381271362,14.080424308776855,0.018113823607563972,0.005217435769736767,0.1345876008272171
991,0.20010721683502197,1e-04,0.058520555,45.777447,0.0037379568,0.0025210998,0.06113883,0.21408171951770782,0.12899813055992126,14.0654935836792,0.01807565614581108,0.005205993540585041,0.13444574177265167
992,0.19973722100257874,1e-04,0.05846355,45.740196,0.0037311646,0.0025168322,0.06108326,0.21368145942687988,0.12886247038841248,14.050683975219727,0.018037816509604454,0.005194647703319788,0.134304940700531
993,0.19936804473400116,1e-04,0.05840667,45.703026,0.0037243925,0.002512577,0.061027803,0.21328233182430267,0.12872812151908875,14.036016464233398,0.018000345677137375,0.005183417350053787,0.13416536152362823
994,0.19899962842464447,1e-04,0.058349915,45.665947,0.0037176425,0.0025083364,0.060972475,0.21288421750068665,0.1285948008298874,14.021463394165039,0.017963185906410217,0.005172286182641983,0.13402681052684784
995,0.19863194227218628,1e-04,0.05829326,45.628925,0.0037109107,0.0025041057,0.060917243,0.21248728036880493,0.1284627467393875,14.007049560546875,0.017926398664712906,0.00516126211732626,0.13388949632644653
996,0.19826507568359375,1e-04,0.058236726,45.591972,0.0037041998,0.0024998882,0.06086214,0.21209140121936798,0.12833181023597717,13.992762565612793,0.01788993738591671,0.005150341894477606,0.13375326991081238
997,0.1978989690542221,1e-04,0.058180306,45.555107,0.0036975082,0.0024956816,0.06080714,0.21169652044773102,0.12820185720920563,13.978586196899414,0.017853766679763794,0.005139513406902552,0.13361798226833344
998,0.19753359258174896,1e-04,0.05812401,45.518307,0.0036908374,0.002491488,0.06075226,0.2113027423620224,0.12807318568229675,13.964550971984863,0.017817968502640724,0.005128794349730015,0.13348396122455597
999,0.1971689611673355,1e-04,0.058067817,45.481586,0.003684187,0.0024873067,0.060697503,0.21091005206108093,0.12794549763202667,13.9506254196167,0.017782464623451233,0.005118165165185928,0.1333509087562561
1000,0.19680514931678772,1e-04,0.05801175,45.444942,0.0036775558,0.0024831372,0.060642853,0.21051840484142303,0.1278190016746521,13.936834335327148,0.01774730160832405,0.00510764354839921,0.13321900367736816
1001,0.19644203782081604,1e-04,0.057955787,45.408363,0.0036709441,0.0024789786,0.060588315,0.2101278007030487,0.12769345939159393,13.923147201538086,0.017712421715259552,0.0050972080789506435,0.13308802247047424
1002,0.19607973098754883,1e-04,0.057899956,45.37187,0.0036643536,0.0024748337,0.060533904,0.20973822474479675,0.12756898999214172,13.909582138061523,0.017677852883934975,0.005086866207420826,0.1329580843448639
1003,0.19571815431118011,1e-04,0.05784423,45.33543,0.003657781,0.0024706984,0.060479593,0.20934972167015076,0.12744557857513428,13.89613151550293,0.01764359511435032,0.005076619330793619,0.1328291893005371
1004,0.19535735249519348,1e-04,0.057788648,45.299065,0.003651232,0.002466577,0.060425427,0.20896220207214355,0.1273232251405716,13.88280200958252,0.017609640955924988,0.005066464189440012,0.1327013224363327
1005,0.19499725103378296,1e-04,0.057733145,45.26278,0.0036446976,0.002462465,0.060371332,0.2085757702589035,0.12720194458961487,13.869590759277344,0.01757599413394928,0.005056407768279314,0.13257448375225067
1006,0.1946379393339157,1e-04,0.05767777,45.226555,0.003638185,0.0024583659,0.06031737,0.2081904113292694,0.1270817220211029,13.856493949890137,0.017542656511068344,0.005046444945037365,0.1324486881494522
1007,0.19427943229675293,1e-04,0.057622496,45.19041,0.0036316912,0.002454278,0.060263515,0.20780600607395172,0.12696248292922974,13.843511581420898,0.01750960759818554,0.005036566406488419,0.13232387602329254
1008,0.19392161071300507,1e-04,0.057567343,45.154343,0.003625217,0.0024502021,0.060209773,0.20742258429527283,0.12684419751167297,13.830633163452148,0.017476830631494522,0.0050267744809389114,0.1321999579668045
1009,0.1935645341873169,1e-04,0.057512302,45.118332,0.003618762,0.0024461374,0.060156144,0.20704025030136108,0.12672695517539978,13.817873001098633,0.01744435355067253,0.005017072893679142,0.13207706809043884
1010,0.1932082176208496,1e-04,0.057457384,45.0824,0.0036123272,0.0024420859,0.060102638,0.20665891468524933,0.12661078572273254,13.805227279663086,0.017412181943655014,0.005007463041692972,0.13195522129535675
1011,0.19285263121128082,1e-04,0.057402574,45.046562,0.003605912,0.0024380458,0.060049247,0.20627859234809875,0.1264955848455429,13.792694091796875,0.017380287870764732,0.004997939802706242,0.13183431327342987
1012,0.19249781966209412,1e-04,0.05734788,45.01077,0.0035995143,0.0024340153,0.059995953,0.20589926838874817,0.12638132274150848,13.780263900756836,0.017348671332001686,0.004988502245396376,0.1317143589258194
1013,0.1921437382698059,1e-04,0.05729329,44.975063,0.0035931359,0.0024299978,0.05994277,0.20552097260951996,0.12626813352108002,13.767953872680664,0.017317354679107666,0.00497915456071496,0.1315954178571701
1014,0.1917903870344162,1e-04,0.05723882,44.939426,0.0035867777,0.0024259912,0.05988971,0.20514360070228577,0.1261557638645172,13.755732536315918,0.017286278307437897,0.0049698809161782265,0.13147729635238647
1015,0.1914377510547638,1e-04,0.057184458,44.903873,0.0035804387,0.0024219977,0.059836768,0.20476724207401276,0.12604442238807678,13.743627548217773,0.01725548878312111,0.004960694350302219,0.13136014342308044
1016,0.19108587503433228,1e-04,0.057130225,44.86838,0.0035741192,0.002418015,0.05978394,0.20439189672470093,0.12593398988246918,13.7316255569458,0.01722496747970581,0.00495158601552248,0.13124392926692963
1017,0.19073474407196045,1e-04,0.057076078,44.83293,0.0035678148,0.0024140405,0.05973119,0.2040175199508667,0.12582451105117798,13.7197265625,0.017194712534546852,0.004942565690726042,0.13112860918045044
1018,0.19038434326648712,1e-04,0.057022057,44.797573,0.003561532,0.0024100794,0.059678573,0.20364411175251007,0.1257159560918808,13.707931518554688,0.017164722084999084,0.00493362033739686,0.13101421296596527
1019,0.1900346577167511,1e-04,0.056968167,44.762302,0.003555269,0.0024061305,0.059626076,0.20327168703079224,0.12560825049877167,13.6962308883667,0.017134971916675568,0.004924752749502659,0.13090062141418457
1020,0.18968574702739716,1e-04,0.056914367,44.72709,0.0035490233,0.0024021922,0.05957368,0.20290014147758484,0.12550154328346252,13.68464183807373,0.017105503007769585,0.004915970377624035,0.13078801333904266
1021,0.18933743238449097,1e-04,0.05686066,44.691917,0.003542793,0.002398262,0.059521366,0.2025296539068222,0.125395730137825,13.673151016235352,0.017076289281249046,0.004907260183244944,0.13067626953125
1022,0.18898993730545044,1e-04,0.056807082,44.65684,0.0035365846,0.0023943463,0.05946919,0.20216014981269836,0.1252908855676651,13.661768913269043,0.017047341912984848,0.004898638464510441,0.13056546449661255
1023,0.1886432021856308,1e-04,0.056753613,44.621845,0.0035303943,0.0023904415,0.05941712,0.20179162919521332,0.125186949968338,13.650486946105957,0.017018664628267288,0.004890094976872206,0.1304555982351303
1024,0.18829718232154846,1e-04,0.056700252,44.58693,0.0035242238,0.0023865488,0.059365172,0.20142404735088348,0.12508396804332733,13.639312744140625,0.01699024811387062,0.004881632514297962,0.1303466409444809
1025,0.18795186281204224,1e-04,0.056647006,44.552086,0.0035180715,0.0023826675,0.059313335,0.20105738937854767,0.12498172372579575,13.62822151184082,0.016962038353085518,0.004873232915997505,0.1302383840084076
1026,0.1876072883605957,1e-04,0.05659385,44.517277,0.0035119338,0.002378794,0.05926157,0.20069168508052826,0.12488029152154922,13.617218017578125,0.016934063285589218,0.004864904098212719,0.13013094663619995
1027,0.18726342916488647,1e-04,0.05654084,44.482563,0.0035058185,0.002374934,0.059209954,0.20032687485218048,0.12477970123291016,13.60630989074707,0.01690632477402687,0.0048566474579274654,0.13002432882785797
1028,0.18692027032375336,1e-04,0.056487925,44.4479,0.00349972,0.0023710837,0.059158433,0.19996307790279388,0.12467998266220093,13.595495223999023,0.016878826543688774,0.004848466254770756,0.12991854548454285
1029,0.1865779012441635,1e-04,0.056435127,44.41331,0.0034936392,0.0023672443,0.059107013,0.19960016012191772,0.12458108365535736,13.584775924682617,0.01685156486928463,0.004840353969484568,0.12981358170509338
1030,0.186236172914505,1e-04,0.056382436,44.37879,0.0034875784,0.0023634168,0.059055723,0.19923824071884155,0.12448309361934662,13.574155807495117,0.01682455465197563,0.004832318518310785,0.12970949709415436
1031,0.18589520454406738,1e-04,0.056329854,44.344353,0.0034815338,0.0023595998,0.059004523,0.198877215385437,0.1243860274553299,13.563638687133789,0.016797803342342377,0.0048243640922009945,0.12960633635520935
1032,0.18555492162704468,1e-04,0.056277376,44.309975,0.0034755084,0.0023557942,0.05895344,0.1985171139240265,0.12428971379995346,13.553205490112305,0.016771256923675537,0.004816468805074692,0.12950389087200165
1033,0.18521535396575928,1e-04,0.056224998,44.27568,0.0034694993,0.002351999,0.058902457,0.19815801084041595,0.12419440597295761,13.542884826660156,0.016744989901781082,0.004808660596609116,0.12940242886543274
1034,0.18487651646137238,1e-04,0.056172725,44.241455,0.0034635088,0.0023482146,0.05885158,0.1977997124195099,0.12409961223602295,13.532620429992676,0.016718875616788864,0.004800895694643259,0.12930148839950562
1035,0.18453837931156158,1e-04,0.05612058,44.20731,0.0034575372,0.002344442,0.058800828,0.197442427277565,0.12400583922863007,13.522470474243164,0.01669304445385933,0.004793220199644566,0.12920156121253967
1036,0.1842009723186493,1e-04,0.05606854,44.173214,0.0034515837,0.0023406795,0.05875018,0.19708599150180817,0.12391270697116852,13.51239013671875,0.016667380928993225,0.004785594064742327,0.1291022151708603
1037,0.18386425077915192,1e-04,0.0560166,44.139183,0.0034456465,0.0023369272,0.05869963,0.19673046469688416,0.12382037937641144,13.502400398254395,0.016641952097415924,0.004778042435646057,0.12900368869304657
1038,0.18352824449539185,1e-04,0.05596477,44.105225,0.0034397268,0.002333186,0.058649182,0.19637584686279297,0.12372881174087524,13.492494583129883,0.016616733744740486,0.004770549479871988,0.12890590727329254
1039,0.18319293856620789,1e-04,0.05591305,44.071335,0.0034338257,0.0023294555,0.058598854,0.1960221230983734,0.12363801896572113,13.48267650604248,0.01659172959625721,0.004763125441968441,0.1288088858127594
1040,0.18285833299160004,1e-04,0.05586144,44.037502,0.003427941,0.002325734,0.058548618,0.1956692934036255,0.12354794889688492,13.472935676574707,0.01656692661345005,0.004755761940032244,0.12871257960796356
1041,0.1825244426727295,1e-04,0.055809937,44.00374,0.0034220738,0.0023220237,0.058498494,0.1953173577785492,0.12345869839191437,13.463287353515625,0.0165423471480608,0.004748467355966568,0.128617063164711
1042,0.18219125270843506,1e-04,0.05575855,43.97006,0.0034162258,0.0023183257,0.05844849,0.1949663609266281,0.1233702301979065,13.453725814819336,0.016517983749508858,0.0047412351705133915,0.12852230668067932
1043,0.18185876309871674,1e-04,0.055707254,43.936447,0.003410394,0.002314637,0.05839858,0.19461621344089508,0.12328250706195831,13.444247245788574,0.01649383082985878,0.004734067711979151,0.12842831015586853
1044,0.18152695894241333,1e-04,0.055656068,43.9029,0.0034045791,0.0023109587,0.05834877,0.19426696002483368,0.12319556623697281,13.434857368469238,0.016469888389110565,0.004726965446025133,0.12833505868911743
1045,0.18119587004184723,1e-04,0.055604987,43.86943,0.0033987826,0.0023072923,0.05829908,0.1939186006784439,0.1231093630194664,13.42554759979248,0.016446152701973915,0.004719922784715891,0.12824255228042603
1046,0.18086545169353485,1e-04,0.055553995,43.836033,0.003393002,0.0023036352,0.05824948,0.19357112050056458,0.12302394211292267,13.416325569152832,0.01642262563109398,0.0047129481099545956,0.1281507909297943
1047,0.18053574860095978,1e-04,0.05550315,43.802692,0.0033872405,0.0022999889,0.058200005,0.19322450459003448,0.1229390874505043,13.40716552734375,0.016399264335632324,0.004706022795289755,0.12805961072444916
1048,0.18020674586296082,1e-04,0.05545238,43.769413,0.0033814942,0.002296352,0.058150616,0.19287875294685364,0.12285499274730682,13.398091316223145,0.016376104205846786,0.0046991570852696896,0.1279691606760025
1049,0.17987841367721558,1e-04,0.05540172,43.736206,0.003375766,0.0022927264,0.058101345,0.19253386557102203,0.12277175486087799,13.389111518859863,0.0163531806319952,0.004692361690104008,0.1278795599937439
1050,0.17955075204372406,1e-04,0.055351157,43.70306,0.0033700524,0.0022891094,0.058052152,0.19218984246253967,0.12268899381160736,13.380183219909668,0.01633039489388466,0.0046856096014380455,0.1277904361486435
1051,0.17922379076480865,1e-04,0.05530072,43.669983,0.0033643586,0.0022855045,0.05800309,0.19184665381908417,0.12260697782039642,13.371339797973633,0.016307810321450233,0.004678919445723295,0.1277020424604416
1052,0.17889752984046936,1e-04,0.05525038,43.63698,0.0033586808,0.0022819093,0.057954125,0.19150441884994507,0.12252581119537354,13.362589836120605,0.016285449266433716,0.004672299139201641,0.12761445343494415
1053,0.17857199907302856,1e-04,0.05520014,43.604042,0.0033530197,0.0022783247,0.057905264,0.19116297364234924,0.12244521081447601,13.353902816772461,0.01626325212419033,0.0046657235361635685,0.12752746045589447
1054,0.1782471090555191,1e-04,0.055150025,43.571182,0.003347377,0.0022747507,0.057856523,0.19082240760326385,0.12236537039279938,13.345300674438477,0.01624125987291336,0.00465921126306057,0.1274411976337433
1055,0.17792288959026337,1e-04,0.055099986,43.538357,0.0033417488,0.0022711852,0.057807863,0.19048264622688293,0.12228604406118393,13.336755752563477,0.016219409182667732,0.004652743227779865,0.1273554414510727
1056,0.17759937047958374,1e-04,0.055050053,43.505623,0.003336137,0.0022676305,0.0577593,0.19014377892017365,0.12220761924982071,13.328310012817383,0.016197802498936653,0.004646348766982555,0.12727059423923492
1057,0.17727652192115784,1e-04,0.05500024,43.472977,0.003330544,0.002264087,0.057710867,0.18980573117733002,0.12212970107793808,13.319920539855957,0.016176337376236916,0.004639995750039816,0.12718622386455536
1058,0.17695437371730804,1e-04,0.054950528,43.440376,0.0033249673,0.0022605537,0.057662528,0.18946851789951324,0.12205244600772858,13.311604499816895,0.016155052930116653,0.004633697681128979,0.12710252404212952
1059,0.1766328662633896,1e-04,0.0549009,43.40782,0.0033194046,0.0022570277,0.057614274,0.18913215398788452,0.121975839138031,13.303359985351562,0.01613394170999527,0.004627454560250044,0.12701945006847382
1060,0.17631208896636963,1e-04,0.054851405,43.375347,0.0033138604,0.002253513,0.05756614,0.18879662454128265,0.12189988046884537,13.295188903808594,0.016113007441163063,0.004621262662112713,0.12693701684474945
1061,0.1759919375181198,1e-04,0.054801986,43.342922,0.0033083311,0.0022500078,0.057518095,0.18846192955970764,0.12182452529668808,13.287084579467773,0.016092244535684586,0.004615123383700848,0.12685520946979523
1062,0.1756725013256073,1e-04,0.0547527,43.310604,0.0033028212,0.0022465147,0.057470176,0.18812806904315948,0.12174993753433228,13.279065132141113,0.016071680933237076,0.00460904510691762,0.1267741322517395
1063,0.17535370588302612,1e-04,0.05470348,43.278328,0.003297324,0.0022430294,0.057422332,0.18779504299163818,0.12167596817016602,13.271113395690918,0.016051283106207848,0.0046030147932469845,0.12669365108013153
1064,0.17503559589385986,1e-04,0.054654393,43.246136,0.0032918465,0.0022395565,0.057374615,0.18746285140514374,0.12160255759954453,13.263224601745605,0.016031047329306602,0.00459703616797924,0.1266137659549713
1065,0.17471818625926971,1e-04,0.05460539,43.213993,0.003286383,0.002236092,0.057326984,0.18713140487670898,0.1215297132730484,13.255398750305176,0.016010956838726997,0.004591098986566067,0.12653440237045288
1066,0.17440137267112732,1e-04,0.054556485,43.18192,0.0032809356,0.002232636,0.057279453,0.18680083751678467,0.12145749479532242,13.247640609741211,0.01599103957414627,0.004585217218846083,0.12645567953586578
1067,0.17408528923988342,1e-04,0.054507695,43.14991,0.003275505,0.0022291914,0.05723203,0.18647103011608124,0.12138579040765762,13.23994255065918,0.015971258282661438,0.00457937503233552,0.12637744843959808
1068,0.17376984655857086,1e-04,0.05445901,43.117958,0.0032700896,0.0022257552,0.057184696,0.18614205718040466,0.12131476402282715,13.232317924499512,0.015951668843626976,0.004573587793856859,0.1262999176979065
1069,0.17345507442951202,1e-04,0.05441042,43.086082,0.0032646914,0.0022223298,0.05713748,0.18581390380859375,0.12124434858560562,13.224761962890625,0.01593223586678505,0.004567853640764952,0.12622296810150146
1070,0.1731409728527069,1e-04,0.05436194,43.054256,0.0032593082,0.0022189135,0.05709035,0.1854865700006485,0.12117461115121841,13.217279434204102,0.015912989154458046,0.004562171641737223,0.12614670395851135
1071,0.17282751202583313,1e-04,0.054313555,43.02252,0.0032539421,0.002215508,0.057043336,0.18516002595424652,0.1211053878068924,13.209854125976562,0.015893880277872086,0.004556532017886639,0.12607093155384064
1072,0.17251473665237427,1e-04,0.054265257,42.990837,0.0032485905,0.0022121118,0.05699641,0.1848343014717102,0.12103679031133652,13.202499389648438,0.015874940901994705,0.004550944082438946,0.12599579989910126
1073,0.17220261693000793,1e-04,0.05421706,42.959213,0.003243254,0.0022087237,0.056949575,0.18450936675071716,0.12096874415874481,13.195205688476562,0.015856146812438965,0.0045453994534909725,0.12592118978500366
1074,0.17189115285873413,1e-04,0.054168977,42.92768,0.0032379355,0.0022053474,0.05690286,0.1841852068901062,0.12090124934911728,13.187973022460938,0.01583750732243061,0.004539900459349155,0.12584716081619263
1075,0.17158032953739166,1e-04,0.05412099,42.896187,0.003232632,0.0022019804,0.05685624,0.18386182188987732,0.12083419412374496,13.18078899383545,0.01581898331642151,0.004534439649432898,0.12577353417873383
1076,0.1712701916694641,1e-04,0.05407311,42.86476,0.003227344,0.0021986219,0.056809716,0.1835392862558365,0.12076793611049652,13.173693656921387,0.01580066792666912,0.004529041238129139,0.1257007122039795
1077,0.1709606945514679,1e-04,0.054025326,42.83341,0.003222071,0.0021952735,0.05676329,0.18321748077869415,0.12070201337337494,13.166635513305664,0.015782449394464493,0.004523669369518757,0.12562821805477142
1078,0.17065183818340302,1e-04,0.05397763,42.802105,0.0032168138,0.0021919333,0.056716964,0.18289649486541748,0.1206367015838623,13.159643173217773,0.015764396637678146,0.0045183515176177025,0.1255563497543335
1079,0.17034366726875305,1e-04,0.053930044,42.77087,0.0032115716,0.0021886036,0.05667073,0.1825762838125229,0.12057194858789444,13.152714729309082,0.01574649102985859,0.004513074643909931,0.12548501789569855
1080,0.17003612220287323,1e-04,0.053882573,42.739704,0.003206347,0.0021852835,0.056624617,0.182256817817688,0.12050769478082657,13.145841598510742,0.015728717669844627,0.004507838748395443,0.125414177775383
1081,0.16972923278808594,1e-04,0.053835172,42.708595,0.0032011345,0.002181972,0.05657857,0.18193815648555756,0.12044401466846466,13.139030456542969,0.01571110263466835,0.004502651747316122,0.1253439337015152
1082,0.16942299902439117,1e-04,0.053787883,42.67756,0.0031959398,0.0021786701,0.056532644,0.1816202700138092,0.12038091570138931,13.132284164428711,0.01569364033639431,0.004497509449720383,0.12527425587177277
1083,0.16911739110946655,1e-04,0.05374068,42.64658,0.0031907586,0.002175378,0.0564868,0.18130317330360413,0.12031830847263336,13.125593185424805,0.015676310285925865,0.004492407664656639,0.12520506978034973
1084,0.16881245374679565,1e-04,0.05369359,42.61566,0.0031855935,0.0021720948,0.05644106,0.18098682165145874,0.12025628238916397,13.118967056274414,0.015659131109714508,0.0044873496517539024,0.12513644993305206
1085,0.1685081422328949,1e-04,0.0536466,42.584824,0.0031804447,0.0021688214,0.05639543,0.18067127466201782,0.12019474804401398,13.112394332885742,0.015642086043953896,0.004482334479689598,0.1250683218240738
1086,0.16820448637008667,1e-04,0.053599693,42.55405,0.0031753106,0.0021655578,0.056349896,0.1803564578294754,0.12013374269008636,13.105880737304688,0.015625184401869774,0.004477360751479864,0.1250007301568985
1087,0.16790147125720978,1e-04,0.053552873,42.52333,0.0031701897,0.002162302,0.056304436,0.18004237115383148,0.1200731173157692,13.099408149719238,0.01560838520526886,0.004472420085221529,0.12493352591991425
1088,0.16759908199310303,1e-04,0.0535062,42.492672,0.0031650872,0.0021590572,0.056259107,0.17972907423973083,0.12001305818557739,13.092999458312988,0.015591735020279884,0.00446751993149519,0.12486686557531357
1089,0.1672973334789276,1e-04,0.05345958,42.46207,0.0031599964,0.0021558194,0.056213845,0.17941652238368988,0.11995343863964081,13.086639404296875,0.015575210563838482,0.004462661687284708,0.1248006820678711
1090,0.16699624061584473,1e-04,0.05341307,42.431534,0.0031549218,0.0021525915,0.05616869,0.17910471558570862,0.11989422142505646,13.080322265625,0.015558783896267414,0.004457833245396614,0.12473485618829727
1091,0.16669578850269318,1e-04,0.053366665,42.401062,0.0031498629,0.0021493735,0.05612364,0.17879366874694824,0.11983568966388702,13.074081420898438,0.015542544424533844,0.004453056491911411,0.12466973811388016
1092,0.16639594733715057,1e-04,0.053320356,42.370663,0.0031448184,0.0021461637,0.05607868,0.17848341166973114,0.11977759748697281,13.067891120910645,0.015526419505476952,0.004448318388313055,0.12460505217313766
1093,0.1660967916250229,1e-04,0.05327413,42.340305,0.0031397867,0.002142962,0.056033798,0.17817388474941254,0.11971999704837799,13.061752319335938,0.01551042776554823,0.004443621728569269,0.12454086542129517
1094,0.16579823195934296,1e-04,0.053228017,42.310043,0.003134773,0.0021397723,0.055989046,0.17786504328250885,0.11966274678707123,13.055654525756836,0.015494534745812416,0.004438947886228561,0.12447704374790192
1095,0.16550028324127197,1e-04,0.053181987,42.279808,0.0031297724,0.0021365893,0.05594437,0.17755699157714844,0.11960609257221222,13.04962158203125,0.015478789806365967,0.0044343252666294575,0.12441378831863403
1096,0.1652030050754547,1e-04,0.05313607,42.24968,0.0031247884,0.0021334174,0.055899806,0.17724968492984772,0.11954985558986664,13.0436372756958,0.015463164076209068,0.004429736640304327,0.12435097247362137
1097,0.1649063378572464,1e-04,0.05309022,42.219578,0.0031198156,0.002130252,0.055855308,0.1769431233406067,0.11949419975280762,13.037714958190918,0.015447685495018959,0.0044251917861402035,0.12428871542215347
1098,0.16461029648780823,1e-04,0.053044483,42.18955,0.0031148593,0.0021270972,0.055810925,0.17663726210594177,0.1194387823343277,13.031817436218262,0.01543227769434452,0.004420667886734009,0.12422671914100647
1099,0.1643148958683014,1e-04,0.052998837,42.159573,0.0031099168,0.0021239498,0.055766627,0.17633216083049774,0.1193840354681015,13.02599811553955,0.01541704498231411,0.004416198469698429,0.12416539341211319
1100,0.1640201061964035,1e-04,0.0529533,42.129673,0.0031049906,0.0021208131,0.05572244,0.17602773010730743,0.1193295270204544,13.02020263671875,0.015401879325509071,0.004411747213453054,0.12410430610179901
1101,0.16372592747211456,1e-04,0.05290784,42.09983,0.003100077,0.0021176839,0.055678334,0.1757240891456604,0.11927560716867447,13.014471054077148,0.015386861748993397,0.004407341126352549,0.1240437924861908
1102,0.16343238949775696,1e-04,0.052862484,42.07004,0.0030951775,0.0021145637,0.05563432,0.17542116343975067,0.11922208219766617,13.008784294128418,0.015371960587799549,0.004402970429509878,0.1239837110042572
1103,0.1631394922733307,1e-04,0.05281721,42.040302,0.0030902922,0.0021114517,0.0555904,0.17511893808841705,0.11916893720626831,13.003138542175293,0.015357159078121185,0.004398629069328308,0.12392400205135345
1104,0.16284720599651337,1e-04,0.052772045,42.010647,0.0030854223,0.0021083492,0.055546578,0.17481748759746552,0.11911632865667343,12.99755573272705,0.015342490747570992,0.0043943291530013084,0.1238648071885109
1105,0.16255556046962738,1e-04,0.05272697,41.98104,0.0030805669,0.0021052556,0.055502854,0.1745166927576065,0.1190640777349472,12.992009162902832,0.015327924862504005,0.004390059504657984,0.12380599975585938
1106,0.16226451098918915,1e-04,0.052681997,41.951504,0.0030757254,0.0021021706,0.055459224,0.17421665787696838,0.11901234090328217,12.986520767211914,0.015313491225242615,0.00438582943752408,0.12374769151210785
1107,0.16197407245635986,1e-04,0.052637096,41.92203,0.0030708972,0.0020990947,0.055415675,0.17391733825206757,0.11896108090877533,12.981083869934082,0.015299183316528797,0.0043816352263092995,0.12368986755609512
1108,0.16168422996997833,1e-04,0.052592296,41.892616,0.0030660832,0.0020960262,0.055372223,0.17361865937709808,0.1189100593328476,12.975674629211426,0.015284942463040352,0.004377462901175022,0.1236322894692421
1109,0.16139501333236694,1e-04,0.05254761,41.863277,0.003061286,0.0020929691,0.05532889,0.17332077026367188,0.11885949224233627,12.970314025878906,0.015270819887518883,0.0043733264319598675,0.12357515841722488
1110,0.16110646724700928,1e-04,0.052502997,41.83397,0.0030564992,0.0020899174,0.055285614,0.173023521900177,0.11880934238433838,12.964999198913574,0.015256810002028942,0.004369222559034824,0.1235184594988823
1111,0.1608184576034546,1e-04,0.052458487,41.804745,0.0030517292,0.0020868764,0.055242456,0.1727270483970642,0.11875967681407928,12.959739685058594,0.015242929570376873,0.004365160129964352,0.1234622597694397
1112,0.16053108870983124,1e-04,0.052414045,41.775555,0.0030469694,0.0020838422,0.055199362,0.17243123054504395,0.11871027946472168,12.954508781433105,0.015229116193950176,0.004361114464700222,0.1234063059091568
1113,0.16024434566497803,1e-04,0.05236972,41.746433,0.0030422253,0.0020808163,0.055156372,0.172136127948761,0.11866132915019989,12.94932746887207,0.015215424820780754,0.004357109311968088,0.12335082143545151
1114,0.15995819866657257,1e-04,0.05232548,41.717384,0.0030374965,0.002077801,0.055113487,0.17184174060821533,0.1186128631234169,12.944198608398438,0.015201861038804054,0.004353138152509928,0.12329582870006561
1115,0.15967267751693726,1e-04,0.052281354,41.688393,0.0030327812,0.0020747932,0.05507069,0.1715480536222458,0.11856470257043839,12.939104080200195,0.01518838107585907,0.004349195398390293,0.12324114888906479
1116,0.1593877375125885,1e-04,0.052237295,41.659466,0.0030280787,0.002071794,0.05502798,0.1712549924850464,0.1185169443488121,12.934054374694824,0.015175001695752144,0.004345280583947897,0.123186856508255
1117,0.1591033935546875,1e-04,0.05219334,41.63059,0.0030233907,0.0020688032,0.054985367,0.17096269130706787,0.11846961081027985,12.929052352905273,0.015161735005676746,0.004341403022408485,0.12313299626111984
1118,0.15881967544555664,1e-04,0.052149456,41.601765,0.0030187147,0.0020658197,0.05494283,0.17067106068134308,0.11842264235019684,12.924087524414062,0.015148567967116833,0.004337552469223738,0.12307951599359512
1119,0.15853653848171234,1e-04,0.052105684,41.57302,0.0030140541,0.0020628462,0.0549004,0.1703801304101944,0.11837603896856308,12.919164657592773,0.015135501511394978,0.004333733581006527,0.12302642315626144
1120,0.15825402736663818,1e-04,0.052061994,41.54433,0.0030094066,0.002059881,0.05485806,0.17008985579013824,0.11832988262176514,12.914291381835938,0.015122542157769203,0.004329945892095566,0.12297374755144119
1121,0.1579720824956894,1e-04,0.052018385,41.515694,0.0030047717,0.002056923,0.0548158,0.1698002964258194,0.11828398704528809,12.909448623657227,0.015109658241271973,0.004326179623603821,0.12292134761810303
1122,0.15769077837467194,1e-04,0.051974885,41.487125,0.0030001516,0.0020539747,0.05477364,0.16951139271259308,0.11823850870132446,12.90464973449707,0.015096883289515972,0.004322445951402187,0.12286937236785889
1123,0.15741005539894104,1e-04,0.051931463,41.458603,0.0029955434,0.0020510328,0.05473156,0.16922321915626526,0.11819341033697128,12.899892807006836,0.015084209851920605,0.00431874580681324,0.12281779199838638
1124,0.1571299433708191,1e-04,0.051888146,41.43015,0.0029909501,0.0020481008,0.05468958,0.16893567144870758,0.11814860999584198,12.895169258117676,0.01507161371409893,0.004315067082643509,0.12276650220155716
1125,0.1568504273891449,1e-04,0.051844914,41.401752,0.00298637,0.0020451765,0.054647688,0.16864877939224243,0.11810407787561417,12.890472412109375,0.015059098601341248,0.004311409778892994,0.12271551787853241
1126,0.15657149255275726,1e-04,0.051801782,41.37341,0.0029818031,0.0020422603,0.05460589,0.1683625876903534,0.11806000769138336,12.885828971862793,0.01504669152200222,0.0043077920563519,0.12266495823860168
1127,0.15629315376281738,1e-04,0.05175873,41.34513,0.0029772497,0.0020393522,0.054564178,0.16807706654071808,0.11801628023386002,12.881223678588867,0.0150343868881464,0.004304199013859034,0.1226147934794426
1128,0.15601539611816406,1e-04,0.05171575,41.316887,0.0029727067,0.0020364504,0.054522533,0.1677922159433365,0.11797293275594711,12.876660346984863,0.015022176317870617,0.004300635773688555,0.12256498634815216
1129,0.1557382196187973,1e-04,0.051672883,41.288734,0.00296818,0.0020335594,0.054481007,0.1675080806016922,0.11792995035648346,12.872136116027832,0.015010063536465168,0.004297100938856602,0.12251556664705276
1130,0.15546168386936188,1e-04,0.051630106,41.260643,0.0029636663,0.0020306765,0.054439567,0.16722458600997925,0.11788736283779144,12.867655754089355,0.014998053200542927,0.004293599631637335,0.122466541826725
1131,0.15518569946289062,1e-04,0.0515874,41.232586,0.002959164,0.0020278,0.054398198,0.16694176197052002,0.11784505844116211,12.86320686340332,0.014986115507781506,0.004290116019546986,0.12241779267787933
1132,0.15491032600402832,1e-04,0.051544778,41.204613,0.0029546758,0.0020249335,0.05435693,0.16665954887866974,0.11780303716659546,12.858789443969727,0.014974260702729225,0.004286658950150013,0.12236936390399933
1133,0.1546354740858078,1e-04,0.051502246,41.176662,0.002950199,0.0020220722,0.054315735,0.16637802124023438,0.11776135116815567,12.854406356811523,0.014962486922740936,0.004283228423446417,0.1223212480545044
1134,0.15436126291751862,1e-04,0.051459823,41.148804,0.0029457374,0.0020192217,0.05427465,0.16609717905521393,0.11772005259990692,12.850069999694824,0.014950817450881004,0.004279826767742634,0.1222735345363617
1135,0.15408764779567719,1e-04,0.05141747,41.121,0.0029412885,0.002016379,0.054233648,0.16581696271896362,0.11767902225255966,12.8457612991333,0.014939220622181892,0.004276447929441929,0.12222610414028168
1136,0.15381458401679993,1e-04,0.051375218,41.093235,0.0029368512,0.002013542,0.05419272,0.16553737223148346,0.11763826757669449,12.841479301452637,0.01492769829928875,0.00427309051156044,0.12217895686626434
1137,0.15354211628437042,1e-04,0.05133305,41.065536,0.002932428,0.0020107147,0.054151896,0.1652584969997406,0.11759786307811737,12.837240219116211,0.014916272833943367,0.004269762430340052,0.12213219702243805
1138,0.15327024459838867,1e-04,0.05129097,41.037895,0.0029280162,0.0020078945,0.054111145,0.1649802029132843,0.11755772680044174,12.833028793334961,0.014904911629855633,0.004266451112926006,0.12208567559719086
1139,0.1529989242553711,1e-04,0.051248986,41.01031,0.0029236188,0.0020050828,0.0540705,0.1647026240825653,0.11751804500818253,12.82886791229248,0.0148936677724123,0.004263180308043957,0.12203961610794067
1140,0.15272818505764008,1e-04,0.051207088,40.982784,0.0029192334,0.0020022786,0.05402993,0.16442567110061646,0.11747856438159943,12.824728012084961,0.014882484450936317,0.004259922541677952,0.121993787586689
1141,0.1524580419063568,1e-04,0.051165275,40.955307,0.002914861,0.0019994823,0.053989455,0.16414935886859894,0.11743952333927155,12.820638656616211,0.01487140916287899,0.004256698302924633,0.12194838374853134
1142,0.1521884649991989,1e-04,0.051123533,40.927895,0.0029105,0.0019966932,0.05394905,0.16387368738651276,0.11740068346261978,12.816571235656738,0.014860388822853565,0.004253492224961519,0.121903195977211
1143,0.15191945433616638,1e-04,0.051081892,40.900555,0.0029061532,0.0019939134,0.05390875,0.1635986864566803,0.11736222356557846,12.812542915344238,0.014849473722279072,0.004250317811965942,0.12185841798782349
1144,0.1516510248184204,1e-04,0.05104033,40.873257,0.0029018177,0.0019911407,0.05386852,0.1633242964744568,0.1173241138458252,12.808555603027344,0.014838645234704018,0.0042471690103411674,0.12181397527456284
1145,0.1513831466436386,1e-04,0.05099884,40.846012,0.002897494,0.0019883746,0.053828377,0.1630505472421646,0.11728616803884506,12.804586410522461,0.014827867038547993,0.00424403278157115,0.1217697262763977
1146,0.15111587941646576,1e-04,0.05095746,40.818825,0.0028931843,0.0019856172,0.05378833,0.16277743875980377,0.11724853515625,12.800649642944336,0.01481716614216566,0.004240921698510647,0.12172578275203705
1147,0.15084916353225708,1e-04,0.05091616,40.791702,0.002888887,0.0019828675,0.053748365,0.16250495612621307,0.11721116304397583,12.79674243927002,0.014806538820266724,0.004237833432853222,0.12168212234973907
1148,0.15058301389217377,1e-04,0.05087495,40.76463,0.0028846012,0.001980125,0.053708483,0.16223309934139252,0.11717408895492554,12.792866706848145,0.01479598879814148,0.0042347656562924385,0.12163875997066498
1149,0.15031744539737701,1e-04,0.05083383,40.737625,0.0028803295,0.0019773913,0.0536687,0.1619618684053421,0.1171373575925827,12.789030075073242,0.014785528182983398,0.004231725819408894,0.12159575521945953
1150,0.15005241334438324,1e-04,0.05079278,40.710655,0.0028760682,0.0019746635,0.05362899,0.16169127821922302,0.11710081249475479,12.785212516784668,0.014775117859244347,0.004228703211992979,0.12155294418334961
1151,0.1497879922389984,1e-04,0.05075183,40.68377,0.0028718212,0.0019719454,0.053589374,0.16142131388187408,0.11706461757421494,12.781435012817383,0.014764802530407906,0.0042257048189640045,0.12151050567626953
1152,0.14952409267425537,1e-04,0.050710954,40.656902,0.0028675827,0.001969232,0.053549815,0.1611519604921341,0.11702860891819,12.777676582336426,0.014754535630345345,0.004222723189741373,0.12146824598312378
1153,0.1492607742547989,1e-04,0.050670154,40.630104,0.0028633578,0.0019665272,0.053510353,0.16088327765464783,0.11699306964874268,12.773970603942871,0.014744387939572334,0.004219775553792715,0.12142647057771683
1154,0.14899802207946777,1e-04,0.050629474,40.603374,0.002859148,0.0019638317,0.053471003,0.16061516106128693,0.11695767939090729,12.770279884338379,0.014734283089637756,0.004216842819005251,0.12138485163450241
1155,0.14873583614826202,1e-04,0.05058885,40.5767,0.002854948,0.0019611423,0.053431712,0.16034771502017975,0.11692263185977936,12.766626358032227,0.01472426950931549,0.004213934764266014,0.12134359776973724
1156,0.14847420156002045,1e-04,0.0505483,40.550076,0.0028507595,0.0019584605,0.053392503,0.16008086502552032,0.11688785254955292,12.763005256652832,0.014714322984218597,0.00421105045825243,0.12130261212587357
1157,0.14821311831474304,1e-04,0.050507847,40.523514,0.0028465842,0.0019557867,0.053353388,0.15981465578079224,0.11685339361429214,12.759416580200195,0.014704465866088867,0.004208190832287073,0.12126196920871735
1158,0.1479526162147522,1e-04,0.050467473,40.497005,0.0028424205,0.0019531201,0.053314354,0.1595490425825119,0.11681914329528809,12.755851745605469,0.014694658108055592,0.004205344710499048,0.12122152745723724
1159,0.14769265055656433,1e-04,0.05042719,40.47056,0.0028382689,0.0019504608,0.053275406,0.15928401052951813,0.11678502708673477,12.752300262451172,0.014684891328215599,0.004202511161565781,0.12118123471736908
1160,0.14743326604366302,1e-04,0.050386988,40.44415,0.0028341284,0.0019478084,0.053236533,0.1590196043252945,0.11675120890140533,12.74878215789795,0.014675202779471874,0.00419970229268074,0.12114125490188599
1161,0.1471744030714035,1e-04,0.05034687,40.41779,0.0028299992,0.0019451623,0.053197738,0.1587558090686798,0.1167176216840744,12.74528980255127,0.014665579423308372,0.004196912050247192,0.12110152840614319
1162,0.14691610634326935,1e-04,0.05030685,40.391502,0.0028258846,0.0019425259,0.05315905,0.1584925800561905,0.11668430268764496,12.741826057434082,0.014656027778983116,0.004194146953523159,0.12106208503246307
1163,0.14665833115577698,1e-04,0.050266907,40.365253,0.0028217803,0.0019398951,0.05312043,0.15823005139827728,0.11665128171443939,12.738394737243652,0.014646550640463829,0.004191397223621607,0.12102293223142624
1164,0.14640118181705475,1e-04,0.050227042,40.339073,0.0028176878,0.0019372731,0.053081896,0.15796804428100586,0.11661843210458755,12.73498249053955,0.014637121930718422,0.0041886670514941216,0.12098397314548492
1165,0.14614450931549072,1e-04,0.05018723,40.31293,0.002813605,0.0019346556,0.053043425,0.15770667791366577,0.11658595502376556,12.731611251831055,0.0146277891471982,0.004185963422060013,0.12094539403915405
1166,0.14588843286037445,1e-04,0.050147526,40.286858,0.0028095348,0.0019320474,0.053005043,0.15744592249393463,0.11655372381210327,12.728265762329102,0.014618521556258202,0.004183279816061258,0.12090707570314407
1167,0.14563289284706116,1e-04,0.050107904,40.26085,0.002805478,0.0019294473,0.052966762,0.15718574821949005,0.1165216788649559,12.724942207336426,0.014609302394092083,0.004180608317255974,0.12086894363164902
1168,0.14537787437438965,1e-04,0.050068382,40.234886,0.0028014334,0.0019268544,0.05292857,0.15692618489265442,0.11648993194103241,12.721651077270508,0.014600163325667381,0.0041779642924666405,0.12083113193511963
1169,0.1451234221458435,1e-04,0.050028913,40.208965,0.0027973973,0.001924266,0.052890427,0.15666721761226654,0.11645840108394623,12.718381881713867,0.01459108293056488,0.004175334237515926,0.12079355865716934
1170,0.14486952126026154,1e-04,0.049989544,40.183113,0.0027933754,0.0019216875,0.052852392,0.1564088612794876,0.11642716079950333,12.715145111083984,0.01458207331597805,0.00417272699996829,0.12075625360012054
1171,0.14461615681648254,1e-04,0.049950235,40.15731,0.0027893628,0.0019191148,0.05281442,0.15615107119083405,0.11639606952667236,12.71192455291748,0.014573107473552227,0.0041701337322592735,0.12071912735700607
1172,0.14436332881450653,1e-04,0.049911026,40.13157,0.0027853637,0.0019165502,0.052776545,0.15589390695095062,0.11636523902416229,12.708734512329102,0.014564216136932373,0.004167561884969473,0.12068229168653488
1173,0.1441110521554947,1e-04,0.04987188,40.105877,0.0027813741,0.0019139914,0.052738734,0.15563727915287018,0.11633460223674774,12.705562591552734,0.014555374160408974,0.004165006801486015,0.12064565718173981
1174,0.14385931193828583,1e-04,0.049832843,40.08024,0.0027773976,0.001911441,0.052701022,0.15538126230239868,0.1163041740655899,12.702413558959961,0.014546583406627178,0.004162463825196028,0.12060921639204025
1175,0.14360812306404114,1e-04,0.049793873,40.05464,0.0027734314,0.0019088964,0.05266338,0.15512582659721375,0.11627397686243057,12.699292182922363,0.01453785877674818,0.0041599394753575325,0.12057304382324219
1176,0.14335744082927704,1e-04,0.04975497,40.02909,0.0027694753,0.0019063585,0.052625805,0.15487095713615417,0.11624391376972198,12.696184158325195,0.014529171399772167,0.004157430492341518,0.12053701281547546
1177,0.1431073248386383,1e-04,0.049716167,40.00361,0.0027655326,0.0019038287,0.052588332,0.15461666882038116,0.11621415615081787,12.693107604980469,0.01452056597918272,0.0041549415327608585,0.120501309633255
1178,0.14285771548748016,1e-04,0.049677458,39.978165,0.0027616008,0.0019013048,0.052550934,0.1543629914522171,0.11618465185165405,12.690061569213867,0.014512020163238049,0.004152474459260702,0.12046584486961365
1179,0.142608642578125,1e-04,0.0496388,39.952793,0.0027576792,0.0018987886,0.05251361,0.154109925031662,0.11615542322397232,12.687044143676758,0.014503555372357368,0.0041500274091959,0.12043070793151855
1180,0.1423601508140564,1e-04,0.04960023,39.927467,0.002753769,0.0018962794,0.052476365,0.15385739505290985,0.11612632125616074,12.684041023254395,0.014495119452476501,0.004147591069340706,0.12039567530155182
1181,0.1421121507883072,1e-04,0.04956173,39.9022,0.0027498703,0.0018937769,0.052439205,0.15360549092292786,0.11609756946563721,12.681075096130371,0.014486774802207947,0.00414518266916275,0.12036101520061493
1182,0.14186471700668335,1e-04,0.049523316,39.876995,0.0027459827,0.0018912825,0.052402124,0.15335415303707123,0.11606893688440323,12.678123474121094,0.014478465542197227,0.004142783582210541,0.12032649666070938
1183,0.1416177898645401,1e-04,0.04948497,39.851807,0.0027421042,0.0018887924,0.052365106,0.1531033217906952,0.11604045331478119,12.675188064575195,0.014470197260379791,0.004140396602451801,0.12029213458299637
1184,0.14137136936187744,1e-04,0.049446724,39.826706,0.0027382395,0.0018863118,0.05232819,0.1528531312942505,0.11601229757070541,12.672286987304688,0.014462013728916645,0.004138034302741289,0.12025811523199081
1185,0.14112550020217896,1e-04,0.04940855,39.80165,0.0027343854,0.0018838366,0.052291352,0.15260347723960876,0.115984246134758,12.669397354125977,0.014453859999775887,0.004135679919272661,0.12022420763969421
1186,0.14088015258312225,1e-04,0.049370453,39.776638,0.0027305412,0.0018813689,0.05225458,0.1523543894290924,0.1159563809633255,12.666528701782227,0.014445754699409008,0.004133343230932951,0.12019049376249313
1187,0.14063534140586853,1e-04,0.049332436,39.751675,0.0027267074,0.0018789071,0.052217882,0.15210586786270142,0.11592873185873032,12.663683891296387,0.01443770993500948,0.004131024237722158,0.12015701830387115
1188,0.1403910517692566,1e-04,0.04929451,39.726772,0.0027228864,0.0018764525,0.052181285,0.15185794234275818,0.11590126901865005,12.660858154296875,0.014429712668061256,0.004128719680011272,0.1201237365603447
1189,0.14014729857444763,1e-04,0.049256623,39.70191,0.002719073,0.0018740038,0.052144732,0.15161053836345673,0.1158740296959877,12.658056259155273,0.014421777799725533,0.004126429092139006,0.12009070813655853
1190,0.13990403711795807,1e-04,0.04921885,39.677116,0.002715273,0.0018715635,0.05210828,0.15136373043060303,0.11584693193435669,12.655271530151367,0.014413882978260517,0.004124152008444071,0.12005782872438431
1191,0.13966134190559387,1e-04,0.04918114,39.65235,0.0027114826,0.0018691279,0.0520719,0.1511174738407135,0.11582009494304657,12.652514457702637,0.014406053349375725,0.00412189494818449,0.12002521753311157
1192,0.13941912353038788,1e-04,0.049143534,39.627678,0.0027077054,0.0018667014,0.052035615,0.15087178349494934,0.11579344421625137,12.649776458740234,0.014398274011909962,0.004119654186069965,0.11999280750751495
1193,0.13917745649814606,1e-04,0.049105965,39.603027,0.0027039365,0.0018642801,0.05199939,0.15062662959098816,0.11576695740222931,12.647056579589844,0.014390537515282631,0.0041174255311489105,0.11996056884527206
1194,0.13893626630306244,1e-04,0.049068484,39.57841,0.0027001775,0.0018618648,0.051963232,0.15038208663463593,0.11574076116085052,12.644370079040527,0.014382882043719292,0.004115220624953508,0.11992865055799484
1195,0.1386956423521042,1e-04,0.049031083,39.55388,0.0026964308,0.0018594577,0.051927168,0.15013808012008667,0.1157146692276001,12.641694068908691,0.014375251717865467,0.0041130222380161285,0.11989683657884598
1196,0.13845551013946533,1e-04,0.048993766,39.52938,0.0026926936,0.0018570556,0.05189117,0.1498946100473404,0.11568871885538101,12.639032363891602,0.014367662370204926,0.00411083921790123,0.11986518651247025
1197,0.13821591436862946,1e-04,0.04895652,39.504936,0.002688967,0.0018546607,0.05185525,0.1496516764163971,0.11566293239593506,12.636388778686523,0.014360117726027966,0.0041086673736572266,0.11983370780944824
1198,0.13797682523727417,1e-04,0.048919376,39.480553,0.002685253,0.0018522735,0.05181943,0.14940932393074036,0.11563748121261597,12.633780479431152,0.014352659694850445,0.004106521140784025,0.11980258673429489
1199,0.1377382129430771,1e-04,0.048882283,39.456215,0.002681548,0.0018498921,0.051783666,0.14916753768920898,0.11561212688684464,12.631185531616211,0.014345226809382439,0.0041043818928301334,0.1197715625166893
1200,0.13750016689300537,1e-04,0.048845258,39.431923,0.0026778528,0.0018475169,0.051747974,0.1489262878894806,0.11558699607849121,12.628613471984863,0.014337854459881783,0.004102259874343872,0.11974077671766281
1201,0.13726261258125305,1e-04,0.048808318,39.40768,0.0026741682,0.0018451479,0.05171236,0.14868557453155518,0.11556202173233032,12.626057624816895,0.014330525882542133,0.0041001527570188046,0.11971017718315125
1202,0.13702555000782013,1e-04,0.048771463,39.3835,0.002670495,0.0018427861,0.051676832,0.14844538271427155,0.11553718149662018,12.623516082763672,0.01432323269546032,0.004098056815564632,0.11967971175909042
1203,0.1367889940738678,1e-04,0.04873467,39.35937,0.0026668315,0.001840431,0.051641375,0.14820580184459686,0.11551259458065033,12.621004104614258,0.014316007494926453,0.004095977637916803,0.11964952200651169
1204,0.13655297458171844,1e-04,0.04869795,39.335262,0.0026631765,0.0018380804,0.051605973,0.14796674251556396,0.11548815667629242,12.618505477905273,0.014308823272585869,0.0040939124301075935,0.11961949616670609
1205,0.1363174468278885,1e-04,0.048661333,39.311245,0.0026595355,0.0018357391,0.051570684,0.14772818982601166,0.11546377837657928,12.616015434265137,0.014301657676696777,0.004091852344572544,0.11958953738212585
1206,0.13608244061470032,1e-04,0.04862477,39.287247,0.002655902,0.0018334019,0.051535442,0.14749018847942352,0.11543961614370346,12.613546371459961,0.014294549822807312,0.004089809022843838,0.11955981701612473
1207,0.13584792613983154,1e-04,0.04858827,39.2633,0.0026522784,0.0018310713,0.051500276,0.14725275337696075,0.11541566997766495,12.611102104187012,0.014287498779594898,0.004087783861905336,0.1195303276181221
1208,0.13561391830444336,1e-04,0.048551865,39.23941,0.002648666,0.0018287473,0.05146519,0.14701582491397858,0.1153918132185936,12.608667373657227,0.014280472882091999,0.004085764288902283,0.11950093507766724
1209,0.13538041710853577,1e-04,0.04851552,39.21556,0.0026450625,0.0018264292,0.05143017,0.14677943289279938,0.11536815017461777,12.606252670288086,0.014273500069975853,0.004083759617060423,0.11947175115346909
1210,0.13514740765094757,1e-04,0.048479274,39.191776,0.0026414716,0.0018241187,0.05139525,0.14654362201690674,0.11534472554922104,12.603866577148438,0.014266589656472206,0.004081777296960354,0.11944282799959183
1211,0.13491490483283997,1e-04,0.04844308,39.16804,0.002637889,0.0018218139,0.051360384,0.1463083177804947,0.11532142013311386,12.60149097442627,0.014259709045290947,0.004079802893102169,0.11941402405500412
1212,0.13468292355537415,1e-04,0.048406966,39.144356,0.0026343171,0.0018195161,0.0513256,0.14607354998588562,0.1152983084321022,12.599135398864746,0.014252884313464165,0.004077844321727753,0.11938544362783432
1213,0.13445143401622772,1e-04,0.048370924,39.120712,0.002630755,0.0018172229,0.05129089,0.14583931863307953,0.11527534574270248,12.596797943115234,0.014246095903217793,0.004075894597917795,0.11935701221227646
1214,0.1342204213142395,1e-04,0.04833495,39.09712,0.0026272016,0.0018149371,0.051256236,0.14560559391975403,0.1152525395154953,12.594476699829102,0.0142393559217453,0.004073961637914181,0.11932877451181412
1215,0.13398990035057068,1e-04,0.048299056,39.07358,0.0026236596,0.0018126576,0.051221672,0.1453724354505539,0.11522990465164185,12.592174530029297,0.014232655055820942,0.004072038922458887,0.11930069327354431
1216,0.13375990092754364,1e-04,0.048263237,39.050087,0.0026201268,0.0018103833,0.051187173,0.14513979852199554,0.11520737409591675,12.589881896972656,0.014225989580154419,0.004070125985890627,0.11927275359630585
1217,0.1335304081439972,1e-04,0.048227474,39.026638,0.002616604,0.0018081162,0.05115275,0.1449076384305954,0.11518491804599762,12.58759880065918,0.014219343662261963,0.004068220965564251,0.11924488842487335
1218,0.13330137729644775,1e-04,0.048191804,39.00323,0.0026130902,0.0018058537,0.051118392,0.14467601478099823,0.11516264826059341,12.585334777832031,0.014212749898433685,0.004066329449415207,0.11921723932027817
1219,0.1330728530883789,1e-04,0.0481562,38.979885,0.002609588,0.0018035988,0.051084127,0.14444491267204285,0.11514061689376831,12.583096504211426,0.014206213876605034,0.004064456559717655,0.11918982118368149
1220,0.13284480571746826,1e-04,0.048120677,38.956596,0.0026060953,0.00180135,0.05104993,0.14421437680721283,0.11511868238449097,12.580869674682617,0.014199713245034218,0.004062590654939413,0.11916255205869675
1221,0.1326172649860382,1e-04,0.048085228,38.933342,0.0026026117,0.0017991067,0.051015798,0.1439843326807022,0.11509688198566437,12.578656196594238,0.014193239621818066,0.004060737323015928,0.11913538724184036
1222,0.13239021599292755,1e-04,0.048049834,38.910122,0.0025991367,0.001796869,0.05098173,0.14375482499599457,0.11507531255483627,12.576467514038086,0.014186838641762733,0.004058902617543936,0.11910851299762726
1223,0.1321636587381363,1e-04,0.048014514,38.88698,0.0025956722,0.0017946382,0.05094774,0.1435258388519287,0.11505389213562012,12.574295997619629,0.014180469326674938,0.004057078622281551,0.1190817728638649
1224,0.13193759322166443,1e-04,0.047979273,38.86387,0.0025922174,0.0017924133,0.050913822,0.14329732954502106,0.11503250896930695,12.572126388549805,0.014174115844070911,0.004055258817970753,0.11905509233474731
1225,0.13171198964118958,1e-04,0.047944095,38.840813,0.0025887722,0.001790194,0.050879978,0.14306935667991638,0.1150113120675087,12.569977760314941,0.01416780985891819,0.004053453914821148,0.11902861297130585
1226,0.1314868927001953,1e-04,0.047909,38.817802,0.002585337,0.0017879816,0.050846208,0.1428419053554535,0.114990234375,12.567843437194824,0.014161537401378155,0.00405165646225214,0.11900226026773453
1227,0.13126228749752045,1e-04,0.04787398,38.79484,0.0025819119,0.001785775,0.050812516,0.1426149606704712,0.11496938765048981,12.565732955932617,0.014155328273773193,0.004049879498779774,0.1189761683344841
1228,0.1310381442308426,1e-04,0.047839027,38.771923,0.0025784955,0.001783574,0.05077889,0.14238855242729187,0.11494860798120499,12.563628196716309,0.014149141497910023,0.0040481071919202805,0.11895016580820084
1229,0.13081449270248413,1e-04,0.047804136,38.74905,0.002575088,0.0017813782,0.050745327,0.14216263592243195,0.11492794752120972,12.561537742614746,0.014142979867756367,0.00404634652659297,0.11892426013946533
1230,0.13059133291244507,1e-04,0.047769316,38.726223,0.0025716892,0.0017791886,0.050711825,0.1419372260570526,0.11490748077630997,12.559468269348145,0.014136875048279762,0.004044598899781704,0.11889859288930893
1231,0.1303686499595642,1e-04,0.047734577,38.703457,0.0025683017,0.0017770061,0.050678413,0.14171232283115387,0.11488715559244156,12.557413101196289,0.014130805619060993,0.004042861517518759,0.11887306720018387
1232,0.13014642894268036,1e-04,0.047699902,38.680733,0.0025649231,0.0017748289,0.050645072,0.1414879411458969,0.1148669570684433,12.55537223815918,0.014124775305390358,0.004041138105094433,0.11884769797325134
1233,0.1299247145652771,1e-04,0.047665305,38.65806,0.002561554,0.0017726575,0.050611798,0.14126405119895935,0.1148468628525734,12.553342819213867,0.014118771068751812,0.0040394216775894165,0.11882243305444717
1234,0.12970347702503204,1e-04,0.047630765,38.63542,0.0025581936,0.0017704915,0.05057859,0.14104063808918,0.11482685804367065,12.551321029663086,0.014112794771790504,0.004037710838019848,0.11879728734493256
1235,0.1294826865196228,1e-04,0.0475963,38.61283,0.0025548418,0.0017683312,0.050545443,0.1408177763223648,0.11480705440044403,12.549324035644531,0.01410687156021595,0.0040360186249017715,0.11877235025167465
1236,0.12926240265369415,1e-04,0.047561903,38.59028,0.0025514998,0.0017661763,0.050512373,0.14059540629386902,0.11478734016418457,12.547332763671875,0.014100976288318634,0.0040343329310417175,0.1187475323677063
1237,0.1290425956249237,1e-04,0.04752759,38.567806,0.0025481684,0.0017640291,0.050479386,0.14037352800369263,0.11476778984069824,12.545361518859863,0.014095120131969452,0.0040326593443751335,0.11872287094593048
1238,0.12882325053215027,1e-04,0.04749334,38.545357,0.0025448452,0.0017618864,0.05044646,0.14015212655067444,0.1147482842206955,12.543394088745117,0.014089283533394337,0.004030992742627859,0.11869829148054123
1239,0.12860438227653503,1e-04,0.04745915,38.522945,0.0025415304,0.001759749,0.050413594,0.13993126153945923,0.11472904682159424,12.541455268859863,0.014083513990044594,0.004029344767332077,0.11867398023605347
1240,0.1283859759569168,1e-04,0.04742504,38.500595,0.0025382256,0.0017576185,0.050380807,0.13971085846424103,0.11470980942249298,12.539515495300293,0.014077747240662575,0.00402769586071372,0.1186496838927269
1241,0.1281680464744568,1e-04,0.047391,38.478294,0.0025349308,0.0017554935,0.050348096,0.1394909918308258,0.11469082534313202,12.537606239318848,0.014072045683860779,0.004026070237159729,0.11862565577030182
1242,0.12795059382915497,1e-04,0.047357015,38.456036,0.0025316437,0.0017533741,0.050315443,0.1392715871334076,0.11467184126377106,12.535693168640137,0.01406635157763958,0.004024442285299301,0.11860164999961853
1243,0.12773360311985016,1e-04,0.047323093,38.43382,0.0025283645,0.0017512592,0.050282847,0.13905268907546997,0.11465303599834442,12.533801078796387,0.014060704037547112,0.004022833425551653,0.11857783794403076
1244,0.12751708924770355,1e-04,0.047289256,38.41165,0.0025250963,0.001749151,0.050250337,0.13883428275585175,0.11463429778814316,12.531915664672852,0.01405507605522871,0.004021225031465292,0.11855410784482956
1245,0.12730103731155396,1e-04,0.04725549,38.38954,0.0025218376,0.0017470495,0.0502179,0.13861629366874695,0.11461567878723145,12.53004264831543,0.014049479737877846,0.004019628278911114,0.1185305044054985
1246,0.12708541750907898,1e-04,0.04722178,38.36745,0.0025185854,0.0017449515,0.05018551,0.13839887082576752,0.11459717899560928,12.528182983398438,0.014043919742107391,0.004018042702227831,0.11850704252719879
1247,0.1268702894449234,1e-04,0.04718816,38.34542,0.0025153446,0.0017428608,0.05015321,0.13818193972110748,0.11457888782024384,12.526346206665039,0.014038413763046265,0.004016468767076731,0.11848381161689758
1248,0.12665565311908722,1e-04,0.047154583,38.323433,0.002512111,0.0017407743,0.050120965,0.13796547055244446,0.11456061899662018,12.524508476257324,0.014032915234565735,0.004014902748167515,0.11846060305833817
1249,0.12644144892692566,1e-04,0.047121074,38.301476,0.0025088857,0.0017386929,0.05008878,0.13774952292442322,0.11454248428344727,12.522687911987305,0.014027455821633339,0.004013344179838896,0.11843755841255188
1250,0.1262277364730835,1e-04,0.047087643,38.279594,0.002505671,0.0017366192,0.050056677,0.137534037232399,0.11452450603246689,12.520883560180664,0.014022037386894226,0.004011800512671471,0.11841468513011932
1251,0.12601445615291595,1e-04,0.047054283,38.257748,0.0025024647,0.00173455,0.05002464,0.13731904327869415,0.11450663954019547,12.51909065246582,0.014016647823154926,0.00401026476174593,0.11839192360639572
1252,0.1258016675710678,1e-04,0.047020976,38.23593,0.002499266,0.001732486,0.049992662,0.13710452616214752,0.11448882520198822,12.517305374145508,0.014011276885867119,0.004008734133094549,0.11836923658847809
1253,0.12558932602405548,1e-04,0.046987735,38.214176,0.0024960763,0.0017304274,0.049960747,0.1368905007839203,0.11447121948003769,12.51554012298584,0.014005961827933788,0.0040072184056043625,0.11834678798913956
1254,0.12537743151187897,1e-04,0.04695457,38.19247,0.0024928967,0.0017283757,0.04992892,0.13667692244052887,0.11445362865924835,12.513776779174805,0.014000649563968182,0.004005703143775463,0.11832433938980103
1255,0.12516599893569946,1e-04,0.046921484,38.1708,0.0024897256,0.0017263283,0.04989715,0.13646385073661804,0.11443614959716797,12.512024879455566,0.01399537455290556,0.004004202783107758,0.11830204725265503
1256,0.12495505064725876,1e-04,0.046888445,38.149162,0.0024865614,0.0017242859,0.049865432,0.13625124096870422,0.11441878974437714,12.510286331176758,0.013990131206810474,0.004002707079052925,0.11827988177537918
1257,0.12474451959133148,1e-04,0.04685549,38.127594,0.0024834084,0.0017222501,0.049833808,0.136039137840271,0.11440157890319824,12.508563041687012,0.013984923250973225,0.004001224413514137,0.11825786530971527
1258,0.124534472823143,1e-04,0.046822593,38.106056,0.0024802627,0.0017202192,0.049802236,0.13582748174667358,0.11438439041376114,12.506841659545898,0.013979730196297169,0.003999745938926935,0.11823590844869614
1259,0.12432487308979034,1e-04,0.046789765,38.08456,0.0024771255,0.0017181935,0.049770728,0.13561630249023438,0.11436736583709717,12.505139350891113,0.01397457905113697,0.003998278174549341,0.11821412295103073
1260,0.1241157203912735,1e-04,0.046757,38.063114,0.0024739972,0.0017161736,0.049739294,0.13540558516979218,0.11435049772262573,12.503451347351074,0.013969468884170055,0.0039968243800103664,0.11819250881671906
1261,0.12390698492527008,1e-04,0.046724275,38.04169,0.0024708745,0.0017141572,0.04970789,0.13519535958766937,0.11433376371860504,12.501779556274414,0.01396439503878355,0.003995381761342287,0.11817104369401932
1262,0.12369873374700546,1e-04,0.04669165,38.02034,0.0024677636,0.0017121484,0.04967659,0.13498562574386597,0.11431709676980972,12.500115394592285,0.013959342613816261,0.003993941470980644,0.11814966052770615
1263,0.12349093705415726,1e-04,0.04665908,37.99903,0.0024646611,0.0017101447,0.049645353,0.13477632403373718,0.1143004521727562,12.498451232910156,0.013954299502074718,0.003992508165538311,0.11812831461429596
1264,0.12328358739614487,1e-04,0.046626568,37.977764,0.0024615664,0.0017081462,0.049614176,0.13456745445728302,0.11428394168615341,12.49680233001709,0.013949289917945862,0.003991082310676575,0.11810711026191711
1265,0.12307663261890411,1e-04,0.046594117,37.956528,0.0024584788,0.001706152,0.049583048,0.13435913622379303,0.11426761001348495,12.495172500610352,0.013944330625236034,0.003989672288298607,0.11808611452579498
1266,0.12287020683288574,1e-04,0.046561737,37.93533,0.0024553996,0.0017041633,0.04955199,0.13415123522281647,0.11425124108791351,12.493539810180664,0.013939367607235909,0.003988259471952915,0.11806509643793106
1267,0.1226641982793808,1e-04,0.04652942,37.914192,0.0024523297,0.0017021797,0.049521003,0.1339438408613205,0.11423508077859879,12.491926193237305,0.013934455811977386,0.003986863419413567,0.11804429441690445
1268,0.12245865166187286,1e-04,0.0464972,37.893116,0.0024492708,0.0017002037,0.04949011,0.13373687863349915,0.11421887576580048,12.49030876159668,0.013929540291428566,0.003985464107245207,0.11802347004413605
1269,0.12225354462862015,1e-04,0.046465002,37.872047,0.002446216,0.0016982303,0.049459238,0.1335303783416748,0.11420291662216187,12.48871898651123,0.013924685306847095,0.003984085749834776,0.11800290644168854
1270,0.12204886227846146,1e-04,0.046432886,37.851036,0.002443171,0.001696263,0.049428444,0.13332435488700867,0.11418698728084564,12.487131118774414,0.013919842429459095,0.003982710652053356,0.11798238009214401
1271,0.12184463441371918,1e-04,0.046400823,37.830055,0.0024401334,0.0016942995,0.049397707,0.13311877846717834,0.11417119204998016,12.485557556152344,0.013915036804974079,0.003981343936175108,0.11796201765537262
1272,0.12164086103439331,1e-04,0.04636884,37.809147,0.002437106,0.0016923441,0.049367055,0.1329137086868286,0.11415555328130722,12.484001159667969,0.013910273090004921,0.003979991190135479,0.11794181913137436
1273,0.12143751233816147,1e-04,0.046336908,37.788246,0.0024340847,0.001690391,0.049336445,0.1327090561389923,0.1141398698091507,12.482439041137695,0.013905498199164867,0.00397863332182169,0.11792157590389252
1274,0.12123463302850723,1e-04,0.04630504,37.767414,0.0024310728,0.0016884449,0.04930591,0.13250483572483063,0.11412439495325089,12.4808988571167,0.01390077918767929,0.0039772940799593925,0.11790156364440918
1275,0.12103213369846344,1e-04,0.04627323,37.74662,0.0024280685,0.0016865033,0.049275436,0.13230109214782715,0.11410888284444809,12.479355812072754,0.013896060176193714,0.003975952975451946,0.11788155138492584
1276,0.12083011120557785,1e-04,0.046241514,37.725872,0.0024250734,0.0016845671,0.049245033,0.13209782540798187,0.11409355700016022,12.477831840515137,0.01389138400554657,0.0039746263064444065,0.11786171793937683
1277,0.12062852829694748,1e-04,0.04620984,37.705154,0.0024220855,0.0016826356,0.049214687,0.13189499080181122,0.11407826840877533,12.476310729980469,0.013886725530028343,0.003973303362727165,0.11784195154905319
1278,0.12042737007141113,1e-04,0.046178218,37.684475,0.0024191043,0.0016807083,0.04918439,0.13169264793395996,0.11406314373016357,12.474809646606445,0.01388210617005825,0.003971991129219532,0.11782234907150269
1279,0.1202266663312912,1e-04,0.046146676,37.663853,0.0024161327,0.0016787872,0.049154174,0.13149072229862213,0.1140480488538742,12.473308563232422,0.013877501711249352,0.003970685414969921,0.11780280619859695
1280,0.12002637982368469,1e-04,0.04611518,37.643246,0.0024131672,0.0016768693,0.049124,0.1312892585992813,0.1140330582857132,12.471819877624512,0.013872924260795116,0.003969385754317045,0.11778337508440018
1281,0.1198265478014946,1e-04,0.04608377,37.622707,0.0024102128,0.001674959,0.049093917,0.1310882568359375,0.11401815712451935,12.47033977508545,0.013868371024727821,0.003968093544244766,0.11776404827833176
1282,0.11962714791297913,1e-04,0.04605241,37.60221,0.0024072642,0.0016730529,0.04906388,0.13088767230510712,0.11400333791971207,12.46886920928955,0.013863842003047466,0.003966808319091797,0.1177448183298111
1283,0.11942815780639648,1e-04,0.04602112,37.58178,0.0024043259,0.0016711535,0.049033925,0.13068756461143494,0.1139887124300003,12.46741771697998,0.013859364204108715,0.003965538926422596,0.11772580444812775
1284,0.11922958493232727,1e-04,0.045989864,37.561344,0.0024013913,0.0016692554,0.049003992,0.13048788905143738,0.11397405713796616,12.46596622467041,0.013854888267815113,0.0039642672054469585,0.1177067905664444
1285,0.11903146654367447,1e-04,0.045958683,37.540962,0.0023984665,0.0016673642,0.04897414,0.13028867542743683,0.11395951360464096,12.464523315429688,0.013850433751940727,0.003963004797697067,0.11768786609172821
1286,0.11883379518985748,1e-04,0.045927584,37.52065,0.002395552,0.0016654793,0.048944376,0.1300898939371109,0.11394500732421875,12.46308422088623,0.013845997862517834,0.003961748909205198,0.117669016122818
1287,0.11863653361797333,1e-04,0.045896534,37.500343,0.0023926427,0.0016635973,0.04891465,0.1298915296792984,0.11393056809902191,12.461653709411621,0.013841582462191582,0.003960496746003628,0.11765025556087494
1288,0.1184396967291832,1e-04,0.045865543,37.480095,0.0023897414,0.0016617206,0.04888498,0.1296936422586441,0.11391621828079224,12.460230827331543,0.013837188482284546,0.0039592524990439415,0.11763157695531845
1289,0.11824329197406769,1e-04,0.045834605,37.459873,0.0023868473,0.001659848,0.04885537,0.12949618697166443,0.11390199512243271,12.458822250366211,0.01383283268660307,0.003958015702664852,0.1176130622625351
1290,0.1180473268032074,1e-04,0.04580375,37.4397,0.002383962,0.0016579815,0.048825834,0.12929919362068176,0.11388786137104034,12.457422256469727,0.013828501105308533,0.003956788219511509,0.1175946444272995
1291,0.11785177141427994,1e-04,0.04577293,37.41957,0.002381083,0.001656119,0.048796345,0.12910260260105133,0.11387376487255096,12.45602798461914,0.013824181631207466,0.0039555663242936134,0.11757627874612808
1292,0.1176566481590271,1e-04,0.045742195,37.39949,0.002378214,0.0016542623,0.048766933,0.1289065033197403,0.1138598695397377,12.4546537399292,0.013819912448525429,0.003954354673624039,0.11755812168121338
1293,0.11746193468570709,1e-04,0.0457115,37.379433,0.0023753499,0.0016524092,0.04873756,0.12871083617210388,0.11384604126214981,12.453287124633789,0.013815661892294884,0.00395315233618021,0.11754004657268524
1294,0.1172676682472229,1e-04,0.045680884,37.35945,0.002372497,0.0016505637,0.048708286,0.1285155713558197,0.11383222043514252,12.451921463012695,0.013811422511935234,0.003951950930058956,0.11752200871706009
1295,0.11707379668951035,1e-04,0.045650307,37.33948,0.0023696485,0.0016487206,0.048679035,0.12832078337669373,0.11381852626800537,12.450566291809082,0.013807212933897972,0.003950757905840874,0.11750409752130508
1296,0.1168803796172142,1e-04,0.045619804,37.319565,0.0023668094,0.0016468832,0.048649866,0.1281263828277588,0.11380479484796524,12.449209213256836,0.013803002424538136,0.003949566278606653,0.11748617887496948
1297,0.1166873574256897,1e-04,0.045589365,37.29968,0.0023639775,0.0016450504,0.048620753,0.12793245911598206,0.11379128694534302,12.4478759765625,0.013798845931887627,0.0039483895525336266,0.11746849119663239
1298,0.11649475246667862,1e-04,0.04555897,37.279835,0.0023611514,0.0016432216,0.04859168,0.12773890793323517,0.11377763748168945,12.446526527404785,0.013794660568237305,0.003947204444557428,0.11745066940784454
1299,0.11630257964134216,1e-04,0.045528647,37.260017,0.0023583337,0.0016413971,0.04856268,0.12754583358764648,0.11376426368951797,12.445205688476562,0.013790547847747803,0.003946041222661734,0.11743316054344177
1300,0.11611080914735794,1e-04,0.04549838,37.240253,0.0023555236,0.0016395784,0.048533738,0.12735317647457123,0.1137508749961853,12.443883895874023,0.013786433264613152,0.003944876603782177,0.1174156442284584
1301,0.11591946333646774,1e-04,0.045468185,37.220535,0.0023527218,0.001637764,0.048504863,0.1271609663963318,0.11373759806156158,12.442573547363281,0.013782347552478313,0.003943719435483217,0.11739823967218399
1302,0.11572854965925217,1e-04,0.045438033,37.200844,0.0023499264,0.0016359546,0.04847604,0.12696918845176697,0.11372435092926025,12.441266059875488,0.01377827487885952,0.003942565992474556,0.11738089472055435
1303,0.11553803831338882,1e-04,0.045407943,37.1812,0.0023471385,0.0016341496,0.048447274,0.12677781283855438,0.11371127516031265,12.439977645874023,0.01377424318343401,0.003941426984965801,0.11736372113227844
1304,0.11534792184829712,1e-04,0.045377914,37.161606,0.002344359,0.0016323503,0.04841858,0.12658686935901642,0.11369822174310684,12.438691139221191,0.013770222663879395,0.003940291237086058,0.11734659224748611
1305,0.11515823006629944,1e-04,0.045347936,37.14205,0.0023415862,0.001630555,0.048389938,0.12639635801315308,0.1136852353811264,12.437410354614258,0.01376622635871172,0.003939160145819187,0.11732956022024155
1306,0.11496894806623459,1e-04,0.045318034,37.122524,0.002338821,0.0016287644,0.04836136,0.12620627880096436,0.11367230117321014,12.436137199401855,0.013762238435447216,0.0039380332455039024,0.11731256544589996
1307,0.11478009074926376,1e-04,0.04528818,37.103046,0.002336063,0.0016269784,0.048332836,0.12601661682128906,0.11365952342748642,12.4348783493042,0.013758297078311443,0.003936918452382088,0.1172957643866539
1308,0.11459162831306458,1e-04,0.04525838,37.083603,0.0023333118,0.0016251969,0.048304368,0.1258273720741272,0.11364676058292389,12.433621406555176,0.013754360377788544,0.003935805056244135,0.11727898567914963
1309,0.11440359055995941,1e-04,0.045228653,37.06418,0.002330567,0.0016234188,0.048275948,0.12563852965831757,0.11363397538661957,12.43236255645752,0.013750428333878517,0.003934691660106182,0.11726222187280655
1310,0.11421594023704529,1e-04,0.045198955,37.044807,0.0023278296,0.0016216458,0.048247587,0.12545014917850494,0.11362133175134659,12.431116104125977,0.013746527023613453,0.003933590836822987,0.11724558472633362
1311,0.11402872204780579,1e-04,0.04516934,37.025482,0.0023251006,0.0016198783,0.048219297,0.12526217103004456,0.11360879242420197,12.429883003234863,0.013742657378315926,0.003932495601475239,0.11722908169031143
1312,0.11384189128875732,1e-04,0.045139782,37.00619,0.0023223786,0.0016181148,0.048191063,0.1250745952129364,0.11359623819589615,12.428647994995117,0.0137387840077281,0.00393140222877264,0.11721255630254745
1313,0.11365547776222229,1e-04,0.04511028,36.986954,0.0023196645,0.0016163571,0.048162896,0.12488746643066406,0.11358386278152466,12.4274320602417,0.013734959065914154,0.003930320963263512,0.11719623953104019
1314,0.11346946656703949,1e-04,0.045080822,36.967728,0.002316955,0.0016146016,0.04813476,0.12470073997974396,0.11357148736715317,12.426214218139648,0.013731139712035656,0.0039292434230446815,0.11717994511127472
1315,0.11328385025262833,1e-04,0.045051448,36.948566,0.002314255,0.0016128524,0.048106704,0.12451443076133728,0.11355920881032944,12.425007820129395,0.013727349229156971,0.0039281719364225864,0.1171637699007988
1316,0.11309864372015,1e-04,0.045022093,36.92943,0.0023115603,0.0016111063,0.04807869,0.12432855367660522,0.11354702711105347,12.423810958862305,0.013723580166697502,0.003927107434719801,0.11714768409729004
1317,0.11291384696960449,1e-04,0.04499282,36.910336,0.0023088735,0.0016093657,0.04805074,0.12414306402206421,0.11353480815887451,12.42261028289795,0.013719809241592884,0.0039260415360331535,0.11713159084320068
1318,0.11272944509983063,1e-04,0.0449636,36.891273,0.0023061936,0.001607629,0.048022844,0.12395800650119781,0.1135227233171463,12.421422958374023,0.013716071844100952,0.003924986347556114,0.11711563169956207
1319,0.112545445561409,1e-04,0.044934437,36.87225,0.0023035207,0.0016058969,0.04799501,0.12377335131168365,0.11351072788238525,12.420246124267578,0.013712361454963684,0.003923940006643534,0.11709979176521301
1320,0.1123618483543396,1e-04,0.044905327,36.85328,0.0023008552,0.0016041695,0.04796723,0.12358909845352173,0.11349872499704361,12.419066429138184,0.013708651065826416,0.003922893200069666,0.11708395183086395
1321,0.11217863857746124,1e-04,0.044876263,36.834324,0.002298195,0.0016024455,0.04793949,0.12340527772903442,0.11348684132099152,12.417901039123535,0.013704975135624409,0.003921854309737682,0.11706825345754623
1322,0.11199584603309631,1e-04,0.04484729,36.815434,0.0022955448,0.0016007276,0.047911845,0.12322185933589935,0.113475002348423,12.416739463806152,0.013701309449970722,0.0039208196103572845,0.1170525923371315
1323,0.11181344091892242,1e-04,0.04481834,36.79656,0.0022928987,0.0015990126,0.047884222,0.12303882837295532,0.11346318572759628,12.415578842163086,0.01369765866547823,0.003919791430234909,0.11703699827194214
1324,0.11163142323493958,1e-04,0.04478946,36.777733,0.0022902607,0.0015973027,0.04785667,0.12285622954368591,0.11345148086547852,12.414430618286133,0.013694035820662975,0.003918768838047981,0.11702151596546173
1325,0.11144982278347015,1e-04,0.04476064,36.758926,0.0022876288,0.0015955966,0.047829162,0.12267403304576874,0.11343984305858612,12.413290023803711,0.013690432533621788,0.003917749971151352,0.11700612306594849
1326,0.11126860976219177,1e-04,0.044731863,36.74019,0.0022850053,0.0015938955,0.04780173,0.1224922239780426,0.11342823505401611,12.412153244018555,0.013686833903193474,0.003916734363883734,0.11699074506759644
1327,0.11108778417110443,1e-04,0.044703145,36.72146,0.0022823864,0.0015921982,0.04777433,0.12231085449457169,0.11341674625873566,12.411027908325195,0.013683274388313293,0.00391573179513216,0.11697553098201752
1328,0.11090735346078873,1e-04,0.04467448,36.702785,0.0022797757,0.0015905055,0.047746997,0.12212987244129181,0.1134052723646164,12.409902572631836,0.013679725117981434,0.003914731554687023,0.11696035414934158
1329,0.11072732508182526,1e-04,0.044645883,36.684147,0.0022771724,0.0015888175,0.04771973,0.12194927036762238,0.11339384317398071,12.408782005310059,0.013676181435585022,0.003913731314241886,0.11694520711898804
1330,0.11054766178131104,1e-04,0.04461732,36.66553,0.0022745733,0.0015871321,0.047692485,0.12176908552646637,0.11338239908218384,12.407659530639648,0.013672642409801483,0.00391273433342576,0.11693007498979568
1331,0.11036843061447144,1e-04,0.04458884,36.646973,0.0022719838,0.0015854529,0.04766533,0.1215893104672432,0.11337115615606308,12.406560897827148,0.013669152744114399,0.003911749459803104,0.11691515147686005
1332,0.11018955707550049,1e-04,0.044560395,36.628437,0.0022693994,0.0015837768,0.04763821,0.12140994518995285,0.11335991322994232,12.4054594039917,0.013665671460330486,0.003910766448825598,0.11690026521682739
1333,0.11001109331846237,1e-04,0.044532035,36.60995,0.0022668233,0.0015821065,0.04761117,0.12123095989227295,0.11334879696369171,12.404373168945312,0.013662213459610939,0.00390979228541255,0.1168854683637619
1334,0.1098330020904541,1e-04,0.044503685,36.591488,0.0022642515,0.0015804385,0.04758415,0.12105237692594528,0.11333765834569931,12.403282165527344,0.013658764772117138,0.003908819053322077,0.11687071621417999
1335,0.10965529829263687,1e-04,0.044475395,36.573063,0.0022616868,0.0015787744,0.047557194,0.12087422609329224,0.11332672834396362,12.402215003967285,0.013655359856784344,0.003907862119376659,0.116856150329113
1336,0.10947798192501068,1e-04,0.044447158,36.554676,0.002259128,0.0015771155,0.047530286,0.12069641053676605,0.11331570148468018,12.40113639831543,0.013651941902935505,0.003906897734850645,0.11684152483940125
1337,0.10930105298757553,1e-04,0.044419006,36.536354,0.0022565797,0.001575463,0.04750347,0.12051903456449509,0.1133047565817833,12.400065422058105,0.013648547232151031,0.0039059408009052277,0.11682699620723724
1338,0.10912452638149261,1e-04,0.04439089,36.518047,0.0022540353,0.0015738124,0.047476683,0.12034204602241516,0.11329390108585358,12.399004936218262,0.013645172119140625,0.00390499085187912,0.11681254953145981
1339,0.10894836485385895,1e-04,0.04436282,36.49976,0.0022514963,0.001572165,0.047449935,0.12016543000936508,0.11328303813934326,12.397943496704102,0.013641806319355965,0.003904040902853012,0.11679814010858536
1340,0.10877259075641632,1e-04,0.044334814,36.481514,0.0022489645,0.0015705226,0.047423247,0.11998923122882843,0.11327224969863892,12.39688777923584,0.013638456352055073,0.003903097240254283,0.11678380519151688
1341,0.10859721153974533,1e-04,0.044306867,36.463326,0.0022464409,0.0015688853,0.047396634,0.11981339752674103,0.11326153576374054,12.395841598510742,0.013635128736495972,0.0039021619595587254,0.11676955223083496
1342,0.108422189950943,1e-04,0.044278964,36.44515,0.002243922,0.0015672508,0.047370054,0.11963793635368347,0.1132507473230362,12.394784927368164,0.013631788082420826,0.0039012201596051455,0.11675524711608887
1343,0.1082475557923317,1e-04,0.04425113,36.42702,0.0022414108,0.001565621,0.04734354,0.11946290731430054,0.11324014514684677,12.393750190734863,0.013628494925796986,0.00390029139816761,0.11674114316701889
1344,0.10807331651449203,1e-04,0.044223327,36.40891,0.0022389041,0.0015639941,0.047317058,0.11928825825452805,0.11322955787181854,12.392715454101562,0.013625207357108593,0.003899365197867155,0.1167270615696907
1345,0.10789944976568222,1e-04,0.044195592,36.390854,0.002236405,0.0015623725,0.04729064,0.11911401152610779,0.11321909725666046,12.391695022583008,0.013621951453387737,0.0038984499406069517,0.11671311408281326
1346,0.10772597044706345,1e-04,0.044167895,36.37283,0.0022339127,0.0015607548,0.047264285,0.11894013732671738,0.11320867389440536,12.390678405761719,0.013618710450828075,0.003897538408637047,0.1166992336511612
1347,0.10755285620689392,1e-04,0.04414027,36.35485,0.0022314268,0.0015591418,0.04723798,0.1187666580080986,0.11319835484027863,12.389673233032227,0.013615494593977928,0.0038966326974332333,0.11668545007705688
1348,0.10738011449575424,1e-04,0.044112667,36.3369,0.002228946,0.0015575317,0.047211714,0.11859357357025146,0.1131880134344101,12.388663291931152,0.01361228246241808,0.0038957279175519943,0.11667168885469437
1349,0.1072077602148056,1e-04,0.044085126,36.318985,0.002226472,0.001555926,0.047185507,0.11842088401317596,0.11317779868841171,12.387667655944824,0.013609099201858044,0.0038948331493884325,0.1166580468416214
1350,0.10703578591346741,1e-04,0.044057645,36.3011,0.0022240041,0.0015543248,0.047159348,0.11824856698513031,0.11316759884357452,12.386673927307129,0.013605925254523754,0.003893941640853882,0.11664444208145142
1351,0.10686418414115906,1e-04,0.04403023,36.283257,0.0022215436,0.0015527271,0.047133252,0.1180766150355339,0.11315737664699554,12.385677337646484,0.01360274851322174,0.0038930452428758144,0.11663082242012024
1352,0.10669295489788055,1e-04,0.04400287,36.265465,0.0022190905,0.001551135,0.047107223,0.11790505051612854,0.11314727365970612,12.384692192077637,0.013599601574242115,0.003892159089446068,0.11661732941865921
1353,0.1065220981836319,1e-04,0.043975532,36.247673,0.0022166406,0.0015495444,0.047081213,0.11773388087749481,0.11313722282648087,12.383712768554688,0.01359647512435913,0.0038912806194275618,0.11660392582416534
1354,0.10635161399841309,1e-04,0.04394826,36.229923,0.0022141975,0.0015479579,0.04705526,0.11756306141614914,0.11312715709209442,12.382731437683105,0.013593345880508423,0.003890400752425194,0.11659050732851028
1355,0.10618147999048233,1e-04,0.04392105,36.212223,0.0022117617,0.001546376,0.04702937,0.1173926442861557,0.11311714351177216,12.381754875183105,0.013590233400464058,0.003889524145051837,0.1165771558880806
1356,0.10601174086332321,1e-04,0.04389388,36.194542,0.0022093314,0.0015447986,0.047003526,0.11722259223461151,0.11310718953609467,12.380785942077637,0.013587134890258312,0.003888653591275215,0.11656386405229568
1357,0.10584236681461334,1e-04,0.043866772,36.176918,0.0022069088,0.0015432251,0.046977747,0.11705293506383896,0.11309736967086792,12.379829406738281,0.0135840754956007,0.003887790720909834,0.1165507435798645
1358,0.10567335039377213,1e-04,0.043839715,36.15931,0.0022044906,0.0015416553,0.046952,0.11688366532325745,0.11308755725622177,12.378873825073242,0.013581017963588238,0.003886935766786337,0.11653762310743332
1359,0.10550472140312195,1e-04,0.04381269,36.14174,0.0022020785,0.0015400883,0.04692631,0.11671474575996399,0.11307781934738159,12.37792682647705,0.013577980920672417,0.003886078717187047,0.1165245920419693
1360,0.10533644258975983,1e-04,0.043785714,36.124207,0.0021996724,0.0015385258,0.046900664,0.11654619872570038,0.11306799948215485,12.376969337463379,0.0135749327018857,0.003885223064571619,0.1165115162730217
1361,0.10516855120658875,1e-04,0.043758813,36.106716,0.0021972738,0.0015369684,0.046875086,0.116378054022789,0.11305837333202362,12.376033782958984,0.01357193011790514,0.0038843764923512936,0.11649862676858902
1362,0.10500100255012512,1e-04,0.043731935,36.08925,0.0021948796,0.0015354131,0.04684954,0.11621028184890747,0.1130487322807312,12.375094413757324,0.013568928465247154,0.0038835362065583467,0.11648574471473694
1363,0.10483384132385254,1e-04,0.043705128,36.071808,0.002192492,0.0015338622,0.046824053,0.1160428524017334,0.11303911358118057,12.374157905578613,0.01356593519449234,0.003882691264152527,0.11647289246320724
1364,0.10466702282428741,1e-04,0.04367837,36.054405,0.0021901107,0.0015323154,0.04679862,0.11587582528591156,0.1130295842885971,12.373231887817383,0.01356296706944704,0.0038818579632788897,0.1164601519703865
1365,0.10450059175491333,1e-04,0.043651655,36.037045,0.002187735,0.001530772,0.04677323,0.11570914089679718,0.11302004009485245,12.372302055358887,0.013559995219111443,0.0038810227997601032,0.11644738912582397
1366,0.1043345034122467,1e-04,0.043624997,36.01972,0.0021853657,0.001529233,0.046747893,0.11554282903671265,0.11301060765981674,12.37138557434082,0.01355705875903368,0.0038801967166364193,0.11643478274345398
1367,0.10416877269744873,1e-04,0.043598387,36.002415,0.0021830015,0.0015276968,0.046722602,0.11537691950798035,0.11300122737884521,12.37047290802002,0.013554135337471962,0.0038793764542788267,0.11642222851514816
1368,0.1040034219622612,1e-04,0.043571822,35.985153,0.002180644,0.0015261652,0.046697367,0.1152113750576973,0.11299196630716324,12.369573593139648,0.013551237992942333,0.003878563642501831,0.1164097860455513
1369,0.10383842885494232,1e-04,0.04354532,35.967937,0.002178293,0.0015246378,0.046672188,0.1150461807847023,0.1129826158285141,12.368664741516113,0.013548331335186958,0.0038777445442974567,0.11639729887247086
1370,0.1036737933754921,1e-04,0.04351885,35.95074,0.002175947,0.0015231133,0.046647046,0.11488135159015656,0.11297335475683212,12.367765426635742,0.013545441441237926,0.0038769342936575413,0.11638488620519638
1371,0.10350951552391052,1e-04,0.043492436,35.933567,0.0021736063,0.0015215928,0.046621952,0.11471690982580185,0.1129642128944397,12.366877555847168,0.01354258693754673,0.0038761324249207973,0.11637262254953384
1372,0.1033455953001976,1e-04,0.043466065,35.916447,0.0021712722,0.001520076,0.04659691,0.11455283313989639,0.11295507848262787,12.36599063873291,0.013539737090468407,0.0038753326516598463,0.1163603737950325
1373,0.10318204015493393,1e-04,0.043439765,35.89936,0.002168945,0.0015185637,0.046571933,0.1143890842795372,0.11294593662023544,12.36510181427002,0.013536890037357807,0.0038745305500924587,0.11634813994169235
1374,0.10301882773637772,1e-04,0.043413494,35.88229,0.0021666219,0.0015170543,0.046546984,0.11422572284936905,0.11293687671422958,12.364222526550293,0.01353406347334385,0.0038737370632588863,0.11633599549531937
1375,0.10285597294569016,1e-04,0.04338727,35.865257,0.0021643047,0.0015155476,0.04652209,0.11406272649765015,0.11292780935764313,12.363340377807617,0.013531235978007317,0.0038729447405785322,0.11632384359836578
1376,0.10269348323345184,1e-04,0.043361105,35.84827,0.0021619943,0.0015140462,0.04649725,0.1139000952243805,0.11291883140802383,12.362469673156738,0.013528436422348022,0.003872158005833626,0.11631180346012115
1377,0.10253134369850159,1e-04,0.043334983,35.831287,0.002159688,0.0015125467,0.04647244,0.1137377992272377,0.11290989071130753,12.361600875854492,0.013525647111237049,0.003871376859024167,0.1162998154759407
1378,0.10236953943967819,1e-04,0.04330891,35.814358,0.0021573883,0.0015110523,0.046447694,0.11357589811086655,0.11290097236633301,12.360734939575195,0.013522868044674397,0.003870593849569559,0.11628786474466324
1379,0.10220813006162643,1e-04,0.043282893,35.79747,0.0021550953,0.0015095616,0.046423003,0.11341434717178345,0.11289213597774506,12.359878540039062,0.013520109467208385,0.003869820386171341,0.11627600342035294
1380,0.10204704105854034,1e-04,0.043256916,35.7806,0.0021528068,0.0015080738,0.04639835,0.1132531389594078,0.1128833144903183,12.35902214050293,0.01351736206561327,0.0038690499495714903,0.11626419425010681
1381,0.10188630223274231,1e-04,0.043231003,35.76376,0.0021505246,0.0015065896,0.04637375,0.11309230327606201,0.1128745824098587,12.358175277709961,0.013514632359147072,0.003868283238261938,0.11625245213508606
1382,0.10172591358423233,1e-04,0.043205105,35.74696,0.0021482466,0.0015051092,0.046349183,0.11293182522058487,0.11286580562591553,12.357322692871094,0.013511900790035725,0.0038675167597830296,0.11624070256948471
1383,0.1015658974647522,1e-04,0.04317928,35.730198,0.0021459763,0.0015036329,0.046324685,0.11277168989181519,0.11285708099603653,12.356475830078125,0.013509181328117847,0.0038667507469654083,0.11622900515794754
1384,0.10140621662139893,1e-04,0.043153506,35.713455,0.0021437106,0.00150216,0.04630022,0.11261192709207535,0.11284847557544708,12.35564136505127,0.013506491668522358,0.003865998238325119,0.11621743440628052
1385,0.10124688595533371,1e-04,0.04312777,35.69675,0.0021414508,0.0015006904,0.046275813,0.11245252192020416,0.11283992230892181,12.354812622070312,0.013503819704055786,0.0038652480579912663,0.11620593816041946
1386,0.10108789801597595,1e-04,0.043102082,35.680084,0.0021391967,0.0014992246,0.04625145,0.11229347437620163,0.11283137649297714,12.353984832763672,0.013501152396202087,0.0038645013701170683,0.1161944568157196
1387,0.10092926770448685,1e-04,0.04307644,35.663445,0.0021369478,0.001497762,0.046227135,0.11213476210832596,0.11282287538051605,12.353161811828613,0.013498498126864433,0.003863755613565445,0.11618303507566452
1388,0.1007709726691246,1e-04,0.04305084,35.646828,0.0021347038,0.0014963022,0.046202853,0.11197641491889954,0.11281438171863556,12.352335929870605,0.013495850376784801,0.0038630112539976835,0.11617164313793182
1389,0.10061302781105042,1e-04,0.0430253,35.630257,0.0021324665,0.0014948477,0.04617864,0.11181841045618057,0.11280598491430283,12.351522445678711,0.013493227772414684,0.0038622780703008175,0.11616035550832748
1390,0.10045541077852249,1e-04,0.0429998,35.613705,0.0021302337,0.0014933951,0.046154454,0.11166077107191086,0.11279759556055069,12.350709915161133,0.013490607962012291,0.0038615434896200895,0.11614907532930374
1391,0.10029816627502441,1e-04,0.04297435,35.597183,0.0021280062,0.0014919463,0.04613032,0.1115034744143486,0.11278931051492691,12.349908828735352,0.013488015159964561,0.0038608156610280275,0.11613791435956955
1392,0.100141242146492,1e-04,0.042948954,35.580708,0.0021257857,0.0014905023,0.04610624,0.1113465204834938,0.11278095096349716,12.349098205566406,0.01348541397601366,0.0038600850384682417,0.11612671613693237
1393,0.09998467564582825,1e-04,0.04292359,35.56426,0.0021235696,0.0014890607,0.046082206,0.11118991672992706,0.11277268826961517,12.348298072814941,0.013482833281159401,0.0038593620993196964,0.11611559987068176
1394,0.09982844442129135,1e-04,0.04289828,35.54784,0.0021213593,0.0014876231,0.046058215,0.11103367060422897,0.11276444047689438,12.347498893737793,0.013480259105563164,0.0038586396258324385,0.11610452085733414
1395,0.09967256337404251,1e-04,0.042873017,35.53144,0.002119154,0.0014861879,0.04603427,0.11087775975465775,0.11275625228881836,12.346705436706543,0.013477703556418419,0.0038579232059419155,0.11609350889921188
1396,0.09951701015233994,1e-04,0.04284779,35.515083,0.002116954,0.0014847566,0.046010368,0.11072218418121338,0.11274806410074234,12.345911026000977,0.013475149869918823,0.003857205854728818,0.11608251184225082
1397,0.09936179220676422,1e-04,0.04282262,35.49876,0.0021147598,0.0014833292,0.04598652,0.11056698858737946,0.11274000257253647,12.345131874084473,0.013472631573677063,0.0038565017748624086,0.1160716637969017
1398,0.09920692443847656,1e-04,0.042797484,35.482456,0.0021125698,0.0014819042,0.0459627,0.1104121059179306,0.11273187398910522,12.344343185424805,0.013470098376274109,0.0038557914085686207,0.1160607561469078
1399,0.09905239194631577,1e-04,0.04277241,35.466194,0.0021103865,0.0014804836,0.045938943,0.1102575957775116,0.1127239242196083,12.343575477600098,0.013467609882354736,0.00385509361512959,0.11605003476142883
1400,0.09889820218086243,1e-04,0.04274737,35.44995,0.0021082074,0.0014790655,0.04591522,0.11010342091321945,0.11271589994430542,12.342798233032227,0.01346510834991932,0.0038543916307389736,0.11603925377130508
1401,0.09874434024095535,1e-04,0.042722378,35.433754,0.002106035,0.0014776518,0.045891557,0.10994957387447357,0.11270797252655029,12.342031478881836,0.013462630100548267,0.0038536973297595978,0.11602857708930969
1402,0.09859080612659454,1e-04,0.04269743,35.41758,0.0021038668,0.0014762407,0.045867927,0.10979607701301575,0.11270004510879517,12.341263771057129,0.013460157439112663,0.003853004425764084,0.1160179153084755
1403,0.09843762218952179,1e-04,0.04267254,35.401443,0.002101705,0.0014748338,0.045844357,0.10964290052652359,0.11269211769104004,12.340497016906738,0.013457685708999634,0.003852312220260501,0.11600726842880249
1404,0.0982847660779953,1e-04,0.042647682,35.385326,0.0020995473,0.0014734297,0.045820817,0.10949009656906128,0.11268424987792969,12.33973503112793,0.013455229811370373,0.003851621877402067,0.11599668115377426
1405,0.09813225269317627,1e-04,0.04262288,35.36924,0.0020973952,0.0014720287,0.04579733,0.10933761298656464,0.11267644166946411,12.33897876739502,0.013452795334160328,0.0038509401492774487,0.1159861832857132
1406,0.0979800671339035,1e-04,0.042598106,35.353184,0.0020952474,0.0014706305,0.04577387,0.10918547958135605,0.11266867816448212,12.338228225708008,0.013450372032821178,0.003850263776257634,0.11597573757171631
1407,0.097828209400177,1e-04,0.042573396,35.33717,0.0020931067,0.001469237,0.045750484,0.10903365910053253,0.11266092956066132,12.337478637695312,0.013447953388094902,0.003849583212286234,0.11596531420946121
1408,0.09767667204141617,1e-04,0.042548712,35.321175,0.0020909696,0.0014678458,0.045727123,0.10888221114873886,0.11265325546264648,12.336736679077148,0.013445556163787842,0.003848911728709936,0.11595497280359268
1409,0.09752549231052399,1e-04,0.042524092,35.30521,0.0020888385,0.0014664584,0.045703813,0.10873107612133026,0.11264556646347046,12.335991859436035,0.013443159870803356,0.003848241176456213,0.11594463884830475
1410,0.09737462550401688,1e-04,0.0424995,35.28928,0.0020867118,0.0014650741,0.04568054,0.10858030617237091,0.11263799667358398,12.335260391235352,0.013440790586173534,0.003847577376291156,0.11593442410230637
1411,0.09722410142421722,1e-04,0.04247496,35.273373,0.0020845903,0.0014636926,0.045657314,0.10842984169721603,0.11263041198253632,12.334527969360352,0.013438425958156586,0.003846914041787386,0.11592422425746918
1412,0.09707389026880264,1e-04,0.04245047,35.2575,0.0020824748,0.0014623151,0.04563414,0.10827971994876862,0.11262285709381104,12.333796501159668,0.013436066918075085,0.0038462537340819836,0.11591404676437378
1413,0.09692401438951492,1e-04,0.04242601,35.241653,0.0020803632,0.0014609403,0.045610998,0.10812994092702866,0.11261536926031113,12.333072662353516,0.0134337292984128,0.0038455978501588106,0.11590396612882614
1414,0.09677446633577347,1e-04,0.04240159,35.225838,0.0020782563,0.0014595685,0.045587897,0.10798048228025436,0.1126079112291336,12.332351684570312,0.013431397266685963,0.0038449461571872234,0.1158939078450203
1415,0.09662523865699768,1e-04,0.04237722,35.210052,0.002076155,0.0014582003,0.045564845,0.10783135890960693,0.11260046809911728,12.331632614135742,0.013429075479507446,0.003844296094030142,0.11588388681411743
1416,0.09647633880376816,1e-04,0.04235291,35.1943,0.0020740598,0.0014568358,0.045541845,0.10768257826566696,0.11259309947490692,12.330923080444336,0.013426770456135273,0.0038436490576714277,0.11587394028902054
1417,0.0963277816772461,1e-04,0.042328633,35.17858,0.0020719694,0.0014554744,0.04551889,0.10753411054611206,0.11258568614721298,12.330204963684082,0.013424460776150227,0.003843005048111081,0.11586397886276245
1418,0.0961795300245285,1e-04,0.04230439,35.162876,0.0020698826,0.0014541151,0.04549596,0.10738597810268402,0.1125783920288086,12.329500198364258,0.013422180898487568,0.003842366160824895,0.11585413664579391
1419,0.09603159874677658,1e-04,0.042280205,35.147217,0.0020678022,0.0014527603,0.045473095,0.10723818093538284,0.1125710979104042,12.328794479370117,0.013419901952147484,0.003841725643724203,0.11584430187940598
1420,0.09588400274515152,1e-04,0.042256057,35.131577,0.0020657266,0.0014514083,0.045450266,0.10709068924188614,0.11256381124258041,12.32809066772461,0.013417631387710571,0.0038410916458815336,0.11583449691534042
1421,0.09573671221733093,1e-04,0.04223196,35.115955,0.0020636548,0.0014500588,0.045427468,0.1069435402750969,0.1125565618276596,12.327390670776367,0.013415371999144554,0.003840456949546933,0.11582474410533905
1422,0.0955897644162178,1e-04,0.0422079,35.10038,0.0020615896,0.001448713,0.045404732,0.10679671168327332,0.11254934966564178,12.326693534851074,0.013413121923804283,0.003839828073978424,0.11581503599882126
1423,0.09544312953948975,1e-04,0.042183883,35.084835,0.0020595281,0.0014473705,0.045382023,0.106650210916996,0.11254213750362396,12.325995445251465,0.01341087557375431,0.003839198499917984,0.11580533534288406
1424,0.09529680758714676,1e-04,0.04215991,35.069298,0.0020574718,0.0014460306,0.045359362,0.10650406032800674,0.11253505945205688,12.325311660766602,0.013408662751317024,0.003838578937575221,0.11579578369855881
1425,0.09515081346035004,1e-04,0.042135973,35.053814,0.0020554208,0.0014446947,0.04533675,0.10635821521282196,0.1125280037522316,12.32463264465332,0.013406453654170036,0.0038379605393856764,0.11578623950481415
1426,0.09500513225793839,1e-04,0.042112097,35.038345,0.0020533747,0.0014433613,0.045314178,0.10621270537376404,0.11252100765705109,12.323956489562988,0.01340426690876484,0.0038373495917767286,0.11577679961919785
1427,0.0948597714304924,1e-04,0.042088237,35.022907,0.002051332,0.0014420303,0.045291632,0.10606752336025238,0.11251400411128998,12.323281288146973,0.013402080163359642,0.003836738644167781,0.11576735228300095
1428,0.09471473097801208,1e-04,0.042064436,35.007484,0.0020492948,0.0014407026,0.045269135,0.1059226393699646,0.11250698566436768,12.322603225708008,0.013399893417954445,0.003836125833913684,0.11575790494680405
1429,0.09457001090049744,1e-04,0.04204067,34.992115,0.0020472633,0.0014393791,0.045246694,0.10577807575464249,0.11250003427267075,12.321931838989258,0.01339772343635559,0.0038355179131031036,0.11574853211641312
1430,0.09442559629678726,1e-04,0.04201695,34.976757,0.0020452356,0.0014380581,0.045224283,0.10563384741544724,0.1124931126832962,12.321263313293457,0.013395562767982483,0.0038349120877683163,0.11573920398950577
1431,0.09428150206804276,1e-04,0.041993268,34.96144,0.0020432132,0.0014367402,0.045201916,0.10548995435237885,0.11248628795146942,12.320605278015137,0.013393429107964039,0.003834318369626999,0.11572998017072678
1432,0.09413772076368332,1e-04,0.04196963,34.94614,0.0020411955,0.001435425,0.04517959,0.10534635186195374,0.11247941106557846,12.319941520690918,0.013391283340752125,0.00383371626958251,0.1157207116484642
1433,0.09399425983428955,1e-04,0.04194604,34.930874,0.0020391827,0.0014341132,0.04515731,0.10520308464765549,0.11247259378433228,12.319284439086914,0.013389155268669128,0.0038331206887960434,0.1157115176320076
1434,0.09385109692811966,1e-04,0.041922476,34.915623,0.002037173,0.0014328028,0.04513505,0.10506011545658112,0.11246577650308609,12.318624496459961,0.013387029990553856,0.0038325265049934387,0.11570233106613159
1435,0.09370826184749603,1e-04,0.041898973,34.90041,0.0020351699,0.0014314976,0.045112856,0.1049174815416336,0.11245900392532349,12.317970275878906,0.013384917750954628,0.0038319341838359833,0.11569320410490036
1436,0.09356573224067688,1e-04,0.041875508,34.885227,0.0020331717,0.0014301949,0.045090705,0.10477515310049057,0.11245226860046387,12.317319869995117,0.01338281948119402,0.003831347916275263,0.1156841367483139
1437,0.0934235081076622,1e-04,0.04185208,34.870064,0.002031177,0.0014288947,0.04506858,0.1046331375837326,0.11244559288024902,12.31667709350586,0.013380734249949455,0.003830763977020979,0.11567512154579163
1438,0.09328159689903259,1e-04,0.04182869,34.854927,0.002029187,0.0014275971,0.045046497,0.10449143499135971,0.1124388724565506,12.31602668762207,0.01337864063680172,0.0038301795721054077,0.11566607654094696
1439,0.09314000606536865,1e-04,0.04180534,34.839813,0.002027202,0.0014263025,0.04502446,0.10435008257627487,0.11243226379156113,12.315389633178711,0.01337658055126667,0.003829602850601077,0.11565716564655304
1440,0.09299872070550919,1e-04,0.04178204,34.824753,0.0020252224,0.0014250125,0.04500247,0.10420902073383331,0.11242572963237762,12.314762115478516,0.01337453443557024,0.003829031717032194,0.11564832180738449
1441,0.0928577333688736,1e-04,0.041758776,34.8097,0.002023247,0.0014237241,0.04498052,0.10406828671693802,0.11241921037435532,12.314132690429688,0.01337249856442213,0.0038284603506326675,0.11563952267169952
1442,0.09271705895662308,1e-04,0.04173555,34.79469,0.002021276,0.0014224394,0.044958603,0.1039278507232666,0.11241267621517181,12.31350326538086,0.013370457105338573,0.003827891079708934,0.11563069373369217
1443,0.09257669746875763,1e-04,0.04171237,34.779697,0.0020193097,0.0014211572,0.04493673,0.10378772020339966,0.1124061569571495,12.312873840332031,0.013368427753448486,0.0038273222744464874,0.11562191694974899
1444,0.09243664145469666,1e-04,0.041689213,34.764713,0.0020173467,0.0014198764,0.044914883,0.10364792495965958,0.11239971965551376,12.31225299835205,0.013366416096687317,0.0038267597556114197,0.11561321467161179
1445,0.09229689836502075,1e-04,0.041666113,34.749783,0.0020153897,0.0014186009,0.044893093,0.10350840538740158,0.11239324510097504,12.311627388000488,0.0133643988519907,0.003826197935268283,0.11560449004173279
1446,0.09215744584798813,1e-04,0.04164306,34.734867,0.002013437,0.0014173274,0.044871338,0.10336920619010925,0.11238683760166168,12.311009407043457,0.013362400233745575,0.003825635416433215,0.11559584736824036
1447,0.09201829880475998,1e-04,0.04162004,34.71998,0.002011489,0.0014160563,0.044849627,0.10323032736778259,0.11238045990467072,12.310394287109375,0.013360410928726196,0.00382508197799325,0.11558724194765091
1448,0.0918794572353363,1e-04,0.041597053,34.705105,0.002009544,0.0014147878,0.044827938,0.10309174656867981,0.11237410455942154,12.309782028198242,0.013358429074287415,0.003824528306722641,0.11557867377996445
1449,0.0917409211397171,1e-04,0.041574106,34.690273,0.0020076043,0.0014135228,0.044806298,0.1029534786939621,0.11236783117055893,12.30917739868164,0.013356471434235573,0.0038239783607423306,0.11557020246982574
1450,0.09160267561674118,1e-04,0.04155121,34.675472,0.00200567,0.0014122614,0.044784706,0.10281551629304886,0.11236155033111572,12.308572769165039,0.013354511931538582,0.0038234307430684566,0.11556172370910645
1451,0.09146475046873093,1e-04,0.041528363,34.660694,0.0020037408,0.0014110026,0.044763163,0.10267788171768188,0.11235533654689789,12.307973861694336,0.013352570123970509,0.0038228891789913177,0.11555331945419312
1452,0.09132711589336395,1e-04,0.041505523,34.645927,0.0020018134,0.001409745,0.04474163,0.10254053771495819,0.11234913766384125,12.307376861572266,0.013350635766983032,0.0038223504088819027,0.11554495245218277
1453,0.09118979424238205,1e-04,0.04148275,34.63121,0.001999893,0.0014084927,0.04472016,0.10240349173545837,0.1123429536819458,12.306780815124512,0.01334870420396328,0.0038218095432966948,0.11553659290075302
1454,0.09105276316404343,1e-04,0.041459993,34.616505,0.0019979747,0.0014072413,0.04469871,0.10226678103208542,0.1123368889093399,12.306197166442871,0.013346806168556213,0.003821277990937233,0.11552837491035461
1455,0.09091604501008987,1e-04,0.041437287,34.601818,0.0019960618,0.0014059929,0.044677306,0.10213032364845276,0.11233069747686386,12.3056001663208,0.013344879262149334,0.0038207389879971743,0.11552003771066666
1456,0.09077960252761841,1e-04,0.041414633,34.587185,0.0019941546,0.0014047486,0.04465596,0.10199420899152756,0.11232471466064453,12.305026054382324,0.013343003578484058,0.0038202148862183094,0.11551191657781601
1457,0.09064345806837082,1e-04,0.04139201,34.572556,0.0019922503,0.001403506,0.044634633,0.10185837000608444,0.11231864988803864,12.304441452026367,0.01334110926836729,0.0038196868263185024,0.1155037209391594
1458,0.0905076190829277,1e-04,0.041369423,34.55796,0.0019903511,0.0014022666,0.04461335,0.101722851395607,0.11231262981891632,12.303861618041992,0.013339228928089142,0.0038191620260477066,0.11549557745456696
1459,0.09037207067012787,1e-04,0.041346867,34.543392,0.0019884552,0.0014010295,0.044592097,0.10158763825893402,0.1123066321015358,12.30328369140625,0.013337360695004463,0.0038186372257769108,0.1154874935746193
1460,0.0902368351817131,1e-04,0.041324355,34.528824,0.0019865632,0.0013997947,0.04457088,0.10145271569490433,0.11230069398880005,12.302712440490723,0.013335508294403553,0.0038181215059012175,0.1154794692993164
1461,0.09010189026594162,1e-04,0.041301884,34.51431,0.001984677,0.0013985635,0.044549715,0.10131807625293732,0.11229473352432251,12.302138328552246,0.013333645649254322,0.003817601827904582,0.11547140777111053
1462,0.08996722102165222,1e-04,0.041279454,34.49981,0.0019827944,0.0013973345,0.044528577,0.10118374228477478,0.11228881031274796,12.301567077636719,0.013331800699234009,0.003817085176706314,0.11546342074871063
1463,0.0898328572511673,1e-04,0.041257076,34.48534,0.001980917,0.0013961092,0.044507496,0.10104972869157791,0.11228295415639877,12.301004409790039,0.013329973444342613,0.003816574113443494,0.1154555007815361
1464,0.08969879895448685,1e-04,0.041234713,34.470886,0.0019790423,0.0013948857,0.04448643,0.10091598331928253,0.112277090549469,12.300437927246094,0.013328144326806068,0.0038160644471645355,0.11544758081436157
1465,0.08956501632928848,1e-04,0.041212402,34.45648,0.0019771738,0.0013936657,0.044465423,0.10078255832195282,0.11227128654718399,12.299880981445312,0.013326330110430717,0.0038155573420226574,0.11543972790241241
1466,0.08943153917789459,1e-04,0.04119012,34.44208,0.001975308,0.0013924477,0.044444438,0.10064942389726639,0.11226554214954376,12.299327850341797,0.013324534520506859,0.0038150574546307325,0.11543194949626923
1467,0.08929833024740219,1e-04,0.041167874,34.4277,0.001973446,0.0013912321,0.044423483,0.10051658749580383,0.11225982010364532,12.29877758026123,0.013322745449841022,0.0038145571015775204,0.11542420089244843
1468,0.08916543424129486,1e-04,0.041145675,34.41337,0.0019715899,0.0013900208,0.04440259,0.10038404166698456,0.11225412040948868,12.298230171203613,0.013320964761078358,0.003814057679846883,0.11541648209095001
1469,0.08903281390666962,1e-04,0.041123502,34.399048,0.0019697363,0.0013888106,0.04438171,0.10025178641080856,0.11224843561649323,12.297682762145996,0.013319186866283417,0.0038135647773742676,0.11540877819061279
1470,0.08890049159526825,1e-04,0.04110139,34.384766,0.0019678895,0.0013876046,0.044360902,0.10011985152959824,0.11224283277988434,12.29714584350586,0.013317433185875416,0.0038130725733935833,0.11540118604898453
1471,0.08876845985651016,1e-04,0.041079283,34.370483,0.0019660434,0.0013863996,0.04434009,0.09998819977045059,0.11223727464675903,12.296611785888672,0.01331569254398346,0.003812585724517703,0.11539363861083984
1472,0.08863671869039536,1e-04,0.04105723,34.356247,0.0019642035,0.0013851981,0.044319335,0.09985680878162384,0.11223158985376358,12.296063423156738,0.013313923962414265,0.0038120944518595934,0.1153859794139862
1473,0.08850525319576263,1e-04,0.04103522,34.342033,0.0019623681,0.0013839994,0.044298626,0.09972572326660156,0.11222602427005768,12.295528411865234,0.013312186114490032,0.0038116094656288624,0.11537844687700272
1474,0.0883740782737732,1e-04,0.04101326,34.327835,0.0019605365,0.0013828031,0.044277947,0.09959494322538376,0.11222048103809357,12.294995307922363,0.013310456648468971,0.003811125410720706,0.11537095159292221
1475,0.08824319392442703,1e-04,0.040991314,34.313656,0.0019587083,0.0013816089,0.044257298,0.09946442395448685,0.11221488565206528,12.294456481933594,0.013308714143931866,0.0038106399588286877,0.11536339670419693
1476,0.08811259269714355,1e-04,0.04096941,34.29952,0.0019568847,0.0013804182,0.04423669,0.0993342250585556,0.11220946162939072,12.293935775756836,0.013307017274200916,0.003810166148468852,0.11535604298114777
1477,0.08798226714134216,1e-04,0.040947556,34.2854,0.0019550656,0.0013792298,0.044216122,0.09920430183410645,0.11220397800207138,12.293408393859863,0.013305306434631348,0.0038096881471574306,0.11534862965345383
1478,0.08785224705934525,1e-04,0.04092572,34.271286,0.0019532486,0.0013780426,0.044195574,0.09907466173171997,0.11219854652881622,12.292886734008789,0.013303607702255249,0.003809214336797595,0.11534126847982407
1479,0.08772248774766922,1e-04,0.040903926,34.257217,0.0019514374,0.0013768596,0.044175077,0.09894531965255737,0.11219312995672226,12.292366027832031,0.01330192107707262,0.0038087419234216213,0.11533395200967789
1480,0.08759303390979767,1e-04,0.040882166,34.243156,0.001949629,0.0013756783,0.044154603,0.09881626814603806,0.11218781769275665,12.291855812072754,0.013300254940986633,0.003808275330811739,0.11532673239707947
1481,0.08746384084224701,1e-04,0.040860455,34.22914,0.0019478264,0.0013745005,0.044134185,0.09868749976158142,0.11218247562646866,12.291342735290527,0.013298586010932922,0.0038078133948147297,0.11531949788331985
1482,0.08733493834733963,1e-04,0.040838763,34.21514,0.0019460266,0.001373325,0.044113792,0.09855902940034866,0.11217720806598663,12.290837287902832,0.013296934776008129,0.003807349130511284,0.11531233787536621
1483,0.08720632642507553,1e-04,0.040817134,34.20117,0.0019442317,0.0013721519,0.04409344,0.09843083471059799,0.11217200756072998,12.290339469909668,0.013295302167534828,0.0038068965077400208,0.11530525982379913
1484,0.08707797527313232,1e-04,0.04079551,34.187214,0.0019424392,0.0013709813,0.044073112,0.0983029156923294,0.11216671764850616,12.289830207824707,0.01329365186393261,0.003806437598541379,0.11529809981584549
1485,0.086949922144413,1e-04,0.040773936,34.17329,0.001940652,0.0013698133,0.04405283,0.0981753021478653,0.1121615320444107,12.289331436157227,0.01329202950000763,0.0038059824146330357,0.115291066467762
1486,0.08682213723659515,1e-04,0.040752396,34.159378,0.0019388681,0.0013686476,0.04403258,0.09804794937372208,0.11215634644031525,12.288835525512695,0.013290408067405224,0.003805530024692416,0.1152840331196785
1487,0.0866946280002594,1e-04,0.04073091,34.1455,0.0019370889,0.0013674849,0.04401237,0.09792088717222214,0.11215120553970337,12.288342475891113,0.013288798741996288,0.003805081592872739,0.11527705192565918
1488,0.08656740933656693,1e-04,0.04070944,34.13164,0.0019353132,0.0013663243,0.043992195,0.09779411554336548,0.11214610189199448,12.28785228729248,0.013287199661135674,0.0038046364206820726,0.11527011543512344
1489,0.08644045889377594,1e-04,0.040688,34.1178,0.0019335409,0.0013651663,0.043972045,0.09766761213541031,0.11214099824428558,12.287363052368164,0.013285604305565357,0.0038041933439671993,0.1152631938457489
1490,0.08631378412246704,1e-04,0.0406666,34.10398,0.0019317722,0.00136401,0.043951932,0.09754141420125961,0.11213593184947968,12.286877632141113,0.013284018263220787,0.003803750965744257,0.11525631695985794
1491,0.08618740737438202,1e-04,0.04064525,34.090202,0.0019300085,0.0013628572,0.04393186,0.09741546958684921,0.11213086545467377,12.286391258239746,0.01328243501484394,0.0038033071905374527,0.11524944752454758
1492,0.08606128394603729,1e-04,0.04062394,34.076443,0.0019282496,0.0013617077,0.04391184,0.09728983044624329,0.11212588846683502,12.285913467407227,0.01328087318688631,0.0038028720300644636,0.11524266749620438
1493,0.08593544363975525,1e-04,0.040602643,34.062683,0.0019264921,0.0013605582,0.04389182,0.09716442972421646,0.11212088912725449,12.285433769226074,0.013279309496283531,0.003802437335252762,0.11523588746786118
1494,0.0858098641037941,1e-04,0.0405814,34.04898,0.0019247404,0.0013594135,0.043871865,0.09703932702541351,0.11211588233709335,12.284955024719238,0.013277746737003326,0.003802001476287842,0.11522910743951797
1495,0.08568456768989563,1e-04,0.040560182,34.03528,0.0019229912,0.0013582698,0.043851923,0.09691449999809265,0.11211100965738297,12.2844877243042,0.01327621378004551,0.003801573533564806,0.11522245407104492
1496,0.08555954694747925,1e-04,0.040539004,34.02161,0.0019212471,0.0013571294,0.043832034,0.09678996354341507,0.11210612207651138,12.284019470214844,0.013274681754410267,0.003801147686317563,0.11521580815315247
1497,0.08543479442596436,1e-04,0.040517844,34.007957,0.001919505,0.0013559905,0.043812156,0.09666570276021957,0.11210129410028458,12.283557891845703,0.013273166492581367,0.0038007248658686876,0.11520922929048538
1498,0.08531031012535095,1e-04,0.040496744,33.99433,0.0019177683,0.0013548548,0.04379233,0.09654169529676437,0.11209641396999359,12.283089637756348,0.013271640054881573,0.003800300182774663,0.11520260572433472
1499,0.08518608659505844,1e-04,0.04047566,33.980717,0.0019160341,0.0013537208,0.043772526,0.09641800820827484,0.11209164559841156,12.282632827758789,0.013270142488181591,0.003799881087616086,0.1151961013674736
1500,0.0850621685385704,1e-04,0.040454607,33.967148,0.0019143044,0.0013525904,0.043752763,0.09629455953836441,0.11208685487508774,12.282175064086914,0.013268640264868736,0.003799461992457509,0.1151895821094513
1501,0.08493849635124207,1e-04,0.040433608,33.953587,0.0019125789,0.0013514616,0.04373304,0.09617140889167786,0.11208216100931168,12.281725883483887,0.013267162255942822,0.0037990533746778965,0.11518316715955734
1502,0.08481510728597641,1e-04,0.040412646,33.940063,0.0019108579,0.0013503364,0.04371336,0.0960485115647316,0.11207740008831024,12.281270027160645,0.01326567493379116,0.0037986361421644688,0.1151767149567604
1503,0.08469197154045105,1e-04,0.04039169,33.926533,0.0019091378,0.001349211,0.04369368,0.09592591226100922,0.11207278072834015,12.280828475952148,0.013264216482639313,0.0037982321809977293,0.11517038196325302
1504,0.08456911891698837,1e-04,0.040370796,33.913048,0.0019074238,0.0013480899,0.043674063,0.09580355882644653,0.11206809431314468,12.280380249023438,0.01326274685561657,0.003797822864726186,0.11516399681568146
1505,0.08444651961326599,1e-04,0.040349916,33.899574,0.0019057118,0.0013469702,0.04365446,0.09568148851394653,0.11206348985433578,12.279940605163574,0.013261298649013042,0.0037974186707288027,0.11515770852565765
1506,0.0843241885304451,1e-04,0.040329076,33.88613,0.0019040046,0.0013458536,0.043634903,0.09555969387292862,0.11205889284610748,12.279500961303711,0.01325985323637724,0.003797015640884638,0.11515143513679504
1507,0.08420214056968689,1e-04,0.04030828,33.872715,0.001902302,0.0013447397,0.043615386,0.09543818235397339,0.11205436289310455,12.279069900512695,0.013258424587547779,0.0037966191302984953,0.1151452362537384
1508,0.08408035337924957,1e-04,0.04028752,33.85931,0.0019006021,0.0013436277,0.043595895,0.09531690925359726,0.11204979568719864,12.278631210327148,0.01325699407607317,0.0037962193600833416,0.11513902246952057
1509,0.08395881950855255,1e-04,0.04026677,33.845924,0.0018989048,0.0013425171,0.043576423,0.09519591182470322,0.1120453029870987,12.278203010559082,0.013255578465759754,0.003795824944972992,0.1151328757405281
1510,0.08383754640817642,1e-04,0.040246066,33.83255,0.0018972108,0.0013414089,0.043556985,0.09507519006729126,0.11204081773757935,12.277775764465332,0.013254165649414062,0.0037954342551529408,0.11512673646211624
1511,0.08371654897928238,1e-04,0.040225405,33.81923,0.0018955228,0.0013403043,0.0435376,0.09495473653078079,0.11203638464212418,12.277353286743164,0.013252767734229565,0.003795044496655464,0.11512066423892975
1512,0.08359580487012863,1e-04,0.04020477,33.805916,0.0018938378,0.0013392022,0.043518245,0.09483455121517181,0.1120319589972496,12.27692985534668,0.01325137633830309,0.003794655902311206,0.11511462181806564
1513,0.08347533643245697,1e-04,0.040184166,33.79261,0.001892155,0.0013381006,0.043498907,0.09471463412046432,0.11202754080295563,12.276508331298828,0.013249983079731464,0.003794269636273384,0.11510857194662094
1514,0.0833551287651062,1e-04,0.04016361,33.77935,0.0018904773,0.0013370025,0.043479618,0.09459498524665833,0.11202319711446762,12.276094436645508,0.013248614966869354,0.003793888259679079,0.1151026263833046
1515,0.08323517441749573,1e-04,0.04014308,33.766098,0.0018888031,0.0013359067,0.04346036,0.09447559714317322,0.11201886832714081,12.27568244934082,0.013247248716652393,0.003793510375544429,0.11509669572114944
1516,0.08311548084020615,1e-04,0.040122565,33.752865,0.0018871304,0.0013348125,0.043441113,0.0943564847111702,0.1120145320892334,12.275267601013184,0.013245885260403156,0.003793128998950124,0.11509077250957489
1517,0.08299606293439865,1e-04,0.040102106,33.73966,0.0018854637,0.0013337214,0.043421928,0.09423763304948807,0.11201030015945435,12.274866104125977,0.013244545087218285,0.0037927557714283466,0.1150849461555481
1518,0.08287688344717026,1e-04,0.040081676,33.726482,0.0018838,0.0013326324,0.043402765,0.09411903470754623,0.1120060533285141,12.27446174621582,0.013243203051388264,0.003792383475229144,0.1150791198015213
1519,0.08275797218084335,1e-04,0.040061276,33.713326,0.0018821402,0.0013315462,0.04338364,0.09400071948766708,0.11200185865163803,12.274063110351562,0.013241874985396862,0.0037920139729976654,0.11507334560155869
1520,0.08263932913541794,1e-04,0.040040907,33.700176,0.0018804827,0.0013304609,0.043364532,0.09388265013694763,0.11199767887592316,12.273664474487305,0.013240551576018333,0.003791647031903267,0.11506759375333786
1521,0.08252093195915222,1e-04,0.040020566,33.687046,0.0018788284,0.001329378,0.043345455,0.09376485645771027,0.11199351400136948,12.27326774597168,0.013239237479865551,0.0037912814877927303,0.11506188660860062
1522,0.0824027955532074,1e-04,0.040000275,33.673954,0.0018771793,0.001328298,0.043326426,0.09364733099937439,0.11198945343494415,12.272883415222168,0.013237942941486835,0.0037909219972789288,0.11505626142024994
1523,0.08228491991758347,1e-04,0.03998001,33.660885,0.0018755338,0.001327221,0.043307435,0.09353005141019821,0.11198534816503525,12.272493362426758,0.01323664654046297,0.0037905629724264145,0.11505062878131866
1524,0.08216729760169983,1e-04,0.03995975,33.647808,0.0018738885,0.0013261436,0.043288436,0.09341303259134293,0.11198125779628754,12.272104263305664,0.01323535107076168,0.0037902039475739002,0.11504499614238739
1525,0.08204993605613708,1e-04,0.039939538,33.634766,0.0018722485,0.0013250698,0.043269485,0.09329627454280853,0.1119772419333458,12.271723747253418,0.013234076090157032,0.00378985027782619,0.11503945291042328
1526,0.08193281292915344,1e-04,0.039919373,33.62175,0.001870613,0.0013239987,0.043250583,0.09317977726459503,0.11197324097156525,12.271343231201172,0.013232804834842682,0.003789496375247836,0.11503393203020096
1527,0.08181595057249069,1e-04,0.039899234,33.60876,0.0018689806,0.0013229299,0.043231707,0.09306356310844421,0.11196927726268768,12.270967483520508,0.013231545686721802,0.0037891468964517117,0.11502845585346222
1528,0.08169936388731003,1e-04,0.03987913,33.59579,0.0018673519,0.0013218632,0.04321287,0.0929475948214531,0.11196534335613251,12.270596504211426,0.013230295851826668,0.003788798348978162,0.11502302438020706
1529,0.08158301562070847,1e-04,0.03985905,33.582832,0.0018657255,0.0013207978,0.043194044,0.09283186495304108,0.11196140944957733,12.270222663879395,0.01322904508560896,0.0037884532939642668,0.11501758545637131
1530,0.0814669132232666,1e-04,0.039838985,33.56989,0.0018641016,0.0013197341,0.043175243,0.09271640330553055,0.11195753514766693,12.269856452941895,0.013227811083197594,0.0037881110329180956,0.11501222103834152
1531,0.08135106414556503,1e-04,0.039818987,33.556984,0.0018624843,0.001318675,0.04315651,0.09260119497776031,0.11195367574691772,12.269489288330078,0.01322658360004425,0.0037877708673477173,0.11500688642263412
1532,0.08123547583818436,1e-04,0.039799012,33.544106,0.001860869,0.0013176171,0.043137792,0.09248623251914978,0.11194978654384613,12.269121170043945,0.013225351460278034,0.003787428606301546,0.11500152945518494
1533,0.08112014085054398,1e-04,0.03977906,33.531223,0.001859256,0.0013165602,0.04311909,0.09237153828144073,0.11194600909948349,12.268763542175293,0.013224142603576183,0.003787094261497259,0.11499626934528351
1534,0.0810050442814827,1e-04,0.039759137,33.518364,0.0018576466,0.0013155055,0.043100424,0.09225710481405258,0.11194225400686264,12.268409729003906,0.013222944922745228,0.003786762012168765,0.11499106138944626
1535,0.08089020103216171,1e-04,0.039739236,33.50553,0.0018560403,0.0013144535,0.043081786,0.09214292466640472,0.1119384914636612,12.26805305480957,0.013221743516623974,0.0037864260375499725,0.11498583853244781
1536,0.08077561855316162,1e-04,0.039719388,33.49272,0.0018544382,0.0013134038,0.04306319,0.09202899038791656,0.11193478107452393,12.267702102661133,0.013220557942986488,0.003786099376156926,0.11498068273067474
1537,0.08066127449274063,1e-04,0.03969957,33.47993,0.00185284,0.0013123567,0.043044627,0.0919153168797493,0.11193112283945084,12.267358779907227,0.013219384476542473,0.0037857729475945234,0.11497557908296585
1538,0.08054716885089874,1e-04,0.039679762,33.467155,0.0018512433,0.0013113102,0.04302608,0.09180190414190292,0.11192750930786133,12.26701831817627,0.013218225911259651,0.0037854532711207867,0.11497054249048233
1539,0.08043333888053894,1e-04,0.039659996,33.45441,0.0018496511,0.0013102674,0.04300757,0.09168874472379684,0.11192391812801361,12.266679763793945,0.013217072002589703,0.003785132896155119,0.1149655282497406
1540,0.08031973987817764,1e-04,0.03964027,33.44168,0.0018480624,0.0013092259,0.042989098,0.09157582372426987,0.11192027479410172,12.266336441040039,0.013215906918048859,0.00378480926156044,0.1149604544043541
1541,0.08020638674497604,1e-04,0.039620575,33.42897,0.0018464767,0.0013081866,0.04297065,0.09146316349506378,0.11191675812005997,12.26600456237793,0.013214776292443275,0.003784498665481806,0.11495553702116013
1542,0.08009327948093414,1e-04,0.0396009,33.416275,0.0018448936,0.001307149,0.042952225,0.0913507416844368,0.11191320419311523,12.265670776367188,0.013213636353611946,0.003784181084483862,0.11495058238506317
1543,0.07998042553663254,1e-04,0.03958126,33.4036,0.001843314,0.0013061137,0.042933833,0.09123857319355011,0.11190970242023468,12.265340805053711,0.013212509453296661,0.0037838704884052277,0.1149456799030304
1544,0.07986780256032944,1e-04,0.039561655,33.390945,0.0018417381,0.0013050804,0.042915475,0.09112665802240372,0.11190624535083771,12.265016555786133,0.013211393728852272,0.0037835619878023863,0.1149408295750618
1545,0.07975542545318604,1e-04,0.039542064,33.37831,0.0018401647,0.0013040492,0.04289714,0.09101498872041702,0.11190278828144073,12.264691352844238,0.013210279867053032,0.003783254651352763,0.1149359792470932
1546,0.07964330166578293,1e-04,0.039522525,33.3657,0.0018385953,0.0013030204,0.042878844,0.09090358018875122,0.11189939826726913,12.264373779296875,0.013209184631705284,0.003782952670007944,0.11493121832609177
1547,0.07953141629695892,1e-04,0.039502997,33.353107,0.0018370287,0.0013019934,0.04286057,0.09079241752624512,0.11189602315425873,12.264058113098145,0.013208095915615559,0.003782649990171194,0.11492647975683212
1548,0.07941978424787521,1e-04,0.03948351,33.34053,0.0018354654,0.0013009683,0.042842332,0.09068149328231812,0.11189267784357071,12.263745307922363,0.01320701278746128,0.003782348707318306,0.11492177098989487
1549,0.07930838316679001,1e-04,0.03946406,33.327976,0.0018339053,0.0012999454,0.04282412,0.09057080745697021,0.11188934743404388,12.263433456420898,0.013205938041210175,0.0037820511497557163,0.11491709202528
1550,0.0791972205042839,1e-04,0.039444633,33.31544,0.0018323486,0.0012989247,0.04280594,0.0904603973031044,0.11188610643148422,12.263131141662598,0.013204880058765411,0.00378176080994308,0.1149124875664711
1551,0.0790863111615181,1e-04,0.039425246,33.302933,0.0018307957,0.0012979063,0.042787798,0.09035021811723709,0.11188286542892456,12.262826919555664,0.013203826732933521,0.003781471401453018,0.11490790545940399
1552,0.07897564023733139,1e-04,0.039405875,33.290432,0.0018292448,0.0012968895,0.04276967,0.09024027734994888,0.11187960207462311,12.262521743774414,0.013202769681811333,0.003781177569180727,0.11490330845117569
1553,0.07886520773172379,1e-04,0.039386533,33.27795,0.0018276966,0.001295874,0.04275157,0.09013058245182037,0.11187641322612762,12.262225151062012,0.013201731257140636,0.0037808925844728947,0.11489878594875336
1554,0.07875499874353409,1e-04,0.03936722,33.265472,0.0018261515,0.0012948605,0.042733494,0.09002114832401276,0.11187330633401871,12.261937141418457,0.013200712390244007,0.0037806101609021425,0.11489435285329819
1555,0.07864505052566528,1e-04,0.039347943,33.253048,0.0018246105,0.00129385,0.04271546,0.08991194516420364,0.1118701696395874,12.261645317077637,0.013199688866734505,0.003780330065637827,0.11488989740610123
1556,0.07853532582521439,1e-04,0.039328698,33.24063,0.0018230731,0.0012928416,0.04269746,0.08980298787355423,0.11186708509922028,12.261358261108398,0.013198678381741047,0.003780050203204155,0.11488550156354904
1557,0.07842583954334259,1e-04,0.039309476,33.228226,0.0018215379,0.0012918344,0.042679477,0.08969427645206451,0.11186404526233673,12.261075973510742,0.01319767814129591,0.003779774997383356,0.11488115042448044
1558,0.0783165991306305,1e-04,0.039290275,33.215836,0.0018200057,0.0012908293,0.042661525,0.0895857959985733,0.11186102777719498,12.260796546936035,0.013196689076721668,0.003779503284022212,0.11487684398889542
1559,0.0782075822353363,1e-04,0.03927113,33.203484,0.0018184779,0.001289827,0.042643614,0.08947756886482239,0.11185799539089203,12.260515213012695,0.013195698149502277,0.003779228311032057,0.1148725301027298
1560,0.078098826110363,1e-04,0.039251998,33.191128,0.0018169516,0.0012888256,0.042625714,0.08936957269906998,0.11185501515865326,12.26024055480957,0.013194715604186058,0.0037789600901305676,0.11486825346946716
1561,0.07799028605222702,1e-04,0.039232895,33.1788,0.0018154285,0.0012878261,0.042607844,0.08926183730363846,0.11185213178396225,12.259974479675293,0.013193759135901928,0.0037786972243338823,0.11486408859491348
1562,0.07788199186325073,1e-04,0.039213832,33.16649,0.0018139093,0.001286829,0.042590015,0.08915432542562485,0.11184918880462646,12.259702682495117,0.013192790560424328,0.0037784301675856113,0.11485987156629562
1563,0.07777392119169235,1e-04,0.039194778,33.154194,0.0018123918,0.0012858337,0.042572197,0.08904705196619034,0.11184635013341904,12.259441375732422,0.013191846199333668,0.003778170794248581,0.11485576629638672
1564,0.07766608893871307,1e-04,0.039175764,33.14193,0.0018108786,0.0012848406,0.04255442,0.08894003927707672,0.11184356361627579,12.259184837341309,0.013190915808081627,0.0037779156118631363,0.11485171318054199
1565,0.0775584951043129,1e-04,0.039156776,33.129673,0.001809368,0.0012838492,0.04253667,0.08883323520421982,0.11184070259332657,12.258920669555664,0.013189971446990967,0.003777653444558382,0.11484760046005249
1566,0.07745112478733063,1e-04,0.039137837,33.117443,0.0018078611,0.0012828603,0.04251895,0.08872668445110321,0.11183793842792511,12.258667945861816,0.013189049437642097,0.0037774029187858105,0.11484358459711075
1567,0.07734399288892746,1e-04,0.039118905,33.10522,0.0018063562,0.0012818726,0.04250125,0.0886203721165657,0.11183521896600723,12.258418083190918,0.013188136741518974,0.0037771514616906643,0.11483961343765259
1568,0.0772370845079422,1e-04,0.03909999,33.093006,0.0018048534,0.0012808858,0.04248357,0.0885142832994461,0.11183248460292816,12.25816822052002,0.01318722777068615,0.003776899306103587,0.11483565717935562
1569,0.07713041454553604,1e-04,0.039081123,33.080833,0.0018033555,0.0012799024,0.042465933,0.08840843290090561,0.11182975769042969,12.257918357849121,0.013186316005885601,0.0037766515742987394,0.11483168601989746
1570,0.07702397555112839,1e-04,0.039062276,33.068665,0.0018018591,0.0012789201,0.042448312,0.0883028581738472,0.11182715743780136,12.257681846618652,0.013185441493988037,0.003776411758735776,0.11482787877321243
1571,0.07691777497529984,1e-04,0.03904347,33.056522,0.0018003669,0.0012779408,0.042430732,0.0881974920630455,0.11182457208633423,12.2574462890625,0.013184566982090473,0.003776171011850238,0.1148240715265274
1572,0.07681179791688919,1e-04,0.039024677,33.04439,0.0017988768,0.0012769623,0.042413168,0.08809234946966171,0.1118219643831253,12.257207870483398,0.013183685950934887,0.003775930032134056,0.11482023447751999
1573,0.07670605182647705,1e-04,0.03900592,33.032295,0.0017973905,0.0012759864,0.042395644,0.08798744529485703,0.11181940138339996,12.256975173950195,0.013182821683585644,0.0037756934762001038,0.11481647193431854
1574,0.07660052925348282,1e-04,0.038987193,33.0202,0.0017959065,0.0012750122,0.042378135,0.08788277953863144,0.1118168830871582,12.25674819946289,0.013181966729462147,0.0037754601798951626,0.11481274664402008
1575,0.07649523764848709,1e-04,0.03896848,33.008118,0.0017944246,0.0012740394,0.04236065,0.08777835965156555,0.11181441694498062,12.256525039672852,0.013181127607822418,0.0037752301432192326,0.11480908840894699
1576,0.07639017701148987,1e-04,0.03894982,32.996067,0.0017929475,0.001273069,0.04234321,0.08767414838075638,0.11181195080280304,12.256300926208496,0.01318028848618269,0.00377500057220459,0.1148054376244545
1577,0.07628532499074936,1e-04,0.03893115,32.984005,0.0017914702,0.0012720985,0.042325765,0.0875701829791069,0.11180949211120605,12.256078720092773,0.013179454021155834,0.0037747740279883146,0.1148018017411232
1578,0.07618072628974915,1e-04,0.03891255,32.971992,0.001789999,0.0012711323,0.04230838,0.08746644854545593,0.11180712282657623,12.255867004394531,0.013178634457290173,0.003774549113586545,0.11479823291301727
1579,0.07607634365558624,1e-04,0.03889394,32.959976,0.001788528,0.0012701657,0.042290993,0.08736293762922287,0.1118047684431076,12.255655288696289,0.013177827000617981,0.00377432769164443,0.11479471623897552
1580,0.07597217708826065,1e-04,0.038875386,32.948,0.0017870622,0.0012692031,0.04227366,0.0872596800327301,0.11180249601602554,12.255453109741211,0.013177035376429558,0.003774112556129694,0.11479126662015915
1581,0.07586824148893356,1e-04,0.03885686,32.93604,0.0017855988,0.0012682418,0.042256348,0.08715663850307465,0.1118001714348793,12.255245208740234,0.013176235370337963,0.0037738955579698086,0.11478778719902039
1582,0.07576453685760498,1e-04,0.03883835,32.924088,0.0017841383,0.0012672824,0.042239062,0.08705383539199829,0.11179790645837784,12.255043029785156,0.013175452128052711,0.003773679491132498,0.114784374833107
1583,0.0756610631942749,1e-04,0.03881987,32.912144,0.00178268,0.0012663242,0.042221796,0.08695123344659805,0.11179567873477936,12.254843711853027,0.013174675405025482,0.003773468779399991,0.11478099226951599
1584,0.07555778324604034,1e-04,0.038801406,32.900227,0.0017812238,0.0012653675,0.042204548,0.08684889227151871,0.11179350316524506,12.25465202331543,0.013173912651836872,0.003773261560127139,0.11477766931056976
1585,0.07545474916696548,1e-04,0.038782988,32.88833,0.0017797719,0.0012644136,0.042187344,0.08674675971269608,0.11179133504629135,12.254460334777832,0.01317315362393856,0.0037730573676526546,0.11477436125278473
1586,0.07535193115472794,1e-04,0.03876459,32.87645,0.0017783224,0.0012634612,0.04217016,0.08664485812187195,0.11178920418024063,12.2542724609375,0.01317240297794342,0.0037728515453636646,0.11477109044790268
1587,0.0752493292093277,1e-04,0.038746197,32.864567,0.001776874,0.0012625091,0.042152982,0.08654319494962692,0.11178712546825409,12.254091262817383,0.013171668164432049,0.0037726524751633406,0.114767886698246
1588,0.07514695823192596,1e-04,0.038727857,32.852726,0.0017754307,0.0012615605,0.04213586,0.0864417552947998,0.11178507655858994,12.253911018371582,0.013170937076210976,0.0037724561989307404,0.11476470530033112
1589,0.07504481077194214,1e-04,0.038709562,32.840897,0.0017739906,0.001260614,0.04211877,0.08634054660797119,0.11178308725357056,12.25373649597168,0.01317022554576397,0.0037722629494965076,0.1147616058588028
1590,0.07494287192821503,1e-04,0.038691245,32.82907,0.0017725502,0.0012596671,0.042101666,0.08623955398797989,0.1117810606956482,12.253560066223145,0.013169502839446068,0.0037720680702477694,0.1147584542632103
1591,0.07484116405248642,1e-04,0.038672984,32.81727,0.0017711148,0.0012587236,0.042084616,0.08613879233598709,0.1117790937423706,12.253389358520508,0.01316879689693451,0.0037718743551522493,0.11475537717342377
1592,0.07473967224359512,1e-04,0.038654745,32.80549,0.0017696818,0.0012577816,0.042067587,0.0860382616519928,0.11177720874547958,12.253227233886719,0.013168111443519592,0.0037716911174356937,0.1147523894906044
1593,0.07463840395212173,1e-04,0.038636547,32.793736,0.0017682527,0.0012568424,0.042050596,0.08593793213367462,0.11177529394626617,12.253061294555664,0.013167420402169228,0.003771503223106265,0.11474937945604324
1594,0.07453733682632446,1e-04,0.03861836,32.78198,0.0017668244,0.0012559034,0.04203361,0.08583785593509674,0.11177349090576172,12.252908706665039,0.013166755437850952,0.003771324409171939,0.11474648118019104
1595,0.0744365006685257,1e-04,0.038600188,32.770237,0.0017653983,0.0012549654,0.042016644,0.08573798090219498,0.11177162081003189,12.252747535705566,0.013166075572371483,0.0037711411714553833,0.11474352329969406
1596,0.07433588057756424,1e-04,0.03858205,32.758522,0.0017639763,0.0012540304,0.041999716,0.08563832938671112,0.11176979541778564,12.252591133117676,0.013165409676730633,0.003770960960537195,0.11474061757326126
1597,0.07423548400402069,1e-04,0.03856396,32.746826,0.0017625573,0.0012530974,0.041982822,0.08553892374038696,0.11176811158657074,12.252449989318848,0.01316477544605732,0.003770790994167328,0.1147378534078598
1598,0.07413528859615326,1e-04,0.038545866,32.73514,0.0017611401,0.0012521655,0.04196594,0.08543971180915833,0.11176635324954987,12.252299308776855,0.013164127245545387,0.0037706170696765184,0.11473502963781357
1599,0.07403531670570374,1e-04,0.03852781,32.723473,0.0017597257,0.0012512351,0.041949086,0.08534074574708939,0.11176468431949615,12.252161026000977,0.013163496740162373,0.0037704475689679384,0.1147322803735733
1600,0.07393556088209152,1e-04,0.03850979,32.71182,0.0017583146,0.0012503073,0.041932262,0.08524198085069656,0.11176296323537827,12.252016067504883,0.01316286064684391,0.0037702745757997036,0.11472950875759125
1601,0.07383602857589722,1e-04,0.038491793,32.700188,0.0017569064,0.0012493806,0.04191547,0.08514346182346344,0.1117614284157753,12.251890182495117,0.013162260875105858,0.003770116250962019,0.11472689360380173
1602,0.07373669743537903,1e-04,0.038473826,32.688572,0.0017555004,0.0012484564,0.041898694,0.08504514396190643,0.11175984144210815,12.25175952911377,0.013161656446754932,0.0037699532695114613,0.11472426354885101
1603,0.07363758236169815,1e-04,0.03845587,32.676968,0.0017540962,0.0012475327,0.041881934,0.08494707196950912,0.11175836622714996,12.251638412475586,0.013161078095436096,0.003769800765439868,0.11472174525260925
1604,0.07353868335485458,1e-04,0.038437936,32.665375,0.0017526952,0.0012466108,0.041865204,0.08484919369220734,0.11175686120986938,12.251516342163086,0.013160492293536663,0.003769645467400551,0.11471918970346451
1605,0.07344000041484833,1e-04,0.038420036,32.6538,0.0017512968,0.0012456906,0.0418485,0.08475153893232346,0.11175540834665298,12.2514009475708,0.01315992046147585,0.0037694915663450956,0.11471669375896454
1606,0.07334151864051819,1e-04,0.038402162,32.64225,0.0017499012,0.0012447723,0.04183182,0.08465410023927689,0.11175398528575897,12.251287460327148,0.013159355148673058,0.0037693404592573643,0.11471423506736755
1607,0.07324325293302536,1e-04,0.038384303,32.630707,0.0017485076,0.0012438559,0.04181516,0.08455688506364822,0.11175254732370377,12.25117015838623,0.01315879262983799,0.0037691921461373568,0.11471178382635117
1608,0.07314521074295044,1e-04,0.038366497,32.61919,0.0017471182,0.0012429411,0.041798543,0.08445987850427628,0.11175116151571274,12.251062393188477,0.013158236630260944,0.0037690442986786366,0.11470935493707657
1609,0.07304737716913223,1e-04,0.038348697,32.607674,0.00174573,0.0012420277,0.041781936,0.08436308056116104,0.1117498129606247,12.250955581665039,0.013157693669199944,0.0037689008750021458,0.11470699310302734
1610,0.07294973731040955,1e-04,0.03833093,32.596184,0.001744345,0.0012411161,0.041765355,0.08426652103662491,0.11174851655960083,12.2508544921875,0.013157161884009838,0.003768760012462735,0.1147046759724617
1611,0.07285232096910477,1e-04,0.038313188,32.584713,0.0017429627,0.0012402062,0.041748807,0.08417017012834549,0.11174727976322174,12.250760078430176,0.01315664779394865,0.003768622176721692,0.11470243334770203
1612,0.0727551057934761,1e-04,0.038295455,32.57325,0.0017415818,0.0012392974,0.041732263,0.08407402783632278,0.11174602806568146,12.250664710998535,0.01315612904727459,0.0037684880662709475,0.11470016837120056
1613,0.07265809923410416,1e-04,0.038277753,32.561794,0.0017402036,0.0012383901,0.04171575,0.08397811651229858,0.11174488067626953,12.250579833984375,0.013155636377632618,0.003768357913941145,0.11469802260398865
1614,0.07256130874156952,1e-04,0.03826009,32.55038,0.0017388297,0.001237486,0.041699275,0.0838824063539505,0.11174378544092178,12.25050163269043,0.013155154883861542,0.0037682324182242155,0.11469592154026031
1615,0.0724647119641304,1e-04,0.038242426,32.538956,0.001737456,0.0012365816,0.041682802,0.08378690481185913,0.11174265295267105,12.250417709350586,0.013154667802155018,0.003768105059862137,0.11469379812479019
1616,0.072368323802948,1e-04,0.038224827,32.52757,0.0017360876,0.0012356807,0.041666385,0.08369164168834686,0.11174162477254868,12.250346183776855,0.01315420400351286,0.003767984453588724,0.11469177901744843
1617,0.0722721591591835,1e-04,0.03820722,32.51619,0.0017347197,0.0012347798,0.041649967,0.08359657227993011,0.11174055188894272,12.250269889831543,0.01315373182296753,0.003767861519008875,0.11468972265720367
1618,0.07217619568109512,1e-04,0.038189635,32.504807,0.0017333538,0.0012338805,0.041633565,0.08350173383951187,0.1117396131157875,12.25020694732666,0.013153290376067162,0.0037677455693483353,0.11468779295682907
1619,0.07208044081926346,1e-04,0.0381721,32.49346,0.0017319923,0.0012329841,0.04161721,0.08340709656476974,0.11173858493566513,12.250134468078613,0.01315283216536045,0.0037676249630749226,0.1146857962012291
1620,0.07198489457368851,1e-04,0.038154565,32.48211,0.001730631,0.0012320871,0.041600853,0.08331266790628433,0.1117376908659935,12.250077247619629,0.013152403756976128,0.00376751646399498,0.11468392610549927
1621,0.07188953459262848,1e-04,0.038137082,32.4708,0.0017292752,0.0012311942,0.041584555,0.08321844786405563,0.11173675209283829,12.25001335144043,0.013151964172720909,0.0037674002815037966,0.11468201130628586
1622,0.07179439812898636,1e-04,0.038119607,32.459488,0.0017279196,0.0012303016,0.041568253,0.08312443643808365,0.11173590272665024,12.249959945678711,0.01315154880285263,0.0037672959733754396,0.1146802008152008
1623,0.07169945538043976,1e-04,0.038102157,32.44819,0.0017265672,0.0012294105,0.04155198,0.08303063362836838,0.1117350310087204,12.249906539916992,0.013151129707694054,0.0037671863101422787,0.11467837542295456
1624,0.07160472124814987,1e-04,0.038084738,32.43692,0.0017252178,0.0012285218,0.041535743,0.08293705433607101,0.11173424869775772,12.249858856201172,0.013150731101632118,0.0037670829333364964,0.11467663943767548
1625,0.0715101882815361,1e-04,0.038067326,32.42564,0.0017238687,0.0012276327,0.041519497,0.08284367620944977,0.11173351109027863,12.249818801879883,0.013150341808795929,0.0037669851444661617,0.11467494070529938
1626,0.07141585648059845,1e-04,0.03804995,32.4144,0.0017225241,0.001226747,0.041503303,0.08275052905082703,0.11173287779092789,12.249788284301758,0.013149979524314404,0.0037668936420232058,0.11467336118221283
1627,0.07132173329591751,1e-04,0.0380326,32.403164,0.0017211817,0.0012258625,0.041487128,0.0826575756072998,0.11173224449157715,12.249757766723633,0.013149619102478027,0.0037668030709028244,0.11467178910970688
1628,0.07122780382633209,1e-04,0.03801527,32.39195,0.0017198413,0.0012249793,0.041470967,0.08256484568119049,0.11173168569803238,12.249735832214355,0.013149273581802845,0.0037667169235646725,0.1146702840924263
1629,0.07113407552242279,1e-04,0.037997957,32.380756,0.0017185038,0.0012240986,0.04145484,0.0824723094701767,0.11173108965158463,12.249711036682129,0.01314892154186964,0.0037666275165975094,0.11466874927282333
1630,0.0710405558347702,1e-04,0.037980672,32.36956,0.0017171676,0.0012232177,0.04143872,0.08237998187541962,0.11173053830862045,12.249689102172852,0.013148581609129906,0.0037665446288883686,0.11466726660728455
1631,0.07094723731279373,1e-04,0.037963416,32.358395,0.0017158356,0.0012223403,0.041422646,0.08228784799575806,0.11173000186681747,12.249669075012207,0.013148246333003044,0.003766460809856653,0.11466580629348755
1632,0.07085410505533218,1e-04,0.03794618,32.34723,0.0017145044,0.0012214624,0.041406576,0.08219593018293381,0.11172950267791748,12.249651908874512,0.013147920370101929,0.003766379551962018,0.11466438323259354
1633,0.07076118141412735,1e-04,0.037928972,32.336075,0.0017131758,0.0012205866,0.041390527,0.08210421353578568,0.11172904819250107,12.249642372131348,0.013147604651749134,0.0037663013208657503,0.1146630048751831
1634,0.07066845893859863,1e-04,0.03791179,32.32496,0.001711851,0.0012197135,0.04137452,0.08201269805431366,0.11172862350940704,12.2496337890625,0.013147296383976936,0.003766224952414632,0.11466166377067566
1635,0.07057593017816544,1e-04,0.03789463,32.31384,0.0017105272,0.0012188407,0.04135852,0.08192139863967896,0.1117282509803772,12.249631881713867,0.013147001154720783,0.003766153007745743,0.11466037482023239
1636,0.07048360258340836,1e-04,0.037877496,32.302727,0.0017092059,0.0012179695,0.041342545,0.08183030784130096,0.11172795295715332,12.24963665008545,0.013146723620593548,0.0037660885136574507,0.11465916037559509
1637,0.0703914687037468,1e-04,0.037860375,32.29165,0.0017078874,0.0012171007,0.041326594,0.0817394107580185,0.11172763258218765,12.249639511108398,0.013146443292498589,0.003766018897294998,0.1146579384803772
1638,0.07029953598976135,1e-04,0.037843287,32.28057,0.001706571,0.0012162322,0.041310664,0.08164872229099274,0.11172739416360855,12.249651908874512,0.013146184384822845,0.00376595975831151,0.11465681344270706
1639,0.07020780444145203,1e-04,0.037826225,32.269512,0.0017052573,0.0012153661,0.04129476,0.0815582126379013,0.11172711849212646,12.24966049194336,0.013145913369953632,0.0037658941000699997,0.11465562880039215
1640,0.07011625170707703,1e-04,0.03780917,32.258465,0.0017039452,0.0012145007,0.041278873,0.08146796375513077,0.1117270439863205,12.249690055847168,0.0131456907838583,0.0037658412475138903,0.11465466022491455
1641,0.07002491503953934,1e-04,0.037792142,32.247425,0.0017026352,0.0012136367,0.041263,0.08137788623571396,0.11172688007354736,12.249709129333496,0.013145449571311474,0.0037657867651432753,0.11465360969305038
1642,0.06993375718593597,1e-04,0.037775133,32.236404,0.0017013275,0.0012127741,0.04124715,0.08128800988197327,0.11172683537006378,12.249741554260254,0.013145235367119312,0.0037657388020306826,0.11465267091989517
1643,0.06984280049800873,1e-04,0.03775816,32.2254,0.0017000225,0.0012119133,0.04123133,0.08119834959506989,0.1117268055677414,12.249776840209961,0.013145026750862598,0.00376569340005517,0.11465176194906235
1644,0.0697520524263382,1e-04,0.037741207,32.21442,0.001698721,0.0012110551,0.041215543,0.08110887557268143,0.11172682046890259,12.24981689453125,0.013144826516509056,0.003765648230910301,0.11465089023113251
1645,0.0696614682674408,1e-04,0.037724264,32.203453,0.0016974206,0.0012101976,0.041199766,0.08101961761713028,0.11172688007354736,12.249860763549805,0.01314463745802641,0.0037656060885638,0.11465006321668625
1646,0.0695711001753807,1e-04,0.037707362,32.192482,0.0016961226,0.001209341,0.041184008,0.08093053847551346,0.11172695457935333,12.249905586242676,0.01314445398747921,0.0037655686028301716,0.11464926600456238
1647,0.06948091834783554,1e-04,0.037690476,32.181545,0.0016948275,0.0012084866,0.041168284,0.08084167540073395,0.11172708123922348,12.249957084655762,0.01314428448677063,0.003765531349927187,0.11464852839708328
1648,0.0693909227848053,1e-04,0.03767362,32.17061,0.0016935338,0.001207633,0.041152567,0.08075299859046936,0.11172722280025482,12.250009536743164,0.013144117780029774,0.003765500383451581,0.11464779824018478
1649,0.06930112093687057,1e-04,0.03765675,32.159676,0.0016922416,0.0012067803,0.041136865,0.08066453039646149,0.11172740161418915,12.250066757202148,0.013143962249159813,0.003765466855838895,0.11464712023735046
1650,0.06921152025461197,1e-04,0.037639953,32.148785,0.001690954,0.0012059306,0.04112121,0.08057625591754913,0.11172763258218765,12.250127792358398,0.013143816962838173,0.0037654391489923,0.11464648693799973
1651,0.06912210583686829,1e-04,0.037623152,32.13789,0.0016896673,0.0012050816,0.041105565,0.0804881602525711,0.11172778904438019,12.250181198120117,0.013143656775355339,0.003765406087040901,0.11464578658342361
1652,0.06903288513422012,1e-04,0.03760638,32.127,0.0016883822,0.0012042334,0.04108993,0.0804002657532692,0.11172805726528168,12.250248908996582,0.013143524527549744,0.0037653804756700993,0.11464521288871765
1653,0.06894384324550629,1e-04,0.037589632,32.11614,0.0016871006,0.0012033872,0.04107433,0.0803125873208046,0.11172841489315033,12.250324249267578,0.013143409974873066,0.003765363246202469,0.11464471369981766
1654,0.06885500252246857,1e-04,0.0375729,32.105286,0.0016858205,0.0012025423,0.041058745,0.08022510260343552,0.11172880232334137,12.250402450561523,0.013143302872776985,0.0037653460167348385,0.11464424431324005
1655,0.06876634806394577,1e-04,0.037556186,32.094444,0.0016845423,0.0012016986,0.041043177,0.08013781905174255,0.1117292270064354,12.250486373901367,0.013143209740519524,0.00376533274538815,0.11464384198188782
1656,0.0686778798699379,1e-04,0.03753952,32.083626,0.0016832682,0.001200857,0.04102765,0.08005071431398392,0.11172964423894882,12.250569343566895,0.01314311008900404,0.0037653190083801746,0.1146434023976326
1657,0.06858959794044495,1e-04,0.037522838,32.072803,0.0016819935,0.0012000158,0.041012112,0.07996384054422379,0.11173024028539658,12.250670433044434,0.013143055140972137,0.003765316214412451,0.1146431639790535
1658,0.06850150972604752,1e-04,0.0375062,32.06201,0.001680723,0.0011991767,0.040996622,0.07987713813781738,0.11173076927661896,12.250764846801758,0.013142985291779041,0.0037653117906302214,0.11464285850524902
1659,0.06841360777616501,1e-04,0.037489586,32.05123,0.0016794546,0.0011983393,0.040981147,0.0797906219959259,0.11173130571842194,12.250859260559082,0.01314291637390852,0.0037653050385415554,0.11464256048202515
1660,0.06832589209079742,1e-04,0.037472982,32.040447,0.0016781867,0.0011975018,0.040965676,0.07970431447029114,0.11173192411661148,12.25096321105957,0.013142868876457214,0.0037653043400496244,0.11464235186576843
1661,0.06823836266994476,1e-04,0.03745641,32.02969,0.0016769227,0.0011966669,0.040950246,0.07961820065975189,0.11173263937234879,12.251077651977539,0.0131428437307477,0.0037653110921382904,0.11464224010705948
1662,0.06815101206302643,1e-04,0.037439838,32.018932,0.0016756587,0.0011958323,0.040934812,0.07953227311372757,0.1117333322763443,12.251189231872559,0.013142812065780163,0.0037653190083801746,0.11464210599660873
1663,0.06806386262178421,1e-04,0.037423316,32.008205,0.0016743994,0.0011950006,0.040919427,0.07944653928279877,0.11173409223556519,12.25130844116211,0.013142799958586693,0.003765328321605921,0.11464205384254456
1664,0.06797688454389572,1e-04,0.037406806,31.997496,0.0016731417,0.0011941695,0.040904056,0.07936100661754608,0.11173486709594727,12.251429557800293,0.013142791576683521,0.003765341592952609,0.11464201658964157
1665,0.06789010018110275,1e-04,0.037390307,31.986774,0.0016718848,0.0011933395,0.04088869,0.07927566766738892,0.11173571646213531,12.251558303833008,0.013142797164618969,0.003765357192605734,0.11464203894138336
1666,0.06780350208282471,1e-04,0.03737385,31.976088,0.001670632,0.0011925118,0.040873367,0.07919050753116608,0.11173657327890396,12.251688957214355,0.013142809271812439,0.0037653751205652952,0.11464209109544754
1667,0.06771707534790039,1e-04,0.037357397,31.965406,0.00166938,0.0011916845,0.040858045,0.07910554856061935,0.11173750460147858,12.251825332641602,0.013142834417521954,0.0037653972394764423,0.1146422028541565
1668,0.0676308423280716,1e-04,0.037340976,31.954739,0.0016681305,0.0011908588,0.040842753,0.07902077585458755,0.1117384284734726,12.251962661743164,0.01314286608248949,0.0037654205225408077,0.11464233696460724
1669,0.06754479557275772,1e-04,0.03732457,31.944088,0.0016668831,0.0011900348,0.04082748,0.07893619686365128,0.11173945665359497,12.252111434936523,0.013142913579940796,0.0037654500920325518,0.11464254558086395
1670,0.06745892018079758,1e-04,0.037308194,31.933441,0.0016656381,0.0011892122,0.040812228,0.07885180413722992,0.11174049228429794,12.252260208129883,0.013142971321940422,0.0037654824554920197,0.11464279890060425
1671,0.06737322360277176,1e-04,0.037291817,31.9228,0.0016643935,0.0011883893,0.04079698,0.07876760512590408,0.1117415651679039,12.252412796020508,0.013143032789230347,0.0037655134219676256,0.11464306712150574
1672,0.06728772819042206,1e-04,0.03727548,31.912191,0.0016631532,0.0011875695,0.040781774,0.07868359237909317,0.11174266040325165,12.252568244934082,0.013143102638423443,0.00376554811373353,0.11464337259531021
1673,0.06720240414142609,1e-04,0.03725917,31.901592,0.0016619145,0.0011867507,0.040766586,0.07859976589679718,0.11174380779266357,12.252729415893555,0.013143184594810009,0.0037655860651284456,0.11464373022317886
1674,0.06711725890636444,1e-04,0.037242867,31.891008,0.0016606781,0.0011859334,0.040751416,0.07851613312959671,0.11174502223730087,12.252897262573242,0.013143281452357769,0.003765630070120096,0.11464415490627289
1675,0.06703229248523712,1e-04,0.03722658,31.880413,0.0016594422,0.0011851162,0.04073625,0.07843269407749176,0.11174629628658295,12.253072738647461,0.013143393211066723,0.0037656761705875397,0.11464463919401169
1676,0.06694750487804413,1e-04,0.037210338,31.869844,0.0016582095,0.0011843015,0.04072112,0.07834942638874054,0.11174754798412323,12.25324535369873,0.013143499381840229,0.0037657227367162704,0.1146451011300087
1677,0.06686291098594666,1e-04,0.0371941,31.859293,0.0016569789,0.0011834876,0.040706005,0.07826636731624603,0.11174889653921127,12.253427505493164,0.01314363069832325,0.003765776287764311,0.11464567482471466
1678,0.06677848100662231,1e-04,0.03717788,31.848745,0.0016557499,0.001182675,0.040690906,0.07818348705768585,0.1117502823472023,12.253613471984863,0.013143767602741718,0.003765829373151064,0.11464627087116241
1679,0.0666942447423935,1e-04,0.037161686,31.838228,0.0016545238,0.0011818645,0.040675838,0.07810078561306,0.11175165325403214,12.253799438476562,0.013143906369805336,0.0037658847868442535,0.11464687436819077
1680,0.0666101723909378,1e-04,0.03714551,31.827698,0.0016532986,0.001181054,0.040660776,0.07801826298236847,0.11175310611724854,12.253993034362793,0.013144060969352722,0.003765946254134178,0.11464755237102509
1681,0.06652627885341644,1e-04,0.037129357,31.817186,0.0016520757,0.0011802447,0.040645733,0.07793593406677246,0.11175458133220673,12.254190444946289,0.013144223019480705,0.0037660058587789536,0.1146482601761818
1682,0.06644257158041,1e-04,0.03711322,31.806698,0.0016508552,0.0011794376,0.040630717,0.07785379886627197,0.1117561087012291,12.254392623901367,0.013144396245479584,0.0037660717498511076,0.11464901268482208
1683,0.0663590356707573,1e-04,0.037097096,31.796204,0.001649636,0.0011786311,0.04061571,0.07777184247970581,0.11175773292779922,12.25460433959961,0.013144592754542828,0.0037661425303667784,0.11464986950159073
1684,0.06627567112445831,1e-04,0.037081007,31.78574,0.0016484197,0.0011778264,0.040600736,0.07769007980823517,0.11175937950611115,12.254819869995117,0.013144793920218945,0.003766218200325966,0.11465074867010117
1685,0.06619249284267426,1e-04,0.037064943,31.77529,0.0016472056,0.0011770234,0.04058578,0.07760850340127945,0.11176105588674545,12.255038261413574,0.013145005330443382,0.0037662959657609463,0.11465167254209518
1686,0.06610948592424393,1e-04,0.037048895,31.764854,0.0016459937,0.0011762216,0.040570848,0.07752709835767746,0.11176279932260513,12.255264282226562,0.01314522884786129,0.0037663739640265703,0.11465264111757278
1687,0.06602665781974792,1e-04,0.037032846,31.754417,0.0016447823,0.0011754202,0.040555917,0.07744588702917099,0.11176459491252899,12.25549602508545,0.013145467266440392,0.003766459645703435,0.11465368419885635
1688,0.06594399362802505,1e-04,0.03701684,31.743996,0.0016435737,0.0011746204,0.04054101,0.07736486196517944,0.11176639795303345,12.255727767944336,0.013145709410309792,0.003766543697565794,0.11465474218130112
1689,0.0658615231513977,1e-04,0.037000842,31.733585,0.0016423671,0.0011738222,0.04052613,0.07728401571512222,0.11176826804876328,12.255967140197754,0.01314596552401781,0.0037666361313313246,0.11465585976839066
1690,0.06577920913696289,1e-04,0.03698487,31.723188,0.0016411623,0.0011730248,0.04051126,0.07720334082841873,0.11177011579275131,12.256204605102539,0.013146216981112957,0.003766721813008189,0.1146569550037384
1691,0.0656970739364624,1e-04,0.036968913,31.712801,0.0016399595,0.0011722285,0.040496413,0.07712284475564957,0.11177204549312592,12.256449699401855,0.013146487064659595,0.003766817506402731,0.11465813219547272
1692,0.06561511754989624,1e-04,0.03695298,31.702425,0.0016387587,0.0011714338,0.040481586,0.07704253494739532,0.1117740273475647,12.256701469421387,0.013146770186722279,0.0037669148296117783,0.1146593689918518
1693,0.06553332507610321,1e-04,0.036937073,31.69206,0.00163756,0.0011706401,0.040466774,0.0769624188542366,0.11177606880664825,12.256958961486816,0.013147068209946156,0.003767015878111124,0.11466066539287567
1694,0.0654517188668251,1e-04,0.036921177,31.681715,0.0016363631,0.0011698478,0.040451985,0.07688247412443161,0.11177810281515121,12.257216453552246,0.013147364370524883,0.003767117392271757,0.11466195434331894
1695,0.06537027657032013,1e-04,0.036905315,31.671383,0.0016351691,0.0011690573,0.040437225,0.07680270075798035,0.11178015172481537,12.257474899291992,0.013147667050361633,0.0037672228645533323,0.1146632730960846
1696,0.06528899818658829,1e-04,0.036889456,31.66104,0.0016339752,0.0011682666,0.04042246,0.076723113656044,0.11178234964609146,12.257749557495117,0.013147997669875622,0.003767333459109068,0.1146647185087204
1697,0.06520789116621017,1e-04,0.03687362,31.650728,0.0016327844,0.0011674779,0.04040773,0.07664371281862259,0.11178455501794815,12.258025169372559,0.013148337602615356,0.0037674468476325274,0.11466620117425919
1698,0.06512697041034698,1e-04,0.0368578,31.640415,0.0016315944,0.00116669,0.040393,0.07656446844339371,0.11178673803806305,12.258298873901367,0.01314866729080677,0.003767558839172125,0.11466763913631439
1699,0.06504621356725693,1e-04,0.03684202,31.630136,0.0016304086,0.0011659046,0.040378317,0.07648542523384094,0.1117890328168869,12.258584976196289,0.013149027712643147,0.0037676789797842503,0.11466921120882034
1700,0.06496562063694,1e-04,0.036826245,31.619846,0.0016292233,0.0011651193,0.04036364,0.0764065682888031,0.11179141700267792,12.258880615234375,0.01314940582960844,0.003767805639654398,0.11467085778713226
1701,0.0648851990699768,1e-04,0.036810473,31.609585,0.0016280395,0.0011643353,0.040348973,0.07632787525653839,0.11179379373788834,12.259175300598145,0.01314978301525116,0.003767931368201971,0.11467250436544418
1702,0.06480494886636734,1e-04,0.03679474,31.599325,0.0016268583,0.001163553,0.040334333,0.0762493908405304,0.1117962971329689,12.259483337402344,0.013150190934538841,0.003768065245822072,0.11467428505420685
1703,0.0647248774766922,1e-04,0.036779024,31.589092,0.0016256792,0.0011627722,0.04031971,0.07617105543613434,0.11179876327514648,12.259788513183594,0.013150589540600777,0.00376819702796638,0.11467602103948593
1704,0.06464496999979019,1e-04,0.03676332,31.578854,0.0016245011,0.0011619915,0.0403051,0.07609288394451141,0.11180126667022705,12.260096549987793,0.013150999322533607,0.003768333001062274,0.1146778091788292
1705,0.06456521153450012,1e-04,0.036747638,31.568623,0.0016233249,0.0011612122,0.04029051,0.07601489871740341,0.1118038073182106,12.260408401489258,0.01315141748636961,0.0037684713024646044,0.11467962712049484
1706,0.06448563933372498,1e-04,0.036731973,31.558407,0.0016221503,0.0011604339,0.040275928,0.07593708485364914,0.11180637031793594,12.260724067687988,0.013151837512850761,0.003768607974052429,0.11468145996332169
1707,0.06440622359514236,1e-04,0.036716342,31.548218,0.0016209795,0.0011596584,0.04026139,0.0758594423532486,0.11180897802114487,12.261042594909668,0.013152273371815681,0.00376875139772892,0.1146833598613739
1708,0.06432697921991348,1e-04,0.036700714,31.538021,0.0016198088,0.001158882,0.040246848,0.07578198611736298,0.11181166023015976,12.261371612548828,0.013152725994586945,0.0037688978482037783,0.11468533426523209
1709,0.06424789875745773,1e-04,0.03668511,31.527828,0.0016186394,0.001158107,0.04023232,0.07570470869541168,0.11181439459323883,12.261703491210938,0.013153189793229103,0.0037690498866140842,0.11468735337257385
1710,0.06416898965835571,1e-04,0.036669515,31.517662,0.0016174727,0.001157334,0.040217817,0.07562760263681412,0.1118171215057373,12.26203727722168,0.013153651729226112,0.0037691988982260227,0.11468937247991562
1711,0.06409025192260742,1e-04,0.036653955,31.507505,0.0016163083,0.0011565618,0.040203337,0.07555066794157028,0.11181998252868652,12.262385368347168,0.013154146261513233,0.0037693604826927185,0.11469152569770813
1712,0.06401167064905167,1e-04,0.036638413,31.497356,0.0016151456,0.001155791,0.040188875,0.07547390460968018,0.11182286590337753,12.262735366821289,0.013154643587768078,0.003769519506022334,0.11469369381666183
1713,0.06393325328826904,1e-04,0.03662288,31.487213,0.0016139838,0.0011550204,0.040174417,0.0753973126411438,0.11182574182748795,12.263084411621094,0.013155141845345497,0.0037696820218116045,0.11469586938619614
1714,0.06385499984025955,1e-04,0.03660737,31.477098,0.0016128253,0.0011542526,0.040159997,0.07532090693712234,0.11182869970798492,12.26344108581543,0.013155658729374409,0.003769848495721817,0.11469811946153641
1715,0.06377691775560379,1e-04,0.036591873,31.466991,0.0016116678,0.0011534853,0.040145583,0.07524466514587402,0.11183170974254608,12.263805389404297,0.01315618772059679,0.0037700184620916843,0.11470042914152145
1716,0.06369899213314056,1e-04,0.036576398,31.456888,0.0016105121,0.0011527191,0.040131185,0.07516860216856003,0.1118348017334938,12.264177322387695,0.01315673440694809,0.0037701937835663557,0.11470280587673187
1717,0.06362122297286987,1e-04,0.036560938,31.44679,0.0016093581,0.0011519534,0.040116806,0.07509271055459976,0.11183790117502213,12.264551162719727,0.013157285749912262,0.003770371899008751,0.11470521241426468
1718,0.06354363262653351,1e-04,0.036545508,31.436716,0.0016082064,0.0011511899,0.04010245,0.07501699775457382,0.11184106767177582,12.264932632446289,0.013157851994037628,0.003770550712943077,0.11470767855644226
1719,0.06346619874238968,1e-04,0.0365301,31.426657,0.0016070574,0.0011504276,0.04008812,0.07494142651557922,0.11184420436620712,12.265310287475586,0.013158413581550121,0.00377073185518384,0.11471012979745865
1720,0.06338892132043839,1e-04,0.036514677,31.416584,0.0016059073,0.001149665,0.040073775,0.07486604899168015,0.11184746026992798,12.265700340270996,0.013159001246094704,0.0037709183525294065,0.11471269279718399
1721,0.06331180781126022,1e-04,0.03649931,31.406534,0.0016047613,0.0011489042,0.040059473,0.074790820479393,0.11185070127248764,12.26608943939209,0.013159585185348988,0.0037711053155362606,0.11471523344516754
1722,0.0632348507642746,1e-04,0.036483936,31.396494,0.0016036159,0.0011481447,0.040045172,0.07471577078104019,0.11185397952795029,12.266483306884766,0.013160178437829018,0.0037712943740189075,0.11471781879663467
1723,0.0631580650806427,1e-04,0.036468603,31.386477,0.001602474,0.0011473867,0.04003091,0.0746408998966217,0.1118573546409607,12.266885757446289,0.013160794973373413,0.0037714927457273006,0.11472050845623016
1724,0.06308142840862274,1e-04,0.03645327,31.376453,0.0016013321,0.0011466292,0.040016647,0.07456617802381516,0.1118607372045517,12.267291069030762,0.013161411508917809,0.003771688789129257,0.11472319811582565
1725,0.06300495564937592,1e-04,0.03643795,31.366436,0.0016001918,0.0011458724,0.0400024,0.07449164986610413,0.11186420917510986,12.267705917358398,0.01316204946488142,0.003771891351789236,0.1147259771823883
1726,0.06292865425348282,1e-04,0.036422666,31.356445,0.0015990541,0.0011451173,0.039988175,0.07441728562116623,0.1118677407503128,12.268125534057617,0.013162702322006226,0.0037720981054008007,0.11472882330417633
1727,0.06285250186920166,1e-04,0.03640739,31.346455,0.0015979175,0.0011443631,0.03997396,0.07434307038784027,0.11187122762203217,12.268542289733887,0.013163345865905285,0.003772301133722067,0.11473162472248077
1728,0.06277650594711304,1e-04,0.036392134,31.33648,0.0015967835,0.0011436103,0.039959773,0.07426905632019043,0.11187486350536346,12.268974304199219,0.013164023868739605,0.003772513475269079,0.11473458260297775
1729,0.06270067393779755,1e-04,0.036376897,31.326525,0.0015956515,0.0011428588,0.039945606,0.07419519871473312,0.11187855154275894,12.26941204071045,0.013164711184799671,0.0037727332673966885,0.11473757773637772
1730,0.06262500584125519,1e-04,0.03636167,31.316566,0.0015945203,0.0011421081,0.039931446,0.07412148267030716,0.11188216507434845,12.269841194152832,0.013165386393666267,0.0037729465402662754,0.1147405207157135
1731,0.06254948675632477,1e-04,0.036346465,31.30662,0.0015933907,0.0011413582,0.039917298,0.07404795289039612,0.1118859276175499,12.270288467407227,0.013166094198822975,0.0037731719203293324,0.11474360525608063
1732,0.062474124133586884,1e-04,0.0363313,31.296701,0.001592265,0.0011406108,0.039903194,0.073974609375,0.1118898019194603,12.270746231079102,0.013166827149689198,0.0037733998615294695,0.11474679410457611
1733,0.062398917973041534,1e-04,0.036316123,31.286776,0.0015911388,0.0011398629,0.039889082,0.07390139997005463,0.11189359426498413,12.271194458007812,0.013167542405426502,0.0037736266385763884,0.11474991589784622
1734,0.06232387199997902,1e-04,0.03630096,31.276848,0.0015900136,0.0011391157,0.039874975,0.07382835447788239,0.11189742386341095,12.271649360656738,0.013168265111744404,0.003773854346945882,0.11475306004285812
1735,0.06224898621439934,1e-04,0.036285833,31.266947,0.0015888914,0.0011383705,0.0398609,0.07375548779964447,0.11190132796764374,12.272109985351562,0.013169008307158947,0.0037740878760814667,0.11475630104541779
1736,0.06217425316572189,1e-04,0.036270723,31.25706,0.0015877711,0.0011376265,0.039846845,0.07368278503417969,0.1119052991271019,12.27258014678955,0.01316976547241211,0.0037743239663541317,0.11475960165262222
1737,0.06209966540336609,1e-04,0.036255613,31.247158,0.0015866512,0.0011368822,0.03983279,0.07361023873090744,0.11190929263830185,12.273051261901855,0.013170527294278145,0.0037745642475783825,0.11476291716098785
1738,0.06202524155378342,1e-04,0.036240537,31.237286,0.0015855341,0.0011361404,0.039818764,0.07353786379098892,0.11191336810588837,12.273531913757324,0.013171307742595673,0.0037748098839074373,0.11476631462574005
1739,0.06195097416639328,1e-04,0.03622547,31.227427,0.0015844186,0.0011353992,0.039804757,0.07346564531326294,0.11191748082637787,12.274016380310059,0.013172097504138947,0.003775056917220354,0.11476975679397583
1740,0.06187685579061508,1e-04,0.03621043,31.21759,0.0015833057,0.0011346601,0.039790772,0.07339358329772949,0.11192157119512558,12.274497985839844,0.013172884471714497,0.0037753009237349033,0.11477318406105042
1741,0.06180289760231972,1e-04,0.036195405,31.20774,0.0015821934,0.0011339207,0.039776795,0.07332171499729156,0.11192581802606583,12.274996757507324,0.013173704966902733,0.003775560762733221,0.11477676033973694
1742,0.06172908842563629,1e-04,0.036180392,31.197899,0.0015810826,0.0011331828,0.03976283,0.07324998080730438,0.11193003505468369,12.275493621826172,0.013174518942832947,0.0037758133839815855,0.11478030681610107
1743,0.0616554319858551,1e-04,0.036165383,31.188072,0.0015799728,0.0011324455,0.03974887,0.07317841053009033,0.11193430423736572,12.275995254516602,0.013175347819924355,0.0037760722916573286,0.11478392034769058
1744,0.06158193200826645,1e-04,0.03615042,31.17827,0.0015788667,0.0011317101,0.039734956,0.0731070265173912,0.11193867772817612,12.276509284973145,0.013176199980080128,0.0037763379514217377,0.11478763073682785
1745,0.06150858849287033,1e-04,0.036135457,31.168474,0.0015777616,0.0011309759,0.039721046,0.07303578406572342,0.1119430661201477,12.277022361755371,0.013177054934203625,0.0037766038440167904,0.11479135602712631
1746,0.061435382813215256,1e-04,0.036120504,31.158663,0.0015766562,0.001130241,0.03970713,0.07296470552682877,0.11194749921560287,12.277543067932129,0.013177919201552868,0.0037768767215311527,0.11479511857032776
1747,0.06136234104633331,1e-04,0.036105588,31.148893,0.001575555,0.0011295091,0.039693262,0.07289377599954605,0.11195193231105804,12.27806282043457,0.013178786262869835,0.003777145640924573,0.1147988960146904
1748,0.06128944456577301,1e-04,0.03609068,31.139112,0.0015744542,0.0011287772,0.039679393,0.07282303273677826,0.11195647716522217,12.278594017028809,0.013179677538573742,0.0037774250376969576,0.1148027777671814
1749,0.061216700822114944,1e-04,0.036075775,31.129347,0.0015733547,0.0011280464,0.039665535,0.07275242358446121,0.11196102946996689,12.27912712097168,0.013180571608245373,0.0037777002435177565,0.11480666697025299
1750,0.061144109815359116,1e-04,0.0360609,31.119595,0.0015722575,0.0011273167,0.039651703,0.0726819857954979,0.11196567118167877,12.279668807983398,0.01318148709833622,0.0037779875565320253,0.11481066048145294
1751,0.06107165664434433,1e-04,0.036046043,31.109844,0.0015711614,0.0011265879,0.03963788,0.07261171191930771,0.11197032779455185,12.280214309692383,0.013182404451072216,0.0037782727740705013,0.1148146539926529
1752,0.060999371111392975,1e-04,0.03603119,31.100111,0.0015700671,0.0011258603,0.039624073,0.07254159450531006,0.1119750365614891,12.28076457977295,0.013183335773646832,0.0037785619497299194,0.11481870710849762
1753,0.06092722341418266,1e-04,0.036016367,31.090382,0.0015689747,0.0011251334,0.039610285,0.07247162610292435,0.11197979748249054,12.281320571899414,0.013184276409447193,0.003778854850679636,0.11482280492782593
1754,0.060855235904455185,1e-04,0.036001567,31.080671,0.0015678845,0.0011244083,0.03959652,0.07240182906389236,0.11198463290929794,12.281885147094727,0.013185235671699047,0.003779153572395444,0.1148269847035408
1755,0.06078338623046875,1e-04,0.035986762,31.070957,0.001566794,0.001123683,0.039582748,0.07233218848705292,0.11198947578668594,12.282448768615723,0.0131861986592412,0.0037794492673128843,0.11483117192983627
1756,0.06071169301867485,1e-04,0.03597198,31.061253,0.0015657058,0.0011229592,0.039569,0.072262704372406,0.11199440062046051,12.283021926879883,0.01318717934191227,0.00377975357696414,0.11483544111251831
1757,0.06064014136791229,1e-04,0.035957213,31.051573,0.0015646198,0.0011222367,0.039555274,0.07219336926937103,0.11199934780597687,12.283597946166992,0.013188165612518787,0.003780059516429901,0.11483974009752274
1758,0.060568735003471375,1e-04,0.03594248,31.041893,0.0015635358,0.0011215155,0.03954157,0.072124183177948,0.11200429499149323,12.284174919128418,0.013189151883125305,0.0037803654558956623,0.11484403163194656
1759,0.06049748510122299,1e-04,0.03592774,31.032215,0.0015624518,0.0011207942,0.039527863,0.07205517590045929,0.11200936883687973,12.28476619720459,0.01319016795605421,0.0037806809414178133,0.11484845727682114
1760,0.06042638048529625,1e-04,0.03591303,31.022556,0.0015613703,0.0011200748,0.03951418,0.07198631763458252,0.11201445758342743,12.285358428955078,0.01319118868559599,0.003780995961278677,0.1148528978228569
1761,0.06035541743040085,1e-04,0.03589833,31.012905,0.0015602902,0.0011193558,0.03950051,0.07191760092973709,0.11201955378055573,12.285950660705566,0.013192208483815193,0.0037813126109540462,0.11485733836889267
1762,0.06028459966182709,1e-04,0.035883658,31.003262,0.0015592122,0.0011186383,0.039486863,0.07184906303882599,0.11202476173639297,12.286555290222168,0.01319325901567936,0.0037816378753632307,0.11486191302537918
1763,0.06021393463015556,1e-04,0.03586898,30.993622,0.0015581342,0.0011179206,0.03947321,0.07178067415952682,0.11203006654977798,12.287171363830566,0.013194325380027294,0.0037819675635546446,0.11486655473709106
1764,0.06014341115951538,1e-04,0.035854325,30.984007,0.0015570591,0.0011172054,0.03945959,0.071712426841259,0.11203529685735703,12.287778854370117,0.01319537777453661,0.003782291430979967,0.11487113684415817
1765,0.060073040425777435,1e-04,0.035839695,30.974392,0.0015559857,0.0011164905,0.039445985,0.07164434343576431,0.11204062402248383,12.288397789001465,0.01319645345211029,0.0037826248444616795,0.11487581580877304
1766,0.060002803802490234,1e-04,0.035825074,30.964783,0.0015549132,0.0011157768,0.039432388,0.07157641649246216,0.11204604059457779,12.28902530670166,0.013197548687458038,0.003782963380217552,0.11488058418035507
1767,0.059932708740234375,1e-04,0.035810467,30.955183,0.001553842,0.0011150636,0.0394188,0.07150863111019135,0.11205142736434937,12.289649963378906,0.013198639266192913,0.0037832993548363447,0.11488533020019531
1768,0.05986276641488075,1e-04,0.03579589,30.945591,0.0015527729,0.0011143517,0.03940524,0.07144100964069366,0.1120569109916687,12.29028606414795,0.013199749402701855,0.003783642780035734,0.11489016562700272
1769,0.05979296937584877,1e-04,0.03578132,30.936016,0.0015517055,0.0011136407,0.039391693,0.07137354463338852,0.112062469124794,12.290928840637207,0.013200877234339714,0.0037839910946786404,0.11489506810903549
1770,0.05972330644726753,1e-04,0.03576676,30.926443,0.0015506389,0.0011129304,0.03937815,0.0713062435388565,0.1120680570602417,12.291576385498047,0.013202017173171043,0.003784341039136052,0.11490003019571304
1771,0.05965379625558853,1e-04,0.035752222,30.916883,0.0015495744,0.0011122216,0.039364636,0.07123905420303345,0.11207360029220581,12.292219161987305,0.013203141279518604,0.0037846893537789583,0.11490492522716522
1772,0.059584420174360275,1e-04,0.0357377,30.907341,0.0015485118,0.0011115136,0.039351135,0.07117204368114471,0.11207928508520126,12.292876243591309,0.013204300776124,0.0037850451190024614,0.11490996927022934
1773,0.05951518565416336,1e-04,0.035723187,30.897787,0.0015474495,0.0011108061,0.039337635,0.07110517472028732,0.1120850071310997,12.293538093566895,0.013205465860664845,0.003785404609516263,0.11491503566503525
1774,0.05944610387086868,1e-04,0.035708707,30.888248,0.0015463895,0.0011101001,0.03932416,0.07103846222162247,0.11209072917699814,12.294198989868164,0.013206636533141136,0.003785765264183283,0.11492013186216354
1775,0.05937715619802475,1e-04,0.035694234,30.878727,0.0015453313,0.001109395,0.0393107,0.07097189873456955,0.11209653317928314,12.294870376586914,0.013207823038101196,0.003786131739616394,0.11492529511451721
1776,0.05930835381150246,1e-04,0.03567976,30.8692,0.001544273,0.0011086896,0.039297238,0.07090549170970917,0.11210241168737411,12.295549392700195,0.01320902444422245,0.003786499844864011,0.11493051797151566
1777,0.059239692986011505,1e-04,0.03566533,30.85971,0.001543219,0.0011079874,0.039283827,0.07083923369646072,0.11210831254720688,12.296231269836426,0.013210234232246876,0.003786874935030937,0.11493578553199768
1778,0.0591711662709713,1e-04,0.035650905,30.850222,0.0015421653,0.0011072855,0.039270412,0.07077313959598541,0.11211427301168442,12.296918869018555,0.013211458921432495,0.0037872500251978636,0.11494111269712448
1779,0.05910278484225273,1e-04,0.035636477,30.840715,0.0015411114,0.001106583,0.03925699,0.07070717960596085,0.11212033033370972,12.29761791229248,0.013212703168392181,0.003787631168961525,0.11494652181863785
1780,0.05903454124927521,1e-04,0.035622083,30.831236,0.0015400604,0.0011058823,0.039243605,0.07064136862754822,0.11212633550167084,12.298311233520508,0.013213938102126122,0.00378800998441875,0.11495189368724823
1781,0.05896643549203873,1e-04,0.0356077,30.82177,0.0015390113,0.0011051832,0.039230235,0.07057571411132812,0.11213245242834091,12.299016952514648,0.013215197250247002,0.0037884004414081573,0.11495736986398697
1782,0.05889847129583359,1e-04,0.035593327,30.812319,0.0015379635,0.001104485,0.03921688,0.07051019370555878,0.11213861405849457,12.299727439880371,0.013216467574238777,0.003788790199905634,0.11496289819478989
1783,0.05883064866065979,1e-04,0.035578966,30.802847,0.0015369157,0.0011037862,0.039203517,0.07044482231140137,0.11214478313922882,12.300437927246094,0.013217737898230553,0.003789178328588605,0.11496841907501221
1784,0.05876294896006584,1e-04,0.035564635,30.793406,0.0015358708,0.0011030899,0.039190188,0.07037961483001709,0.11215102672576904,12.30115795135498,0.01321902871131897,0.003789573907852173,0.11497403681278229
1785,0.058695413172245026,1e-04,0.03555031,30.783958,0.0015348266,0.0011023934,0.039176863,0.07031453400850296,0.11215730756521225,12.301881790161133,0.013220323249697685,0.0037899725139141083,0.11497966200113297
1786,0.05862799286842346,1e-04,0.035536002,30.774534,0.0015337842,0.0011016983,0.039163556,0.07024960964918137,0.11216358840465546,12.302605628967285,0.013221624307334423,0.0037903711199760437,0.11498532444238663
1787,0.058560729026794434,1e-04,0.03552171,30.765108,0.0015327432,0.0011010041,0.039150264,0.07018482685089111,0.11216994374990463,12.303336143493652,0.013222942128777504,0.003790777176618576,0.11499105393886566
1788,0.05849359184503555,1e-04,0.035507433,30.7557,0.0015317039,0.001100311,0.039136987,0.0701201856136322,0.11217635869979858,12.30407428741455,0.013224268332123756,0.0037911836989223957,0.11499682068824768
1789,0.058426592499017715,1e-04,0.03549318,30.74629,0.0015306661,0.001099618,0.03912373,0.07005570828914642,0.11218283325433731,12.304819107055664,0.013225610367953777,0.0037915960419923067,0.11500265449285507
1790,0.05835972726345062,1e-04,0.035478923,30.736895,0.0015296289,0.0010989263,0.03911047,0.06999136507511139,0.11218935251235962,12.305569648742676,0.013226965442299843,0.003792010946199298,0.11500854790210724
1791,0.058292992413043976,1e-04,0.03546468,30.727509,0.0015285934,0.001098236,0.03909723,0.06992717832326889,0.1121959313750267,12.306325912475586,0.013228331692516804,0.003792430041357875,0.11501448601484299
1792,0.05822640657424927,1e-04,0.035450462,30.718132,0.0015275596,0.0010975463,0.039084006,0.06986315548419952,0.11220260709524155,12.307093620300293,0.013229722157120705,0.003792857751250267,0.11502052843570709
1793,0.058159954845905304,1e-04,0.035436265,30.708763,0.0015265277,0.0010968578,0.039070804,0.06979924440383911,0.1122092753648758,12.307859420776367,0.013231108896434307,0.0037932812701910734,0.11502655595541
1794,0.05809362977743149,1e-04,0.035422068,30.6994,0.0015254965,0.0010961698,0.039057605,0.06973548978567123,0.11221599578857422,12.308631896972656,0.013232509605586529,0.0037937096785753965,0.11503264307975769
1795,0.058027442544698715,1e-04,0.035407893,30.69005,0.0015244669,0.001095483,0.03904442,0.0696718767285347,0.11222277581691742,12.30941104888916,0.01323392242193222,0.0037941434420645237,0.11503878980875015
1796,0.057961393147706985,1e-04,0.035393722,30.680702,0.0015234386,0.0010947966,0.039031252,0.0696084052324295,0.11222958564758301,12.310193061828613,0.013235342688858509,0.0037945762742310762,0.1150449588894844
1797,0.057895477861166,1e-04,0.035379585,30.671366,0.001522412,0.0010941115,0.0390181,0.06954508274793625,0.11223646253347397,12.310982704162598,0.013236780650913715,0.003795017022639513,0.11505120992660522
1798,0.05782968923449516,1e-04,0.03536544,30.662027,0.0015213855,0.0010934263,0.03900494,0.06948190182447433,0.11224335432052612,12.311773300170898,0.013238221406936646,0.0037954587023705244,0.11505746841430664
1799,0.05776404216885567,1e-04,0.03535133,30.652712,0.001520362,0.0010927431,0.03899182,0.06941884756088257,0.11225028336048126,12.312568664550781,0.013239669613540173,0.0037959020119160414,0.11506376415491104
1800,0.05769851803779602,1e-04,0.035337225,30.643393,0.001519339,0.0010920601,0.0389787,0.06935595721006393,0.11225727945566177,12.313370704650879,0.013241136446595192,0.003796350210905075,0.11507013440132141
1801,0.05763313174247742,1e-04,0.03532314,30.63409,0.001518318,0.0010913783,0.0389656,0.06929319351911545,0.11226431280374527,12.314178466796875,0.01324260700494051,0.003796800971031189,0.11507652699947357
1802,0.057567887008190155,1e-04,0.03530907,30.624786,0.0015172982,0.0010906972,0.03895251,0.0692305639386177,0.11227136850357056,12.314987182617188,0.013244086876511574,0.0037972540594637394,0.11508295685052872
1803,0.057502761483192444,1e-04,0.03529501,30.615496,0.0015162793,0.0010900167,0.03893943,0.0691681057214737,0.1122785434126854,12.31580924987793,0.013245592825114727,0.0037977148313075304,0.11508949846029282
1804,0.057437777519226074,1e-04,0.035280965,30.60621,0.0015152623,0.0010893374,0.03892637,0.06910578161478043,0.11228575557470322,12.31663703918457,0.013247107155621052,0.003798178629949689,0.1150960773229599
1805,0.05737292021512985,1e-04,0.03526693,30.596937,0.0015142465,0.0010886592,0.03891332,0.0690435990691185,0.11229300498962402,12.31746768951416,0.013248629868030548,0.0037986445240676403,0.11510269343852997
1806,0.057308197021484375,1e-04,0.0352529,30.587687,0.0015132318,0.0010879821,0.03890028,0.06898154318332672,0.11230029910802841,12.318304061889648,0.013250162824988365,0.003799110185354948,0.11510935425758362
1807,0.05724359676241875,1e-04,0.035238896,30.57842,0.0015122185,0.0010873049,0.038887255,0.06891964375972748,0.11230765283107758,12.319145202636719,0.013251712545752525,0.003799585159868002,0.11511608213186264
1808,0.05717914178967476,1e-04,0.035224922,30.569183,0.001511208,0.0010866299,0.038874257,0.06885787844657898,0.11231505870819092,12.31999397277832,0.013253269717097282,0.0038000629283487797,0.11512284725904465
1809,0.05711480975151062,1e-04,0.03521094,30.559933,0.0015101971,0.0010859545,0.038861252,0.06879624724388123,0.11232246458530426,12.320841789245605,0.013254828751087189,0.0038005381356924772,0.11512961983680725
1810,0.057050611823797226,1e-04,0.03519698,30.550703,0.0015091883,0.0010852806,0.038848273,0.06873475015163422,0.11232992261648178,12.321695327758789,0.013256402686238289,0.003801017301157117,0.11513645201921463
1811,0.056986529380083084,1e-04,0.03518304,30.541483,0.0015081811,0.0010846076,0.038835306,0.06867339462041855,0.11233743280172348,12.322553634643555,0.013257985934615135,0.0038015046156942844,0.11514332890510559
1812,0.056922584772109985,1e-04,0.035169102,30.532259,0.0015071742,0.0010839348,0.03882234,0.06861218810081482,0.11234500259160995,12.3234224319458,0.013259584084153175,0.0038019909989088774,0.11515026539564133
1813,0.05685877054929733,1e-04,0.035155173,30.52305,0.001506169,0.0010832626,0.038809393,0.06855111569166183,0.1123526319861412,12.32429313659668,0.013261196203529835,0.0038024834357202053,0.11515726894140244
1814,0.056795086711645126,1e-04,0.035141267,30.513842,0.001505165,0.0010825916,0.038796455,0.06849018484354019,0.11236031353473663,12.325172424316406,0.01326281763613224,0.003802977968007326,0.11516430974006653
1815,0.05673152953386307,1e-04,0.035127386,30.504658,0.001504164,0.0010819226,0.038783554,0.0684293806552887,0.11236803233623505,12.326055526733398,0.013264453038573265,0.0038034766912460327,0.1151714101433754
1816,0.05666809529066086,1e-04,0.0351135,30.495472,0.0015031621,0.0010812533,0.038770635,0.06836871802806854,0.11237577348947525,12.326940536499023,0.013266089372336864,0.0038039772771298885,0.11517851054668427
1817,0.056604791432619095,1e-04,0.035099648,30.486298,0.0015021632,0.0010805852,0.03875775,0.06830818951129913,0.11238358169794083,12.32783317565918,0.013267743401229382,0.0038044818211346865,0.1151856929063797
1818,0.05654161423444748,1e-04,0.03508579,30.47712,0.0015011643,0.0010799174,0.038744863,0.06824781000614166,0.11239142715930939,12.328729629516602,0.013269406743347645,0.003804987296462059,0.11519291251897812
1819,0.05647856742143631,1e-04,0.035071954,30.467953,0.0015001671,0.0010792505,0.03873199,0.06818755716085434,0.11239932477474213,12.329632759094238,0.013271081261336803,0.003805500688031316,0.11520017683506012
1820,0.05641564726829529,1e-04,0.03505812,30.458792,0.0014991709,0.0010785841,0.03871913,0.06812744587659836,0.11240728944540024,12.330543518066406,0.013272769749164581,0.0038060143124312162,0.11520750820636749
1821,0.056352853775024414,1e-04,0.035044327,30.449656,0.0014981775,0.00107792,0.0387063,0.06806745380163193,0.11241526901721954,12.331453323364258,0.013274461030960083,0.003806530265137553,0.11521484702825546
1822,0.05629017576575279,1e-04,0.035030518,30.440502,0.0014971831,0.001077255,0.03869345,0.06800761818885803,0.11242333799600601,12.332376480102539,0.013276174664497375,0.003807054366916418,0.11522228270769119
1823,0.05622763931751251,1e-04,0.035016734,30.431362,0.001496191,0.0010765913,0.038680628,0.06794791668653488,0.11243145167827606,12.333303451538086,0.013277900405228138,0.003807579632848501,0.1152297705411911
1824,0.056165218353271484,1e-04,0.03500296,30.422245,0.0014952009,0.0010759293,0.038667828,0.06788833439350128,0.11243955790996552,12.334228515625,0.013279624283313751,0.003808105830103159,0.11523725092411041
1825,0.056102920323610306,1e-04,0.03498921,30.41313,0.001494212,0.0010752679,0.03865504,0.06782889366149902,0.11244775354862213,12.335164070129395,0.013281365856528282,0.003808635054156184,0.1152448058128357
1826,0.05604075640439987,1e-04,0.03497547,30.404026,0.0014932244,0.0010746068,0.03864226,0.06776958703994751,0.11245598644018173,12.336104393005371,0.013283118605613708,0.003809171263128519,0.11525241285562515
1827,0.05597871169447899,1e-04,0.034961738,30.394926,0.0014922377,0.001073947,0.03862949,0.06771042197942734,0.11246427148580551,12.33704948425293,0.01328488253057003,0.0038097098004072905,0.1152600646018982
1828,0.055916789919137955,1e-04,0.034948017,30.385807,0.0014912512,0.0010732865,0.03861672,0.06765138357877731,0.11247257888317108,12.337997436523438,0.013286652974784374,0.0038102469407022,0.11526774615049362
1829,0.05585499852895737,1e-04,0.03493433,30.376738,0.001490268,0.0010726287,0.03860399,0.06759247183799744,0.11248093843460083,12.338951110839844,0.013288432732224464,0.0038107908330857754,0.11527546495199203
1830,0.05579332634806633,1e-04,0.03492063,30.367638,0.001489284,0.0010719699,0.038591243,0.0675337091088295,0.11248940229415894,12.339917182922363,0.013290239498019218,0.0038113389164209366,0.11528330296278
1831,0.055731769651174545,1e-04,0.03490696,30.358578,0.0014883031,0.0010713136,0.038578533,0.06747506558895111,0.11249786615371704,12.340882301330566,0.013292046263813972,0.003811891656368971,0.11529113352298737
1832,0.05567034333944321,1e-04,0.03489329,30.3495,0.0014873219,0.0010706572,0.038565814,0.06741655617952347,0.11250634491443634,12.341848373413086,0.013293853029608727,0.003812440438196063,0.11529897153377533
1833,0.055609043687582016,1e-04,0.03487964,30.34045,0.0014863432,0.0010700019,0.038553122,0.06735819578170776,0.11251497268676758,12.342832565307617,0.013295697048306465,0.003813003422692418,0.11530696600675583
1834,0.055547866970300674,1e-04,0.034865998,30.331394,0.0014853652,0.0010693469,0.038540438,0.06729996204376221,0.11252360045909882,12.343816757202148,0.013297541067004204,0.0038135640788823366,0.11531496793031693
1835,0.05548680201172829,1e-04,0.034852367,30.322338,0.0014843878,0.0010686925,0.038527753,0.0672418475151062,0.11253222078084946,12.344799995422363,0.013299385085701942,0.0038141258992254734,0.11532296240329742
1836,0.055425871163606644,1e-04,0.034838762,30.31332,0.0014834133,0.0010680405,0.038515106,0.06718386709690094,0.11254096031188965,12.345795631408691,0.013301253318786621,0.0038146930746734142,0.11533106118440628
1837,0.055365048348903656,1e-04,0.03482516,30.30429,0.001482439,0.001067388,0.038502455,0.06712601333856583,0.11254972219467163,12.346796035766602,0.013303126208484173,0.003815264906734228,0.11533918231725693
1838,0.055304355919361115,1e-04,0.034811582,30.29528,0.001481467,0.0010667373,0.03848983,0.06706830859184265,0.11255854368209839,12.347799301147461,0.013305017724633217,0.003815841395407915,0.11534737795591354
1839,0.055243782699108124,1e-04,0.034798,30.286247,0.0014804943,0.0010660854,0.03847719,0.06701071560382843,0.11256738007068634,12.348806381225586,0.013306910172104836,0.0038164169527590275,0.11535558104515076
1840,0.055183328688144684,1e-04,0.034784444,30.27724,0.0014795241,0.0010654358,0.038464583,0.06695324927568436,0.11257626116275787,12.349817276000977,0.013308811001479626,0.003816994372755289,0.11536382138729095
1841,0.055122990161180496,1e-04,0.0347709,30.268232,0.0014785542,0.001064786,0.038451973,0.06689592450857162,0.11258520931005478,12.350837707519531,0.013310730457305908,0.0038175794761627913,0.11537213623523712
1842,0.055062778294086456,1e-04,0.034757357,30.25923,0.0014775854,0.0010641371,0.038439374,0.06683871895074844,0.11259420216083527,12.351861953735352,0.013312658295035362,0.003818165510892868,0.11538049578666687
1843,0.05500268191099167,1e-04,0.034743845,30.250254,0.0014766199,0.0010634899,0.038426813,0.06678164005279541,0.11260316520929337,12.352882385253906,0.013314580544829369,0.0038187510799616575,0.11538882553577423
1844,0.05494270846247673,1e-04,0.034730334,30.241268,0.0014756538,0.0010628428,0.03841424,0.06672470271587372,0.1126122698187828,12.35391902923584,0.013316536322236061,0.0038193457294255495,0.11539729684591293
1845,0.054882850497961044,1e-04,0.034716852,30.232311,0.001474691,0.0010621977,0.038401704,0.06666787713766098,0.11262135207653046,12.354952812194824,0.013318484649062157,0.003819938050583005,0.11540573835372925
1846,0.054823122918605804,1e-04,0.034703366,30.223345,0.0014737274,0.001061552,0.038389158,0.06661118566989899,0.11263053119182587,12.355998992919922,0.013320458121597767,0.0038205403834581375,0.11541429162025452
1847,0.05476349592208862,1e-04,0.034689885,30.214373,0.0014727645,0.0010609067,0.038376614,0.06655464321374893,0.11263976991176605,12.357049942016602,0.013322442770004272,0.003821143414825201,0.11542288959026337
1848,0.05470399931073189,1e-04,0.034676418,30.205412,0.0014718032,0.0010602622,0.038364086,0.06649820506572723,0.11264903843402863,12.358104705810547,0.013324436731636524,0.0038217492401599884,0.1154315248131752
1849,0.054644614458084106,1e-04,0.034662988,30.19648,0.0014708447,0.0010596196,0.038351595,0.06644190847873688,0.11265834420919418,12.359163284301758,0.013326439075171947,0.003822359489277005,0.11544019728899002
1850,0.054585352540016174,1e-04,0.03464955,30.18754,0.0014698866,0.0010589773,0.0383391,0.06638572365045547,0.11266770213842392,12.360228538513184,0.013328450731933117,0.0038229699712246656,0.11544890701770782
1851,0.054526202380657196,1e-04,0.03463613,30.17861,0.0014689292,0.0010583359,0.038326614,0.06632968038320541,0.11267713457345963,12.361302375793457,0.013330481946468353,0.003823587205260992,0.11545770615339279
1852,0.05446717143058777,1e-04,0.03462272,30.169685,0.0014679735,0.001057695,0.03831414,0.0662737563252449,0.11268658936023712,12.36237621307373,0.013332515954971313,0.0038242083974182606,0.11546651273965836
1853,0.05440825968980789,1e-04,0.034609318,30.160769,0.0014670182,0.0010570546,0.038301673,0.06621796637773514,0.11269611120223999,12.363460540771484,0.01333456952124834,0.0038248293567448854,0.11547540873289108
1854,0.05434946343302727,1e-04,0.03459594,30.151857,0.0014660651,0.0010564154,0.03828923,0.06616228073835373,0.11270562559366226,12.364542961120605,0.01333661936223507,0.003825453342869878,0.11548428237438202
1855,0.0542907789349556,1e-04,0.03458257,30.142952,0.0014651126,0.0010557765,0.038276788,0.06610674411058426,0.1127152070403099,12.365633010864258,0.013338685035705566,0.0038260817527770996,0.11549322307109833
1856,0.054232217371463776,1e-04,0.034569208,30.134047,0.0014641609,0.0010551381,0.038264357,0.06605131924152374,0.11272482573986053,12.366726875305176,0.013340761885046959,0.00382671388797462,0.11550221592187881
1857,0.05417376384139061,1e-04,0.034555856,30.12515,0.0014632103,0.0010545008,0.038251933,0.06599602103233337,0.11273451149463654,12.367826461791992,0.013342848047614098,0.003827345324680209,0.11551124602556229
1858,0.054115429520606995,1e-04,0.034542523,30.116262,0.0014622614,0.001053864,0.038239527,0.06594084203243256,0.1127442717552185,12.368936538696289,0.013344956561923027,0.003827989101409912,0.11552037298679352
1859,0.05405720695853233,1e-04,0.034529205,30.1074,0.0014613143,0.0010532289,0.03822714,0.06588580459356308,0.11275406926870346,12.370051383972168,0.013347071595489979,0.0038286324124783278,0.11552952975034714
1860,0.05399910360574722,1e-04,0.034515895,30.09852,0.0014603676,0.0010525936,0.038214754,0.06583087891340256,0.11276385933160782,12.371164321899414,0.013349185697734356,0.003829271299764514,0.11553867906332016
1861,0.053941112011671066,1e-04,0.034502592,30.08967,0.0014594224,0.0010519597,0.038202386,0.06577606499195099,0.11277371644973755,12.372283935546875,0.013351318426430225,0.0038299201987683773,0.11554790288209915
1862,0.05388322472572327,1e-04,0.034489308,30.080809,0.0014584779,0.0010513258,0.038190022,0.06572140008211136,0.11278364807367325,12.373411178588867,0.013353465124964714,0.0038305725902318954,0.11555719375610352
1863,0.05382547155022621,1e-04,0.034476046,30.07196,0.0014575354,0.0010506934,0.038177684,0.06566685438156128,0.11279364675283432,12.374549865722656,0.013355627655982971,0.003831231966614723,0.11556655168533325
1864,0.053767818957567215,1e-04,0.034462765,30.063107,0.0014565923,0.0010500601,0.03816533,0.06561242043972015,0.11280366033315659,12.375687599182129,0.013357792980968952,0.003831889946013689,0.11557591706514359
1865,0.05371027812361717,1e-04,0.034449514,30.05427,0.0014556514,0.001049429,0.038153,0.06555810570716858,0.11281369626522064,12.37682819366455,0.01335996389389038,0.003832548391073942,0.1155853122472763
1866,0.05365285277366638,1e-04,0.03443628,30.045448,0.0014547124,0.0010487988,0.03814069,0.06550392508506775,0.11282378435134888,12.377973556518555,0.013362148776650429,0.0038332112599164248,0.1155947595834732
1867,0.05359555035829544,1e-04,0.034423064,30.036634,0.0014537749,0.0010481697,0.0381284,0.06544985622167587,0.1128339022397995,12.379121780395508,0.013364340178668499,0.003833876457065344,0.11560423672199249
1868,0.05353834852576256,1e-04,0.034409843,30.027805,0.0014528367,0.0010475393,0.038116094,0.06539589911699295,0.1128440648317337,12.380276679992676,0.013366540893912315,0.003834544913843274,0.11561375856399536
1869,0.05348125472664833,1e-04,0.034396634,30.018986,0.0014518996,0.0010469103,0.0381038,0.06534206867218018,0.11285426467657089,12.381434440612793,0.013368750922381878,0.0038352154660969973,0.11562331765890121
1870,0.053424276411533356,1e-04,0.034383442,30.010176,0.0014509645,0.0010462821,0.03809153,0.06528836488723755,0.11286455392837524,12.382603645324707,0.013370980508625507,0.00383589300327003,0.11563295871019363
1871,0.05336741358041763,1e-04,0.034370266,30.00139,0.0014500307,0.0010456553,0.03807927,0.06523477286100388,0.11287485063076019,12.383772850036621,0.013373213820159435,0.0038365735672414303,0.11564261466264725
1872,0.05331065505743027,1e-04,0.0343571,29.992584,0.0014490975,0.0010450283,0.038067013,0.06518131494522095,0.11288521438837051,12.384949684143066,0.013375459238886833,0.003837253898382187,0.11565232276916504
1873,0.05325401946902275,1e-04,0.03434394,29.983791,0.0014481649,0.0010444021,0.03805476,0.06512798368930817,0.11289568990468979,12.386138916015625,0.013377735391259193,0.0038379442412406206,0.11566215753555298
1874,0.05319748446345329,1e-04,0.034330796,29.975023,0.0014472349,0.0010437774,0.03804254,0.06507475674152374,0.11290611326694489,12.387323379516602,0.013379995711147785,0.0038386303931474686,0.11567193269729614
1875,0.053141068667173386,1e-04,0.034317672,29.96626,0.0014463061,0.0010431538,0.03803033,0.06502165645360947,0.11291663348674774,12.388517379760742,0.01338228303939104,0.003839327720925212,0.11568181961774826
1876,0.05308475345373154,1e-04,0.034304537,29.95748,0.0014453765,0.001042529,0.038018107,0.06496868282556534,0.11292718350887299,12.389714241027832,0.01338457316160202,0.003840021323412657,0.11569171398878098
1877,0.05302855744957924,1e-04,0.03429143,29.94874,0.0014444505,0.0010419075,0.038005926,0.06491581350564957,0.11293776333332062,12.390914916992188,0.013386869803071022,0.0038407191168516874,0.11570163816213608
1878,0.0529724657535553,1e-04,0.03427834,29.939981,0.0014435241,0.0010412846,0.037993737,0.06486306339502335,0.11294841766357422,12.39212417602539,0.01338918786495924,0.0038414220325648785,0.11571165919303894
1879,0.052916474640369415,1e-04,0.03426525,29.931227,0.0014425988,0.0010406628,0.03798156,0.06481043249368668,0.11295906454324722,12.393332481384277,0.01339150033891201,0.003842125413939357,0.11572165042161942
1880,0.052860602736473083,1e-04,0.034252174,29.922493,0.0014416749,0.0010400423,0.037969396,0.06475792825222015,0.11296980082988739,12.394551277160645,0.01339383702725172,0.0038428357802331448,0.11573174595832825
1881,0.052804842591285706,1e-04,0.034239106,29.91375,0.0014407511,0.0010394213,0.03795723,0.06470552086830139,0.11298050731420517,12.395766258239746,0.013396164402365685,0.0038435407914221287,0.1157418042421341
1882,0.052749186754226685,1e-04,0.034226067,29.905025,0.00143983,0.001038802,0.03794509,0.06465325504541397,0.1129913479089737,12.396995544433594,0.013398523442447186,0.0038442560471594334,0.11575198918581009
1883,0.05269363522529602,1e-04,0.03421303,29.896305,0.0014389096,0.0010381835,0.037932962,0.06460107862949371,0.11300215870141983,12.398221969604492,0.013400876894593239,0.003844971302896738,0.11576215922832489
1884,0.05263819172978401,1e-04,0.034199987,29.887577,0.001437989,0.0010375644,0.037920825,0.0645490512251854,0.1130131259560585,12.399465560913086,0.013403263874351978,0.0038456940092146397,0.11577246338129044
1885,0.052582863718271255,1e-04,0.03418698,29.87888,0.0014370716,0.0010369477,0.037908725,0.06449712812900543,0.11302405595779419,12.400705337524414,0.01340564526617527,0.0038464143872261047,0.11578275263309479
1886,0.05252763628959656,1e-04,0.03417397,29.87017,0.0014361532,0.0010363302,0.03789661,0.06444531679153442,0.11303503811359406,12.401951789855957,0.013408036902546883,0.0038471431471407413,0.11579307913780212
1887,0.052472516894340515,1e-04,0.034160968,29.86147,0.0014352368,0.0010357138,0.03788452,0.06439362466335297,0.11304602771997452,12.403197288513184,0.013410432264208794,0.0038478716742247343,0.11580342054367065
1888,0.052417512983083725,1e-04,0.034147985,29.852783,0.0014343214,0.0010350987,0.037872437,0.06434205919504166,0.11305717378854752,12.404461860656738,0.01341286301612854,0.003848607884719968,0.11581391841173172
1889,0.052362602204084396,1e-04,0.034135006,29.844099,0.0014334072,0.0010344837,0.037860364,0.0642905905842781,0.11306828260421753,12.405721664428711,0.013415282592177391,0.0038493419997394085,0.11582436412572861
1890,0.05230780318379402,1e-04,0.034122057,29.835428,0.0014324946,0.00103387,0.03784831,0.06423924118280411,0.11307942867279053,12.40698528289795,0.013417715206742287,0.0038500777445733547,0.11583486199378967
1891,0.0522531121969223,1e-04,0.03410911,29.82676,0.0014315826,0.0010332566,0.03783626,0.06418801099061966,0.11309061199426651,12.40825366973877,0.01342015527188778,0.003850818844512105,0.11584539711475372
1892,0.05219852179288864,1e-04,0.03409616,29.818077,0.0014306706,0.0010326431,0.037824206,0.06413690000772476,0.11310187727212906,12.409530639648438,0.013422613963484764,0.0038515664637088776,0.11585600674152374
1893,0.05214404687285423,1e-04,0.034083243,29.809425,0.0014297615,0.0010320316,0.03781219,0.06408590078353882,0.11311318725347519,12.41081428527832,0.013425081968307495,0.003852317575365305,0.11586665362119675
1894,0.052089668810367584,1e-04,0.034070317,29.800772,0.0014288524,0.00103142,0.037800163,0.06403501331806183,0.1131245344877243,12.412099838256836,0.01342756301164627,0.003853065427392721,0.11587736010551453
1895,0.05203539505600929,1e-04,0.03405742,29.792126,0.0014279449,0.0010308094,0.037788156,0.0639842301607132,0.11313587427139282,12.413385391235352,0.013430038467049599,0.0038538165390491486,0.11588804423809052
1896,0.051981229335069656,1e-04,0.03404451,29.78347,0.0014270371,0.0010301984,0.037776142,0.06393357366323471,0.11314733326435089,12.41468334197998,0.013432541862130165,0.003854576963931322,0.11589884012937546
1897,0.051927171647548676,1e-04,0.03403165,29.77485,0.0014261326,0.0010295899,0.037764173,0.06388302892446518,0.11315883696079254,12.415987968444824,0.013435053639113903,0.0038553387857973576,0.11590968072414398
1898,0.051873207092285156,1e-04,0.034018762,29.766218,0.0014252273,0.0010289806,0.03775218,0.06383258104324341,0.11317028105258942,12.417284965515137,0.013437556102871895,0.003856097813695669,0.11592047661542892
1899,0.051819346845149994,1e-04,0.034005906,29.757591,0.0014243238,0.0010283722,0.037740216,0.06378225982189178,0.11318181455135345,12.418593406677246,0.013440078124403954,0.0038568638265132904,0.11593135446310043
1900,0.05176560580730438,1e-04,0.03399305,29.748964,0.0014234206,0.0010277643,0.037728246,0.06373205035924911,0.11319343000650406,12.41990852355957,0.013442620635032654,0.003857633098959923,0.11594231426715851
1901,0.05171194672584534,1e-04,0.03398022,29.74037,0.0014225201,0.0010271583,0.03771631,0.0636819526553154,0.11320506036281586,12.421226501464844,0.013445163145661354,0.0038584056310355663,0.11595328152179718
1902,0.05165840685367584,1e-04,0.03396738,29.731758,0.0014216192,0.0010265518,0.037704367,0.06363195925951004,0.11321672052145004,12.422547340393066,0.0134477149695158,0.003859179560095072,0.11596428602933884
1903,0.05160496383905411,1e-04,0.033954564,29.723145,0.0014207191,0.0010259453,0.037692428,0.06358208507299423,0.1132284551858902,12.423877716064453,0.013450282625854015,0.0038599572144448757,0.11597535014152527
1904,0.05155162140727043,1e-04,0.03394176,29.714548,0.0014198206,0.0010253403,0.037680507,0.06353232264518738,0.11324019730091095,12.425207138061523,0.013452854938805103,0.0038607358001172543,0.11598644405603409
1905,0.05149839073419571,1e-04,0.033928968,29.705965,0.0014189237,0.0010247364,0.037668604,0.06348267197608948,0.11325202882289886,12.426548957824707,0.013455445878207684,0.003861525561660528,0.11599761247634888
1906,0.05144525319337845,1e-04,0.03391618,29.697386,0.0014180272,0.0010241326,0.037656702,0.06343313306570053,0.11326388269662857,12.42789077758789,0.013458041474223137,0.0038623095024377108,0.11600879579782486
1907,0.051392219960689545,1e-04,0.0339034,29.688805,0.0014171316,0.0010235297,0.037644807,0.06338370591402054,0.11327580362558365,12.429242134094238,0.013460653834044933,0.003863103687763214,0.11602006107568741
1908,0.0513392873108387,1e-04,0.03389063,29.680237,0.0014162369,0.0010229272,0.037632924,0.0633343905210495,0.11328776925802231,12.430597305297852,0.01346327643841505,0.0038638978730887175,0.11603135615587234
1909,0.05128645896911621,1e-04,0.033877876,29.671673,0.0014153438,0.0010223256,0.037621055,0.06328518688678741,0.11329976469278336,12.431955337524414,0.013465908356010914,0.0038646957837045193,0.11604270339012146
1910,0.05123373121023178,1e-04,0.033865128,29.663103,0.001414451,0.0010217241,0.03760919,0.06323608756065369,0.1133117824792862,12.433316230773926,0.013468543067574501,0.0038654934614896774,0.11605405062437057
1911,0.05118110030889511,1e-04,0.0338524,29.65456,0.0014135602,0.0010211242,0.037597343,0.06318707764148712,0.11332380771636963,12.43467903137207,0.013471180573105812,0.0038662939332425594,0.11606541275978088
1912,0.0511285737156868,1e-04,0.033839684,29.646019,0.0014126705,0.0010205245,0.037585508,0.0631381943821907,0.11333589255809784,12.436047554016113,0.013473832979798317,0.003867099527269602,0.11607684195041656
1913,0.051076143980026245,1e-04,0.03382697,29.63747,0.0014117806,0.0010199246,0.03757367,0.06308940798044205,0.11334800720214844,12.437418937683105,0.01347648911178112,0.0038679023273289204,0.11608827859163284
1914,0.05102381482720375,1e-04,0.033814274,29.62893,0.0014108923,0.0010193259,0.03756185,0.06304074823856354,0.1133602038025856,12.438799858093262,0.013479167595505714,0.003868715837597847,0.11609981954097748
1915,0.050971582531929016,1e-04,0.03380158,29.6204,0.001410005,0.001018728,0.037550032,0.06299220025539398,0.11337246745824814,12.44018840789795,0.013481860980391502,0.003869531210511923,0.11611141264438629
1916,0.05091945827007294,1e-04,0.033788893,29.611868,0.001409118,0.0010181301,0.03753822,0.06294374167919159,0.11338470876216888,12.441575050354004,0.013484549708664417,0.0038703468162566423,0.11612299084663391
1917,0.05086742714047432,1e-04,0.03377622,29.603352,0.0014082328,0.0010175335,0.03752643,0.06289540231227875,0.11339698731899261,12.442964553833008,0.013487247750163078,0.0038711640518158674,0.11613461375236511
1918,0.05081549659371376,1e-04,0.03376358,29.594845,0.0014073496,0.0010169384,0.037514657,0.06284715980291367,0.1134093627333641,12.444365501403809,0.013489966280758381,0.0038719885051250458,0.11614631116390228
1919,0.05076366290450096,1e-04,0.033750918,29.586332,0.0014064655,0.0010163422,0.037502874,0.06279904395341873,0.11342181265354156,12.445775032043457,0.013492701575160027,0.0038728173822164536,0.11615809053182602
1920,0.05071192979812622,1e-04,0.03373827,29.577822,0.0014055829,0.0010157471,0.037491105,0.06275102496147156,0.11343424022197723,12.447182655334473,0.013495435006916523,0.0038736481219530106,0.11616985499858856
1921,0.05066029727458954,1e-04,0.03372565,29.569324,0.0014047015,0.0010151525,0.03747935,0.06270311772823334,0.11344673484563828,12.448596000671387,0.013498184271156788,0.0038744788616895676,0.11618168652057648
1922,0.05060875415802002,1e-04,0.033713028,29.560848,0.0014038219,0.0010145598,0.03746761,0.06265529990196228,0.11345922946929932,12.450010299682617,0.01350092887878418,0.0038753121625632048,0.1161934956908226
1923,0.05055731534957886,1e-04,0.033700414,29.552345,0.0014029416,0.001013966,0.037455864,0.06260760128498077,0.11347176879644394,12.451431274414062,0.013503688387572765,0.0038761489558964968,0.1162053719162941
1924,0.05050596967339516,1e-04,0.03368781,29.54387,0.0014020631,0.0010133733,0.037444133,0.06255999952554703,0.11348436772823334,12.452856063842773,0.01350646186619997,0.003876990871503949,0.11621730774641037
1925,0.05045472830533981,1e-04,0.033675227,29.535383,0.0014011855,0.0010127813,0.037432414,0.06251251697540283,0.11349701881408691,12.454288482666016,0.013509245589375496,0.003877831157296896,0.11622928082942963
1926,0.05040358006954193,1e-04,0.033662654,29.526928,0.0014003097,0.0010121907,0.037420712,0.0624651275575161,0.11350969225168228,12.455721855163574,0.01351203303784132,0.0038786784280091524,0.11624126881361008
1927,0.05035252869129181,1e-04,0.033650085,29.518456,0.0013994339,0.0010115998,0.037409008,0.062417853623628616,0.11352244764566422,12.457164764404297,0.013514844700694084,0.0038795298896729946,0.11625336110591888
1928,0.05030157044529915,1e-04,0.033637527,29.510012,0.0013985601,0.0010110105,0.03739733,0.06237068027257919,0.11353520303964615,12.458608627319336,0.013517653569579124,0.003880381118506193,0.1162654459476471
1929,0.05025070905685425,1e-04,0.033624973,29.501553,0.0013976858,0.0010104205,0.037385635,0.06232360377907753,0.11354798078536987,12.46005630493164,0.013520468957722187,0.0038812332786619663,0.1162775531411171
1930,0.050199948251247406,1e-04,0.033612445,29.493107,0.0013968138,0.001009832,0.03737397,0.06227663531899452,0.11356081068515778,12.461506843566895,0.013523297384381294,0.0038820914924144745,0.11628971248865128
1931,0.050149280577898026,1e-04,0.033599917,29.484657,0.0013959416,0.0010092434,0.037362304,0.062229763716459274,0.11357367038726807,12.46296215057373,0.013526128605008125,0.0038829471450299025,0.11630188673734665
1932,0.050098709762096405,1e-04,0.03358741,29.476217,0.0013950712,0.001008656,0.03735065,0.062183015048503876,0.11358660459518433,12.464426040649414,0.013528982177376747,0.003883813275024295,0.11631415039300919
1933,0.050048232078552246,1e-04,0.033574894,29.467793,0.0013942017,0.0010080689,0.03733901,0.06213635578751564,0.11359955370426178,12.465890884399414,0.013531835749745369,0.003884676843881607,0.11632642149925232
1934,0.04999785125255585,1e-04,0.033562403,29.45936,0.0013933325,0.0010074822,0.037327368,0.06208981201052666,0.1136125922203064,12.467366218566895,0.013534711673855782,0.0038855497259646654,0.11633878201246262
1935,0.04994756355881691,1e-04,0.033549912,29.45094,0.0013924646,0.0010068964,0.03731574,0.062043361365795135,0.11362564563751221,12.468843460083008,0.013537590391933918,0.0038864226080477238,0.11635114997625351
1936,0.049897368997335434,1e-04,0.03353742,29.442524,0.0013915972,0.0010063109,0.03730412,0.06199701502919197,0.11363871395587921,12.470321655273438,0.013540473766624928,0.0038872952573001385,0.1163635402917862
1937,0.04984727501869202,1e-04,0.03352497,29.434132,0.0013907328,0.0010057272,0.03729253,0.061950769275426865,0.1136518120765686,12.471803665161133,0.013543367385864258,0.0038881725631654263,0.11637597531080246
1938,0.04979727044701576,1e-04,0.033512503,29.42572,0.0013898674,0.001005143,0.037280925,0.06190463900566101,0.11366502195596695,12.473297119140625,0.013546282425522804,0.0038890563882887363,0.11638849973678589
1939,0.04974735900759697,1e-04,0.03350005,29.417318,0.0013890031,0.0010045592,0.03726933,0.06185859814286232,0.11367823928594589,12.47479248046875,0.013549203053116798,0.0038899395149201155,0.11640104651451111
1940,0.04969753697514534,1e-04,0.033487614,29.408922,0.0013881399,0.0010039762,0.03725775,0.06181266903877258,0.11369149386882782,12.476292610168457,0.013552132062613964,0.0038908265996724367,0.11641362309455872
1941,0.04964781180024147,1e-04,0.033475183,29.400532,0.0013872775,0.0010033938,0.037246175,0.06176682934165001,0.11370476335287094,12.477792739868164,0.01355505920946598,0.003891715779900551,0.11642619967460632
1942,0.04959818348288536,1e-04,0.033462774,29.392149,0.0013864166,0.0010028124,0.037234616,0.061721086502075195,0.11371805518865585,12.47929573059082,0.013557997532188892,0.0038926047272980213,0.11643881350755692
1943,0.049548644572496414,1e-04,0.03345036,29.383772,0.0013855563,0.0010022311,0.03722306,0.06167547032237053,0.11373148113489151,12.480813026428223,0.013560965657234192,0.0038935064803808928,0.11645156145095825
1944,0.04949920251965523,1e-04,0.03343796,29.375397,0.0013846965,0.0010016502,0.03721151,0.061629921197891235,0.1137448102235794,12.482320785522461,0.013563910499215126,0.003894396126270294,0.11646420508623123
1945,0.049449846148490906,1e-04,0.03342557,29.367027,0.0013838379,0.0010010701,0.03719997,0.061584483832120895,0.11375822871923447,12.48383903503418,0.013566876761615276,0.0038952964823693037,0.11647693812847137
1946,0.049400586634874344,1e-04,0.033413205,29.358662,0.001382981,0.0010004909,0.03718845,0.06153913959860802,0.11377169191837311,12.485361099243164,0.013569852337241173,0.0038961968384683132,0.1164897084236145
1947,0.04935141280293465,1e-04,0.033400826,29.350311,0.0013821241,0.0009999122,0.03717693,0.061493922024965286,0.11378522217273712,12.48689079284668,0.013572847470641136,0.003897103713825345,0.1165025606751442
1948,0.04930233955383301,1e-04,0.033388473,29.341951,0.0013812686,0.0009993338,0.037165422,0.061448801308870316,0.1137988343834877,12.488430976867676,0.013575861230492592,0.003898016409948468,0.11651549488306046
1949,0.04925335571169853,1e-04,0.033376113,29.333614,0.0013804139,0.0009987565,0.037153922,0.06140375882387161,0.1138124093413353,12.489965438842773,0.013578864745795727,0.003898928640410304,0.11652838438749313
1950,0.04920445382595062,1e-04,0.03336378,29.325277,0.0013795607,0.0009981797,0.037142437,0.061358824372291565,0.11382602155208588,12.49150562286377,0.013581877574324608,0.0038998413365334272,0.1165413111448288
1951,0.04915565252304077,1e-04,0.03335146,29.316942,0.0013787082,0.0009976034,0.03713096,0.06131400913000107,0.1138397604227066,12.493058204650879,0.013584919273853302,0.003900759620591998,0.1165543645620346
1952,0.049106940627098083,1e-04,0.033339128,29.308607,0.0013778559,0.0009970271,0.03711948,0.061269257217645645,0.11385343223810196,12.494604110717773,0.013587944209575653,0.0039016783703118563,0.11656733602285385
1953,0.04905831813812256,1e-04,0.033326816,29.300295,0.0013770054,0.0009964525,0.037108023,0.06122462451457977,0.11386720091104507,12.496160507202148,0.013590997084975243,0.003902602242305875,0.11658043414354324
1954,0.0490097850561142,1e-04,0.033314504,29.291964,0.0013761544,0.000995877,0.037096556,0.061180077493190765,0.1138809472322464,12.49771499633789,0.013594040647149086,0.003903523553162813,0.11659348756074905
1955,0.048961341381073,1e-04,0.033302214,29.283653,0.0013753058,0.0009953033,0.037085116,0.06113563850522041,0.11389478296041489,12.499279975891113,0.01359710656106472,0.0039044537115842104,0.11660663038492203
1956,0.04891298711299896,1e-04,0.03328993,29.275337,0.0013744569,0.000994729,0.037073668,0.06109128147363663,0.11390858888626099,12.500840187072754,0.013600167818367481,0.003905380144715309,0.11661975830793381
1957,0.04886472225189209,1e-04,0.033277657,29.267029,0.0013736094,0.0009941556,0.037062235,0.061047039926052094,0.11392251402139664,12.502413749694824,0.013603252358734608,0.003906314726918936,0.11663298308849335
1958,0.04881655424833298,1e-04,0.033265382,29.258726,0.0013727625,0.0009935834,0.03705081,0.06100288778543472,0.1139364242553711,12.503986358642578,0.013606337830424309,0.003907248377799988,0.11664620786905289
1959,0.048768460750579834,1e-04,0.033253137,29.250431,0.0013719171,0.0009930113,0.0370394,0.060958828777074814,0.11395038664340973,12.50556468963623,0.01360943354666233,0.003908186219632626,0.11665947735309601
1960,0.04872046411037445,1e-04,0.033240892,29.242136,0.0013710725,0.0009924397,0.037027996,0.06091487035155296,0.11396436393260956,12.507144927978516,0.013612532988190651,0.003909126855432987,0.11667276173830032
1961,0.04867256432771683,1e-04,0.033228647,29.233852,0.0013702284,0.0009918689,0.037016597,0.060871023684740067,0.11397849023342133,12.50874137878418,0.013615669682621956,0.00391007587313652,0.11668620258569717
1962,0.04862474277615547,1e-04,0.033216435,29.225582,0.0013693863,0.0009912989,0.03700522,0.060827262699604034,0.1139925867319107,12.510334014892578,0.013618795201182365,0.00391102209687233,0.11669959127902985
1963,0.04857701063156128,1e-04,0.033204217,29.217308,0.0013685443,0.0009907295,0.036993843,0.060783594846725464,0.11400669813156128,12.511929512023926,0.013621929101645947,0.003911972977221012,0.1167130172252655
1964,0.04852936789393425,1e-04,0.033192005,29.209034,0.0013677026,0.00099016,0.03698246,0.06074003875255585,0.11402089893817902,12.513533592224121,0.013625080697238445,0.003912926651537418,0.11672651767730713
1965,0.04848181828856468,1e-04,0.0331798,29.200768,0.0013668628,0.0009895915,0.036971107,0.0606965497136116,0.11403505504131317,12.515134811401367,0.013628224842250347,0.00391387939453125,0.11673998832702637
1966,0.04843434691429138,1e-04,0.033167627,29.192518,0.001366024,0.0009890242,0.036959764,0.060653168708086014,0.11404929310083389,12.516743659973145,0.013631385751068592,0.003914837725460529,0.11675352603197098
1967,0.04838696867227554,1e-04,0.033155426,29.184254,0.0013651847,0.0009884558,0.036948405,0.06060988828539848,0.1140635758638382,12.518357276916504,0.013634559698402882,0.003915797919034958,0.11676711589097977
1968,0.04833967611193657,1e-04,0.033143256,29.176003,0.0013643471,0.0009878888,0.03693707,0.06056669354438782,0.1140778511762619,12.519970893859863,0.013637733645737171,0.0039167567156255245,0.11678070574998856
1969,0.04829246923327446,1e-04,0.033131085,29.167755,0.0013635098,0.0009873222,0.036925733,0.06052359193563461,0.11409219354391098,12.521592140197754,0.01364091970026493,0.00391772435978055,0.11679434776306152
1970,0.048245348036289215,1e-04,0.033118937,29.159515,0.001362674,0.0009867563,0.036914416,0.06048058718442917,0.11410658061504364,12.523218154907227,0.013644115999341011,0.003918693400919437,0.11680802702903748
1971,0.048198308795690536,1e-04,0.033106808,29.151283,0.0013618397,0.0009861913,0.036903113,0.060437675565481186,0.1141209751367569,12.524843215942383,0.01364731602370739,0.003919662907719612,0.11682172864675522
1972,0.04815136268734932,1e-04,0.03309466,29.14304,0.0013610045,0.0009856257,0.036891796,0.06039486452937126,0.11413544416427612,12.52647876739502,0.013650534674525261,0.00392063707113266,0.11683550477027893
1973,0.04810449853539467,1e-04,0.03308254,29.134827,0.0013601724,0.0009850624,0.036880516,0.060352131724357605,0.11414990574121475,12.528112411499023,0.013653749600052834,0.003921611234545708,0.11684925854206085
1974,0.04805772379040718,1e-04,0.033070423,29.126617,0.0013593404,0.0009844991,0.036869235,0.060309503227472305,0.11416441202163696,12.529751777648926,0.013656978495419025,0.003922588191926479,0.11686307936906815
1975,0.048011038452386856,1e-04,0.033058308,29.11839,0.0013585082,0.0009839353,0.036857948,0.060266975313425064,0.11417900025844574,12.531400680541992,0.01366022415459156,0.00392357399687171,0.11687695980072021
1976,0.0479644276201725,1e-04,0.0330462,29.11016,0.0013576765,0.0009833719,0.03684666,0.06022453308105469,0.11419359594583511,12.533049583435059,0.01366347260773182,0.003924556076526642,0.11689085513353348
1977,0.04791790992021561,1e-04,0.033034112,29.101963,0.0013568474,0.0009828099,0.03683541,0.060182176530361176,0.11420818418264389,12.534697532653809,0.013666719198226929,0.003925538156181574,0.11690474301576614
1978,0.04787147790193558,1e-04,0.03302204,29.093777,0.0013560193,0.0009822495,0.036824167,0.06013992428779602,0.11422286927700043,12.536356925964355,0.013669988140463829,0.003926529083400965,0.11691872775554657
1979,0.047825127840042114,1e-04,0.03300996,29.08557,0.0013551903,0.0009816878,0.03681291,0.06009775400161743,0.11423754692077637,12.53801441192627,0.013673258014023304,0.003927522338926792,0.1169327050447464
1980,0.04777885973453522,1e-04,0.03299789,29.07737,0.0013543627,0.0009811273,0.036801666,0.0600556805729866,0.11425229161977768,12.539680480957031,0.013676541857421398,0.003928514663130045,0.1169467493891716
1981,0.047732673585414886,1e-04,0.032985844,29.069195,0.0013535371,0.0009805677,0.03679045,0.06001368910074234,0.11426705121994019,12.541348457336426,0.01367982942610979,0.003929511643946171,0.1169608011841774
1982,0.04768657311797142,1e-04,0.03297379,29.061014,0.0013527113,0.000980008,0.036779225,0.05997180566191673,0.11428187042474747,12.543022155761719,0.013683130964636803,0.003930508159101009,0.11697491258382797
1983,0.04764056205749512,1e-04,0.032961763,29.052835,0.0013518868,0.0009794493,0.03676801,0.05993001163005829,0.11429669708013535,12.544695854187012,0.013686436228454113,0.003931510727852583,0.11698904633522034
1984,0.04759463667869568,1e-04,0.03294972,29.044651,0.0013510621,0.0009788902,0.036756795,0.05988828092813492,0.11431153118610382,12.54637336730957,0.013689741492271423,0.00393251096829772,0.11700316518545151
1985,0.04754877835512161,1e-04,0.03293772,29.03649,0.0013502403,0.0009783331,0.036745615,0.0598466619849205,0.11432641744613647,12.548054695129395,0.013693061657249928,0.003933516331017017,0.11701735854148865
1986,0.047503016889095306,1e-04,0.032925714,29.028328,0.0013494183,0.0009777758,0.03673443,0.05980512872338295,0.11434134095907211,12.549738883972168,0.01369638741016388,0.0039345258846879005,0.11703156679868698
1987,0.047457337379455566,1e-04,0.032913715,29.020172,0.0013485973,0.0009772192,0.036723252,0.059763673692941666,0.11435625702142715,12.551424026489258,0.01369971502572298,0.0039355335757136345,0.11704578250646591
1988,0.047411736100912094,1e-04,0.032901723,29.01201,0.0013477764,0.0009766624,0.036712073,0.05972232669591904,0.11437126249074936,12.553120613098145,0.013703063130378723,0.00393654452636838,0.11706008017063141
1989,0.047366220504045486,1e-04,0.032889742,29.003866,0.0013469569,0.0009761071,0.03670091,0.05968107655644417,0.11438635736703873,12.554824829101562,0.013706432655453682,0.003937567584216595,0.11707447469234467
1990,0.047320783138275146,1e-04,0.032877754,28.995714,0.0013461375,0.0009755513,0.036689747,0.05963990464806557,0.11440140008926392,12.556522369384766,0.013709789142012596,0.003938584588468075,0.11708880960941315
1991,0.04727543890476227,1e-04,0.032865796,28.987587,0.0013453207,0.00097499747,0.036678612,0.05959883704781532,0.11441653966903687,12.558233261108398,0.013713168911635876,0.003939606714993715,0.11710324138402939
1992,0.04723016917705536,1e-04,0.032853834,28.97945,0.0013445033,0.0009744432,0.03666747,0.05955784022808075,0.1144317165017128,12.559946060180664,0.013716557994484901,0.0039406330324709415,0.11711771041154861
1993,0.04718496650457382,1e-04,0.03284187,28.971323,0.0013436866,0.0009738895,0.03665633,0.059516943991184235,0.11444689333438873,12.561660766601562,0.013719944283366203,0.003941657952964306,0.11713216453790665
1994,0.04713986814022064,1e-04,0.032829944,28.963198,0.0013428719,0.0009733365,0.03664522,0.05947613716125488,0.11446212232112885,12.563382148742676,0.013723348267376423,0.003942692186683416,0.11714669317007065
1995,0.04709484428167343,1e-04,0.032817997,28.955069,0.0013420563,0.00097278325,0.036634088,0.0594354085624218,0.11447737365961075,12.565103530883789,0.013726753182709217,0.003943720366805792,0.11716122925281525
1996,0.04704989865422249,1e-04,0.03280608,28.946959,0.001341243,0.00097223185,0.036622986,0.05939476937055588,0.11449263244867325,12.566826820373535,0.013730165548622608,0.003944754134863615,0.11717578768730164
1997,0.04700503498315811,1e-04,0.032794163,28.938847,0.00134043,0.00097168,0.036611885,0.05935419723391533,0.11450789123773575,12.568550109863281,0.013733571395277977,0.003945786505937576,0.11719032377004623
1998,0.046960245817899704,1e-04,0.03278227,28.930738,0.0013396183,0.0009711292,0.0366008,0.059313736855983734,0.11452321708202362,12.570281028747559,0.013737000524997711,0.003946822136640549,0.117204949259758
1999,0.04691554233431816,1e-04,0.03277036,28.922636,0.0013388068,0.0009705787,0.03658971,0.059273358434438705,0.11453858762979507,12.572015762329102,0.013740435242652893,0.003947864286601543,0.11721960455179214
2000,0.046870917081832886,1e-04,0.032758474,28.914522,0.0013379956,0.00097002764,0.03657862,0.05923307314515114,0.11455400288105011,12.573756217956543,0.01374388299882412,0.003948908299207687,0.11723430454730988
2001,0.046826377511024475,1e-04,0.03274661,28.906446,0.0013371872,0.0009694792,0.036567573,0.05919286981225014,0.11456942558288574,12.575498580932617,0.01374733168631792,0.003949953708797693,0.1172490119934082
2002,0.04678191617131233,1e-04,0.032734714,28.898357,0.0013363777,0.00096893,0.0365565,0.059152767062187195,0.11458494514226913,12.577250480651855,0.013750804588198662,0.0039510056376457214,0.11726382374763489
2003,0.04673752933740616,1e-04,0.032722857,28.890268,0.0013355698,0.00096838136,0.036545448,0.059112727642059326,0.11460040509700775,12.578996658325195,0.013754263520240784,0.003952052444219589,0.1172785758972168
2004,0.04669322445988655,1e-04,0.032711007,28.88218,0.0013347621,0.0009678328,0.036534395,0.05907278135418892,0.11461593210697174,12.58074951171875,0.013757738284766674,0.003953105770051479,0.11729338765144348
2005,0.04664899781346321,1e-04,0.032699164,28.874113,0.0013339563,0.0009672861,0.036523364,0.05903290957212448,0.11463145166635513,12.582501411437988,0.01376121211796999,0.0039541576988995075,0.11730819195508957
2006,0.04660484939813614,1e-04,0.032687314,28.866032,0.0013331497,0.0009667383,0.036512323,0.058993149548769,0.11464707553386688,12.584266662597656,0.013764709234237671,0.003955216612666845,0.11732310056686401
2007,0.04656078666448593,1e-04,0.03267549,28.85798,0.0013323461,0.0009661926,0.03650132,0.058953456580638885,0.11466270685195923,12.586030960083008,0.013768208213150501,0.0039562745951116085,0.11733800917863846
2008,0.046516790986061096,1e-04,0.03266367,28.849916,0.0013315419,0.0009656465,0.0364903,0.05891387164592743,0.11467842757701874,12.587806701660156,0.013771730475127697,0.003957340959459543,0.11735301464796066
2009,0.04647287726402283,1e-04,0.032651857,28.841858,0.0013307387,0.00096510095,0.03647929,0.05887434259057045,0.11469409614801407,12.589574813842773,0.013775239698588848,0.003958405461162329,0.11736796796321869
2010,0.04642903804779053,1e-04,0.03264005,28.833805,0.0013299362,0.00096455595,0.03646829,0.058834925293922424,0.11470981687307358,12.591349601745605,0.013778762891888618,0.003959473222494125,0.1173829734325409
2011,0.04638529568910599,1e-04,0.032628257,28.825762,0.0013291351,0.0009640117,0.036457308,0.05879557877779007,0.11472560465335846,12.593131065368652,0.013782298192381859,0.0039605433121323586,0.11739803105592728
2012,0.04634161666035652,1e-04,0.032616474,28.817717,0.0013283343,0.000963468,0.03644632,0.05875632166862488,0.11474139988422394,12.594914436340332,0.013785840943455696,0.003961616195738316,0.11741311848163605
2013,0.046298012137413025,1e-04,0.03260469,28.80968,0.0013275344,0.00096292474,0.036435347,0.05871714651584625,0.11475727707147598,12.596707344055176,0.013789397664368153,0.003962692804634571,0.1174282655119896
2014,0.046254485845565796,1e-04,0.03259292,28.801645,0.0013267352,0.00096238137,0.036424376,0.058678049594163895,0.11477309465408325,12.598493576049805,0.013792945072054863,0.003963768016546965,0.11744336783885956
2015,0.04621104151010513,1e-04,0.032581147,28.7936,0.0013259358,0.00096183835,0.0364134,0.0586390495300293,0.11478899419307709,12.600287437438965,0.01379651390016079,0.003964846488088369,0.11745855957269669
2016,0.04616767540574074,1e-04,0.032569394,28.785585,0.001325139,0.00096129696,0.036402456,0.05860012769699097,0.11480492353439331,12.602086067199707,0.013800086453557014,0.0039659300819039345,0.11747376620769501
2017,0.046124380081892014,1e-04,0.032557636,28.777548,0.0013243408,0.00096075435,0.036391493,0.05856127291917801,0.11482085287570953,12.603883743286133,0.013803658075630665,0.0039670136757195,0.11748897284269333
2018,0.04608116298913956,1e-04,0.03254591,28.76954,0.0013235456,0.00096021395,0.036380567,0.05852252244949341,0.11483685672283173,12.605691909790039,0.013807250186800957,0.003968099597841501,0.11750425398349762
2019,0.04603802412748337,1e-04,0.032534175,28.761526,0.0013227505,0.0009596734,0.036369637,0.05848383903503418,0.11485284566879272,12.607495307922363,0.013810837641358376,0.003969187382608652,0.11751952022314072
2020,0.04599495977163315,1e-04,0.032522455,28.753517,0.0013219558,0.0009591332,0.03635871,0.05844525620341301,0.1148688942193985,12.609307289123535,0.013814439997076988,0.0039702788926661015,0.11753484606742859
2021,0.045951977372169495,1e-04,0.032510746,28.745516,0.0013211624,0.00095859397,0.0363478,0.058406732976436615,0.11488492786884308,12.611116409301758,0.013818040490150452,0.003971366677433252,0.11755016446113586
2022,0.04590906202793121,1e-04,0.03249904,28.737522,0.00132037,0.0009580554,0.036336895,0.05836830660700798,0.11490104347467422,12.612935066223145,0.013821661472320557,0.003972465638071299,0.1175655648112297
2023,0.0458662211894989,1e-04,0.032487333,28.729513,0.0013195769,0.0009575159,0.03632598,0.05832996591925621,0.11491718143224716,12.614757537841797,0.013825285248458385,0.00397356366738677,0.11758097261190414
2024,0.045823466032743454,1e-04,0.032475654,28.721535,0.0013187864,0.0009569784,0.0363151,0.05829170346260071,0.11493337154388428,12.616584777832031,0.013828921131789684,0.0039746640250086784,0.11759643256664276
2025,0.04578077793121338,1e-04,0.03246396,28.713541,0.0013179953,0.00095644075,0.036304206,0.05825351923704147,0.1149495467543602,12.61841106414795,0.013832557015120983,0.003975764848291874,0.11761189252138138
2026,0.04573816806077957,1e-04,0.032452296,28.705564,0.0013172062,0.000955904,0.036293335,0.05821540951728821,0.1149657741189003,12.62024211883545,0.013836202211678028,0.003976868931204081,0.11762738972902298
2027,0.045695625245571136,1e-04,0.032440614,28.697567,0.0013164156,0.0009553661,0.036282443,0.058177389204502106,0.11498202383518219,12.622076034545898,0.01383985299617052,0.003977973945438862,0.11764290183782578
2028,0.04565316438674927,1e-04,0.03242896,28.689602,0.0013156278,0.0009548303,0.036271583,0.058139458298683167,0.11499830335378647,12.62391471862793,0.013843516819179058,0.003979084547609091,0.11765847355127335
2029,0.045610781759023666,1e-04,0.032417305,28.681631,0.00131484,0.0009542947,0.036260724,0.0581015944480896,0.11501461267471313,12.625754356384277,0.013847182504832745,0.003980195615440607,0.11767405271530151
2030,0.04556846618652344,1e-04,0.03240568,28.673674,0.0013140544,0.00095375994,0.036249887,0.058063823729753494,0.11503098905086517,12.627602577209473,0.013850865885615349,0.0039813099429011345,0.11768969893455505
2031,0.04552622511982918,1e-04,0.032394048,28.665712,0.0013132686,0.0009532254,0.036239047,0.05802611634135246,0.11504732072353363,12.629446029663086,0.013854539021849632,0.003982424736022949,0.11770530790090561
2032,0.045484062284231186,1e-04,0.03238243,28.657757,0.0013124837,0.00095269136,0.036228217,0.057988498359918594,0.11506371200084686,12.631295204162598,0.013858228921890259,0.003983539994806051,0.11772097647190094
2033,0.045441966503858566,1e-04,0.032370806,28.649794,0.0013116988,0.00095215725,0.036217384,0.05795096978545189,0.11508017778396606,12.633152961730957,0.01386193372309208,0.003984660375863314,0.11773671209812164
2034,0.04539995267987251,1e-04,0.032359198,28.641855,0.0013109156,0.0009516241,0.03620657,0.057913511991500854,0.11509661376476288,12.635007858276367,0.013865632936358452,0.003985781688243151,0.11775242537260056
2035,0.04535800963640213,1e-04,0.03234759,28.63391,0.0013101324,0.00095109124,0.03619575,0.05787612497806549,0.11511309444904327,12.636868476867676,0.013869342394173145,0.003986906260251999,0.11776817589998245
2036,0.04531613364815712,1e-04,0.032336,28.625965,0.0013093504,0.000950559,0.036184948,0.05783882737159729,0.11512964963912964,12.638736724853516,0.013873067684471607,0.003988033160567284,0.11778398603200912
2037,0.04527432844042778,1e-04,0.03232441,28.618032,0.0013085689,0.000950027,0.036174145,0.05780161917209625,0.115146204829216,12.640604972839355,0.013876798562705517,0.0039891647174954414,0.11779982596635818
2038,0.045232608914375305,1e-04,0.032312833,28.6101,0.0013077884,0.0009494957,0.036163356,0.05776447430253029,0.11516278982162476,12.642476081848145,0.0138805340975523,0.003990297205746174,0.11781568080186844
2039,0.045190948992967606,1e-04,0.032301266,28.602182,0.001307009,0.00094896543,0.03615258,0.05772741138935089,0.1151793822646141,12.644349098205566,0.01388427335768938,0.003991426434367895,0.11783154308795929
2040,0.04514937102794647,1e-04,0.03228969,28.594238,0.0013062286,0.0009484339,0.036141783,0.057690419256687164,0.11519600450992584,12.646223068237305,0.01388801634311676,0.003992562647908926,0.11784742772579193
2041,0.045107852667570114,1e-04,0.032278147,28.586344,0.0013054516,0.00094790506,0.036131036,0.0576535239815712,0.11521267890930176,12.64810562133789,0.013891776092350483,0.003993702121078968,0.11786337941884995
2042,0.04506642371416092,1e-04,0.032266594,28.578423,0.0013046738,0.0009473754,0.03612027,0.057616688311100006,0.11522935330867767,12.649988174438477,0.013895532116293907,0.003994838800281286,0.11787930876016617
2043,0.0450250506401062,1e-04,0.03225507,28.570517,0.0013038975,0.0009468467,0.036109522,0.05757993459701538,0.11524607241153717,12.651872634887695,0.01389930211007595,0.0039959801360964775,0.11789530515670776
2044,0.04498375579714775,1e-04,0.03224354,28.562613,0.0013031213,0.00094631803,0.03609877,0.057543255388736725,0.11526276916265488,12.65375804901123,0.013903068378567696,0.003997119143605232,0.11791127175092697
2045,0.04494253545999527,1e-04,0.032232013,28.55469,0.001302345,0.0009457889,0.036088016,0.05750667303800583,0.11527957767248154,12.65565299987793,0.013906861655414104,0.003998269326984882,0.11792735755443573
2046,0.04490138217806816,1e-04,0.032220498,28.546804,0.0013015711,0.000945262,0.036077294,0.05747014284133911,0.1152963638305664,12.657547950744629,0.013910645619034767,0.003999416716396809,0.11794339865446091
2047,0.044860295951366425,1e-04,0.032208987,28.538908,0.001300797,0.0009447348,0.036066562,0.057433709502220154,0.11531320959329605,12.659448623657227,0.013914448209106922,0.004000567365437746,0.11795952171087265
2048,0.044819287955760956,1e-04,0.03219749,28.531029,0.0013000247,0.00094420864,0.036055855,0.05739733949303627,0.1153300404548645,12.661348342895508,0.01391824521124363,0.004001717083156109,0.117975614964962
2049,0.04477835074067116,1e-04,0.03218601,28.523142,0.0012992527,0.0009436825,0.03604515,0.05736105889081955,0.11534695327281952,12.663256645202637,0.013922063633799553,0.004002876114100218,0.11799179762601852
2050,0.044737473130226135,1e-04,0.03217452,28.51526,0.0012984809,0.00094315666,0.03603444,0.0573248453438282,0.11536388099193573,12.665166854858398,0.0139258848503232,0.004004032351076603,0.11800798773765564
2051,0.04469667002558708,1e-04,0.032163043,28.507378,0.0012977094,0.000942631,0.036023732,0.05728871375322342,0.11538083851337433,12.667078971862793,0.01392971258610487,0.0040051923133432865,0.11802420020103455
2052,0.044655941426754,1e-04,0.032151576,28.49952,0.0012969404,0.0009421072,0.03601306,0.0572526641190052,0.11539783328771591,12.668996810913086,0.013933551497757435,0.00400635227560997,0.11804046481847763
2053,0.044615283608436584,1e-04,0.0321401,28.491638,0.0012961698,0.0009415819,0.03600236,0.05721667408943176,0.11541478335857391,12.67090892791748,0.013937381096184254,0.004007515497505665,0.11805668473243713
2054,0.04457469657063484,1e-04,0.03212865,28.483788,0.0012954022,0.0009410589,0.035991695,0.05718078091740608,0.11543186753988266,12.672836303710938,0.013941241428256035,0.004008685238659382,0.11807303130626678
2055,0.044534169137477875,1e-04,0.0321172,28.47591,0.0012946331,0.0009405343,0.03598101,0.05714493617415428,0.11544884741306305,12.674751281738281,0.013945075683295727,0.004009845666587353,0.11808927357196808
2056,0.04449372738599777,1e-04,0.03210577,28.468075,0.0012938672,0.0009400127,0.035970367,0.057109177112579346,0.11546590179204941,12.676675796508789,0.013948934152722359,0.0040110135450959206,0.11810560524463654
2057,0.04445334151387215,1e-04,0.032094337,28.460205,0.0012931,0.00093948934,0.0359597,0.057073477655649185,0.11548296362161636,12.678600311279297,0.013952788896858692,0.004012183286249638,0.1181219220161438
2058,0.04441302269697189,1e-04,0.032082915,28.452354,0.0012923342,0.00093896687,0.03594905,0.05703786760568619,0.1155000701546669,12.680529594421387,0.01395665667951107,0.004013353027403355,0.11813829839229584
2059,0.04437277838587761,1e-04,0.032071497,28.444515,0.0012915692,0.0009384459,0.03593841,0.05700232461094856,0.11551718413829803,12.682461738586426,0.013960527256131172,0.00401452649384737,0.11815467476844788
2060,0.044332604855298996,1e-04,0.0320601,28.436674,0.0012908055,0.0009379248,0.035927784,0.056966863572597504,0.11553435027599335,12.684398651123047,0.013964411802589893,0.004015701357275248,0.11817111074924469
2061,0.04429249465465546,1e-04,0.0320487,28.428843,0.001290042,0.0009374041,0.035917155,0.05693148076534271,0.11555157601833344,12.686342239379883,0.013968306593596935,0.004016880411654711,0.11818759143352509
2062,0.04425245150923729,1e-04,0.032037303,28.420998,0.0012892785,0.00093688327,0.035906523,0.05689617618918419,0.11556883901357651,12.688288688659668,0.013972213491797447,0.004018065985292196,0.11820411682128906
2063,0.04421247914433479,1e-04,0.032025907,28.41317,0.001288516,0.000936363,0.035895906,0.056860942393541336,0.1155860647559166,12.690231323242188,0.013976112008094788,0.004019246436655521,0.11822060495615005
2064,0.044172585010528564,1e-04,0.032014526,28.405338,0.001287754,0.0009358435,0.03588529,0.05682578682899475,0.11560338735580444,12.69218635559082,0.01398003101348877,0.004020433872938156,0.11823718249797821
2065,0.04413275048136711,1e-04,0.032003157,28.397533,0.0012869945,0.0009353254,0.035874706,0.05679069459438324,0.11562071740627289,12.694141387939453,0.0139839556068182,0.004021623637527227,0.11825377494096756
2066,0.044092968106269836,1e-04,0.031991787,28.389711,0.0012862341,0.00093480665,0.035864107,0.05675568804144859,0.11563809216022491,12.696100234985352,0.013987889513373375,0.004022815264761448,0.11827041208744049
2067,0.044053275138139725,1e-04,0.03198044,28.381916,0.0012854759,0.00093428954,0.035853535,0.056720733642578125,0.11565539985895157,12.698052406311035,0.013991807587444782,0.004024002235382795,0.11828697472810745
2068,0.04401364549994469,1e-04,0.031969093,28.374104,0.0012847172,0.00093377195,0.03584295,0.05668586492538452,0.11567281186580658,12.700016975402832,0.013995754532516003,0.004025197587907314,0.11830365657806396
2069,0.04397406801581383,1e-04,0.03195775,28.36629,0.0012839588,0.0009332542,0.03583237,0.05665106326341629,0.1156901940703392,12.701977729797363,0.013999691233038902,0.004026389680802822,0.1183202937245369
2070,0.04393457621335983,1e-04,0.0319464,28.358488,0.0012832012,0.0009327372,0.035821795,0.05661633983254433,0.11570765823125839,12.703947067260742,0.014003651216626167,0.004027589689940214,0.11833702027797699
2071,0.043895136564970016,1e-04,0.031935085,28.350689,0.0012824453,0.00093222136,0.035811245,0.056581683456897736,0.1157250851392746,12.705912590026855,0.014007600955665112,0.004028785042464733,0.1183537095785141
2072,0.04385577142238617,1e-04,0.031923763,28.342903,0.0012816897,0.00093170535,0.035800695,0.056547101587057114,0.11574258655309677,12.707886695861816,0.014011566527187824,0.004029987379908562,0.11837046593427658
2073,0.043816469609737396,1e-04,0.03191245,28.33511,0.0012809343,0.00093119004,0.03579014,0.05651257932186127,0.11576004326343536,12.709855079650879,0.014015525579452515,0.004031185992062092,0.11838718503713608
2074,0.043777234852313995,1e-04,0.031901173,28.327341,0.0012801817,0.0009306762,0.035779625,0.05647813901305199,0.11577755212783813,12.711830139160156,0.014019494876265526,0.004032389726489782,0.11840394884347916
2075,0.043738070875406265,1e-04,0.03188987,28.319551,0.0012794278,0.0009301612,0.03576909,0.05644376203417778,0.11579511314630508,12.713810920715332,0.014023478142917156,0.004033595323562622,0.11842076480388641
2076,0.043698955327272415,1e-04,0.031878565,28.31176,0.0012786735,0.0009296463,0.035758544,0.056409481912851334,0.11581273376941681,12.715798377990723,0.014027474448084831,0.00403480464592576,0.11843764036893845
2077,0.04365992918610573,1e-04,0.031867288,28.30399,0.0012779217,0.000929133,0.03574803,0.05637524276971817,0.11583028733730316,12.717779159545898,0.014031459577381611,0.004036014433950186,0.1184544637799263
2078,0.04362095147371292,1e-04,0.031856008,28.29622,0.0012771703,0.00092861964,0.03573752,0.05634108558297157,0.11584790796041489,12.719766616821289,0.01403545867651701,0.004037224687635899,0.11847133934497833
2079,0.043582044541835785,1e-04,0.031844743,28.288464,0.0012764198,0.00092810753,0.035727017,0.056306999176740646,0.11586557328701019,12.721758842468262,0.014039467088878155,0.004038439132273197,0.11848825961351395
2080,0.04354320093989372,1e-04,0.03183349,28.280704,0.0012756702,0.0009275954,0.035716526,0.05627299100160599,0.11588329076766968,12.723756790161133,0.014043489471077919,0.004039661027491093,0.11850523203611374
2081,0.043504420667886734,1e-04,0.031822238,28.272953,0.001274921,0.0009270836,0.035706036,0.0562390573322773,0.11590101569890976,12.72575569152832,0.014047515578567982,0.0040408773347735405,0.11852221190929413
2082,0.043465714901685715,1e-04,0.031810977,28.2652,0.0012741721,0.0009265724,0.03569555,0.05620519071817398,0.11591877043247223,12.727757453918457,0.014051547273993492,0.004042100161314011,0.1185392215847969
2083,0.04342706874012947,1e-04,0.031799737,28.257454,0.0012734242,0.0009260613,0.03568507,0.05617137998342514,0.11593649536371231,12.729756355285645,0.01405557431280613,0.004043319262564182,0.11855620890855789
2084,0.0433884859085083,1e-04,0.031788502,28.249704,0.0012726767,0.00092555117,0.035674594,0.05613764747977257,0.11595427989959717,12.73176097869873,0.01405961625277996,0.004044544883072376,0.11857325583696365
2085,0.043349962681531906,1e-04,0.03177729,28.241962,0.0012719304,0.00092504086,0.035664134,0.05610397085547447,0.11597202718257904,12.7337646484375,0.014063647016882896,0.004045767709612846,0.11859025061130524
2086,0.04331151023507118,1e-04,0.031766064,28.234213,0.001271184,0.00092453096,0.035653666,0.05607038363814354,0.11598984897136688,12.735774993896484,0.014067699201405048,0.004046992398798466,0.11860733479261398
2087,0.04327312484383583,1e-04,0.031754866,28.22649,0.0012704396,0.0009240222,0.035643227,0.05603685602545738,0.11600770801305771,12.737788200378418,0.014071757905185223,0.004048222675919533,0.11862444132566452
2088,0.04323479160666466,1e-04,0.03174365,28.218752,0.0012696942,0.0009235126,0.035632767,0.056003388017416,0.11602552235126495,12.73979663848877,0.014075808227062225,0.004049449227750301,0.11864151060581207
2089,0.043196529150009155,1e-04,0.031732466,28.211031,0.0012689511,0.0009230048,0.03562234,0.055969998240470886,0.11604340374469757,12.741811752319336,0.014079874381422997,0.004050683695822954,0.118658646941185
2090,0.04315833002328873,1e-04,0.03172128,28.203308,0.001268208,0.0009224968,0.03561191,0.05593668669462204,0.11606135219335556,12.743837356567383,0.01408395729959011,0.0040519204922020435,0.1186758503317833
2091,0.04312019422650337,1e-04,0.031710103,28.195597,0.0012674661,0.0009219895,0.03560149,0.05590343102812767,0.11607925593852997,12.745856285095215,0.014088032767176628,0.004053154028952122,0.11869301646947861
2092,0.04308212175965309,1e-04,0.03169892,28.187876,0.0012667237,0.0009214822,0.035591062,0.05587024241685867,0.11609721183776855,12.747880935668945,0.014092115685343742,0.004054391290992498,0.1187102198600769
2093,0.043044112622737885,1e-04,0.031687777,28.18018,0.0012659841,0.00092097657,0.035580672,0.055837132036685944,0.11611519753932953,12.749910354614258,0.014096209779381752,0.0040556322783231735,0.11872746050357819
2094,0.04300616681575775,1e-04,0.0316766,28.172464,0.0012652432,0.00092046976,0.035570256,0.05580410361289978,0.11613329499959946,12.75195026397705,0.014100329950451851,0.004056880716234446,0.11874481290578842
2095,0.042968276888132095,1e-04,0.03166544,28.164747,0.0012645025,0.00091996376,0.035559844,0.0557711161673069,0.11615127325057983,12.753976821899414,0.014104421250522137,0.004058121703565121,0.11876203864812851
2096,0.04293045774102211,1e-04,0.031654295,28.157055,0.001263764,0.00091945834,0.035549458,0.055738210678100586,0.11616937071084976,12.756017684936523,0.014108543284237385,0.004059369210153818,0.11877939105033875
2097,0.0428926944732666,1e-04,0.03164315,28.149363,0.0012630251,0.00091895356,0.035539065,0.05570535734295845,0.11618740856647491,12.758050918579102,0.014112653210759163,0.004060615785419941,0.1187966912984848
2098,0.04285499453544617,1e-04,0.03163203,28.141682,0.0012622888,0.00091844983,0.035528705,0.05567259341478348,0.11620555073022842,12.76009750366211,0.014116784557700157,0.004061867482960224,0.11881407350301743
2099,0.042817361652851105,1e-04,0.031620897,28.133991,0.0012615512,0.00091794535,0.035518322,0.05563987419009209,0.11622363328933716,12.762136459350586,0.014120904728770256,0.004063115455210209,0.11883141100406647
2100,0.04277978464961052,1e-04,0.03160978,28.126305,0.0012608152,0.00091744185,0.03550796,0.05560722202062607,0.11624176800251007,12.764181137084961,0.014125034213066101,0.004064368084073067,0.1188487857580185
2101,0.04274226725101471,1e-04,0.031598676,28.118624,0.0012600794,0.00091693853,0.0354976,0.055574651807546616,0.11625993251800537,12.766229629516602,0.01412917673587799,0.004065621644258499,0.1188662126660347
2102,0.04270482063293457,1e-04,0.031587575,28.110952,0.0012593451,0.00091643597,0.035487253,0.05554213002324104,0.11627805233001709,12.76827335357666,0.01413330715149641,0.004066874738782644,0.11888358741998672
2103,0.04266743361949921,1e-04,0.03157648,28.103268,0.0012586103,0.00091593305,0.035476897,0.05550967901945114,0.11629624664783478,12.77032470703125,0.014137457124888897,0.004068133421242237,0.11890103667974472
2104,0.04263009876012802,1e-04,0.031565387,28.095598,0.0012578764,0.00091543107,0.03546655,0.05547729879617691,0.11631447076797485,12.772378921508789,0.014141613617539406,0.004069390706717968,0.1189185157418251
2105,0.04259283095598221,1e-04,0.03155431,28.087942,0.0012571444,0.00091492996,0.035456233,0.05544499680399895,0.11633274704217911,12.774438858032227,0.014145784080028534,0.004070655442774296,0.11893604695796967
2106,0.04255562275648117,1e-04,0.031543233,28.080278,0.0012564117,0.0009144286,0.0354459,0.05541274696588516,0.11635100841522217,12.776498794555664,0.014149947091937065,0.004071916453540325,0.11895354837179184
2107,0.042518481612205505,1e-04,0.031532165,28.07262,0.0012556805,0.00091392826,0.035435583,0.05538056418299675,0.11636929214000702,12.778559684753418,0.014154121279716492,0.004073181189596653,0.1189710944890976
2108,0.04248138889670372,1e-04,0.031521115,28.06497,0.00125495,0.0009134282,0.03542527,0.0553484670817852,0.11638768017292023,12.780632972717285,0.01415831595659256,0.004074449650943279,0.11898872256278992
2109,0.042444366961717606,1e-04,0.03151004,28.057325,0.0012542194,0.0009129284,0.03541496,0.05531640723347664,0.11640597879886627,12.782696723937988,0.01416249293833971,0.004075716715306044,0.11900627613067627
2110,0.042407404631376266,1e-04,0.03149899,28.049673,0.0012534899,0.0009124288,0.03540466,0.055284421890974045,0.11642433702945709,12.784765243530273,0.014166684821248055,0.004076988436281681,0.1190238818526268
2111,0.042370494455099106,1e-04,0.03148795,28.042025,0.0012527604,0.0009119295,0.035394356,0.055252496153116226,0.11644270271062851,12.786836624145508,0.014170879498124123,0.004078259691596031,0.11904150247573853
2112,0.04233364760875702,1e-04,0.03147692,28.0344,0.001252033,0.00091143145,0.035384078,0.05522064119577408,0.11646111309528351,12.788912773132324,0.014175081625580788,0.004079532343894243,0.11905915290117264
2113,0.042296864092350006,1e-04,0.031465895,28.026762,0.0012513056,0.00091093336,0.0353738,0.05518884211778641,0.11647949367761612,12.790985107421875,0.014179283753037453,0.0040808068588376045,0.11907679587602615
2114,0.04226014018058777,1e-04,0.03145488,28.019125,0.0012505783,0.0009104354,0.035363518,0.05515711009502411,0.11649791151285172,12.793061256408691,0.014183489605784416,0.004082082770764828,0.11909445375204086
2115,0.04222347214818001,1e-04,0.031443857,28.011496,0.0012498515,0.00090993766,0.03535324,0.055125441402196884,0.1165163516998291,12.795140266418457,0.0141877057030797,0.004083361476659775,0.11911215633153915
2116,0.04218686372041702,1e-04,0.031432867,28.003876,0.0012491269,0.0009094411,0.035342988,0.05509384721517563,0.11653485149145126,12.79722785949707,0.014191931113600731,0.004084642510861158,0.11912988871335983
2117,0.04215031862258911,1e-04,0.031421866,27.996256,0.0012484023,0.0009089449,0.035332736,0.05506231263279915,0.11655338108539581,12.799314498901367,0.014196166768670082,0.004085924010723829,0.11914766579866409
2118,0.04211382195353508,1e-04,0.031410865,27.988628,0.0012476771,0.00090844824,0.035322472,0.055030833929777145,0.11657186597585678,12.801399230957031,0.014200394973158836,0.004087206441909075,0.11916541308164597
2119,0.04207739233970642,1e-04,0.03139987,27.981022,0.0012469535,0.00090795284,0.035312228,0.05499942600727081,0.11659039556980133,12.803487777709961,0.014204631559550762,0.00408848887309432,0.11918318271636963
2120,0.04204102233052254,1e-04,0.031388894,27.973412,0.0012462306,0.00090745743,0.03530199,0.05496808513998985,0.11660899221897125,12.805584907531738,0.014208885841071606,0.004089780151844025,0.11920103430747986
2121,0.04200470820069313,1e-04,0.031377923,27.9658,0.001245508,0.0009069624,0.035291754,0.05493681877851486,0.11662759631872177,12.8076810836792,0.014213144779205322,0.004091070499271154,0.11921889334917068
2122,0.041968461126089096,1e-04,0.03136695,27.958202,0.0012447869,0.00090646825,0.03528154,0.05490558221936226,0.11664615571498871,12.809774398803711,0.014217391610145569,0.004092357587069273,0.11923670768737793
2123,0.041932255029678345,1e-04,0.031356003,27.950603,0.0012440657,0.0009059741,0.035271317,0.054874420166015625,0.11666475236415863,12.811871528625488,0.014221645891666412,0.004093646537512541,0.11925454437732697
2124,0.041896119713783264,1e-04,0.031345047,27.943005,0.0012433452,0.00090548,0.035261102,0.054843321442604065,0.11668337881565094,12.813970565795898,0.014225909486413002,0.00409493874758482,0.11927241832017899
2125,0.04186003655195236,1e-04,0.031334106,27.935411,0.0012426252,0.00090498663,0.035250887,0.054812293499708176,0.11670205742120743,12.816075325012207,0.014230187050998211,0.004096237011253834,0.11929034441709518
2126,0.041824012994766235,1e-04,0.03132317,27.927828,0.001241907,0.0009044943,0.035240702,0.054781317710876465,0.11672069877386093,12.818178176879883,0.014234455302357674,0.004097530152648687,0.1193082332611084
2127,0.041788049042224884,1e-04,0.031312224,27.920227,0.0012411873,0.00090400095,0.035230488,0.054750408977270126,0.11673940718173981,12.820286750793457,0.014238739386200905,0.004098826088011265,0.11932618916034698
2128,0.04175214096903801,1e-04,0.0313013,27.912666,0.0012404703,0.00090350985,0.03522031,0.054719578474760056,0.11675818264484406,12.822402954101562,0.014243042096495628,0.004100133199244738,0.11934421956539154
2129,0.04171628877520561,1e-04,0.03129039,27.905087,0.0012397534,0.0009030181,0.035210133,0.054688792675733566,0.11677694320678711,12.824518203735352,0.014247341081500053,0.0041014342568814754,0.1193622276186943
2130,0.04168048873543739,1e-04,0.031279474,27.89752,0.0012390371,0.0009025271,0.03519996,0.054658081382513046,0.11679573357105255,12.826635360717773,0.0142516465857625,0.004102739505469799,0.11938025802373886
2131,0.041644755750894547,1e-04,0.03126857,27.889946,0.0012383212,0.0009020363,0.03518979,0.05462741106748581,0.11681447923183441,12.82874870300293,0.014255943708121777,0.004104042891412973,0.11939825862646103
2132,0.04160907864570618,1e-04,0.031257674,27.882381,0.0012376062,0.0009015459,0.035179626,0.05459681525826454,0.11683326959609985,12.8308687210083,0.014260252006351948,0.004105346743017435,0.11941629648208618
2133,0.041573453694581985,1e-04,0.031246772,27.874819,0.0012368913,0.0009010558,0.035169464,0.05456627532839775,0.11685208231210709,12.832987785339355,0.014264565892517567,0.004106656648218632,0.11943435668945312
2134,0.04153788834810257,1e-04,0.031235904,27.867266,0.0012361781,0.00090056664,0.035159323,0.054535795003175735,0.11687090247869492,12.835108757019043,0.01426888071000576,0.004107965622097254,0.11945241689682007
2135,0.04150237515568733,1e-04,0.031225018,27.859709,0.0012354646,0.0009000773,0.035149176,0.054505355656147,0.11688967794179916,12.837224960327148,0.014273187145590782,0.004109270870685577,0.11947044730186462
2136,0.04146691784262657,1e-04,0.031214137,27.852142,0.0012347507,0.0008995875,0.03513902,0.054475001990795135,0.11690856516361237,12.839353561401367,0.014277520589530468,0.004110583104193211,0.11948858201503754
2137,0.04143152013421059,1e-04,0.03120328,27.844593,0.001234039,0.00089909916,0.03512889,0.05444471165537834,0.11692746728658676,12.841485977172852,0.014281858690083027,0.004111899994313717,0.11950673162937164
2138,0.04139618203043938,1e-04,0.031192418,27.837055,0.0012333281,0.00089861144,0.035118774,0.05441446974873543,0.11694635450839996,12.84361457824707,0.014286193065345287,0.004113213159143925,0.11952486634254456
2139,0.041360896080732346,1e-04,0.031181572,27.829515,0.0012326173,0.00089812407,0.03510865,0.054384294897317886,0.11696527153253555,12.845746040344238,0.01429053582251072,0.004114530514925718,0.11954303085803986
2140,0.04132566601037979,1e-04,0.03117073,27.821987,0.0012319082,0.00089763745,0.03509855,0.05435417592525482,0.11698423326015472,12.847885131835938,0.014294890686869621,0.004115849733352661,0.11956124007701874
2141,0.04129048436880112,1e-04,0.031159878,27.814444,0.0012311978,0.0008971499,0.035088427,0.054324131458997726,0.11700322479009628,12.85002613067627,0.014299251139163971,0.004117170814424753,0.11957947909832001
2142,0.04125537350773811,1e-04,0.031149052,27.806923,0.0012304896,0.0008966639,0.035078336,0.054294124245643616,0.11702217161655426,12.85215950012207,0.014303602278232574,0.004118489567190409,0.1195976659655571
2143,0.04122030362486839,1e-04,0.031138232,27.799395,0.0012297817,0.0008961784,0.035068244,0.05426419526338577,0.11704117059707642,12.854301452636719,0.014307966455817223,0.004119814373552799,0.11961591243743896
2144,0.041185300797224045,1e-04,0.03112742,27.79187,0.001229074,0.00089569215,0.035058152,0.054234325885772705,0.11706024408340454,12.856451034545898,0.014312352053821087,0.0041211433708667755,0.1196342408657074
2145,0.04115033894777298,1e-04,0.031116605,27.784355,0.0012283674,0.00089520734,0.035048075,0.05420450121164322,0.11707927286624908,12.858596801757812,0.014316722750663757,0.004122469574213028,0.11965250968933105
2146,0.04111543670296669,1e-04,0.031105794,27.776829,0.0012276606,0.0008947221,0.035037987,0.054174747318029404,0.11709833145141602,12.860745429992676,0.014321103692054749,0.00412379577755928,0.1196708157658577
2147,0.041080597788095474,1e-04,0.03109499,27.769318,0.0012269547,0.0008942376,0.035027914,0.05414504185318947,0.11711739003658295,12.862894058227539,0.01432548463344574,0.004125126637518406,0.11968911439180374
2148,0.04104580730199814,1e-04,0.031084206,27.76183,0.0012262509,0.00089375465,0.035017867,0.054115407168865204,0.11713650077581406,12.865046501159668,0.014329880475997925,0.004126458428800106,0.11970748007297516
2149,0.04101107269525528,1e-04,0.031073408,27.754316,0.0012255459,0.00089327066,0.035007797,0.05408582463860512,0.11715561151504517,12.86720085144043,0.01433427631855011,0.004127791617065668,0.11972583830356598
2150,0.0409763902425766,1e-04,0.03106264,27.746817,0.0012248425,0.00089278753,0.03499775,0.05405630171298981,0.11717476695775986,12.869359970092773,0.014338682405650616,0.004129126667976379,0.11974423378705978
2151,0.0409417599439621,1e-04,0.031051861,27.739315,0.001224139,0.0008923045,0.0349877,0.054026830941438675,0.11719385534524918,12.87151050567627,0.014343073591589928,0.0041304584592580795,0.11976256966590881
2152,0.04090718924999237,1e-04,0.031041088,27.731813,0.0012234361,0.00089182146,0.034977652,0.05399741977453232,0.11721303313970566,12.873672485351562,0.014347488060593605,0.004131797701120377,0.1197810024023056
2153,0.04087267071008682,1e-04,0.031030335,27.72433,0.0012227347,0.0008913402,0.034967624,0.05396806448698044,0.11723216623067856,12.875828742980957,0.014351891353726387,0.00413313414901495,0.11979938298463821
2154,0.04083820432424545,1e-04,0.031019587,27.71684,0.0012220339,0.0008908586,0.034957603,0.05393877997994423,0.11725139617919922,12.877995491027832,0.014356317929923534,0.004134475253522396,0.11981785297393799
2155,0.04080379381775856,1e-04,0.031008836,27.709354,0.0012213327,0.0008903771,0.03494757,0.0539095364511013,0.1172705888748169,12.880159378051758,0.01436073798686266,0.004135815892368555,0.11983629316091537
2156,0.04076943174004555,1e-04,0.030998101,27.701881,0.0012206334,0.00088989665,0.034937564,0.05388035625219345,0.11728980392217636,12.88232421875,0.014365163631737232,0.0041371555998921394,0.11985476315021515
2157,0.04073512926697731,1e-04,0.03098737,27.694395,0.0012199336,0.0008894156,0.034927547,0.05385122820734978,0.11730901151895523,12.884489059448242,0.014369587413966656,0.004138499032706022,0.11987321078777313
2158,0.04070087894797325,1e-04,0.03097664,27.686922,0.0012192348,0.0008889356,0.03491754,0.053822170943021774,0.11732830107212067,12.886662483215332,0.014374030753970146,0.0041398461908102036,0.11989174783229828
2159,0.04066667705774307,1e-04,0.030965911,27.679455,0.0012185366,0.0008884559,0.034907546,0.05379316210746765,0.11734757572412491,12.888834953308105,0.014378471300005913,0.0041411928832530975,0.11991026252508163
2160,0.04063252732157707,1e-04,0.030955192,27.671986,0.0012178386,0.0008879763,0.034897543,0.05376420542597771,0.11736685037612915,12.891008377075195,0.014382913708686829,0.004142539110034704,0.11992878466844559
2161,0.04059843346476555,1e-04,0.030944495,27.664524,0.0012171423,0.0008874976,0.034887567,0.053735312074422836,0.11738614737987518,12.893182754516602,0.014387363567948341,0.004143888596445322,0.11994733661413193
2162,0.0405643954873085,1e-04,0.030933788,27.657066,0.0012164457,0.00088701886,0.034877583,0.05370648205280304,0.11740551888942719,12.895365715026855,0.014391829259693623,0.004145245533436537,0.11996594816446304
2163,0.040530405938625336,1e-04,0.030923085,27.649614,0.0012157501,0.000886541,0.034867607,0.05367770418524742,0.11742488294839859,12.897547721862793,0.01439629215747118,0.004146598279476166,0.11998455226421356
2164,0.04049646854400635,1e-04,0.030912396,27.64216,0.0012150549,0.00088606315,0.03485764,0.05364898592233658,0.1174442395567894,12.89972972869873,0.014400757849216461,0.004147951956838369,0.12000315636396408
2165,0.04046258330345154,1e-04,0.030901713,27.634695,0.0012143597,0.0008855849,0.03484766,0.05362030863761902,0.1174636259675026,12.9019136428833,0.014405230060219765,0.0041493079625070095,0.12002179026603699
2166,0.04042875021696091,1e-04,0.030891031,27.62726,0.0012136663,0.00088510854,0.034837715,0.05359170585870743,0.11748303472995758,12.904101371765137,0.01440970879048109,0.0041506653651595116,0.12004044651985168
2167,0.040394969284534454,1e-04,0.03088036,27.619814,0.001212973,0.00088463194,0.03482776,0.05356314033269882,0.11750245094299316,12.906290054321289,0.014414189383387566,0.004152026958763599,0.12005911022424698
2168,0.04036123305559158,1e-04,0.030869702,27.612387,0.0012122807,0.0008841558,0.034817822,0.05353464186191559,0.11752186715602875,12.908477783203125,0.01441867183893919,0.004153385292738676,0.12007777392864227
2169,0.04032755643129349,1e-04,0.030859035,27.604933,0.0012115878,0.00088367925,0.03480787,0.05350619554519653,0.11754131317138672,12.910669326782227,0.014423159882426262,0.004154745023697615,0.12009645998477936
2170,0.04029393196105957,1e-04,0.030848395,27.597511,0.0012108969,0.0008832043,0.034797944,0.053477801382541656,0.1175607442855835,12.912858963012695,0.01442764699459076,0.004156106151640415,0.12011513859033585
2171,0.04026035964488983,1e-04,0.030837752,27.590088,0.0012102069,0.00088272966,0.034788027,0.053449470549821854,0.11758023500442505,12.915054321289062,0.01443214900791645,0.0041574714705348015,0.12013387680053711
2172,0.04022683575749397,1e-04,0.030827116,27.582663,0.0012095163,0.0008822549,0.0347781,0.05342118814587593,0.11759971082210541,12.91724967956543,0.014436647295951843,0.0041588363237679005,0.12015260010957718
2173,0.04019336774945259,1e-04,0.030816479,27.575247,0.001208827,0.00088178075,0.03476819,0.053392961621284485,0.11761923134326935,12.919448852539062,0.014441156759858131,0.004160202108323574,0.12017136067152023
2174,0.04015994071960449,1e-04,0.030805849,27.567822,0.0012081375,0.0008813064,0.034758274,0.05336479842662811,0.11763878911733627,12.921651840209961,0.014445677399635315,0.004161574877798557,0.12019017338752747
2175,0.04012656956911087,1e-04,0.030795226,27.560404,0.0012074491,0.00088083284,0.034748368,0.05333667993545532,0.11765830218791962,12.923852920532227,0.014450185000896454,0.00416294252499938,0.12020891904830933
2176,0.040093254297971725,1e-04,0.030784614,27.552998,0.0012067617,0.00088035973,0.034738477,0.05330861359834671,0.11767784506082535,12.926054000854492,0.014454704709351063,0.004164312034845352,0.12022771686315536
2177,0.04005998373031616,1e-04,0.030773997,27.545576,0.0012060734,0.00087988627,0.034728568,0.05328059196472168,0.11769740283489227,12.928257942199707,0.014459225349128246,0.00416568573564291,0.120246522128582
2178,0.04002675414085388,1e-04,0.03076341,27.53818,0.0012053874,0.00087941426,0.03471869,0.05325264856219292,0.11771701276302338,12.930468559265137,0.014463759958744049,0.004167059902101755,0.12026537209749222
2179,0.039993591606616974,1e-04,0.03075281,27.530775,0.001204701,0.00087894185,0.0347088,0.05322476476430893,0.11773667484521866,12.932682991027832,0.014468307606875896,0.004168439190834761,0.12028428167104721
2180,0.03996047377586365,1e-04,0.030742228,27.52339,0.0012040165,0.00087847107,0.03469894,0.05319690704345703,0.11775623261928558,12.934887886047363,0.014472832903265953,0.004169811494648457,0.12030308693647385
2181,0.0399274043738842,1e-04,0.030731628,27.515987,0.0012033309,0.0008779992,0.03468906,0.05316910892724991,0.11777585744857788,12.937098503112793,0.014477372169494629,0.004171191249042749,0.12032195180654526
2182,0.03989438712596893,1e-04,0.030721055,27.508595,0.0012026465,0.0008775278,0.034679193,0.05314137414097786,0.11779551208019257,12.939312934875488,0.014481921680271626,0.004172568209469318,0.12034085392951965
2183,0.03986141458153725,1e-04,0.030710489,27.5012,0.001201963,0.00087705726,0.03466934,0.05311369150876999,0.11781518161296844,12.941530227661133,0.01448647491633892,0.004173949360847473,0.12035977095365524
2184,0.03982849419116974,1e-04,0.030699931,27.493818,0.0012012799,0.00087658694,0.034659486,0.053086068481206894,0.11783486604690552,12.943746566772461,0.014491031877696514,0.0041753328405320644,0.12037870287895203
2185,0.039795633405447006,1e-04,0.03068936,27.48644,0.0012005976,0.0008761176,0.03464964,0.05305848643183708,0.11785455793142319,12.945966720581055,0.01449559349566698,0.004176715388894081,0.12039764970541
2186,0.03976280987262726,1e-04,0.030678816,27.479057,0.0011999159,0.0008756479,0.0346398,0.053030967712402344,0.11787430942058563,12.94819164276123,0.014500168152153492,0.004178104922175407,0.12041664123535156
2187,0.03973003476858139,1e-04,0.030668259,27.47168,0.0011992337,0.0008751786,0.034629952,0.05300351232290268,0.11789406836032867,12.950418472290039,0.014504742808640003,0.00417949166148901,0.12043564021587372
2188,0.0396973192691803,1e-04,0.03065773,27.464317,0.001198554,0.0008747103,0.034620136,0.052976083010435104,0.11791379749774933,12.952641487121582,0.01450931467115879,0.004180879332125187,0.12045461684465408
2189,0.03966464474797249,1e-04,0.030647185,27.456944,0.0011978731,0.0008742415,0.034610305,0.0529487319290638,0.11793358623981476,12.954870223999023,0.014513900503516197,0.004182269796729088,0.12047365307807922
2190,0.03963202238082886,1e-04,0.030636676,27.449585,0.0011971946,0.00087377394,0.0346005,0.052921414375305176,0.1179533451795578,12.957098007202148,0.014518479816615582,0.004183658864349127,0.12049265205860138
2191,0.039599448442459106,1e-04,0.03062615,27.442228,0.0011965157,0.00087330653,0.034590688,0.05289415642619133,0.11797313392162323,12.959327697753906,0.014523068442940712,0.004185051657259464,0.12051169574260712
2192,0.039566926658153534,1e-04,0.030615635,27.434874,0.0011958374,0.00087283953,0.034580883,0.052866946905851364,0.11799295991659164,12.96156120300293,0.014527663588523865,0.004186444450169802,0.12053075432777405
2193,0.039534442126750946,1e-04,0.030605106,27.42751,0.0011951589,0.00087237183,0.03457107,0.052839796990156174,0.11801280081272125,12.963796615600586,0.01453226525336504,0.0041878423653542995,0.12054984271526337
2194,0.039502013474702835,1e-04,0.030594615,27.420158,0.001194482,0.0008719057,0.03456128,0.052812691777944565,0.11803263425827026,12.966031074523926,0.014536866918206215,0.0041892388835549355,0.12056893110275269
2195,0.039469629526138306,1e-04,0.030584116,27.412807,0.0011938054,0.00087143946,0.03455149,0.052785634994506836,0.11805246025323868,12.96826457977295,0.01454146672040224,0.004190633539110422,0.12058800458908081
2196,0.039437294006347656,1e-04,0.030573633,27.405466,0.0011931295,0.0008709738,0.034541707,0.052758652716875076,0.11807241290807724,12.970514297485352,0.014546094462275505,0.004192037973552942,0.12060718983411789
2197,0.039405010640621185,1e-04,0.030563148,27.398136,0.0011924548,0.00087050913,0.03453194,0.052731696516275406,0.11809225380420685,12.972747802734375,0.014550698921084404,0.004193435423076153,0.12062627822160721
2198,0.039372775703668594,1e-04,0.030552665,27.390795,0.0011917799,0.0008700437,0.034522165,0.05270479619503021,0.11811216175556183,12.974990844726562,0.014555322006344795,0.004194838926196098,0.1206454411149025
2199,0.039340581744909286,1e-04,0.030542199,27.383467,0.001191106,0.00086957956,0.034512404,0.052677951753139496,0.1181320771574974,12.977235794067383,0.014559946954250336,0.00419623963534832,0.12066460400819778
2200,0.03930843994021416,1e-04,0.030531732,27.376133,0.0011904321,0.00086911523,0.03450264,0.052651144564151764,0.11815192550420761,12.979472160339355,0.014564556069672108,0.004197639878839254,0.1206836998462677
2201,0.03927634656429291,1e-04,0.03052127,27.368795,0.0011897589,0.00086865085,0.03449288,0.052624400705099106,0.11817185580730438,12.981717109680176,0.014569182880222797,0.004199042450636625,0.12070287019014359
2202,0.03924430534243584,1e-04,0.030510815,27.361467,0.001189086,0.00086818694,0.034483127,0.052597709000110626,0.11819181591272354,12.983965873718262,0.014573821797966957,0.004200452473014593,0.12072208523750305
2203,0.03921230137348175,1e-04,0.03050037,27.354149,0.001188414,0.0008677236,0.034473382,0.05257106199860573,0.1182117685675621,12.986213684082031,0.014578456059098244,0.004201858304440975,0.12074127793312073
2204,0.03918034955859184,1e-04,0.03048993,27.34684,0.0011877435,0.0008672616,0.034463655,0.0525444820523262,0.11823177337646484,12.9884672164917,0.014583105221390724,0.004203267861157656,0.12076053023338318
2205,0.039148446172475815,1e-04,0.030479493,27.33952,0.0011870724,0.000866799,0.034453917,0.05251794308423996,0.11825178563594818,12.99072265625,0.014587758108973503,0.0042046792805194855,0.12077978998422623
2206,0.03911659121513367,1e-04,0.030469062,27.332212,0.0011864026,0.00086633704,0.034444194,0.05249146744608879,0.1182718425989151,12.99298095703125,0.014592421241104603,0.0042060925625264645,0.12079909443855286
2207,0.0390847772359848,1e-04,0.030458648,27.324919,0.0011857339,0.00086587586,0.034434486,0.05246501788496971,0.11829185485839844,12.99523639678955,0.014597073197364807,0.0042075058445334435,0.12081834673881531
2208,0.03905300796031952,1e-04,0.03044822,27.317614,0.0011850646,0.0008654147,0.034424767,0.052438635379076004,0.11831192672252655,12.99749755859375,0.014601741917431355,0.0042089237831532955,0.12083766609430313
2209,0.039021287113428116,1e-04,0.030437814,27.310307,0.0011843962,0.0008649536,0.03441506,0.05241228640079498,0.11833194643259048,12.99975299835205,0.014606398530304432,0.004210334736853838,0.12085693329572678
2210,0.03898961842060089,1e-04,0.03042741,27.303017,0.0011837288,0.0008644934,0.03440536,0.05238599702715874,0.118352010846138,13.00201416015625,0.01461106538772583,0.0042117503471672535,0.1208762377500534
2211,0.03895799070596695,1e-04,0.030416997,27.295715,0.0011830607,0.0008640324,0.03439565,0.052359744906425476,0.11837204545736313,13.004270553588867,0.014615727588534355,0.0042131682857871056,0.12089551985263824
2212,0.03892641142010689,1e-04,0.030406617,27.288425,0.0011823947,0.0008635727,0.034385968,0.05233355611562729,0.11839212477207184,13.006532669067383,0.014620402827858925,0.0042145829647779465,0.12091485410928726
2213,0.038894880563020706,1e-04,0.030396234,27.28114,0.0011817287,0.00086311356,0.034376282,0.05230739340186119,0.11841218173503876,13.008793830871582,0.014625069685280323,0.004216003231704235,0.1209341511130333
2214,0.03886338695883751,1e-04,0.030385843,27.273844,0.0011810621,0.0008626536,0.034366585,0.05228130519390106,0.11843232065439224,13.01106071472168,0.014629758894443512,0.004217423498630524,0.12095353752374649
2215,0.03883194550871849,1e-04,0.030375477,27.266563,0.0011803976,0.00086219475,0.034356914,0.052255257964134216,0.11845245212316513,13.013330459594727,0.014634448103606701,0.004218847956508398,0.12097292393445969
2216,0.038800545036792755,1e-04,0.03036511,27.259287,0.0011797334,0.00086173665,0.034347247,0.052229274064302444,0.118472620844841,13.015602111816406,0.014639144763350487,0.004220272414386272,0.12099233269691467
2217,0.0387692004442215,1e-04,0.030354748,27.252028,0.0011790704,0.00086127926,0.034337595,0.052203334867954254,0.11849280446767807,13.017875671386719,0.014643847942352295,0.004221702925860882,0.12101177126169205
2218,0.038737889379262924,1e-04,0.030344367,27.24474,0.0011784055,0.00086082047,0.03432791,0.052177440375089645,0.11851300299167633,13.020151138305664,0.014648553915321827,0.004223129712045193,0.12103120982646942
2219,0.03870663046836853,1e-04,0.030334026,27.237484,0.0011777437,0.00086036377,0.03431827,0.052151598036289215,0.118533194065094,13.022425651550293,0.014653259888291359,0.004224558360874653,0.1210506483912468
2220,0.038675419986248016,1e-04,0.030323671,27.230217,0.0011770816,0.0008599069,0.034308624,0.052125804126262665,0.11855342239141464,13.024703979492188,0.014657977037131786,0.004225988872349262,0.12107013165950775
2221,0.03864424675703049,1e-04,0.030313335,27.22296,0.00117642,0.0008594502,0.03429898,0.0521000400185585,0.11857359111309052,13.0269775390625,0.01466267742216587,0.004227415658533573,0.12108954042196274
2222,0.03861312195658684,1e-04,0.030303005,27.2157,0.0011757595,0.0008589941,0.03428935,0.05207434296607971,0.11859383434057236,13.029256820678711,0.014667397364974022,0.004228848498314619,0.12110903114080429
2223,0.03858204185962677,1e-04,0.030292677,27.208443,0.0011750989,0.00085853797,0.034279715,0.052048686891794205,0.1186140924692154,13.031538009643555,0.014672121033072472,0.004230283200740814,0.12112852931022644
2224,0.038551006466150284,1e-04,0.030282352,27.201199,0.0011744392,0.00085808255,0.034270093,0.05202309042215347,0.11863435804843903,13.033821105957031,0.01467684842646122,0.004231718834489584,0.12114804238080978
2225,0.03852001950144768,1e-04,0.030272033,27.193941,0.0011737795,0.00085762714,0.034260467,0.05199752002954483,0.11865458637475967,13.036100387573242,0.014681568369269371,0.004233149811625481,0.12116752564907074
2226,0.038489073514938354,1e-04,0.030261714,27.186678,0.0011731198,0.00085717137,0.034250837,0.051972005516290665,0.1186748519539833,13.038383483886719,0.014686298556625843,0.0042345873080194,0.12118703871965408
2227,0.038458168506622314,1e-04,0.030251423,27.179453,0.0011724628,0.00085671776,0.034241244,0.05194654315710068,0.11869513988494873,13.040667533874512,0.014691034331917763,0.004236024804413319,0.12120657414197922
2228,0.03842731565237045,1e-04,0.030241122,27.17221,0.0011718051,0.00085626356,0.03423164,0.05192112922668457,0.11871546506881714,13.042959213256836,0.014695780351758003,0.0042374636977910995,0.12122615426778793
2229,0.038396500051021576,1e-04,0.030230822,27.164967,0.0011711475,0.00085580937,0.034222033,0.05189577117562294,0.11873582750558853,13.045251846313477,0.014700531959533691,0.004238906316459179,0.12124574929475784
2230,0.03836572915315628,1e-04,0.030220546,27.157738,0.0011704911,0.00085535605,0.03421244,0.051870446652173996,0.11875613778829575,13.047540664672852,0.014705277979373932,0.0042403461411595345,0.12126532196998596
2231,0.038335006684064865,1e-04,0.030210258,27.15051,0.0011698353,0.00085490313,0.034202855,0.05184517055749893,0.11877645552158356,13.049829483032227,0.014710021205246449,0.004241785034537315,0.12128487974405289
2232,0.03830432891845703,1e-04,0.030199986,27.14328,0.00116918,0.00085445016,0.034193274,0.05181996151804924,0.11879689991474152,13.052131652832031,0.014714797958731651,0.004243236500769854,0.12130456417798996
2233,0.03827368840575218,1e-04,0.030189712,27.136074,0.0011685257,0.00085399847,0.034183703,0.05179477110505104,0.11881722509860992,13.054422378540039,0.01471954770386219,0.004244680050760508,0.12132414430379868
2234,0.038243092596530914,1e-04,0.030179445,27.128843,0.0011678708,0.00085354573,0.034174126,0.05176965892314911,0.11883769184350967,13.056726455688477,0.01472433377057314,0.004246131516993046,0.12134386599063873
2235,0.03821254521608353,1e-04,0.030169189,27.121632,0.0011672174,0.0008530945,0.034164563,0.051744554191827774,0.11885802447795868,13.0590181350708,0.014729085378348827,0.004247576929628849,0.12136344611644745
2236,0.038182035088539124,1e-04,0.030158939,27.114422,0.0011665646,0.0008526434,0.034155007,0.0517195388674736,0.11887852102518082,13.06132698059082,0.014733877964317799,0.004249029792845249,0.1213831901550293
2237,0.0381515733897686,1e-04,0.030148692,27.107222,0.0011659124,0.00085219275,0.03414546,0.051694560796022415,0.11889901012182236,13.063633918762207,0.014738669618964195,0.0042504845187067986,0.12140291929244995
2238,0.03812114894390106,1e-04,0.030138452,27.100004,0.0011652599,0.0008517416,0.034135904,0.051669616252183914,0.11891943216323853,13.065935134887695,0.014743447303771973,0.0042519336566329,0.12142259627580643
2239,0.038090772926807404,1e-04,0.030128213,27.092804,0.0011646084,0.00085129146,0.03412636,0.0516447052359581,0.1189398393034935,13.068232536315918,0.014748221263289452,0.004253382794559002,0.12144225835800171
2240,0.03806044161319733,1e-04,0.030117998,27.085604,0.0011639579,0.0008508418,0.034116827,0.051619842648506165,0.11896026134490967,13.070533752441406,0.014752998948097229,0.004254831932485104,0.12146192044019699
2241,0.038030147552490234,5e-05,0.030107768,27.078411,0.0011633077,0.0008503923,0.034107298,0.05160263553261757,0.11894955486059189,13.069307327270508,0.01475059986114502,0.004254098050296307,0.12145204842090607
2242,0.03801501914858818,5e-05,0.030102663,27.074818,0.001162983,0.00085016777,0.034102537,0.051585499197244644,0.11893908679485321,13.068107604980469,0.014748254790902138,0.004253378137946129,0.12144239246845245
2243,0.03799990564584732,5e-05,0.030097552,27.071226,0.0011626583,0.0008499439,0.034097776,0.05156843736767769,0.11892887204885483,13.066937446594238,0.014745968393981457,0.004252673126757145,0.12143298238515854
2244,0.037984803318977356,5e-05,0.030092418,27.067617,0.0011623321,0.0008497183,0.034092993,0.0515514500439167,0.11891891062259674,13.06579303741455,0.014743740670382977,0.004251989535987377,0.12142380326986313
2245,0.037969715893268585,5e-05,0.030087296,27.064037,0.0011620079,0.00084949477,0.03408824,0.051534511148929596,0.11890912055969238,13.064671516418457,0.01474155206233263,0.00425131618976593,0.12141479551792145
2246,0.03795464336872101,2.5e-05,0.030082177,27.060448,0.0011616832,0.0008492703,0.034083474,0.05152137577533722,0.11888382583856583,13.061792373657227,0.014735790900886059,0.004249559249728918,0.12139106541872025
2247,0.03794711083173752,2.5e-05,0.030079603,27.058653,0.0011615205,0.0008491582,0.034081087,0.0515083484351635,0.1188589483499527,13.058958053588867,0.014730125665664673,0.004247825127094984,0.12136773020029068
2248,0.03793958202004433,2.5e-05,0.030077044,27.056871,0.0011613588,0.00084904686,0.034078714,0.05149536952376366,0.11883429437875748,13.056150436401367,0.01472451351583004,0.004246110562235117,0.12134460359811783
2249,0.037932053208351135,2.5e-05,0.030074473,27.055075,0.0011611958,0.00084893435,0.034076322,0.05148246884346008,0.11880991607904434,13.053377151489258,0.014718964695930481,0.004244412295520306,0.12132173776626587
2250,0.03792453557252884,2.5e-05,0.03007191,27.053276,0.0011610335,0.00084882224,0.03407394,0.051469650119543076,0.11878591775894165,13.050643920898438,0.014713508076965809,0.004242743365466595,0.12129925191402435
2251,0.03791701793670654,2.5e-05,0.030069338,27.05149,0.0011608711,0.0008487104,0.034071557,0.05145689472556114,0.11876215785741806,13.047940254211426,0.014708101749420166,0.004241089802235365,0.12127695977687836
2252,0.03790950030088425,2.5e-05,0.03006677,27.049706,0.0011607091,0.0008485987,0.03406918,0.05144422873854637,0.11873874813318253,13.04527473449707,0.014702779240906239,0.004239465110003948,0.12125501781702042
2253,0.037901993840932846,1.25e-05,0.030064195,27.047905,0.001160546,0.0008484864,0.034066785,0.05143345892429352,0.11870767921209335,13.041742324829102,0.014695691876113415,0.004237302578985691,0.12122578918933868
2254,0.0378982312977314,1.25e-05,0.030062914,27.047007,0.001160465,0.0008484303,0.034065597,0.05142278969287872,0.11867698282003403,13.038250923156738,0.014688695780932903,0.0042351651936769485,0.1211969330906868
2255,0.03789447993040085,1.25e-05,0.030061629,27.04612,0.0011603842,0.00084837456,0.034064412,0.051412202417850494,0.11864663660526276,13.034799575805664,0.014681778848171234,0.004233051091432571,0.12116838991641998
2256,0.03789072483778,1.25e-05,0.030060338,27.045204,0.001160302,0.0008483178,0.034063205,0.05140170082449913,0.11861662566661835,13.03138542175293,0.014674944803118706,0.004230964928865433,0.12114018946886063
2257,0.03788697347044945,6.25e-06,0.03005905,27.044321,0.0011602213,0.0008482622,0.03406202,0.05139219015836716,0.11858297884464264,13.027560234069824,0.014667272567749023,0.004228622652590275,0.1211085170507431
2258,0.03788509592413902,6.25e-06,0.030058403,27.043863,0.0011601802,0.000848234,0.034061417,0.051382772624492645,0.11854971945285797,13.023778915405273,0.014659693464636803,0.004226308315992355,0.12107722461223602
2259,0.0378832183778286,6.25e-06,0.030057762,27.043415,0.0011601395,0.0008482058,0.03406082,0.051373422145843506,0.11851675808429718,13.02003288269043,0.01465218048542738,0.00422401400282979,0.12104619294404984
2260,0.03788134083151817,6.25e-06,0.03005712,27.042967,0.0011600989,0.00084817776,0.034060225,0.05136417597532272,0.11848418414592743,13.016329765319824,0.014644764363765717,0.004221751354634762,0.12101555615663528
2261,0.03787946701049805,6.25e-06,0.03005648,27.042515,0.0011600583,0.0008481499,0.03405963,0.05135498195886612,0.11845189332962036,13.012659072875977,0.014637410640716553,0.004219504073262215,0.12098516523838043
2262,0.03787758946418762,3.125e-06,0.030055832,27.042072,0.0011600179,0.0008481218,0.034059037,0.05134633928537369,0.11841799318790436,13.008806228637695,0.014629689045250416,0.00421714736148715,0.12095325440168381
2263,0.03787665069103241,3.125e-06,0.030055514,27.041842,0.001159997,0.0008481074,0.034058727,0.051337793469429016,0.1183844581246376,13.004992485046387,0.014622056856751442,0.004214818123728037,0.12092169374227524
2264,0.037875715643167496,3.125e-06,0.030055186,27.041626,0.0011599772,0.0008480941,0.034058437,0.05132930725812912,0.11835120618343353,13.001214981079102,0.014614487066864967,0.004212507512420416,0.12089039385318756
2265,0.037874773144721985,3.125e-06,0.030054858,27.041395,0.0011599562,0.0008480795,0.03405813,0.05132092908024788,0.11831840127706528,12.99748706817627,0.014607024379074574,0.004210230894386768,0.1208595260977745
2266,0.03787383809685707,1.5625e-06,0.03005454,27.04117,0.0011599361,0.00084806565,0.034057833,0.05131283029913902,0.11828483641147614,12.993670463562012,0.014599384739995003,0.004207898862659931,0.12082791328430176
2267,0.03787337243556976,1.5625e-06,0.030054381,27.041058,0.001159926,0.00084805867,0.034057684,0.05130482837557793,0.11825166642665863,12.989901542663574,0.014591842889785767,0.004205599892884493,0.12079670280218124
2268,0.03787289932370186,1.5625e-06,0.030054228,27.040955,0.0011599165,0.0008480522,0.034057546,0.0512968935072422,0.1182188168168068,12.986167907714844,0.014584372751414776,0.004203318618237972,0.12076577544212341
2269,0.03787242993712425,1.5625e-06,0.030054064,27.040846,0.0011599063,0.00084804546,0.034057397,0.05128905177116394,0.11818631738424301,12.982473373413086,0.0145769864320755,0.004201063420623541,0.12073519080877304
2270,0.037871960550546646,1.5625e-06,0.0300539,27.040718,0.0011598954,0.0008480375,0.034057237,0.05128127709031105,0.1181541308760643,12.978816032409668,0.014569672755897045,0.0041988324373960495,0.12070489674806595
2271,0.03787148743867874,1.5625e-06,0.030053716,27.040598,0.0011598839,0.00084802974,0.03405707,0.051273591816425323,0.11812231689691544,12.975201606750488,0.014562445692718029,0.004196626599878073,0.12067496031522751
2272,0.037871021777391434,1.5625e-06,0.030053565,27.04049,0.0011598745,0.0008480231,0.03405693,0.05126597359776497,0.11809080839157104,12.97161865234375,0.014555288478732109,0.004194443579763174,0.12064529955387115
2273,0.03787054866552353,1.5625e-06,0.030053405,27.040377,0.0011598644,0.00084801635,0.034056783,0.05125841870903969,0.11805956065654755,12.968069076538086,0.014548195526003838,0.004192281514406204,0.1206158995628357
2274,0.037870075553655624,7.8125e-07,0.03005322,27.040255,0.0011598528,0.0008480083,0.03405661,0.05125107243657112,0.1180282011628151,12.964503288269043,0.014541077427566051,0.004190108738839626,0.12058638781309128
2275,0.03786984458565712,7.8125e-07,0.030053152,27.040213,0.0011598488,0.0008480056,0.03405655,0.051243796944618225,0.11799715459346771,12.960975646972656,0.014534033834934235,0.004187960643321276,0.12055718153715134
2276,0.03786960989236832,7.8125e-07,0.03005307,27.040148,0.001159843,0.0008480017,0.03405647,0.0512365847826004,0.11796639114618301,12.957479476928711,0.014527052640914917,0.004185830242931843,0.1205282211303711
2277,0.03786937892436981,7.8125e-07,0.030052997,27.040108,0.0011598392,0.00084799906,0.034056414,0.051229462027549744,0.11793599277734756,12.954025268554688,0.014520158059895039,0.004183728247880936,0.1204996183514595
2278,0.03786913678050041,3.90625e-07,0.030052908,27.040047,0.0011598336,0.0008479953,0.034056332,0.051222462207078934,0.11790560185909271,12.95057201385498,0.014513269066810608,0.0041816262528300285,0.1204710304737091
2279,0.03786902129650116,3.90625e-07,0.03005286,27.040012,0.0011598307,0.0008479931,0.034056287,0.051215533167123795,0.11787557601928711,12.947158813476562,0.014506462030112743,0.004179548006504774,0.12044277787208557
2280,0.03786889836192131,3.90625e-07,0.030052813,27.039976,0.0011598275,0.00084799103,0.03405624,0.05120867118239403,0.1178458109498024,12.94377613067627,0.014499716460704803,0.004177491180598736,0.12041477113962173
2281,0.03786878287792206,3.90625e-07,0.030052777,27.039967,0.001159826,0.00084799,0.034056216,0.05120188742876053,0.11781636625528336,12.9404296875,0.014493045397102833,0.004175456240773201,0.12038706243038177
2282,0.03786866366863251,1.953125e-07,0.030052729,27.039928,0.0011598227,0.00084798783,0.034056168,0.05119520053267479,0.11778707802295685,12.937100410461426,0.014486412517726421,0.0041734338738024235,0.12035951018333435
2283,0.03786860778927803,1.953125e-07,0.030052718,27.039917,0.0011598218,0.000847987,0.034056157,0.05118856206536293,0.11775801330804825,12.933796882629395,0.014479830861091614,0.004171425476670265,0.12033216655254364
2284,0.037868548184633255,1.953125e-07,0.03005268,27.039886,0.0011598191,0.00084798527,0.034056116,0.05118200555443764,0.1177293062210083,12.930536270141602,0.014473332092165947,0.004169443156570196,0.12030516564846039
2285,0.03786849230527878,1.953125e-07,0.030052666,27.039886,0.0011598187,0.0008479851,0.034056112,0.05117550864815712,0.11770085990428925,12.927302360534668,0.014466894790530205,0.004167479462921619,0.12027840316295624
2286,0.037868428975343704,1.953125e-07,0.030052658,27.039879,0.001159818,0.00084798445,0.0340561,0.051169101148843765,0.11767276376485825,12.924108505249023,0.014460539445281029,0.004165544640272856,0.12025198340415955
2287,0.03786837309598923,1.953125e-07,0.030052634,27.039867,0.0011598167,0.0008479839,0.034056082,0.0511627197265625,0.11764482408761978,12.920934677124023,0.014454217627644539,0.004163615871220827,0.1202256977558136
2288,0.03786831721663475,1e-07,0.030052606,27.039843,0.001159815,0.0008479825,0.034056056,0.051156457513570786,0.11761727184057236,12.917803764343262,0.014447987079620361,0.0041617159731686115,0.1201997771859169
2289,0.037868283689022064,1e-07,0.030052604,27.039843,0.0011598148,0.0008479823,0.034056053,0.051150232553482056,0.11758990585803986,12.914693832397461,0.014441798441112041,0.004159825388342142,0.12017403542995453
2290,0.03786825016140938,1e-07,0.03005259,27.039837,0.001159814,0.0008479819,0.03405604,0.051144085824489594,0.11756283044815063,12.911615371704102,0.014435680583119392,0.004157960880547762,0.12014857679605484
2291,0.03786822035908699,1e-07,0.03005258,27.03983,0.0011598137,0.00084798166,0.034056038,0.051138006150722504,0.1175360456109047,12.908571243286133,0.014429626986384392,0.004156115464866161,0.12012337893247604
2292,0.0378681905567646,1e-07,0.03005257,27.039824,0.001159813,0.0008479811,0.034056026,0.05113198608160019,0.11750955879688263,12.905560493469238,0.014423641376197338,0.00415429100394249,0.12009846419095993
2293,0.037868157029151917,1e-07,0.030052552,27.039825,0.0011598122,0.000847981,0.034056015,0.051126036792993546,0.11748334020376205,12.902582168579102,0.014417720958590508,0.0041524870321154594,0.1200738176703453
2294,0.03786812350153923,1e-07,0.030052539,27.039814,0.0011598113,0.0008479801,0.034056,0.051120128482580185,0.1174573078751564,12.899622917175293,0.01441184151917696,0.004150696098804474,0.12004932761192322
2295,0.03786809742450714,1e-07,0.03005253,27.039814,0.0011598115,0.0008479805,0.034056004,0.0511142872273922,0.11743156611919403,12.896697998046875,0.014406030997633934,0.004148923326283693,0.12002512812614441
2296,0.03786807134747505,1e-07,0.030052515,27.039808,0.0011598108,0.0008479803,0.034055997,0.05110851675271988,0.11740614473819733,12.893808364868164,0.014400294050574303,0.0041471743024885654,0.12000122666358948
2297,0.03786803409457207,1e-07,0.030052504,27.039799,0.00115981,0.0008479797,0.03405598,0.05110280215740204,0.11738093942403793,12.89094352722168,0.014394608326256275,0.004145439248532057,0.11997753381729126
2298,0.03786800056695938,1e-07,0.030052476,27.039782,0.0011598082,0.00084797846,0.03405596,0.051097139716148376,0.11735596507787704,12.888105392456055,0.014388973824679852,0.0041437214240431786,0.11995404958724976
2299,0.03786797076463699,1e-07,0.03005248,27.039783,0.0011598084,0.00084797863,0.03405596,0.05109152942895889,0.11733124405145645,12.885296821594238,0.01438339613378048,0.004142022226005793,0.11993079632520676
2300,0.037867940962314606,1e-07,0.030052463,27.039776,0.0011598073,0.0008479778,0.034055945,0.05108599364757538,0.11730681359767914,12.88252067565918,0.014377889223396778,0.004140343517065048,0.11990783363580704
2301,0.03786791115999222,1e-07,0.030052457,27.039774,0.0011598071,0.00084797764,0.03405594,0.05108049511909485,0.11728256940841675,12.87976360321045,0.014372425153851509,0.004138676915317774,0.11988504976034164
2302,0.03786787763237953,1e-07,0.03005244,27.039768,0.0011598063,0.0008479773,0.03405593,0.05107506364583969,0.11725860834121704,12.877041816711426,0.01436702348291874,0.004137028940021992,0.11986251920461655
2303,0.037867847830057144,1e-07,0.03005243,27.039766,0.0011598059,0.0008479772,0.034055922,0.05106968805193901,0.11723488569259644,12.874345779418945,0.014361676760017872,0.004135399591177702,0.11984021216630936
2304,0.037867818027734756,1e-07,0.030052414,27.039757,0.001159805,0.00084797654,0.03405591,0.05106436833739281,0.11721138656139374,12.871675491333008,0.014356384985148907,0.004133789334446192,0.11981813609600067
2305,0.03786778822541237,1e-07,0.030052414,27.039757,0.001159805,0.00084797665,0.03405591,0.05105910077691078,0.11718814074993134,12.86903190612793,0.01435114722698927,0.004132191184908152,0.1197962760925293
2306,0.03786775842308998,1e-07,0.030052401,27.039751,0.0011598046,0.00084797654,0.034055904,0.051053889095783234,0.11716514825820923,12.866418838500977,0.014345970936119556,0.004130613524466753,0.11977466940879822
2307,0.037867724895477295,1e-07,0.030052384,27.039745,0.0011598036,0.0008479758,0.03405589,0.05104872211813927,0.11714233458042145,12.863825798034668,0.014340832829475403,0.004129047505557537,0.11975321918725967
2308,0.03786769136786461,1e-07,0.030052377,27.039751,0.0011598038,0.0008479761,0.034055892,0.051043618470430374,0.11711978912353516,12.8612642288208,0.014335757121443748,0.004127501044422388,0.11973202228546143
2309,0.03786766529083252,1e-07,0.030052375,27.039747,0.0011598035,0.00084797584,0.03405589,0.05103857070207596,0.11709751188755035,12.858732223510742,0.014330742880702019,0.00412596995010972,0.11971107870340347
2310,0.03786763176321983,1e-07,0.030052343,27.039726,0.0011598016,0.0008479744,0.03405586,0.05103357136249542,0.11707538366317749,12.856218338012695,0.014325767755508423,0.004124457016587257,0.11969029903411865
2311,0.03786759823560715,1e-07,0.03005233,27.03972,0.0011598006,0.00084797386,0.034055844,0.05102861672639847,0.11705352365970612,12.853732109069824,0.014320848509669304,0.0041229575872421265,0.11966975033283234
2312,0.03786756843328476,1e-07,0.03005233,27.03972,0.0011598009,0.000847974,0.03405585,0.05102371796965599,0.11703185737133026,12.85127067565918,0.014315975829958916,0.004121472593396902,0.11964938789606094
2313,0.03786753863096237,1e-07,0.030052302,27.039705,0.0011597992,0.000847973,0.034055825,0.0510188452899456,0.11701036989688873,12.84882926940918,0.014311140403151512,0.0041199978440999985,0.11962918192148209
2314,0.037867508828639984,1e-07,0.030052302,27.039713,0.0011597995,0.0008479735,0.03405583,0.05101405829191208,0.11698917299509048,12.846420288085938,0.014306378550827503,0.004118547309190035,0.1196092739701271
2315,0.037867479026317596,1e-07,0.030052276,27.039696,0.001159798,0.0008479724,0.034055807,0.051009297370910645,0.11696814000606537,12.844030380249023,0.01430165208876133,0.004117106553167105,0.11958951503038406
2316,0.03786744549870491,1e-07,0.030052282,27.039705,0.0011597989,0.0008479732,0.03405582,0.05100459232926369,0.11694733798503876,12.841665267944336,0.01429697684943676,0.004115683026611805,0.11956996470689774
2317,0.037867411971092224,1e-07,0.030052254,27.039684,0.0011597967,0.0008479715,0.034055788,0.050999946892261505,0.11692677438259125,12.839327812194824,0.014292356558144093,0.0041142734698951244,0.11955064535140991
2318,0.037867385894060135,1e-07,0.030052243,27.039686,0.0011597967,0.0008479715,0.034055788,0.050995320081710815,0.11690634489059448,12.837007522583008,0.014287765137851238,0.004112874623388052,0.11953143775463104
2319,0.03786735236644745,1e-07,0.030052235,27.039675,0.0011597958,0.00084797083,0.034055773,0.05099077150225639,0.1168862134218216,12.834716796875,0.01428324542939663,0.004111499059945345,0.11951253563165665
2320,0.03786731883883476,1e-07,0.030052217,27.039673,0.0011597952,0.0008479704,0.034055766,0.05098625272512436,0.11686624586582184,12.832448959350586,0.014278760179877281,0.004110132344067097,0.119493767619133
2321,0.037867289036512375,1e-07,0.030052204,27.039661,0.0011597943,0.0008479701,0.03405575,0.050981778651475906,0.11684642732143402,12.83019733428955,0.014274314045906067,0.0041087777353823185,0.11947516351938248
2322,0.03786725923418999,1e-07,0.030052196,27.039661,0.0011597939,0.0008479699,0.034055747,0.050977353006601334,0.1168268546462059,12.827972412109375,0.014269918203353882,0.004107436165213585,0.11945676058530807
2323,0.0378672294318676,1e-07,0.030052183,27.039654,0.001159793,0.0008479696,0.034055732,0.05097297206521034,0.1168074831366539,12.825770378112793,0.014265569858253002,0.004106112755835056,0.11943855881690979
2324,0.03786719590425491,1e-07,0.030052176,27.039654,0.001159793,0.0008479696,0.034055732,0.05096863955259323,0.11678829044103622,12.823588371276855,0.01426126342266798,0.0041047995910048485,0.11942052841186523
2325,0.037867166101932526,1e-07,0.030052166,27.039646,0.0011597925,0.0008479692,0.03405573,0.050964340567588806,0.11676927655935287,12.821428298950195,0.014256998896598816,0.0041035013273358345,0.119402676820755
2326,0.03786713257431984,1e-07,0.030052142,27.039639,0.0011597915,0.0008479687,0.03405571,0.05096009746193886,0.11675049364566803,12.819293022155762,0.014252784661948681,0.00410221703350544,0.11938502639532089
2327,0.03786710277199745,1e-07,0.030052138,27.03964,0.0011597911,0.00084796856,0.034055706,0.050955887883901596,0.11673188209533691,12.817178726196289,0.01424860954284668,0.004100946243852377,0.11936753988265991
2328,0.037867069244384766,1e-07,0.030052138,27.039635,0.001159791,0.0008479682,0.034055706,0.05095173045992851,0.11671344935894012,12.815084457397461,0.01424447912722826,0.004099685698747635,0.11935023963451385
2329,0.03786703944206238,1e-07,0.030052116,27.039623,0.0011597897,0.00084796763,0.034055687,0.050947606563568115,0.11669521033763885,12.813009262084961,0.014240388758480549,0.004098440054804087,0.11933310329914093
2330,0.03786700963973999,1e-07,0.030052109,27.039625,0.0011597897,0.00084796746,0.034055687,0.050943538546562195,0.1166771799325943,12.81096076965332,0.014236345887184143,0.004097209312021732,0.11931616067886353
2331,0.0378669798374176,1e-07,0.030052094,27.039616,0.0011597888,0.0008479668,0.034055673,0.05093950033187866,0.11665930598974228,12.808929443359375,0.014232340268790722,0.004095986485481262,0.11929937452077866
2332,0.037866946309804916,1e-07,0.030052077,27.039602,0.0011597875,0.0008479662,0.034055654,0.05093551054596901,0.11664164066314697,12.806921005249023,0.01422838307917118,0.0040947855450212955,0.1192827895283699
2333,0.03786691650748253,1e-07,0.03005207,27.039608,0.0011597875,0.0008479662,0.034055654,0.05093155801296234,0.1166241392493248,12.804933547973633,0.0142244603484869,0.004093589261174202,0.1192663386464119
2334,0.03786688297986984,1e-07,0.03005204,27.039589,0.0011597857,0.00084796496,0.034055628,0.05092763155698776,0.11660675704479218,12.802957534790039,0.014220568351447582,0.0040924022905528545,0.11925002187490463
2335,0.037866849452257156,1e-07,0.030052045,27.03959,0.001159786,0.00084796525,0.03405563,0.05092376098036766,0.11658959090709686,12.801005363464355,0.014216721057891846,0.004091231618076563,0.11923389136791229
2336,0.03786682337522507,1e-07,0.030052032,27.03958,0.001159785,0.0008479643,0.034055617,0.050919923931360245,0.11657260358333588,12.799076080322266,0.01421291846781969,0.004090071655809879,0.11921794712543488
2337,0.03786679357290268,1e-07,0.030052029,27.039583,0.0011597852,0.00084796466,0.03405562,0.050916120409965515,0.11655575037002563,12.797161102294922,0.014209143817424774,0.004088924266397953,0.11920211464166641
2338,0.03786676004528999,1e-07,0.030052003,27.039568,0.0011597838,0.0008479637,0.034055598,0.050912369042634964,0.1165391206741333,12.795270919799805,0.014205421321094036,0.004087789449840784,0.11918649822473526
2339,0.03786672651767731,1e-07,0.030051995,27.03956,0.0011597832,0.00084796327,0.03405559,0.0509086474776268,0.11652263253927231,12.79339599609375,0.014201730489730835,0.004086667206138372,0.11917101591825485
2340,0.03786669671535492,1e-07,0.030051976,27.039558,0.0011597824,0.000847963,0.03405558,0.05090496689081192,0.11650632321834564,12.791543960571289,0.014198081567883492,0.004085551481693983,0.11915570497512817
2341,0.03786666691303253,1e-07,0.030051973,27.03955,0.0011597822,0.0008479629,0.034055576,0.050901323556900024,0.1164901852607727,12.789709091186523,0.014194468967616558,0.004084452521055937,0.11914054304361343
2342,0.037866637110710144,1e-07,0.030051958,27.039549,0.0011597815,0.00084796257,0.034055565,0.05089771747589111,0.11647418886423111,12.78788948059082,0.01419089175760746,0.004083361476659775,0.11912553012371063
2343,0.03786660358309746,1e-07,0.030051937,27.039547,0.0011597805,0.0008479621,0.03405555,0.05089414492249489,0.11645837873220444,12.786093711853027,0.014187355525791645,0.004082284867763519,0.11911068856716156
2344,0.03786657378077507,1e-07,0.030051934,27.03954,0.0011597802,0.00084796175,0.034055546,0.05089060589671135,0.11644268035888672,12.784309387207031,0.014183844439685345,0.0040812185034155846,0.11909594386816025
2345,0.037866536527872086,1e-07,0.030051913,27.039528,0.001159779,0.0008479611,0.034055527,0.050887104123830795,0.11642716825008392,12.782546997070312,0.014180375263094902,0.004080160055309534,0.11908137798309326
2346,0.0378665067255497,1e-07,0.030051904,27.039522,0.0011597787,0.0008479609,0.034055524,0.05088364705443382,0.11641182750463486,12.780802726745605,0.014176947064697742,0.004079113714396954,0.11906698346138
2347,0.03786648064851761,1e-07,0.030051896,27.039522,0.0011597784,0.0008479607,0.03405552,0.050880223512649536,0.11639665067195892,12.779078483581543,0.014173552393913269,0.004078080412000418,0.11905273050069809
2348,0.03786645084619522,1e-07,0.030051883,27.03952,0.001159778,0.0008479604,0.034055512,0.05087681859731674,0.11638156324625015,12.777362823486328,0.014170177280902863,0.004077055025845766,0.11903855204582214
2349,0.037866417318582535,1e-07,0.030051868,27.039516,0.0011597773,0.00084795995,0.0340555,0.05087346211075783,0.11636669933795929,12.775673866271973,0.014166857115924358,0.004076043143868446,0.1190246045589447
2350,0.03786638006567955,1e-07,0.030051854,27.039507,0.0011597765,0.0008479595,0.03405549,0.050870131701231,0.11635192483663559,12.773994445800781,0.014163555577397346,0.0040750387124717236,0.11901073902845383
2351,0.03786635398864746,1e-07,0.030051831,27.03949,0.0011597751,0.0008479586,0.03405547,0.05086684226989746,0.11633734405040741,12.772336959838867,0.01416029967367649,0.004074045456945896,0.11899705976247787
2352,0.037866320461034775,1e-07,0.030051824,27.039494,0.001159775,0.0008479587,0.034055468,0.050863590091466904,0.11632293462753296,12.770699501037598,0.014157077297568321,0.004073066171258688,0.11898351460695267
2353,0.03786628693342209,1e-07,0.030051809,27.039482,0.001159774,0.000847958,0.034055457,0.050860367715358734,0.11630862951278687,12.769073486328125,0.01415388286113739,0.004072093404829502,0.11897008866071701
2354,0.0378662571310997,1e-07,0.030051796,27.039476,0.0011597733,0.0008479576,0.034055445,0.05085717886686325,0.1162945032119751,12.76746940612793,0.014150726608932018,0.00407113041728735,0.11895682662725449
2355,0.03786622732877731,1e-07,0.030051785,27.039469,0.0011597724,0.00084795704,0.03405543,0.05085401609539986,0.11628047376871109,12.765873908996582,0.014147596433758736,0.004070177674293518,0.11894366890192032
2356,0.03786619380116463,1e-07,0.030051764,27.039467,0.0011597718,0.0008479567,0.034055423,0.05085089057683945,0.11626658588647842,12.76429557800293,0.014144493266940117,0.004069231450557709,0.1189306229352951
2357,0.03786616772413254,1e-07,0.030051757,27.039461,0.0011597713,0.0008479566,0.034055416,0.05084777995944023,0.11625281721353531,12.76272964477539,0.014141419902443886,0.004068298265337944,0.11891770362854004
2358,0.03786613047122955,1e-07,0.030051745,27.039455,0.0011597706,0.0008479561,0.034055404,0.050844717770814896,0.11623923480510712,12.761186599731445,0.014138388447463512,0.004067373927682638,0.1189049556851387
2359,0.037866100668907166,1e-07,0.03005174,27.039457,0.0011597708,0.0008479562,0.034055408,0.050841689109802246,0.11622580140829086,12.759659767150879,0.014135390520095825,0.004066461231559515,0.11889234930276871
2360,0.03786607086658478,1e-07,0.030051729,27.039455,0.0011597702,0.0008479559,0.034055397,0.050838686525821686,0.11621246486902237,12.758142471313477,0.01413241308182478,0.004065553657710552,0.11887982487678528
2361,0.03786603733897209,1e-07,0.03005171,27.039442,0.001159769,0.00084795535,0.034055382,0.050835706293582916,0.11619925498962402,12.75664234161377,0.014129464514553547,0.004064655862748623,0.118867427110672
2362,0.03786601126194,1e-07,0.030051699,27.039442,0.0011597688,0.00084795523,0.03405538,0.050832778215408325,0.11618626117706299,12.755165100097656,0.014126567170023918,0.004063774831593037,0.11885523796081543
2363,0.037865977734327316,1e-07,0.030051675,27.039425,0.0011597674,0.0008479543,0.034055356,0.05082985386252403,0.11617331206798553,12.753694534301758,0.014123678207397461,0.00406289380043745,0.11884307861328125
2364,0.03786594420671463,1e-07,0.030051671,27.039433,0.0011597675,0.0008479544,0.03405536,0.050826966762542725,0.11616049706935883,12.752237319946289,0.014120819978415966,0.0040620239451527596,0.11883105337619781
2365,0.037865910679101944,1e-07,0.030051656,27.039429,0.0011597666,0.00084795395,0.034055345,0.0508241206407547,0.11614787578582764,12.750802993774414,0.014118005521595478,0.004061167128384113,0.1188192144036293
2366,0.037865880876779556,1e-07,0.030051641,27.03941,0.0011597655,0.00084795314,0.03405533,0.05082128196954727,0.11613528430461884,12.749371528625488,0.014115196652710438,0.0040603140369057655,0.11880739033222198
2367,0.03786585107445717,1e-07,0.030051628,27.03941,0.0011597651,0.0008479528,0.034055322,0.05081848055124283,0.11612286418676376,12.747960090637207,0.014112425968050957,0.00405946746468544,0.1187957301735878
2368,0.03786582127213478,1e-07,0.030051619,27.039402,0.0011597642,0.0008479525,0.03405531,0.05081572383642197,0.11611062288284302,12.74656867980957,0.014109698124229908,0.004058638121932745,0.11878424882888794
2369,0.037865787744522095,1e-07,0.030051611,27.039406,0.0011597644,0.00084795273,0.034055315,0.0508129745721817,0.11609844118356705,12.745183944702148,0.014106981456279755,0.004057810641825199,0.11877281218767166
2370,0.03786575794219971,1e-07,0.030051598,27.039406,0.0011597638,0.0008479523,0.034055304,0.05081025883555412,0.11608640104532242,12.743814468383789,0.014104299247264862,0.004056994803249836,0.11876152455806732
2371,0.03786572441458702,1e-07,0.030051578,27.03939,0.0011597626,0.0008479515,0.03405529,0.05080757290124893,0.11607448756694794,12.742463111877441,0.014101644046604633,0.004056185483932495,0.11875034123659134
2372,0.037865690886974335,1e-07,0.030051576,27.03939,0.0011597625,0.00084795157,0.034055285,0.05080491304397583,0.11606268584728241,12.741120338439941,0.01409901212900877,0.00405538734048605,0.11873926222324371
2373,0.03786566108465195,1e-07,0.03005155,27.039381,0.0011597616,0.00084795087,0.034055274,0.050802286714315414,0.11605103313922882,12.739794731140137,0.014096414670348167,0.004054592922329903,0.11872832477092743
2374,0.03786563128232956,1e-07,0.030051539,27.039381,0.0011597612,0.00084795087,0.034055267,0.05079968646168709,0.11603949964046478,12.738485336303711,0.014093846082687378,0.0040538115426898,0.1187175065279007
2375,0.03786560148000717,1e-07,0.03005153,27.03937,0.0011597603,0.00084795017,0.03405525,0.05079708993434906,0.11602801084518433,12.737178802490234,0.01409128587692976,0.004053032491356134,0.11870672553777695
2376,0.037865571677684784,1e-07,0.030051528,27.039377,0.0011597606,0.0008479505,0.03405526,0.05079452693462372,0.11601664870977402,12.73588752746582,0.01408875547349453,0.004052264615893364,0.11869606375694275
2377,0.0378655306994915,1e-07,0.030051503,27.039366,0.0011597592,0.00084794976,0.034055237,0.05079200863838196,0.11600544303655624,12.734614372253418,0.01408626139163971,0.004051503259688616,0.11868555843830109
2378,0.03786550462245941,1e-07,0.0300515,27.039368,0.0011597591,0.0008479497,0.034055237,0.05078950524330139,0.11599434912204742,12.733352661132812,0.01408378966152668,0.004050751216709614,0.11867514252662659
2379,0.03786546736955643,1e-07,0.03005148,27.039358,0.0011597583,0.0008479493,0.034055226,0.05078701674938202,0.11598332971334457,12.732100486755371,0.014081336557865143,0.004050002433359623,0.11866480857133865
2380,0.03786543756723404,1e-07,0.03005147,27.03934,0.0011597569,0.0008479482,0.034055203,0.05078456923365593,0.11597248166799545,12.730868339538574,0.01407892070710659,0.004049268551170826,0.11865463107824326
2381,0.03786540403962135,1e-07,0.030051453,27.039337,0.0011597563,0.00084794813,0.034055196,0.05078215152025223,0.11596174538135529,12.729646682739258,0.014076530933380127,0.004048542585223913,0.11864455789327621
2382,0.037865374237298965,1e-07,0.030051447,27.03933,0.0011597562,0.0008479478,0.034055192,0.050779733806848526,0.1159510388970375,12.728429794311523,0.01407414861023426,0.004047813825309277,0.11863451451063156
2383,0.03786534443497658,1e-07,0.030051427,27.039324,0.0011597548,0.0008479469,0.034055173,0.05077734962105751,0.11594047397375107,12.727230072021484,0.014071795158088207,0.0040470995008945465,0.11862459778785706
2384,0.03786531090736389,1e-07,0.03005142,27.03932,0.0011597546,0.00084794697,0.03405517,0.050774987787008286,0.11593000590801239,12.726040840148926,0.014069465920329094,0.004046392161399126,0.11861477792263031
2385,0.037865277379751205,1e-07,0.030051403,27.039309,0.0011597537,0.0008479462,0.034055155,0.05077265948057175,0.11591966450214386,12.72486400604248,0.014067163690924644,0.0040456876158714294,0.11860507726669312
2386,0.03786524757742882,1e-07,0.030051392,27.039307,0.0011597533,0.000847946,0.03405515,0.0507703460752964,0.11590941250324249,12.723698616027832,0.014064881019294262,0.004044995177537203,0.11859545111656189
2387,0.03786521777510643,1e-07,0.030051379,27.039297,0.0011597521,0.0008479453,0.034055132,0.05076806619763374,0.11589928716421127,12.72254753112793,0.014062630012631416,0.004044308327138424,0.11858595907688141
2388,0.03786518797278404,1e-07,0.030051364,27.039293,0.0011597519,0.0008479451,0.03405513,0.05076580122113228,0.11588925123214722,12.721406936645508,0.014060395769774914,0.0040436298586428165,0.1185765415430069
2389,0.037865158170461655,1e-07,0.03005136,27.039293,0.0011597513,0.000847945,0.03405512,0.050763558596372604,0.11587931960821152,12.7202787399292,0.0140581876039505,0.004042959306389093,0.11856722831726074
2390,0.03786512091755867,1e-07,0.030051341,27.039286,0.0011597504,0.00084794447,0.034055106,0.05076133832335472,0.11586947739124298,12.719159126281738,0.014055997133255005,0.0040422892197966576,0.11855798959732056
2391,0.03786509484052658,1e-07,0.030051347,27.039293,0.001159751,0.00084794493,0.034055118,0.05075913295149803,0.11585972458124161,12.71805191040039,0.01405382715165615,0.004041631240397692,0.11854884028434753
2392,0.037865061312913895,1e-07,0.030051323,27.039288,0.0011597504,0.0008479447,0.034055106,0.05075696483254433,0.11585009098052979,12.716957092285156,0.014051685109734535,0.004040977917611599,0.11853980273008347
2393,0.03786503151059151,1e-07,0.030051311,27.03928,0.0011597495,0.0008479441,0.034055095,0.050754815340042114,0.11584056913852692,12.715873718261719,0.01404956541955471,0.0040403325110673904,0.11853086203336716
2394,0.03786499798297882,1e-07,0.030051304,27.039278,0.0011597492,0.000847944,0.03405509,0.05075269192457199,0.11583113670349121,12.714802742004395,0.014047471806406975,0.004039694555103779,0.1185220330953598
2395,0.037864964455366135,1e-07,0.030051284,27.039274,0.0011597483,0.00084794336,0.034055077,0.050750572234392166,0.11582175642251968,12.713736534118652,0.014045384712517262,0.004039058927446604,0.11851322650909424
2396,0.037864938378334045,1e-07,0.030051274,27.039257,0.0011597474,0.0008479426,0.034055065,0.050748493522405624,0.1158125251531601,12.712687492370605,0.014043335802853107,0.004038435872644186,0.1185045838356018
2397,0.03786490112543106,1e-07,0.03005126,27.039255,0.0011597468,0.0008479424,0.034055054,0.05074641853570938,0.11580336093902588,12.711645126342773,0.014041295275092125,0.004037813749164343,0.11849597096443176
2398,0.03786487132310867,1e-07,0.030051248,27.03925,0.0011597462,0.0008479419,0.034055047,0.05074435845017433,0.11579422652721405,12.710607528686523,0.014039265923202038,0.004037196282297373,0.1184874102473259
2399,0.03786483779549599,1e-07,0.030051239,27.039246,0.0011597457,0.00084794156,0.03405504,0.05074233189225197,0.11578524112701416,12.709586143493652,0.014037269167602062,0.004036588128656149,0.11847898364067078
2400,0.0378648079931736,1e-07,0.030051218,27.039236,0.0011597448,0.0008479409,0.034055024,0.050740327686071396,0.11577637493610382,12.708578109741211,0.01403529942035675,0.0040359897539019585,0.11847066879272461
2401,0.03786477446556091,1e-07,0.030051209,27.039236,0.0011597442,0.00084794086,0.034055017,0.050738345831632614,0.11576757580041885,12.707578659057617,0.014033341780304909,0.004035395570099354,0.11846240609884262
2402,0.037864744663238525,1e-07,0.030051181,27.039217,0.0011597426,0.0008479398,0.034054995,0.05073637142777443,0.11575885117053986,12.706585884094238,0.01403140090405941,0.004034803714603186,0.1184542179107666
2403,0.03786471113562584,1e-07,0.030051176,27.039211,0.0011597422,0.0008479394,0.034054987,0.05073442682623863,0.11575023084878922,12.705606460571289,0.0140294898301363,0.004034222103655338,0.11844614893198013
2404,0.03786467760801315,1e-07,0.030051159,27.039206,0.0011597412,0.0008479389,0.034054972,0.05073250085115433,0.11574168503284454,12.704635620117188,0.014027590863406658,0.00403364235535264,0.11843813210725784
2405,0.037864651530981064,1e-07,0.030051153,27.039206,0.0011597413,0.00084793905,0.034054976,0.050730593502521515,0.11573325097560883,12.7036771774292,0.014025717973709106,0.004033075179904699,0.1184302270412445
2406,0.03786461800336838,1e-07,0.030051138,27.039202,0.0011597404,0.00084793847,0.03405496,0.0507286973297596,0.1157248392701149,12.702719688415527,0.014023849740624428,0.004032504744827747,0.11842233687639236
2407,0.03786458820104599,1e-07,0.030051129,27.039202,0.0011597401,0.0008479384,0.034054957,0.05072683468461037,0.1157165989279747,12.701784133911133,0.01402201782912016,0.00403194734826684,0.11841460317373276
2408,0.037864554673433304,1e-07,0.030051108,27.039188,0.001159739,0.00084793783,0.034054942,0.050724975764751434,0.1157083734869957,12.700849533081055,0.014020191505551338,0.0040313913486897945,0.11840689182281494
2409,0.037864524871110916,1e-07,0.030051108,27.039194,0.0011597393,0.00084793806,0.034054946,0.05072314292192459,0.11570028215646744,12.699929237365723,0.014018392190337181,0.00403084559366107,0.11839929223060608
2410,0.03786449134349823,1e-07,0.030051095,27.039177,0.0011597383,0.0008479372,0.03405493,0.05072132498025894,0.11569223552942276,12.699014663696289,0.01401660405099392,0.00403030076995492,0.1183917373418808
2411,0.037864457815885544,1e-07,0.03005107,27.039165,0.0011597368,0.0008479363,0.03405491,0.05071953684091568,0.11568429321050644,12.698112487792969,0.01401484478265047,0.004029764793813229,0.11838430911302567
2412,0.037864428013563156,1e-07,0.030051071,27.039167,0.0011597371,0.0008479364,0.034054913,0.05071776732802391,0.11567646265029907,12.697221755981445,0.014013106003403664,0.00402923533692956,0.1183769628405571
2413,0.03786439448595047,1e-07,0.03005106,27.039167,0.0011597364,0.00084793626,0.0340549,0.05071600154042244,0.1156686544418335,12.696333885192871,0.014011370949447155,0.004028708674013615,0.11836963891983032
2414,0.03786436468362808,1e-07,0.030051034,27.039156,0.0011597353,0.00084793556,0.034054887,0.050714246928691864,0.1156609058380127,12.695453643798828,0.014009651727974415,0.004028185736387968,0.11836237460374832
2415,0.0378643274307251,1e-07,0.030051023,27.039145,0.0011597344,0.000847935,0.034054875,0.05071251466870308,0.11565325409173965,12.694583892822266,0.014007952995598316,0.00402766652405262,0.11835519969463348
2416,0.03786429390311241,1e-07,0.03005101,27.039137,0.0011597339,0.00084793445,0.034054864,0.050710804760456085,0.11564566940069199,12.69372272491455,0.014006267301738262,0.004027155227959156,0.11834807693958282
2417,0.03786426782608032,1e-07,0.030051006,27.039146,0.0011597341,0.0008479348,0.034054868,0.05070910602807999,0.11563818156719208,12.69287109375,0.014004608616232872,0.0040266504511237144,0.11834106594324112
2418,0.037864238023757935,1e-07,0.030051002,27.039143,0.0011597339,0.00084793475,0.034054864,0.05070744827389717,0.11563082039356232,12.692033767700195,0.014002976007759571,0.004026151727885008,0.11833417415618896
2419,0.03786420449614525,1e-07,0.030050976,27.039127,0.0011597323,0.0008479338,0.03405484,0.05070577561855316,0.11562347412109375,12.69119930267334,0.014001342467963696,0.004025655798614025,0.11832726746797562
2420,0.037864167243242264,1e-07,0.030050965,27.039124,0.0011597315,0.0008479333,0.03405483,0.05070413276553154,0.11561618745326996,12.6903715133667,0.013999725691974163,0.004025162663310766,0.11832043528556824
2421,0.037864137440919876,1e-07,0.030050954,27.039116,0.0011597308,0.00084793265,0.03405482,0.05070251598954201,0.11560901254415512,12.689554214477539,0.013998134061694145,0.004024679306894541,0.11831370741128922
2422,0.03786410763859749,1e-07,0.030050937,27.039103,0.0011597299,0.00084793207,0.03405481,0.05070090293884277,0.11560188233852386,12.688745498657227,0.013996553607285023,0.0040241992101073265,0.11830703169107437
2423,0.0378640778362751,1e-07,0.030050917,27.039095,0.0011597287,0.00084793154,0.03405479,0.05069931223988533,0.11559486389160156,12.687947273254395,0.013994996435940266,0.004023726098239422,0.11830045282840729
2424,0.037864044308662415,1e-07,0.030050911,27.039093,0.0011597287,0.00084793137,0.03405479,0.050697725266218185,0.11558785289525986,12.687150955200195,0.01399343740195036,0.00402325252071023,0.11829385906457901
2425,0.03786401450634003,1e-07,0.0300509,27.039093,0.0011597283,0.0008479311,0.034054782,0.05069616436958313,0.1155809611082077,12.686367988586426,0.01399191003292799,0.0040227859281003475,0.11828740686178207
2426,0.03786398097872734,1e-07,0.030050881,27.039085,0.0011597275,0.0008479307,0.03405477,0.05069462209939957,0.11557413637638092,12.685590744018555,0.01399039663374424,0.0040223253890872,0.11828100681304932
2427,0.03786395117640495,1e-07,0.030050877,27.039082,0.0011597272,0.00084793044,0.034054767,0.0506930910050869,0.11556737124919891,12.684822082519531,0.013988899067044258,0.004021868575364351,0.11827467381954193
2428,0.037863921374082565,1e-07,0.030050864,27.039085,0.001159727,0.0008479305,0.034054764,0.050691571086645126,0.11556068807840347,12.684062004089355,0.013987412676215172,0.00402141734957695,0.11826839298009872
2429,0.03786388784646988,1e-07,0.030050848,27.03906,0.0011597252,0.0008479293,0.034054738,0.050690073519945145,0.1155540719628334,12.683309555053711,0.013985946774482727,0.004020970780402422,0.11826219409704208
2430,0.03786385431885719,1e-07,0.030050837,27.039055,0.0011597247,0.00084792904,0.03405473,0.05068859085440636,0.11554751545190811,12.682565689086914,0.013984492048621178,0.004020529333502054,0.11825604736804962
2431,0.037863824516534805,1e-07,0.030050833,27.039064,0.001159725,0.00084792945,0.034054734,0.05068712309002876,0.1155410036444664,12.681825637817383,0.013983051292598248,0.004020089283585548,0.11824995279312134
2432,0.03786379471421242,1e-07,0.030050816,27.03905,0.001159724,0.0008479285,0.03405472,0.05068565905094147,0.11553456634283066,12.681093215942383,0.013981622643768787,0.004019655752927065,0.11824391037225723
2433,0.03786375746130943,1e-07,0.030050797,27.03905,0.0011597233,0.00084792817,0.03405471,0.05068422108888626,0.11552821099758148,12.680371284484863,0.013980215415358543,0.004019228741526604,0.11823795735836029
2434,0.037863727658987045,1e-07,0.030050796,27.039043,0.001159723,0.00084792793,0.034054708,0.050682783126831055,0.1155218631029129,12.67965030670166,0.013978804461658001,0.004018797539174557,0.11823199689388275
2435,0.03786369785666466,1e-07,0.030050773,27.03903,0.0011597216,0.00084792706,0.034054685,0.05068137124180794,0.11551564931869507,12.678942680358887,0.013977428898215294,0.00401837844401598,0.11822617799043655
2436,0.03786366432905197,1e-07,0.030050768,27.039034,0.0011597213,0.00084792695,0.03405468,0.05067996680736542,0.11550945043563843,12.678239822387695,0.013976055197417736,0.004017961677163839,0.11822036653757095
2437,0.037863630801439285,1e-07,0.030050747,27.039024,0.0011597204,0.00084792665,0.034054667,0.05067858099937439,0.11550334841012955,12.677545547485352,0.01397470198571682,0.004017548635601997,0.11821464449167252
2438,0.0378636009991169,1e-07,0.030050736,27.039019,0.0011597198,0.00084792636,0.03405466,0.05067719519138336,0.11549724638462067,12.676851272583008,0.013973347842693329,0.004017135594040155,0.11820891499519348
2439,0.03786356747150421,1e-07,0.030050727,27.039013,0.0011597193,0.000847926,0.03405465,0.05067584291100502,0.11549125611782074,12.67617130279541,0.0139720244333148,0.004016736056655645,0.11820331960916519
2440,0.03786354139447212,1e-07,0.030050714,27.03901,0.0011597185,0.0008479254,0.03405464,0.05067449435591698,0.11548532545566559,12.675497055053711,0.013970707543194294,0.004016335122287273,0.11819774657487869
2441,0.037863507866859436,1e-07,0.030050699,27.038994,0.0011597178,0.00084792514,0.03405463,0.05067314952611923,0.11547942459583282,12.674825668334961,0.01396939717233181,0.004015933722257614,0.11819220334291458
2442,0.03786347061395645,1e-07,0.030050687,27.038992,0.0011597173,0.00084792485,0.034054622,0.050671838223934174,0.11547361314296722,12.674166679382324,0.013968112878501415,0.004015545826405287,0.11818677186965942
2443,0.037863440811634064,1e-07,0.030050676,27.038982,0.0011597162,0.0008479239,0.034054607,0.05067053064703941,0.1154678612947464,12.673511505126953,0.013966836035251617,0.004015155136585236,0.11818137019872665
2444,0.03786340728402138,1e-07,0.030050661,27.038975,0.0011597156,0.00084792357,0.034054596,0.05066923052072525,0.11546214669942856,12.67286205291748,0.01396557129919529,0.004014770500361919,0.11817602068185806
2445,0.03786337375640869,1e-07,0.030050648,27.038973,0.001159715,0.00084792316,0.03405459,0.050667956471443176,0.11545653641223907,12.672224044799805,0.013964327052235603,0.004014390986412764,0.11817075312137604
2446,0.037863343954086304,1e-07,0.030050633,27.038967,0.0011597142,0.00084792275,0.034054577,0.0506666861474514,0.11545093357563019,12.671586990356445,0.013963086530566216,0.004014016594737768,0.1181655079126358
2447,0.037863314151763916,1e-07,0.030050633,27.038958,0.0011597138,0.0008479224,0.03405457,0.050665441900491714,0.11544544994831085,12.670963287353516,0.013961871154606342,0.004013645462691784,0.11816035956144333
2448,0.03786328434944153,1e-07,0.030050604,27.03894,0.0011597121,0.00084792136,0.034054548,0.050664179027080536,0.11543992906808853,12.670336723327637,0.013960647396743298,0.004013273399323225,0.11815518140792847
2449,0.037863247096538544,1e-07,0.030050585,27.038939,0.0011597115,0.0008479209,0.034054536,0.05066295713186264,0.11543452739715576,12.669723510742188,0.013959452509880066,0.0040129111148417,0.11815012991428375
2450,0.037863217294216156,1e-07,0.030050585,27.038939,0.0011597116,0.00084792107,0.03405454,0.050661735236644745,0.11542917788028717,12.66911506652832,0.013958266004920006,0.004012548364698887,0.11814510822296143
2451,0.03786318376660347,1e-07,0.030050572,27.038937,0.0011597109,0.00084792066,0.03405453,0.050660524517297745,0.11542384326457977,12.668508529663086,0.013957086019217968,0.004012187477201223,0.11814010888338089
2452,0.037863150238990784,1e-07,0.030050572,27.038933,0.0011597109,0.0008479207,0.03405453,0.05065932497382164,0.11541859060525894,12.6679105758667,0.013955920934677124,0.004011836834251881,0.11813518404960632
2453,0.0378631167113781,1e-07,0.030050537,27.03892,0.0011597092,0.0008479197,0.034054503,0.050658147782087326,0.11541338264942169,12.667319297790527,0.01395476795732975,0.004011485725641251,0.11813030391931534
2454,0.03786308690905571,1e-07,0.030050525,27.038902,0.0011597081,0.0008479188,0.034054488,0.05065697431564331,0.11540822684764862,12.666733741760254,0.01395362801849842,0.004011138807982206,0.11812547594308853
2455,0.037863053381443024,1e-07,0.030050509,27.03889,0.0011597071,0.0008479182,0.034054473,0.050655823200941086,0.11540315300226212,12.666155815124512,0.013952505774796009,0.0040107956156134605,0.1181207224726677
2456,0.037863023579120636,1e-07,0.030050509,27.0389,0.0011597073,0.00084791856,0.034054477,0.050654664635658264,0.11539808660745621,12.665580749511719,0.013951381668448448,0.004010452888906002,0.11811596900224686
2457,0.03786299377679825,1e-07,0.030050488,27.038889,0.0011597063,0.0008479179,0.034054462,0.050653524696826935,0.11539308726787567,12.665013313293457,0.013950273394584656,0.004010118544101715,0.1181112751364708
2458,0.03786296397447586,1e-07,0.03005049,27.038889,0.0011597063,0.00084791804,0.034054462,0.050652410835027695,0.1153881698846817,12.664453506469727,0.013949185609817505,0.00400978559628129,0.1181066706776619
2459,0.037862930446863174,1e-07,0.030050466,27.038876,0.0011597048,0.0008479168,0.03405444,0.050651274621486664,0.11538320779800415,12.66388988494873,0.013948087580502033,0.00400945171713829,0.11810202151536942
2460,0.03786289319396019,1e-07,0.030050458,27.03887,0.0011597045,0.0008479167,0.034054436,0.050650179386138916,0.11537836492061615,12.663338661193848,0.01394701562821865,0.004009127616882324,0.11809748411178589
2461,0.0378628671169281,1e-07,0.030050438,27.038858,0.0011597034,0.00084791577,0.034054417,0.050649091601371765,0.1153736263513565,12.662799835205078,0.013945966958999634,0.004008806776255369,0.11809304356575012
2462,0.037862833589315414,1e-07,0.030050429,27.038857,0.0011597027,0.0008479156,0.034054406,0.05064800754189491,0.11536886543035507,12.662259101867676,0.013944911770522594,0.0040084850043058395,0.11808857321739197
2463,0.03786280006170273,1e-07,0.030050425,27.03885,0.0011597025,0.0008479155,0.034054406,0.05064693093299866,0.11536413431167603,12.661722183227539,0.013943864032626152,0.004008167423307896,0.1180841401219368
2464,0.03786276653409004,1e-07,0.0300504,27.038836,0.001159701,0.00084791426,0.034054384,0.05064588412642479,0.11535952985286713,12.661198616027832,0.013942847028374672,0.004007858224213123,0.11807983368635178
2465,0.037862736731767654,1e-07,0.030050384,27.038832,0.0011597004,0.000847914,0.034054376,0.05064482241868973,0.11535488069057465,12.660669326782227,0.013941816985607147,0.004007542971521616,0.11807547509670258
2466,0.03786270320415497,1e-07,0.030050378,27.038836,0.0011597004,0.00084791414,0.034054376,0.05064378306269646,0.11535032838582993,12.660151481628418,0.013940811157226562,0.004007237963378429,0.11807121336460114
2467,0.03786266967654228,1e-07,0.030050354,27.03882,0.0011596989,0.0008479131,0.034054354,0.050642743706703186,0.115345798432827,12.659637451171875,0.013939807191491127,0.0040069324895739555,0.11806695908308029
2468,0.037862639874219894,1e-07,0.030050356,27.038822,0.0011596993,0.0008479133,0.034054358,0.050641730427742004,0.11534132808446884,12.65912914276123,0.01393881719559431,0.004006632138043642,0.11806276440620422
2469,0.03786261007189751,1e-07,0.030050341,27.03882,0.0011596985,0.00084791303,0.034054346,0.050640713423490524,0.11533689498901367,12.658625602722168,0.01393783651292324,0.004006334580481052,0.11805861443281174
2470,0.03786257654428482,1e-07,0.030050328,27.038816,0.0011596978,0.00084791245,0.034054335,0.05063971132040024,0.11533250659704208,12.658125877380371,0.013936867006123066,0.004006038419902325,0.11805450916290283
2471,0.037862543016672134,1e-07,0.030050315,27.03879,0.0011596966,0.00084791175,0.03405432,0.05063872039318085,0.11532817035913467,12.657632827758789,0.013935906812548637,0.004005747847259045,0.11805044114589691
2472,0.03786250948905945,1e-07,0.03005029,27.038786,0.0011596954,0.00084791105,0.0340543,0.050637729465961456,0.11532384157180786,12.657140731811523,0.013934947550296783,0.004005454480648041,0.11804638057947159
2473,0.03786247968673706,1e-07,0.030050281,27.038784,0.0011596951,0.0008479109,0.034054298,0.05063677206635475,0.11531965434551239,12.656665802001953,0.013934021815657616,0.00400517275556922,0.11804245412349701
2474,0.037862446159124374,1e-07,0.030050278,27.03878,0.0011596947,0.00084791053,0.03405429,0.05063581094145775,0.11531545221805573,12.656187057495117,0.01393309235572815,0.0040048896335065365,0.11803852021694183
2475,0.03786241635680199,1e-07,0.030050252,27.038767,0.0011596932,0.00084790954,0.03405427,0.050634853541851044,0.11531125009059906,12.655710220336914,0.013932162895798683,0.004004606045782566,0.11803458631038666
2476,0.0378623828291893,1e-07,0.03005025,27.038765,0.0011596931,0.0008479093,0.03405427,0.050633907318115234,0.11530711501836777,12.655240058898926,0.013931247405707836,0.00400433037430048,0.11803070455789566
2477,0.03786235302686691,1e-07,0.030050231,27.038757,0.0011596924,0.00084790925,0.034054257,0.05063297972083092,0.11530306190252304,12.654779434204102,0.013930350542068481,0.004004056099802256,0.11802690476179123
2478,0.03786231577396393,1e-07,0.030050226,27.038754,0.001159692,0.0008479089,0.03405425,0.050632044672966,0.11529900133609772,12.654317855834961,0.013929450884461403,0.004003782290965319,0.1180230975151062
2479,0.03786228597164154,1e-07,0.030050205,27.038748,0.001159691,0.0008479083,0.034054235,0.05063113197684288,0.11529500782489777,12.653863906860352,0.013928569853305817,0.00400351220741868,0.11801936477422714
2480,0.037862252444028854,1e-07,0.030050196,27.038744,0.0011596906,0.000847908,0.03405423,0.05063021555542946,0.11529102176427841,12.653410911560059,0.013927687890827656,0.004003243986517191,0.11801562458276749
2481,0.03786221891641617,1e-07,0.03005018,27.038734,0.0011596895,0.0008479072,0.034054216,0.05062931776046753,0.11528710275888443,12.652965545654297,0.013926820829510689,0.004002982284873724,0.1180119514465332
2482,0.03786218538880348,1e-07,0.03005017,27.038729,0.0011596889,0.00084790704,0.034054205,0.05062844976782799,0.1152833104133606,12.652534484863281,0.01392598170787096,0.004002726171165705,0.11800839751958847
2483,0.037862155586481094,1e-07,0.030050145,27.03871,0.0011596873,0.0008479058,0.034054182,0.050627563148736954,0.11527945101261139,12.652094841003418,0.013925129547715187,0.004002467263489962,0.11800478398799896
2484,0.03786212205886841,1e-07,0.03005015,27.03871,0.0011596874,0.0008479059,0.034054182,0.05062668398022652,0.11527562141418457,12.651659965515137,0.013924281112849712,0.0040022083558142185,0.11800119280815125
2485,0.03786208853125572,1e-07,0.03005013,27.038698,0.0011596865,0.00084790547,0.03405417,0.05062582343816757,0.11527188122272491,12.65123462677002,0.013923454098403454,0.004001958295702934,0.1179976835846901
2486,0.037862058728933334,1e-07,0.030050118,27.038696,0.0011596859,0.0008479052,0.03405416,0.050624966621398926,0.11526814848184586,12.650811195373535,0.013922627083957195,0.004001707304269075,0.11799418181180954
2487,0.03786202892661095,1e-07,0.03005011,27.0387,0.0011596861,0.0008479053,0.034054164,0.050624120980501175,0.11526446044445038,12.650392532348633,0.013921812176704407,0.004001458175480366,0.11799073219299316
2488,0.03786199539899826,1e-07,0.030050088,27.038677,0.001159684,0.0008479038,0.034054134,0.05062327906489372,0.11526079475879669,12.649974822998047,0.013921001926064491,0.004001210909336805,0.11798729747533798
2489,0.037861961871385574,1e-07,0.03005008,27.038675,0.0011596838,0.0008479036,0.03405413,0.05062243714928627,0.1152571439743042,12.649560928344727,0.013920195400714874,0.004000965505838394,0.117983877658844
2490,0.03786192461848259,1e-07,0.030050062,27.038662,0.0011596826,0.0008479028,0.03405411,0.050621625036001205,0.11525360494852066,12.649157524108887,0.013919413089752197,0.00400072755292058,0.11798056215047836
2491,0.0378618948161602,1e-07,0.030050056,27.038654,0.0011596823,0.0008479025,0.034054108,0.05062080919742584,0.11525006592273712,12.648755073547363,0.013918628916144371,0.004000490996986628,0.11797723919153214
2492,0.037861861288547516,1e-07,0.030050047,27.038656,0.001159682,0.00084790256,0.034054104,0.050620000809431076,0.11524654924869537,12.648355484008789,0.013917853124439716,0.0040002549067139626,0.11797395348548889
2493,0.03786182776093483,1e-07,0.030050026,27.038645,0.0011596809,0.00084790157,0.03405409,0.050619207322597504,0.11524307727813721,12.647960662841797,0.013917085714638233,0.0040000188164412975,0.11797069758176804
2494,0.03786180168390274,1e-07,0.030050026,27.038643,0.0011596805,0.00084790133,0.034054082,0.05061841756105423,0.11523966491222382,12.647573471069336,0.013916331343352795,0.003999789711087942,0.11796750128269196
2495,0.037861764430999756,1e-07,0.030050011,27.038643,0.00115968,0.00084790145,0.034054074,0.050617631524801254,0.11523623764514923,12.647184371948242,0.013915573246777058,0.003999562002718449,0.11796429008245468
2496,0.03786173462867737,1e-07,0.030050002,27.038635,0.0011596794,0.0008479009,0.034054067,0.050616856664419174,0.11523289978504181,12.646803855895996,0.013914833776652813,0.003999336156994104,0.11796115338802338
2497,0.03786170482635498,1e-07,0.03004998,27.038628,0.0011596787,0.0008479007,0.034054056,0.05061608552932739,0.1152295470237732,12.64642333984375,0.013914095237851143,0.0039991093799471855,0.11795802414417267
2498,0.037861671298742294,1e-07,0.030049982,27.038628,0.0011596787,0.00084790064,0.034054056,0.0506153330206871,0.11522628366947174,12.646052360534668,0.013913370668888092,0.003998889122158289,0.11795495450496674
2499,0.03786163777112961,1e-07,0.03004995,27.038612,0.0011596772,0.0008478996,0.034054033,0.05061457306146622,0.1152230054140091,12.645679473876953,0.01391264796257019,0.0039986721239984035,0.1179518848657608
2500,0.037861600518226624,1e-07,0.03004993,27.038603,0.0011596759,0.00084789883,0.034054015,0.05061382055282593,0.11521974951028824,12.645310401916504,0.013911927118897438,0.003998452331870794,0.11794883012771606
2501,0.037861570715904236,1e-07,0.030049928,27.038591,0.0011596752,0.0008478983,0.034054004,0.05061309412121773,0.11521661281585693,12.644952774047852,0.013911234214901924,0.003998237662017345,0.11794589459896088
2502,0.03786153346300125,1e-07,0.030049901,27.038576,0.0011596737,0.0008478971,0.03405398,0.05061236768960953,0.11521343886852264,12.644593238830566,0.013910534791648388,0.00399802764877677,0.1179429292678833
2503,0.03786150738596916,1e-07,0.030049892,27.038576,0.0011596738,0.0008478972,0.034053985,0.05061164125800133,0.11521030962467194,12.644235610961914,0.013909841887652874,0.003997818101197481,0.11793999373912811
2504,0.037861473858356476,1e-07,0.030049888,27.038572,0.0011596731,0.0008478969,0.034053974,0.050610918551683426,0.11520718038082123,12.643880844116211,0.013909151777625084,0.0039976066909730434,0.11793706566095352
2505,0.03786144033074379,1e-07,0.030049887,27.038572,0.0011596731,0.00084789685,0.034053974,0.05061021074652672,0.1152041107416153,12.643531799316406,0.01390847284346819,0.003997402265667915,0.11793418973684311
2506,0.037861406803131104,1e-07,0.030049859,27.038563,0.0011596719,0.0008478963,0.034053955,0.050609514117240906,0.11520111560821533,12.64319133758545,0.013907812535762787,0.003997199237346649,0.11793138831853867
2507,0.03786137327551842,1e-07,0.030049847,27.03856,0.0011596713,0.00084789604,0.034053948,0.05060881748795509,0.11519809812307358,12.642848014831543,0.013907143846154213,0.003996997140347958,0.11792855709791183
2508,0.03786134347319603,1e-07,0.03004984,27.038544,0.0011596704,0.00084789505,0.034053933,0.05060812458395958,0.11519511044025421,12.642507553100586,0.01390648353844881,0.0039967941120266914,0.11792575567960739
2509,0.03786131367087364,1e-07,0.03004982,27.03854,0.0011596695,0.0008478947,0.03405392,0.05060744285583496,0.11519215255975723,12.642171859741211,0.013905828818678856,0.003996594343334436,0.11792297661304474
2510,0.037861280143260956,1e-07,0.03004982,27.038546,0.0011596701,0.0008478952,0.03405393,0.05060676112771034,0.11518923938274384,12.64184284210205,0.013905187137424946,0.003996401093900204,0.11792025715112686
2511,0.03786124289035797,1e-07,0.030049792,27.038527,0.0011596687,0.00084789406,0.034053907,0.050606101751327515,0.11518637835979462,12.641515731811523,0.013904556632041931,0.00399620970711112,0.11791758239269257
2512,0.037861213088035583,1e-07,0.030049782,27.038523,0.0011596677,0.00084789365,0.034053896,0.05060542747378349,0.11518345773220062,12.641183853149414,0.013903910294175148,0.003996013198047876,0.1179148405790329
2513,0.0378611795604229,1e-07,0.030049767,27.038513,0.0011596666,0.00084789295,0.034053877,0.050604771822690964,0.11518065631389618,12.64086627960205,0.013903291895985603,0.003995825536549091,0.11791221797466278
2514,0.03786114603281021,1e-07,0.030049752,27.038504,0.0011596659,0.0008478924,0.034053866,0.05060411989688873,0.11517784744501114,12.640546798706055,0.01390266977250576,0.00399563554674387,0.11790958046913147
2515,0.037861116230487823,1e-07,0.030049738,27.038494,0.0011596654,0.00084789225,0.034053862,0.0506034679710865,0.11517508327960968,12.640231132507324,0.013902058824896812,0.003995450679212809,0.11790699511766434
2516,0.03786107897758484,1e-07,0.030049719,27.038471,0.0011596634,0.0008478907,0.034053832,0.050602830946445465,0.11517230421304703,12.639915466308594,0.01390144508332014,0.003995262552052736,0.11790438741445541
2517,0.03786104917526245,1e-07,0.030049711,27.038473,0.0011596632,0.00084789074,0.03405383,0.050602201372385025,0.11516962200403214,12.63961124420166,0.01390085183084011,0.003995083272457123,0.11790187656879425
2518,0.03786101192235947,1e-07,0.0300497,27.03847,0.0011596626,0.00084789033,0.03405382,0.050601568073034286,0.11516690254211426,12.639302253723145,0.01390025019645691,0.003994897939264774,0.1178993210196495
2519,0.03786098212003708,1e-07,0.030049695,27.038475,0.001159663,0.0008478906,0.034053825,0.05060095340013504,0.11516424268484116,12.638999938964844,0.013899666257202625,0.003994721453636885,0.11789684742689133
2520,0.03786094859242439,1e-07,0.030049685,27.03847,0.0011596623,0.00084789016,0.034053814,0.05060034245252609,0.11516163498163223,12.638703346252441,0.013899087905883789,0.003994546830654144,0.11789439618587494
2521,0.03786091506481171,1e-07,0.03004967,27.038462,0.0011596617,0.0008478898,0.034053806,0.050599727779626846,0.11515899002552032,12.638402938842773,0.013898503966629505,0.003994365688413382,0.11789191514253616
2522,0.03786088153719902,1e-07,0.03004965,27.038448,0.0011596603,0.00084788876,0.034053784,0.050599128007888794,0.11515642702579498,12.638111114501953,0.01389793585985899,0.0039941961877048016,0.11788950860500336
2523,0.037860848009586334,1e-07,0.03004964,27.03845,0.00115966,0.00084788876,0.03405378,0.05059852451086044,0.11515382677316666,12.637815475463867,0.013897362165153027,0.003994021564722061,0.11788707226514816
2524,0.03786081820726395,1e-07,0.03004963,27.038431,0.0011596589,0.00084788806,0.034053765,0.05059794336557388,0.11515133082866669,12.637532234191895,0.013896812684834003,0.003993852995336056,0.11788474023342133
2525,0.03786078840494156,1e-07,0.030049613,27.03843,0.0011596582,0.0008478875,0.034053754,0.050597358494997025,0.11514884233474731,12.637249946594238,0.013896261341869831,0.0039936862885952,0.11788240820169449
2526,0.03786075487732887,1e-07,0.030049596,27.03842,0.0011596573,0.00084788684,0.03405374,0.050596773624420166,0.11514633893966675,12.636964797973633,0.01389570813626051,0.003993519116193056,0.11788006126880646
2527,0.037860721349716187,1e-07,0.0300496,27.038422,0.0011596573,0.000847887,0.03405374,0.050596192479133606,0.11514385044574738,12.63668155670166,0.013895158655941486,0.003993349615484476,0.11787772923707962
2528,0.0378606915473938,1e-07,0.030049575,27.038412,0.0011596563,0.0008478863,0.034053728,0.05059562996029854,0.11514145135879517,12.636408805847168,0.013894629664719105,0.003993188962340355,0.11787548661231995
2529,0.037860654294490814,1e-07,0.03004957,27.038408,0.0011596557,0.00084788597,0.034053717,0.050595056265592575,0.11513902992010117,12.636133193969727,0.0138940941542387,0.00399302551522851,0.11787321418523788
2530,0.03786061704158783,1e-07,0.030049559,27.038393,0.0011596548,0.00084788527,0.034053706,0.050594497472047806,0.11513663828372955,12.63586139678955,0.01389356516301632,0.003992866724729538,0.11787097156047821
2531,0.03786058723926544,1e-07,0.03004954,27.038382,0.0011596538,0.00084788445,0.03405369,0.05059394612908363,0.11513427644968033,12.63559341430664,0.013893045485019684,0.003992709331214428,0.11786876618862152
2532,0.037860553711652756,1e-07,0.030049533,27.03838,0.0011596534,0.0008478842,0.034053683,0.05059339478611946,0.1151319369673729,12.63532829284668,0.013892528600990772,0.003992551006376743,0.11786656826734543
2533,0.03786052018404007,1e-07,0.030049512,27.038368,0.0011596523,0.00084788364,0.03405367,0.05059286579489708,0.11512968689203262,12.635071754455566,0.013892032206058502,0.003992400597780943,0.1178644672036171
2534,0.03786048665642738,1e-07,0.030049507,27.038364,0.0011596519,0.0008478834,0.03405366,0.0505923330783844,0.11512740701436996,12.63481330871582,0.013891530223190784,0.003992247395217419,0.11786233633756638
2535,0.037860456854104996,1e-07,0.03004949,27.038359,0.0011596514,0.0008478831,0.034053653,0.05059179291129112,0.11512510478496552,12.634551048278809,0.01389102078974247,0.0039920927956700325,0.11786017566919327
2536,0.03786042705178261,1e-07,0.030049475,27.038351,0.0011596505,0.00084788265,0.034053642,0.05059126764535904,0.11512286961078644,12.634296417236328,0.013890527188777924,0.003991943784058094,0.11785808205604553
2537,0.03786038979887962,1e-07,0.030049466,27.038351,0.00115965,0.0008478825,0.034053635,0.050590746104717255,0.11512066423892975,12.634045600891113,0.0138900401070714,0.003991792909801006,0.11785601079463959
