epoch,loss,lr,mae,mape,mse,msle,rmse,val_loss,val_mae,val_mape,val_mse,val_msle,val_rmse
0,1.3373255729675293,1e-04,0.23081891,254.65256,0.06589697,0.038425524,0.25670406,1.416404128074646,0.37088003754615784,41.86239242553711,0.14688855409622192,0.05094863846898079,0.38326042890548706
1,1.33156418800354,1e-04,0.22609952,242.9666,0.062048655,0.036132395,0.24909568,1.4145921468734741,0.37104010581970215,41.881290435791016,0.14700327813625336,0.050994087010622025,0.3834100663661957
2,1.326464295387268,1e-04,0.22234014,232.03967,0.058875415,0.034141343,0.24264257,1.4127655029296875,0.37120237946510315,41.90045166015625,0.1471196860074997,0.05104021728038788,0.3835618495941162
3,1.3219760656356812,1e-04,0.22236538,222.56001,0.056330264,0.0324416,0.23733997,1.4109236001968384,0.371369332075119,41.92014694213867,0.14723961055278778,0.05108773335814476,0.3837181329727173
4,1.3180230855941772,1e-04,0.22229673,214.01999,0.05433901,0.031010462,0.2331073,1.4090675115585327,0.3715428411960602,41.940608978271484,0.147364541888237,0.051137249916791916,0.3838808834552765
5,1.3145112991333008,1e-04,0.22210865,206.51888,0.05280834,0.029816706,0.22980066,1.4071989059448242,0.3717246949672699,41.9620246887207,0.1474957913160324,0.051189254969358444,0.3840517997741699
6,1.3113421201705933,1e-04,0.22178833,200.10413,0.051638953,0.028825164,0.22724205,1.405320644378662,0.37191590666770935,41.984527587890625,0.14763426780700684,0.05124412477016449,0.3842320442199707
7,1.3084232807159424,1e-04,0.2213356,194.78001,0.050736923,0.028001087,0.22524858,1.4034342765808105,0.37211742997169495,42.00822067260742,0.147780641913414,0.051302116364240646,0.3844224810600281
8,1.3056751489639282,1e-04,0.22076084,190.51498,0.050021593,0.027313132,0.22365507,1.40154230594635,0.3723294734954834,42.03312301635742,0.147935152053833,0.05136333405971527,0.38462337851524353
9,1.3030365705490112,1e-04,0.22008194,187.25269,0.049429424,0.026735054,0.22232729,1.3996459245681763,0.37255212664604187,42.059234619140625,0.14809781312942505,0.05142778158187866,0.38483479619026184
10,1.3004623651504517,1e-04,0.2193208,184.92146,0.048914324,0.026246192,0.22116584,1.3977468013763428,0.3727848529815674,42.08651351928711,0.14826832711696625,0.05149534344673157,0.3850562572479248
11,1.2979243993759155,1e-04,0.21850061,183.442,0.048445825,0.025831137,0.22010413,1.3958450555801392,0.37302711606025696,42.114891052246094,0.14844630658626556,0.05156585946679115,0.3852873146533966
12,1.2954047918319702,1e-04,0.21764377,182.73221,0.04800603,0.025478873,0.21910278,1.3939417600631714,0.3732782304286957,42.14427185058594,0.14863114058971405,0.05163910984992981,0.385527104139328
13,1.2928969860076904,1e-04,0.21677078,182.70992,0.04758641,0.02518178,0.2181431,1.3920371532440186,0.3735371530056,42.174556732177734,0.14882220327854156,0.051714833825826645,0.3857748210430145
14,1.2904000282287598,1e-04,0.21589959,183.29326,0.047185056,0.024934638,0.21722122,1.390130877494812,0.37380310893058777,42.20564651489258,0.14901883900165558,0.05179277062416077,0.38602957129478455
15,1.2879161834716797,1e-04,0.21504517,184.40042,0.04680409,0.024733711,0.21634252,1.3882226943969727,0.3740750551223755,42.2374153137207,0.149220272898674,0.051872629672288895,0.38629040122032166
16,1.2854502201080322,1e-04,0.21421961,185.94852,0.04644782,0.024575979,0.21551757,1.3863123655319214,0.37435200810432434,42.2697639465332,0.14942578971385956,0.05195411667227745,0.38655632734298706
17,1.2830078601837158,1e-04,0.21343233,187.85268,0.046121236,0.024458516,0.21475856,1.384399652481079,0.37463298439979553,42.30255889892578,0.14963461458683014,0.052036941051483154,0.3868263363838196
18,1.280593752861023,1e-04,0.21268962,190.02536,0.04582865,0.024377951,0.21407628,1.3824834823608398,0.37491700053215027,42.3357048034668,0.14984601736068726,0.052120793610811234,0.3870995044708252
19,1.2782106399536133,1e-04,0.21199544,192.3759,0.045573037,0.02433014,0.21347842,1.3805646896362305,0.375203013420105,42.36906814575195,0.15005923807621002,0.052205394953489304,0.38737478852272034
20,1.2758607864379883,1e-04,0.21135125,194.81174,0.045355286,0.024309972,0.21296781,1.3786418437957764,0.37549009919166565,42.40255355834961,0.15027356147766113,0.052290454506874084,0.38765135407447815
21,1.2735422849655151,1e-04,0.2107565,197.23947,0.04517402,0.024311354,0.2125418,1.3767147064208984,0.37577736377716064,42.4360466003418,0.15048827230930328,0.052375677973032,0.38792818784713745
22,1.271252155303955,1e-04,0.21020897,199.56804,0.045025636,0.024327388,0.21219245,1.3747833967208862,0.37606391310691833,42.469451904296875,0.15070271492004395,0.05246083065867424,0.3882044851779938
23,1.2689852714538574,1e-04,0.20970511,201.71199,0.04490462,0.024350703,0.2119071,1.372847557067871,0.3763490617275238,42.502685546875,0.15091635286808014,0.05254567787051201,0.3884795308113098
24,1.266735315322876,1e-04,0.20924059,203.5955,0.044804163,0.024373919,0.21166994,1.3709075450897217,0.37663212418556213,42.535675048828125,0.15112869441509247,0.05263002589344978,0.3887527287006378
25,1.264495849609375,1e-04,0.2088107,205.15639,0.044716995,0.024390241,0.21146393,1.3689638376235962,0.3769126832485199,42.568363189697266,0.1513393372297287,0.05271372199058533,0.3890235722064972
26,1.2622607946395874,1e-04,0.20841098,206.34912,0.044636216,0.02439395,0.21127285,1.367016077041626,0.37719038128852844,42.6007194519043,0.15154807269573212,0.05279668793082237,0.38929176330566406
27,1.2600239515304565,1e-04,0.20803715,207.14671,0.04455595,0.024380792,0.2110828,1.3650654554367065,0.3774650990962982,42.63271713256836,0.1517547070980072,0.05287884175777435,0.3895570635795593
28,1.2577826976776123,1e-04,0.20768584,207.54121,0.04447192,0.02434823,0.21088366,1.3631118535995483,0.3777367174625397,42.66436004638672,0.15195930004119873,0.05296019837260246,0.38981956243515015
29,1.255534291267395,1e-04,0.20735444,207.54321,0.04438172,0.024295542,0.2106697,1.3611563444137573,0.3780055046081543,42.6956672668457,0.1521618813276291,0.053040776401758194,0.3900793194770813
30,1.2532790899276733,1e-04,0.20704116,207.17944,0.044284616,0.02422362,0.2104391,1.3591991662979126,0.3782717287540436,42.72666549682617,0.15236271917819977,0.053120676428079605,0.39033666253089905
31,1.251017689704895,1e-04,0.20674491,206.49007,0.04418134,0.024134712,0.21019357,1.357241153717041,0.37853559851646423,42.75739669799805,0.1525620073080063,0.05319998785853386,0.3905918598175049
32,1.2487528324127197,1e-04,0.20646515,205.5258,0.044073667,0.02403211,0.20993729,1.3552830219268799,0.3787977397441864,42.78792190551758,0.1527601033449173,0.0532788448035717,0.3908453583717346
33,1.246486783027649,1e-04,0.20620176,204.34412,0.04396383,0.023919689,0.20967554,1.3533254861831665,0.3790585994720459,42.81828689575195,0.15295745432376862,0.05335742235183716,0.391097754240036
34,1.2442221641540527,1e-04,0.20595469,203.00613,0.043854136,0.023801569,0.2094138,1.351369023323059,0.3793186843395233,42.848567962646484,0.1531544029712677,0.053435858339071274,0.3913494646549225
35,1.241961121559143,1e-04,0.20572385,201.5738,0.043746565,0.023681803,0.2091568,1.3494142293930054,0.3795785903930664,42.87881851196289,0.15335141122341156,0.05351433530449867,0.3916010856628418
36,1.239705204963684,1e-04,0.20550899,200.10701,0.043642495,0.023564087,0.20890786,1.3474615812301636,0.37983885407447815,42.90910720825195,0.15354888141155243,0.05359300971031189,0.39185312390327454
37,1.2374552488327026,1e-04,0.2053096,198.66129,0.043542616,0.023451596,0.20866868,1.3455119132995605,0.38009992241859436,42.93949508666992,0.15374715626239777,0.053672030568122864,0.3921060562133789
38,1.2352116107940674,1e-04,0.20512472,197.28625,0.043446917,0.023346884,0.20843925,1.3435653448104858,0.3803623616695404,42.970027923583984,0.1539466381072998,0.05375155806541443,0.3923603296279907
39,1.2329734563827515,1e-04,0.20495316,196.02396,0.04335484,0.02325186,0.20821825,1.3416224718093872,0.38062652945518494,43.00075149536133,0.15414763987064362,0.05383169651031494,0.3926163911819458
40,1.2307403087615967,1e-04,0.20479342,194.90834,0.043265436,0.02316783,0.20800345,1.3396837711334229,0.3808926045894623,43.031707763671875,0.15435032546520233,0.053912535309791565,0.39287444949150085
41,1.2285109758377075,1e-04,0.20464383,193.96452,0.04317758,0.023095518,0.20779215,1.3377492427825928,0.3811609447002411,43.06291580200195,0.15455491840839386,0.05399415269494057,0.393134742975235
42,1.226284384727478,1e-04,0.20450248,193.20863,0.043090146,0.023035167,0.20758165,1.3358192443847656,0.38143160939216614,43.09439468383789,0.15476150810718536,0.054076582193374634,0.39339739084243774
43,1.2240599393844604,1e-04,0.20436761,192.64848,0.04300224,0.022986636,0.20736982,1.3338940143585205,0.3817046880722046,43.12614440917969,0.15497009456157684,0.05415983125567436,0.3936624228954315
44,1.2218371629714966,1e-04,0.20423749,192.2836,0.042913232,0.022949457,0.2071551,1.3319735527038574,0.3819800317287445,43.15816116333008,0.15518061816692352,0.05424387753009796,0.39392971992492676
45,1.2196156978607178,1e-04,0.20411037,192.10617,0.04282281,0.02292288,0.20693673,1.3300573825836182,0.38225746154785156,43.1904182434082,0.15539298951625824,0.05432867631316185,0.3941991627216339
46,1.2173954248428345,1e-04,0.20398484,192.10191,0.042731073,0.022905959,0.20671496,1.3281461000442505,0.382536917924881,43.222900390625,0.15560704469680786,0.05441417172551155,0.39447060227394104
47,1.215177297592163,1e-04,0.2038596,192.2511,0.042638324,0.022897545,0.20649049,1.3262391090393066,0.38281798362731934,43.25557327270508,0.1558225303888321,0.054500266909599304,0.3947436213493347
48,1.2129616737365723,1e-04,0.20373358,192.5294,0.042545058,0.022896325,0.20626454,1.324336290359497,0.38310036063194275,43.28839111328125,0.15603917837142944,0.054586853832006454,0.39501795172691345
49,1.2107490301132202,1e-04,0.2036058,192.90918,0.042451862,0.022900825,0.20603849,1.3224376440048218,0.3833836317062378,43.321319580078125,0.15625673532485962,0.05467382073402405,0.3952932357788086
50,1.2085400819778442,1e-04,0.2034755,193.36072,0.04235927,0.022909453,0.20581368,1.3205422163009644,0.3836674690246582,43.354312896728516,0.15647487342357635,0.05476105213165283,0.3955690562725067
51,1.2063350677490234,1e-04,0.2033422,193.8534,0.042267717,0.022920528,0.20559114,1.318650245666504,0.38395142555236816,43.3873176574707,0.1566932648420334,0.05484840273857117,0.3958449959754944
52,1.204134464263916,1e-04,0.20320523,194.35684,0.042177435,0.022932312,0.20537145,1.3167613744735718,0.38423511385917664,43.420291900634766,0.15691156685352325,0.0549357533454895,0.3961206376552582
53,1.2019383907318115,1e-04,0.20306435,194.84233,0.042088516,0.022943111,0.20515487,1.3148752450942993,0.3845181465148926,43.453189849853516,0.15712955594062805,0.055022988468408585,0.3963957130908966
54,1.1997464895248413,1e-04,0.20291924,195.28381,0.042000808,0.022951277,0.20494099,1.3129913806915283,0.3848002254962921,43.48598098754883,0.1573469340801239,0.05511001870036125,0.39666980504989624
55,1.1975586414337158,1e-04,0.20276976,195.6588,0.041914076,0.022955364,0.20472927,1.311110258102417,0.385081022977829,43.51862716674805,0.1575634479522705,0.05519672855734825,0.3969426155090332
56,1.1953747272491455,1e-04,0.20261577,195.94955,0.041827943,0.022954138,0.20451881,1.309230923652649,0.38536036014556885,43.55110549926758,0.15777899324893951,0.05528305843472481,0.39721402525901794
57,1.193194031715393,1e-04,0.20245726,196.14316,0.041742045,0.022946654,0.2043087,1.3073538541793823,0.3856380879878998,43.58338928222656,0.1579933762550354,0.05536896362900734,0.39748379588127136
58,1.1910165548324585,1e-04,0.20229435,196.23233,0.041656077,0.02293233,0.20409821,1.3054786920547485,0.38591405749320984,43.615478515625,0.1582065224647522,0.055454403162002563,0.3977518379688263
59,1.1888419389724731,1e-04,0.20212705,196.2152,0.041569788,0.022910923,0.2038867,1.3036054372787476,0.386188268661499,43.647369384765625,0.1584184616804123,0.05553936958312988,0.3980181813240051
60,1.1866700649261475,1e-04,0.20195559,196.09485,0.041483037,0.022882538,0.20367385,1.3017343282699585,0.3864607810974121,43.67906188964844,0.1586291640996933,0.05562387779355049,0.3982827663421631
61,1.1845009326934814,1e-04,0.20178008,195.87923,0.04139579,0.022847606,0.20345956,1.299865484237671,0.38673171401023865,43.7105712890625,0.15883874893188477,0.055707961320877075,0.3985458016395569
62,1.1823348999023438,1e-04,0.20160067,195.58018,0.04130811,0.022806827,0.20324397,1.2979989051818848,0.3870011866092682,43.741912841796875,0.15904732048511505,0.05579165741801262,0.3988073766231537
63,1.1801717281341553,1e-04,0.20141757,195.21239,0.041220132,0.022761105,0.20302741,1.296134352684021,0.38726937770843506,43.77310562133789,0.1592550128698349,0.0558750219643116,0.3990676701068878
64,1.1780112981796265,1e-04,0.20123091,194.79274,0.041131973,0.022711486,0.20281018,1.294272541999817,0.38753652572631836,43.8041877746582,0.15946201980113983,0.05595814064145088,0.39932695031166077
65,1.175854206085205,1e-04,0.20104076,194.3389,0.04104376,0.02265906,0.2025926,1.292413353919983,0.3878028392791748,43.83516311645508,0.15966849029064178,0.056041065603494644,0.39958539605140686
66,1.1737005710601807,1e-04,0.20084727,193.86882,0.04095561,0.022604927,0.20237492,1.2905571460723877,0.3880685567855835,43.866085052490234,0.15987460315227509,0.056123871356248856,0.3998432159423828
67,1.1715501546859741,1e-04,0.20065048,193.39941,0.040867567,0.022550117,0.20215729,1.2887036800384521,0.38833388686180115,43.89695358276367,0.16008053719997406,0.056206632405519485,0.4001006484031677
68,1.169402837753296,1e-04,0.20045047,192.94608,0.04077963,0.022495544,0.20193967,1.2868537902832031,0.3885990083217621,43.92780685424805,0.16028644144535065,0.056289393454790115,0.4003579020500183
69,1.1672592163085938,1e-04,0.20024724,192.52182,0.040691767,0.022442002,0.20172201,1.2850072383880615,0.38886407017707825,43.958648681640625,0.1604924201965332,0.05637221410870552,0.40061506628990173
70,1.1651188135147095,1e-04,0.20004094,192.13708,0.04060393,0.022390107,0.20150417,1.2831639051437378,0.38912928104400635,43.989505767822266,0.16069865226745605,0.05645516514778137,0.4008723497390747
71,1.1629811525344849,1e-04,0.19983159,191.79932,0.040516026,0.022340298,0.20128593,1.281324028968811,0.3893946409225464,44.0203857421875,0.160905122756958,0.05653822794556618,0.401129812002182
72,1.1608469486236572,1e-04,0.19961941,191.51305,0.04042805,0.022292882,0.20106728,1.2794877290725708,0.3896602392196655,44.05128860473633,0.16111192107200623,0.05662144720554352,0.401387482881546
73,1.1587157249450684,1e-04,0.19940458,191.27951,0.040339954,0.022247965,0.20084809,1.2776545286178589,0.38992607593536377,44.08222579956055,0.1613190472126007,0.056704819202423096,0.4016454219818115
74,1.1565872430801392,1e-04,0.19918726,191.09744,0.04025174,0.022205519,0.20062836,1.2758253812789917,0.3901921212673187,44.11317825317383,0.16152644157409668,0.056788329035043716,0.40190351009368896
75,1.1544623374938965,1e-04,0.19896774,190.96281,0.040163446,0.022165384,0.2004082,1.2739990949630737,0.39045825600624084,44.1441535949707,0.16173411905765533,0.056871961802244186,0.4021618068218231
76,1.1523401737213135,1e-04,0.19874637,190.8698,0.040075116,0.022127297,0.2001877,1.2721766233444214,0.3907245099544525,44.17513656616211,0.16194197535514832,0.056955695152282715,0.40242013335227966
77,1.1502214670181274,1e-04,0.1985234,190.81079,0.039986823,0.022090891,0.19996706,1.2703566551208496,0.39099064469337463,44.206111907958984,0.16214990615844727,0.05703948438167572,0.4026784300804138
78,1.1481053829193115,1e-04,0.19829921,190.77705,0.039898627,0.022055747,0.1997464,1.2685405015945435,0.3912566900253296,44.237064361572266,0.16235783696174622,0.05712328851222992,0.40293651819229126
79,1.1459932327270508,1e-04,0.19807418,190.75935,0.039810598,0.022021407,0.19952594,1.2667269706726074,0.3915223181247711,44.26798629760742,0.16256564855575562,0.057207074016332626,0.4031943082809448
80,1.1438840627670288,1e-04,0.19784859,190.74846,0.03972278,0.021987395,0.19930574,1.264916181564331,0.3917875587940216,44.29884719848633,0.1627732515335083,0.057290803641080856,0.40345168113708496
81,1.1417782306671143,1e-04,0.19762285,190.73552,0.03963521,0.02195327,0.19908594,1.263108253479004,0.3920522630214691,44.329647064208984,0.1629805713891983,0.05737443268299103,0.4037085175514221
82,1.1396756172180176,1e-04,0.19739714,190.71262,0.03954789,0.021918612,0.19886652,1.2613029479980469,0.3923162519931793,44.36037063598633,0.16318748891353607,0.05745793506503105,0.40396469831466675
83,1.1375762224197388,1e-04,0.19717185,190.67308,0.03946083,0.021883082,0.1986475,1.2595003843307495,0.3925795555114746,44.39101791381836,0.1633939892053604,0.057541266083717346,0.40422022342681885
84,1.1354804039001465,1e-04,0.1969472,190.6118,0.03937402,0.021846404,0.19842888,1.2577000856399536,0.3928420841693878,44.42156982421875,0.16360001266002655,0.057624444365501404,0.40447497367858887
85,1.133387565612793,1e-04,0.19672337,190.5253,0.039287448,0.021808425,0.19821061,1.2559024095535278,0.39310380816459656,44.4520263671875,0.1638055294752121,0.05770744010806084,0.4047289490699768
86,1.1312979459762573,1e-04,0.19650057,190.41185,0.039201107,0.021769049,0.1979927,1.2541073560714722,0.39336469769477844,44.482391357421875,0.16401052474975586,0.057790253311395645,0.4049821197986603
87,1.1292119026184082,1e-04,0.1962789,190.27135,0.03911499,0.021728303,0.1977751,1.2523149251937866,0.393624871969223,44.512664794921875,0.16421504318714142,0.057872891426086426,0.40523454546928406
88,1.1271289587020874,1e-04,0.19605848,190.10538,0.039029103,0.021686302,0.19755785,1.2505247592926025,0.39388421177864075,44.5428581237793,0.16441914439201355,0.05795537307858467,0.4054863154888153
89,1.1250489950180054,1e-04,0.19583938,189.91673,0.038943462,0.021643221,0.19734098,1.2487375736236572,0.3941429555416107,44.57297134399414,0.16462282836437225,0.05803772434592247,0.40573740005493164
90,1.122972846031189,1e-04,0.19562156,189.70921,0.038858052,0.021599298,0.19712447,1.2469526529312134,0.39440110325813293,44.6030158996582,0.1648261845111847,0.05811995267868042,0.4059879183769226
91,1.1208994388580322,1e-04,0.19540505,189.48758,0.0387729,0.021554817,0.19690835,1.2451708316802979,0.39465880393981934,44.63300704956055,0.16502930223941803,0.058202113956213,0.40623798966407776
92,1.1188294887542725,1e-04,0.19518986,189.25679,0.03868801,0.021510085,0.19669268,1.2433916330337524,0.3949160575866699,44.66294479370117,0.16523222625255585,0.0582842119038105,0.40648767352104187
93,1.1167627573013306,1e-04,0.19497588,189.02206,0.0386034,0.021465408,0.19647747,1.241615653038025,0.39517298340797424,44.69285202026367,0.1654350608587265,0.05836629495024681,0.4067370891571045
94,1.1146996021270752,1e-04,0.19476308,188.78825,0.03851906,0.02142106,0.19626273,1.239842414855957,0.39542973041534424,44.72272872924805,0.16563783586025238,0.05844837799668312,0.4069862961769104
95,1.1126395463943481,1e-04,0.19455136,188.55992,0.038434993,0.021377308,0.19604845,1.2380722761154175,0.39568623900413513,44.75259017944336,0.16584062576293945,0.05853049084544182,0.40723535418510437
96,1.1105828285217285,1e-04,0.19434062,188.34056,0.038351182,0.021334345,0.19583458,1.2363051176071167,0.39594271779060364,44.78243637084961,0.1660434752702713,0.0586126483976841,0.4074843227863312
97,1.1085293292999268,1e-04,0.19413081,188.13332,0.038267635,0.021292342,0.19562115,1.2345411777496338,0.39619913697242737,44.81227493286133,0.1662464588880539,0.05869486927986145,0.40773332118988037
98,1.1064789295196533,1e-04,0.19392183,187.94006,0.038184322,0.021251395,0.19540809,1.2327803373336792,0.3964555263519287,44.84211349487305,0.16644950211048126,0.05877715349197388,0.4079822301864624
99,1.1044319868087769,1e-04,0.19371353,187.76167,0.038101237,0.021211548,0.19519538,1.2310229539871216,0.3967118263244629,44.8719367980957,0.16665266454219818,0.05885949730873108,0.40823113918304443
100,1.1023887395858765,1e-04,0.19350596,187.59831,0.038018394,0.02117279,0.19498307,1.2292683124542236,0.3969680964946747,44.90176010131836,0.16685594618320465,0.05894191190600395,0.40848004817962646
101,1.1003479957580566,1e-04,0.19329897,187.44911,0.03793576,0.021135056,0.19477105,1.227516770362854,0.3972243070602417,44.93157958984375,0.1670593023300171,0.0590243823826313,0.4087288975715637
102,1.0983108282089233,1e-04,0.19309258,187.3125,0.03785335,0.021098254,0.19455937,1.2257689237594604,0.39748039841651917,44.96137619018555,0.1672627180814743,0.05910688638687134,0.4089776575565338
103,1.0962773561477661,1e-04,0.19288671,187.18626,0.037771154,0.021062238,0.19434802,1.224023461341858,0.3977363109588623,44.991153717041016,0.16746611893177032,0.059189409017562866,0.4092262387275696
104,1.094246506690979,1e-04,0.19268133,187.06795,0.037689157,0.021026844,0.19413695,1.2222816944122314,0.39799198508262634,45.020904541015625,0.16766946017742157,0.059271931648254395,0.40947461128234863
105,1.092219591140747,1e-04,0.19247647,186.9547,0.03760738,0.020991907,0.19392622,1.220542073249817,0.3982473611831665,45.05061721801758,0.16787268221378326,0.05935443937778473,0.4097226858139038
106,1.0901951789855957,1e-04,0.19227207,186.84366,0.037525807,0.020957235,0.19371578,1.2188060283660889,0.3985023498535156,45.080291748046875,0.16807575523853302,0.05943690240383148,0.4099704325199127
107,1.0881747007369995,1e-04,0.19206813,186.73218,0.037444435,0.020922678,0.19350564,1.2170724868774414,0.3987569808959961,45.10991287231445,0.16827864944934845,0.05951930582523346,0.410217821598053
108,1.0861570835113525,1e-04,0.1918647,186.61797,0.03736327,0.020888077,0.1932958,1.2153347730636597,0.3990122079849243,45.139617919921875,0.16848218441009521,0.05960199236869812,0.410465806722641
109,1.0841344594955444,1e-04,0.1916608,186.49829,0.037281938,0.020853147,0.19308531,1.2136067152023315,0.399265855550766,45.16912841796875,0.16868454217910767,0.05968422070145607,0.41071224212646484
110,1.0821233987808228,1e-04,0.19145821,186.3728,0.037201136,0.020818088,0.19287597,1.2118821144104004,0.3995188772678375,45.198577880859375,0.16888658702373505,0.059766341000795364,0.4109581410884857
111,1.0801160335540771,1e-04,0.19125608,186.24004,0.03712052,0.020782685,0.19266686,1.2101601362228394,0.3997713625431061,45.22795486450195,0.16908828914165497,0.059848349541425705,0.4112034738063812
112,1.0781117677688599,1e-04,0.1910543,186.09952,0.037040077,0.020746907,0.19245799,1.2084404230117798,0.4000232219696045,45.25726318359375,0.16928963363170624,0.059930235147476196,0.411448210477829
113,1.076110601425171,1e-04,0.19085287,185.95139,0.036959797,0.02071074,0.19224931,1.206723690032959,0.40027451515197754,45.2865104675293,0.16949063539505005,0.06001200154423714,0.41169241070747375
114,1.074112892150879,1e-04,0.19065173,185.79617,0.036879696,0.02067421,0.19204088,1.205009937286377,0.40052530169487,45.3156852722168,0.1696913093328476,0.060093656182289124,0.41193604469299316
115,1.0721184015274048,1e-04,0.19045082,185.63487,0.036799747,0.02063736,0.1918326,1.203298807144165,0.4007754623889923,45.34480285644531,0.16989167034626007,0.06017520651221275,0.412179172039032
116,1.0701271295547485,1e-04,0.19025011,185.46884,0.03671995,0.020600265,0.1916245,1.2015905380249023,0.40102508664131165,45.37385177612305,0.1700916886329651,0.060256630182266235,0.41242173314094543
117,1.0681391954421997,1e-04,0.19004957,185.29942,0.036640335,0.020563006,0.19141665,1.1998851299285889,0.40127429366111755,45.40284729003906,0.170291468501091,0.06033797934651375,0.41266387701034546
118,1.0661544799804688,1e-04,0.18984905,185.12828,0.036560852,0.02052565,0.19120893,1.198182463645935,0.4015229046344757,45.43178176879883,0.17049093544483185,0.0604192316532135,0.4129054844379425
119,1.0641731023788452,1e-04,0.18964863,184.95694,0.036481548,0.020488307,0.19100143,1.19648277759552,0.40177109837532043,45.460662841796875,0.17069017887115479,0.06050040200352669,0.4131466746330261
120,1.0621949434280396,1e-04,0.18944813,184.78676,0.036402382,0.02045103,0.19079408,1.1947859525680542,0.40201887488365173,45.489498138427734,0.17088918387889862,0.060581501573324203,0.4133874475955963
121,1.0602201223373413,1e-04,0.1892476,184.619,0.036323376,0.020413896,0.19058692,1.1930917501449585,0.4022662341594696,45.51828384399414,0.17108798027038574,0.06066254898905754,0.41362783312797546
122,1.0582484006881714,1e-04,0.18904695,184.45456,0.036244523,0.020376962,0.19037995,1.1914007663726807,0.40251317620277405,45.547027587890625,0.17128653824329376,0.060743506997823715,0.4138677716255188
123,1.0562800168991089,1e-04,0.18884616,184.29417,0.036165826,0.020340258,0.19017315,1.1897127628326416,0.40275970101356506,45.575714111328125,0.17148494720458984,0.06082441285252571,0.41410741209983826
124,1.0543150901794434,1e-04,0.18864523,184.13817,0.036087275,0.02030381,0.18996651,1.1880275011062622,0.40300583839416504,45.6043586730957,0.17168311774730682,0.06090526282787323,0.4143466055393219
125,1.0523532629013062,1e-04,0.18844417,183.98657,0.036008876,0.020267611,0.18976004,1.186345100402832,0.40325161814689636,45.632965087890625,0.17188112437725067,0.06098604202270508,0.4145854711532593
126,1.0503946542739868,1e-04,0.18824294,183.83914,0.035930626,0.020231653,0.18955375,1.184665560722351,0.40349695086479187,45.66151809692383,0.17207886278629303,0.06106676533818245,0.41482388973236084
127,1.048439383506775,1e-04,0.18804158,183.69542,0.035852525,0.020195914,0.18934762,1.1829890012741089,0.40374183654785156,45.69001770019531,0.17227642238140106,0.061147402971982956,0.41506195068359375
128,1.0464872121810913,1e-04,0.1878401,183.55484,0.035774577,0.02016036,0.18914169,1.181315302848816,0.4039863348007202,45.71847152709961,0.17247368395328522,0.06122796609997749,0.41529950499534607
129,1.0445383787155151,1e-04,0.18763855,183.41643,0.03569677,0.020124933,0.18893589,1.1796444654464722,0.4042302668094635,45.74686813354492,0.17267070710659027,0.061308443546295166,0.41553664207458496
130,1.0425928831100464,1e-04,0.18743697,183.27954,0.035619117,0.0200896,0.18873027,1.177976131439209,0.40447381138801575,45.77520751953125,0.17286743223667145,0.06138882040977478,0.41577330231666565
131,1.0406502485275269,1e-04,0.18723536,183.14317,0.035541613,0.02005431,0.18852483,1.1763108968734741,0.404716819524765,45.80348587036133,0.17306387424468994,0.061469096690416336,0.41600945591926575
132,1.0387113094329834,1e-04,0.18703379,183.00667,0.035464264,0.02001903,0.18831958,1.174648404121399,0.4049592912197113,45.83170700073242,0.17326001822948456,0.061549264937639236,0.41624513268470764
133,1.0367754697799683,1e-04,0.18683228,182.86922,0.03538706,0.019983709,0.1881145,1.1729885339736938,0.4052011966705322,45.85986328125,0.17345578968524933,0.06162932515144348,0.41648024320602417
134,1.0348427295684814,1e-04,0.18663086,182.73035,0.03531002,0.019948324,0.1879096,1.171331524848938,0.4054425060749054,45.88795471191406,0.17365126311779022,0.06170925870537758,0.4167148470878601
135,1.032913327217102,1e-04,0.18642955,182.58958,0.035233114,0.019912858,0.18770486,1.1696772575378418,0.405683308839798,45.91598129272461,0.17384637892246246,0.06178906559944153,0.4169488847255707
136,1.03098726272583,1e-04,0.18622842,182.44678,0.035156377,0.019877303,0.18750034,1.1680254936218262,0.4059235751628876,45.94395065307617,0.17404115200042725,0.06186876818537712,0.41718238592147827
137,1.0290641784667969,1e-04,0.18602744,182.30188,0.03507979,0.019841658,0.18729599,1.1663767099380493,0.4061632454395294,45.97184371948242,0.17423556745052338,0.06194833293557167,0.4174153506755829
138,1.0271445512771606,1e-04,0.18582664,182.15494,0.035003353,0.019805932,0.18709183,1.1647305488586426,0.4064023494720459,45.99967575073242,0.17442965507507324,0.062027785927057266,0.4176477789878845
139,1.0252280235290527,1e-04,0.18562603,182.00613,0.034927063,0.01977013,0.18688783,1.163087248802185,0.4066409170627594,46.02744674682617,0.17462337017059326,0.06210710480809212,0.4178796112537384
140,1.0233148336410522,1e-04,0.1854256,181.856,0.03485094,0.019734295,0.18668407,1.1614465713500977,0.40687891840934753,46.055145263671875,0.1748167723417282,0.06218633055686951,0.4181109666824341
141,1.02140474319458,1e-04,0.18522532,181.70491,0.034774963,0.019698443,0.18648046,1.15980863571167,0.4071164131164551,46.082794189453125,0.1750098615884781,0.062265437096357346,0.4183417856693268
142,1.0194978713989258,1e-04,0.18502524,181.55324,0.034699146,0.019662606,0.18627706,1.158173680305481,0.40735340118408203,46.110382080078125,0.1752026528120041,0.06234443560242653,0.41857215762138367
143,1.0175944566726685,1e-04,0.18482532,181.4015,0.03462348,0.019626813,0.18607385,1.156541109085083,0.4075899124145508,46.13791275024414,0.17539513111114502,0.062423329800367355,0.41880202293395996
144,1.0156939029693604,1e-04,0.18462558,181.25017,0.034547977,0.019591095,0.18587086,1.1549112796783447,0.40782591700553894,46.16537857055664,0.17558731138706207,0.06250212341547012,0.41903141140937805
145,1.0137965679168701,1e-04,0.184426,181.09958,0.03447263,0.01955547,0.18566807,1.1532845497131348,0.4080614149570465,46.19279861450195,0.17577922344207764,0.06258081644773483,0.41926032304763794
146,1.0119026899337769,1e-04,0.18422654,180.95004,0.034397434,0.019519955,0.18546546,1.151660442352295,0.40829646587371826,46.22016525268555,0.17597085237503052,0.06265942007303238,0.419488787651062
147,1.010011911392212,1e-04,0.18402722,180.80177,0.0343224,0.019484567,0.18526305,1.1500390768051147,0.4085310399532318,46.24746322631836,0.17616218328475952,0.06273792684078217,0.4197167754173279
148,1.0081243515014648,1e-04,0.1838281,180.65486,0.03424752,0.019449314,0.18506086,1.1484204530715942,0.40876510739326477,46.274715423583984,0.17635327577590942,0.0628163293004036,0.4199443757534027
149,1.0062400102615356,1e-04,0.18362907,180.50928,0.034172792,0.019414186,0.18485884,1.146804690361023,0.4089987277984619,46.30191421508789,0.17654407024383545,0.06289464980363846,0.42017146944999695
150,1.0043587684631348,1e-04,0.18343017,180.365,0.034098227,0.019379193,0.18465705,1.1451913118362427,0.40923190116882324,46.32905578613281,0.1767345666885376,0.06297286599874496,0.42039811611175537
151,1.0024806261062622,1e-04,0.1832314,180.2218,0.034023814,0.019344313,0.18445545,1.1435811519622803,0.4094645082950592,46.35614013671875,0.17692475020885468,0.06305097043514252,0.4206242263317108
152,1.0006059408187866,1e-04,0.18303283,180.07959,0.03394955,0.019309547,0.18425404,1.1419734954833984,0.40969666838645935,46.38315963745117,0.17711465060710907,0.06312897056341171,0.42084991931915283
153,0.9987343549728394,1e-04,0.18283439,179.93803,0.033875443,0.01927487,0.18405282,1.1403685808181763,0.4099283218383789,46.410125732421875,0.1773042231798172,0.06320687383413315,0.42107507586479187
154,0.9968658685684204,1e-04,0.18263613,179.79689,0.033801496,0.019240273,0.18385184,1.1387664079666138,0.4101594388484955,46.43703079223633,0.17749345302581787,0.06328464299440384,0.4212997257709503
155,0.9950006008148193,1e-04,0.18243803,179.65587,0.033727698,0.01920573,0.18365102,1.1371668577194214,0.4103899896144867,46.4638786315918,0.17768239974975586,0.06336230784654617,0.42152389883995056
156,0.9931383728981018,1e-04,0.1822401,179.51474,0.033654053,0.019171238,0.18345042,1.1355698108673096,0.4106200039386749,46.490657806396484,0.1778709441423416,0.06343983113765717,0.42174747586250305
157,0.9912794232368469,1e-04,0.18204236,179.37334,0.03358056,0.019136783,0.18325,1.1339757442474365,0.4108494818210602,46.51737594604492,0.1780591756105423,0.0635172501206398,0.42197057604789734
158,0.9894238114356995,1e-04,0.1818448,179.23134,0.03350721,0.019102335,0.18304974,1.1323843002319336,0.4110783636569977,46.54402542114258,0.17824701964855194,0.0635945275425911,0.42219310998916626
159,0.9875712394714355,1e-04,0.18164745,179.08882,0.03343402,0.019067911,0.18284972,1.1307954788208008,0.411306768655777,46.570613861083984,0.17843453586101532,0.06367167085409164,0.4224151372909546
160,0.9857218265533447,1e-04,0.18145026,178.94566,0.033360977,0.0190335,0.18264988,1.129209041595459,0.41153454780578613,46.59713363647461,0.17862164974212646,0.06374868005514145,0.4226365387439728
161,0.9838753938674927,1e-04,0.1812533,178.80193,0.033288084,0.018999103,0.18245022,1.1276257038116455,0.4117617607116699,46.62358474731445,0.17880840599536896,0.0638255625963211,0.4228574335575104
162,0.9820324778556824,1e-04,0.18105647,178.65762,0.033215337,0.018964717,0.18225075,1.126044511795044,0.41198837757110596,46.64997482299805,0.1789947748184204,0.06390229612588882,0.4230777323246002
163,0.9801924824714661,1e-04,0.1808598,178.51286,0.033142734,0.018930348,0.18205146,1.1244661808013916,0.4122144281864166,46.67629623413086,0.1791807860136032,0.06397891044616699,0.4232975244522095
164,0.9783555865287781,1e-04,0.18066333,178.36775,0.033070285,0.018896004,0.18185237,1.1228904724121094,0.41243991255760193,46.702545166015625,0.1793663650751114,0.06405537575483322,0.4235166609287262
165,0.9765220284461975,1e-04,0.18046701,178.22252,0.032997984,0.0188617,0.18165347,1.1213175058364868,0.41266486048698425,46.72874069213867,0.1795516163110733,0.06413169950246811,0.4237353205680847
166,0.9746917486190796,1e-04,0.18027084,178.07715,0.032925826,0.018827433,0.18145475,1.1197466850280762,0.41288915276527405,46.75485610961914,0.17973648011684418,0.06420788913965225,0.4239533841609955
167,0.9728639721870422,1e-04,0.1800748,177.93199,0.03285382,0.018793214,0.18125622,1.1181790828704834,0.41311296820640564,46.78091812133789,0.1799209862947464,0.06428395211696625,0.42417094111442566
168,0.9710400104522705,1e-04,0.17987888,177.78697,0.032781947,0.018759048,0.18105786,1.1166136264801025,0.4133361279964447,46.80690383911133,0.1801050901412964,0.06435985118150711,0.4243879020214081
169,0.9692187905311584,1e-04,0.17968307,177.64235,0.032710224,0.018724946,0.18085968,1.1150509119033813,0.4135587513446808,46.832828521728516,0.18028883635997772,0.06443563848733902,0.4246043264865875
170,0.9674007892608643,1e-04,0.17948739,177.49817,0.03263865,0.018690908,0.18066171,1.1134908199310303,0.4137808382511139,46.85868835449219,0.18047218024730682,0.06451127678155899,0.4248201847076416
171,0.9655860066413879,1e-04,0.17929184,177.35437,0.03256722,0.01865693,0.18046391,1.1119334697723389,0.41400229930877686,46.88447570800781,0.1806551218032837,0.06458676606416702,0.4250354468822479
172,0.9637743234634399,1e-04,0.17909637,177.21106,0.032495927,0.01862302,0.18026626,1.1103787422180176,0.41422319412231445,46.91020202636719,0.1808377057313919,0.06466212123632431,0.42525017261505127
173,0.961965799331665,1e-04,0.17890099,177.06824,0.03242478,0.018589174,0.18006882,1.1088262796401978,0.4144434928894043,46.935855865478516,0.1810198873281479,0.06473732739686966,0.42546433210372925
174,0.9601601958274841,1e-04,0.1787058,176.9258,0.032353785,0.018555397,0.17987157,1.1072765588760376,0.4146631956100464,46.96144485473633,0.18120165169239044,0.06481238454580307,0.4256778657436371
175,0.9583578705787659,1e-04,0.17851064,176.78374,0.032282922,0.018521672,0.17967449,1.105729341506958,0.4148823022842407,46.98695755004883,0.18138301372528076,0.06488729268312454,0.42589083313941956
176,0.9565585851669312,1e-04,0.17831564,176.64192,0.032212205,0.018488005,0.17947759,1.1041847467422485,0.4151008129119873,47.01240921020508,0.18156397342681885,0.06496203690767288,0.42610323429107666
177,0.95476233959198,1e-04,0.17812072,176.50027,0.03214163,0.018454384,0.17928086,1.10264253616333,0.41531863808631897,47.03778076171875,0.1817445009946823,0.06503664702177048,0.426315039396286
178,0.9529692530632019,1e-04,0.17792594,176.35867,0.032071196,0.018420802,0.17908433,1.1011031866073608,0.41553595662117004,47.06309127807617,0.18192462623119354,0.06511107832193375,0.4265262186527252
179,0.9511795043945312,1e-04,0.1777313,176.21712,0.03200091,0.018387262,0.17888798,1.099566102027893,0.415752649307251,47.088321685791016,0.18210428953170776,0.06518534570932388,0.4267368018627167
180,0.9493924975395203,1e-04,0.17753676,176.07549,0.031930752,0.018353755,0.17869177,1.0980315208435059,0.4159686267375946,47.11347961425781,0.18228352069854736,0.06525946408510208,0.4269467294216156
181,0.9476087689399719,1e-04,0.17734237,175.93376,0.031860746,0.018320283,0.1784958,1.0964994430541992,0.41618403792381287,47.13856887817383,0.18246233463287354,0.06533340364694595,0.42715609073638916
182,0.9458279609680176,1e-04,0.17714813,175.79192,0.03179088,0.018286845,0.17829996,1.094966173171997,0.41639935970306396,47.16365432739258,0.1826411634683609,0.06540738791227341,0.42736536264419556
183,0.9440460801124573,1e-04,0.17695352,175.64961,0.03172098,0.018253352,0.17810385,1.093438982963562,0.4166134297847748,47.1885871887207,0.18281905353069305,0.06548099964857101,0.42757344245910645
184,0.9422712922096252,1e-04,0.17675953,175.50743,0.031651385,0.018219965,0.17790836,1.091914415359497,0.41682687401771545,47.21345138549805,0.18299651145935059,0.0655544325709343,0.4277809262275696
185,0.9404999613761902,1e-04,0.17656572,175.36525,0.031581942,0.018186625,0.1777131,1.0903924703598022,0.4170397222042084,47.23823928833008,0.18317349255084991,0.06562769412994385,0.4279877245426178
186,0.9387316107749939,1e-04,0.17637202,175.22289,0.031512637,0.018153308,0.177518,1.0888727903366089,0.4172518253326416,47.26295471191406,0.18335001170635223,0.06570077687501907,0.4281938970088959
187,0.9369661808013916,1e-04,0.17617844,175.08046,0.031443466,0.018120034,0.17732306,1.0873557329177856,0.4174633324146271,47.287593841552734,0.18352605402469635,0.06577369570732117,0.4283994138240814
188,0.9352039694786072,1e-04,0.175985,174.93806,0.031374432,0.018086795,0.1771283,1.0858410596847534,0.41767418384552,47.31216049194336,0.18370167911052704,0.06584642082452774,0.4286043345928192
189,0.9334447979927063,1e-04,0.17579173,174.79576,0.031305548,0.018053606,0.17693374,1.0843287706375122,0.41788434982299805,47.336639404296875,0.18387679755687714,0.06591898947954178,0.4288085699081421
190,0.9316887259483337,1e-04,0.17559853,174.65344,0.031236792,0.018020453,0.17673934,1.0828189849853516,0.4180939197540283,47.361053466796875,0.18405145406723022,0.0659913644194603,0.4290121793746948
191,0.9299356937408447,1e-04,0.17540553,174.51126,0.031168183,0.017987352,0.17654513,1.081311583518982,0.4183027744293213,47.38539123535156,0.1842256635427475,0.06606357544660568,0.4292151629924774
192,0.9281856417655945,1e-04,0.17521265,174.3693,0.03109971,0.017954305,0.1763511,1.0798066854476929,0.4185110330581665,47.40964889526367,0.18439936637878418,0.06613560765981674,0.4294174611568451
193,0.9264386892318726,1e-04,0.17501988,174.22751,0.031031376,0.017921302,0.17615725,1.0783040523529053,0.4187185764312744,47.433837890625,0.18457262217998505,0.06620743870735168,0.429619163274765
194,0.9246947169303894,1e-04,0.17482723,174.0858,0.030963182,0.017888356,0.17596358,1.076804280281067,0.4189254343509674,47.457942962646484,0.18474538624286652,0.0662790983915329,0.42982017993927
195,0.9229539632797241,1e-04,0.17463472,173.94429,0.030895123,0.017855456,0.17577009,1.0753064155578613,0.41913166642189026,47.48196792602539,0.1849176436662674,0.06635057181119919,0.4300205111503601
196,0.9212158918380737,1e-04,0.17444238,173.80298,0.030827207,0.017822614,0.17557679,1.0738112926483154,0.41933727264404297,47.50592041015625,0.18508946895599365,0.06642185896635056,0.43022024631500244
197,0.9194812178611755,1e-04,0.17425014,173.66187,0.030759428,0.017789824,0.17538366,1.072318196296692,0.4195421040058136,47.529788970947266,0.18526075780391693,0.066492959856987,0.43041929602622986
198,0.917749285697937,1e-04,0.17405806,173.52074,0.030691784,0.017757075,0.1751907,1.0708277225494385,0.4197463095188141,47.5535888671875,0.1854315549135208,0.06656386703252792,0.43061763048171997
199,0.9160205125808716,1e-04,0.17386612,173.37975,0.030624282,0.017724376,0.17499794,1.0693397521972656,0.4199497699737549,47.577301025390625,0.1856018304824829,0.06663457304239273,0.43081530928611755
200,0.9142948389053345,1e-04,0.17367427,173.23882,0.030556912,0.017691722,0.17480536,1.0678541660308838,0.42015257477760315,47.60093688964844,0.1857716292142868,0.06670509278774261,0.4310123324394226
201,0.9125722050666809,1e-04,0.17348261,173.09793,0.03048968,0.017659115,0.17461294,1.0663707256317139,0.4203546941280365,47.62449264526367,0.1859409064054489,0.06677541136741638,0.43120867013931274
202,0.9108523726463318,1e-04,0.17329109,172.95706,0.030422585,0.017626548,0.17442071,1.0648894309997559,0.42055606842041016,47.6479606628418,0.18610964715480804,0.06684552133083344,0.4314042627811432
203,0.9091354608535767,1e-04,0.17309971,172.81624,0.030355632,0.017594028,0.17422868,1.0634108781814575,0.4207567870616913,47.67135238647461,0.1862778663635254,0.06691543757915497,0.4315991997718811
204,0.9074217677116394,1e-04,0.17290844,172.6753,0.030288806,0.01756154,0.1740368,1.0619345903396606,0.4209567606449127,47.69466018676758,0.18644557893276215,0.06698514521121979,0.4317934513092041
205,0.9057111740112305,1e-04,0.17271733,172.53433,0.030222114,0.01752909,0.17384508,1.060457468032837,0.42115655541419983,47.71794509887695,0.18661318719387054,0.06705483049154282,0.4319874942302704
206,0.9039997458457947,1e-04,0.17252599,172.3931,0.03015542,0.017496625,0.17365316,1.0589858293533325,0.42135509848594666,47.741085052490234,0.18677978217601776,0.06712411344051361,0.432180255651474
207,0.9022949934005737,1e-04,0.17233516,172.25212,0.030089008,0.01746426,0.17346184,1.05751633644104,0.4215528666973114,47.76414108276367,0.1869458556175232,0.06719318777322769,0.4323723614215851
208,0.9005932211875916,1e-04,0.17214452,172.11119,0.030022727,0.017431943,0.17327067,1.0560493469238281,0.42174994945526123,47.787113189697266,0.18711139261722565,0.06726205348968506,0.43256375193595886
209,0.8988946080207825,1e-04,0.17195404,171.97023,0.02995659,0.017399672,0.17307973,1.0545845031738281,0.42194628715515137,47.810001373291016,0.18727634847164154,0.06733070313930511,0.43275436758995056
210,0.8971987366676331,1e-04,0.17176364,171.82924,0.029890573,0.017367432,0.1728889,1.05312180519104,0.4221418797969818,47.83280563354492,0.18744075298309326,0.06739912182092667,0.43294429779052734
211,0.8955058455467224,1e-04,0.17157342,171.68837,0.029824702,0.017335244,0.1726983,1.0516618490219116,0.4223366975784302,47.85551834106445,0.187604621052742,0.0674673393368721,0.43313348293304443
212,0.8938161730766296,1e-04,0.17138335,171.54752,0.029758958,0.017303098,0.17250785,1.0502039194107056,0.42253080010414124,47.87814712524414,0.18776792287826538,0.06753533333539963,0.4333219528198242
213,0.8921293020248413,1e-04,0.17119336,171.4067,0.029693346,0.017270995,0.17231758,1.0487478971481323,0.4227241575717926,47.90069580078125,0.187930628657341,0.06760310381650925,0.4335096776485443
214,0.8904451727867126,1e-04,0.17100358,171.26591,0.029627873,0.01723894,0.17212749,1.0472946166992188,0.4229167699813843,47.923152923583984,0.18809276819229126,0.06767063587903976,0.4336966276168823
215,0.8887644410133362,1e-04,0.17081392,171.12524,0.029562533,0.017206928,0.17193758,1.045843482017517,0.4231085777282715,47.94551467895508,0.18825431168079376,0.06773795932531357,0.43388283252716064
216,0.8870863914489746,1e-04,0.17062439,170.9847,0.02949733,0.017174968,0.17174786,1.0443944931030273,0.4232996702194214,47.96780014038086,0.1884153038263321,0.06780502945184708,0.43406832218170166
217,0.8854114413261414,1e-04,0.170435,170.84416,0.029432254,0.017143052,0.1715583,1.042947769165039,0.4234899580478668,47.989994049072266,0.18857569992542267,0.06787189096212387,0.4342530369758606
218,0.8837393522262573,1e-04,0.17024577,170.7037,0.029367313,0.01711118,0.17136894,1.0415030717849731,0.42367950081825256,48.0120964050293,0.1887354850769043,0.06793850660324097,0.43443697690963745
219,0.8820701241493225,1e-04,0.17005666,170.56334,0.029302504,0.017079355,0.17117974,1.0400609970092773,0.4238682687282562,48.03410720825195,0.18889468908309937,0.06800488382577896,0.4346201717853546
220,0.8804040551185608,1e-04,0.16986768,170.42302,0.029237824,0.017047575,0.1709907,1.0386204719543457,0.42405620217323303,48.0560302734375,0.1890532523393631,0.06807103008031845,0.4348025321960449
221,0.8787406086921692,1e-04,0.16967885,170.28275,0.029173281,0.017015835,0.17080188,1.0371826887130737,0.42424336075782776,48.07786178588867,0.18921123445034027,0.06813693046569824,0.4349841773509979
222,0.8770803809165955,1e-04,0.16949017,170.14253,0.02910887,0.016984144,0.17061321,1.0357469320297241,0.4244297444820404,48.0995979309082,0.1893685907125473,0.06820257753133774,0.43516501784324646
223,0.8754229545593262,1e-04,0.16930164,170.00237,0.029044595,0.016952496,0.17042474,1.0343133211135864,0.4246152937412262,48.121246337890625,0.1895252913236618,0.06826797872781754,0.43534502387046814
224,0.8737684488296509,1e-04,0.16911325,169.86226,0.028980445,0.01692089,0.17023644,1.0328819751739502,0.4248000681400299,48.14280319213867,0.18968141078948975,0.06833314150571823,0.4355242848396301
225,0.8721169829368591,1e-04,0.16892497,169.72209,0.02891642,0.016889324,0.17004828,1.0314525365829468,0.42498406767845154,48.16426086425781,0.18983685970306396,0.06839803606271744,0.43570271134376526
226,0.870468258857727,1e-04,0.16873686,169.58203,0.02885254,0.016857808,0.16986035,1.030025601387024,0.42516717314720154,48.18562698364258,0.18999169766902924,0.06846269965171814,0.4358803629875183
227,0.8688226342201233,1e-04,0.1685489,169.44194,0.028788775,0.016826328,0.16967255,1.0286004543304443,0.42534947395324707,48.20689392089844,0.19014586508274078,0.06852709501981735,0.4360571801662445
228,0.8671797513961792,1e-04,0.16836107,169.30191,0.028725147,0.016794896,0.16948494,1.0271774530410767,0.42553094029426575,48.22806930541992,0.190299391746521,0.06859122961759567,0.43623319268226624
229,0.8655398488044739,1e-04,0.16817339,169.1619,0.028661655,0.016763505,0.16929753,1.0257569551467896,0.42571160197257996,48.2491455078125,0.19045226275920868,0.0686551034450531,0.4364083707332611
230,0.8639029264450073,1e-04,0.16798584,169.02187,0.028598288,0.016732154,0.16911028,1.0243381261825562,0.4258913993835449,48.2701301574707,0.19060446321964264,0.06871870905160904,0.4365827143192291
231,0.8622686862945557,1e-04,0.16779849,168.88188,0.028535055,0.016700849,0.16892323,1.0229216814041138,0.42607036232948303,48.291015625,0.19075600802898407,0.06878204643726349,0.4367562234401703
232,0.8606376647949219,1e-04,0.16761123,168.74191,0.028471947,0.016669584,0.16873632,1.0215071439743042,0.4262484610080719,48.311798095703125,0.1909068375825882,0.06884511560201645,0.4369288682937622
233,0.8590092658996582,1e-04,0.16742413,168.60204,0.02840897,0.016638365,0.16854961,1.0200947523117065,0.4264257252216339,48.332489013671875,0.19105704128742218,0.06890792399644852,0.43710070848464966
234,0.8573837280273438,1e-04,0.16723718,168.46213,0.02834612,0.01660719,0.16836306,1.0186842679977417,0.4266021251678467,48.35307693481445,0.19120652973651886,0.0689704492688179,0.43727168440818787
235,0.8557611107826233,1e-04,0.16705038,168.32234,0.0282834,0.016576061,0.1681767,1.0172761678695679,0.4267776310443878,48.373565673828125,0.19135534763336182,0.0690326914191246,0.4374418258666992
236,0.8541416525840759,1e-04,0.16686371,168.18254,0.028220812,0.016544975,0.1679905,1.0158671140670776,0.4269527494907379,48.39400100708008,0.1915038377046585,0.06909482181072235,0.43761152029037476
237,0.8525215983390808,1e-04,0.16667686,168.04251,0.028158234,0.016513873,0.16780415,1.0144630670547485,0.4271264970302582,48.41429138183594,0.19165122509002686,0.06915650516748428,0.43777987360954285
238,0.8509077429771423,1e-04,0.16649048,167.90286,0.028095903,0.016482878,0.16761832,1.0130609273910522,0.4272994101047516,48.434478759765625,0.19179792702198029,0.06921792030334473,0.4379473924636841
239,0.8492966294288635,1e-04,0.16630426,167.76328,0.028033704,0.016451929,0.16743268,1.0116606950759888,0.42747142910957336,48.454559326171875,0.1919439435005188,0.06927903741598129,0.43811407685279846
240,0.8476883172988892,1e-04,0.16611816,167.62366,0.027971622,0.016421018,0.16724719,1.0102624893188477,0.4276425540447235,48.474544525146484,0.19208920001983643,0.06933986395597458,0.43827980756759644
241,0.8460829854011536,1e-04,0.16593225,167.48413,0.027909676,0.016390158,0.1670619,1.008866310119629,0.427812784910202,48.49441909790039,0.19223375618457794,0.06940039992332458,0.43844470381736755
242,0.8444803953170776,1e-04,0.16574644,167.34464,0.027847847,0.016359335,0.16687675,1.0074721574783325,0.4279820919036865,48.51419448852539,0.19237755239009857,0.06946063786745071,0.43860864639282227
243,0.8428808450698853,1e-04,0.16556081,167.20515,0.027786156,0.01632856,0.1666918,1.0060800313949585,0.4281505048274994,48.53386306762695,0.19252066314220428,0.06952058523893356,0.4387717545032501
244,0.8412840366363525,1e-04,0.1653753,167.06575,0.027724585,0.01629783,0.166507,1.0046899318695068,0.42831793427467346,48.55342483520508,0.19266295433044434,0.06958021968603134,0.4389338791370392
245,0.8396902084350586,1e-04,0.16518997,166.92635,0.027663143,0.01626714,0.16632241,1.0033015012741089,0.4284845292568207,48.5728759765625,0.1928045004606247,0.06963955610990524,0.43909507989883423
246,0.8380988836288452,1e-04,0.16500476,166.787,0.027601834,0.0162365,0.166138,1.0019152164459229,0.4286501407623291,48.592227935791016,0.19294534623622894,0.06969859451055527,0.4392554461956024
247,0.8365105390548706,1e-04,0.16481972,166.64769,0.02754065,0.016205901,0.16595376,1.00053071975708,0.4288148581981659,48.61146926879883,0.19308538734912872,0.06975731998682022,0.4394148290157318
248,0.8349249958992004,1e-04,0.16463482,166.5084,0.027479585,0.016175346,0.16576968,0.9991483092308044,0.4289785623550415,48.63059616088867,0.19322466850280762,0.0698157250881195,0.4395732879638672
249,0.8333423137664795,1e-04,0.16445006,166.36917,0.027418653,0.016144836,0.16558579,0.9977678656578064,0.4291413724422455,48.64961624145508,0.19336314499378204,0.06987381726503372,0.43973076343536377
250,0.8317626118659973,1e-04,0.16426544,166.22993,0.027357835,0.016114363,0.16540204,0.9963892698287964,0.42930325865745544,48.66853332519531,0.19350087642669678,0.06993160396814346,0.4398873448371887
251,0.8301855325698853,1e-04,0.16408102,166.09074,0.02729716,0.016083943,0.16521852,0.9950124621391296,0.42946410179138184,48.68733215332031,0.19363780319690704,0.06998904049396515,0.4400429427623749
252,0.8286112546920776,1e-04,0.1638967,165.95158,0.027236598,0.01605356,0.16503514,0.9936376810073853,0.4296239912509918,48.706024169921875,0.19377392530441284,0.07004618644714355,0.44019758701324463
253,0.827039897441864,1e-04,0.16371255,165.81242,0.027176166,0.01602322,0.16485195,0.9922646284103394,0.4297829568386078,48.7245979309082,0.19390928745269775,0.0701029896736145,0.44035133719444275
254,0.8254712224006653,1e-04,0.16352855,165.67337,0.027115855,0.01599293,0.16466893,0.9908936023712158,0.4299409091472626,48.743072509765625,0.19404377043247223,0.07015946507453918,0.4405039846897125
255,0.8239054679870605,1e-04,0.16334467,165.5343,0.02705567,0.015962679,0.16448608,0.9895241856575012,0.4300978183746338,48.76141357421875,0.19417746365070343,0.07021559029817581,0.4406557083129883
256,0.8223423361778259,1e-04,0.16316096,165.39525,0.026995612,0.015932472,0.16430342,0.9881567358970642,0.4302537739276886,48.7796516418457,0.19431032240390778,0.07027140259742737,0.44080644845962524
257,0.8207821249961853,1e-04,0.16297741,165.25623,0.026935676,0.015902309,0.16412091,0.9867911338806152,0.4304087460041046,48.79777145385742,0.19444237649440765,0.07032687216997147,0.4409562051296234
258,0.8192246556282043,1e-04,0.16279401,165.11732,0.026875867,0.015872194,0.16393861,0.9854275584220886,0.43056273460388184,48.81577682495117,0.1945735663175583,0.0703819990158081,0.4411049485206604
259,0.8176701664924622,1e-04,0.16261075,164.97842,0.026816178,0.015842123,0.16375646,0.9840655326843262,0.4307156503200531,48.83366394042969,0.19470392167568207,0.07043676823377609,0.4412526786327362
260,0.8161182403564453,1e-04,0.16242765,164.83958,0.026756614,0.015812092,0.16357449,0.982705295085907,0.4308675527572632,48.8514289855957,0.1948334127664566,0.07049118727445602,0.44139936566352844
261,0.8145690560340881,1e-04,0.16224468,164.70073,0.026697172,0.015782105,0.1633927,0.9813469052314758,0.4310184419155121,48.869083404541016,0.19496206939220428,0.0705452710390091,0.4415450990200043
262,0.8130226731300354,1e-04,0.1620619,164.56198,0.026637858,0.015752168,0.16321108,0.9799902439117432,0.4311682879924774,48.88661575317383,0.19508981704711914,0.07059899717569351,0.44168972969055176
263,0.8114790916442871,1e-04,0.16187921,164.42325,0.026578663,0.015722275,0.16302964,0.9786354899406433,0.4313170909881592,48.90402603149414,0.19521671533584595,0.07065235823392868,0.44183334708213806
264,0.809938371181488,1e-04,0.16169672,164.28455,0.026519591,0.015692422,0.16284837,0.9772822856903076,0.431464821100235,48.921321868896484,0.19534273445606232,0.0707053542137146,0.4419759511947632
265,0.8084002137184143,1e-04,0.16151437,164.14592,0.026460644,0.015662614,0.16266727,0.97593092918396,0.4316115379333496,48.9384880065918,0.19546787440776825,0.07075799256563187,0.44211748242378235
266,0.806864857673645,1e-04,0.16133215,164.0073,0.026401814,0.01563285,0.16248634,0.9745813608169556,0.4317571818828583,48.955535888671875,0.19559210538864136,0.07081026583909988,0.44225797057151794
267,0.8053323030471802,1e-04,0.1611501,163.86874,0.026343111,0.015603133,0.16230561,0.9732334017753601,0.4319016933441162,48.97245788574219,0.19571541249752045,0.07086216658353806,0.4423973560333252
268,0.8038025498390198,1e-04,0.16096818,163.7302,0.026284527,0.015573455,0.16212504,0.9718872308731079,0.4320451319217682,48.9892578125,0.1958378106355667,0.07091367989778519,0.4425356686115265
269,0.8022754788398743,1e-04,0.16078642,163.59167,0.026226062,0.015543821,0.16194463,0.9705427289009094,0.4321875274181366,49.005924224853516,0.19595928490161896,0.07096482068300247,0.44267287850379944
270,0.8007511496543884,1e-04,0.16060483,163.45325,0.026167724,0.015514237,0.16176441,0.9691998362541199,0.4323287904262543,49.0224723815918,0.19607985019683838,0.07101558893918991,0.4428090453147888
271,0.7992295026779175,1e-04,0.16042338,163.31482,0.026109504,0.01548469,0.16158435,0.9678587317466736,0.432468980550766,49.03889465332031,0.19619949162006378,0.07106596231460571,0.44294410943984985
272,0.797710657119751,1e-04,0.16024207,163.1764,0.026051406,0.015455188,0.16140448,0.9665193557739258,0.4326080083847046,49.055179595947266,0.1963181495666504,0.07111594825983047,0.44307804107666016
273,0.7961946129798889,1e-04,0.16006093,163.03809,0.025993433,0.015425737,0.16122478,0.9651814103126526,0.43274596333503723,49.071346282958984,0.19643588364124298,0.0711655542254448,0.4432108700275421
274,0.7946811318397522,1e-04,0.15987992,162.89973,0.02593557,0.015396322,0.16104524,0.9638453125953674,0.43288278579711914,49.08737564086914,0.19655263423919678,0.07121473550796509,0.44334256649017334
275,0.7931705117225647,1e-04,0.1596991,162.76146,0.025877837,0.015366954,0.1608659,0.9625107645988464,0.43301844596862793,49.103275299072266,0.19666843116283417,0.07126352936029434,0.4434731602668762
276,0.7916625142097473,1e-04,0.15951839,162.62325,0.025820222,0.015337626,0.16068672,0.9611776471138,0.4331530034542084,49.119049072265625,0.19678325951099396,0.07131194323301315,0.443602591753006
277,0.7901571393013,1e-04,0.15933783,162.485,0.025762716,0.015308342,0.16050768,0.9598463773727417,0.4332863390445709,49.13468551635742,0.19689707458019257,0.07135992497205734,0.4437308609485626
278,0.7886546850204468,1e-04,0.15915747,162.34683,0.025705347,0.015279106,0.16032887,0.9585164785385132,0.43341854214668274,49.15018844604492,0.19700990617275238,0.0714074969291687,0.44385796785354614
279,0.7871546149253845,1e-04,0.15897724,162.20874,0.025648087,0.015249913,0.1601502,0.9571884870529175,0.43354955315589905,49.165557861328125,0.1971217393875122,0.07145466655492783,0.44398394227027893
280,0.7856576442718506,1e-04,0.15879714,162.07068,0.025590947,0.015220766,0.1599717,0.9558616876602173,0.4336794316768646,49.180789947509766,0.19723258912563324,0.07150141149759293,0.4441087543964386
281,0.7841630578041077,1e-04,0.15861721,161.93271,0.025533931,0.015191664,0.1597934,0.9545366764068604,0.43380817770957947,49.19588851928711,0.1973423957824707,0.0715477392077446,0.44423237442970276
282,0.782671332359314,1e-04,0.15843745,161.7947,0.025477031,0.015162601,0.15961526,0.953213095664978,0.43393564224243164,49.21084976196289,0.1974511742591858,0.07159364968538284,0.444354772567749
283,0.7811821699142456,1e-04,0.15825781,161.65677,0.025420249,0.015133588,0.15943728,0.9518910646438599,0.4340619146823883,49.22567367553711,0.1975589394569397,0.07163911312818527,0.44447603821754456
284,0.7796956896781921,1e-04,0.15807833,161.51883,0.025363578,0.015104609,0.15925947,0.9505705237388611,0.4341869652271271,49.2403564453125,0.19766564667224884,0.07168415933847427,0.4445960521697998
285,0.7782119512557983,1e-04,0.15789902,161.381,0.025307039,0.015075684,0.15908186,0.949251651763916,0.43431082367897034,49.2548942565918,0.19777129590511322,0.07172875851392746,0.44471484422683716
286,0.7767309546470642,1e-04,0.15771987,161.24316,0.025250616,0.015046799,0.15890442,0.947934091091156,0.4344334602355957,49.2692985534668,0.19787585735321045,0.07177291065454483,0.44483238458633423
287,0.7752525210380554,1e-04,0.15754083,161.10536,0.025194297,0.015017955,0.15872711,0.9466179013252258,0.4345548450946808,49.2835578918457,0.1979794055223465,0.07181664556264877,0.4449487626552582
288,0.773776650428772,1e-04,0.15736197,160.96756,0.025138106,0.014989154,0.15855001,0.9453034400939941,0.4346749782562256,49.297672271728516,0.1980818510055542,0.07185990363359451,0.44506385922431946
289,0.7723036408424377,1e-04,0.15718326,160.82991,0.025082031,0.014960401,0.15837307,0.9439902305603027,0.4347938597202301,49.311641693115234,0.19818319380283356,0.07190272212028503,0.44517770409584045
290,0.7708331346511841,1e-04,0.1570047,160.69226,0.02502607,0.014931691,0.1581963,0.9426786303520203,0.43491148948669434,49.32546615600586,0.19828344881534576,0.07194508612155914,0.44529029726982117
291,0.7693653702735901,1e-04,0.15682629,160.55461,0.02497023,0.014903023,0.1580197,0.9413683414459229,0.4350278377532959,49.33914566040039,0.19838261604309082,0.07198698818683624,0.4454016387462616
292,0.767900288105011,1e-04,0.15664804,160.41707,0.024914503,0.0148744015,0.15784329,0.9400596022605896,0.4351429045200348,49.35268020629883,0.19848065078258514,0.07202843576669693,0.44551166892051697
293,0.766437828540802,1e-04,0.15646996,160.27957,0.024858898,0.014845826,0.15766704,0.9387520551681519,0.43525663018226624,49.366058349609375,0.19857756793498993,0.07206939905881882,0.44562041759490967
294,0.7649779319763184,1e-04,0.156292,160.14204,0.024803404,0.014817289,0.15749097,0.9374459981918335,0.4353691041469574,49.37929153442383,0.1986733227968216,0.0721099004149437,0.4457278549671173
295,0.7635207176208496,1e-04,0.15611422,160.00456,0.024748024,0.014788794,0.15731505,0.9361395835876465,0.43548059463500977,49.39241409301758,0.19876821339130402,0.07215002924203873,0.44583427906036377
296,0.7620640993118286,1e-04,0.15593633,159.86699,0.024692684,0.014760307,0.15713906,0.9348362684249878,0.4355904161930084,49.40534591674805,0.1988617181777954,0.0721895769238472,0.44593915343284607
297,0.7606121301651001,1e-04,0.15575886,159.72963,0.024637545,0.0147319045,0.15696351,0.9335343241691589,0.43569889664649963,49.418121337890625,0.1989540308713913,0.07222864031791687,0.44604262709617615
298,0.7591628432273865,1e-04,0.1555815,159.59232,0.024582509,0.014703543,0.1567881,0.9322335124015808,0.4358060657978058,49.43074417114258,0.19904518127441406,0.07226720452308655,0.44614478945732117
299,0.7577159404754639,1e-04,0.15540434,159.45505,0.024527596,0.014675228,0.15661289,0.9309343695640564,0.4359118640422821,49.44321823120117,0.19913513958454132,0.07230527698993683,0.44624561071395874
300,0.75627201795578,1e-04,0.15522732,159.31778,0.02447279,0.014646949,0.15643781,0.9296362400054932,0.436016321182251,49.45552444458008,0.19922392070293427,0.07234285026788712,0.4463450610637665
301,0.7548304200172424,1e-04,0.15505047,159.18062,0.02441811,0.014618724,0.15626295,0.9283396005630493,0.43611940741539,49.467681884765625,0.1993114948272705,0.072379931807518,0.4464431703090668
302,0.7533916234970093,1e-04,0.15487374,159.04346,0.024363535,0.014590538,0.15608823,0.9270440936088562,0.4362211227416992,49.479679107666016,0.19939784705638885,0.07241649180650711,0.44653984904289246
303,0.7519553303718567,1e-04,0.1546972,158.9064,0.024309082,0.014562399,0.1559137,0.9257500171661377,0.4363213777542114,49.49151611328125,0.1994829773902893,0.07245256006717682,0.4466351866722107
304,0.7505217790603638,1e-04,0.15452078,158.76936,0.02425474,0.014534301,0.15573934,0.9244569540023804,0.4364202916622162,49.50318908691406,0.19956685602664948,0.07248809933662415,0.44672906398773193
305,0.7490905523300171,1e-04,0.15434453,158.63237,0.024200508,0.014506249,0.15556513,0.9231652021408081,0.4365178048610687,49.51470947265625,0.19964952766895294,0.07252313196659088,0.44682157039642334
306,0.7476620674133301,1e-04,0.15416844,158.49538,0.024146391,0.014478236,0.1553911,0.9218747615814209,0.43661388754844666,49.52605056762695,0.19973094761371613,0.07255763560533524,0.4469126760959625
307,0.7462362051010132,1e-04,0.15399249,158.35852,0.024092391,0.014450272,0.15521725,0.9205855131149292,0.4367084801197052,49.5372428894043,0.19981110095977783,0.07259161025285721,0.4470023512840271
308,0.7448129057884216,1e-04,0.1538167,158.2216,0.024038505,0.014422348,0.15504356,0.9192975163459778,0.4368017613887787,49.54826736450195,0.19989001750946045,0.0726250633597374,0.44709062576293945
309,0.7433922290802002,1e-04,0.15364107,158.08481,0.02398472,0.014394464,0.15487002,0.9180105924606323,0.436893492937088,49.55911636352539,0.199967622756958,0.07265796512365341,0.44717738032341003
310,0.7419739961624146,1e-04,0.15346558,157.94801,0.023931056,0.014366627,0.15469666,0.9167248606681824,0.43698373436927795,49.56980514526367,0.2000439167022705,0.07269033044576645,0.447262704372406
311,0.7405584454536438,1e-04,0.15329026,157.8113,0.023877507,0.014338837,0.15452348,0.9154402017593384,0.43707260489463806,49.580322265625,0.20011894404888153,0.07272214442491531,0.447346568107605
312,0.7391452789306641,1e-04,0.15311511,157.67459,0.02382407,0.014311087,0.15435047,0.9141568541526794,0.4371598958969116,49.590667724609375,0.2001926153898239,0.0727534070611,0.4474288821220398
313,0.7377349734306335,1e-04,0.15294008,157.53796,0.023770748,0.0142833805,0.15417765,0.9128745198249817,0.4372457265853882,49.6008415222168,0.20026497542858124,0.07278412580490112,0.4475097358226776
314,0.736327052116394,1e-04,0.1527652,157.40137,0.023717524,0.014255719,0.15400495,0.9115933775901794,0.437330037355423,49.61083984375,0.2003360241651535,0.07281428575515747,0.44758912920951843
315,0.7349217534065247,1e-04,0.15259051,157.26479,0.023664426,0.014228099,0.15383247,0.9103131890296936,0.43741288781166077,49.62066650390625,0.20040571689605713,0.07284387201070786,0.4476669728755951
316,0.7335188984870911,1e-04,0.15241596,157.1283,0.023611432,0.0142005235,0.15366012,0.9090341329574585,0.437494158744812,49.63032150268555,0.20047402381896973,0.07287289202213287,0.4477432668209076
317,0.7321186661720276,1e-04,0.15224156,156.99184,0.023558553,0.014172991,0.15348797,0.9077561497688293,0.4375738799571991,49.63978958129883,0.20054097473621368,0.07290133088827133,0.44781801104545593
318,0.7307209372520447,1e-04,0.15206733,156.85547,0.023505788,0.014145507,0.15331598,0.9064792990684509,0.43765202164649963,49.64908981323242,0.200606569647789,0.07292919605970383,0.4478912353515625
319,0.7293258905410767,1e-04,0.15189324,156.71912,0.023453128,0.0141180605,0.15314414,0.9052034020423889,0.4377286732196808,49.658203125,0.2006707787513733,0.07295648008584976,0.4479629099369049
320,0.7279331684112549,1e-04,0.1517193,156.58278,0.023400577,0.014090658,0.15297247,0.9039284586906433,0.4378037452697754,49.667144775390625,0.20073355734348297,0.07298318296670914,0.4480329751968384
321,0.7265430688858032,1e-04,0.15154551,156.44655,0.023348136,0.014063297,0.15280096,0.9026546478271484,0.43787717819213867,49.6758918762207,0.20079493522644043,0.07300928235054016,0.4481014907360077
322,0.7251555323600769,1e-04,0.15137188,156.31033,0.023295807,0.014035984,0.15262964,0.9013818502426147,0.4379490911960602,49.68446731567383,0.20085489749908447,0.07303479313850403,0.4481683671474457
323,0.7237705588340759,1e-04,0.15119842,156.1742,0.023243593,0.014008713,0.15245849,0.9001100063323975,0.4380193054676056,49.69285583496094,0.2009134143590927,0.07305968552827835,0.4482336640357971
324,0.7223880887031555,1e-04,0.1510251,156.03809,0.023191486,0.013981484,0.15228751,0.8988390564918518,0.43808794021606445,49.7010498046875,0.20097048580646515,0.07308398187160492,0.44829732179641724
325,0.7210080027580261,1e-04,0.15085194,155.90202,0.023139488,0.013954298,0.15211669,0.8975690007209778,0.438154935836792,49.70906448364258,0.20102612674236298,0.07310765981674194,0.4483593702316284
326,0.7196304798126221,1e-04,0.15067892,155.76604,0.023087593,0.013927155,0.15194602,0.8962999582290649,0.4382202923297882,49.716888427734375,0.20108026266098022,0.07313071936368942,0.4484197497367859
327,0.7182555198669434,1e-04,0.15050606,155.63002,0.023035813,0.013900054,0.15177554,0.8950318694114685,0.4382840096950531,49.724517822265625,0.20113293826580048,0.07315316051244736,0.44847846031188965
328,0.7168830037117004,1e-04,0.15033337,155.49413,0.022984141,0.013872998,0.15160522,0.8937645554542542,0.4383459985256195,49.73195266723633,0.20118409395217896,0.07317496091127396,0.4485355019569397
329,0.7155130505561829,1e-04,0.15016082,155.35826,0.022932576,0.013845986,0.15143506,0.892498254776001,0.4384063482284546,49.73920822143555,0.20123378932476044,0.07319615036249161,0.4485909044742584
330,0.7141456604003906,1e-04,0.14998843,155.22249,0.022881124,0.013819017,0.15126508,0.8912327289581299,0.4384649991989136,49.74625778198242,0.20128194987773895,0.07321668416261673,0.44864457845687866
331,0.7127805352210999,1e-04,0.1498162,155.08667,0.02282978,0.013792088,0.15109527,0.8899680972099304,0.43852195143699646,49.753116607666016,0.2013285607099533,0.07323658466339111,0.4486965239048004
332,0.7114180326461792,1e-04,0.14964414,154.95094,0.02277854,0.013765206,0.1509256,0.8887043595314026,0.43857717514038086,49.7597770690918,0.2013736367225647,0.07325582951307297,0.4487467408180237
333,0.7100581526756287,1e-04,0.1494722,154.81529,0.02272741,0.013738363,0.15075612,0.8874413371086121,0.438630610704422,49.7662353515625,0.20141716301441193,0.07327441871166229,0.44879522919654846
334,0.7087005972862244,1e-04,0.14930044,154.67967,0.022676388,0.013711566,0.15058681,0.8861792683601379,0.43868234753608704,49.772491455078125,0.2014591246843338,0.07329234480857849,0.44884198904037476
335,0.7073456048965454,1e-04,0.14912881,154.5441,0.02262547,0.013684811,0.15041766,0.884917676448822,0.4387322962284088,49.7785530090332,0.20149952173233032,0.07330961525440216,0.4488869905471802
336,0.7059928774833679,1e-04,0.14895736,154.40862,0.022574661,0.013658101,0.15024866,0.8836571574211121,0.4387805461883545,49.7844123840332,0.2015383243560791,0.07332620769739151,0.44893020391464233
337,0.7046428322792053,1e-04,0.14878604,154.27315,0.02252396,0.013631429,0.15007985,0.8823973536491394,0.43882694840431213,49.79005813598633,0.20157553255558014,0.07334213703870773,0.44897162914276123
338,0.7032951712608337,1e-04,0.14861488,154.13773,0.022473363,0.013604802,0.14991118,0.881138265132904,0.4388715922832489,49.79550552368164,0.20161111652851105,0.07335738837718964,0.44901126623153687
339,0.7019500136375427,1e-04,0.14844386,154.00241,0.022422874,0.013578222,0.1497427,0.8798796534538269,0.43891438841819763,49.80073928833008,0.20164506137371063,0.07337193936109543,0.44904905557632446
340,0.7006071209907532,1e-04,0.14827304,153.86707,0.022372495,0.01355168,0.14957438,0.8786220550537109,0.4389553964138031,49.80576705932617,0.20167739689350128,0.0733858048915863,0.4490850567817688
341,0.6992668509483337,1e-04,0.14810236,153.73184,0.022322217,0.013525182,0.14940621,0.8773651719093323,0.43899452686309814,49.81058120727539,0.20170806348323822,0.07339897751808167,0.4491192102432251
342,0.6979291439056396,1e-04,0.14793181,153.59668,0.02227205,0.01349873,0.14923823,0.8761087656021118,0.43903180956840515,49.815181732177734,0.20173704624176025,0.07341144979000092,0.44915148615837097
343,0.6965937614440918,1e-04,0.14776142,153.4615,0.02222198,0.013472313,0.14907038,0.8748529553413391,0.4390672445297241,49.8195686340332,0.20176438987255096,0.07342321425676346,0.4491819143295288
344,0.6952605843544006,1e-04,0.1475912,153.32642,0.022172024,0.013445948,0.14890273,0.8735980987548828,0.43910083174705505,49.82374572753906,0.20179003477096558,0.0734342560172081,0.4492104649543762
345,0.6939302086830139,1e-04,0.14742112,153.1914,0.02212217,0.013419621,0.14873524,0.8723437190055847,0.4391324520111084,49.827701568603516,0.2018139809370041,0.07344459742307663,0.4492371082305908
346,0.6926020979881287,1e-04,0.1472512,153.05643,0.022072421,0.013393337,0.1485679,0.8710897564888,0.4391622245311737,49.83143997192383,0.2018362134695053,0.07345420122146606,0.4492618441581726
347,0.6912763714790344,1e-04,0.14708145,152.92154,0.022022782,0.0133671,0.14840075,0.869836688041687,0.4391900300979614,49.8349609375,0.20185667276382446,0.073463074862957,0.4492846131324768
348,0.6899532675743103,1e-04,0.14691184,152.78665,0.021973241,0.0133409,0.14823374,0.8685840368270874,0.43921592831611633,49.8382568359375,0.2018754482269287,0.07347122579813004,0.4493055045604706
349,0.6886324286460876,1e-04,0.14674236,152.65181,0.021923805,0.01331474,0.1480669,0.8673320412635803,0.43923988938331604,49.84132766723633,0.2018924206495285,0.07347863167524338,0.4493243992328644
350,0.6873140931129456,1e-04,0.14657308,152.51707,0.021874482,0.013288632,0.14790024,0.8660804629325867,0.4392618238925934,49.844173431396484,0.20190763473510742,0.07348528504371643,0.4493413269519806
351,0.6859980821609497,1e-04,0.14640392,152.38234,0.02182525,0.013262558,0.14773372,0.864829421043396,0.4392818510532379,49.8467903137207,0.20192106068134308,0.0734911859035492,0.4493562877178192
352,0.6846845149993896,1e-04,0.14623491,152.24767,0.021776129,0.013236529,0.14756738,0.8635790944099426,0.4392998516559601,49.84918212890625,0.20193272829055786,0.07349634170532227,0.44936925172805786
353,0.6833735108375549,1e-04,0.14606611,152.11307,0.021727111,0.0132105425,0.14740118,0.8623289465904236,0.4393158257007599,49.85133743286133,0.2019425481557846,0.07350070774555206,0.44938018918037415
354,0.6820645928382874,1e-04,0.14589742,151.97852,0.021678196,0.013184598,0.14723517,0.8610795736312866,0.4393298327922821,49.853271484375,0.20195059478282928,0.07350432872772217,0.44938912987709045
355,0.6807583570480347,1e-04,0.1457289,151.84402,0.021629388,0.013158699,0.14706933,0.8598304986953735,0.4393417537212372,49.85496139526367,0.20195674896240234,0.073507159948349,0.4493959844112396
356,0.6794544458389282,1e-04,0.14556052,151.70956,0.021580677,0.013132836,0.14690363,0.8585818409919739,0.4393516480922699,49.85641860961914,0.20196105539798737,0.07350921630859375,0.44940078258514404
357,0.678152859210968,1e-04,0.14539231,151.5752,0.021532075,0.013107022,0.14673811,0.8573335409164429,0.4393594563007355,49.85764694213867,0.20196354389190674,0.07351048290729523,0.4494035542011261
358,0.6768535375595093,1e-04,0.14522423,151.44084,0.021483568,0.013081244,0.14657274,0.8560857772827148,0.4393651485443115,49.85862731933594,0.2019640952348709,0.07351096719503403,0.44940415024757385
359,0.6755568981170654,1e-04,0.14505632,151.30656,0.021435166,0.013055511,0.14640753,0.8548383116722107,0.4393688142299652,49.859371185302734,0.20196281373500824,0.07351064682006836,0.44940271973609924
360,0.6742624044418335,1e-04,0.14488855,151.17236,0.021386871,0.013029824,0.14624251,0.8535913228988647,0.43937036395072937,49.859867095947266,0.20195959508419037,0.07350951433181763,0.4493991434574127
361,0.6729703545570374,1e-04,0.14472094,151.0382,0.021338673,0.0130041735,0.14607763,0.8523446321487427,0.4393697679042816,49.86012649536133,0.20195448398590088,0.07350758463144302,0.44939345121383667
362,0.6716806888580322,1e-04,0.1445535,150.90413,0.02129058,0.01297857,0.14591292,0.8510982394218445,0.4393669664859772,49.860137939453125,0.2019473910331726,0.07350483536720276,0.4493855834007263
363,0.6703934073448181,1e-04,0.14438619,150.7701,0.021242587,0.012953007,0.14574836,0.8498521447181702,0.4393620789051056,49.85989761352539,0.20193839073181152,0.07350126653909683,0.44937556982040405
364,0.6691084504127502,1e-04,0.14421906,150.63614,0.021194698,0.012927488,0.14558399,0.8486065864562988,0.4393550455570221,49.85941696166992,0.20192743837833405,0.07349687069654465,0.4493633806705475
365,0.6678260564804077,1e-04,0.14405207,150.5022,0.021146907,0.012902007,0.14541976,0.847361147403717,0.43934574723243713,49.85867691040039,0.20191450417041779,0.0734916403889656,0.44934898614883423
366,0.6665458083152771,1e-04,0.14388524,150.36838,0.02109922,0.012876572,0.1452557,0.8461158275604248,0.43933427333831787,49.85768508911133,0.20189954340457916,0.07348557561635971,0.4493323266506195
367,0.6652679443359375,1e-04,0.14371856,150.23453,0.021051629,0.012851179,0.14509179,0.8448708057403564,0.43932056427001953,49.8564453125,0.20188261568546295,0.07347866147756577,0.4493134915828705
368,0.6639923453330994,1e-04,0.14355204,150.10075,0.021004142,0.012825824,0.14492805,0.8436262011528015,0.4393046796321869,49.85494613647461,0.20186369121074677,0.07347089797258377,0.4492924213409424
369,0.6627192497253418,1e-04,0.14338563,149.96709,0.020956755,0.012800513,0.14476448,0.8423815965652466,0.4392864406108856,49.853179931640625,0.20184268057346344,0.07346225529909134,0.44926905632019043
370,0.6614483594894409,1e-04,0.14321943,149.83345,0.020909468,0.012775242,0.14460106,0.8411374092102051,0.4392659664154053,49.851165771484375,0.20181965827941895,0.07345277070999146,0.449243426322937
371,0.6601800322532654,1e-04,0.14305337,149.69984,0.020862281,0.0127500165,0.1444378,0.8398932218551636,0.43924322724342346,49.848876953125,0.2017945796251297,0.07344242185354233,0.44921550154685974
372,0.6589138507843018,1e-04,0.14288746,149.56633,0.020815196,0.012724832,0.14427473,0.8386490345001221,0.4392181932926178,49.84632873535156,0.20176738500595093,0.07343117892742157,0.44918525218963623
373,0.6576498746871948,1e-04,0.1427217,149.43288,0.02076821,0.012699687,0.1441118,0.8374053239822388,0.4391907751560211,49.8435173034668,0.2017381191253662,0.07341907173395157,0.4491526782512665
374,0.656388521194458,1e-04,0.14255609,149.29947,0.020721322,0.012674585,0.14394903,0.8361614942550659,0.4391610622406006,49.84043502807617,0.20170672237873077,0.07340606302022934,0.4491177201271057
375,0.6551293134689331,1e-04,0.14239065,149.16612,0.02067454,0.012649526,0.14378645,0.8349179029464722,0.4391290247440338,49.83708572387695,0.2016732543706894,0.07339216023683548,0.4490804672241211
376,0.6538724899291992,1e-04,0.14222535,149.03284,0.020627853,0.012624508,0.143624,0.8336742520332336,0.43909457325935364,49.83346176147461,0.2016376256942749,0.07337736338376999,0.4490407705307007
377,0.652617871761322,1e-04,0.1420602,148.89958,0.02058126,0.012599529,0.1434617,0.8324308395385742,0.43905773758888245,49.82957077026367,0.2015998363494873,0.07336165755987167,0.44899868965148926
378,0.6513657569885254,1e-04,0.14189522,148.76646,0.02053477,0.012574596,0.14329958,0.8311871886253357,0.439018577337265,49.82539749145508,0.20155994594097137,0.07334505021572113,0.4489542841911316
379,0.6501156687736511,1e-04,0.14173038,148.63335,0.020488378,0.012549705,0.14313762,0.8299438953399658,0.438976913690567,49.82094955444336,0.20151782035827637,0.07332751154899597,0.44890737533569336
380,0.648868203163147,1e-04,0.1415657,148.50034,0.020442083,0.012524852,0.1429758,0.8287004232406616,0.4389328062534332,49.816219329833984,0.20147347450256348,0.07330905646085739,0.44885796308517456
381,0.6476228833198547,1e-04,0.14140116,148.36739,0.020395888,0.012500041,0.14281417,0.8274570107460022,0.43888628482818604,49.81120681762695,0.20142698287963867,0.0732896625995636,0.44880616664886475
382,0.646379828453064,1e-04,0.1412368,148.23447,0.020349791,0.012475274,0.14265269,0.8262134790420532,0.4388372600078583,49.8059196472168,0.2013782262802124,0.07326934486627579,0.44875186681747437
383,0.6451390385627747,1e-04,0.14107256,148.10161,0.020303791,0.012450546,0.14249137,0.8249701261520386,0.43878576159477234,49.80033874511719,0.20132724940776825,0.07324806600809097,0.4486950635910034
384,0.6439007520675659,1e-04,0.1409085,147.96884,0.020257888,0.012425862,0.14233021,0.8237264752388,0.43873175978660583,49.79446792602539,0.20127399265766144,0.07322584837675095,0.44863569736480713
385,0.6426646113395691,1e-04,0.1407446,147.83609,0.020212088,0.0124012185,0.14216922,0.8224827647209167,0.4386751651763916,49.78831100463867,0.20121848583221436,0.07320267707109451,0.4485738277435303
386,0.641430675983429,1e-04,0.14058082,147.70345,0.02016638,0.0123766195,0.14200838,0.8212390542030334,0.4386161267757416,49.7818717956543,0.20116068422794342,0.07317853718996048,0.4485093951225281
387,0.6401991248130798,1e-04,0.14041722,147.5708,0.020120768,0.012352054,0.1418477,0.819995105266571,0.43855443596839905,49.77512741088867,0.20110060274600983,0.07315343618392944,0.4484424293041229
388,0.6389697790145874,1e-04,0.14025377,147.43825,0.020075252,0.012327532,0.14168717,0.8187510967254639,0.43849024176597595,49.76808547973633,0.2010381668806076,0.07312735915184021,0.44837281107902527
389,0.6377427577972412,1e-04,0.14009047,147.30576,0.02002984,0.01230305,0.14152682,0.8175070285797119,0.43842342495918274,49.76075744628906,0.20097345113754272,0.07310029119253159,0.44830062985420227
390,0.636518120765686,1e-04,0.13992731,147.17334,0.01998452,0.012278616,0.14136662,0.8162625432014465,0.43835392594337463,49.753116607666016,0.20090633630752563,0.07307224720716476,0.4482257664203644
391,0.6352955102920532,1e-04,0.13976432,147.04099,0.0199393,0.012254221,0.14120659,0.8150179386138916,0.4382818937301636,49.745182037353516,0.2008368968963623,0.07304321974515915,0.44814831018447876
392,0.6340751647949219,1e-04,0.1396015,146.90866,0.01989417,0.012229863,0.14104669,0.8137732744216919,0.43820714950561523,49.736942291259766,0.20076508820056915,0.07301317900419235,0.44806817173957825
393,0.6328573226928711,1e-04,0.1394388,146.77644,0.019849136,0.012205548,0.14088696,0.8125281929969788,0.4381297528743744,49.7283935546875,0.2006908655166626,0.07298213243484497,0.44798535108566284
394,0.6316415667533875,1e-04,0.13927625,146.64426,0.0198042,0.012181274,0.1407274,0.8112828731536865,0.43804970383644104,49.71954345703125,0.20061425864696503,0.072950080037117,0.44789981842041016
395,0.6304279565811157,1e-04,0.1391139,146.51218,0.019759366,0.012157045,0.14056802,0.8100374937057495,0.437966912984848,49.710384368896484,0.20053522288799286,0.07291701436042786,0.4478116035461426
396,0.6292169094085693,1e-04,0.13895166,146.38014,0.019714622,0.012132855,0.14040877,0.8087916374206543,0.43788138031959534,49.70090866088867,0.2004537135362625,0.07288292050361633,0.44772058725357056
397,0.6280078887939453,1e-04,0.13878956,146.24817,0.019669969,0.012108704,0.14024967,0.8075454235076904,0.437793105840683,49.69111251831055,0.20036977529525757,0.07284779846668243,0.44762682914733887
398,0.626801073551178,1e-04,0.13862765,146.11624,0.019625414,0.012084596,0.14009073,0.8062989711761475,0.43770208954811096,49.68101119995117,0.20028339326381683,0.07281163334846497,0.4475303292274475
399,0.6255965232849121,1e-04,0.13846588,145.98442,0.01958096,0.012060529,0.13993199,0.8050522208213806,0.4376083314418793,49.67058181762695,0.20019452273845673,0.07277444005012512,0.4474310278892517
400,0.6243942975997925,1e-04,0.13830426,145.85263,0.019536594,0.0120365005,0.13977337,0.8038049936294556,0.437511682510376,49.65983581542969,0.20010308921337128,0.07273618131875992,0.4473288357257843
401,0.6231942176818848,1e-04,0.13814281,145.72096,0.019492324,0.012012517,0.13961491,0.8025575280189514,0.4374122619628906,49.64876937866211,0.20000922679901123,0.07269688695669174,0.4472239017486572
402,0.6219964027404785,1e-04,0.13798149,145.58926,0.019448148,0.011988571,0.13945661,0.8013094663619995,0.43731001019477844,49.63737106323242,0.19991278648376465,0.07265651971101761,0.44711607694625854
403,0.6208007335662842,1e-04,0.13782032,145.45773,0.019404067,0.011964667,0.13929848,0.8000609874725342,0.43720486760139465,49.62565231323242,0.19981378316879272,0.07261508703231812,0.44700536131858826
404,0.6196072697639465,1e-04,0.13765933,145.32619,0.019360082,0.011940805,0.13914052,0.798812210559845,0.4370969235897064,49.61359786987305,0.19971226155757904,0.07257258147001266,0.44689178466796875
405,0.6184161305427551,1e-04,0.13749847,145.1947,0.019316185,0.011916978,0.13898268,0.797562837600708,0.43698596954345703,49.60121536254883,0.19960813224315643,0.07252899557352066,0.44677525758743286
406,0.6172271370887756,1e-04,0.13733777,145.06332,0.019272387,0.011893198,0.13882503,0.7963131666183472,0.4368721544742584,49.5885009765625,0.19950143992900848,0.0724843367934227,0.44665583968162537
407,0.6160404682159424,1e-04,0.13717724,144.93196,0.01922868,0.011869454,0.13866751,0.7950628399848938,0.4367554187774658,49.575439453125,0.19939212501049042,0.0724385678768158,0.4465334415435791
408,0.6148558259010315,1e-04,0.13701685,144.8007,0.01918507,0.011845753,0.13851018,0.7938120365142822,0.43663573265075684,49.56205368041992,0.19928020238876343,0.07239172607660294,0.44640812277793884
409,0.6136734485626221,1e-04,0.1368566,144.66953,0.019141551,0.011822092,0.13835299,0.7925608158111572,0.4365130662918091,49.54832077026367,0.19916559755802155,0.07234375178813934,0.44627973437309265
410,0.6124933362007141,1e-04,0.13669652,144.5384,0.019098122,0.011798473,0.13819595,0.7913088798522949,0.43638741970062256,49.534244537353516,0.19904839992523193,0.0722946897149086,0.4461483955383301
411,0.6113152503967285,1e-04,0.1365366,144.40732,0.01905479,0.011774896,0.13803908,0.7900564670562744,0.4362587630748749,49.51982498168945,0.19892849028110504,0.07224450260400772,0.44601401686668396
412,0.6101394891738892,1e-04,0.13637683,144.27637,0.019011553,0.011751356,0.1378824,0.7888033390045166,0.43612703680992126,49.50505447387695,0.19880591332912445,0.0721931979060173,0.4458765685558319
413,0.6089658737182617,1e-04,0.13621718,144.14542,0.0189684,0.011727855,0.13772582,0.7875497341156006,0.4359922409057617,49.48994064331055,0.19868062436580658,0.07214077562093735,0.4457360506057739
414,0.6077944040298462,1e-04,0.13605772,144.01459,0.018925348,0.011704402,0.13756943,0.786295473575592,0.435854434967041,49.47446823120117,0.19855262339115143,0.07208720594644547,0.4455924332141876
415,0.6066252589225769,1e-04,0.13589837,143.88383,0.018882379,0.011680984,0.13741317,0.785040557384491,0.435713529586792,49.458648681640625,0.198421910405159,0.07203250378370285,0.4454457461833954
416,0.60545814037323,1e-04,0.13573922,143.7531,0.01883951,0.011657609,0.1372571,0.7837849855422974,0.43556949496269226,49.44246292114258,0.1982884258031845,0.07197665423154831,0.44529590010643005
417,0.6042932271957397,1e-04,0.1355802,143.62244,0.01879673,0.011634271,0.13710117,0.7825285196304321,0.43542230129241943,49.42593002319336,0.19815219938755035,0.07191964983940125,0.4451428949832916
418,0.6031304001808167,1e-04,0.13542132,143.49184,0.018754039,0.011610971,0.13694538,0.7812715172767639,0.4352719485759735,49.409027099609375,0.19801318645477295,0.07186149805784225,0.4449867308139801
419,0.6019697785377502,1e-04,0.13526262,143.36134,0.018711444,0.011587718,0.13678978,0.7800138592720032,0.4351184666156769,49.39176559448242,0.1978713870048523,0.07180217653512955,0.4448273777961731
420,0.6008114218711853,1e-04,0.13510406,143.23087,0.018668938,0.011564502,0.13663432,0.7787553071975708,0.43496179580688477,49.374141693115234,0.1977268010377884,0.07174170762300491,0.4446648061275482
421,0.599655032157898,1e-04,0.13494566,143.1005,0.018626526,0.0115413265,0.13647904,0.7774960994720459,0.4348019063472748,49.35614013671875,0.19757936894893646,0.07168004661798477,0.44449901580810547
422,0.5985009074211121,1e-04,0.13478741,142.97018,0.018584203,0.011518191,0.13632388,0.7762360572814941,0.43463873863220215,49.3377799987793,0.1974291056394577,0.07161720842123032,0.4443299472332001
423,0.5973489284515381,1e-04,0.1346293,142.83997,0.018541967,0.011495097,0.1361689,0.7749754190444946,0.4344724118709564,49.319034576416016,0.19727599620819092,0.07155318558216095,0.4441576302051544
424,0.5961992144584656,1e-04,0.13447137,142.7098,0.018499827,0.011472039,0.13601407,0.7737137675285339,0.4343027174472809,49.299922943115234,0.19712001085281372,0.07148797810077667,0.44398200511932373
425,0.5950514674186707,1e-04,0.13431357,142.57968,0.018457774,0.011449024,0.13585939,0.7724512815475464,0.4341298043727875,49.28042984008789,0.1969611644744873,0.07142157107591629,0.443803071975708
426,0.5939059257507324,1e-04,0.13415594,142.44966,0.018415814,0.011426049,0.13570487,0.7711880803108215,0.4339534342288971,49.260555267333984,0.1967993825674057,0.07135394215583801,0.4436207711696625
427,0.5927625894546509,1e-04,0.13399844,142.31972,0.018373942,0.011403115,0.13555051,0.7699238657951355,0.4337739050388336,49.24030685424805,0.19663472473621368,0.07128513604402542,0.4434351325035095
428,0.5916213393211365,1e-04,0.13384111,142.1898,0.018332163,0.011380218,0.13539632,0.7686588168144226,0.4335908889770508,49.219669342041016,0.19646711647510529,0.07121510058641434,0.44324612617492676
429,0.5904821753501892,1e-04,0.1336839,142.05998,0.018290471,0.011357362,0.13524227,0.7673927545547485,0.4334045946598053,49.19865036010742,0.19629661738872528,0.07114385813474655,0.4430537521839142
430,0.5893450379371643,1e-04,0.13352688,141.93022,0.01824887,0.011334546,0.13508837,0.7661259174346924,0.4332149028778076,49.1772346496582,0.1961231231689453,0.07107139378786087,0.44285789132118225
431,0.5882101655006409,1e-04,0.13337001,141.80057,0.018207358,0.011311771,0.13493465,0.7648581862449646,0.43302175402641296,49.15543746948242,0.19594667851924896,0.0709976926445961,0.4426586329936981
432,0.5870774388313293,1e-04,0.13321328,141.67099,0.018165935,0.011289036,0.13478106,0.7635894417762756,0.43282511830329895,49.133235931396484,0.19576723873615265,0.07092276215553284,0.442455917596817
433,0.585946798324585,1e-04,0.13305672,141.54149,0.018124605,0.011266343,0.13462766,0.7623196840286255,0.43262508511543274,49.11063766479492,0.19558477401733398,0.07084659487009048,0.44224968552589417
434,0.5848182439804077,1e-04,0.13290025,141.41197,0.018083353,0.011243681,0.13447435,0.7610488533973694,0.43242159485816956,49.087650299072266,0.19539935886859894,0.07076918333768845,0.44203999638557434
435,0.5836917161941528,1e-04,0.132744,141.28261,0.018042203,0.011221067,0.13432127,0.7597771286964417,0.43221452832221985,49.06425857543945,0.19521085917949677,0.07069051265716553,0.441826730966568
436,0.5825673937797546,1e-04,0.1325879,141.15327,0.018001134,0.01119849,0.1341683,0.7585043907165527,0.43200400471687317,49.04046630859375,0.1950194090604782,0.07061061263084412,0.4416100084781647
437,0.5814450979232788,1e-04,0.13243192,141.02402,0.017960157,0.011175951,0.13401552,0.7572305202484131,0.43178990483283997,49.016265869140625,0.19482481479644775,0.07052942365407944,0.44138965010643005
438,0.5803249478340149,1e-04,0.13227612,140.89487,0.017919267,0.011153455,0.13386287,0.7559555172920227,0.431572288274765,48.99165725708008,0.19462718069553375,0.07044699043035507,0.4411657154560089
439,0.5792068243026733,1e-04,0.13212046,140.7658,0.017878463,0.011130998,0.13371037,0.7546795606613159,0.43135106563568115,48.966644287109375,0.194426491856575,0.07036328315734863,0.44093820452690125
440,0.5780907869338989,1e-04,0.13196495,140.63675,0.01783775,0.011108579,0.13355803,0.7534024715423584,0.4311262369155884,48.94121170043945,0.19422267377376556,0.07027830928564072,0.4407070279121399
441,0.5769768953323364,1e-04,0.13180962,140.50778,0.017797126,0.0110862,0.13340586,0.7521243095397949,0.4308978021144867,48.91536331176758,0.1940157413482666,0.07019204646348953,0.44047218561172485
442,0.5758652091026306,1e-04,0.13165441,140.37889,0.017756589,0.011063861,0.13325386,0.7508450746536255,0.4306657016277313,48.889102935791016,0.1938057392835617,0.07010451704263687,0.4402337372303009
443,0.5747554898262024,1e-04,0.13149936,140.2501,0.017716138,0.011041559,0.13310198,0.7495646476745605,0.43042993545532227,48.862422943115234,0.1935925930738449,0.07001569867134094,0.4399915933609009
444,0.5736478567123413,1e-04,0.13134447,140.12135,0.017675772,0.011019296,0.13295026,0.7482830286026001,0.43019047379493713,48.8353157043457,0.19337628781795502,0.06992558389902115,0.43974569439888
445,0.5725422501564026,1e-04,0.13118973,139.99272,0.0176355,0.01099708,0.13279872,0.7470002174377441,0.4299473464488983,48.80778884887695,0.19315679371356964,0.06983417272567749,0.43949607014656067
446,0.5714386701583862,1e-04,0.13103513,139.86414,0.017595312,0.010974896,0.13264732,0.7457154989242554,0.429700642824173,48.77985763549805,0.1929343193769455,0.06974152475595474,0.4392428994178772
447,0.5703363418579102,1e-04,0.13088058,139.73549,0.017555177,0.010952734,0.13249595,0.7444302439689636,0.42945003509521484,48.7514762878418,0.19270849227905273,0.06964752078056335,0.43898576498031616
448,0.5692369341850281,1e-04,0.1307263,139.60704,0.01751516,0.010930629,0.13234486,0.7431439161300659,0.4291956424713135,48.72265625,0.1924794763326645,0.06955219060182571,0.4387248158454895
449,0.5681396722793579,1e-04,0.13057214,139.47871,0.017475232,0.0109085655,0.13219392,0.7418560981750488,0.4289374351501465,48.69340515136719,0.19224722683429718,0.06945554912090302,0.4384600520133972
450,0.5670442581176758,1e-04,0.13041817,139.35039,0.01743539,0.01088654,0.13204314,0.740567147731781,0.42867550253868103,48.663726806640625,0.1920117884874344,0.06935761123895645,0.4381915032863617
451,0.5659509897232056,1e-04,0.13026436,139.22217,0.017395638,0.010864553,0.13189252,0.7392771244049072,0.4284096658229828,48.63360595703125,0.19177310168743134,0.06925833970308304,0.4379190504550934
452,0.5648599863052368,1e-04,0.13011068,139.09402,0.01735597,0.010842607,0.13174206,0.7379856109619141,0.42813995480537415,48.6030387878418,0.19153112173080444,0.06915773451328278,0.4376426935195923
453,0.5637708902359009,1e-04,0.12995715,138.96596,0.017316386,0.010820697,0.13159174,0.7366929054260254,0.42786645889282227,48.5720329284668,0.19128596782684326,0.06905582547187805,0.43736252188682556
454,0.5626838207244873,1e-04,0.12980378,138.83797,0.017276889,0.010798829,0.13144158,0.7353980541229248,0.42758917808532715,48.54059982299805,0.19103765487670898,0.06895264238119125,0.4370785355567932
455,0.5615978240966797,1e-04,0.12965044,138.70996,0.017237447,0.010776983,0.13129146,0.7341025471687317,0.4273078441619873,48.508697509765625,0.19078589975833893,0.06884805113077164,0.43679046630859375
456,0.5605147480964661,1e-04,0.12949736,138.58212,0.01719812,0.01075519,0.1311416,0.7328057885169983,0.4270226061344147,48.47635269165039,0.1905308961868286,0.06874214857816696,0.4364984631538391
457,0.5594337582588196,1e-04,0.12934448,138.45438,0.017158883,0.0107334405,0.13099192,0.7315077185630798,0.4267333447933197,48.443546295166016,0.19027255475521088,0.06863487511873245,0.43620243668556213
458,0.558354914188385,1e-04,0.12919173,138.32669,0.01711973,0.010711729,0.13084239,0.730208158493042,0.42644014954566956,48.41029739379883,0.1900109052658081,0.06852627545595169,0.4359024167060852
459,0.5572778582572937,1e-04,0.1290391,138.19908,0.017080659,0.010690053,0.13069299,0.7289072871208191,0.42614302039146423,48.3765869140625,0.1897459477186203,0.06841632723808289,0.43559837341308594
460,0.5562030076980591,1e-04,0.12888667,138.07158,0.017041678,0.01066842,0.13054378,0.727604866027832,0.4258418083190918,48.3424072265625,0.18947762250900269,0.06830502301454544,0.43529027700424194
461,0.5551300644874573,1e-04,0.12873437,137.94414,0.01700278,0.010646825,0.13039471,0.7263013124465942,0.4255366027355194,48.30778121948242,0.18920598924160004,0.06819237023591995,0.4349781572818756
462,0.5540592670440674,1e-04,0.12858221,137.81679,0.016963964,0.010625267,0.13024579,0.724995493888855,0.42522749304771423,48.2726936340332,0.18893110752105713,0.0680784210562706,0.4346620738506317
463,0.5529896020889282,1e-04,0.12843008,137.68936,0.016925203,0.010603729,0.1300969,0.7236888408660889,0.42491409182548523,48.23713684082031,0.18865275382995605,0.06796304881572723,0.43434175848960876
464,0.551922619342804,1e-04,0.12827824,137.56213,0.016886557,0.010582248,0.12994829,0.7223808169364929,0.4245966374874115,48.20109939575195,0.18837101757526398,0.06784632056951523,0.4340173006057739
465,0.5508578419685364,1e-04,0.12812658,137.43504,0.016848,0.010560811,0.12979984,0.7210713028907776,0.42427513003349304,48.16460037231445,0.1880858987569809,0.06772824376821518,0.4336887001991272
466,0.5497949719429016,1e-04,0.12797506,137.30795,0.016809527,0.010539408,0.12965156,0.7197602987289429,0.4239494502544403,48.12762451171875,0.18779738247394562,0.0676087811589241,0.4333559572696686
467,0.5487340688705444,1e-04,0.12782367,137.18098,0.016771132,0.010518044,0.1295034,0.7184479832649231,0.4236195981502533,48.09017562866211,0.18750546872615814,0.06748795509338379,0.4330190122127533
468,0.5476753115653992,1e-04,0.12767243,137.05408,0.016732823,0.010496719,0.12935542,0.7171339392662048,0.423285573720932,48.05224609375,0.18721014261245728,0.06736575812101364,0.43267786502838135
469,0.5466184020042419,1e-04,0.12752137,136.92725,0.016694598,0.010475432,0.12920758,0.7158185839653015,0.42294740676879883,48.01384353637695,0.1869114190340042,0.06724221259355545,0.4323325455188751
470,0.5455636382102966,1e-04,0.12737043,136.80052,0.016656457,0.010454185,0.1290599,0.7145015597343445,0.4226049482822418,47.97495651245117,0.18660925328731537,0.06711727380752563,0.43198293447494507
471,0.5445107221603394,1e-04,0.12721968,136.67386,0.016618403,0.010432975,0.12891239,0.7131831049919128,0.4222583770751953,47.93558883666992,0.18630369007587433,0.06699097156524658,0.43162912130355835
472,0.5434598922729492,1e-04,0.12706906,136.54726,0.016580427,0.010411804,0.128765,0.7118630409240723,0.421907514333725,47.89572525024414,0.18599463999271393,0.0668632909655571,0.431270956993103
473,0.5424109101295471,1e-04,0.1269186,136.42075,0.016542537,0.010390672,0.1286178,0.7105414867401123,0.4215523302555084,47.855377197265625,0.18568216264247894,0.06673421710729599,0.43090853095054626
474,0.5413640141487122,1e-04,0.12676829,136.29433,0.016504731,0.010369577,0.12847073,0.7092182040214539,0.4211929738521576,47.814544677734375,0.18536625802516937,0.06660377979278564,0.4305418133735657
475,0.5403189063072205,1e-04,0.12661813,136.16801,0.016467007,0.010348523,0.12832384,0.7078935503959656,0.4208292067050934,47.77321243286133,0.18504686653614044,0.06647196412086487,0.4301707446575165
476,0.5392760038375854,1e-04,0.12646814,136.04172,0.016429363,0.010327503,0.12817708,0.7065671682357788,0.4204612672328949,47.73139953613281,0.18472404778003693,0.06633877754211426,0.42979535460472107
477,0.5382348895072937,1e-04,0.12631826,135.91556,0.016391803,0.010306525,0.12803048,0.7052392959594727,0.42008885741233826,47.6890754699707,0.18439769744873047,0.06620419025421143,0.4294155240058899
478,0.5371959209442139,1e-04,0.1261686,135.78946,0.016354332,0.010285587,0.12788406,0.7039097547531128,0.419712096452713,47.64626693725586,0.18406789004802704,0.06606823205947876,0.4290313422679901
479,0.5361588001251221,1e-04,0.12601905,135.66342,0.016316935,0.010264684,0.12773776,0.7025786638259888,0.41933098435401917,47.60294723510742,0.18373461067676544,0.06593089550733566,0.42864274978637695
480,0.5351237058639526,1e-04,0.12586966,135.53746,0.016279625,0.010243819,0.12759164,0.701245903968811,0.4189455211162567,47.55912780761719,0.18339784443378448,0.06579217314720154,0.4282497465610504
481,0.534090518951416,1e-04,0.12572043,135.41164,0.016242398,0.010222995,0.12744567,0.6999115943908691,0.4185556471347809,47.51480484008789,0.18305760622024536,0.06565206497907639,0.4278523325920105
482,0.5330592393875122,1e-04,0.12557134,135.28581,0.016205244,0.010202205,0.12729982,0.6985753774642944,0.4181612730026245,47.469970703125,0.1827138066291809,0.06551056355237961,0.42745035886764526
483,0.5320298075675964,1e-04,0.12542243,135.16017,0.016168185,0.010181458,0.12715417,0.6972377896308899,0.41776251792907715,47.42463302612305,0.1823665350675583,0.06536770612001419,0.42704394459724426
484,0.5310024619102478,1e-04,0.12527366,135.03453,0.016131198,0.010160746,0.12700865,0.6958985328674316,0.417359322309494,47.3787841796875,0.1820157915353775,0.06522346287965775,0.4266330897808075
485,0.529977023601532,1e-04,0.12512502,134.909,0.016094293,0.010140072,0.12686329,0.6945576667785645,0.41695162653923035,47.332427978515625,0.18166153132915497,0.06507782638072968,0.4262177050113678
486,0.5289536118507385,1e-04,0.12497657,134.78354,0.016057475,0.010119436,0.12671809,0.6932150721549988,0.41653934121131897,47.28554916381836,0.1813037246465683,0.06493081152439117,0.4257977604866028
487,0.5279320478439331,1e-04,0.12482824,134.65817,0.016020734,0.010098837,0.12657304,0.6918708086013794,0.4161226749420166,47.2381591796875,0.18094241619110107,0.06478241086006165,0.42537325620651245
488,0.5269124507904053,1e-04,0.124680094,134.53293,0.015984079,0.010078281,0.12642816,0.6905247569084167,0.41570138931274414,47.19024658203125,0.1805775910615921,0.06463263183832169,0.4249442219734192
489,0.5258947014808655,1e-04,0.12453207,134.40773,0.0159475,0.010057758,0.1262834,0.6891772150993347,0.4152756631374359,47.141815185546875,0.18020927906036377,0.06448149681091309,0.4245106279850006
490,0.524878978729248,1e-04,0.12438422,134.28258,0.015911,0.010037273,0.1261388,0.687828004360199,0.4148453176021576,47.092864990234375,0.1798374205827713,0.06432896852493286,0.42407241463661194
491,0.5238651633262634,1e-04,0.12423652,134.15756,0.015874585,0.010016827,0.12599438,0.68647700548172,0.41441044211387634,47.04339599609375,0.17946206033229828,0.0641750693321228,0.42362961173057556
492,0.5228531956672668,1e-04,0.12408898,134.03262,0.015838252,0.009996422,0.12585013,0.6851242184638977,0.413970947265625,46.9933967590332,0.17908316850662231,0.06401980668306351,0.4231821894645691
493,0.5218430161476135,1e-04,0.123941585,133.90775,0.015801998,0.009976051,0.125706,0.683769941329956,0.4135267734527588,46.942867279052734,0.17870073020458221,0.06386315077543259,0.42273008823394775
494,0.5208350419998169,1e-04,0.12379434,133.78297,0.015765822,0.009955717,0.12556203,0.6824138760566711,0.41307806968688965,46.89181137084961,0.17831480503082275,0.06370513886213303,0.4222733676433563
495,0.5198287963867188,1e-04,0.12364727,133.65828,0.015729731,0.009935424,0.12541823,0.6810560822486877,0.41262468695640564,46.84022521972656,0.17792530357837677,0.06354576349258423,0.42181193828582764
496,0.5188245177268982,1e-04,0.12350033,133.53365,0.015693715,0.009915166,0.12527455,0.6796966791152954,0.4121667146682739,46.78811264038086,0.177532359957695,0.0633850172162056,0.42134588956832886
497,0.5178220868110657,1e-04,0.12335356,133.40915,0.015657783,0.0098949475,0.12513106,0.6783355474472046,0.41170403361320496,46.73545837402344,0.17713582515716553,0.06322290748357773,0.42087507247924805
498,0.5168216228485107,1e-04,0.12320695,133.28471,0.01562193,0.009874764,0.12498772,0.6769726872444153,0.4112366735935211,46.68227767944336,0.17673583328723907,0.06305945664644241,0.42039960622787476
499,0.5158230066299438,1e-04,0.12306048,133.16035,0.015586154,0.009854621,0.12484452,0.6756080985069275,0.4107646644115448,46.62855529785156,0.1763322800397873,0.06289463490247726,0.41991937160491943
500,0.514826238155365,1e-04,0.12291416,133.03606,0.015550458,0.009834514,0.12470148,0.674241840839386,0.4102879464626312,46.57429504394531,0.17592525482177734,0.06272847205400467,0.41943445801734924
501,0.513831377029419,1e-04,0.122768,132.9119,0.015514843,0.009814447,0.12455859,0.6728737354278564,0.409806489944458,46.51949691772461,0.17551468312740326,0.06256094574928284,0.41894471645355225
502,0.5128384232521057,1e-04,0.122622006,132.7878,0.015479309,0.009794414,0.12441587,0.6715040802955627,0.40932026505470276,46.46415328979492,0.17510060966014862,0.06239207088947296,0.4184502363204956
503,0.5118473172187805,1e-04,0.12247615,132.6638,0.015443854,0.009774421,0.1242733,0.6701327562332153,0.4088294506072998,46.40827560424805,0.17468304932117462,0.06222187355160713,0.4179510176181793
504,0.5108582377433777,1e-04,0.12233045,132.53984,0.015408474,0.009754466,0.124130875,0.6687595844268799,0.4083336889743805,46.35184097290039,0.1742619425058365,0.062050316482782364,0.41744694113731384
505,0.5098708868026733,1e-04,0.12218491,132.41599,0.015373175,0.009734543,0.123988606,0.667384922504425,0.4078333079814911,46.29487228393555,0.17383737862110138,0.06187744438648224,0.41693809628486633
506,0.5088855028152466,1e-04,0.122039534,132.29225,0.015337957,0.009714663,0.12384651,0.6660084128379822,0.4073280394077301,46.23735046386719,0.1734093278646469,0.06170323118567467,0.4164244532585144
507,0.5079018473625183,1e-04,0.12189429,132.16858,0.015302815,0.009694819,0.123704545,0.6646302342414856,0.406818151473999,46.179290771484375,0.17297780513763428,0.06152770295739174,0.41590601205825806
508,0.5069201588630676,1e-04,0.121749215,132.04504,0.015267752,0.009675013,0.123562746,0.6632503271102905,0.4063032865524292,46.120670318603516,0.1725427657365799,0.061350852251052856,0.4153826832771301
509,0.505940318107605,1e-04,0.121604286,131.92154,0.015232769,0.009655243,0.1234211,0.6618689298629761,0.4057837426662445,46.06150436401367,0.17210428416728973,0.06117268279194832,0.4148545265197754
510,0.5049624443054199,1e-04,0.12145952,131.79814,0.015197861,0.009635511,0.1232796,0.6604856848716736,0.405259370803833,46.00179672241211,0.171662375330925,0.060993220657110214,0.41432157158851624
511,0.5039862990379333,1e-04,0.12131492,131.67484,0.015163036,0.009615817,0.12313828,0.6591007113456726,0.40473008155822754,45.941524505615234,0.1712169200181961,0.060812439769506454,0.4137836694717407
512,0.5030121207237244,1e-04,0.121170454,131.55162,0.015128285,0.009596159,0.12299709,0.6577140688896179,0.40419599413871765,45.88070297241211,0.17076808214187622,0.06063036248087883,0.4132409393787384
513,0.5020395517349243,1e-04,0.12102612,131.42848,0.015093612,0.009576538,0.12285606,0.6563258767127991,0.40365710854530334,45.8193244934082,0.17031580209732056,0.06044699251651764,0.4126933515071869
514,0.5010691285133362,1e-04,0.120882,131.30545,0.015059022,0.009556956,0.122715205,0.654935896396637,0.4031132757663727,45.75739669799805,0.1698600798845291,0.06026233732700348,0.4121408462524414
515,0.500100314617157,1e-04,0.12073799,131.18248,0.015024504,0.009537407,0.122574486,0.6535443067550659,0.40256467461586,45.69490432739258,0.16940093040466309,0.06007641553878784,0.41158345341682434
516,0.499133437871933,1e-04,0.12059418,131.05962,0.01499007,0.009517902,0.12243394,0.6521510481834412,0.4020111858844757,45.63186264038086,0.16893839836120605,0.059889208525419235,0.4110211730003357
517,0.498168408870697,1e-04,0.12045048,130.93681,0.014955706,0.009498427,0.122293524,0.6507561206817627,0.40145280957221985,45.56825637817383,0.16847240924835205,0.059700727462768555,0.4104539155960083
518,0.4972051978111267,1e-04,0.12030695,130.8141,0.01492142,0.009478991,0.12215327,0.6493596434593201,0.4008895456790924,45.50410079956055,0.16800306737422943,0.059510987251996994,0.4098817706108093
519,0.49624383449554443,1e-04,0.120163575,130.69151,0.014887216,0.0094595915,0.12201318,0.6479615569114685,0.4003213942050934,45.43937683105469,0.167530357837677,0.05932001397013664,0.40930473804473877
520,0.4952842891216278,1e-04,0.12002037,130.56902,0.014853087,0.009440233,0.121873245,0.646561861038208,0.39974841475486755,45.37409591674805,0.16705429553985596,0.05912778899073601,0.40872275829315186
521,0.4943265914916992,1e-04,0.1198773,130.44661,0.014819035,0.009420908,0.12173346,0.6451603770256042,0.3991703987121582,45.30824661254883,0.16657480597496033,0.058934301137924194,0.4081357717514038
522,0.4933706521987915,1e-04,0.11973439,130.32425,0.01478506,0.00940162,0.12159383,0.6437575817108154,0.39858758449554443,45.241851806640625,0.16609208285808563,0.05873963609337807,0.40754395723342896
523,0.4924166202545166,1e-04,0.119591646,130.202,0.01475116,0.009382368,0.12145435,0.6423530578613281,0.3979997932910919,45.17488479614258,0.16560597717761993,0.05854371190071106,0.40694713592529297
524,0.49146437644958496,1e-04,0.11944903,130.07982,0.014717332,0.009363151,0.12131501,0.6409468054771423,0.3974071443080902,45.107357025146484,0.1651165634393692,0.05834658816456795,0.4063453674316406
525,0.4905138909816742,1e-04,0.1193066,129.9578,0.01468359,0.009343977,0.12117586,0.6395393013954163,0.39680957794189453,45.03926467895508,0.16462388634681702,0.05814826861023903,0.4057386815547943
526,0.48956531286239624,1e-04,0.11916431,129.83583,0.014649922,0.009324837,0.121036865,0.6381300687789917,0.3962070643901825,44.970611572265625,0.1641278862953186,0.05794873833656311,0.40512698888778687
527,0.4886184632778168,1e-04,0.119022176,129.71396,0.014616327,0.009305732,0.120898,0.6367193460464478,0.3955996334552765,44.901397705078125,0.16362866759300232,0.057748034596443176,0.40451040863990784
528,0.48767346143722534,1e-04,0.118880205,129.59215,0.014582808,0.009286665,0.1207593,0.6353071331977844,0.3949873447418213,44.83161544799805,0.16312620043754578,0.05754615738987923,0.40388885140419006
529,0.48673027753829956,1e-04,0.11873839,129.47044,0.014549367,0.009267635,0.12062076,0.6338932514190674,0.3943699896335602,44.76127243041992,0.16262046992778778,0.057343095541000366,0.40326228737831116
530,0.48578882217407227,1e-04,0.118596725,129.3489,0.014516006,0.009248644,0.12048239,0.6324781179428101,0.39374780654907227,44.690364837646484,0.1621115505695343,0.057138893753290176,0.4026307761669159
531,0.4848492443561554,1e-04,0.11845522,129.2274,0.014482714,0.009229687,0.12034415,0.631061315536499,0.3931206166744232,44.6188850402832,0.16159941256046295,0.056933533400297165,0.4019942879676819
532,0.483911395072937,1e-04,0.11831386,129.10599,0.0144495005,0.009210765,0.12020607,0.6296431422233582,0.39248859882354736,44.54685592651367,0.1610841304063797,0.05672704055905342,0.4013528823852539
533,0.4829753637313843,1e-04,0.11817265,128.98465,0.01441636,0.009191881,0.12006815,0.6282234191894531,0.3918515741825104,44.4742546081543,0.16056567430496216,0.05651942268013954,0.4007064700126648
534,0.48204106092453003,1e-04,0.118031606,128.86343,0.0143832965,0.009173036,0.11993038,0.6268024444580078,0.39120960235595703,44.40108108520508,0.16004407405853271,0.05631067976355553,0.40005508065223694
535,0.4811086654663086,1e-04,0.11789072,128.74231,0.014350309,0.009154225,0.119792774,0.6253799200057983,0.3905627727508545,44.32735061645508,0.15951937437057495,0.05610084533691406,0.3993987739086151
536,0.4801779091358185,1e-04,0.11774999,128.62125,0.014317394,0.009135448,0.11965531,0.6239560842514038,0.3899109363555908,44.253047943115234,0.15899156033992767,0.05588988959789276,0.39873746037483215
537,0.47924908995628357,1e-04,0.11760942,128.50026,0.014284556,0.009116709,0.11951801,0.6225306987762451,0.3892541825771332,44.178192138671875,0.15846066176891327,0.0556778609752655,0.39807116985321045
538,0.4783218502998352,1e-04,0.11746901,128.37943,0.0142517965,0.009098009,0.11938089,0.6211041808128357,0.38859257102012634,44.10276794433594,0.1579267531633377,0.05546477437019348,0.39739999175071716
539,0.47739654779434204,1e-04,0.117328756,128.25868,0.014219105,0.009079344,0.11924389,0.6196762323379517,0.38792601227760315,44.02678298950195,0.157389834523201,0.0552506297826767,0.3967238664627075
540,0.476472944021225,1e-04,0.11718865,128.13802,0.014186493,0.009060716,0.11910707,0.6182470321655273,0.3872545659542084,43.95023727416992,0.15684987604618073,0.05503542348742485,0.39604276418685913
541,0.47555112838745117,1e-04,0.11704872,128.01743,0.014153955,0.009042122,0.118970394,0.616816520690918,0.38657811284065247,43.87311935424805,0.1563069224357605,0.05481918156147003,0.3953567147254944
542,0.47463107109069824,1e-04,0.11690893,127.896965,0.014121493,0.009023567,0.11883389,0.6153846383094788,0.38589680194854736,43.795440673828125,0.1557610183954239,0.054601918905973434,0.3946657180786133
543,0.4737127125263214,1e-04,0.1167693,127.77656,0.0140891,0.009005046,0.11869752,0.6139516234397888,0.3852106034755707,43.71721267700195,0.15521220862865448,0.05438363924622536,0.3939698040485382
544,0.47279617190361023,1e-04,0.1166298,127.65625,0.014056782,0.008986561,0.118561305,0.6125173568725586,0.3845195770263672,43.638423919677734,0.15466053783893585,0.054164398461580276,0.39326903223991394
545,0.4718814194202423,1e-04,0.11649048,127.53609,0.014024539,0.008968113,0.11842524,0.6110819578170776,0.3838236331939697,43.5590705871582,0.15410594642162323,0.05394415184855461,0.3925633132457733
546,0.4709683656692505,1e-04,0.116351314,127.41598,0.013992371,0.008949699,0.11828935,0.6096453666687012,0.3831227719783783,43.479156494140625,0.1535484939813614,0.053722918033599854,0.39185264706611633
547,0.47005710005760193,1e-04,0.11621231,127.29594,0.013960274,0.008931323,0.1181536,0.6082075238227844,0.38241705298423767,43.3986930847168,0.1529882550239563,0.05350074544548988,0.39113712310791016
548,0.46914756298065186,1e-04,0.116073444,127.17604,0.013928252,0.008912983,0.118018016,0.6067686080932617,0.38170647621154785,43.317657470703125,0.15242518484592438,0.053277622908353806,0.39041668176651
549,0.4682396948337555,1e-04,0.115934774,127.05624,0.013896308,0.00889468,0.1178826,0.6053286194801331,0.38099101185798645,43.236080169677734,0.1518593579530716,0.05305356904864311,0.3896913528442383
550,0.4673336446285248,1e-04,0.11579623,126.93653,0.013864433,0.008876412,0.11774733,0.6038876175880432,0.38027074933052063,43.1539421081543,0.15129083395004272,0.052828598767519,0.38896122574806213
551,0.46642938256263733,1e-04,0.11565786,126.81694,0.013832635,0.008858182,0.11761222,0.6024453639984131,0.379545658826828,43.071258544921875,0.1507195681333542,0.05260273814201355,0.388226181268692
552,0.46552667021751404,1e-04,0.11551963,126.69744,0.013800907,0.008839989,0.11747726,0.6010022759437561,0.37881574034690857,42.98801040649414,0.15014563500881195,0.052375975996255875,0.3874863088130951
553,0.46462586522102356,1e-04,0.11538155,126.578,0.013769252,0.008821827,0.11734246,0.5995581746101379,0.3780810832977295,42.90422439575195,0.1495690941810608,0.05214836075901985,0.38674163818359375
554,0.4637266993522644,1e-04,0.11524366,126.4587,0.013737671,0.008803704,0.11720781,0.5981130003929138,0.3773415982723236,42.81988525390625,0.14898993074893951,0.05191988870501518,0.3859921395778656
555,0.46282923221588135,1e-04,0.11510591,126.3395,0.013706165,0.0087856185,0.117073335,0.5966669917106628,0.37659725546836853,42.7349967956543,0.14840815961360931,0.05169055983424187,0.38523778319358826
556,0.46193361282348633,1e-04,0.11496831,126.22035,0.0136747295,0.008767563,0.116939,0.5952200889587402,0.3758481442928314,42.64956283569336,0.14782384037971497,0.05146041139960289,0.3844786584377289
557,0.4610396921634674,1e-04,0.114830874,126.10132,0.013643366,0.008749547,0.11680482,0.5937723517417908,0.37509429454803467,42.56357955932617,0.14723700284957886,0.05122944712638855,0.3837147355079651
558,0.4601473808288574,1e-04,0.11469358,125.982346,0.013612072,0.0087315645,0.11667079,0.5923236608505249,0.37433576583862305,42.4770622253418,0.14664773643016815,0.05099770426750183,0.3829461336135864
559,0.4592567980289459,1e-04,0.114556484,125.863525,0.013580859,0.00871362,0.116536945,0.590874195098877,0.3735724687576294,42.389991760253906,0.14605595171451569,0.050765156745910645,0.38217267394065857
560,0.4583679139614105,1e-04,0.11441951,125.744804,0.013549711,0.00869571,0.11640322,0.5894240140914917,0.3728044927120209,42.30239486694336,0.14546184241771698,0.05053187906742096,0.3813945949077606
561,0.45748084783554077,1e-04,0.11428271,125.62616,0.013518638,0.008677837,0.11626968,0.5879730582237244,0.3720318078994751,42.21425247192383,0.14486528933048248,0.05029783025383949,0.38061171770095825
562,0.45659539103507996,1e-04,0.114146054,125.50761,0.013487636,0.008659998,0.11613628,0.5865214467048645,0.37125444412231445,42.12557601928711,0.14426644146442413,0.05006306245923042,0.3798242211341858
563,0.4557117521762848,1e-04,0.11400957,125.389175,0.013456708,0.008642197,0.11600305,0.5850690603256226,0.3704724609851837,42.0363655090332,0.14366525411605835,0.04982757940888405,0.3790319859981537
564,0.4548296630382538,1e-04,0.11387325,125.270805,0.01342585,0.008624427,0.11586997,0.5836156606674194,0.3696860373020172,41.946651458740234,0.14306198060512543,0.04959145560860634,0.3782353401184082
565,0.4539487659931183,1e-04,0.11373698,125.152504,0.013395044,0.008606683,0.11573696,0.5821621417999268,0.3688948154449463,41.85639190673828,0.14245636761188507,0.049354616552591324,0.3774339258670807
566,0.45307013392448425,1e-04,0.11360096,125.03436,0.01336433,0.008588988,0.11560419,0.5807079672813416,0.3680989742279053,41.765594482421875,0.14184851944446564,0.04911709949374199,0.3766278326511383
567,0.45219314098358154,1e-04,0.113465115,124.91632,0.0133336885,0.008571328,0.115471594,0.5792533755302429,0.3672986328601837,41.674285888671875,0.14123861491680145,0.04887896776199341,0.37581726908683777
568,0.4513179063796997,1e-04,0.11332941,124.79839,0.013303117,0.008553703,0.11533914,0.5777982473373413,0.36649370193481445,41.58244705200195,0.14062650501728058,0.0486401803791523,0.3750019967556
569,0.45044437050819397,1e-04,0.11319387,124.680534,0.013272618,0.008536113,0.115206845,0.5763426423072815,0.36568427085876465,41.49009323120117,0.14001239836215973,0.04840080440044403,0.3741823136806488
570,0.4495724141597748,1e-04,0.11305847,124.5628,0.013242187,0.008518557,0.1150747,0.5748865604400635,0.3648703098297119,41.397220611572266,0.13939620554447174,0.048160817474126816,0.37335801124572754
571,0.44870224595069885,1e-04,0.11292324,124.44517,0.013211826,0.008501038,0.11494271,0.5734301805496216,0.3640519082546234,41.30384063720703,0.13877809047698975,0.047920286655426025,0.3725293278694153
572,0.4478336274623871,1e-04,0.11278818,124.327644,0.013181542,0.008483557,0.1148109,0.5719735622406006,0.36322903633117676,41.2099494934082,0.13815802335739136,0.047679197043180466,0.3716961443424225
573,0.44696682691574097,1e-04,0.11265328,124.21023,0.013151328,0.00846611,0.11467924,0.5705164670944214,0.36240172386169434,41.11555099487305,0.13753601908683777,0.04743755981326103,0.37085849046707153
574,0.446101576089859,1e-04,0.1125185,124.09291,0.013121177,0.008448695,0.11454771,0.5690591335296631,0.3615700900554657,41.0206413269043,0.13691218197345734,0.04719541594386101,0.3700164556503296
575,0.44523805379867554,1e-04,0.112383924,123.97569,0.013091107,0.008431317,0.114416376,0.5676016211509705,0.3607339859008789,40.92523193359375,0.13628649711608887,0.046952757984399796,0.36917001008987427
576,0.44437623023986816,1e-04,0.112249486,123.85857,0.013061103,0.008413973,0.114285186,0.5661438703536987,0.3598935604095459,40.82932662963867,0.13565905392169952,0.046709638088941574,0.36831921339035034
577,0.4435160160064697,1e-04,0.11211522,123.74154,0.01303117,0.008396667,0.11415415,0.5646860003471375,0.3590487241744995,40.732913970947266,0.1350298374891281,0.046466026455163956,0.3674640655517578
578,0.4426574409008026,1e-04,0.1119811,123.62456,0.013001302,0.008379391,0.11402325,0.5632280111312866,0.35819971561431885,40.63602066040039,0.13439896702766418,0.04622199013829231,0.36660465598106384
579,0.441800594329834,1e-04,0.11184716,123.507744,0.012971513,0.0083621545,0.11389255,0.561769962310791,0.35734644532203674,40.53864288330078,0.13376647233963013,0.04597754403948784,0.36574098467826843
580,0.4409453272819519,1e-04,0.111713365,123.390976,0.012941786,0.008344949,0.11376197,0.560312032699585,0.3564889430999756,40.44077682495117,0.13313238322734833,0.04573269188404083,0.36487311124801636
581,0.4400917589664459,1e-04,0.11157975,123.274345,0.012912135,0.008327781,0.11363158,0.5588539838790894,0.3556272089481354,40.34242630004883,0.13249672949314117,0.04548745974898338,0.36400100588798523
582,0.43923982977867126,1e-04,0.111446254,123.15785,0.01288255,0.008310648,0.113501325,0.5573961138725281,0.35476136207580566,40.24361038208008,0.13185961544513702,0.04524186626076698,0.3631247878074646
583,0.43838953971862793,1e-04,0.111312926,123.04145,0.012853034,0.008293551,0.11337122,0.555938184261322,0.3538914620876312,40.14431381225586,0.13122104108333588,0.04499593377113342,0.36224445700645447
584,0.43754079937934875,1e-04,0.11117977,122.925156,0.012823592,0.008276489,0.1132413,0.5544806718826294,0.3530173599720001,40.0445442199707,0.1305810660123825,0.044749680906534195,0.36136001348495483
585,0.43669384717941284,1e-04,0.111046754,122.80895,0.012794216,0.008259459,0.11311152,0.5530233383178711,0.35213926434516907,39.94431686401367,0.1299397200345993,0.04450312256813049,0.3604715168476105
586,0.4358484745025635,1e-04,0.110913925,122.692856,0.012764911,0.008242467,0.11298191,0.5515661239624023,0.35125717520713806,39.843624114990234,0.12929706275463104,0.04425628110766411,0.3595789968967438
587,0.43500474095344543,1e-04,0.110781245,122.576866,0.012735675,0.008225509,0.11285245,0.5501092076301575,0.35037097334861755,39.742469787597656,0.12865309417247772,0.04400916025042534,0.35868245363235474
588,0.4341626465320587,1e-04,0.110648714,122.460976,0.012706508,0.008208585,0.11272315,0.5486526489257812,0.3494809567928314,39.640865325927734,0.12800796329975128,0.043761808425188065,0.3577820062637329
589,0.43332210183143616,1e-04,0.11051636,122.3452,0.01267741,0.008191696,0.112594,0.5471965074539185,0.34858691692352295,39.5388069152832,0.12736165523529053,0.04351423308253288,0.3568776547908783
590,0.4324832558631897,1e-04,0.11038416,122.22951,0.012648379,0.00817484,0.11246502,0.5457404851913452,0.3476892411708832,39.43632507324219,0.1267143189907074,0.04326649382710457,0.35596954822540283
591,0.4316454827785492,1e-04,0.11025203,122.11385,0.0126194,0.0081580095,0.11233611,0.5442851781845093,0.3467874526977539,39.33338165283203,0.12606580555438995,0.04301852360367775,0.3550574779510498
592,0.4308098256587982,1e-04,0.11012013,121.998375,0.012590508,0.008141224,0.112207435,0.5428305268287659,0.34588196873664856,39.230003356933594,0.12541627883911133,0.042770396918058395,0.35414162278175354
593,0.42997586727142334,1e-04,0.10998843,121.88305,0.012561687,0.008124475,0.112078935,0.5413764119148254,0.34497272968292236,39.126197814941406,0.12476581335067749,0.042522136121988297,0.3532220423221588
594,0.429143488407135,1e-04,0.10985685,121.7678,0.012532932,0.00810776,0.11195058,0.539922833442688,0.3440598249435425,39.02196502685547,0.12411445379257202,0.04227377101778984,0.3522988259792328
595,0.42831262946128845,1e-04,0.10972545,121.65264,0.012504243,0.008091078,0.111822374,0.5384696125984192,0.3431433141231537,38.917327880859375,0.12346228212118149,0.04202532395720482,0.35137200355529785
596,0.427482932806015,1e-04,0.109594114,121.537575,0.012475611,0.008074424,0.11169428,0.5370176434516907,0.34222304821014404,38.812252044677734,0.12280920147895813,0.041776757687330246,0.35044142603874207
597,0.42665544152259827,1e-04,0.10946304,121.42262,0.012447061,0.00805781,0.111566395,0.5355661511421204,0.3412990868091583,38.706756591796875,0.12215528637170792,0.04152810946106911,0.349507212638855
598,0.4258294701576233,1e-04,0.10933212,121.30776,0.012418578,0.008041231,0.11143868,0.5341156721115112,0.340371698141098,38.60085678100586,0.12150070816278458,0.04127943515777588,0.34856951236724854
599,0.42500510811805725,1e-04,0.10920135,121.19299,0.01239016,0.008024683,0.11131109,0.5326659679412842,0.3394407331943512,38.49455261230469,0.12084543704986572,0.04103074222803116,0.34762829542160034
600,0.42418232560157776,1e-04,0.109070756,121.078384,0.012361817,0.008008177,0.11118371,0.5312171578407288,0.3385063409805298,38.387855529785156,0.12018958479166031,0.040782053023576736,0.34668368101119995
601,0.4233611226081848,1e-04,0.108940296,120.96386,0.0123335365,0.0079916995,0.111056454,0.5297694206237793,0.3375685513019562,38.280765533447266,0.11953318119049072,0.0405333936214447,0.34573569893836975
602,0.4225415587425232,1e-04,0.10881001,120.84943,0.012305322,0.007975256,0.110929355,0.5283227562904358,0.33662745356559753,38.17329025268555,0.11887627840042114,0.04028477892279625,0.3447844088077545
603,0.4217236042022705,1e-04,0.10867991,120.73515,0.012277184,0.007958853,0.11080246,0.5268769860267639,0.3356829583644867,38.065433502197266,0.11821889877319336,0.04003622755408287,0.3438297510147095
604,0.420907199382782,1e-04,0.10854995,120.62095,0.012249107,0.00794248,0.110675685,0.5254324674606323,0.334735244512558,37.95720291137695,0.11756116151809692,0.039787765592336655,0.34287193417549133
605,0.42009237408638,1e-04,0.10842015,120.506905,0.0122211,0.007926143,0.110549085,0.5239890217781067,0.3337843418121338,37.84859848022461,0.11690304428339005,0.0395394042134285,0.34191086888313293
606,0.41927915811538696,1e-04,0.1082905,120.39291,0.0121931555,0.007909836,0.11042262,0.5225468873977661,0.33283019065856934,37.739627838134766,0.11624462157487869,0.03929116204380989,0.34094664454460144
607,0.4184674620628357,1e-04,0.10816101,120.279045,0.012165278,0.007893566,0.11029632,0.521105945110321,0.33187296986579895,37.63029861450195,0.11558598279953003,0.03904307633638382,0.3399793803691864
608,0.4176574647426605,1e-04,0.1080317,120.16529,0.012137473,0.007877331,0.1101702,0.519666314125061,0.33091267943382263,37.5206184387207,0.11492715030908585,0.03879516199231148,0.3390090763568878
609,0.41684889793395996,1e-04,0.10790253,120.05164,0.012109731,0.007861129,0.110044226,0.5182280540466309,0.32994937896728516,37.41059494018555,0.11426818370819092,0.03854743018746376,0.3380357623100281
610,0.41604191064834595,1e-04,0.107773535,119.93811,0.012082056,0.007844961,0.10991841,0.5167912244796753,0.32898303866386414,37.30021286010742,0.11360909789800644,0.03829989954829216,0.33705949783325195
611,0.41523659229278564,1e-04,0.107644714,119.824684,0.012054451,0.007828829,0.10979276,0.5153558850288391,0.3280138671398163,37.18950271606445,0.11295000463724136,0.038052596151828766,0.3360803425312042
612,0.41443273425102234,1e-04,0.10751601,119.711365,0.012026906,0.007812727,0.10966725,0.5139219760894775,0.3270418345928192,37.07847213745117,0.11229095607995987,0.03780555725097656,0.33509841561317444
613,0.4136304557323456,1e-04,0.1073875,119.59817,0.011999431,0.0077966624,0.109541915,0.5124897956848145,0.3260669708251953,36.96710968017578,0.11163198947906494,0.03755878284573555,0.334113746881485
614,0.4128298759460449,1e-04,0.10725915,119.48506,0.011972023,0.0077806287,0.10941674,0.5110591053962708,0.32508933544158936,36.85542678833008,0.11097311973571777,0.03731229901313782,0.3331262767314911
615,0.4120306968688965,1e-04,0.107130945,119.37208,0.01194468,0.007764631,0.10929172,0.5096301436424255,0.32410895824432373,36.743431091308594,0.11031442135572433,0.037066105753183365,0.3321361541748047
616,0.4112330973148346,1e-04,0.10700291,119.259155,0.0119174,0.0077486644,0.109166846,0.5082029104232788,0.32312604784965515,36.63113784790039,0.10965601354837418,0.036820266395807266,0.33114349842071533
617,0.41043707728385925,1e-04,0.10687505,119.1464,0.011890191,0.007732734,0.10904215,0.5067774057388306,0.3221404254436493,36.51853561401367,0.10899782180786133,0.036574751138687134,0.33014819025993347
618,0.40964260697364807,1e-04,0.10674734,119.03374,0.011863048,0.0077168373,0.108917624,0.5053537487983704,0.32115232944488525,36.4056510925293,0.10834002494812012,0.03632962703704834,0.3291504681110382
619,0.40884971618652344,1e-04,0.1066198,118.921165,0.011835968,0.0077009723,0.10879324,0.5039319396018982,0.32016170024871826,36.29246520996094,0.10768256336450577,0.0360848642885685,0.32815021276474
620,0.4080583155155182,1e-04,0.1064924,118.80873,0.011808952,0.007685142,0.108669005,0.5025120377540588,0.31916868686676025,36.17900466918945,0.10702559351921082,0.03584052249789238,0.3271476626396179
621,0.4072684347629547,1e-04,0.10636517,118.6964,0.011782006,0.007669346,0.10854495,0.5010941028594971,0.3181733191013336,36.06527328491211,0.10636911541223526,0.03559661656618118,0.3261427879333496
622,0.406480073928833,1e-04,0.106238104,118.58417,0.011755122,0.007653582,0.10842104,0.49967822432518005,0.31717562675476074,35.95127487182617,0.10571318864822388,0.03535314276814461,0.32513564825057983
623,0.40569332242012024,1e-04,0.10611122,118.47209,0.011728307,0.007637855,0.10829731,0.4982644021511078,0.3161756694316864,35.837013244628906,0.10505784302949905,0.03511013463139534,0.324126273393631
624,0.40490809082984924,1e-04,0.105984464,118.36009,0.011701552,0.007622157,0.10817371,0.4968527853488922,0.31517359614372253,35.72249984741211,0.10440322011709213,0.03486763313412666,0.32311487197875977
625,0.4041244685649872,1e-04,0.10585789,118.24819,0.011674864,0.0076064947,0.10805029,0.4954432547092438,0.31416937708854675,35.60774230957031,0.10374927520751953,0.03462562337517738,0.322101354598999
626,0.40334221720695496,1e-04,0.10573148,118.13644,0.011648245,0.0075908676,0.10792704,0.49403589963912964,0.3131629526615143,35.492740631103516,0.10309603810310364,0.03438412770628929,0.32108572125434875
627,0.4025615453720093,1e-04,0.1056052,118.02478,0.011621684,0.0075752707,0.10780391,0.4926309287548065,0.3121546804904938,35.377506256103516,0.10244367271661758,0.03414318338036537,0.32006824016571045
628,0.40178242325782776,1e-04,0.10547912,117.91323,0.011595194,0.00755971,0.107680984,0.49122825264930725,0.3111444413661957,35.262054443359375,0.10179219394922256,0.03390280529856682,0.3190488815307617
629,0.401004821062088,1e-04,0.10535319,117.8018,0.011568764,0.00754418,0.10755819,0.48982784152030945,0.31013223528862,35.14636993408203,0.10114157199859619,0.033662986010313034,0.3180276155471802
630,0.40022870898246765,1e-04,0.10522741,117.6905,0.011542401,0.0075286855,0.10743557,0.488429993391037,0.30911824107170105,35.030479431152344,0.100491963326931,0.0334237776696682,0.3170046806335449
631,0.3994540870189667,1e-04,0.1051018,117.57929,0.011516101,0.0075132223,0.1073131,0.4870345890522003,0.308102548122406,34.91438674926758,0.09984338283538818,0.033185187727212906,0.31598004698753357
632,0.39868107438087463,1e-04,0.10497635,117.468185,0.0114898635,0.007497792,0.10719078,0.48564156889915466,0.3070850670337677,34.798091888427734,0.09919583052396774,0.032947227358818054,0.31495368480682373
633,0.3979094326496124,1e-04,0.104851075,117.35722,0.011463695,0.0074823983,0.10706865,0.48425132036209106,0.30606600642204285,34.68160629272461,0.09854942560195923,0.032709911465644836,0.3139258325099945
634,0.39713945984840393,1e-04,0.10472595,117.246315,0.0114375865,0.0074670343,0.106946655,0.48286351561546326,0.3050452768802643,34.564937591552734,0.09790415316820145,0.03247326239943504,0.31289640069007874
635,0.39637088775634766,1e-04,0.10460098,117.13557,0.011411546,0.0074517042,0.10682484,0.4814783036708832,0.30402305722236633,34.44808578491211,0.09726009517908096,0.03223728761076927,0.31186550855636597
636,0.39560380578041077,1e-04,0.104476206,117.024956,0.011385568,0.00743641,0.10670318,0.4800959825515747,0.30299946665763855,34.33106994628906,0.09661736339330673,0.032002031803131104,0.3108333349227905
637,0.39483824372291565,1e-04,0.10435156,116.914375,0.011359649,0.007421143,0.10658165,0.47871628403663635,0.30197441577911377,34.21388626098633,0.09597587585449219,0.031767476350069046,0.3097997307777405
638,0.3940741717815399,1e-04,0.10422708,116.80397,0.011333798,0.007405912,0.10646031,0.47733938694000244,0.30094805359840393,34.096553802490234,0.09533578157424927,0.03153366968035698,0.3087649345397949
639,0.39331161975860596,1e-04,0.10410277,116.6937,0.01130801,0.0073907156,0.10633913,0.47596535086631775,0.2999204397201538,33.979068756103516,0.09469711780548096,0.031300608068704605,0.30772897601127625
640,0.3925504982471466,1e-04,0.10397861,116.583534,0.011282285,0.0073755505,0.1062181,0.4745942950248718,0.29889169335365295,33.861454010009766,0.09405995160341263,0.031068338081240654,0.3066919445991516
641,0.3917909562587738,1e-04,0.10385462,116.47343,0.011256622,0.007360418,0.10609723,0.47322604060173035,0.29786160588264465,33.74368667602539,0.09342417120933533,0.0308368057012558,0.3056536912918091
642,0.3910329043865204,1e-04,0.10373082,116.36349,0.0112310285,0.007345321,0.105976544,0.47186079621315,0.2968306243419647,33.62580490112305,0.09279002994298935,0.0306061003357172,0.3046145737171173
643,0.3902762234210968,1e-04,0.103607155,116.253624,0.011205488,0.007330251,0.10585598,0.47049853205680847,0.2957986295223236,33.5078010559082,0.09215748310089111,0.030376210808753967,0.30357450246810913
644,0.3895210921764374,1e-04,0.10348364,116.14392,0.011180019,0.0073152194,0.10573561,0.46913909912109375,0.2947658598423004,33.389713287353516,0.09152668714523315,0.030147189274430275,0.3025337755680084
645,0.3887670040130615,1e-04,0.10336024,116.03426,0.011154595,0.0073002097,0.10561532,0.46778297424316406,0.2937319576740265,33.271488189697266,0.09089741855859756,0.029918953776359558,0.30149197578430176
646,0.3880147933959961,1e-04,0.10323708,115.92474,0.011129246,0.00728524,0.105495244,0.46643009781837463,0.29269734025001526,33.15317916870117,0.09026998281478882,0.029691606760025024,0.3004496395587921
647,0.38726410269737244,1e-04,0.10311405,115.81536,0.011103963,0.0072703036,0.10537534,0.4650804102420807,0.2916620373725891,33.03478240966797,0.08964431285858154,0.029465138912200928,0.29940658807754517
648,0.3865148425102234,1e-04,0.10299121,115.70607,0.011078739,0.007255401,0.10525559,0.4637339413166046,0.29062598943710327,32.91630172729492,0.08902046084403992,0.029239550232887268,0.29836297035217285
649,0.3857670724391937,1e-04,0.10286852,115.59696,0.011053584,0.0072405315,0.10513602,0.46239081025123596,0.2895893454551697,32.79774475097656,0.08839846402406693,0.029014864936470985,0.29731878638267517
650,0.38502082228660583,1e-04,0.102746,115.48792,0.011028485,0.0072256927,0.1050166,0.46105092763900757,0.2885521650314331,32.67912673950195,0.08777841180562973,0.028791101649403572,0.29627421498298645
651,0.38427597284317017,1e-04,0.10262365,115.37901,0.011003452,0.007210889,0.10489734,0.459714412689209,0.2875145971775055,32.56045913696289,0.08716034889221191,0.028568290174007416,0.29522931575775146
652,0.3835325241088867,1e-04,0.10250144,115.27019,0.010978477,0.007196114,0.10477823,0.4583812952041626,0.28647658228874207,32.44173049926758,0.08654425293207169,0.028346410021185875,0.2941840589046478
653,0.38279062509536743,1e-04,0.10237942,115.16155,0.010953569,0.0071813758,0.1046593,0.45705166459083557,0.28543820977211,32.32296371459961,0.08593020588159561,0.028125489130616188,0.2931385338306427
654,0.38205018639564514,1e-04,0.10225754,115.053,0.010928721,0.0071666683,0.10454053,0.45572543144226074,0.28439953923225403,32.204158782958984,0.08531823009252548,0.027905533090233803,0.29209285974502563
655,0.3813111484050751,1e-04,0.10213582,114.94457,0.010903933,0.007151992,0.1044219,0.45440271496772766,0.2833606004714966,32.0853157043457,0.0847083330154419,0.027686551213264465,0.29104694724082947
656,0.380573570728302,1e-04,0.102014266,114.836235,0.010879208,0.00713735,0.10430344,0.4530835449695587,0.28232160210609436,31.966461181640625,0.084100641310215,0.02746858261525631,0.2900010943412781
657,0.3798374533653259,1e-04,0.10189289,114.728004,0.010854543,0.007122737,0.10418514,0.45176810026168823,0.281282514333725,31.847593307495117,0.08349516242742538,0.02725161798298359,0.28895530104637146
658,0.379102885723114,1e-04,0.10177166,114.61992,0.0108299395,0.0071081566,0.104067,0.45045608282089233,0.2802433967590332,31.728715896606445,0.08289188891649246,0.02703567035496235,0.28790950775146484
659,0.3783695697784424,1e-04,0.10165062,114.51195,0.010805399,0.007093611,0.103949025,0.4491478204727173,0.2792043387889862,31.60984230041504,0.08229091763496399,0.02682076208293438,0.28686392307281494
660,0.3776378333568573,1e-04,0.101529725,114.404076,0.010780921,0.007079097,0.10383122,0.44784310460090637,0.278165340423584,31.490976333618164,0.08169224113225937,0.026606885716319084,0.28581854701042175
661,0.3769073784351349,1e-04,0.101409,114.29634,0.010756503,0.0070646135,0.103713565,0.44654229283332825,0.2771265506744385,31.37212562561035,0.08109591156244278,0.026394067332148552,0.28477343916893005
662,0.376178503036499,1e-04,0.10128843,114.188705,0.010732146,0.007050163,0.10359607,0.4452451169490814,0.27608802914619446,31.25330352783203,0.0805019810795784,0.02618231624364853,0.2837287187576294
663,0.375450998544693,1e-04,0.10116803,114.081184,0.010707849,0.0070357434,0.10347874,0.4439518451690674,0.2750498056411743,31.134506225585938,0.07991046458482742,0.025971636176109314,0.2826843857765198
664,0.37472498416900635,1e-04,0.10104781,113.97381,0.010683616,0.0070213573,0.10336158,0.4426622688770294,0.2740119695663452,31.0157527923584,0.07932140678167343,0.0257620457559824,0.28164055943489075
665,0.37400031089782715,1e-04,0.10092772,113.86654,0.010659439,0.007007002,0.10324456,0.441376656293869,0.2729746401309967,30.897050857543945,0.0787348821759224,0.025553567335009575,0.28059735894203186
666,0.37327709794044495,1e-04,0.1008078,113.7594,0.010635323,0.006992679,0.1031277,0.44009488821029663,0.271937757730484,30.778398513793945,0.07815084606409073,0.025346174836158752,0.27955472469329834
667,0.37255531549453735,1e-04,0.100688055,113.65237,0.010611271,0.0069783884,0.10301102,0.43881699442863464,0.2709014117717743,30.6597957611084,0.07756932824850082,0.025139888748526573,0.27851271629333496
668,0.37183496356010437,1e-04,0.10056848,113.54546,0.010587278,0.0069641313,0.1028945,0.4375430941581726,0.2698657810688019,30.54128074645996,0.07699047774076462,0.02493475377559662,0.2774715721607208
669,0.37111595273017883,1e-04,0.10044904,113.43868,0.010563344,0.0069499044,0.10277813,0.4362733066082001,0.26883092522621155,30.4228458404541,0.07641426473855972,0.024730755016207695,0.27643129229545593
670,0.37039852142333984,1e-04,0.1003298,113.33204,0.010539473,0.0069357096,0.10266194,0.43500733375549316,0.26779675483703613,30.30448341369629,0.07584065943956375,0.024527883157134056,0.2753918170928955
671,0.36968231201171875,1e-04,0.100210674,113.225464,0.010515655,0.0069215437,0.10254587,0.43374547362327576,0.26676344871520996,30.186216354370117,0.07526975870132446,0.02432616613805294,0.27435335516929626
672,0.36896762251853943,1e-04,0.10009175,113.11906,0.010491906,0.0069074132,0.10243,0.43248775601387024,0.2657310664653778,30.06804847717285,0.07470156997442245,0.024125611409544945,0.2733158767223358
673,0.3682543933391571,1e-04,0.09997297,113.01274,0.010468208,0.006893312,0.10231426,0.4312340021133423,0.2646995484828949,29.949975967407227,0.07413608580827713,0.023926205933094025,0.27227941155433655
674,0.3675425052642822,1e-04,0.09985437,112.90657,0.010444579,0.0068792445,0.10219872,0.42998433113098145,0.26366904377937317,29.83201789855957,0.07357337325811386,0.023727981373667717,0.2712441086769104
675,0.3668319582939148,1e-04,0.09973593,112.8005,0.010421005,0.006865208,0.102083325,0.42873886227607727,0.26263973116874695,29.71419334411621,0.07301352173089981,0.023530950769782066,0.2702101469039917
676,0.36612287163734436,1e-04,0.09961767,112.69457,0.010397492,0.006851203,0.101968095,0.4274975657463074,0.2616114914417267,29.596481323242188,0.07245644181966782,0.02333509363234043,0.2691773474216461
677,0.36541515588760376,1e-04,0.09949956,112.58873,0.010374035,0.006837229,0.101853006,0.42626041173934937,0.26058438420295715,29.47890281677246,0.07190217077732086,0.023140421137213707,0.2681457996368408
678,0.36470887064933777,1e-04,0.0993816,112.48301,0.010350639,0.0068232836,0.10173809,0.4250274896621704,0.25955867767333984,29.361473083496094,0.07135084271430969,0.02294696308672428,0.2671157717704773
679,0.3640039563179016,1e-04,0.099263825,112.377426,0.010327303,0.006809373,0.10162334,0.4237987995147705,0.2585342228412628,29.244184494018555,0.07080236822366714,0.022754700854420662,0.266087144613266
680,0.3633004426956177,1e-04,0.099146195,112.271935,0.010304025,0.006795492,0.101508744,0.4225742816925049,0.257511168718338,29.127046585083008,0.070256806910038,0.022563651204109192,0.2650600075721741
681,0.3625982701778412,1e-04,0.09902873,112.16659,0.0102808075,0.0067816437,0.10139432,0.42135417461395264,0.256489634513855,29.010086059570312,0.0697142481803894,0.022373830899596214,0.26403456926345825
682,0.3618975579738617,1e-04,0.09891142,112.06138,0.010257645,0.0067678243,0.10128003,0.42013829946517944,0.25546959042549133,28.89328956604004,0.0691746398806572,0.02218523621559143,0.263010710477829
683,0.36119821667671204,1e-04,0.09879429,111.956245,0.010234543,0.0067540375,0.10116592,0.41892674565315247,0.2544511556625366,28.77667236328125,0.06863803416490555,0.02199786901473999,0.2619886100292206
684,0.36050018668174744,1e-04,0.09867734,111.8513,0.010211505,0.0067402846,0.10105199,0.41771960258483887,0.2534343898296356,28.66023826599121,0.06810446083545685,0.02181173861026764,0.26096832752227783
685,0.3598036468029022,1e-04,0.09856052,111.74646,0.010188521,0.0067265625,0.1009382,0.4165167510509491,0.25241926312446594,28.54399299621582,0.0675738975405693,0.021626845002174377,0.25994980335235596
686,0.35910841822624207,1e-04,0.09844387,111.64172,0.0101655945,0.006712869,0.10082457,0.41531819105148315,0.2514059245586395,28.427942276000977,0.0670463815331459,0.021443188190460205,0.2589331567287445
687,0.35841453075408936,1e-04,0.09832741,111.537125,0.01014273,0.006699209,0.10071112,0.414124071598053,0.25039437413215637,28.312097549438477,0.06652196496725082,0.021260784938931465,0.2579185366630554
688,0.3577220141887665,1e-04,0.098211095,111.43264,0.010119918,0.0066855783,0.1005978,0.4129343032836914,0.24938464164733887,28.19645118713379,0.0660005584359169,0.021079612895846367,0.256905734539032
689,0.3570309281349182,1e-04,0.09809495,111.3283,0.010097171,0.006671981,0.100484684,0.4117490351200104,0.24837680160999298,28.081024169921875,0.06548228114843369,0.020899692550301552,0.25589504837989807
690,0.35634127259254456,1e-04,0.097978964,111.224045,0.010074479,0.0066584116,0.1003717,0.4105682075023651,0.24737107753753662,27.965829849243164,0.06496718525886536,0.02072104811668396,0.2548866271972656
691,0.3556528687477112,1e-04,0.09786314,111.11991,0.010051841,0.006644872,0.10025887,0.4093916714191437,0.24636726081371307,27.850847244262695,0.06445513665676117,0.020543640479445457,0.25388017296791077
692,0.35496577620506287,1e-04,0.09774748,111.01589,0.010029265,0.0066313646,0.10014622,0.4082196056842804,0.24536548554897308,27.736099243164062,0.06394623965024948,0.02036748267710209,0.2528759241104126
693,0.35428014397621155,1e-04,0.097632,110.91201,0.010006746,0.006617889,0.10003372,0.40705209970474243,0.2443658858537674,27.621597290039062,0.06344053894281387,0.020192595198750496,0.25187405943870544
694,0.3535958528518677,1e-04,0.09751667,110.80823,0.009984286,0.006604443,0.0999214,0.40588900446891785,0.24336858093738556,27.507349014282227,0.06293803453445435,0.020018992945551872,0.2508745491504669
695,0.35291287302970886,1e-04,0.0974015,110.704605,0.009961879,0.006591026,0.099809214,0.4047304391860962,0.24237339198589325,27.393339157104492,0.06243866682052612,0.019846631214022636,0.24987730383872986
696,0.35223129391670227,1e-04,0.0972865,110.60108,0.009939534,0.0065776436,0.09969721,0.4035763442516327,0.24138061702251434,27.27960205078125,0.06194256246089935,0.01967555843293667,0.24888262152671814
697,0.35155102610588074,1e-04,0.09717166,110.4977,0.009917242,0.0065642903,0.099585354,0.4024267792701721,0.24039018154144287,27.1661319732666,0.06144965812563896,0.01950574852526188,0.2478904128074646
698,0.35087209939956665,1e-04,0.09705698,110.39446,0.00989501,0.006550968,0.09947366,0.4012817442417145,0.2394021600484848,27.05293083190918,0.06095999479293823,0.019337212666869164,0.2469007819890976
699,0.3501945734024048,1e-04,0.09694248,110.29132,0.009872836,0.006537677,0.09936214,0.400141179561615,0.23841659724712372,26.940004348754883,0.060473550111055374,0.019169943407177925,0.24591369926929474
700,0.349518358707428,1e-04,0.09682815,110.18829,0.009850718,0.0065244148,0.099250786,0.3990051746368408,0.23743343353271484,26.827354431152344,0.05999031662940979,0.019003933295607567,0.2449292093515396
701,0.348843514919281,1e-04,0.096713945,110.085434,0.009828655,0.0065111844,0.09913957,0.3978736996650696,0.2364528924226761,26.714998245239258,0.05951036140322685,0.01883920095860958,0.24394746124744415
702,0.3481699824333191,1e-04,0.09659994,109.982666,0.009806653,0.006497985,0.09902854,0.3967466950416565,0.23547494411468506,26.602933883666992,0.05903366208076477,0.01867574080824852,0.24296844005584717
703,0.34749770164489746,1e-04,0.09648608,109.88001,0.009784703,0.006484814,0.098917656,0.3956243693828583,0.23449969291687012,26.491174697875977,0.05856025591492653,0.01851356215775013,0.2419922649860382
704,0.3468269407749176,1e-04,0.09637238,109.77749,0.00976281,0.0064716735,0.09880693,0.39450618624687195,0.23352722823619843,26.379730224609375,0.05809016525745392,0.01835266500711441,0.24101901054382324
705,0.3461569845676422,1e-04,0.09625881,109.67505,0.009740964,0.006458557,0.09869632,0.3933928906917572,0.23255737125873566,26.268583297729492,0.05762329325079918,0.018193012103438377,0.24004852771759033
706,0.3454887866973877,1e-04,0.09614544,109.57279,0.009719185,0.0064454786,0.098585926,0.3922842741012573,0.2315903902053833,26.157760620117188,0.057159751653671265,0.01803465373814106,0.23908105492591858
707,0.3448219895362854,1e-04,0.09603224,109.47063,0.00969746,0.006432428,0.09847568,0.3911800682544708,0.23062622547149658,26.04725456237793,0.056699469685554504,0.017877548933029175,0.23811650276184082
708,0.3441563546657562,1e-04,0.09591921,109.36863,0.009675793,0.0064194105,0.09836561,0.39008042216300964,0.2296648770570755,25.93706703186035,0.05624246224761009,0.01772170700132847,0.23715493083000183
709,0.3434921205043793,1e-04,0.09580636,109.266716,0.009654186,0.006406423,0.098255716,0.38898536562919617,0.22870655357837677,25.827224731445312,0.05578881502151489,0.017567144706845284,0.23619656264781952
710,0.3428291976451874,1e-04,0.09569364,109.16496,0.0096326275,0.006393463,0.09814595,0.3878948986530304,0.22775113582611084,25.71770668029785,0.05533842369914055,0.017413834109902382,0.23524120450019836
711,0.34216758608818054,1e-04,0.0955811,109.0633,0.009611129,0.0063805347,0.09803636,0.38680899143218994,0.22679881751537323,25.60854148864746,0.05489136278629303,0.017261795699596405,0.23428906500339508
712,0.34150731563568115,1e-04,0.09546872,108.9618,0.009589685,0.0063676373,0.09792694,0.3857276439666748,0.22584950923919678,25.499719619750977,0.05444760620594025,0.017111020162701607,0.23334011435508728
713,0.34084832668304443,1e-04,0.09535651,108.860435,0.009568297,0.0063547688,0.097817674,0.3846508264541626,0.22490330040454865,25.391244888305664,0.0540071539580822,0.01696149632334709,0.23239439725875854
714,0.3401906490325928,1e-04,0.09524447,108.759155,0.009546966,0.006341932,0.097708575,0.38357868790626526,0.22396035492420197,25.283143997192383,0.05357007309794426,0.016813253983855247,0.2314520925283432
715,0.33953428268432617,1e-04,0.09513255,108.65806,0.009525687,0.006329124,0.097599626,0.3825109899044037,0.22302043437957764,25.175382614135742,0.05313621088862419,0.01666623167693615,0.23051293194293976
716,0.338879257440567,1e-04,0.095020846,108.55702,0.009504466,0.0063163443,0.097490855,0.3814478814601898,0.22208385169506073,25.06800079345703,0.05270571634173393,0.016520479694008827,0.22957725822925568
717,0.33822548389434814,1e-04,0.094909295,108.45614,0.009483299,0.006303597,0.09738223,0.38038933277130127,0.2211504429578781,24.960983276367188,0.05227850005030632,0.016375966370105743,0.22864492237567902
718,0.3375730514526367,1e-04,0.09479791,108.35539,0.009462187,0.0062908786,0.097273774,0.37933531403541565,0.22022032737731934,24.854333877563477,0.05185456946492195,0.016232693567872047,0.22771598398685455
719,0.33692190051078796,1e-04,0.094686665,108.254745,0.009441129,0.006278187,0.09716547,0.37828585505485535,0.2192935347557068,24.748064041137695,0.051433950662612915,0.01609065942466259,0.22679054737091064
720,0.3362720310688019,1e-04,0.09457561,108.154236,0.009420127,0.006265528,0.097057335,0.377240926027298,0.21837015450000763,24.642181396484375,0.05101663991808891,0.01594986766576767,0.22586862742900848
721,0.33562347292900085,1e-04,0.09446471,108.05385,0.00939918,0.0062528984,0.09694937,0.3762005567550659,0.21745018661022186,24.53668785095215,0.05060262978076935,0.01581031084060669,0.22495028376579285
722,0.3349761962890625,1e-04,0.09435398,107.9536,0.009378287,0.0062402985,0.09684156,0.3751647472381592,0.21653373539447784,24.431589126586914,0.05019194260239601,0.015671998262405396,0.2240355759859085
723,0.3343302309513092,1e-04,0.0942434,107.853455,0.009357448,0.0062277266,0.096733905,0.3741333484649658,0.21562068164348602,24.326879501342773,0.04978450760245323,0.015534892678260803,0.2231244146823883
724,0.3336854875087738,1e-04,0.09413298,107.75343,0.0093366625,0.0062151845,0.09662641,0.37310659885406494,0.2147112339735031,24.222578048706055,0.04938039556145668,0.015399028547108173,0.22221700847148895
725,0.33304211497306824,1e-04,0.09402274,107.65357,0.009315932,0.006202673,0.096519075,0.37208425998687744,0.21380525827407837,24.11867332458496,0.048979539424180984,0.015264373272657394,0.2213132083415985
726,0.33239999413490295,1e-04,0.09391265,107.55381,0.009295255,0.0061901896,0.096411906,0.3710663914680481,0.21290282905101776,24.015167236328125,0.04858192801475525,0.015130922198295593,0.22041308879852295
727,0.33175912499427795,1e-04,0.09380274,107.454185,0.009274634,0.0061777374,0.0963049,0.37005308270454407,0.21200408041477203,23.912084579467773,0.04818762466311455,0.014998693950474262,0.2195167988538742
728,0.33111950755119324,1e-04,0.093692996,107.3547,0.009254066,0.006165314,0.09619806,0.3690442740917206,0.2111089825630188,23.809412002563477,0.047796573489904404,0.014867667108774185,0.2186242789030075
729,0.33048126101493835,1e-04,0.0935834,107.25533,0.009233552,0.0061529195,0.096091375,0.3680398464202881,0.21021752059459686,23.707155227661133,0.04740875959396362,0.014737832359969616,0.21773552894592285
730,0.3298441767692566,1e-04,0.09347398,107.15609,0.009213092,0.0061405553,0.095984854,0.3670400083065033,0.20932979881763458,23.60532569885254,0.04702422022819519,0.014609199948608875,0.21685068309307098
731,0.32920849323272705,1e-04,0.093364716,107.057014,0.009192688,0.0061282218,0.09587851,0.3660445213317871,0.20844583213329315,23.50391960144043,0.04664289951324463,0.014481761492788792,0.21596966683864594
732,0.32857397198677063,1e-04,0.09325562,106.95802,0.0091723325,0.006115913,0.095772296,0.3650534749031067,0.2075655609369278,23.402938842773438,0.046264808624982834,0.014355498366057873,0.21509255468845367
733,0.3279407024383545,1e-04,0.093146674,106.85918,0.009152032,0.006103636,0.09566625,0.3640669584274292,0.20668917894363403,23.302396774291992,0.045889962464571,0.014230427332222462,0.21421942114830017
734,0.3273087739944458,1e-04,0.093037896,106.76044,0.009131785,0.0060913865,0.09556037,0.3630847930908203,0.20581650733947754,23.20227813720703,0.04551828280091286,0.014106511138379574,0.21335014700889587
735,0.3266780972480774,1e-04,0.092929296,106.66186,0.009111592,0.006079168,0.095454656,0.3621070086956024,0.20494766533374786,23.102598190307617,0.045149803161621094,0.013983768410980701,0.21248483657836914
736,0.32604867219924927,1e-04,0.09282083,106.56336,0.009091451,0.006066978,0.0953491,0.3611336052417755,0.20408272743225098,23.00335693359375,0.04478451982140541,0.01386218424886465,0.21162353456020355
737,0.32542046904563904,1e-04,0.092712566,106.46501,0.009071362,0.0060548135,0.0952437,0.3601646423339844,0.20322167873382568,22.904558181762695,0.044422417879104614,0.013741758652031422,0.2107662707567215
738,0.3247935473918915,1e-04,0.09260445,106.366806,0.009051329,0.0060426826,0.095138475,0.35919997096061707,0.20236451923847198,22.80620765686035,0.04406347870826721,0.013622485101222992,0.20991303026676178
739,0.3241678476333618,1e-04,0.092496514,106.26873,0.009031349,0.0060305796,0.09503341,0.35823947191238403,0.2015114426612854,22.70832061767578,0.043707747012376785,0.013504370115697384,0.20906397700309753
740,0.32354313135147095,1e-04,0.09238867,106.17071,0.009011408,0.006018497,0.094928436,0.35728350281715393,0.20066207647323608,22.610855102539062,0.0433550663292408,0.01338735967874527,0.2082187980413437
741,0.32291996479034424,1e-04,0.09228104,106.072876,0.008991533,0.0060064523,0.094823696,0.35633188486099243,0.19981680810451508,22.513856887817383,0.043005555868148804,0.01327150035649538,0.20737780630588531
742,0.3222980201244354,1e-04,0.092173584,105.97518,0.008971709,0.005994435,0.094719104,0.35538461804389954,0.19897545874118805,22.417306900024414,0.04265914484858513,0.013156755827367306,0.20654089748859406
743,0.32167741656303406,1e-04,0.09206629,105.87763,0.008951939,0.005982447,0.094614685,0.3544415831565857,0.19813819229602814,22.32122039794922,0.04231585934758186,0.01304313912987709,0.20570819079875946
744,0.32105791568756104,1e-04,0.091959134,105.78015,0.008932215,0.005970483,0.0945104,0.3535028398036957,0.19730490446090698,22.225587844848633,0.041975636035203934,0.012930621393024921,0.20487956702709198
745,0.32043975591659546,1e-04,0.09185219,105.68282,0.00891255,0.0059585534,0.09440631,0.3525683879852295,0.19647574424743652,22.13042449951172,0.04163852334022522,0.012819219380617142,0.20405519008636475
746,0.3198228180408478,1e-04,0.09174537,105.58568,0.008892936,0.0059466516,0.09430236,0.3516381084918976,0.1956506222486496,22.035720825195312,0.041304465383291245,0.012708916328847408,0.20323500037193298
747,0.3192070424556732,1e-04,0.09163873,105.48859,0.008873371,0.005934776,0.09419858,0.3507121503353119,0.19482958316802979,21.941484451293945,0.04097345098853111,0.012599702924489975,0.2024189978837967
748,0.31859254837036133,1e-04,0.09153224,105.39168,0.008853859,0.00592293,0.09409495,0.3497903645038605,0.19401268661022186,21.84772300720215,0.04064548760652542,0.012491576373577118,0.20160725712776184
749,0.31797927618026733,1e-04,0.09142593,105.29487,0.008834399,0.0059111128,0.09399149,0.3488727807998657,0.19319982826709747,21.754423141479492,0.04032051935791969,0.012384526431560516,0.20079970359802246
750,0.3173672556877136,1e-04,0.09131976,105.1982,0.00881499,0.0058993227,0.09388818,0.34795939922332764,0.1923912763595581,21.661605834960938,0.039998602122068405,0.012278560549020767,0.19999650120735168
751,0.3167564272880554,1e-04,0.09121377,105.10166,0.008795633,0.0058875615,0.09378503,0.34705016016960144,0.1915866881608963,21.569252014160156,0.0396796278655529,0.012173640541732311,0.199197456240654
752,0.3161468505859375,1e-04,0.09110795,105.00526,0.0087763285,0.00587583,0.09368206,0.34614506363868713,0.1907864362001419,21.477386474609375,0.03936367109417915,0.012069794349372387,0.19840280711650848
753,0.3155384659767151,1e-04,0.091002285,104.90897,0.008757073,0.0058641257,0.09357923,0.3452441394329071,0.18999023735523224,21.385984420776367,0.03905064985156059,0.011966988444328308,0.19761237502098083
754,0.31493133306503296,1e-04,0.090896785,104.8128,0.0087378705,0.0058524483,0.09347658,0.3443472385406494,0.18919827044010162,21.29506492614746,0.03874057158827782,0.011865228414535522,0.1968262493610382
755,0.31432539224624634,1e-04,0.09079144,104.71678,0.008718718,0.0058408007,0.09337407,0.343454509973526,0.1884104460477829,21.204618453979492,0.03843340277671814,0.011764496564865112,0.19604438543319702
756,0.313720703125,1e-04,0.09068627,104.62089,0.008699617,0.005829181,0.09327174,0.3425658345222473,0.18762695789337158,21.114665985107422,0.038129184395074844,0.011664808727800846,0.1952669620513916
757,0.31311720609664917,1e-04,0.090581246,104.52514,0.008680565,0.005817588,0.09316955,0.34168118238449097,0.18684761226177216,21.025192260742188,0.03782783821225166,0.01156613603234291,0.19449380040168762
758,0.31251490116119385,1e-04,0.0904764,104.42951,0.008661567,0.005806025,0.09306754,0.34080052375793457,0.1860724687576294,20.936193466186523,0.0375293530523777,0.011468465439975262,0.19372494518756866
759,0.31191378831863403,1e-04,0.09037171,104.334,0.008642618,0.0057944884,0.09296568,0.3399239480495453,0.18530167639255524,20.847692489624023,0.03723377361893654,0.011371823959052563,0.19296054542064667
760,0.3113138973712921,1e-04,0.09026718,104.23864,0.008623718,0.0057829805,0.09286398,0.33905136585235596,0.184534952044487,20.759658813476562,0.03694096952676773,0.011276155710220337,0.19220033288002014
761,0.3107152581214905,1e-04,0.09016282,104.14338,0.008604871,0.005771499,0.09276245,0.3381827175617218,0.18377260863780975,20.672119140625,0.03665102645754814,0.011181491427123547,0.19144457578659058
762,0.31011778116226196,1e-04,0.090058625,104.04827,0.008586073,0.005760048,0.09266107,0.33731809258461,0.18301446735858917,20.585067749023438,0.036363884806632996,0.011087809689342976,0.19069316983222961
763,0.30952152609825134,1e-04,0.0899546,103.9533,0.008567328,0.0057486244,0.09255986,0.33645734190940857,0.1822606325149536,20.498502731323242,0.036079537123441696,0.010995104908943176,0.18994614481925964
764,0.30892643332481384,1e-04,0.089850724,103.85842,0.0085486295,0.005737226,0.0924588,0.33560049533843994,0.1815110594034195,20.41242790222168,0.035797957330942154,0.01090337336063385,0.18920348584651947
765,0.30833256244659424,1e-04,0.08974702,103.76371,0.008529982,0.0057258564,0.092357896,0.3347476124763489,0.1807657927274704,20.32684326171875,0.035519130527973175,0.010812599211931229,0.1884651929140091
766,0.30773985385894775,1e-04,0.08964348,103.66912,0.008511385,0.0057145157,0.092257164,0.33389854431152344,0.18002472817897797,20.24173927307129,0.03524301201105118,0.010722766630351543,0.18773122131824493
767,0.30714836716651917,1e-04,0.08954007,103.574646,0.008492836,0.0057032,0.09215658,0.3330534100532532,0.17928802967071533,20.157136917114258,0.03496965393424034,0.010633897967636585,0.18700174987316132
768,0.3065580725669861,1e-04,0.08943687,103.48032,0.008474339,0.005691915,0.09205617,0.33221206068992615,0.17855560779571533,20.073022842407227,0.0346989743411541,0.010545962490141392,0.1862765997648239
769,0.3059689700603485,1e-04,0.089333795,103.38612,0.008455888,0.0056806547,0.09195591,0.3313745856285095,0.1778275966644287,19.989412307739258,0.03443101420998573,0.010458972305059433,0.18555596470832825
770,0.30538105964660645,1e-04,0.0892309,103.292046,0.00843749,0.005669423,0.09185581,0.33054086565971375,0.17710377275943756,19.906282424926758,0.03416568413376808,0.010372892953455448,0.1848396211862564
771,0.3047943115234375,1e-04,0.08912815,103.19813,0.008419139,0.00565822,0.09175587,0.3297109305858612,0.1763843297958374,19.82364845275879,0.03390301391482353,0.010287732817232609,0.18412771821022034
772,0.3042087256908417,1e-04,0.08902558,103.10431,0.008400838,0.005647042,0.09165608,0.32888472080230713,0.17566902935504913,19.741497039794922,0.033642929047346115,0.010203474201261997,0.1834200918674469
773,0.30362439155578613,1e-04,0.08892317,103.01066,0.008382588,0.005635894,0.091556475,0.32806217670440674,0.17495810985565186,19.659839630126953,0.033385466784238815,0.010120118968188763,0.18271690607070923
774,0.30304110050201416,1e-04,0.088820934,102.91711,0.008364388,0.0056247716,0.091457024,0.32724347710609436,0.17425160109996796,19.578689575195312,0.03313061594963074,0.010037664324045181,0.18201817572116852
775,0.30245909094810486,1e-04,0.08871884,102.823715,0.008346233,0.0056136767,0.091357715,0.3264283835887909,0.17354924976825714,19.498016357421875,0.032878294587135315,0.009956085123121738,0.18132372200489044
776,0.3018782138824463,1e-04,0.0886169,102.73041,0.008328127,0.005602608,0.09125857,0.3256169855594635,0.17285124957561493,19.41783905029297,0.032628536224365234,0.009875386022031307,0.18063370883464813
777,0.30129849910736084,1e-04,0.088515155,102.637276,0.008310073,0.005591568,0.091159604,0.3248092234134674,0.17215748131275177,19.33814811706543,0.03238128498196602,0.00979554746299982,0.17994800209999084
778,0.3007199764251709,1e-04,0.088413544,102.54424,0.008292066,0.0055805543,0.09106078,0.324005126953125,0.17146813869476318,19.258962631225586,0.03213657811284065,0.009716589003801346,0.1792667806148529
779,0.30014264583587646,1e-04,0.08831211,102.45135,0.008274107,0.0055695674,0.09096212,0.3232046067714691,0.17078304290771484,19.180261611938477,0.031894344836473465,0.00963847991079092,0.17858988046646118
780,0.29956647753715515,1e-04,0.088210836,102.35859,0.008256197,0.0055586067,0.090863615,0.32240763306617737,0.17010219395160675,19.10205078125,0.03165457770228386,0.009561213664710522,0.17791733145713806
781,0.2989913821220398,1e-04,0.088109724,102.26595,0.008238335,0.005547674,0.090765275,0.3216142952442169,0.16942568123340607,19.024335861206055,0.03141727298498154,0.009484788402915001,0.17724917829036713
782,0.2984175384044647,1e-04,0.08800876,102.17347,0.008220521,0.005536769,0.09066709,0.32082441449165344,0.16875343024730682,18.947107315063477,0.031182384118437767,0.009409195743501186,0.1765853464603424
783,0.2978447675704956,1e-04,0.08790798,102.08109,0.008202757,0.0055258903,0.09056907,0.3200381100177765,0.1680855005979538,18.87037467956543,0.030949926003813744,0.009334427304565907,0.17592591047286987
784,0.2972732186317444,1e-04,0.08780735,101.988846,0.008185037,0.0055150366,0.09047119,0.3192553222179413,0.1674218326807022,18.794130325317383,0.030719859525561333,0.009260476566851139,0.17527081072330475
785,0.2967028319835663,1e-04,0.08770688,101.89677,0.008167369,0.005504213,0.0903735,0.3184760510921478,0.16676253080368042,18.718385696411133,0.03049219213426113,0.009187347255647182,0.1746201366186142
786,0.2961335778236389,1e-04,0.087606564,101.804794,0.008149746,0.005493413,0.09027594,0.3177000880241394,0.16610728204250336,18.64310646057129,0.03026680462062359,0.009114996530115604,0.17397357523441315
787,0.2955654561519623,1e-04,0.087506436,101.71296,0.008132176,0.005482643,0.09017858,0.3169277012348175,0.16545650362968445,18.56833839416504,0.030043819919228554,0.009043460711836815,0.17333152890205383
788,0.29499852657318115,1e-04,0.08740644,101.62124,0.008114645,0.005471896,0.09008133,0.3161586821079254,0.16480998694896698,18.494060516357422,0.02982315607368946,0.008972710929811,0.17269381880760193
789,0.294432669878006,1e-04,0.08730661,101.5297,0.008097168,0.0054611787,0.08998427,0.31539303064346313,0.1641676425933838,18.420259475708008,0.029604772105813026,0.008902736008167267,0.17206037044525146
790,0.2938680052757263,1e-04,0.08720696,101.438286,0.008079738,0.005450488,0.089887366,0.31463077664375305,0.16352957487106323,18.346948623657227,0.0293886661529541,0.008833535946905613,0.17143122851848602
791,0.2933044731616974,1e-04,0.08710744,101.34698,0.008062352,0.005439822,0.089790605,0.3138718903064728,0.16289566457271576,18.27411460876465,0.029174789786338806,0.008765088394284248,0.17080628871917725
792,0.2927421033382416,1e-04,0.08700812,101.255775,0.008045015,0.0054291817,0.08969401,0.3131162226200104,0.1622660607099533,18.2017765045166,0.028963185846805573,0.008697415702044964,0.17018574476242065
793,0.29218077659606934,1e-04,0.08690894,101.164734,0.008027725,0.0054185693,0.089597575,0.31236398220062256,0.16164065897464752,18.12991714477539,0.02875378169119358,0.008630480617284775,0.16956940293312073
794,0.291620671749115,1e-04,0.08680992,101.073814,0.008010482,0.0054079825,0.0895013,0.311614990234375,0.1610194444656372,18.05853843688965,0.028546584770083427,0.008564292453229427,0.16895735263824463
795,0.2910616993904114,1e-04,0.086711064,100.983025,0.0079932865,0.005397423,0.08940518,0.3108692467212677,0.16040238738059998,17.987638473510742,0.028341541066765785,0.008498833514750004,0.1683494597673416
796,0.2905038297176361,1e-04,0.08661236,100.89238,0.007976135,0.005386888,0.08930921,0.31012678146362305,0.159789577126503,17.91722297668457,0.02813868783414364,0.008434108458459377,0.167745903134346
797,0.28994712233543396,1e-04,0.08651383,100.80186,0.007959033,0.0053763813,0.089213416,0.3093875050544739,0.1591809093952179,17.847288131713867,0.02793794870376587,0.008370098657906055,0.1671464890241623
798,0.28939151763916016,1e-04,0.08641546,100.71147,0.007941976,0.005365898,0.089117765,0.3086514174938202,0.15857642889022827,17.777828216552734,0.027739347890019417,0.008306809701025486,0.16655133664608002
799,0.2888370454311371,1e-04,0.08631725,100.6212,0.007924966,0.005355443,0.08902228,0.307918518781662,0.15797610580921173,17.708845138549805,0.027542846277356148,0.008244223892688751,0.1659603714942932
800,0.28828367590904236,1e-04,0.0862192,100.531105,0.007908004,0.0053450135,0.08892696,0.3071887195110321,0.1573798805475235,17.640335083007812,0.027348415926098824,0.008182334713637829,0.1653735637664795
801,0.287731409072876,1e-04,0.08612131,100.44109,0.007891087,0.0053346106,0.08883179,0.30646219849586487,0.15678788721561432,17.572309494018555,0.02715606987476349,0.008121146820485592,0.16479098796844482
802,0.2871803641319275,1e-04,0.08602357,100.351265,0.007874215,0.005324233,0.08873677,0.3057386875152588,0.15620006620883942,17.5047664642334,0.0269657950848341,0.00806064810603857,0.1642126590013504
803,0.2866302728652954,1e-04,0.08592598,100.26152,0.007857388,0.0053138803,0.08864191,0.30501827597618103,0.15561628341674805,17.437681198120117,0.026777518913149834,0.008000819943845272,0.1636383831501007
804,0.28608137369155884,1e-04,0.085828565,100.17194,0.00784061,0.0053035566,0.08854722,0.3043009638786316,0.1550365388393402,17.371063232421875,0.02659122459590435,0.00794165674597025,0.16306816041469574
805,0.285533607006073,1e-04,0.08573133,100.082504,0.007823877,0.0052932566,0.08845268,0.3035866916179657,0.15446098148822784,17.30492401123047,0.02640695869922638,0.007883167825639248,0.16250218451023102
806,0.2849869132041931,1e-04,0.08563423,99.993164,0.0078071887,0.0052829823,0.0883583,0.30287542939186096,0.15388937294483185,17.23923683166504,0.026224618777632713,0.007825326174497604,0.16194017231464386
807,0.28444138169288635,1e-04,0.0855373,99.90398,0.0077905473,0.0052727335,0.08826408,0.30216726660728455,0.1533219814300537,17.174036026000977,0.02604428119957447,0.007768149022012949,0.16138240694999695
808,0.28389692306518555,1e-04,0.085440524,99.8149,0.00777395,0.00526251,0.08817001,0.30146199464797974,0.15275849401950836,17.109285354614258,0.025865832343697548,0.00771160377189517,0.1608285754919052
809,0.2833535671234131,1e-04,0.08534391,99.726,0.0077573983,0.005252313,0.08807609,0.30075976252555847,0.15219911932945251,17.04500389099121,0.025689318776130676,0.007655700668692589,0.16027887165546417
810,0.28281131386756897,1e-04,0.08524745,99.63717,0.007740892,0.00524214,0.08798234,0.3000604510307312,0.15164373815059662,16.981184005737305,0.025514692068099976,0.007600425276905298,0.15973319113254547
811,0.2822701930999756,1e-04,0.08515116,99.54851,0.0077244313,0.0052319947,0.08788875,0.2993640899658203,0.15109235048294067,16.917821884155273,0.02534194104373455,0.007545773405581713,0.15919151902198792
812,0.28173014521598816,1e-04,0.08505503,99.45997,0.007708016,0.0052218745,0.08779531,0.29867058992385864,0.1505449414253235,16.85491371154785,0.02517104148864746,0.007491739001125097,0.1586538404226303
813,0.2811912000179291,1e-04,0.084959045,99.371574,0.0076916465,0.0052117794,0.087702036,0.2979799807071686,0.15000157058238983,16.79247283935547,0.025002002716064453,0.007438319269567728,0.15812021493911743
814,0.28065332770347595,1e-04,0.08486324,99.2833,0.007675319,0.0052017085,0.087608896,0.2972923219203949,0.14946217834949493,16.73048973083496,0.02483479678630829,0.007385506760329008,0.1575905978679657
815,0.2801165282726288,1e-04,0.08476757,99.195175,0.0076590376,0.0051916647,0.08751593,0.29660743474960327,0.14892669022083282,16.66895294189453,0.024669373407959938,0.007333287503570318,0.15706486999988556
816,0.27958089113235474,1e-04,0.08467209,99.10718,0.007642804,0.0051816474,0.08742313,0.29592543840408325,0.14839524030685425,16.607881546020508,0.02450578100979328,0.0072816708125174046,0.15654322504997253
817,0.27904629707336426,1e-04,0.08457676,99.01933,0.007626613,0.0051716543,0.08733048,0.29524627327919006,0.1478676050901413,16.5472469329834,0.02434392273426056,0.007230628747493029,0.15602539479732513
818,0.2785128057003021,1e-04,0.08448156,98.93159,0.0076104635,0.0051616854,0.08723797,0.29456987977027893,0.14734388887882233,16.487062454223633,0.02418382465839386,0.007180168759077787,0.1555114984512329
819,0.27798041701316833,1e-04,0.08438654,98.84401,0.007594363,0.005151742,0.08714564,0.2938961982727051,0.14682410657405853,16.427331924438477,0.024025464430451393,0.007130281999707222,0.15500149130821228
820,0.2774490416049957,1e-04,0.08429168,98.756516,0.0075783026,0.005141823,0.08705345,0.29322531819343567,0.14630812406539917,16.368038177490234,0.02386881411075592,0.007080958690494299,0.15449535846710205
821,0.27691879868507385,1e-04,0.08419698,98.66915,0.0075622876,0.005131929,0.08696141,0.29255709052085876,0.14579598605632782,16.309186935424805,0.02371385134756565,0.007032193709164858,0.15399302542209625
822,0.27638956904411316,1e-04,0.08410244,98.58197,0.007546318,0.005122062,0.086869545,0.2918916940689087,0.14528776705265045,16.25078582763672,0.023560598492622375,0.0069839865900576115,0.15349462628364563
823,0.2758614718914032,1e-04,0.08400806,98.49492,0.007530394,0.00511222,0.08677784,0.29122892022132874,0.14478330314159393,16.19281578063965,0.02340899594128132,0.006936328019946814,0.15299998223781586
824,0.2753344476222992,1e-04,0.0839138,98.40796,0.007514508,0.0051024,0.08668626,0.29056888818740845,0.14428265392780304,16.135284423828125,0.023259049281477928,0.0068892077542841434,0.1525091826915741
825,0.27480852603912354,1e-04,0.08381975,98.321144,0.0074986694,0.0050926055,0.08659486,0.2899114787578583,0.1437857747077942,16.078187942504883,0.02311071939766407,0.006842622999101877,0.1520221084356308
826,0.27428361773490906,1e-04,0.08372585,98.234474,0.0074828765,0.0050828387,0.086503625,0.2892566919326782,0.1432926505804062,16.021520614624023,0.022964006289839745,0.0067965686321258545,0.15153878927230835
827,0.2737598121166229,1e-04,0.08363209,98.14795,0.007467124,0.0050730957,0.08641253,0.2886045575141907,0.14280332624912262,15.965293884277344,0.022818908095359802,0.006751043722033501,0.15105928480625153
828,0.27323707938194275,1e-04,0.08353849,98.06152,0.0074514165,0.005063376,0.086321585,0.28795501589775085,0.1423177421092987,15.90949535369873,0.02267538569867611,0.0067060342989861965,0.15058349072933197
829,0.27271538972854614,1e-04,0.08344506,97.97524,0.0074357516,0.005053682,0.08623081,0.28730806708335876,0.14183588325977325,15.854125022888184,0.022533439099788666,0.006661539431661367,0.15011142194271088
830,0.2721947729587555,1e-04,0.08335177,97.889114,0.007420131,0.005044012,0.086140186,0.28666362166404724,0.1413576602935791,15.799174308776855,0.022393018007278442,0.0066175456158816814,0.1496429741382599
831,0.271675169467926,1e-04,0.083258644,97.8031,0.0074045532,0.005034367,0.08604971,0.28602176904678345,0.14088313281536102,15.744647979736328,0.022254131734371185,0.006574053317308426,0.14917819201946259
832,0.2711566388607025,1e-04,0.08316568,97.71722,0.0073890174,0.005024745,0.0859594,0.285382479429245,0.1404123455286026,15.6905517578125,0.022116800770163536,0.006531069055199623,0.14871717989444733
833,0.27063921093940735,1e-04,0.08307288,97.63147,0.0073735253,0.005015149,0.08586923,0.2847456932067871,0.1399451345205307,15.636866569519043,0.021980931982398033,0.006488562095910311,0.14825968444347382
834,0.27012285590171814,1e-04,0.082980216,97.54588,0.007358075,0.005005578,0.08577922,0.2841114103794098,0.1394815891981125,15.583605766296387,0.021846571937203407,0.0064465440809726715,0.147805854678154
835,0.2696075141429901,1e-04,0.08288773,97.46037,0.0073426687,0.0049960306,0.08568937,0.28347960114479065,0.139021635055542,15.530756950378418,0.021713674068450928,0.006405005697160959,0.1473556011915207
836,0.26909324526786804,1e-04,0.0827954,97.375046,0.0073273056,0.004986509,0.08559968,0.2828502058982849,0.13856522738933563,15.478317260742188,0.021582216024398804,0.006363938096910715,0.14690886437892914
837,0.26857995986938477,1e-04,0.08270322,97.28983,0.0073119835,0.0049770093,0.085510135,0.2822232246398926,0.13811232149600983,15.426277160644531,0.021452179178595543,0.006323330104351044,0.14646562933921814
838,0.26806771755218506,1e-04,0.082611196,97.20475,0.007296704,0.004967534,0.08542075,0.2815987169742584,0.1376630961894989,15.374664306640625,0.02132360078394413,0.006283195223659277,0.14602603018283844
839,0.2675566077232361,1e-04,0.08251934,97.11981,0.007281471,0.0049580857,0.08533154,0.28097665309906006,0.13721738755702972,15.323455810546875,0.021196424961090088,0.006243515759706497,0.1455899178981781
840,0.2670465111732483,1e-04,0.08242761,97.03499,0.007266274,0.0049486584,0.08524244,0.2803570032119751,0.1367751508951187,15.27264404296875,0.021070629358291626,0.006204286590218544,0.14515726268291473
841,0.26653748750686646,1e-04,0.08233607,96.95032,0.0072511225,0.004939257,0.08515352,0.279739648103714,0.13633644580841064,15.222241401672363,0.02094622515141964,0.006165510043501854,0.14472810924053192
842,0.2660294473171234,1e-04,0.08224467,96.86577,0.007236012,0.00492988,0.085064754,0.2791246771812439,0.13590116798877716,15.172233581542969,0.020823167636990547,0.006127169821411371,0.1443023532629013
843,0.26552245020866394,1e-04,0.08215343,96.78136,0.0072209453,0.004920526,0.084976144,0.27851200103759766,0.13546937704086304,15.122628211975098,0.020701466128230095,0.00608926871791482,0.14388003945350647
844,0.26501646637916565,1e-04,0.08206235,96.69707,0.0072059184,0.004911196,0.08488768,0.2779017686843872,0.1350410431623459,15.073418617248535,0.020581109449267387,0.006051802542060614,0.1434611827135086
845,0.2645115852355957,1e-04,0.08197142,96.612915,0.0071909344,0.0049018906,0.08479938,0.27729377150535583,0.13461604714393616,15.024596214294434,0.020462049171328545,0.006014756392687559,0.14304561913013458
846,0.26400771737098694,1e-04,0.08188065,96.528885,0.0071759904,0.004892607,0.08471122,0.2766880393028259,0.134194478392601,14.976165771484375,0.02034430019557476,0.005978134926408529,0.14263345301151276
847,0.26350483298301697,1e-04,0.081790045,96.44501,0.0071610906,0.00488335,0.084623225,0.2760846018791199,0.13377629220485687,14.928126335144043,0.020227840170264244,0.005941926967352629,0.14222460985183716
848,0.26300302147865295,1e-04,0.08169957,96.361244,0.0071462304,0.004874115,0.08453538,0.27548345923423767,0.13336151838302612,14.880478858947754,0.020112676545977592,0.005906138569116592,0.14181916415691376
849,0.26250219345092773,1e-04,0.08160927,96.27761,0.0071314094,0.0048649027,0.084447674,0.27488452196121216,0.13294994831085205,14.833202362060547,0.019998731091618538,0.005870746914297342,0.14141686260700226
850,0.26200243830680847,1e-04,0.08151913,96.19413,0.007116634,0.004855716,0.084360145,0.27428779006004333,0.13254179060459137,14.786316871643066,0.019886059686541557,0.005835760850459337,0.14101794362068176
851,0.2615036368370056,1e-04,0.08142914,96.11074,0.0071018958,0.0048465505,0.08427275,0.27369335293769836,0.13213695585727692,14.739815711975098,0.019774632528424263,0.00580117991194129,0.1406223028898239
852,0.2610059082508087,1e-04,0.0813393,96.027534,0.007087202,0.0048374124,0.08418552,0.2731010913848877,0.1317353993654251,14.693692207336426,0.01966443844139576,0.0057669938541948795,0.1402299553155899
853,0.2605092227458954,1e-04,0.08124961,95.94445,0.007072548,0.0048282957,0.08409844,0.27251100540161133,0.1313370317220688,14.647936820983887,0.019555414095520973,0.0057331882417202,0.13984067738056183
854,0.26001352071762085,1e-04,0.081160106,95.861496,0.0070579355,0.0048192036,0.08401152,0.27192309498786926,0.1309419721364975,14.602561950683594,0.019447607919573784,0.005699770990759134,0.1394546777009964
855,0.2595188319683075,1e-04,0.08107073,95.77869,0.007043364,0.004810135,0.083924755,0.2713373303413391,0.13055014610290527,14.5575590133667,0.019340993836522102,0.005666735116392374,0.13907189667224884
856,0.2590251564979553,1e-04,0.08098153,95.69598,0.0070288326,0.0048010894,0.083838135,0.2707536518573761,0.13016147911548615,14.512920379638672,0.019235527142882347,0.0056340694427490234,0.1386922001838684
857,0.25853249430656433,1e-04,0.080892466,95.61346,0.007014344,0.0047920686,0.08375168,0.27017220854759216,0.1297759711742401,14.468647003173828,0.019131213426589966,0.005601778160780668,0.13831563293933868
858,0.2580408751964569,1e-04,0.080803536,95.53101,0.006999891,0.004783068,0.08366535,0.2695927917957306,0.12939371168613434,14.424748420715332,0.019028067588806152,0.005569858010858297,0.13794225454330444
859,0.2575502097606659,1e-04,0.080714785,95.44872,0.0069854804,0.004774092,0.08357919,0.26901549100875854,0.1290145367383957,14.381202697753906,0.018926026299595833,0.005538290832191706,0.13757190108299255
860,0.25706055760383606,1e-04,0.0806262,95.366585,0.006971112,0.0047651394,0.08349319,0.26844027638435364,0.12863849103450775,14.338020324707031,0.018825119361281395,0.005507087800651789,0.13720466196537018
861,0.2565719485282898,1e-04,0.080537744,95.28453,0.00695678,0.004756209,0.08340731,0.2678671181201935,0.1282656043767929,14.295199394226074,0.0187253188341856,0.0054762400686740875,0.13684049248695374
862,0.25608429312705994,1e-04,0.080449454,95.20266,0.006942491,0.0047473037,0.08332161,0.2672960162162781,0.12789571285247803,14.252726554870605,0.01862659864127636,0.0054457359947264194,0.13647930324077606
863,0.25559765100479126,1e-04,0.0803613,95.1209,0.0069282404,0.00473842,0.08323605,0.26672694087028503,0.12752887606620789,14.21060562133789,0.01852894388139248,0.005415577441453934,0.13612106442451477
864,0.25511202216148376,1e-04,0.08027332,95.03925,0.0069140303,0.00472956,0.08315065,0.26615989208221436,0.1271650642156601,14.16883373260498,0.018432360142469406,0.005385755095630884,0.13576583564281464
865,0.25462737679481506,1e-04,0.080185495,94.957756,0.00689986,0.004720722,0.0830654,0.26559481024742126,0.12680421769618988,14.127402305603027,0.018336815759539604,0.005356269422918558,0.1354134976863861
866,0.25414374470710754,1e-04,0.08009785,94.87638,0.006885731,0.004711908,0.082980305,0.26503175497055054,0.12644650042057037,14.086331367492676,0.01824234612286091,0.005327124614268541,0.1350642293691635
867,0.25366106629371643,1e-04,0.0800103,94.79514,0.0068716384,0.0047031147,0.082895346,0.26447075605392456,0.12609167397022247,14.045594215393066,0.018148891627788544,0.005298305302858353,0.13471782207489014
868,0.2531794607639313,1e-04,0.07992295,94.71404,0.0068575884,0.0046943463,0.08281056,0.263911634683609,0.12573982775211334,14.005200386047363,0.01805645413696766,0.0052698105573654175,0.13437430560588837
869,0.25269877910614014,1e-04,0.07983573,94.633064,0.0068435757,0.0046856,0.082725905,0.26335448026657104,0.12539096176624298,13.965153694152832,0.017965039238333702,0.005241638049483299,0.13403372466564178
870,0.2522190511226654,1e-04,0.079748675,94.55222,0.006829603,0.0046768757,0.082641415,0.26279929280281067,0.12504497170448303,13.925435066223145,0.01787460409104824,0.005213783588260412,0.13369594514369965
871,0.25174036622047424,1e-04,0.07966177,94.4715,0.0068156705,0.0046681752,0.082557075,0.2622460424900055,0.12470191717147827,13.886055946350098,0.017785169184207916,0.0051862443797290325,0.13336104154586792
872,0.2512626349925995,1e-04,0.07957501,94.39092,0.0068017743,0.004659496,0.08247287,0.26169469952583313,0.12436175346374512,13.847010612487793,0.017696714028716087,0.0051590148359537125,0.1330289989709854
873,0.2507859170436859,1e-04,0.07948841,94.31048,0.00678792,0.004650842,0.08238883,0.2611452639102936,0.12402445822954178,13.808296203613281,0.017609218135476112,0.005132094491273165,0.13269972801208496
874,0.25031015276908875,1e-04,0.07940196,94.230156,0.006774102,0.0046422076,0.08230493,0.26059770584106445,0.12368998676538467,13.76990795135498,0.017522668465971947,0.005105473101139069,0.13237321376800537
875,0.24983537197113037,1e-04,0.07931566,94.14999,0.006760325,0.004633597,0.082221195,0.26005205512046814,0.12335839867591858,13.731852531433105,0.017437085509300232,0.005079155787825584,0.132049560546875
876,0.2493615746498108,1e-04,0.07922951,94.06991,0.006746584,0.0046250075,0.08213759,0.25950828194618225,0.12302955985069275,13.694113731384277,0.017352407798171043,0.0050531295128166676,0.13172854483127594
877,0.24888876080513,1e-04,0.07914351,93.99001,0.0067328843,0.004616443,0.08205415,0.258966326713562,0.12270352989435196,13.656699180603027,0.01726865954697132,0.0050273980014026165,0.13141027092933655
878,0.24841690063476562,1e-04,0.07905768,93.91022,0.006719222,0.0046078996,0.08197086,0.2584262192249298,0.12238027900457382,13.619603157043457,0.01718582585453987,0.005001958925276995,0.13109472393989563
879,0.24794599413871765,1e-04,0.07897198,93.830574,0.0067055984,0.0045993784,0.08188772,0.25788795948028564,0.12205978482961655,13.5828275680542,0.017103897407650948,0.004976802039891481,0.1307818740606308
880,0.24747605621814728,1e-04,0.07888645,93.751076,0.0066920146,0.004590881,0.08180474,0.2573515474796295,0.12174204736948013,13.546371459960938,0.017022861167788506,0.0049519301392138,0.13047169148921967
881,0.24700716137886047,1e-04,0.07880105,93.6717,0.0066784685,0.004582405,0.081721894,0.2568168640136719,0.12142691761255264,13.510214805603027,0.01694268174469471,0.0049273292534053326,0.13016405701637268
882,0.2465391606092453,1e-04,0.07871582,93.59247,0.00666496,0.0045739515,0.08163921,0.25628405809402466,0.12111455947160721,13.474377632141113,0.016863392665982246,0.004903009627014399,0.12985911965370178
883,0.24607214331626892,1e-04,0.07863073,93.51331,0.0066514867,0.004565518,0.08155665,0.2557530105113983,0.12080488353967667,13.438850402832031,0.016784969717264175,0.0048789638094604015,0.1295568197965622
884,0.24560609459877014,1e-04,0.078545794,93.43434,0.0066380543,0.0045571076,0.08147425,0.25522369146347046,0.12049776315689087,13.403617858886719,0.016707366332411766,0.004855177365243435,0.1292569786310196
885,0.24514098465442657,1e-04,0.078461014,93.35548,0.0066246605,0.0045487205,0.08139202,0.2546961009502411,0.1201932430267334,13.368685722351074,0.016630597412586212,0.004831654950976372,0.12895967066287994
886,0.24467682838439941,1e-04,0.0783764,93.27677,0.0066113034,0.004540354,0.08130992,0.25417035818099976,0.11989141255617142,13.334063529968262,0.016554677858948708,0.004808400757610798,0.1286649852991104
887,0.24421367049217224,1e-04,0.07829191,93.198135,0.006597983,0.004532009,0.08122797,0.25364628434181213,0.1195921078324318,13.29973316192627,0.01647956483066082,0.004785401280969381,0.12837275862693787
888,0.2437514364719391,1e-04,0.07820759,93.11968,0.0065847016,0.0045236866,0.08114617,0.253123939037323,0.1192953959107399,13.265702247619629,0.016405267640948296,0.004762659315019846,0.12808305025100708
889,0.24329012632369995,1e-04,0.078123406,93.04134,0.006571458,0.004515386,0.08106453,0.25260335206985474,0.11900130659341812,13.231974601745605,0.016331786289811134,0.004740175325423479,0.12779587507247925
890,0.2428298145532608,1e-04,0.078039385,92.96315,0.00655825,0.004507108,0.08098302,0.2520844340324402,0.11870962381362915,13.198524475097656,0.016259068623185158,0.004717929754406214,0.12751105427742004
891,0.24237045645713806,1e-04,0.07795551,92.88506,0.006545081,0.0044988496,0.080901675,0.2515670657157898,0.11842060089111328,13.165379524230957,0.016187166795134544,0.0046959430910646915,0.12722879648208618
892,0.241911843419075,1e-04,0.07787175,92.80711,0.006531943,0.0044906125,0.080820434,0.25105154514312744,0.11813399195671082,13.132515907287598,0.016116024926304817,0.004674194846302271,0.12694890797138214
893,0.2414543628692627,1e-04,0.077788174,92.72929,0.006518848,0.004482397,0.08073938,0.2505376636981964,0.11784985661506653,13.099937438964844,0.016045639291405678,0.004652685020118952,0.12667138874530792
894,0.2409978210926056,1e-04,0.07770473,92.65159,0.0065057864,0.0044742036,0.08065846,0.2500254809856415,0.11756819486618042,13.067645072937012,0.015976017341017723,0.00463141780346632,0.1263962686061859
895,0.2405422329902649,1e-04,0.07762147,92.57404,0.006492767,0.004466034,0.08057771,0.24951492249965668,0.11728895455598831,13.035630226135254,0.015907136723399162,0.004610381089150906,0.12612350285053253
896,0.2400875687599182,1e-04,0.077538334,92.49664,0.006479782,0.004457885,0.08049709,0.24900603294372559,0.11701216548681259,13.003901481628418,0.015839003026485443,0.004589579068124294,0.12585310637950897
897,0.23963387310504913,1e-04,0.077455364,92.419365,0.0064668353,0.0044497577,0.080416635,0.24849876761436462,0.11673778295516968,12.972447395324707,0.01577160321176052,0.004569007083773613,0.12558504939079285
898,0.23918108642101288,1e-04,0.07737253,92.34218,0.006453921,0.00444165,0.0803363,0.2479931265115738,0.11646578460931778,12.941269874572754,0.015704922378063202,0.004548663739115,0.12531928718090057
899,0.23872925341129303,1e-04,0.077289835,92.26516,0.0064410456,0.0044335644,0.08025613,0.2474890500307083,0.11619620770215988,12.910370826721191,0.015638969838619232,0.004528546240180731,0.12505586445331573
900,0.23827828466892242,1e-04,0.07720731,92.188255,0.0064282077,0.004425502,0.08017611,0.24698662757873535,0.11592891812324524,12.879737854003906,0.015573709271848202,0.004508645739406347,0.12479466944932938
901,0.2378283143043518,1e-04,0.077124916,92.111534,0.0064154053,0.00441746,0.08009622,0.24648581445217133,0.11566400527954102,12.849377632141113,0.01550915464758873,0.0044889687560498714,0.12453575432300568
902,0.2373792976140976,1e-04,0.077042684,92.03491,0.0064026406,0.0044094403,0.0800165,0.24598652124404907,0.11540133506059647,12.819279670715332,0.015445270575582981,0.004469500854611397,0.12427899986505508
903,0.23693116009235382,1e-04,0.0769606,91.958374,0.006389911,0.004401439,0.079936914,0.24548885226249695,0.11514101177453995,12.789451599121094,0.01538208406418562,0.0044502513483166695,0.12402453273534775
904,0.23648399114608765,1e-04,0.07687866,91.88203,0.006377216,0.0043934598,0.079857476,0.2449926882982254,0.11488284915685654,12.759871482849121,0.015319541096687317,0.004431202542036772,0.12377213686704636
905,0.23603768646717072,1e-04,0.07679685,91.80578,0.0063645565,0.0043855007,0.07977817,0.2444981038570404,0.11462704092264175,12.730563163757324,0.015257689170539379,0.004412369336932898,0.12352202087640762
906,0.23559235036373138,1e-04,0.07671522,91.72966,0.006351935,0.0043775635,0.07969903,0.24400508403778076,0.11437347531318665,12.70151424407959,0.01519649475812912,0.004393744748085737,0.123274065554142
907,0.23514792323112488,1e-04,0.07663373,91.65369,0.0063393493,0.004369649,0.07962003,0.24351352453231812,0.11412212252616882,12.672721862792969,0.015135944820940495,0.004375321324914694,0.1230282261967659
908,0.2347043752670288,1e-04,0.07655239,91.577835,0.006326799,0.004361754,0.07954118,0.2430235892534256,0.11387300491333008,12.644187927246094,0.015076051466166973,0.004357099067419767,0.1227845698595047
909,0.23426181077957153,1e-04,0.07647117,91.50211,0.006314283,0.00435388,0.07946246,0.24253511428833008,0.11362600326538086,12.615898132324219,0.015016771852970123,0.004339073784649372,0.12254294008016586
910,0.23382017016410828,1e-04,0.076390125,91.4265,0.006301802,0.0043460247,0.07938389,0.24204817414283752,0.11338124424219131,12.58786678314209,0.014958136714994907,0.004321250133216381,0.12230346351861954
911,0.23337939381599426,1e-04,0.07630923,91.35107,0.0062893596,0.0043381937,0.079305485,0.24156269431114197,0.11313856393098831,12.560076713562012,0.014900106936693192,0.004303612280637026,0.12206599116325378
912,0.23293954133987427,1e-04,0.07622848,91.27572,0.0062769507,0.0043303818,0.07922721,0.2410786896944046,0.1128980740904808,12.532536506652832,0.014842699281871319,0.004286168608814478,0.12183061987161636
913,0.2325005680322647,1e-04,0.07614786,91.20052,0.006264577,0.0043225903,0.07914908,0.2405962496995926,0.11265969276428223,12.505244255065918,0.014785900712013245,0.004268916789442301,0.1215972900390625
914,0.23206259310245514,1e-04,0.076067396,91.12544,0.006252239,0.004314819,0.079071105,0.2401151955127716,0.11242339760065079,12.478190422058105,0.014729700982570648,0.0042518493719398975,0.1213659793138504
915,0.23162543773651123,1e-04,0.07598708,91.0505,0.006239935,0.0043070694,0.07899326,0.23963563144207,0.11218926310539246,12.451386451721191,0.01467410009354353,0.004234971012920141,0.12113670259714127
916,0.23118920624256134,1e-04,0.07590692,90.9757,0.006227668,0.0042993403,0.07891557,0.2391575425863266,0.1119571104645729,12.424812316894531,0.0146190719678998,0.0042182691395282745,0.12090935558080673
917,0.23075389862060547,1e-04,0.07582688,90.90101,0.006215433,0.0042916317,0.07883802,0.238680899143219,0.11172708123922348,12.398483276367188,0.014564634300768375,0.004201753064990044,0.12068402767181396
918,0.23031949996948242,1e-04,0.075747,90.82647,0.006203235,0.004283943,0.07876062,0.2382057160139084,0.11149909347295761,12.372387886047363,0.01451077964156866,0.004185417201370001,0.12046069651842117
919,0.2298860102891922,1e-04,0.07566728,90.75206,0.0061910725,0.004276277,0.07868337,0.23773188889026642,0.11127305775880814,12.346522331237793,0.014457467012107372,0.004169250372797251,0.12023920565843582
920,0.22945336997509003,1e-04,0.07558768,90.67777,0.006178941,0.004268629,0.07860624,0.23725958168506622,0.11104914546012878,12.320899963378906,0.014404743909835815,0.0041532679460942745,0.12001976370811462
921,0.22902165353298187,1e-04,0.07550822,90.6036,0.0061668446,0.004261001,0.07852926,0.23678861558437347,0.11082714796066284,12.29549789428711,0.014352557249367237,0.004137450363487005,0.11980216205120087
922,0.22859083116054535,1e-04,0.07542894,90.52958,0.006154786,0.0042533944,0.078452446,0.23631906509399414,0.1106070801615715,12.270319938659668,0.014300907962024212,0.004121800884604454,0.11958640068769455
923,0.22816091775894165,1e-04,0.07534977,90.45567,0.0061427588,0.0042458083,0.07837576,0.23585094511508942,0.11038903146982193,12.245375633239746,0.014249813742935658,0.0041063218377530575,0.11937258392572403
924,0.22773189842700958,1e-04,0.07527077,90.381905,0.006130767,0.004238242,0.07829922,0.23538419604301453,0.1101728305220604,12.220643043518066,0.014199231751263142,0.004091005306690931,0.11916053295135498
925,0.22730377316474915,1e-04,0.07519191,90.30824,0.0061188075,0.0042306944,0.078222804,0.23491881787776947,0.10995859652757645,12.19614028930664,0.014149192720651627,0.004075856413692236,0.11895038187503815
926,0.22687651216983795,1e-04,0.07511319,90.234764,0.0061068856,0.0042231698,0.07814656,0.23445485532283783,0.10974626988172531,12.171854972839355,0.014099669642746449,0.004060868173837662,0.11874202638864517
927,0.22645018994808197,1e-04,0.075034626,90.16133,0.006094993,0.004215662,0.07807044,0.23399221897125244,0.10953578352928162,12.147784233093262,0.014050652272999287,0.004046036396175623,0.11853544414043427
928,0.22602471709251404,1e-04,0.07495619,90.08809,0.0060831388,0.0042081764,0.07799448,0.2335309386253357,0.10932720452547073,12.123934745788574,0.01400215458124876,0.004031364340335131,0.1183307021856308
929,0.22560009360313416,1e-04,0.0748779,90.014946,0.006071314,0.004200708,0.07791864,0.23307101428508759,0.10912048816680908,12.100299835205078,0.013954159803688526,0.004016847815364599,0.1181277260184288
930,0.2251763790845871,1e-04,0.074799776,89.94193,0.0060595265,0.004193262,0.07784296,0.2326124608516693,0.10891559720039368,12.076873779296875,0.013906660489737988,0.004002485424280167,0.11792650818824768
931,0.22475358843803406,1e-04,0.074721776,89.86907,0.006047772,0.004185836,0.077767424,0.2321551889181137,0.10871249437332153,12.053657531738281,0.013859639875590801,0.003988273907452822,0.11772697418928146
932,0.22433160245418549,1e-04,0.07464392,89.7963,0.006036048,0.004178428,0.07769201,0.23169931769371033,0.10851126909255981,12.030655860900879,0.01381312683224678,0.003974216990172863,0.1175292581319809
933,0.22391054034233093,1e-04,0.07456623,89.72367,0.0060243607,0.004171041,0.07761676,0.23124471306800842,0.1083117350935936,12.007850646972656,0.013767067342996597,0.003960303496569395,0.11733314394950867
934,0.22349035739898682,1e-04,0.074488655,89.651184,0.006012705,0.0041636736,0.077541634,0.23079144954681396,0.10811415314674377,11.985270500183105,0.0137215256690979,0.003946547396481037,0.11713891476392746
935,0.22307100892066956,1e-04,0.07441125,89.578835,0.006001085,0.0041563264,0.077466674,0.23033949732780457,0.10791825503110886,11.962885856628418,0.013676430098712444,0.003932930063456297,0.1169462725520134
936,0.22265255451202393,1e-04,0.07433396,89.50659,0.0059894947,0.004148998,0.077391826,0.22988884150981903,0.10772410035133362,11.940704345703125,0.013631799258291721,0.0039194547571241856,0.11675529927015305
937,0.22223499417304993,1e-04,0.07425682,89.4345,0.0059779403,0.00414169,0.07731714,0.22943951189517975,0.10753173381090164,11.918726921081543,0.013587637804448605,0.003906126134097576,0.11656602472066879
938,0.22181828320026398,1e-04,0.07417982,89.36251,0.005966417,0.0041344007,0.07724258,0.22899144887924194,0.10734111070632935,11.896949768066406,0.013543936423957348,0.0038929388392716646,0.11637841910123825
939,0.22140243649482727,1e-04,0.07410298,89.290665,0.005954928,0.0041271313,0.07716818,0.22854465246200562,0.10715212672948837,11.87536334991455,0.013500668108463287,0.0038798872847110033,0.11619237810373306
940,0.2209874540567398,1e-04,0.074026264,89.21894,0.00594347,0.0041198814,0.07709391,0.22809913754463196,0.10696486383676529,11.853978157043457,0.013457853347063065,0.0038669744972139597,0.11600799113512039
941,0.2205733209848404,1e-04,0.07394969,89.14733,0.005932044,0.004112649,0.07701976,0.22765488922595978,0.10677927732467651,11.832783699035645,0.013415473513305187,0.0038541953545063734,0.11582518368959427
942,0.22016006708145142,1e-04,0.07387327,89.07587,0.0059206523,0.0041054375,0.076945774,0.22721195220947266,0.10659534484148026,11.811782836914062,0.013373521156609058,0.00384154892526567,0.1156439408659935
943,0.21974772214889526,1e-04,0.073797,89.004555,0.005909297,0.004098248,0.076871954,0.22677020728588104,0.1064130887389183,11.790974617004395,0.013332006521522999,0.0038290394004434347,0.11546430736780167
944,0.21933616697788239,1e-04,0.07372085,88.93331,0.005897968,0.0040910738,0.07679823,0.2263297289609909,0.10623244196176529,11.770352363586426,0.01329091191291809,0.00381665606983006,0.1152862161397934
945,0.21892549097537994,1e-04,0.07364484,88.86225,0.005886673,0.0040839207,0.076724656,0.22589053213596344,0.1060534343123436,11.749919891357422,0.013250231742858887,0.003804400796070695,0.1151096522808075
946,0.21851570904254913,1e-04,0.07356899,88.791306,0.005875413,0.0040767877,0.07665124,0.2254525125026703,0.10587605088949203,11.72967529296875,0.013209979049861431,0.0037922796327620745,0.11493467539548874
947,0.2181067168712616,1e-04,0.073493265,88.72047,0.005864181,0.0040696715,0.07657794,0.22501574456691742,0.10570018738508224,11.70960521697998,0.013170115649700165,0.003780277678743005,0.114761121571064
948,0.2176986038684845,1e-04,0.0734177,88.64976,0.0058529847,0.0040625753,0.076504804,0.22458018362522125,0.10552588850259781,11.689716339111328,0.013130661100149155,0.0037684000562876463,0.11458909511566162
949,0.21729134023189545,1e-04,0.07334227,88.57918,0.005841819,0.0040554986,0.076431796,0.2241458296775818,0.10535316914319992,11.670010566711426,0.01309159118682146,0.0037566442042589188,0.11441849172115326
950,0.21688494086265564,1e-04,0.073266976,88.50871,0.005830685,0.00404844,0.07635892,0.2237127125263214,0.10518207401037216,11.650492668151855,0.013052945025265217,0.0037450173404067755,0.11424948275089264
951,0.2164793610572815,1e-04,0.073191814,88.43839,0.005819581,0.0040413993,0.07628618,0.22328080236911774,0.10501251369714737,11.631152153015137,0.013014689087867737,0.00373350759036839,0.11408194154500961
952,0.2160746306180954,1e-04,0.0731168,88.368164,0.00580851,0.004034378,0.07621358,0.22285008430480957,0.10484439134597778,11.611977577209473,0.012976798228919506,0.003722112625837326,0.11391574889421463
953,0.21567076444625854,1e-04,0.07304195,88.29811,0.0057974732,0.0040273783,0.07614114,0.2224205732345581,0.10467780381441116,11.592979431152344,0.01293929573148489,0.003710836172103882,0.11375102400779724
954,0.21526773273944855,1e-04,0.072967194,88.22817,0.005786465,0.0040203943,0.07606882,0.22199222445487976,0.10451271384954453,11.574156761169434,0.012902169488370419,0.003699675900861621,0.11358771473169327
955,0.2148655652999878,1e-04,0.07289261,88.15835,0.0057754912,0.0040134317,0.07599665,0.22156506776809692,0.10434906929731369,11.555499076843262,0.012865412048995495,0.0036886297166347504,0.11342579871416092
956,0.2144642025232315,1e-04,0.07281815,88.08864,0.005764544,0.0040064845,0.0759246,0.2211391031742096,0.10418692231178284,11.537014961242676,0.012829020619392395,0.0036776959896087646,0.1132652685046196
957,0.21406370401382446,1e-04,0.072743855,88.01908,0.005753632,0.0039995587,0.0758527,0.22071430087089539,0.10402625054121017,11.51870059967041,0.01279300544410944,0.003666876582428813,0.11310616880655289
958,0.21366403996944427,1e-04,0.07266968,87.94962,0.0057427497,0.0039926497,0.075780936,0.2202906608581543,0.10386711359024048,11.500564575195312,0.012757368385791779,0.003656174289062619,0.11294852197170258
959,0.21326519548892975,1e-04,0.07259564,87.8803,0.0057318998,0.003985761,0.07570931,0.21986813843250275,0.10370925068855286,11.482577323913574,0.012722051702439785,0.003645569086074829,0.11279207468032837
960,0.21286717057228088,1e-04,0.07252175,87.81114,0.0057210815,0.0039788904,0.07563783,0.2194468230009079,0.10355290025472641,11.464762687683105,0.012687102891504765,0.0036350786685943604,0.11263704299926758
961,0.21247000992298126,1e-04,0.07244798,87.74205,0.0057102917,0.0039720377,0.07556647,0.2190266251564026,0.10339788347482681,11.447102546691895,0.012652491219341755,0.003624692326411605,0.11248329281806946
962,0.2120736688375473,1e-04,0.07237436,87.67311,0.005699534,0.003965203,0.07549526,0.2186076045036316,0.1032443642616272,11.42961597442627,0.012618247419595718,0.0036144161131232977,0.11233097314834595
963,0.211678147315979,1e-04,0.07230089,87.60431,0.005688808,0.003958388,0.07542419,0.21818970143795013,0.10309216380119324,11.412281036376953,0.012584328651428223,0.0036042414139956236,0.11217989772558212
964,0.21128347516059875,1e-04,0.072227545,87.53563,0.005678112,0.0039515914,0.07535325,0.21777291595935822,0.10294140130281448,11.395113945007324,0.012550760060548782,0.0035941721871495247,0.11203017830848694
965,0.21088959276676178,1e-04,0.072154336,87.46706,0.0056674452,0.0039448114,0.07528244,0.21735729277133942,0.10279196500778198,11.378097534179688,0.012517520226538181,0.003584204474464059,0.11188172549009323
966,0.21049658954143524,1e-04,0.07208126,87.398605,0.005656809,0.0039380495,0.07521176,0.21694274246692657,0.10264378786087036,11.361228942871094,0.012484590522944927,0.003574332920834422,0.11173446476459503
967,0.21010436117649078,1e-04,0.072008334,87.33031,0.0056462064,0.0039313086,0.07514124,0.21652935445308685,0.10249709337949753,11.344531059265137,0.012452013790607452,0.0035645675379782915,0.11158858984708786
968,0.20971298217773438,1e-04,0.071935534,87.2621,0.0056356303,0.0039245836,0.075070836,0.2161170393228531,0.1023515835404396,11.327969551086426,0.012419736944139004,0.0035548964515328407,0.11144387722015381
969,0.20932239294052124,1e-04,0.07186289,87.19407,0.0056250887,0.0039178794,0.07500059,0.21570585668087006,0.10220751166343689,11.31157398223877,0.012387797236442566,0.0035453259479254484,0.11130048334598541
970,0.20893263816833496,1e-04,0.07179036,87.12612,0.0056145727,0.00391119,0.07493045,0.21529576182365417,0.10206463187932968,11.295317649841309,0.01235615462064743,0.0035358488094061613,0.11115824431180954
971,0.20854370296001434,1e-04,0.07171798,87.05831,0.0056040897,0.0039045198,0.07486047,0.21488678455352783,0.10192310065031052,11.279215812683105,0.012324836105108261,0.003526468528434634,0.11101727932691574
972,0.20815560221672058,1e-04,0.07164574,86.99064,0.0055936365,0.003897868,0.07479062,0.21447886526584625,0.10178276896476746,11.263253211975098,0.012293805368244648,0.0035171788185834885,0.11087743192911148
973,0.2077682614326477,1e-04,0.07157362,86.92305,0.0055832127,0.0038912334,0.0747209,0.21407204866409302,0.10164374113082886,11.247440338134766,0.012263092212378979,0.003507983637973666,0.1107388436794281
974,0.20738177001476288,1e-04,0.071501665,86.85561,0.0055728205,0.0038846186,0.07465132,0.21366630494594574,0.10150590538978577,11.231766700744629,0.012232661247253418,0.0034988755360245705,0.11060136556625366
975,0.2069960981607437,1e-04,0.071429834,86.78829,0.005562457,0.00387802,0.07458188,0.21326161921024323,0.10136932134628296,11.21623706817627,0.012202531099319458,0.003489860100671649,0.11046506464481354
976,0.20661120116710663,1e-04,0.07135812,86.72109,0.005552121,0.0038714383,0.074512556,0.21285802125930786,0.10123395919799805,11.200848579406738,0.012172696180641651,0.0034809354692697525,0.11032994091510773
977,0.2062271386384964,1e-04,0.07128657,86.65401,0.0055418164,0.003864875,0.07444338,0.21245546638965607,0.10109982639551163,11.185603141784668,0.012143153697252274,0.0034720972180366516,0.11019597947597504
978,0.20584385097026825,1e-04,0.071215145,86.587074,0.005531542,0.00385833,0.07437434,0.21205398440361023,0.10096690058708191,11.17049503326416,0.012113896198570728,0.0034633486066013575,0.11006314307451248
979,0.20546138286590576,1e-04,0.07114385,86.520226,0.005521295,0.0038518016,0.074305415,0.21165356040000916,0.1008351519703865,11.155524253845215,0.01208492275327444,0.003454686840996146,0.10993144661188126
980,0.20507971942424774,1e-04,0.07107269,86.45353,0.005511079,0.0038452917,0.07423664,0.21125422418117523,0.1007046177983284,11.140693664550781,0.012056236155331135,0.003446110524237156,0.10980089008808136
981,0.20469887554645538,1e-04,0.07100167,86.38694,0.0055008926,0.0038387994,0.074168004,0.2108559012413025,0.10057532787322998,11.126007080078125,0.012027837336063385,0.003437624080106616,0.10967149585485458
982,0.2043187916278839,1e-04,0.07093079,86.32048,0.0054907342,0.0038323242,0.07409949,0.2104586660861969,0.10044712573289871,11.111445426940918,0.011999700218439102,0.003429216332733631,0.10954314470291138
983,0.20393957197666168,1e-04,0.07086003,86.25414,0.005480606,0.0038258678,0.074031115,0.2100624293088913,0.10032010078430176,11.09701919555664,0.011971837840974331,0.0034208924043923616,0.10941589623689651
984,0.20356108248233795,1e-04,0.07078941,86.187965,0.005470507,0.0038194282,0.073962875,0.20966720581054688,0.10019421577453613,11.08272647857666,0.011944242753088474,0.0034126501996070147,0.10928972065448761
985,0.2031833976507187,1e-04,0.07071894,86.121864,0.0054604365,0.0038130064,0.07389477,0.20927304029464722,0.10006947070360184,11.068564414978027,0.011916917748749256,0.003404493210837245,0.10916463285684586
986,0.2028065323829651,1e-04,0.07064857,86.0559,0.005450394,0.0038066006,0.07382678,0.20887990295886993,0.09994581341743469,11.05452823638916,0.011889845132827759,0.0033964086323976517,0.10904056578874588
987,0.20243044197559357,1e-04,0.07057835,85.99006,0.005440381,0.003800213,0.07375894,0.20848777890205383,0.09982330352067947,11.040623664855957,0.0118630426004529,0.0033884067088365555,0.10891759395599365
988,0.20205514132976532,1e-04,0.07050828,85.924355,0.005430397,0.0037938433,0.07369123,0.2080966681241989,0.09970185905694962,11.026844024658203,0.011836486868560314,0.003380483016371727,0.10879562050104141
989,0.20168063044548035,1e-04,0.07043834,85.858765,0.005420443,0.0037874915,0.07362366,0.20770660042762756,0.09958154708147049,11.01319408416748,0.01181019376963377,0.0033726368565112352,0.10867471247911453
990,0.20130692422389984,1e-04,0.07036852,85.79329,0.0054105157,0.0037811552,0.07355621,0.20731748640537262,0.09946221858263016,10.999659538269043,0.01178413350135088,0.003364862874150276,0.10855475068092346
991,0.20093397796154022,1e-04,0.070298836,85.72795,0.005400618,0.003774837,0.0734889,0.20692941546440125,0.09934406727552414,10.986258506774902,0.011758342385292053,0.0033571692183613777,0.10843589156866074
992,0.20056182146072388,1e-04,0.07022928,85.66271,0.005390747,0.0037685349,0.07342171,0.20654235780239105,0.09922689199447632,10.97297191619873,0.011732774786651134,0.0033495451789349318,0.10831793397665024
993,0.2001904845237732,1e-04,0.070159845,85.59759,0.0053809034,0.0037622491,0.07335464,0.20615623891353607,0.09911074489355087,10.959800720214844,0.011707453988492489,0.0033419958781450987,0.10820098966360092
994,0.199819877743721,1e-04,0.07009058,85.53261,0.0053710914,0.0037559825,0.07328773,0.20577110350131989,0.09899566322565079,10.946755409240723,0.011682373471558094,0.003334519686177373,0.1080850288271904
995,0.1994500458240509,1e-04,0.07002141,85.46773,0.005361305,0.0037497315,0.07322093,0.20538699626922607,0.09888163208961487,10.933831214904785,0.01165753323584795,0.0033271166030317545,0.10797005891799927
996,0.19908101856708527,1e-04,0.06995242,85.403,0.00535155,0.0037434984,0.073154286,0.20500388741493225,0.09876856207847595,10.92101764678955,0.011632916517555714,0.003319781506434083,0.10785599797964096
997,0.1987127661705017,1e-04,0.06988353,85.33837,0.0053418214,0.0037372818,0.07308777,0.20462168753147125,0.09865650534629822,10.90832233428955,0.011608530767261982,0.0033125150948762894,0.10774289071559906
998,0.19834527373313904,1e-04,0.06981477,85.27386,0.0053321184,0.00373108,0.07302135,0.20424051582813263,0.09854546934366226,10.895744323730469,0.011584379710257053,0.0033053241204470396,0.10763075947761536
999,0.19797858595848083,1e-04,0.06974616,85.20947,0.005322446,0.0037248987,0.072955094,0.2038603127002716,0.09843539446592331,10.88327693939209,0.011560452170670033,0.003298197640106082,0.10751954466104507
1000,0.19761264324188232,1e-04,0.06967767,85.14521,0.0053128004,0.0037187317,0.07288896,0.203481063246727,0.09832638502120972,10.870930671691895,0.011536764912307262,0.0032911438029259443,0.10740933567285538
1001,0.1972474753856659,1e-04,0.0696093,85.08108,0.005303182,0.0037125822,0.07282295,0.20310276746749878,0.09821828454732895,10.858692169189453,0.011513281613588333,0.0032841532956808805,0.10729996114969254
1002,0.19688306748867035,1e-04,0.06954109,85.01708,0.0052935933,0.0037064508,0.07275709,0.20272548496723175,0.09811123460531235,10.846573829650879,0.011490034870803356,0.003277234034612775,0.10719157755374908
1003,0.19651947915554047,1e-04,0.06947297,84.95314,0.005284027,0.0037003325,0.072691314,0.20234911143779755,0.09800507873296738,10.834559440612793,0.011466997675597668,0.0032703783363103867,0.10708406567573547
1004,0.1961566060781479,1e-04,0.069405,84.8894,0.005274494,0.0036942342,0.07262571,0.20197367668151855,0.09789983183145523,10.822649955749512,0.011444163508713245,0.0032635852694511414,0.10697739571332932
1005,0.1957944929599762,1e-04,0.06933717,84.825745,0.0052649854,0.0036881506,0.07256022,0.20159925520420074,0.09779557585716248,10.810853004455566,0.01142155472189188,0.0032568585593253374,0.10687167197465897
1006,0.19543318450450897,1e-04,0.069269456,84.76217,0.005255504,0.003682084,0.07249486,0.20122571289539337,0.09769222140312195,10.799160957336426,0.01139914896339178,0.0032501965761184692,0.10676679760217667
1007,0.19507260620594025,1e-04,0.06920187,84.698746,0.0052460497,0.0036760324,0.07242962,0.2008531093597412,0.09758982062339783,10.787579536437988,0.011376955546438694,0.0032435960602015257,0.1066628098487854
1008,0.1947127878665924,1e-04,0.06913443,84.63549,0.0052366257,0.0036700002,0.07236453,0.20048148930072784,0.09748832136392593,10.776103019714355,0.011354967020452023,0.0032370593398809433,0.10655968636274338
1009,0.19435375928878784,1e-04,0.0690671,84.57229,0.005227224,0.0036639816,0.07229954,0.2001107931137085,0.09738770127296448,10.764727592468262,0.011333179660141468,0.0032305812928825617,0.10645740479230881
1010,0.19399544596672058,1e-04,0.06899991,84.50924,0.0052178516,0.003657981,0.0722347,0.19974099099636078,0.09728801250457764,10.753458976745605,0.01131159346550703,0.003224167274311185,0.10635597258806229
1011,0.1936379075050354,1e-04,0.06893285,84.44631,0.0052085076,0.0036519975,0.07216999,0.19937214255332947,0.09718912094831467,10.742281913757324,0.011290189810097218,0.003217805875465274,0.10625530779361725
1012,0.1932811439037323,1e-04,0.06886593,84.38349,0.005199189,0.0036460287,0.0721054,0.1990041881799698,0.09709111601114273,10.731208801269531,0.01126898918300867,0.003211508272215724,0.10615549236536026
1013,0.1929250955581665,1e-04,0.06879912,84.32078,0.0051898966,0.003640076,0.07204094,0.1986372023820877,0.09699398279190063,10.720234870910645,0.01124798133969307,0.003205266548320651,0.10605650395154953
1014,0.19256985187530518,1e-04,0.06873245,84.25822,0.0051806313,0.0036341401,0.0719766,0.19827105104923248,0.09689777344465256,10.709366798400879,0.01122717559337616,0.0031990893185138702,0.10595836490392685
1015,0.19221527874469757,1e-04,0.068665914,84.19574,0.0051713935,0.0036282204,0.0719124,0.19790586829185486,0.09680234640836716,10.698590278625488,0.011206545867025852,0.003192964242771268,0.10586097091436386
1016,0.19186149537563324,1e-04,0.0685995,84.133385,0.005162181,0.0036223158,0.07184832,0.19754157960414886,0.09670772403478622,10.687907218933105,0.011186100542545319,0.003186892718076706,0.10576436668634415
1017,0.1915084719657898,1e-04,0.068533204,84.07115,0.005152995,0.0036164278,0.07178437,0.1971781998872757,0.09661397337913513,10.677323341369629,0.011165845207870007,0.0031808800995349884,0.1056685596704483
1018,0.19115617871284485,1e-04,0.06846704,84.00904,0.005143835,0.0036105553,0.07172053,0.19681571424007416,0.09652110189199448,10.666842460632324,0.01114578079432249,0.0031749254558235407,0.10557357966899872
1019,0.1908046454191208,1e-04,0.068401,83.94706,0.0051347027,0.0036047,0.07165684,0.19645415246486664,0.0964289978146553,10.656449317932129,0.011125892400741577,0.0031690241303294897,0.10547934472560883
1020,0.19045385718345642,1e-04,0.06833511,83.8852,0.0051255967,0.0035988607,0.07159327,0.19609346985816956,0.0963377133011818,10.646149635314941,0.011106184683740139,0.0031631793826818466,0.10538588464260101
1021,0.19010379910469055,1e-04,0.06826933,83.823425,0.0051165153,0.0035930353,0.07152982,0.19573365151882172,0.09624724835157394,10.635945320129395,0.011086654849350452,0.0031573858577758074,0.10529318451881409
1022,0.189754456281662,1e-04,0.06820367,83.761795,0.0051074596,0.0035872275,0.07146649,0.1953747719526291,0.09615755081176758,10.625829696655273,0.011067298240959644,0.003151645651087165,0.10520122945308685
1023,0.1894059032201767,1e-04,0.06813816,83.70028,0.0050984332,0.0035814361,0.07140332,0.1950167417526245,0.09606862813234329,10.615802764892578,0.011048109270632267,0.0031459571328014135,0.10510998964309692
1024,0.18905805051326752,1e-04,0.06807275,83.63887,0.0050894287,0.0035756582,0.07134023,0.19465959072113037,0.09598051756620407,10.605870246887207,0.011029100976884365,0.0031403216999024153,0.10501952469348907
1025,0.18871094286441803,1e-04,0.06800749,83.5776,0.0050804536,0.003569898,0.0712773,0.19430333375930786,0.09589319676160812,10.596028327941895,0.011010264046490192,0.003134737489745021,0.10492980480194092
1026,0.18836456537246704,1e-04,0.06794236,83.516426,0.0050715036,0.0035641536,0.07121449,0.1939479559659958,0.09580656886100769,10.586265563964844,0.010991585440933704,0.0031292028725147247,0.10484076291322708
1027,0.18801894783973694,1e-04,0.06787733,83.455376,0.005062577,0.0035584222,0.071151786,0.19359342753887177,0.09572076797485352,10.576600074768066,0.01097308099269867,0.0031237180810421705,0.10475247353315353
1028,0.18767403066158295,1e-04,0.067812435,83.39445,0.0050536776,0.003552709,0.07108922,0.19323977828025818,0.09563571959733963,10.567021369934082,0.010954741388559341,0.003118285909295082,0.10466489940881729
1029,0.18732984364032745,1e-04,0.06774767,83.33363,0.005044803,0.0035470105,0.07102678,0.19288697838783264,0.09555131942033768,10.557517051696777,0.010936546139419079,0.0031128961127251387,0.1045779436826706
1030,0.18698638677597046,1e-04,0.06768302,83.272934,0.005035952,0.0035413264,0.07096444,0.19253504276275635,0.09546768665313721,10.548099517822266,0.010918520390987396,0.003107558935880661,0.10449172556400299
1031,0.18664366006851196,1e-04,0.06761852,83.21236,0.0050271326,0.0035356604,0.07090227,0.1921839863061905,0.09538481384515762,10.538771629333496,0.01090066134929657,0.0031022706534713507,0.10440623015165329
1032,0.18630166351795197,1e-04,0.06755412,83.15187,0.0050183325,0.0035300069,0.07084019,0.19183380901813507,0.09530266374349594,10.529524803161621,0.010882954113185406,0.0030970291700214148,0.10432139784097672
1033,0.18596039712429047,1e-04,0.067489855,83.09153,0.005009559,0.0035243698,0.070778236,0.19148440659046173,0.09522116184234619,10.520354270935059,0.010865390300750732,0.0030918288975954056,0.10423718392848969
1034,0.18561984598636627,1e-04,0.06742571,83.03127,0.0050008115,0.0035187479,0.07071642,0.1911359280347824,0.09514042735099792,10.511271476745605,0.010847997851669788,0.0030866831075400114,0.10415372252464294
1035,0.18528001010417938,1e-04,0.0673617,82.97115,0.0049920892,0.0035131422,0.07065472,0.19078826904296875,0.09506040066480637,10.502270698547363,0.010830755345523357,0.0030815794598311186,0.10407091677188873
1036,0.184940904378891,1e-04,0.0672978,82.911156,0.004983391,0.0035075503,0.07059314,0.19044147431850433,0.09498104453086853,10.49334716796875,0.010813656263053417,0.0030765209812670946,0.10398872941732407
1037,0.1846025437116623,1e-04,0.06723404,82.851265,0.0049747196,0.0035019757,0.07053169,0.19009549915790558,0.09490235894918442,10.484501838684082,0.010796703398227692,0.003071507439017296,0.10390718281269073
1038,0.1842648833990097,1e-04,0.06717042,82.79151,0.004966073,0.003496416,0.07047037,0.18975035846233368,0.09482435137033463,10.47573184967041,0.010779906064271927,0.0030665386002510786,0.10382632911205292
1039,0.18392789363861084,1e-04,0.06710688,82.73186,0.0049574496,0.0034908704,0.07040916,0.18940606713294983,0.09474704414606094,10.467045783996582,0.010763250291347504,0.0030616146977990866,0.10374608635902405
1040,0.18359166383743286,1e-04,0.067043476,82.6723,0.0049488507,0.003485339,0.07034807,0.18906261026859283,0.09467045217752457,10.458440780639648,0.010746750049293041,0.0030567366629838943,0.10366653650999069
1041,0.183256134390831,1e-04,0.066980205,82.61289,0.004940278,0.0034798242,0.07028711,0.1887199729681015,0.09459441155195236,10.449897766113281,0.010730371810495853,0.0030518940184265375,0.10358750820159912
1042,0.18292133510112762,1e-04,0.066917054,82.553566,0.004931728,0.0034743233,0.07022626,0.18837817013263702,0.09451904892921448,10.441434860229492,0.010714136995375156,0.003047096775844693,0.10350911319255829
1043,0.18258723616600037,1e-04,0.06685403,82.49437,0.0049232044,0.0034688388,0.07016555,0.1880371868610382,0.09444434195756912,10.4330472946167,0.010698049329221249,0.0030423440039157867,0.10343137383460999
1044,0.18225383758544922,1e-04,0.06679113,82.435295,0.004914705,0.0034633696,0.07010496,0.18769699335098267,0.0943702831864357,10.424734115600586,0.010682093910872936,0.003037627087906003,0.10335421562194824
1045,0.18192113935947418,1e-04,0.06672836,82.376335,0.004906231,0.0034579148,0.070044495,0.18735764920711517,0.09429684281349182,10.41649055480957,0.010666278190910816,0.0030329551082104445,0.10327767580747604
1046,0.18158914148807526,1e-04,0.066665694,82.31747,0.0048977784,0.0034524729,0.06998413,0.18701912462711334,0.0942240059375763,10.408317565917969,0.010650589130818844,0.0030283238738775253,0.10320169478654861
1047,0.18125788867473602,1e-04,0.06660315,82.258705,0.0048893495,0.003447045,0.069923885,0.18668138980865479,0.0941518247127533,10.400221824645996,0.01063503697514534,0.0030237294267863035,0.10312631726264954
1048,0.1809273064136505,1e-04,0.06654074,82.20011,0.0048809494,0.0034416367,0.06986379,0.18634448945522308,0.09408026188611984,10.392194747924805,0.01061962265521288,0.0030191801488399506,0.1030515506863594
1049,0.1805974394083023,1e-04,0.06647845,82.141594,0.0048725707,0.0034362401,0.069803804,0.18600836396217346,0.09400927275419235,10.384234428405762,0.010604329407215118,0.003014666959643364,0.10297732800245285
1050,0.18026825785636902,1e-04,0.06641628,82.0832,0.004864216,0.0034308587,0.06974393,0.18567310273647308,0.09393893927335739,10.376349449157715,0.010589178651571274,0.0030101926531642675,0.10290373116731644
1051,0.17993979156017303,1e-04,0.066354215,82.0249,0.004855883,0.0034254906,0.06968416,0.1853385865688324,0.093869149684906,10.36852741241455,0.010574143379926682,0.0030057569965720177,0.10283065587282181
1052,0.17961201071739197,1e-04,0.0662923,81.96674,0.0048475787,0.0034201401,0.06962456,0.18500490486621857,0.09379995614290237,10.360774993896484,0.010559233836829662,0.0030013590585440397,0.10275813192129135
1053,0.1792849749326706,1e-04,0.066230476,81.90865,0.0048392937,0.0034148006,0.069565035,0.18467196822166443,0.0937313362956047,10.353087425231934,0.010544446296989918,0.0029969941824674606,0.10268615186214447
1054,0.17895856499671936,1e-04,0.06616879,81.85072,0.0048310347,0.0034094783,0.06950565,0.18433988094329834,0.09366336464881897,10.345475196838379,0.01052980124950409,0.0029926744755357504,0.10261482000350952
1055,0.17863287031650543,1e-04,0.06610723,81.7929,0.0048227995,0.0034041703,0.06944638,0.18400855362415314,0.09359589219093323,10.337920188903809,0.010515260510146618,0.0029883862007409334,0.10254394263029099
1056,0.1783078908920288,1e-04,0.06604578,81.73517,0.0048145866,0.003398875,0.06938722,0.1836780607700348,0.09352907538414001,10.330439567565918,0.01050085574388504,0.002984139136970043,0.102473683655262
1057,0.1779836118221283,1e-04,0.06598445,81.67756,0.0048063984,0.0033935953,0.0693282,0.18334829807281494,0.09346271306276321,10.323012351989746,0.010486551560461521,0.0029799221083521843,0.10240386426448822
1058,0.1776599884033203,1e-04,0.06592325,81.62007,0.004798234,0.003388331,0.069269285,0.18301932513713837,0.09339696168899536,10.315654754638672,0.010472374968230724,0.0029757439624518156,0.10233462601900101
1059,0.17733706533908844,1e-04,0.06586217,81.56269,0.0047900933,0.0033830802,0.0692105,0.1826910823583603,0.09333179146051407,10.308363914489746,0.0104583241045475,0.002971601439639926,0.10226594656705856
1060,0.17701473832130432,1e-04,0.06580119,81.50538,0.004781971,0.0033778413,0.0691518,0.18236364424228668,0.09326702356338501,10.301119804382324,0.010444358922541142,0.0029674859251827,0.10219764709472656
1061,0.17669318616390228,1e-04,0.06574034,81.44824,0.0047738766,0.0033726196,0.06909324,0.18203705549240112,0.0932028666138649,10.293946266174316,0.010430525057017803,0.0029634106904268265,0.10212994366884232
1062,0.17637231945991516,1e-04,0.06567961,81.39118,0.0047658044,0.0033674103,0.06903481,0.18171119689941406,0.09313928335905075,10.286836624145508,0.010416806675493717,0.0029593687504529953,0.10206276178359985
1063,0.17605213820934296,1e-04,0.06561901,81.334236,0.004757756,0.0033622168,0.06897649,0.18138611316680908,0.09307622164487839,10.279788970947266,0.010403203777968884,0.0029553633648902178,0.10199609398841858
1064,0.17573264241218567,1e-04,0.0655585,81.27743,0.0047497293,0.0033570365,0.06891828,0.18106180429458618,0.09301364421844482,10.272796630859375,0.010389703325927258,0.0029513861518353224,0.10192989557981491
1065,0.1754138171672821,1e-04,0.06549813,81.220695,0.004741726,0.0033518705,0.06886019,0.18073824048042297,0.09295159578323364,10.265864372253418,0.010376316495239735,0.0029474461916834116,0.10186420381069183
1066,0.17509567737579346,1e-04,0.065437876,81.16411,0.0047337464,0.003346719,0.06880223,0.18041545152664185,0.09289009124040604,10.258996963500977,0.010363039560616016,0.002943536266684532,0.10179901868104935
1067,0.17477820813655853,1e-04,0.06537775,81.10761,0.004725789,0.0033415812,0.06874438,0.1800934225320816,0.09282901883125305,10.252175331115723,0.010349861346185207,0.002939657075330615,0.10173426568508148
1068,0.17446142435073853,1e-04,0.06531773,81.05122,0.0047178552,0.0033364573,0.06868664,0.17977218329906464,0.09276849776506424,10.2454195022583,0.010336794890463352,0.002935810014605522,0.1016700267791748
1069,0.17414532601833344,1e-04,0.06525783,80.994934,0.0047099437,0.0033313471,0.06862903,0.17945167422294617,0.09270849823951721,10.238722801208496,0.010323837399482727,0.002931998809799552,0.10160628706216812
1070,0.17382989823818207,1e-04,0.06519804,80.9388,0.0047020544,0.003326252,0.06857153,0.1791319102048874,0.09264892339706421,10.232075691223145,0.010310973972082138,0.00292821298353374,0.10154296457767487
1071,0.17351512610912323,1e-04,0.06513838,80.882744,0.0046941885,0.00332117,0.068514146,0.1788129061460495,0.09258994460105896,10.225497245788574,0.010298230685293674,0.0029244639445096254,0.10148020088672638
1072,0.17320102453231812,1e-04,0.06507882,80.8268,0.004686344,0.003316102,0.06845687,0.1784946620464325,0.09253132343292236,10.218958854675293,0.010285567492246628,0.0029207400511950254,0.10141778737306595
1073,0.17288760840892792,1e-04,0.0650194,80.77099,0.0046785246,0.0033110492,0.06839974,0.178177148103714,0.09247323870658875,10.212481498718262,0.01027301698923111,0.002917048754170537,0.1013558954000473
1074,0.17257484793663025,1e-04,0.064960085,80.715256,0.004670724,0.0033060075,0.06834269,0.17786039412021637,0.09241563081741333,10.206059455871582,0.010260562412440777,0.002913388656452298,0.10129443556070328
1075,0.1722627729177475,1e-04,0.06490088,80.65963,0.004662947,0.00330098,0.06828577,0.17754434049129486,0.09235841035842896,10.19968318939209,0.010248198173940182,0.0029097518417984247,0.10123338550329208
1076,0.17195133864879608,1e-04,0.0648418,80.60413,0.0046551926,0.0032959671,0.068228975,0.17722909152507782,0.09230171889066696,10.193366050720215,0.01023593544960022,0.0029061490204185247,0.1011727973818779
1077,0.17164061963558197,1e-04,0.06478282,80.54872,0.0046474584,0.0032909666,0.06817227,0.17691455781459808,0.09224548190832138,10.187101364135742,0.01022377423942089,0.002902575535699725,0.10111267864704132
1078,0.171330526471138,1e-04,0.064724,80.49346,0.0046397513,0.003285983,0.06811572,0.17660072445869446,0.09218969196081161,10.180888175964355,0.010211707092821598,0.0028990295249968767,0.10105299204587936
1079,0.17102107405662537,1e-04,0.06466526,80.438286,0.0046320623,0.0032810098,0.06805926,0.17628765106201172,0.09213434904813766,10.174725532531738,0.01019973587244749,0.0028955114539712667,0.10099374502897263
1080,0.17071230709552765,1e-04,0.06460662,80.38322,0.004624394,0.00327605,0.068002895,0.17597530782222748,0.09207945317029953,10.16861629486084,0.010187852196395397,0.002892020158469677,0.10093489289283752
1081,0.17040421068668365,1e-04,0.06454812,80.32825,0.004616749,0.003271105,0.067946665,0.17566367983818054,0.09202497452497482,10.162552833557129,0.010176059789955616,0.002888556569814682,0.10087645798921585
1082,0.1700967401266098,1e-04,0.06448974,80.27339,0.0046091275,0.0032661739,0.067890555,0.1753527969121933,0.09197095781564713,10.156542778015137,0.010164367966353893,0.0028851234819740057,0.10081849247217178
1083,0.16978995501995087,1e-04,0.064431466,80.21865,0.004601526,0.0032612549,0.06783455,0.17504261434078217,0.09191732853651047,10.150577545166016,0.010152753442525864,0.0028817113488912582,0.10076086968183517
1084,0.16948381066322327,1e-04,0.0643733,80.16401,0.0045939465,0.0032563496,0.06777866,0.17473317682743073,0.09186416119337082,10.144664764404297,0.010141232050955296,0.002878328785300255,0.10070368647575378
1085,0.1691783219575882,1e-04,0.06431527,80.1095,0.00458639,0.0032514583,0.067722894,0.1744244545698166,0.09181138128042221,10.13879680633545,0.010129798203706741,0.0028749722987413406,0.10064689815044403
1086,0.16887350380420685,1e-04,0.06425733,80.05505,0.0045788526,0.0032465793,0.067667216,0.17411644756793976,0.0917590856552124,10.132984161376953,0.010118464939296246,0.002871645614504814,0.10059057921171188
1087,0.16856932640075684,1e-04,0.06419951,80.000755,0.004571338,0.003241714,0.06761167,0.17380914092063904,0.09170711785554886,10.127209663391113,0.010107199661433697,0.002868339419364929,0.10053457319736481
1088,0.16826577484607697,1e-04,0.06414181,79.94654,0.004563845,0.003236862,0.06755624,0.173502579331398,0.09165560454130173,10.12148666381836,0.010096029378473759,0.0028650618623942137,0.10047899931669235
1089,0.1679629236459732,1e-04,0.064084224,79.892456,0.004556375,0.0032320246,0.06750093,0.1731967031955719,0.09160450845956802,10.115811347961426,0.010084944777190685,0.0028618101496249437,0.10042382776737213
1090,0.1676606833934784,1e-04,0.06402672,79.838455,0.0045489212,0.0032271966,0.06744569,0.1728915423154831,0.09155378490686417,10.110179901123047,0.010073939338326454,0.0028585828840732574,0.10036901384592056
1091,0.1673590987920761,1e-04,0.06396938,79.784584,0.0045414944,0.0032223861,0.06739061,0.1725870817899704,0.09150344133377075,10.10459041595459,0.01006301585584879,0.0028553775046020746,0.10031458735466003
1092,0.16705815494060516,1e-04,0.06391213,79.73081,0.0045340867,0.0032175872,0.06733563,0.172283336520195,0.09145355224609375,10.099053382873535,0.01005218829959631,0.002852201694622636,0.10026060044765472
1093,0.16675785183906555,1e-04,0.063854985,79.677124,0.004526698,0.0032127998,0.06728074,0.17198029160499573,0.09140396863222122,10.093552589416504,0.010041418485343456,0.002849045442417264,0.1002068817615509
1094,0.16645820438861847,1e-04,0.063797966,79.62357,0.004519333,0.0032080277,0.067225985,0.17167794704437256,0.09135480970144272,10.088099479675293,0.01003073900938034,0.0028459150344133377,0.10015358030796051
1095,0.16615918278694153,1e-04,0.06374105,79.57011,0.0045119873,0.0032032665,0.06717133,0.1713763177394867,0.09130602329969406,10.082687377929688,0.010020140558481216,0.0028428074438124895,0.10010065138339996
1096,0.1658608317375183,1e-04,0.063684255,79.51677,0.004504665,0.0031985198,0.0671168,0.17107535898685455,0.09125757217407227,10.077315330505371,0.010009613819420338,0.0028397224377840757,0.10004805773496628
1097,0.16556310653686523,1e-04,0.06362757,79.46351,0.0044973614,0.0031937852,0.06706237,0.17077511548995972,0.0912095382809639,10.071991920471191,0.0099991699680686,0.002836661646142602,0.09999585151672363
1098,0.1652660071849823,1e-04,0.06357098,79.41035,0.0044900775,0.0031890625,0.06700804,0.1704755276441574,0.0911618247628212,10.066702842712402,0.009988798759877682,0.002833624603226781,0.09994398057460785
1099,0.1649695485830307,1e-04,0.06351452,79.35734,0.0044828174,0.0031843544,0.066953845,0.1701766699552536,0.0911145880818367,10.061470031738281,0.009978522546589375,0.0028306127060204744,0.09989255666732788
1100,0.16467371582984924,1e-04,0.06345817,79.3044,0.004475576,0.003179658,0.06689975,0.16987848281860352,0.09106758236885071,10.056262969970703,0.009968295693397522,0.0028276180382817984,0.09984135627746582
1101,0.1643785536289215,1e-04,0.06340193,79.25158,0.004468356,0.0031749753,0.06684576,0.16958098113536835,0.09102099388837814,10.051102638244629,0.009958156384527683,0.0028246480505913496,0.09979056566953659
1102,0.16408397257328033,1e-04,0.0633458,79.19886,0.0044611557,0.0031703052,0.066791885,0.1692841649055481,0.09097472578287125,10.045981407165527,0.009948082268238068,0.002821698784828186,0.09974007308483124
1103,0.16379006206989288,1e-04,0.06328978,79.14625,0.0044539757,0.0031656472,0.066738114,0.16898800432682037,0.09092876315116882,10.0408935546875,0.009938076138496399,0.002818767912685871,0.09968990087509155
1104,0.16349674761295319,1e-04,0.06323387,79.09373,0.004446817,0.0031610015,0.06668446,0.16869258880615234,0.09088320285081863,10.03585147857666,0.00992815475910902,0.0028158638160675764,0.0996401235461235
1105,0.1632041037082672,1e-04,0.06317808,79.04131,0.0044396794,0.0031563696,0.06663092,0.16839779913425446,0.0908380076289177,10.030850410461426,0.009918304160237312,0.002812979044392705,0.09959068149328232
1106,0.162912055850029,1e-04,0.0631224,78.98902,0.004432562,0.0031517502,0.06657749,0.16810369491577148,0.09079309552907944,10.025883674621582,0.009908515028655529,0.0028101156931370497,0.09954152256250381
1107,0.1626206636428833,1e-04,0.0630668,78.93681,0.004425463,0.0031471413,0.066524155,0.16781029105186462,0.09074855595827103,10.02095890045166,0.009898803196847439,0.002807273529469967,0.09949272871017456
1108,0.16232986748218536,1e-04,0.06301133,78.8847,0.004418384,0.0031425457,0.06647092,0.1675175279378891,0.09070431441068649,10.016067504882812,0.009889153763651848,0.002804449526593089,0.09944422543048859
1109,0.16203969717025757,1e-04,0.06295598,78.832726,0.004411328,0.0031379652,0.06641783,0.1672254502773285,0.09066043049097061,10.01121711730957,0.0098795834928751,0.0028016511350870132,0.09939609467983246
1110,0.1617501676082611,1e-04,0.06290072,78.780846,0.004404289,0.003133394,0.06636482,0.1669340878725052,0.09061694145202637,10.006412506103516,0.00987008586525917,0.002798871835693717,0.09934830665588379
1111,0.1614612638950348,1e-04,0.06284559,78.729065,0.0043972726,0.0031288376,0.06631193,0.16664332151412964,0.09057364612817764,10.001628875732422,0.009860641323029995,0.002796108601614833,0.09930076450109482
1112,0.16117295622825623,1e-04,0.06279055,78.67737,0.004390274,0.0031242913,0.066259146,0.16635321080684662,0.09053067117929459,9.996882438659668,0.00985125731676817,0.0027933649253100157,0.09925349801778793
1113,0.1608852595090866,1e-04,0.06273564,78.62582,0.0043832976,0.0031197597,0.06620648,0.1660638153553009,0.09048803895711899,9.99217414855957,0.009841947816312313,0.0027906429022550583,0.0992065891623497
1114,0.16059821844100952,1e-04,0.06268082,78.574326,0.004376339,0.0031152389,0.0661539,0.16577506065368652,0.09044567495584488,9.98749828338623,0.009832688607275486,0.0027879357803612947,0.09915991127490997
1115,0.1603117734193802,1e-04,0.0626261,78.52296,0.0043693995,0.0031107299,0.06610143,0.16548697650432587,0.0904037281870842,9.982869148254395,0.009823516011238098,0.0027852540370076895,0.09911365061998367
1116,0.1600259393453598,1e-04,0.06257152,78.47167,0.0043624816,0.0031062344,0.066049084,0.16519954800605774,0.0903620645403862,9.978271484375,0.009814406745135784,0.002782591851428151,0.09906768798828125
1117,0.15974074602127075,1e-04,0.06251701,78.42051,0.0043555815,0.0031017496,0.065996826,0.16491277515888214,0.0903206393122673,9.973702430725098,0.009805348701775074,0.002779946429654956,0.09902196377515793
1118,0.15945613384246826,1e-04,0.062462628,78.36944,0.0043487013,0.0030972774,0.06594469,0.16462667286396027,0.09027954190969467,9.969169616699219,0.009796357713639736,0.0027773187030106783,0.09897655248641968
1119,0.1591721475124359,1e-04,0.062408365,78.318474,0.0043418426,0.0030928184,0.06589266,0.16434116661548615,0.09023866802453995,9.9646635055542,0.009787415154278278,0.0027747061103582382,0.09893136471509933
1120,0.1588887721300125,1e-04,0.0623542,78.26762,0.0043350034,0.0030883716,0.06584074,0.16405636072158813,0.09019819647073746,9.96020221710205,0.009778548963367939,0.0027721161022782326,0.09888654947280884
1121,0.15860599279403687,1e-04,0.06230014,78.21684,0.004328181,0.0030839352,0.06578891,0.16377218067646027,0.09015796333551407,9.955767631530762,0.0097697414457798,0.002769543556496501,0.09884200245141983
1122,0.15832383930683136,1e-04,0.062246185,78.1662,0.00432138,0.0030795129,0.0657372,0.16348865628242493,0.09011799097061157,9.951363563537598,0.009760985150933266,0.0027669856790453196,0.09879770129919052
1123,0.1580422818660736,1e-04,0.06219233,78.11564,0.0043145963,0.0030751005,0.065685585,0.1632058024406433,0.09007829427719116,9.946990966796875,0.009752287529408932,0.002764444798231125,0.0987536683678627
1124,0.1577613353729248,1e-04,0.062138606,78.06519,0.004307835,0.003070702,0.0656341,0.16292355954647064,0.09003888815641403,9.94265079498291,0.009743650443851948,0.002761924872174859,0.09870993345975876
1125,0.15748099982738495,1e-04,0.062084954,78.01479,0.004301088,0.0030663132,0.06558268,0.16264194250106812,0.0899997353553772,9.938339233398438,0.009735070168972015,0.002759418683126569,0.09866645932197571
1126,0.15720124542713165,1e-04,0.06203142,77.964554,0.0042943624,0.0030619374,0.06553139,0.1623609960079193,0.08996089547872543,9.934063911437988,0.009726549498736858,0.002756930887699127,0.09862326830625534
1127,0.1569221019744873,1e-04,0.061978,77.91438,0.004287656,0.0030575728,0.065480195,0.16208069026470184,0.08992230892181396,9.929817199707031,0.009718085639178753,0.0027544612530618906,0.09858035296201706
1128,0.1566435843706131,1e-04,0.061924696,77.86434,0.0042809704,0.0030532214,0.06542913,0.16180101037025452,0.08988399058580399,9.9256010055542,0.00970967672765255,0.0027520067524164915,0.09853769093751907
1129,0.15636563301086426,1e-04,0.061871488,77.81439,0.004274302,0.0030488812,0.065378144,0.16152195632457733,0.08984590321779251,9.921412467956543,0.009701316244900227,0.002749568549916148,0.09849525988101959
1130,0.15608827769756317,1e-04,0.061818372,77.76455,0.0042676525,0.0030445529,0.06532727,0.1612435281276703,0.08980808407068253,9.917252540588379,0.009693012572824955,0.002747145714238286,0.0984530970454216
1131,0.15581154823303223,1e-04,0.06176538,77.714775,0.0042610224,0.003040236,0.06527651,0.16096577048301697,0.08977053314447403,9.91312313079834,0.00968476664274931,0.0027447398751974106,0.0984112098813057
1132,0.15553539991378784,1e-04,0.061712485,77.6651,0.0042544096,0.0030359298,0.06522583,0.1606886237859726,0.08973333239555359,9.90903377532959,0.009676589630544186,0.002742356387898326,0.09836965799331665
1133,0.1552598476409912,1e-04,0.061659697,77.61554,0.004247817,0.0030316361,0.06517528,0.16041211783885956,0.08969626575708389,9.904960632324219,0.00966844242066145,0.002739977790042758,0.09832824021577835
1134,0.15498490631580353,1e-04,0.06160701,77.566086,0.0042412416,0.0030273541,0.06512482,0.16013619303703308,0.08965945988893509,9.90091609954834,0.009660352021455765,0.002737620146945119,0.09828709065914154
1135,0.1547105312347412,1e-04,0.061554424,77.51673,0.0042346856,0.003023084,0.06507446,0.15986089408397675,0.08962289243936539,9.896899223327637,0.009652310982346535,0.00273527461104095,0.09824617207050323
1136,0.15443672239780426,1e-04,0.061501954,77.467476,0.0042281495,0.0030188255,0.06502422,0.15958629548549652,0.08958668261766434,9.892922401428223,0.0096443435177207,0.002732951194047928,0.09820561856031418
1137,0.15416358411312103,1e-04,0.06144958,77.41832,0.0042216303,0.0030145787,0.06497408,0.15931223332881927,0.08955060690641403,9.888960838317871,0.009636403061449528,0.0027306368574500084,0.09816518425941467
1138,0.1538909673690796,1e-04,0.061397295,77.36925,0.004215128,0.0030103417,0.06492402,0.15903884172439575,0.08951481431722641,9.885031700134277,0.009628522209823132,0.0027283404488116503,0.09812503308057785
1139,0.1536189615726471,1e-04,0.061345134,77.32027,0.004208646,0.0030061172,0.064874075,0.15876604616641998,0.0894792452454567,9.881129264831543,0.009620691649615765,0.0027260584756731987,0.09808512777090073
1140,0.15334753692150116,1e-04,0.061293073,77.27143,0.004202183,0.0030019055,0.064824246,0.15849389135837555,0.0894438847899437,9.87724781036377,0.00961290393024683,0.002723787911236286,0.09804541617631912
1141,0.15307672321796417,1e-04,0.06124111,77.22265,0.0041957353,0.0029977027,0.0647745,0.15822233259677887,0.08940880745649338,9.873398780822754,0.00960517581552267,0.0027215362060815096,0.0980059951543808
1142,0.15280647575855255,1e-04,0.061189253,77.174,0.004189309,0.0029935134,0.06472487,0.15795136988162994,0.08937391638755798,9.869572639465332,0.00959748774766922,0.0027192954439669847,0.097966767847538
1143,0.1525367796421051,1e-04,0.061137494,77.12541,0.004182899,0.0029893338,0.06467533,0.15768104791641235,0.08933926373720169,9.86577320098877,0.009589850902557373,0.0027170709799975157,0.09792778640985489
1144,0.1522677093744278,1e-04,0.061085854,77.07693,0.0041765086,0.002985167,0.06462591,0.1574113368988037,0.08930477499961853,9.861990928649902,0.009582250379025936,0.002714857691898942,0.09788896888494492
1145,0.15199920535087585,1e-04,0.06103429,77.02853,0.0041701323,0.0029810078,0.06457656,0.15714217722415924,0.08927050977945328,9.858235359191895,0.009574692696332932,0.002712656045332551,0.09785035997629166
1146,0.15173126757144928,1e-04,0.060982864,76.98026,0.0041637793,0.0029768648,0.064527355,0.1568736732006073,0.08923650532960892,9.854508399963379,0.009567192755639553,0.0027104716282337904,0.09781202673912048
1147,0.15146391093730927,1e-04,0.060931504,76.93205,0.00415744,0.0029727288,0.06447821,0.1566057652235031,0.08920270949602127,9.85080623626709,0.009559732861816883,0.0027083009481430054,0.09777388721704483
1148,0.151197150349617,1e-04,0.060880262,76.88398,0.0041511194,0.0029686056,0.06442918,0.15633846819400787,0.08916917443275452,9.847131729125977,0.00955233070999384,0.002706145867705345,0.09773602336645126
1149,0.1509309560060501,1e-04,0.06082912,76.83596,0.004144817,0.0029644934,0.06438025,0.15607178211212158,0.0891357958316803,9.843476295471191,0.009544961154460907,0.002704000798985362,0.09769831597805023
1150,0.15066535770893097,1e-04,0.06077809,76.78807,0.004138534,0.0029603934,0.064331435,0.15580566227436066,0.08910266309976578,9.839848518371582,0.009537645615637302,0.002701869932934642,0.09766086935997009
1151,0.1504002958536148,1e-04,0.06072713,76.74026,0.0041322657,0.002956303,0.0642827,0.15554015338420868,0.08906969428062439,9.836238861083984,0.009530361741781235,0.0026997514069080353,0.09762357175350189
1152,0.1501358151435852,1e-04,0.060676295,76.69254,0.004126015,0.0029522234,0.06423406,0.15527530014514923,0.08903694897890091,9.832653999328613,0.009523129090666771,0.0026976466178894043,0.09758652001619339
1153,0.14987196028232574,1e-04,0.060625553,76.644936,0.0041197836,0.0029481556,0.06418554,0.15501095354557037,0.08900439739227295,9.82909107208252,0.009515936486423016,0.0026955511420965195,0.09754966199398041
1154,0.14960859715938568,1e-04,0.060574915,76.59743,0.0041135694,0.0029440988,0.064137116,0.15474726259708405,0.08897209912538528,9.82555866241455,0.009508793242275715,0.002693474292755127,0.09751304239034653
1155,0.14934584498405457,1e-04,0.060524378,76.55001,0.0041073733,0.0029400531,0.06408879,0.15448413789272308,0.08894001692533493,9.822049140930176,0.009501696564257145,0.0026914095506072044,0.09747664630413055
1156,0.14908362925052643,1e-04,0.060473945,76.50269,0.0041011944,0.0029360189,0.06404057,0.15422163903713226,0.0889081060886383,9.818559646606445,0.009494638070464134,0.0026893566828221083,0.0974404364824295
1157,0.14882202446460724,1e-04,0.060423594,76.45547,0.0040950323,0.0029319946,0.06399244,0.15395967662334442,0.08887632936239243,9.815083503723145,0.009487609378993511,0.002687312662601471,0.0974043607711792
1158,0.14856095612049103,1e-04,0.060373355,76.408325,0.0040888865,0.0029279806,0.0639444,0.15369834005832672,0.08884484320878983,9.811641693115234,0.009480644017457962,0.0026852861046791077,0.09736859798431396
1159,0.14830045402050018,1e-04,0.060323227,76.361305,0.004082761,0.0029239792,0.063896485,0.1534375697374344,0.08881347626447678,9.808213233947754,0.00947369821369648,0.0026832669973373413,0.0973329246044159
1160,0.1480405181646347,1e-04,0.060273178,76.31435,0.00407665,0.0029199866,0.06384865,0.1531773954629898,0.08878236263990402,9.804814338684082,0.00946680549532175,0.002681262791156769,0.09729751199483871
1161,0.1477811485528946,1e-04,0.06022324,76.2675,0.0040705553,0.0029160052,0.0638009,0.15291781723499298,0.0887513980269432,9.801430702209473,0.009459947235882282,0.0026792697608470917,0.09726226329803467
1162,0.14752236008644104,1e-04,0.060173392,76.22077,0.0040644803,0.002912036,0.06375328,0.15265879034996033,0.08872056007385254,9.79806137084961,0.009453121572732925,0.0026772834826260805,0.09722716361284256
1163,0.14726409316062927,1e-04,0.060123656,76.17408,0.0040584207,0.0029080755,0.063705735,0.15240035951137543,0.08868995308876038,9.794718742370605,0.009446341544389725,0.002675312804058194,0.09719229489564896
1164,0.14700639247894287,1e-04,0.060074005,76.1275,0.004052378,0.0029041257,0.06365829,0.1521425098180771,0.08865948766469955,9.791390419006348,0.009439594112336636,0.002673352835699916,0.09715757519006729
1165,0.14674925804138184,1e-04,0.060024466,76.08104,0.0040463535,0.0029001876,0.063610956,0.1518852263689041,0.08862920850515366,9.788084983825684,0.009432879276573658,0.0026714003179222345,0.09712301194667816
1166,0.14649268984794617,1e-04,0.05997501,76.03465,0.004040344,0.0028962588,0.063563704,0.1516285240650177,0.0885990783572197,9.784796714782715,0.009426205419003963,0.002669460838660598,0.09708864986896515
1167,0.14623665809631348,1e-04,0.059925668,75.98834,0.004034352,0.0028923412,0.06351655,0.15137241780757904,0.08856915682554245,9.781529426574707,0.009419571608304977,0.002667532302439213,0.09705447405576706
1168,0.14598122239112854,1e-04,0.059876423,75.94215,0.0040283776,0.0028884343,0.0634695,0.15111683309078217,0.08853942155838013,9.778285026550293,0.0094129778444767,0.0026656175032258034,0.09702049940824509
1169,0.145726278424263,1e-04,0.059827268,75.896034,0.0040224185,0.0028845372,0.06342254,0.15086185932159424,0.08850982785224915,9.775055885314941,0.00940641574561596,0.0026637110859155655,0.09698668122291565
1170,0.14547191560268402,1e-04,0.059778206,75.850044,0.0040164776,0.002880652,0.06337569,0.15060745179653168,0.0884803906083107,9.771845817565918,0.00939988810569048,0.002661815844476223,0.09695301949977875
1171,0.1452181190252304,1e-04,0.059729252,75.804115,0.004010552,0.0028767753,0.06332892,0.15035361051559448,0.08845114707946777,9.768654823303223,0.009393398649990559,0.0026599292177706957,0.09691954404115677
1172,0.14496485888957977,1e-04,0.059680402,75.75828,0.0040046447,0.0028729106,0.06328226,0.15010032057762146,0.08842205256223679,9.765482902526855,0.009386942721903324,0.0026580553967505693,0.09688623249530792
1173,0.14471213519573212,1e-04,0.059631623,75.712524,0.003998752,0.0028690551,0.063235685,0.1498476266860962,0.08839309960603714,9.762325286865234,0.009380520321428776,0.002656189724802971,0.09685308486223221
1174,0.14445999264717102,1e-04,0.05958296,75.66689,0.0039928765,0.0028652106,0.06318921,0.1495954990386963,0.08836434036493301,9.75918960571289,0.00937413889914751,0.002654336392879486,0.09682013839483261
1175,0.1442083716392517,1e-04,0.05953438,75.62133,0.0039870166,0.0028613762,0.06314283,0.14934392273426056,0.0883357897400856,9.756078720092773,0.009367795661091805,0.0026524944696575403,0.09678737074136734
1176,0.14395730197429657,1e-04,0.0594859,75.575874,0.003981173,0.0028575514,0.06309654,0.149092897772789,0.08830734342336655,9.752978324890137,0.009361478500068188,0.0026506606955081224,0.09675473719835281
1177,0.1437067687511444,1e-04,0.059437517,75.5305,0.003975346,0.0028537377,0.063050345,0.148842453956604,0.08827907592058182,9.749897956848145,0.00935519952327013,0.0026488385628908873,0.09672228246927261
1178,0.14345680177211761,1e-04,0.059389226,75.48522,0.0039695357,0.002849934,0.06300425,0.14859256148338318,0.0882510170340538,9.746841430664062,0.009348966181278229,0.002647027373313904,0.09669005125761032
1179,0.1432073414325714,1e-04,0.05934104,75.44005,0.0039637424,0.0028461409,0.06295826,0.1483432501554489,0.08822303265333176,9.743792533874512,0.009342748671770096,0.00264522316865623,0.096657894551754
1180,0.14295847713947296,1e-04,0.059292953,75.39495,0.0039579645,0.0028423576,0.06291235,0.14809444546699524,0.08819521218538284,9.740763664245605,0.009336568415164948,0.002643429907038808,0.096625916659832
1181,0.14271007478237152,1e-04,0.05924494,75.34994,0.0039522015,0.002838584,0.06286654,0.1478462517261505,0.08816752582788467,9.737748146057129,0.009330415166914463,0.0026416443288326263,0.09659407287836075
1182,0.14246228337287903,1e-04,0.059197046,75.30504,0.0039464566,0.0028348214,0.06282083,0.14759856462478638,0.08814001828432083,9.734752655029297,0.009324304759502411,0.002639870857819915,0.09656243771314621
1183,0.14221498370170593,1e-04,0.059149224,75.2602,0.003940725,0.0028310674,0.062775195,0.1473514437675476,0.08811264485120773,9.731772422790527,0.009318220429122448,0.002638103673234582,0.09653092920780182
1184,0.1419682502746582,1e-04,0.05910153,75.21546,0.003935012,0.0028273251,0.06272967,0.1471048891544342,0.08808545023202896,9.728813171386719,0.009312170557677746,0.002636349992826581,0.09649959206581116
1185,0.14172203838825226,1e-04,0.059053887,75.17079,0.003929312,0.00282359,0.06268422,0.14685885608196259,0.08805833011865616,9.725861549377441,0.009306143037974834,0.002634601667523384,0.09646835178136826
1186,0.1414763480424881,1e-04,0.059006367,75.12627,0.003923631,0.0028198685,0.06263889,0.14661341905593872,0.08803141117095947,9.722931861877441,0.009300158359110355,0.00263286498375237,0.09643732756376266
1187,0.1412312239408493,1e-04,0.058958925,75.081795,0.0039179632,0.0028161549,0.06259364,0.14636850357055664,0.08800461888313293,9.720017433166504,0.009294197894632816,0.002631135517731309,0.09640642255544662
1188,0.1409866213798523,1e-04,0.05891159,75.03742,0.0039123124,0.002812451,0.06254848,0.14612412452697754,0.08797789365053177,9.717109680175781,0.009288257919251919,0.0026294144336134195,0.09637560695409775
1189,0.14074254035949707,1e-04,0.058864348,74.9931,0.0039066765,0.0028087571,0.06250341,0.14588028192520142,0.08795136213302612,9.71422290802002,0.009282358922064304,0.0026277026627212763,0.09634499996900558
1190,0.14049896597862244,1e-04,0.05881719,74.94892,0.003901057,0.0028050733,0.06245844,0.14563697576522827,0.08792495727539062,9.711350440979004,0.009276486933231354,0.002625999739393592,0.09631451964378357
1191,0.14025595784187317,1e-04,0.058770154,74.90481,0.0038954546,0.0028014008,0.062413577,0.1453942209482193,0.08789867162704468,9.70849323272705,0.009270635433495045,0.002624303800985217,0.09628413617610931
1192,0.1400134414434433,1e-04,0.05872317,74.860756,0.0038898624,0.0027977338,0.06236876,0.1451519876718521,0.08787256479263306,9.70565414428711,0.009264830499887466,0.002622620202600956,0.09625399112701416
1193,0.1397714465856552,1e-04,0.058676302,74.81682,0.00388429,0.00279408,0.062324073,0.1449103206396103,0.0878465548157692,9.702826499938965,0.009259047918021679,0.0026209435891360044,0.09622395038604736
1194,0.1395300030708313,1e-04,0.05862952,74.77296,0.0038787313,0.002790434,0.062279463,0.14466919004917145,0.08782067149877548,9.70001220703125,0.009253284893929958,0.0026192732620984316,0.09619399905204773
1195,0.13928909599781036,1e-04,0.05858282,74.729195,0.0038731883,0.0027867984,0.062234946,0.14442859590053558,0.0877949595451355,9.697218894958496,0.009247560054063797,0.002617613412439823,0.09616423398256302
1196,0.13904869556427002,1e-04,0.05853625,74.68555,0.0038676632,0.0027831753,0.06219054,0.1441885381937027,0.08776932954788208,9.694433212280273,0.009241859428584576,0.002615961479023099,0.09613458812236786
1197,0.13880883157253265,1e-04,0.058489732,74.64195,0.0038621502,0.0027795578,0.0621462,0.14394903182983398,0.0877438560128212,9.691664695739746,0.009236193262040615,0.002614317461848259,0.09610511362552643
1198,0.13856948912143707,1e-04,0.058443315,74.59845,0.003856653,0.0027759518,0.062101956,0.14371003210544586,0.08771845698356628,9.68890380859375,0.009230542927980423,0.0026126804295927286,0.09607571363449097
1199,0.13833065330982208,1e-04,0.058396995,74.55504,0.003851172,0.002772355,0.06205781,0.14347156882286072,0.08769326657056808,9.686168670654297,0.009224929846823215,0.0026110541075468063,0.09604649990797043
1200,0.13809235394001007,1e-04,0.058350783,74.51172,0.003845707,0.0027687685,0.062013764,0.14323364198207855,0.08766809105873108,9.683433532714844,0.009219332598149776,0.00260943197645247,0.09601735323667526
1201,0.13785456120967865,1e-04,0.058304638,74.46849,0.0038402549,0.0027651903,0.06196979,0.14299628138542175,0.08764314651489258,9.680724143981934,0.009213780052959919,0.0026078217197209597,0.0959884375333786
1202,0.1376173049211502,1e-04,0.058258586,74.425316,0.0038348176,0.0027616213,0.061925903,0.14275939762592316,0.08761825412511826,9.678020477294922,0.009208238683640957,0.0026062168180942535,0.09595956653356552
1203,0.13738055527210236,1e-04,0.05821263,74.382256,0.003829396,0.0027580634,0.061882116,0.14252306520938873,0.08759350329637527,9.675332069396973,0.009202731773257256,0.0026046212296932936,0.09593086689710617
1204,0.1371443122625351,1e-04,0.05816677,74.33926,0.0038239898,0.0027545136,0.06183842,0.1422872394323349,0.08756882697343826,9.672653198242188,0.009197238832712173,0.002603028668090701,0.09590223431587219
1205,0.1369086056947708,1e-04,0.058120992,74.29637,0.0038185988,0.002750974,0.061794814,0.14205195009708405,0.08754432201385498,9.669991493225098,0.0091917859390378,0.0026014496106654406,0.09587380290031433
1206,0.13667339086532593,1e-04,0.05807532,74.25358,0.0038132227,0.002747444,0.0617513,0.14181716740131378,0.08751991391181946,9.667343139648438,0.00918634980916977,0.0025998742785304785,0.09584544599056244
1207,0.13643868267536163,1e-04,0.05802971,74.21084,0.00380786,0.0027439217,0.061707858,0.1415829360485077,0.08749563246965408,9.66470718383789,0.009180948138237,0.0025983115192502737,0.09581726789474487
1208,0.13620451092720032,1e-04,0.05798421,74.168236,0.0038025142,0.0027404113,0.06166453,0.141349196434021,0.08747145533561707,9.66208267211914,0.009175564162433147,0.0025967510882765055,0.09578916430473328
1209,0.135970801115036,1e-04,0.057938788,74.12567,0.0037971803,0.002736908,0.061621264,0.14111599326133728,0.08744737505912781,9.659469604492188,0.00917020346969366,0.0025951992720365524,0.09576117992401123
1210,0.13573764264583588,1e-04,0.05789348,74.083206,0.0037918633,0.0027334148,0.061578106,0.14088329672813416,0.0874234139919281,9.656868934631348,0.009164872579276562,0.0025936553720384836,0.09573334455490112
1211,0.13550499081611633,1e-04,0.057848234,74.040794,0.0037865585,0.0027299288,0.06153502,0.14065110683441162,0.08739954233169556,9.654278755187988,0.009159560315310955,0.002592116827145219,0.09570559114217758
1212,0.135272815823555,1e-04,0.057803087,73.99853,0.003781271,0.0027264555,0.06149204,0.14041945338249207,0.08737584948539734,9.651707649230957,0.009154282510280609,0.002590588526800275,0.09567801654338837
1213,0.13504116237163544,1e-04,0.057758033,73.956314,0.0037759969,0.0027229898,0.06144914,0.1401883363723755,0.0873522162437439,9.649144172668457,0.009149023331701756,0.002589066280052066,0.09565052390098572
1214,0.13481004536151886,1e-04,0.057713065,73.914185,0.0037707372,0.0027195327,0.06140633,0.13995769619941711,0.08732863515615463,9.646584510803223,0.009143778122961521,0.0025875482242554426,0.09562310576438904
1215,0.13457940518856049,1e-04,0.05766819,73.87214,0.0037654925,0.0027160854,0.061363608,0.13972756266593933,0.08730518817901611,9.644042015075684,0.009138560853898525,0.002586037153378129,0.0955958217382431
1216,0.1343492716550827,1e-04,0.05762341,73.83018,0.0037602617,0.0027126465,0.06132097,0.13949796557426453,0.08728185296058655,9.641510009765625,0.009133372455835342,0.0025845333002507687,0.09556867927312851
1217,0.1341196447610855,1e-04,0.057578705,73.78828,0.003755044,0.0027092162,0.061278414,0.13926884531974792,0.08725860714912415,9.638988494873047,0.009128198958933353,0.0025830366648733616,0.09554161131381989
1218,0.13389049470424652,1e-04,0.05753409,73.746506,0.0037498425,0.0027057964,0.061235957,0.1390402615070343,0.0872354805469513,9.636481285095215,0.009123052470386028,0.0025815486442297697,0.09551467001438141
1219,0.13366186618804932,1e-04,0.057489567,73.704796,0.0037446555,0.0027023854,0.06119359,0.13881218433380127,0.087212473154068,9.633986473083496,0.009117932990193367,0.0025800641160458326,0.09548787027597427
1220,0.1334337294101715,1e-04,0.057445128,73.66316,0.003739481,0.0026989828,0.061151296,0.13858458399772644,0.08718950301408768,9.631494522094727,0.009112827479839325,0.00257858750410378,0.09546113014221191
1221,0.1332060843706131,1e-04,0.057400763,73.62162,0.0037343204,0.0026955886,0.061109085,0.1383575201034546,0.08716672658920288,9.62902545928955,0.00910775363445282,0.002577120205387473,0.09543455392122269
1222,0.13297894597053528,1e-04,0.057356507,73.58015,0.0037291753,0.0026922037,0.061066974,0.13813096284866333,0.08714398741722107,9.626559257507324,0.00910270120948553,0.0025756563991308212,0.09540807455778122
1223,0.13275231420993805,1e-04,0.05731233,73.53877,0.0037240437,0.0026888286,0.061024945,0.13790489733219147,0.08712136000394821,9.624106407165527,0.009097663685679436,0.002574198879301548,0.09538167715072632
1224,0.13252615928649902,1e-04,0.05726824,73.497475,0.0037189259,0.0026854612,0.060982995,0.137679323554039,0.08709879964590073,9.621660232543945,0.00909265037626028,0.002572747878730297,0.09535539150238037
1225,0.1323004961013794,1e-04,0.05722424,73.45629,0.0037138239,0.0026821042,0.060941152,0.13745424151420593,0.08707638829946518,9.619231224060059,0.009087663143873215,0.002571306424215436,0.09532923251390457
1226,0.13207530975341797,1e-04,0.057180326,73.415146,0.0037087335,0.0026787552,0.060899373,0.13722966611385345,0.08705399185419083,9.616803169250488,0.009082689881324768,0.002569864969700575,0.09530314803123474
1227,0.13185063004493713,1e-04,0.057136502,73.374084,0.003703658,0.0026754146,0.060857687,0.13700559735298157,0.087031789124012,9.614398002624512,0.009077750146389008,0.0025684365537017584,0.09527722746133804
1228,0.1316264420747757,1e-04,0.057092752,73.333115,0.0036985956,0.002672082,0.06081608,0.13678202033042908,0.08700963854789734,9.611995697021484,0.009072826243937016,0.002567013492807746,0.09525138139724731
1229,0.13140274584293365,1e-04,0.0570491,73.292244,0.0036935487,0.0026687605,0.060774572,0.13655896484851837,0.08698754757642746,9.609601020812988,0.00906791165471077,0.0025655904319137335,0.09522558003664017
1230,0.1311795711517334,1e-04,0.057005517,73.25142,0.0036885126,0.0026654452,0.060733125,0.13633637130260468,0.08696556836366653,9.607220649719238,0.00906303059309721,0.002564178081229329,0.09519995003938675
1231,0.13095684349536896,1e-04,0.056962024,73.2107,0.0036834914,0.002662139,0.060691774,0.13611429929733276,0.08694374561309814,9.60485553741455,0.009058176539838314,0.00256277434527874,0.09517445415258408
1232,0.1307346075773239,1e-04,0.056918625,73.17007,0.0036784853,0.0026588426,0.060650516,0.13589270412921906,0.08692189306020737,9.602486610412598,0.009053323417901993,0.00256136991083622,0.0951489508152008
1233,0.13051287829875946,1e-04,0.056875315,73.12951,0.003673492,0.0026555548,0.06060934,0.13567160069942474,0.08690018206834793,9.60013484954834,0.00904850009828806,0.0025599743239581585,0.09512360394001007
1234,0.13029161095619202,1e-04,0.056832075,73.089005,0.003668511,0.002652274,0.060568236,0.13545097410678864,0.08687856048345566,9.597790718078613,0.009043697267770767,0.0025585864204913378,0.0950983539223671
1235,0.13007082045078278,1e-04,0.056788933,73.04861,0.0036635452,0.0026490036,0.060527228,0.13523085415363312,0.08685701340436935,9.595457077026367,0.009038908407092094,0.0025572001468390226,0.0950731709599495
1236,0.12985053658485413,1e-04,0.056745883,73.00829,0.0036585932,0.0026457414,0.060486306,0.1350111961364746,0.08683554083108902,9.593131065368652,0.00903414562344551,0.002555823652073741,0.09504812210798264
1237,0.12963071465492249,1e-04,0.056702893,72.968056,0.0036536532,0.0026424867,0.060445458,0.1347920447587967,0.08681419491767883,9.59081745147705,0.009029400534927845,0.002554449951276183,0.09502315521240234
1238,0.12941136956214905,1e-04,0.056659997,72.92789,0.003648726,0.0026392404,0.060404684,0.13457338511943817,0.08679283410310745,9.588501930236816,0.0090246656909585,0.0025530820712447166,0.09499824047088623
1239,0.1291925311088562,1e-04,0.0566172,72.88781,0.0036438142,0.002636004,0.060364015,0.13435518741607666,0.086771659553051,9.586209297180176,0.009019960649311543,0.002551720477640629,0.09497347474098206
1240,0.12897413969039917,1e-04,0.056574464,72.847786,0.0036389136,0.0026327744,0.06032341,0.13413749635219574,0.0867505669593811,9.583924293518066,0.009015277959406376,0.0025503661017864943,0.09494882076978683
1241,0.12875625491142273,1e-04,0.056531835,72.80787,0.0036340281,0.0026295541,0.0602829,0.13392028212547302,0.08672952651977539,9.581645011901855,0.009010610170662403,0.0025490173138678074,0.09492423385381699
1242,0.1285388171672821,1e-04,0.056489278,72.76802,0.0036291555,0.0026263425,0.06024247,0.1337035447359085,0.08670852333307266,9.57936954498291,0.009005952626466751,0.002547670155763626,0.09489969909191132
1243,0.12832188606262207,1e-04,0.0564468,72.728264,0.0036242954,0.0026231387,0.06020212,0.133487269282341,0.08668767660856247,9.577110290527344,0.009001326747238636,0.0025463311467319727,0.09487532079219818
1244,0.12810540199279785,1e-04,0.05640441,72.68856,0.0036194487,0.0026199433,0.060161855,0.1332715004682541,0.08666685223579407,9.574854850769043,0.008996712043881416,0.0025449981912970543,0.09485100209712982
1245,0.12788940966129303,1e-04,0.0563621,72.64898,0.0036146156,0.002616757,0.060121674,0.13305619359016418,0.08664613962173462,9.572611808776855,0.008992118760943413,0.0025436703581362963,0.09482678025960922
1246,0.12767387926578522,1e-04,0.056319874,72.60944,0.0036097947,0.0026135775,0.060081568,0.13284136354923248,0.08662552386522293,9.570378303527832,0.008987546898424625,0.0025423478800803423,0.09480267018079758
1247,0.12745879590511322,1e-04,0.056277733,72.569984,0.003604987,0.002610407,0.060041543,0.1326269954442978,0.08660492300987244,9.568146705627441,0.008982979692518711,0.0025410286616533995,0.09477858245372772
1248,0.12724420428276062,1e-04,0.05623568,72.53061,0.0036001927,0.002607245,0.060001604,0.13241314888000488,0.08658444881439209,9.565929412841797,0.008978443220257759,0.00253971666097641,0.0947546511888504
1249,0.12703010439872742,1e-04,0.056193683,72.491295,0.0035954088,0.0026040892,0.05996173,0.1321997195482254,0.08656402677297592,9.56371784210205,0.008973916061222553,0.0025384086184203625,0.09473075717687607
1250,0.12681645154953003,1e-04,0.0561518,72.45211,0.0035906415,0.002600945,0.05992196,0.1319868117570877,0.0865437313914299,9.561519622802734,0.00896941963583231,0.0025371077936142683,0.09470701962709427
1251,0.12660327553749084,1e-04,0.056109983,72.41296,0.0035858855,0.0025978072,0.059882265,0.13177435100078583,0.08652346581220627,9.55932331085205,0.008964932523667812,0.0025358109269291162,0.09468332678079605
1252,0.12639056146144867,1e-04,0.05606825,72.37388,0.0035811423,0.0025946775,0.059842646,0.13156235218048096,0.08650326728820801,9.557137489318848,0.008960460312664509,0.0025345177855342627,0.0946597084403038
1253,0.1261783093214035,1e-04,0.056026604,72.33491,0.003576412,0.0025915562,0.05980311,0.13135084509849548,0.0864831730723381,9.554959297180176,0.00895601138472557,0.0025332339573651552,0.09463620185852051
1254,0.12596653401851654,1e-04,0.05598504,72.296,0.0035716952,0.002588443,0.059763663,0.13113978505134583,0.0864630937576294,9.55278491973877,0.00895156804472208,0.0025319478008896112,0.0946127250790596
1255,0.1257552057504654,1e-04,0.05594354,72.25716,0.0035669892,0.0025853368,0.059724275,0.13092921674251556,0.08644315600395203,9.550625801086426,0.008947155438363552,0.00253067328594625,0.09458940476179123
1256,0.12554435431957245,1e-04,0.05590213,72.218376,0.003562295,0.0025822383,0.059684966,0.13071909546852112,0.08642324060201645,9.548468589782715,0.008942750282585621,0.002529399935156107,0.09456611424684525
1257,0.1253339648246765,1e-04,0.055860814,72.179726,0.0035576173,0.0025791507,0.059645765,0.13050945103168488,0.08640342950820923,9.5463228225708,0.008938365615904331,0.002528132637962699,0.09454292804002762
1258,0.1251240372657776,1e-04,0.05581957,72.141106,0.0035529498,0.0025760687,0.059606627,0.13030026853084564,0.08638369292020798,9.544185638427734,0.008933999575674534,0.002526870695874095,0.09451983869075775
1259,0.12491456419229507,1e-04,0.055778395,72.10258,0.003548294,0.0025729947,0.05956756,0.13009153306484222,0.0863640084862709,9.542054176330566,0.008929651230573654,0.0025256129447370768,0.09449683129787445
1260,0.12470553815364838,1e-04,0.05573731,72.064125,0.0035436514,0.0025699288,0.059528578,0.129883274435997,0.08634436875581741,9.53992748260498,0.008925308473408222,0.0025243598502129316,0.09447385370731354
1261,0.12449698895215988,1e-04,0.05569632,72.02576,0.0035390232,0.0025668724,0.05948969,0.1296754628419876,0.0863247886300087,9.537806510925293,0.008920984342694283,0.0025231095496565104,0.09445096552371979
1262,0.1242888942360878,1e-04,0.055655394,71.98745,0.0035344053,0.0025638225,0.059450865,0.1294681280851364,0.08630532771348953,9.535698890686035,0.008916684426367283,0.0025218676310032606,0.09442819654941559
1263,0.12408125400543213,1e-04,0.05561454,71.9492,0.0035297994,0.0025607795,0.059412114,0.12926127016544342,0.08628589659929276,9.533594131469727,0.008912395685911179,0.0025206278078258038,0.09440548717975616
1264,0.12387407571077347,1e-04,0.05557378,71.91106,0.003525207,0.002557746,0.059373453,0.12905482947826385,0.08626658469438553,9.531502723693848,0.008908129297196865,0.0025193949695676565,0.0943828895688057
1265,0.12366733700037003,1e-04,0.055533104,71.873,0.003520627,0.0025547203,0.05933487,0.1288488656282425,0.0862472876906395,9.529412269592285,0.008903867565095425,0.002518163761124015,0.09436030685901642
1266,0.12346106022596359,1e-04,0.055492487,71.834984,0.0035160577,0.002551701,0.059296355,0.12864334881305695,0.08622809499502182,9.52733325958252,0.008899631910026073,0.002516938606277108,0.09433785825967789
1267,0.12325523048639297,1e-04,0.055451967,71.797066,0.0035115022,0.0025486907,0.05925793,0.1284383088350296,0.08620896935462952,9.525261878967285,0.008895411156117916,0.0025157213676720858,0.09431548416614532
1268,0.12304985523223877,1e-04,0.055411514,71.75919,0.003506957,0.0025456864,0.059219565,0.12823370099067688,0.0861898884177208,9.523195266723633,0.00889120064675808,0.0025145034305751324,0.09429316222667694
1269,0.12284491956233978,1e-04,0.05537114,71.72141,0.003502425,0.002542691,0.059181288,0.12802955508232117,0.08617087453603745,9.521136283874512,0.00888700783252716,0.0025132913142442703,0.09427092969417572
1270,0.1226404532790184,1e-04,0.055330846,71.68371,0.0034979058,0.0025397039,0.059143096,0.12782587110996246,0.08615199476480484,9.519091606140137,0.00888284295797348,0.002512088045477867,0.09424883872270584
1271,0.12243642657995224,1e-04,0.05529065,71.64608,0.003493399,0.0025367246,0.059104983,0.12762263417243958,0.08613310009241104,9.517045021057129,0.008878680877387524,0.002510885940864682,0.09422675520181656
1272,0.12223285436630249,1e-04,0.055250507,71.608536,0.0034889032,0.0025337522,0.059066936,0.1274198293685913,0.0861143097281456,9.515008926391602,0.008874538354575634,0.0025096891913563013,0.09420476853847504
1273,0.12202970683574677,1e-04,0.055210445,71.57104,0.0034844188,0.0025307871,0.059028964,0.12721748650074005,0.08609551936388016,9.512974739074707,0.008870400488376617,0.002508493373170495,0.0941828042268753
1274,0.12182704359292984,1e-04,0.05517047,71.53364,0.003479947,0.00252783,0.05899108,0.1270155906677246,0.08607686311006546,9.510952949523926,0.008866291493177414,0.002507308265194297,0.09416098892688751
1275,0.12162477523088455,1e-04,0.055130567,71.4963,0.0034754872,0.0025248802,0.058953263,0.1268141269683838,0.08605822175741196,9.508934020996094,0.008862185291945934,0.0025061210617423058,0.09413918107748032
1276,0.12142297625541687,1e-04,0.055090733,71.459015,0.0034710374,0.002521937,0.05891551,0.12661314010620117,0.08603968471288681,9.506926536560059,0.008858103305101395,0.0025049427058547735,0.09411749988794327
1277,0.1212216317653656,1e-04,0.055051003,71.42186,0.0034666036,0.0025190045,0.05887787,0.12641258537769318,0.08602119237184525,9.504923820495605,0.00885403249412775,0.0025037662126123905,0.0940958708524704
1278,0.12102073431015015,1e-04,0.055011332,71.38473,0.003462178,0.0025160767,0.058840275,0.126212477684021,0.08600276708602905,9.502927780151367,0.008849977515637875,0.0025025957729667425,0.0940743163228035
1279,0.12082025408744812,1e-04,0.054971732,71.34767,0.0034577646,0.002513157,0.05880276,0.12601280212402344,0.08598440140485764,9.500937461853027,0.008845940232276917,0.0025014288257807493,0.09405285865068436
1280,0.12062021344900131,1e-04,0.05493221,71.310684,0.0034533623,0.0025102438,0.058765315,0.1258135735988617,0.0859660878777504,9.498953819274902,0.00884191133081913,0.002500265371054411,0.0940314382314682
1281,0.12042063474655151,1e-04,0.054892782,71.27379,0.0034489739,0.00250734,0.058727965,0.12561477720737457,0.08594787120819092,9.496981620788574,0.008837905712425709,0.002499107737094164,0.0940101370215416
1282,0.12022147327661514,1e-04,0.05485341,71.23696,0.003444595,0.0025044421,0.05869067,0.12541642785072327,0.08592969924211502,9.495013236999512,0.008833913132548332,0.0024979545269161463,0.09398889541625977
1283,0.12002275139093399,1e-04,0.054814126,71.20019,0.0034402285,0.0025015518,0.058653463,0.12521851062774658,0.08591151237487793,9.493041038513184,0.00882992148399353,0.002496801083907485,0.09396766126155853
1284,0.11982446163892746,1e-04,0.05477491,71.16349,0.0034358732,0.0024986689,0.05861632,0.1250210553407669,0.08589348196983337,9.4910888671875,0.008825954981148243,0.0024956543929874897,0.09394655376672745
1285,0.11962662637233734,1e-04,0.05473578,71.126884,0.0034315304,0.0024957936,0.058579266,0.12482403218746185,0.08587544411420822,9.48913288116455,0.008821996860206127,0.0024945130571722984,0.09392548352479935
1286,0.11942923069000244,1e-04,0.054696713,71.09034,0.0034271975,0.0024929254,0.05854227,0.12462742626667023,0.08585751056671143,9.487191200256348,0.008818058297038078,0.0024933742824941874,0.0939045175909996
1287,0.11923223733901978,1e-04,0.054657727,71.053825,0.0034228757,0.002490063,0.05850535,0.12443125247955322,0.08583959192037582,9.485249519348145,0.008814127184450626,0.0024922394659370184,0.09388358145952225
1288,0.11903569847345352,1e-04,0.054618828,71.01744,0.003418567,0.0024872099,0.058468513,0.12423554062843323,0.08582177758216858,9.483319282531738,0.008810218423604965,0.002491111634299159,0.09386276453733444
1289,0.11883959174156189,1e-04,0.05458,70.98112,0.003414271,0.0024843651,0.058431763,0.12404023855924606,0.08580396324396133,9.481389045715332,0.008806313388049603,0.002489982871338725,0.09384196251630783
1290,0.11864391714334488,1e-04,0.054541234,70.94484,0.003409983,0.002481525,0.058395058,0.12384537607431412,0.08578629046678543,9.479475021362305,0.008802435360848904,0.0024888638872653246,0.09382129460573196
1291,0.1184486523270607,1e-04,0.054502543,70.908646,0.003405707,0.002478693,0.058358435,0.12365096062421799,0.08576866239309311,9.477564811706543,0.008798571303486824,0.0024877474643290043,0.09380070120096207
1292,0.11825383454561234,1e-04,0.05446394,70.87251,0.0034014431,0.0024758677,0.058321893,0.12345696985721588,0.08575104922056198,9.475655555725098,0.008794710971415043,0.0024866333696991205,0.09378012269735336
1293,0.11805945634841919,1e-04,0.05442541,70.836464,0.0033971898,0.0024730496,0.058285415,0.1232634037733078,0.085733562707901,9.473761558532715,0.008790876716375351,0.002485524630174041,0.0937596783041954
1294,0.11786547303199768,1e-04,0.054386932,70.80049,0.003392948,0.0024702398,0.05824902,0.12307026982307434,0.08571607619524002,9.471866607666016,0.008787048049271107,0.002484421245753765,0.09373925626277924
1295,0.11767193675041199,1e-04,0.05434856,70.76458,0.0033887182,0.002467437,0.058212698,0.12287753075361252,0.08569863438606262,9.469975471496582,0.008783228695392609,0.002483316930010915,0.09371887892484665
1296,0.11747881025075912,1e-04,0.054310244,70.72872,0.0033844984,0.0024646402,0.058176443,0.1226852759718895,0.08568132668733597,9.468101501464844,0.008779437281191349,0.0024822226259857416,0.093698650598526
1297,0.11728613823652267,1e-04,0.054272003,70.69294,0.0033802898,0.0024618506,0.05814026,0.12249342352151871,0.08566403388977051,9.466227531433105,0.008775651454925537,0.0024811301846057177,0.09367844462394714
1298,0.11709386855363846,1e-04,0.05423383,70.65724,0.003376092,0.0024590683,0.05810415,0.12230199575424194,0.08564677089452744,9.464356422424316,0.008771873079240322,0.0024800391402095556,0.09365827590227127
1299,0.11690203100442886,1e-04,0.05419575,70.62159,0.0033719055,0.0024562927,0.05806811,0.1221110001206398,0.08562961220741272,9.462496757507324,0.008768121711909771,0.002478955313563347,0.09363824874162674
1300,0.1167106106877327,1e-04,0.054157734,70.58602,0.0033677302,0.0024535246,0.058032148,0.12192041426897049,0.0856124758720398,9.460639953613281,0.008764372207224369,0.0024778733495622873,0.0936182290315628
1301,0.11651960760354996,1e-04,0.05411977,70.5505,0.003363564,0.0024507619,0.05799624,0.1217302680015564,0.08559539914131165,9.458788871765137,0.008760638535022736,0.002476793946698308,0.09359828382730484
1302,0.11632902920246124,1e-04,0.054081913,70.51508,0.0033594116,0.0024480089,0.057960432,0.12154052406549454,0.08557840436697006,9.456947326660156,0.00875692069530487,0.0024757226929068565,0.09357842057943344
1303,0.11613886803388596,1e-04,0.054044116,70.47974,0.003355269,0.002445262,0.057924684,0.1213512122631073,0.08556141704320908,9.455105781555176,0.008753213100135326,0.0024746509734541178,0.09355860948562622
1304,0.1159491315484047,1e-04,0.05400638,70.444435,0.0033511368,0.0024425203,0.057889003,0.1211622953414917,0.08554445952177048,9.453267097473145,0.00874951109290123,0.00247358251363039,0.09353882074356079
1305,0.11575979739427567,1e-04,0.053968728,70.409195,0.0033470145,0.0024397862,0.05785339,0.12097381800413132,0.08552762866020203,9.451443672180176,0.008745835162699223,0.002472519176080823,0.0935191735625267
1306,0.11557089537382126,1e-04,0.053931143,70.37403,0.0033429037,0.002437059,0.05781785,0.12078577280044556,0.08551082760095596,9.449623107910156,0.008742167614400387,0.0024714618921279907,0.093499556183815
1307,0.11538240313529968,1e-04,0.053893637,70.338936,0.0033388042,0.0024343398,0.057782385,0.12059812247753143,0.08549406379461288,9.44780445098877,0.008738510310649872,0.0024704064708203077,0.09347999840974808
1308,0.11519432067871094,1e-04,0.053856213,70.30392,0.003334716,0.002431627,0.057747,0.12041089683771133,0.0854773223400116,9.445990562438965,0.00873485766351223,0.0024693517480045557,0.09346046298742294
1309,0.11500667780637741,1e-04,0.05381883,70.26896,0.003330636,0.0024289193,0.057711665,0.12022408097982407,0.08546071499586105,9.44419002532959,0.008731230162084103,0.002468305407091975,0.09344105422496796
1310,0.11481942236423492,1e-04,0.053781543,70.234055,0.0033265683,0.00242622,0.05767641,0.12003768980503082,0.0854441225528717,9.442390441894531,0.00872761569917202,0.0024672599975019693,0.09342171251773834
1311,0.11463257670402527,1e-04,0.05374432,70.199234,0.0033225107,0.0024235274,0.057641223,0.11985170096158981,0.08542755991220474,9.440595626831055,0.008724008686840534,0.002466220408678055,0.09340240061283112
1312,0.11444615572690964,1e-04,0.053707156,70.164444,0.0033184623,0.0024208394,0.057606097,0.11966612190008163,0.08541104942560196,9.43880558013916,0.00872041005641222,0.0024651798885315657,0.09338313341140747
1313,0.11426014453172684,1e-04,0.053670082,70.12975,0.0033144262,0.0024181604,0.057571054,0.11948095262050629,0.08539464324712753,9.437026023864746,0.008716833777725697,0.0024641486816108227,0.09336398541927338
1314,0.11407452821731567,1e-04,0.053633075,70.09514,0.003310401,0.0024154882,0.057536084,0.11929622292518616,0.08537828922271729,9.435254096984863,0.008713270537555218,0.002463120734319091,0.09334490448236465
1315,0.11388933658599854,1e-04,0.05359612,70.06055,0.0033063826,0.0024128202,0.057501152,0.11911188811063766,0.08536199480295181,9.433487892150879,0.008709719404578209,0.0024620944168418646,0.09332587569952011
1316,0.11370455473661423,1e-04,0.053559262,70.02608,0.003302379,0.002410162,0.05746633,0.118927963078022,0.08534574508666992,9.43172550201416,0.008706185035407543,0.002461072988808155,0.09330693632364273
1317,0.11352016031742096,1e-04,0.05352246,69.99163,0.0032983837,0.0024075084,0.057431556,0.11874445527791977,0.085329569876194,9.429972648620605,0.008702662773430347,0.0024600576143711805,0.09328806400299072
1318,0.11333619058132172,1e-04,0.05348573,69.95728,0.0032943997,0.002404863,0.057396863,0.11856134235858917,0.08531337976455688,9.428215980529785,0.008699140511453152,0.0024590413086116314,0.09326918423175812
1319,0.1131526306271553,1e-04,0.053449083,69.92299,0.0032904258,0.0024022232,0.057362232,0.1183786392211914,0.08529727905988693,9.426468849182129,0.008695639669895172,0.0024580303579568863,0.09325041621923447
1320,0.11296945810317993,1e-04,0.053412486,69.88875,0.0032864609,0.0023995892,0.05732766,0.11819633841514587,0.08528123050928116,9.42473030090332,0.008692148141562939,0.0024570217356085777,0.0932316929101944
1321,0.11278669536113739,1e-04,0.05337596,69.85457,0.0032825065,0.002396962,0.05729316,0.11801444739103317,0.08526527881622314,9.423001289367676,0.008688674308359623,0.002456019865348935,0.09321305900812149
1322,0.11260434240102768,1e-04,0.053339515,69.82049,0.0032785633,0.0023943423,0.05725874,0.1178329661488533,0.08524936437606812,9.42127513885498,0.00868521723896265,0.0024550212547183037,0.09319451451301575
1323,0.1124223843216896,1e-04,0.053303134,69.78644,0.0032746296,0.0023917283,0.057224378,0.11765186488628387,0.08523345738649368,9.419550895690918,0.008681760169565678,0.002454025438055396,0.0931759625673294
1324,0.11224081367254257,1e-04,0.053266823,69.75246,0.003270706,0.002389121,0.057190087,0.11747117340564728,0.08521759510040283,9.417828559875488,0.00867831613868475,0.002453031251206994,0.09315747767686844
1325,0.11205965280532837,1e-04,0.053230587,69.71854,0.0032667923,0.0023865197,0.05715586,0.11729089915752411,0.08520180732011795,9.416117668151855,0.008674887008965015,0.0024520407896488905,0.09313907474279404
1326,0.111878901720047,1e-04,0.053194415,69.684715,0.00326289,0.0023839264,0.057121713,0.11711102724075317,0.08518606424331665,9.414409637451172,0.008671469986438751,0.002451054286211729,0.09312073141336441
1327,0.11169855296611786,1e-04,0.053158306,69.65093,0.0032589957,0.002381338,0.057087615,0.11693155020475388,0.08517041057348251,9.412713050842285,0.008668068796396255,0.0024500726722180843,0.09310246258974075
1328,0.11151858419179916,1e-04,0.053122263,69.617195,0.0032551114,0.0023787555,0.057053585,0.11675246059894562,0.08515482395887375,9.411022186279297,0.008664683438837528,0.0024490971118211746,0.09308428317308426
1329,0.1113390177488327,1e-04,0.05308629,69.58354,0.0032512373,0.0023761801,0.05701962,0.11657378077507019,0.08513925224542618,9.409333229064941,0.008661308325827122,0.0024481203872710466,0.09306614845991135
1330,0.11115984618663788,1e-04,0.053050395,69.549934,0.0032473733,0.0023736109,0.05698573,0.1163955107331276,0.08512374758720398,9.407652854919434,0.008657940663397312,0.002447150880470872,0.09304805845022202
1331,0.11098108440637589,1e-04,0.05301457,69.5164,0.0032435204,0.0023710486,0.056951914,0.11621761322021484,0.08510830253362656,9.405976295471191,0.008654591627418995,0.0024461832363158464,0.09303005784749985
1332,0.11080269515514374,1e-04,0.052978795,69.482925,0.0032396752,0.002368491,0.056918144,0.11604011803865433,0.08509287983179092,9.404304504394531,0.008651248179376125,0.0024452190846204758,0.09301208704710007
1333,0.11062470823526382,1e-04,0.052943103,69.44951,0.0032358414,0.002365941,0.056884456,0.11586302518844604,0.08507752418518066,9.40263843536377,0.0086479177698493,0.002444257726892829,0.09299418330192566
1334,0.11044712364673615,1e-04,0.052907474,69.4162,0.0032320176,0.0023633982,0.056850836,0.1156863272190094,0.08506226539611816,9.400984764099121,0.008644607849419117,0.0024433035869151354,0.09297638386487961
1335,0.11026991903781891,1e-04,0.05287191,69.38291,0.0032282027,0.0023608601,0.056817275,0.11551002413034439,0.08504700660705566,9.39932918548584,0.008641301654279232,0.0024423471186310053,0.09295859932899475
1336,0.1100931167602539,1e-04,0.05283642,69.34971,0.0032243982,0.002358329,0.056783784,0.11533410847187042,0.08503178507089615,9.39767837524414,0.008638004772365093,0.0024413971696048975,0.09294086694717407
1337,0.10991670191287994,1e-04,0.052800994,69.31655,0.0032206029,0.0023558035,0.056750357,0.1151585653424263,0.0850166454911232,9.396037101745605,0.008634723722934723,0.0024404507130384445,0.09292321652173996
1338,0.10974065959453583,1e-04,0.052765638,69.28347,0.0032168175,0.0023532847,0.056716993,0.1149834394454956,0.08500158786773682,9.394402503967285,0.008631463162600994,0.0024395082145929337,0.0929056704044342
1339,0.10956501960754395,1e-04,0.052730333,69.250435,0.003213041,0.0023507718,0.056683693,0.11480867862701416,0.08498651534318924,9.392768859863281,0.008628197945654392,0.0024385678116232157,0.09288809448480606
1340,0.10938975214958191,1e-04,0.05269512,69.217476,0.0032092757,0.0023482658,0.05665047,0.11463434249162674,0.084971584379673,9.39115047454834,0.008624962531030178,0.002437634626403451,0.09287067502737045
1341,0.1092148944735527,1e-04,0.052659947,69.18454,0.003205517,0.0023457631,0.056617286,0.11446037888526917,0.08495662361383438,9.3895263671875,0.008621728979051113,0.002436700277030468,0.09285326302051544
1342,0.10904040932655334,1e-04,0.05262487,69.15172,0.003201772,0.0023432707,0.0565842,0.11428678780794144,0.08494178205728531,9.387916564941406,0.008618514984846115,0.0024357729125767946,0.09283595532178879
1343,0.10886631160974503,1e-04,0.05258983,69.118935,0.003198033,0.0023407813,0.056551155,0.11411360651254654,0.08492693305015564,9.386305809020996,0.008615300990641117,0.0024348467122763395,0.09281864762306213
1344,0.10869260877370834,1e-04,0.05255487,69.0862,0.003194304,0.0023382981,0.056518175,0.11394079029560089,0.08491217344999313,9.38470458984375,0.008612106554210186,0.002433924935758114,0.09280143678188324
1345,0.10851927101612091,1e-04,0.052519973,69.05354,0.0031905856,0.0023358222,0.05648527,0.11376837641000748,0.08489742130041122,9.38310432434082,0.008608918637037277,0.0024330047890543938,0.09278425574302673
1346,0.10834632813930511,1e-04,0.052485142,69.020935,0.0031868755,0.0023333512,0.05645242,0.11359633505344391,0.08488277345895767,9.381516456604004,0.00860575120896101,0.002432091161608696,0.09276718646287918
1347,0.10817375779151917,1e-04,0.05245037,68.988396,0.0031831749,0.002330887,0.056419633,0.11342468112707138,0.0848681852221489,9.37993335723877,0.008602594025433064,0.0024311800953000784,0.0927501693367958
1348,0.10800156742334366,1e-04,0.052415695,68.95594,0.003179487,0.0023284308,0.05638694,0.1132533997297287,0.08485356718301773,9.378348350524902,0.008599436841905117,0.0024302692618221045,0.09273315221071243
1349,0.10782976448535919,1e-04,0.05238104,68.92351,0.0031758032,0.0023259767,0.056354266,0.11308251321315765,0.08483907580375671,9.376776695251465,0.008596300147473812,0.002429364249110222,0.09271623194217682
1350,0.10765834152698517,1e-04,0.052346475,68.89112,0.0031721306,0.0023235295,0.05632167,0.11291199922561646,0.08482462167739868,9.375208854675293,0.008593176491558552,0.002428462728857994,0.09269938617944717
1351,0.10748729109764099,1e-04,0.052311976,68.85885,0.0031684686,0.00232109,0.05628915,0.1127418801188469,0.08481023460626602,9.373649597167969,0.008590069599449635,0.0024275679606944323,0.09268262982368469
1352,0.10731662064790726,1e-04,0.052277517,68.8266,0.0031648132,0.0023186542,0.05625667,0.11257213354110718,0.08479592204093933,9.372096061706543,0.008586975745856762,0.002426675520837307,0.09266593307256699
1353,0.10714633017778397,1e-04,0.05224315,68.79441,0.0031611691,0.0023162258,0.056224275,0.1124027669429779,0.08478161692619324,9.370545387268066,0.008583883754909039,0.002425781451165676,0.09264925122261047
1354,0.10697641968727112,1e-04,0.05220884,68.76231,0.003157534,0.0023138039,0.05619194,0.11223377287387848,0.08476734906435013,9.368998527526855,0.00858080293983221,0.002424894832074642,0.09263262152671814
1355,0.10680687427520752,1e-04,0.052174594,68.73024,0.003153907,0.0023113857,0.056159656,0.11206516623497009,0.08475318551063538,9.367461204528809,0.008577742613852024,0.0024240135680884123,0.09261610358953476
1356,0.10663771629333496,1e-04,0.052140407,68.69821,0.0031502887,0.002308974,0.056127433,0.11189691722393036,0.08473903685808182,9.365927696228027,0.008574687875807285,0.002423131139948964,0.09259960800409317
1357,0.10646891593933105,1e-04,0.052106284,68.66628,0.0031466805,0.002306569,0.05609528,0.11172907054424286,0.08472496271133423,9.364399909973145,0.00857164990156889,0.0024222542997449636,0.09258320182561874
1358,0.10630049556493759,1e-04,0.05207222,68.6344,0.0031430812,0.0023041687,0.05606319,0.1115615963935852,0.08471100777387619,9.362887382507324,0.00856863334774971,0.002421385608613491,0.09256691485643387
1359,0.10613244771957397,1e-04,0.052038234,68.60259,0.0031394924,0.002301776,0.05603117,0.1113944798707962,0.08469704538583755,9.361373901367188,0.00856561679393053,0.002420514589175582,0.0925506204366684
1360,0.1059647724032402,1e-04,0.052004304,68.570816,0.0031359105,0.0022993875,0.0559992,0.11122774332761765,0.0846831426024437,9.35986614227295,0.00856261607259512,0.002419648226350546,0.09253440797328949
1361,0.10579745471477509,1e-04,0.05197044,68.5391,0.0031323375,0.002297005,0.05596729,0.11106136441230774,0.08466921001672745,9.358355522155762,0.008559610694646835,0.0024187832605093718,0.0925181657075882
1362,0.1056305319070816,1e-04,0.051936645,68.507484,0.0031287759,0.0022946296,0.05593546,0.11089536547660828,0.08465542644262314,9.356860160827637,0.00855663325637579,0.002417923416942358,0.09250207245349884
1363,0.10546395182609558,1e-04,0.0519029,68.47587,0.0031252205,0.0022922575,0.055903673,0.11072973906993866,0.08464167267084122,9.355369567871094,0.00855366513133049,0.002417068462818861,0.09248602390289307
1364,0.10529775172472,1e-04,0.051869232,68.44434,0.0031216748,0.0022898929,0.05587195,0.11056450009346008,0.08462797850370407,9.353883743286133,0.00855071097612381,0.002416217001155019,0.09247005730867386
1365,0.10513192415237427,1e-04,0.051835604,68.412865,0.0031181374,0.002287533,0.055840284,0.11039961874485016,0.0846143364906311,9.352404594421387,0.00854776706546545,0.0024153687991201878,0.09245413541793823
1366,0.10496646165847778,1e-04,0.05180205,68.38145,0.0031146097,0.002285179,0.05580869,0.11023509502410889,0.08460072427988052,9.350929260253906,0.008544828742742538,0.002414521062746644,0.092438243329525
1367,0.10480136424303055,1e-04,0.05176856,68.35009,0.0031110903,0.0022828311,0.055777147,0.11007095128297806,0.0845872089266777,9.34946346282959,0.008541910909116268,0.0024136793799698353,0.09242245554924011
1368,0.10463661700487137,1e-04,0.05173513,68.31877,0.0031075792,0.0022804874,0.055745665,0.10990716516971588,0.08457369357347488,9.34799861907959,0.008538997732102871,0.002412839327007532,0.09240669757127762
1369,0.10447224229574203,1e-04,0.051701766,68.28753,0.0031040777,0.0022781503,0.05571425,0.10974374413490295,0.08456025272607803,9.346541404724121,0.008536096662282944,0.0024120041634887457,0.0923909991979599
1370,0.10430823266506195,1e-04,0.051668465,68.25634,0.0031005845,0.0022758187,0.055682894,0.10958071053028107,0.08454693108797073,9.345097541809082,0.008533219806849957,0.002411173889413476,0.09237542748451233
1371,0.10414458811283112,1e-04,0.051635224,68.22523,0.0030971,0.0022734927,0.055651594,0.10941802710294724,0.08453357219696045,9.343649864196777,0.008530342020094395,0.0024103436153382063,0.09235984832048416
1372,0.10398130863904953,1e-04,0.05160204,68.19414,0.0030936243,0.0022711724,0.055620357,0.10925570875406265,0.08452030271291733,9.342209815979004,0.008527479134500027,0.002409519860520959,0.09234435111284256
1373,0.1038183867931366,1e-04,0.051568918,68.16311,0.003090156,0.0022688566,0.055589173,0.10909374803304672,0.08450713008642197,9.34078311920166,0.008524633944034576,0.0024086975026875734,0.09232894331216812
1374,0.10365582257509232,1e-04,0.051535863,68.13213,0.0030866973,0.0022665472,0.055558052,0.10893215984106064,0.0844939574599266,9.33935546875,0.00852179154753685,0.0024078795686364174,0.09231355041265488
1375,0.10349362343549728,1e-04,0.051502872,68.10124,0.0030832482,0.0022642442,0.055527005,0.1087709292769432,0.08448085933923721,9.337936401367188,0.00851896870881319,0.0024070669896900654,0.09229826182126999
1376,0.10333176702260971,1e-04,0.051469922,68.07038,0.003079805,0.002261944,0.055495992,0.10861004889011383,0.0844678282737732,9.33652400970459,0.008516152389347553,0.0024062537122517824,0.09228300303220749
1377,0.10317027568817139,1e-04,0.051437054,68.03959,0.003076372,0.002259652,0.05546505,0.1084495484828949,0.08445478230714798,9.33510971069336,0.008513345383107662,0.0024054457899183035,0.09226778894662857
1378,0.10300914943218231,1e-04,0.051404238,68.008835,0.0030729468,0.0022573636,0.055434167,0.10828941315412521,0.08444193750619888,9.333718299865723,0.008510568179190159,0.0024046453181654215,0.09225273877382278
1379,0.10284837335348129,1e-04,0.051371474,67.97816,0.0030695295,0.0022550807,0.055403337,0.1081296056509018,0.08442898839712143,9.332314491271973,0.008507777005434036,0.0024038406554609537,0.09223761409521103
1380,0.10268795490264893,1e-04,0.0513388,67.94753,0.0030661232,0.0022528055,0.055372585,0.10797017812728882,0.08441618084907532,9.330927848815918,0.008505011908710003,0.0024030443746596575,0.09222262352705002
1381,0.10252788662910461,1e-04,0.051306147,67.91695,0.0030627218,0.0022505324,0.055341862,0.1078111082315445,0.08440341800451279,9.329544067382812,0.008502260781824589,0.0024022504221647978,0.09220770746469498
1382,0.10236817598342896,1e-04,0.051273588,67.886444,0.0030593327,0.0022482674,0.055311237,0.10765240341424942,0.08439072966575623,9.328169822692871,0.008499521762132645,0.002401462523266673,0.09219285100698471
1383,0.10220883041620255,1e-04,0.051241074,67.855995,0.003055949,0.0022460062,0.055280637,0.10749402642250061,0.08437804132699966,9.326796531677246,0.008496783673763275,0.002400672296062112,0.09217800199985504
1384,0.102049820125103,1e-04,0.051208615,67.825554,0.0030525737,0.0022437505,0.0552501,0.10733602941036224,0.08436542004346848,9.325428009033203,0.008494062349200249,0.002399887889623642,0.09216323494911194
1385,0.1018911749124527,1e-04,0.051176216,67.79523,0.0030492074,0.002241501,0.055219628,0.10717836767435074,0.08435291051864624,9.324073791503906,0.008491357788443565,0.0023991104681044817,0.0921485647559166
1386,0.10173285752534866,1e-04,0.051143877,67.764915,0.003045849,0.0022392552,0.05518921,0.10702106356620789,0.0843404158949852,9.322720527648926,0.008488661609590054,0.0023983328137546778,0.09213393181562424
1387,0.10157490521669388,1e-04,0.051111605,67.73467,0.0030424988,0.0022370156,0.05515885,0.10686412453651428,0.08432797342538834,9.32137393951416,0.008485976606607437,0.0023975595831871033,0.09211935847997665
1388,0.10141730308532715,1e-04,0.051079385,67.704475,0.0030391563,0.0022347807,0.055128545,0.10670752823352814,0.08431559056043625,9.320033073425293,0.008483300916850567,0.002396787516772747,0.09210483729839325
1389,0.10126005113124847,1e-04,0.051047217,67.67433,0.0030358222,0.0022325513,0.055098295,0.10655129700899124,0.08430331200361252,9.318702697753906,0.008480650372803211,0.002396024763584137,0.09209045022726059
1390,0.10110314190387726,1e-04,0.051015116,67.64424,0.0030324962,0.002230327,0.055068105,0.10639540106058121,0.08429104834794998,9.317376136779785,0.008478001691401005,0.0023952615447342396,0.09207606315612793
1391,0.1009465828537941,1e-04,0.050983083,67.61422,0.0030291793,0.002228109,0.05503798,0.10623986274003983,0.08427882939577103,9.31605339050293,0.008475364185869694,0.0023945027496665716,0.09206174314022064
1392,0.1007903665304184,1e-04,0.050951105,67.58425,0.0030258703,0.0022258952,0.055007912,0.1060846745967865,0.08426669239997864,9.314740180969238,0.008472739718854427,0.002393745817244053,0.09204748272895813
1393,0.10063450038433075,1e-04,0.05091917,67.55433,0.0030225676,0.0022236865,0.054977883,0.10592982918024063,0.08425460010766983,9.313431739807129,0.008470128290355206,0.002392994472756982,0.09203329682350159
1394,0.10047897696495056,1e-04,0.050887305,67.524445,0.0030192747,0.002221483,0.054947928,0.10577534139156342,0.08424263447523117,9.31213665008545,0.008467539213597775,0.002392248949036002,0.0920192301273346
1395,0.10032378882169724,1e-04,0.05085549,67.494644,0.0030159887,0.0022192851,0.054918017,0.10562118887901306,0.08423063158988953,9.310837745666504,0.00846494734287262,0.002391502493992448,0.09200514853000641
1396,0.10016895830631256,1e-04,0.05082375,67.4649,0.0030127123,0.0022170928,0.05488818,0.10546739399433136,0.08421868830919266,9.30954647064209,0.008462365716695786,0.0023907588329166174,0.0919911190867424
1397,0.10001447051763535,1e-04,0.050792046,67.43517,0.003009441,0.0022149037,0.05485837,0.10531395673751831,0.08420690894126892,9.308272361755371,0.008459816686809063,0.0023900254163891077,0.09197726100683212
1398,0.09986031800508499,1e-04,0.05076042,67.40552,0.0030061805,0.0022127214,0.054828648,0.10516083240509033,0.08419505506753922,9.306988716125488,0.00845725554972887,0.0023892868775874376,0.09196333587169647
1399,0.0997065007686615,1e-04,0.050728835,67.3759,0.0030029255,0.0022105433,0.054798957,0.1050080731511116,0.08418336510658264,9.305726051330566,0.008454723283648491,0.0023885590489953756,0.09194956719875336
1400,0.09955302625894547,1e-04,0.050697308,67.346344,0.0029996797,0.0022083702,0.05476933,0.10485564917325974,0.08417165279388428,9.304459571838379,0.008452190086245537,0.0023878307547420263,0.09193579107522964
1401,0.09939990192651749,1e-04,0.050665855,67.31687,0.0029964421,0.002206203,0.054739766,0.10470357537269592,0.08416000753641129,9.303200721740723,0.008449669927358627,0.0023871047887951136,0.0919220894575119
1402,0.09924711287021637,1e-04,0.050634444,67.28741,0.0029932112,0.0022040396,0.054710247,0.10455182939767838,0.08414840698242188,9.301944732666016,0.008447161875665188,0.002386382082477212,0.09190843999385834
1403,0.09909465909004211,1e-04,0.0506031,67.25801,0.0029899885,0.002201882,0.054680787,0.10440044105052948,0.08413693308830261,9.300705909729004,0.008444675244390965,0.0023856675252318382,0.09189491719007492
1404,0.09894254058599472,1e-04,0.0505718,67.228645,0.0029867732,0.0021997292,0.05465138,0.10424939543008804,0.08412549644708633,9.299469947814941,0.008442197926342487,0.002384953433647752,0.09188143163919449
1405,0.09879076480865479,1e-04,0.050540566,67.19937,0.0029835664,0.0021975816,0.05462203,0.10409867018461227,0.08411406725645065,9.298233985900879,0.008439723402261734,0.002384240971878171,0.09186796844005585
1406,0.09863931685686111,1e-04,0.050509393,67.17012,0.0029803666,0.0021954388,0.054592732,0.10394828766584396,0.08410274237394333,9.297009468078613,0.008437271229922771,0.002383536659181118,0.09185461699962616
1407,0.09848818928003311,1e-04,0.05047827,67.14093,0.002977175,0.0021933008,0.054563496,0.10379825532436371,0.08409146219491959,9.295792579650879,0.008434825576841831,0.002382831647992134,0.09184130281209946
1408,0.09833742678165436,1e-04,0.0504472,67.11179,0.0029739907,0.002191168,0.05453431,0.10364855825901031,0.08408024162054062,9.29457950592041,0.008432389236986637,0.0023821312934160233,0.09182804077863693
1409,0.09818699210882187,1e-04,0.050416198,67.08272,0.0029708154,0.0021890406,0.054505188,0.10349920392036438,0.08406910300254822,9.293376922607422,0.00842997431755066,0.002381437923759222,0.09181489050388336
1410,0.09803687036037445,1e-04,0.050385237,67.053665,0.0029676456,0.0021869168,0.0544761,0.10335016995668411,0.0840579941868782,9.2921781539917,0.008427564986050129,0.0023807447869330645,0.09180177003145218
1411,0.0978870838880539,1e-04,0.050354328,67.024666,0.0029644833,0.0021847978,0.05444707,0.1032014936208725,0.08404698222875595,9.290989875793457,0.008425169624388218,0.0023800553753972054,0.09178872406482697
1412,0.09773765504360199,1e-04,0.05032349,66.99574,0.0029613303,0.002182685,0.054418106,0.10305313766002655,0.08403594046831131,9.28979778289795,0.008422779850661755,0.002379367593675852,0.09177570044994354
1413,0.09758853912353516,1e-04,0.050292693,66.96684,0.0029581822,0.002180575,0.054389175,0.10290512442588806,0.0840250551700592,9.288622856140137,0.008420410566031933,0.0023786870297044516,0.09176279604434967
1414,0.09743975847959518,1e-04,0.05026197,66.93803,0.0029550444,0.0021784718,0.05436032,0.10275743156671524,0.08401422947645187,9.287453651428223,0.008418056182563305,0.002378009492531419,0.09174996614456177
1415,0.09729129076004028,1e-04,0.050231274,66.90923,0.0029519119,0.0021763723,0.0543315,0.10261008888483047,0.08400342613458633,9.28628921508789,0.008415709249675274,0.00237733474932611,0.09173717349767685
1416,0.09714316576719284,1e-04,0.050200652,66.8805,0.0029487885,0.0021742783,0.05430275,0.10246308147907257,0.08399277925491333,9.285141944885254,0.008413388393819332,0.0023766662925481796,0.09172452241182327
1417,0.09699536114931107,1e-04,0.05017009,66.8518,0.002945671,0.0021721884,0.054274037,0.10231640189886093,0.08398208767175674,9.283988952636719,0.008411061950027943,0.0023759983014315367,0.09171184152364731
1418,0.09684790670871735,1e-04,0.050139576,66.823166,0.002942562,0.0021701038,0.054245386,0.10217004269361496,0.08397146314382553,9.282843589782715,0.008408747613430023,0.0023753326386213303,0.09169922024011612
1419,0.0967007502913475,1e-04,0.050109107,66.79459,0.00293946,0.0021680242,0.054216787,0.10202401876449585,0.08396098017692566,9.28171443939209,0.008406461216509342,0.0023746751248836517,0.09168675541877747
1420,0.09655392169952393,1e-04,0.05007871,66.76606,0.0029363665,0.0021659487,0.05418825,0.101878322660923,0.0839504525065422,9.28057861328125,0.008404168300330639,0.0023740162141621113,0.09167425334453583
1421,0.0964074358344078,1e-04,0.050048348,66.737564,0.0029332787,0.0021638777,0.054159753,0.10173295438289642,0.0839400514960289,9.279458045959473,0.008401897735893726,0.002373363124206662,0.09166186302900314
1422,0.09626125544309616,1e-04,0.05001805,66.70912,0.002930198,0.0021618118,0.054131303,0.1015879213809967,0.08392969518899918,9.27834415435791,0.008399639278650284,0.00237271492369473,0.09164954721927643
1423,0.09611540287733078,1e-04,0.04998781,66.68073,0.0029271261,0.002159751,0.05410292,0.10144323110580444,0.08391939848661423,9.277234077453613,0.008397391997277737,0.002372067654505372,0.09163728356361389
1424,0.09596989303827286,1e-04,0.049957607,66.65239,0.0029240593,0.0021576937,0.05407457,0.10129884630441666,0.08390918374061584,9.276134490966797,0.008395159617066383,0.002371427370235324,0.09162510186433792
1425,0.09582468867301941,1e-04,0.04992748,66.62411,0.0029210018,0.0021556427,0.05404629,0.10115478187799454,0.08389896899461746,9.275035858154297,0.008392926305532455,0.002370785688981414,0.09161291271448135
1426,0.09567979723215103,1e-04,0.0498974,66.59586,0.0029179503,0.0021535945,0.054018054,0.10101106017827988,0.08388888835906982,9.273951530456543,0.00839072372764349,0.0023701523896306753,0.09160089492797852
1427,0.09553524106740952,1e-04,0.04986737,66.567665,0.0029149067,0.0021515524,0.053989876,0.10086765140295029,0.08387883752584457,9.272870063781738,0.008388521149754524,0.0023695218842476606,0.09158886969089508
1428,0.09539099782705307,1e-04,0.04983739,66.539536,0.00291187,0.002149514,0.053961746,0.10072456300258636,0.0838688313961029,9.271793365478516,0.008386333473026752,0.0023688925430178642,0.09157692641019821
1429,0.09524707496166229,1e-04,0.049807485,66.51142,0.0029088412,0.0021474813,0.053933673,0.1005818247795105,0.0838589295744896,9.27072811126709,0.008384162560105324,0.002368268556892872,0.0915650725364685
1430,0.09510347992181778,1e-04,0.04977758,66.48336,0.0029058158,0.0021454503,0.05390562,0.10043938457965851,0.08384905010461807,9.269667625427246,0.008381996303796768,0.002367648296058178,0.09155324101448059
1431,0.09496019035577774,1e-04,0.04974779,66.45537,0.0029028025,0.0021434275,0.053877663,0.10029727965593338,0.08383924514055252,9.2686128616333,0.008379846811294556,0.0023670298978686333,0.09154150635004044
1432,0.09481722861528397,1e-04,0.049718022,66.427414,0.002899794,0.0021414075,0.053849734,0.10015548765659332,0.08382952958345413,9.267569541931152,0.008377713151276112,0.0023664177861064672,0.09152984619140625
1433,0.09467457234859467,1e-04,0.0496883,66.39951,0.0028967918,0.002139392,0.05382185,0.10001402348279953,0.0838199034333229,9.266536712646484,0.008375594392418861,0.0023658089339733124,0.09151827543973923
1434,0.09453222900629044,1e-04,0.04965865,66.37166,0.002893798,0.0021373816,0.053794034,0.09987287223339081,0.0838102325797081,9.265497207641602,0.008373470976948738,0.00236519961617887,0.09150667488574982
1435,0.09439021348953247,1e-04,0.04962904,66.34385,0.0028908104,0.0021353757,0.053766258,0.09973204880952835,0.08380071073770523,9.26447582244873,0.008371376432478428,0.002364598447456956,0.09149522334337234
1436,0.09424850344657898,1e-04,0.04959947,66.31607,0.002887829,0.002133373,0.053738523,0.09959155321121216,0.08379125595092773,9.263461112976074,0.008369292132556438,0.0023640014696866274,0.09148383885622025
1437,0.09410712122917175,1e-04,0.049569976,66.28835,0.002884856,0.002131376,0.053710856,0.09945135563611984,0.08378186076879501,9.26245403289795,0.008367219008505344,0.002363405888900161,0.09147250652313232
1438,0.0939660295844078,1e-04,0.04954052,66.260666,0.0028818888,0.0021293822,0.053683225,0.0993114784359932,0.0837724432349205,9.261443138122559,0.008365144021809101,0.0023628107737749815,0.09146115928888321
1439,0.09382526576519012,1e-04,0.049511127,66.233055,0.0028789293,0.0021273948,0.053655654,0.09917192906141281,0.08376315981149673,9.260448455810547,0.008363096974790096,0.002362222643569112,0.09144996851682663
1440,0.09368480741977692,1e-04,0.049481783,66.20549,0.0028759765,0.0021254106,0.05362813,0.0990326926112175,0.08375399559736252,9.259467124938965,0.008361068554222584,0.0023616417311131954,0.09143888205289841
1441,0.09354465454816818,1e-04,0.049452484,66.177956,0.0028730303,0.0021234308,0.053600654,0.09889377653598785,0.08374480158090591,9.258481979370117,0.008359036408364773,0.0023610598873347044,0.0914277657866478
1442,0.09340482950210571,1e-04,0.04942324,66.1505,0.0028700917,0.0021214564,0.053573236,0.09875515103340149,0.08373569697141647,9.257506370544434,0.008357023820281029,0.0023604808375239372,0.09141676127910614
1443,0.09326528757810593,1e-04,0.049394045,66.12303,0.0028671585,0.0021194846,0.053545855,0.09861686825752258,0.08372665196657181,9.256539344787598,0.008355016820132732,0.0023599069099873304,0.09140577912330627
1444,0.0931260883808136,1e-04,0.049364902,66.095634,0.002864233,0.0021175186,0.05351853,0.09847889095544815,0.0837177038192749,9.25558090209961,0.00835303496569395,0.0023593399673700333,0.09139493852853775
1445,0.09298716485500336,1e-04,0.049335808,66.06829,0.0028613135,0.0021155556,0.053491246,0.09834121912717819,0.08370880037546158,9.254629135131836,0.008351058699190617,0.002358771627768874,0.09138412773609161
1446,0.09284856170415878,1e-04,0.04930677,66.04098,0.0028584008,0.0021135972,0.053464014,0.0982038676738739,0.08369997888803482,9.25368595123291,0.008349099196493626,0.0023582116700708866,0.09137340635061264
1447,0.09271026402711868,1e-04,0.04927777,66.01374,0.0028554953,0.0021116443,0.053436834,0.09806683659553528,0.08369121700525284,9.2527494430542,0.008347147144377232,0.0023576519452035427,0.09136272221803665
1448,0.09257228672504425,1e-04,0.049248837,65.986534,0.002852597,0.0021096957,0.05340971,0.09793009608983994,0.08368248492479324,9.251816749572754,0.008345206268131733,0.00235709547996521,0.09135209769010544
1449,0.0924345925450325,1e-04,0.04921994,65.95936,0.0028497041,0.0021077504,0.05338262,0.09779366850852966,0.0836738646030426,9.250897407531738,0.008343280293047428,0.0023565427400171757,0.09134155511856079
1450,0.09229721128940582,1e-04,0.049191106,65.93226,0.0028468196,0.0021058102,0.053355597,0.09765756875276566,0.08366525918245316,9.249978065490723,0.008341362699866295,0.0023559932596981525,0.09133106470108032
1451,0.09216014295816422,1e-04,0.04916231,65.90518,0.0028439395,0.0021038738,0.0533286,0.09752176702022552,0.08365681022405624,9.249076843261719,0.008339468389749527,0.002355452161282301,0.0913206934928894
1452,0.09202336519956589,1e-04,0.049133573,65.87815,0.0028410677,0.0021019415,0.053301666,0.09738628566265106,0.08364841341972351,9.24818229675293,0.008337591774761677,0.0023549154866486788,0.09131041169166565
1453,0.09188690036535263,1e-04,0.049104877,65.85116,0.0028382007,0.0021000127,0.053274766,0.09725109487771988,0.08364003151655197,9.247288703918457,0.008335714228451252,0.0023543769493699074,0.0913001298904419
1454,0.09175072610378265,1e-04,0.04907624,65.824234,0.0028353424,0.0020980902,0.053247932,0.09711623936891556,0.08363178372383118,9.246411323547363,0.008333862759172916,0.002353847725316882,0.09128998965024948
1455,0.09161486476659775,1e-04,0.049047638,65.79734,0.0028324886,0.00209617,0.05322113,0.09698165953159332,0.08362352848052979,9.24553108215332,0.008332010358572006,0.0023533187340945005,0.09127984941005707
1456,0.09147928655147552,1e-04,0.049019095,65.77049,0.0028296425,0.002094255,0.053194385,0.09684739261865616,0.08361532539129257,9.244658470153809,0.008330166339874268,0.0023527902085334063,0.09126974642276764
1457,0.09134402871131897,1e-04,0.048990604,65.74369,0.0028268027,0.002092344,0.053167686,0.09671344608068466,0.0836072638630867,9.243802070617676,0.008328349329531193,0.0023522714618593454,0.09125979244709015
1458,0.09120906889438629,1e-04,0.048962157,65.71693,0.002823969,0.0020904366,0.053141028,0.09657979011535645,0.08359923958778381,9.242948532104492,0.00832654070109129,0.002351753180846572,0.09124988317489624
1459,0.0910743921995163,1e-04,0.048933767,65.690216,0.0028211423,0.0020885344,0.053114425,0.0964464396238327,0.08359124511480331,9.242098808288574,0.008324735797941685,0.0023512367624789476,0.09123998880386353
1460,0.09094002842903137,1e-04,0.048905425,65.663536,0.002818322,0.0020866357,0.05308787,0.09631340205669403,0.08358337730169296,9.241263389587402,0.00832295697182417,0.002350729191675782,0.09123024344444275
1461,0.09080595523118973,1e-04,0.04887712,65.63692,0.0028155074,0.0020847411,0.053061355,0.09618066251277924,0.0835755243897438,9.240429878234863,0.008321180939674377,0.002350220223888755,0.09122050553560257
1462,0.09067218005657196,1e-04,0.048848875,65.61033,0.0028127,0.002082851,0.053034894,0.09604822099208832,0.0835677906870842,9.239609718322754,0.008319423533976078,0.002349717542529106,0.09121087193489075
1463,0.09053869545459747,1e-04,0.04882068,65.58376,0.0028098975,0.002080964,0.053008467,0.09591607004404068,0.08356010168790817,9.238795280456543,0.0083176763728261,0.0023492195177823305,0.0912012979388237
1464,0.09040550142526627,1e-04,0.04879253,65.5573,0.0028071038,0.0020790827,0.052982107,0.0957842469215393,0.08355247974395752,9.237987518310547,0.008315944112837315,0.0023487245198339224,0.09119179844856262
1465,0.09027261286973953,1e-04,0.048764434,65.53083,0.0028043147,0.002077204,0.05295578,0.09565270692110062,0.08354491740465164,9.237187385559082,0.008314219303429127,0.0023482327815145254,0.09118234366178513
1466,0.09014001488685608,1e-04,0.048736364,65.504425,0.0028015315,0.0020753297,0.052929495,0.0955214649438858,0.08353742957115173,9.236395835876465,0.008312513120472431,0.0023477438371628523,0.09117298573255539
1467,0.0900077074766159,1e-04,0.04870836,65.47805,0.0027987554,0.0020734598,0.052903265,0.09539054334163666,0.08353004604578018,9.235614776611328,0.008310824632644653,0.0023472632747143507,0.09116372466087341
1468,0.08987569808959961,1e-04,0.048680406,65.45174,0.0027959864,0.0020715944,0.052877087,0.09525991231203079,0.08352270722389221,9.234840393066406,0.008309139870107174,0.0023467817809432745,0.09115448594093323
1469,0.08974399417638779,1e-04,0.0486525,65.42546,0.0027932227,0.0020697326,0.052850947,0.09512956440448761,0.08351538330316544,9.2340669631958,0.00830746442079544,0.002346303081139922,0.09114529192447662
1470,0.08961255848407745,1e-04,0.04862463,65.399216,0.0027904643,0.0020678742,0.052824847,0.0949995219707489,0.08350823074579239,9.23331356048584,0.008305815979838371,0.002345832297578454,0.09113624691963196
1471,0.089481420814991,1e-04,0.048596803,65.373024,0.0027877123,0.0020660197,0.05279879,0.09486977756023407,0.08350107818841934,9.232558250427246,0.008304170332849026,0.0023453652393072844,0.09112722426652908
1472,0.08935056626796722,1e-04,0.048569042,65.346855,0.002784967,0.0020641696,0.052772786,0.09474033117294312,0.08349403738975525,9.231816291809082,0.008302544243633747,0.0023449009750038385,0.09111829847097397
1473,0.08922001719474792,1e-04,0.048541315,65.320755,0.002782228,0.002062324,0.05274683,0.09461117535829544,0.08348705619573593,9.23108196258545,0.008300929330289364,0.0023444409016519785,0.09110943973064423
1474,0.08908974379301071,1e-04,0.048513643,65.29469,0.0027794957,0.002060482,0.052720923,0.09448231756687164,0.0834801122546196,9.230351448059082,0.008299321867525578,0.0023439815267920494,0.09110061079263687
1475,0.08895976841449738,1e-04,0.048486017,65.26865,0.002776768,0.0020586436,0.052695047,0.09435375034809113,0.08347323536872864,9.229628562927246,0.008297726511955261,0.0023435282055288553,0.09109185636043549
1476,0.08883006870746613,1e-04,0.048458435,65.24268,0.0027740481,0.0020568096,0.052669235,0.09422548860311508,0.08346644788980484,9.22891616821289,0.008296148851513863,0.002343078376725316,0.09108319878578186
1477,0.08870067447423935,1e-04,0.048430894,65.21673,0.0027713326,0.0020549793,0.052643448,0.09409750252962112,0.08345974236726761,9.2282133102417,0.008294583298265934,0.002342631807550788,0.09107460081577301
1478,0.08857154101133347,1e-04,0.048403423,65.19085,0.002768625,0.0020531532,0.052617725,0.09396981447935104,0.08345309644937515,9.227517127990723,0.008293031714856625,0.002342191059142351,0.09106608480215073
1479,0.08844270557165146,1e-04,0.048375968,65.16497,0.0027659212,0.0020513297,0.052592024,0.09384243190288544,0.08344653248786926,9.226828575134277,0.008291494101285934,0.0023417535703629255,0.09105764329433441
1480,0.08831416070461273,1e-04,0.048348576,65.139145,0.0027632236,0.0020495108,0.05256637,0.09371533244848251,0.08344008773565292,9.226155281066895,0.008289976976811886,0.002341320039704442,0.09104931354522705
1481,0.0881858840584755,1e-04,0.048321225,65.11337,0.0027605335,0.0020476964,0.05254078,0.09358850866556168,0.0834336206316948,9.225480079650879,0.008288453333079815,0.0023408879060298204,0.0910409465432167
1482,0.08805790543556213,1e-04,0.048293915,65.08765,0.0027578485,0.0020458857,0.05251522,0.09346199035644531,0.08342725783586502,9.22481632232666,0.008286955766379833,0.002340462291613221,0.0910327211022377
1483,0.08793020248413086,1e-04,0.048266653,65.061935,0.0027551688,0.0020440782,0.0524897,0.09333576261997223,0.08342098444700241,9.224162101745605,0.008285469375550747,0.002340038539841771,0.09102455526590347
1484,0.08780279755592346,1e-04,0.04823945,65.03632,0.0027524976,0.0020422756,0.05246425,0.09320982545614243,0.08341477066278458,9.223514556884766,0.008283997885882854,0.0023396203760057688,0.09101647138595581
1485,0.08767565339803696,1e-04,0.048212282,65.01069,0.00274983,0.0020404758,0.05243882,0.0930841788649559,0.08340867608785629,9.222880363464355,0.008282545022666454,0.0023392087314277887,0.0910084918141365
1486,0.08754880726337433,1e-04,0.04818517,64.98514,0.0027471695,0.0020386807,0.05241345,0.09295880049467087,0.08340256661176682,9.222244262695312,0.008281090296804905,0.002338794991374016,0.091000497341156
1487,0.08742222934961319,1e-04,0.0481581,64.95959,0.0027445143,0.0020368886,0.052388113,0.09283372014760971,0.0833965539932251,9.221620559692383,0.008279655128717422,0.0023383870720863342,0.09099260717630386
1488,0.08729592710733414,1e-04,0.048131056,64.9341,0.002741864,0.0020350998,0.05236281,0.09270891547203064,0.08339059352874756,9.221002578735352,0.008278225548565388,0.0023379807826131582,0.0909847542643547
1489,0.08716990798711777,1e-04,0.04810408,64.90865,0.0027392209,0.0020333163,0.05233757,0.09258441627025604,0.08338475972414017,9.22039794921875,0.008276824839413166,0.0023375831078737974,0.09097705781459808
1490,0.08704417943954468,1e-04,0.04807714,64.88324,0.002736583,0.0020315351,0.05231236,0.09246019273996353,0.08337899297475815,9.219801902770996,0.008275427855551243,0.0023371868301182985,0.09096937626600266
1491,0.08691871166229248,1e-04,0.048050236,64.85787,0.0027339496,0.0020297575,0.052287184,0.0923362523317337,0.08337324857711792,9.219208717346191,0.00827404111623764,0.002336794277653098,0.090961754322052
1492,0.08679353445768356,1e-04,0.048023403,64.83254,0.0027313246,0.0020279856,0.052262075,0.09221258759498596,0.08336759358644485,9.21862506866455,0.008272671140730381,0.0023364059161394835,0.09095422923564911
1493,0.08666862547397614,1e-04,0.047996588,64.80726,0.0027287037,0.002026216,0.052236997,0.0920892283320427,0.08336203545331955,9.21805191040039,0.008271315135061741,0.0023360217455774546,0.09094677120447159
1494,0.08654400706291199,1e-04,0.047969844,64.78202,0.0027260897,0.0020244506,0.05221197,0.09196613729000092,0.08335652947425842,9.217484474182129,0.008269972167909145,0.0023356424644589424,0.09093938767910004
1495,0.08641964942216873,1e-04,0.04794312,64.756805,0.0027234799,0.0020226885,0.05218697,0.09184332191944122,0.08335105329751968,9.216922760009766,0.008268631063401699,0.002335261320695281,0.09093201160430908
1496,0.08629556745290756,1e-04,0.047916446,64.731636,0.0027208761,0.00202093,0.052162018,0.09172080457210541,0.08334574103355408,9.216377258300781,0.008267322555184364,0.002334892051294446,0.09092482179403305
1497,0.08617176115512848,1e-04,0.047889818,64.70649,0.0027182777,0.0020191746,0.052137107,0.09159855544567108,0.08334043622016907,9.215834617614746,0.008266013115644455,0.0023345204535871744,0.09091761708259583
1498,0.08604821562767029,1e-04,0.047863238,64.68139,0.002715685,0.0020174233,0.052112233,0.09147658944129944,0.08333522081375122,9.215300559997559,0.008264721371233463,0.002334155375137925,0.09091051667928696
1499,0.08592496812343597,1e-04,0.0478367,64.65635,0.0027130994,0.002015676,0.05208742,0.09135490655899048,0.08333009481430054,9.214777946472168,0.008263446390628815,0.002333794254809618,0.09090349823236465
1500,0.08580197393894196,1e-04,0.047810197,64.63133,0.002710518,0.002013932,0.052062634,0.09123349189758301,0.08332499116659164,9.214256286621094,0.00826217234134674,0.0023334345314651728,0.09089649468660355
1501,0.08567926287651062,1e-04,0.04778375,64.60638,0.0027079433,0.0020121925,0.052037902,0.09111236780881882,0.08332002907991409,9.213752746582031,0.008260928094387054,0.0023330841213464737,0.09088964760303497
1502,0.08555681258440018,1e-04,0.04775733,64.581436,0.0027053724,0.0020104551,0.052013196,0.09099152684211731,0.08331514149904251,9.213255882263184,0.008259695954620838,0.0023327365051954985,0.09088286757469177
1503,0.08543463796377182,1e-04,0.047730964,64.556526,0.0027028078,0.0020087217,0.051988535,0.09087095409631729,0.08331026881933212,9.212761878967285,0.008258462883532047,0.0023323867935687304,0.09087608754634857
1504,0.08531273901462555,1e-04,0.047704637,64.531654,0.002700248,0.0020069918,0.05196391,0.09075065702199936,0.0833054706454277,9.212275505065918,0.0082572465762496,0.002332044765353203,0.09086938947439194
1505,0.08519110083580017,1e-04,0.04767836,64.50686,0.0026976957,0.0020052667,0.051939346,0.09063062816858292,0.08330077677965164,9.211803436279297,0.008256045170128345,0.0023317073937505484,0.09086278080940247
1506,0.08506973087787628,1e-04,0.047652125,64.48207,0.002695148,0.002003544,0.051914815,0.09051089733839035,0.08329617232084274,9.21133804321289,0.008254864253103733,0.002331372117623687,0.09085628390312195
1507,0.08494863659143448,1e-04,0.04762595,64.45735,0.0026926075,0.002001827,0.05189034,0.09039143472909927,0.08329161256551743,9.210880279541016,0.008253690786659718,0.0023310426622629166,0.09084982424974442
1508,0.08482781052589417,1e-04,0.04759979,64.432625,0.0026900691,0.0020001102,0.051865876,0.09027224034070969,0.08328715711832047,9.210433959960938,0.008252536877989769,0.002330717397853732,0.09084347635507584
1509,0.08470724523067474,1e-04,0.047573674,64.40794,0.0026875364,0.0019983973,0.051841453,0.09015332907438278,0.08328277617692947,9.209996223449707,0.008251394145190716,0.002330395858734846,0.09083718806505203
1510,0.08458694070577621,1e-04,0.047547612,64.38335,0.0026850118,0.0019966904,0.0518171,0.09003468602895737,0.08327842503786087,9.209561347961426,0.00825025700032711,0.0023300759494304657,0.09083092212677002
1511,0.08446691185235977,1e-04,0.047521587,64.35874,0.0026824905,0.0019949856,0.051792763,0.08991628885269165,0.08327417820692062,9.209137916564941,0.008249137550592422,0.0023297613952308893,0.09082476049661636
1512,0.08434712886810303,1e-04,0.04749561,64.3342,0.0026799762,0.0019932846,0.051768485,0.089798204600811,0.08327002078294754,9.208725929260254,0.008248036727309227,0.0023294526617974043,0.09081870317459106
1513,0.08422762900590897,1e-04,0.047469668,64.30966,0.0026774646,0.0019915858,0.051744223,0.08968035876750946,0.08326590806245804,9.208318710327148,0.008246943354606628,0.0023291446268558502,0.09081268310546875
1514,0.0841083750128746,1e-04,0.047443774,64.2852,0.002674961,0.0019898922,0.051720027,0.0895628035068512,0.0832618772983551,9.207921028137207,0.00824586022645235,0.002328842179849744,0.09080672264099121
1515,0.08398939669132233,1e-04,0.0474179,64.26075,0.0026724602,0.0019882002,0.051695842,0.08944550901651382,0.08325792104005814,9.207531929016113,0.008244792930781841,0.002328543458133936,0.09080084413290024
1516,0.08387068659067154,1e-04,0.047392108,64.23636,0.0026699682,0.0019865138,0.051671736,0.08932848274707794,0.08325403928756714,9.20715045928955,0.008243738673627377,0.002328246831893921,0.09079504013061523
1517,0.08375221490859985,1e-04,0.04736634,64.21199,0.0026674792,0.0019848295,0.051647644,0.08921173959970474,0.08325019478797913,9.206774711608887,0.008242691867053509,0.002327953465282917,0.09078927338123322
1518,0.08363404124975204,1e-04,0.047340605,64.18765,0.0026649958,0.0019831487,0.051623598,0.08909526467323303,0.08324646204710007,9.206409454345703,0.008241667412221432,0.0023276684805750847,0.09078363329172134
1519,0.08351611346006393,1e-04,0.047314916,64.16335,0.002662517,0.0019814712,0.05159958,0.08897905051708221,0.08324284106492996,9.206059455871582,0.008240659721195698,0.002327386289834976,0.09077808260917664
1520,0.08339843899011612,1e-04,0.047289275,64.13909,0.0026600438,0.001979797,0.051575612,0.08886309713125229,0.08323919773101807,9.205705642700195,0.008239650167524815,0.0023271034006029367,0.09077251702547073
1521,0.0832810252904892,1e-04,0.047263674,64.11488,0.002657577,0.0019781268,0.051551692,0.08874741941690445,0.08323570340871811,9.205368995666504,0.008238665759563446,0.0023268291261047125,0.09076709300279617
1522,0.08316387236118317,1e-04,0.04723812,64.090706,0.0026551154,0.0019764602,0.051527813,0.0886320099234581,0.08323224633932114,9.205036163330078,0.008237688802182674,0.002326556481420994,0.0907617136836052
1523,0.08304698020219803,1e-04,0.047212575,64.06656,0.0026526568,0.0019747955,0.05150395,0.08851686120033264,0.08322890847921371,9.204718589782715,0.00823673140257597,0.002326289191842079,0.09075643867254257
1524,0.08293034136295319,1e-04,0.04718711,64.042435,0.0026502048,0.0019731352,0.05148014,0.08840198069810867,0.08322557061910629,9.204399108886719,0.00823577493429184,0.002326021669432521,0.09075117111206055
1525,0.08281396329402924,1e-04,0.04716167,64.01836,0.0026477573,0.0019714774,0.051456362,0.0882873609662056,0.0832223892211914,9.20409870147705,0.008234844543039799,0.0023257648572325706,0.09074604511260986
1526,0.08269783109426498,1e-04,0.047136266,63.994312,0.002645315,0.0019698234,0.051432624,0.0881730169057846,0.0832192674279213,9.203805923461914,0.008233924396336079,0.0023255080450326204,0.09074097126722336
1527,0.08258197456598282,1e-04,0.047110908,63.970325,0.0026428793,0.001968174,0.051408943,0.08805892616510391,0.08321619778871536,9.20351791381836,0.008233018219470978,0.002325256122276187,0.09073597937822342
1528,0.08246635645627975,1e-04,0.047085587,63.946354,0.0026404473,0.0019665265,0.051385283,0.08794510364532471,0.0832132026553154,9.203238487243652,0.008232121355831623,0.0023250081576406956,0.09073103964328766
1529,0.08235099911689758,1e-04,0.047060307,63.922436,0.002638021,0.0019648827,0.05136167,0.0878315418958664,0.0832102969288826,9.202969551086426,0.008231242187321186,0.0023247648496180773,0.09072619676589966
1530,0.0822359025478363,1e-04,0.047035072,63.898537,0.0026355998,0.0019632422,0.05133809,0.08771824836730957,0.08320752531290054,9.202716827392578,0.00823038350790739,0.002324525499716401,0.09072145819664001
1531,0.08212105184793472,1e-04,0.047009878,63.874676,0.0026331837,0.0019616052,0.051314555,0.08760520815849304,0.08320475369691849,9.202462196350098,0.008229528553783894,0.0023242889437824488,0.09071674942970276
1532,0.08200645446777344,1e-04,0.046984702,63.85085,0.002630771,0.00195997,0.05129104,0.08749242126941681,0.08320208638906479,9.202221870422363,0.008228685706853867,0.002324057510122657,0.09071210026741028
1533,0.08189210295677185,1e-04,0.046959586,63.82706,0.002628365,0.00195834,0.051267583,0.08737991750240326,0.08319950103759766,9.201990127563477,0.008227861486375332,0.0023238302674144506,0.09070756286382675
1534,0.08177801966667175,1e-04,0.04693452,63.803337,0.0026259653,0.0019567136,0.051244173,0.08726765215396881,0.0831969678401947,9.201763153076172,0.008227047510445118,0.002323605353012681,0.0907030701637268
1535,0.08166417479515076,1e-04,0.04690947,63.77962,0.0026235678,0.0019550887,0.051220775,0.08715565502643585,0.08319453150033951,9.20154857635498,0.008226249366998672,0.002323384629562497,0.09069867432117462
1536,0.08155058324337006,1e-04,0.046884466,63.755928,0.0026211755,0.001953467,0.051197417,0.08704391121864319,0.0831921398639679,9.201338768005371,0.008225458674132824,0.0023231671657413244,0.09069431573152542
1537,0.08143724501132965,1e-04,0.046859525,63.732292,0.0026187908,0.0019518503,0.051174123,0.08693243563175201,0.08318981528282166,9.201136589050293,0.008224680088460445,0.0023229531943798065,0.09069002419710159
1538,0.08132416009902954,1e-04,0.046834588,63.708656,0.0026164073,0.0019502343,0.05115083,0.08682120591402054,0.08318760246038437,9.200946807861328,0.008223921060562134,0.002322744345292449,0.09068583697080612
1539,0.08121131360530853,1e-04,0.04680971,63.685093,0.0026140313,0.0019486232,0.051127598,0.08671024441719055,0.08318547159433365,9.200767517089844,0.008223178796470165,0.00232254178263247,0.09068174660205841
1540,0.08109872043132782,1e-04,0.04678487,63.66154,0.0026116595,0.0019470145,0.051104397,0.08659951388835907,0.08318335562944412,9.200589179992676,0.008222433738410473,0.0023223382886499166,0.09067763388156891
1541,0.0809863731265068,1e-04,0.046760075,63.638065,0.0026092944,0.0019454106,0.05108125,0.08648905903100967,0.08318137377500534,9.20042610168457,0.008221716620028019,0.00232214224524796,0.09067368507385254
1542,0.08087427914142609,1e-04,0.046735305,63.614582,0.0026069314,0.0019438072,0.051058117,0.08637886494398117,0.08317945152521133,9.200270652770996,0.008221008814871311,0.0023219489958137274,0.09066978096961975
1543,0.08076243102550507,1e-04,0.046710588,63.591125,0.0026045744,0.0019422091,0.05103503,0.08626892417669296,0.08317761868238449,9.200124740600586,0.008220315910875797,0.0023217606358230114,0.09066595882177353
1544,0.08065082877874374,1e-04,0.046685893,63.56771,0.0026022207,0.001940612,0.05101197,0.08615922927856445,0.08317583054304123,9.199984550476074,0.00821963232010603,0.0023215736728161573,0.09066218882799149
1545,0.08053946495056152,1e-04,0.04666125,63.544342,0.002599874,0.0019390198,0.05098896,0.08604978024959564,0.08317413926124573,9.19985580444336,0.008218963630497456,0.0023213932290673256,0.09065850079059601
1546,0.0804283544421196,1e-04,0.04663665,63.521004,0.002597532,0.0019374306,0.050965987,0.08594059199094772,0.08317253738641739,9.199736595153809,0.008218311704695225,0.002321215346455574,0.0906549021601677
1547,0.08031747490167618,1e-04,0.04661208,63.497707,0.002595194,0.001935844,0.050943047,0.0858316645026207,0.08317100256681442,9.199624061584473,0.00821767095476389,0.002321041887626052,0.09065137058496475
1548,0.08020685613155365,1e-04,0.046587538,63.474434,0.00259286,0.0019342601,0.050920133,0.08572299033403397,0.08316957950592041,9.199525833129883,0.008217052556574345,0.0023208754137158394,0.09064795821905136
1549,0.08009646832942963,1e-04,0.046563037,63.451195,0.0025905315,0.0019326797,0.050897263,0.08561455458402634,0.08316817879676819,9.199429512023926,0.0082164341583848,0.002320709638297558,0.09064454585313797
1550,0.0799863338470459,1e-04,0.04653859,63.427986,0.0025882083,0.001931103,0.050874438,0.0855063870549202,0.0831669270992279,9.19935131072998,0.008215843699872494,0.0023205506149679422,0.09064128994941711
1551,0.07987643033266068,1e-04,0.04651418,63.404846,0.0025858898,0.001929529,0.050851643,0.08539844304323196,0.08316566795110703,9.199273109436035,0.008215246722102165,0.00232038926333189,0.09063799679279327
1552,0.07976677268743515,1e-04,0.046489783,63.38167,0.0025835733,0.0019279567,0.050828863,0.08529078215360641,0.08316455036401749,9.199209213256836,0.008214683271944523,0.0023202390875667334,0.09063488990068436
1553,0.07965736836194992,1e-04,0.046465456,63.358612,0.0025812662,0.0019263903,0.050806165,0.08518333733081818,0.08316343277692795,9.199145317077637,0.008214113302528858,0.002320087281987071,0.09063174575567245
1554,0.0795481875538826,1e-04,0.04644114,63.335533,0.002578961,0.0019248251,0.05078347,0.08507616817951202,0.08316246420145035,9.19909954071045,0.008213573135435581,0.0023199429269880056,0.09062876552343369
1555,0.07943926006555557,1e-04,0.04641688,63.312508,0.0025766615,0.0019232633,0.050760828,0.08496923744678497,0.08316155523061752,9.199060440063477,0.008213039487600327,0.0023198022972792387,0.0906258225440979
1556,0.07933056354522705,1e-04,0.046392642,63.28951,0.0025743656,0.0019217043,0.050738208,0.08486256003379822,0.08316075801849365,9.199034690856934,0.008212528191506863,0.0023196665570139885,0.09062299877405167
1557,0.07922209799289703,1e-04,0.046368428,63.266506,0.0025720722,0.0019201466,0.050715603,0.08475610613822937,0.0831599161028862,9.199002265930176,0.008212007582187653,0.0023195280227810144,0.09062013030052185
1558,0.07911388576030731,1e-04,0.046344288,63.243584,0.0025697874,0.0019185946,0.050693072,0.08464992046356201,0.08315927535295486,9.198994636535645,0.008211524225771427,0.0023194022942334414,0.09061746299266815
1559,0.0790058970451355,1e-04,0.04632017,63.220684,0.002567506,0.0019170449,0.050670564,0.08454398065805435,0.08315867185592651,9.198989868164062,0.008211043663322926,0.0023192765656858683,0.09061481058597565
1560,0.07889816164970398,1e-04,0.046296094,63.19782,0.002565229,0.0019154976,0.05064809,0.0844382792711258,0.08315811306238174,9.198992729187012,0.00821057241410017,0.0023191531654447317,0.09061221033334732
1561,0.07879065722227097,1e-04,0.046272047,63.17497,0.0025629562,0.0019139532,0.05062565,0.08433281630277634,0.08315765112638474,9.199004173278809,0.008210117928683758,0.0023190341889858246,0.09060969948768616
1562,0.07868338376283646,1e-04,0.046248037,63.15218,0.002560688,0.0019124121,0.05060324,0.08422759175300598,0.0831572636961937,9.19902515411377,0.008209675550460815,0.002318920800462365,0.09060726314783096
1563,0.07857634127140045,1e-04,0.046224065,63.129395,0.0025584246,0.0019108739,0.05058087,0.08412263542413712,0.08315694332122803,9.199053764343262,0.008209248073399067,0.002318810671567917,0.09060490131378174
1564,0.07846955209970474,1e-04,0.046200134,63.106655,0.002556166,0.001909339,0.05055854,0.08401791006326675,0.08315670490264893,9.199091911315918,0.008208832703530788,0.0023187019396573305,0.09060260653495789
1565,0.07836298644542694,1e-04,0.04617623,63.083942,0.0025539107,0.001907806,0.05053623,0.0839134231209755,0.08315656334161758,9.199141502380371,0.008208435960114002,0.0023186008911579847,0.09060041606426239
1566,0.07825665175914764,1e-04,0.046152376,63.06128,0.002551662,0.0019062777,0.05051398,0.08380918204784393,0.08315647393465042,9.199195861816406,0.008208046667277813,0.0023185021709650755,0.09059827029705048
1567,0.07815055549144745,1e-04,0.04612855,63.03863,0.0025494162,0.001904751,0.050491743,0.08370518684387207,0.08315647393465042,9.199261665344238,0.008207672275602818,0.0023184064775705338,0.09059620648622513
1568,0.07804469764232635,1e-04,0.046104755,63.01601,0.0025471747,0.0019032266,0.050469544,0.0836014375090599,0.08315661549568176,9.19934368133545,0.008207317441701889,0.00231831893324852,0.09059424698352814
1569,0.07793905586004257,1e-04,0.046080988,62.99343,0.0025449377,0.0019017061,0.050447375,0.08349792659282684,0.08315679430961609,9.199430465698242,0.00820697657763958,0.002318233484402299,0.09059236198663712
1570,0.07783365249633789,1e-04,0.046057265,62.970856,0.0025427043,0.0019001875,0.050425235,0.08339464664459229,0.0831570029258728,9.199520111083984,0.008206636644899845,0.002318150131031871,0.09059049189090729
1571,0.07772848755121231,1e-04,0.046033595,62.948364,0.002540478,0.0018986735,0.050403155,0.08329160511493683,0.08315730839967728,9.199620246887207,0.008206316269934177,0.002318071434274316,0.09058871865272522
1572,0.07762353867292404,1e-04,0.046009947,62.925865,0.0025382545,0.0018971612,0.050381094,0.08318881690502167,0.0831577256321907,9.199734687805176,0.008206012658774853,0.002317997859790921,0.09058704227209091
1573,0.07751883566379547,1e-04,0.045986336,62.903408,0.0025360356,0.0018956512,0.050359067,0.08308625221252441,0.08315817266702652,9.199851989746094,0.008205714635550976,0.002317926147952676,0.09058540314435959
1574,0.0774143636226654,1e-04,0.045962777,62.881,0.0025338219,0.0018941456,0.050337084,0.08298393338918686,0.08315872400999069,9.199980735778809,0.008205435238778591,0.0023178590927273035,0.09058386087417603
1575,0.07731010764837265,1e-04,0.045939215,62.8586,0.0025316104,0.0018926413,0.050315112,0.08288184553384781,0.08315934985876083,9.200118064880371,0.008205169811844826,0.0023177952971309423,0.09058239310979843
1576,0.0772060826420784,1e-04,0.04591572,62.83623,0.0025294048,0.0018911406,0.05029319,0.08278000354766846,0.08316006511449814,9.20026683807373,0.008204919286072254,0.0023177394177764654,0.0905810073018074
1577,0.07710228860378265,1e-04,0.045892257,62.813904,0.0025272036,0.001889643,0.0502713,0.0826784074306488,0.08316083997488022,9.200421333312988,0.008204679004848003,0.002317681908607483,0.09057968109846115
1578,0.07699873298406601,1e-04,0.045868818,62.79159,0.0025250055,0.0018881472,0.05024943,0.08257701992988586,0.08316167443990707,9.200583457946777,0.008204448968172073,0.0023176318500190973,0.09057841449975967
1579,0.07689538598060608,1e-04,0.04584541,62.769314,0.002522812,0.0018866541,0.0502276,0.08247588574886322,0.08316261321306229,9.20075798034668,0.008204236626625061,0.0023175852838903666,0.09057724475860596
1580,0.07679227739572525,1e-04,0.045822043,62.747074,0.0025206234,0.0018851645,0.05020581,0.08237497508525848,0.08316361159086227,9.20093822479248,0.008204031735658646,0.0023175401147454977,0.09057611227035522
1581,0.07668938487768173,1e-04,0.04579871,62.724873,0.002518439,0.0018836776,0.050184052,0.08227431029081345,0.08316472172737122,9.201132774353027,0.008203850127756596,0.0023175023961812258,0.09057510644197464
1582,0.07658671587705612,1e-04,0.045775432,62.702694,0.0025162597,0.0018821938,0.050162334,0.08217387646436691,0.08316588401794434,9.201332092285156,0.008203676901757717,0.0023174674715846777,0.09057415276765823
1583,0.07648428529500961,1e-04,0.045752168,62.68055,0.002514084,0.0018807128,0.05014064,0.08207367360591888,0.08316712826490402,9.20154094696045,0.008203518576920033,0.0023174379020929337,0.0905732810497284
1584,0.07638206332921982,1e-04,0.04572893,62.658436,0.0025119116,0.0018792339,0.050118975,0.08197371661663055,0.08316846936941147,9.201761245727539,0.008203371427953243,0.002317410660907626,0.09057246148586273
1585,0.07628008723258972,1e-04,0.045705747,62.636353,0.0025097446,0.0018777581,0.05009735,0.08187396824359894,0.08316987752914429,9.20198917388916,0.008203241042792797,0.0023173869121819735,0.09057174623012543
1586,0.07617830485105515,1e-04,0.04568257,62.614277,0.0025075797,0.001876284,0.05007574,0.08177447319030762,0.08317136764526367,9.202227592468262,0.008203121833503246,0.0023173680528998375,0.0905710905790329
1587,0.07607677578926086,1e-04,0.045659464,62.592262,0.002505422,0.0018748144,0.050054193,0.08167518675327301,0.08317286521196365,9.202466011047363,0.008203004486858845,0.002317349659278989,0.09057044237852097
1588,0.0759754478931427,1e-04,0.045636375,62.57026,0.0025032666,0.0018733463,0.050032657,0.08157613128423691,0.08317447453737259,9.202717781066895,0.008202907629311085,0.002317337552085519,0.09056990593671799
1589,0.07587433606386185,1e-04,0.04561331,62.548286,0.0025011157,0.0018718811,0.050011154,0.0814773365855217,0.08317621797323227,9.202984809875488,0.008202831260859966,0.002317330799996853,0.09056948125362396
1590,0.07577347010374069,1e-04,0.045590293,62.52635,0.002498969,0.0018704188,0.04998969,0.0813787654042244,0.08317804336547852,9.203261375427246,0.008202767930924892,0.0023173282388597727,0.09056913107633591
1591,0.07567282021045685,1e-04,0.0455673,62.504444,0.0024968262,0.0018689588,0.049968254,0.081280417740345,0.08317991346120834,9.203542709350586,0.008202718570828438,0.0023173303343355656,0.09056886285543442
1592,0.07557239383459091,1e-04,0.04554435,62.482555,0.002494688,0.0018675021,0.049946852,0.08118226379156113,0.08318179845809937,9.203826904296875,0.008202665485441685,0.0023173305671662092,0.09056856483221054
1593,0.0754721537232399,1e-04,0.04552143,62.460716,0.0024925543,0.0018660479,0.049925487,0.08108438551425934,0.08318383246660233,9.204127311706543,0.008202643133699894,0.002317340113222599,0.09056844562292099
1594,0.07537216693162918,1e-04,0.04549853,62.438896,0.002490423,0.0018645956,0.049904138,0.08098671585321426,0.08318590372800827,9.204432487487793,0.008202622644603252,0.0023173505906015635,0.09056833386421204
1595,0.07527238875627518,1e-04,0.045475688,62.417095,0.002488297,0.0018631462,0.049882833,0.0808892697095871,0.08318807929754257,9.20474910736084,0.008202622644603252,0.0023173668887466192,0.09056833386421204
1596,0.07517282664775848,1e-04,0.045452867,62.395325,0.002486175,0.0018616997,0.049861558,0.08079205453395844,0.08319032937288284,9.205074310302734,0.008202634751796722,0.002317385980859399,0.09056840091943741
1597,0.0750734731554985,1e-04,0.045430083,62.373596,0.002484057,0.0018602562,0.049840316,0.08069506287574768,0.08319264650344849,9.205408096313477,0.008202658034861088,0.0023174092639237642,0.09056852757930756
1598,0.07497435063123703,1e-04,0.04540733,62.35189,0.0024819428,0.0018588149,0.0498191,0.08059829473495483,0.08319500833749771,9.2057466506958,0.00820268876850605,0.0023174360394477844,0.09056869894266129
1599,0.07487543672323227,1e-04,0.04538461,62.330223,0.0024798329,0.0018573763,0.04979792,0.08050176501274109,0.08319750428199768,9.206100463867188,0.008202743716537952,0.0023174674715846777,0.09056899696588516
1600,0.07477675378322601,1e-04,0.045361917,62.308582,0.0024777276,0.0018559408,0.049776778,0.08040545135736465,0.08320003002882004,9.206457138061523,0.008202804252505302,0.0023175019305199385,0.09056933224201202
1601,0.07467827200889587,1e-04,0.04533926,62.28696,0.0024756251,0.0018545071,0.049755655,0.08030936121940613,0.08320268243551254,9.206830024719238,0.008202883414924145,0.002317540580406785,0.09056977182626724
1602,0.07458000630140305,1e-04,0.045316633,62.265358,0.0024735264,0.0018530757,0.04973456,0.08021349459886551,0.08320539444684982,9.207209587097168,0.008202972821891308,0.0023175838869065046,0.09057026356458664
1603,0.07448194921016693,1e-04,0.045294046,62.24383,0.0024714337,0.0018516484,0.049713515,0.0801178514957428,0.08320818096399307,9.207596778869629,0.008203078992664814,0.002317632781341672,0.0905708521604538
1604,0.07438411563634872,1e-04,0.045271482,62.22227,0.0024693424,0.0018502221,0.049692478,0.0800224244594574,0.08321104198694229,9.207993507385254,0.008203195407986641,0.0023176821414381266,0.09057149291038513
1605,0.07428649067878723,1e-04,0.045248967,62.2008,0.0024672577,0.0018488,0.049671497,0.0799272358417511,0.08321401476860046,9.208401679992676,0.00820333044975996,0.0023177394177764654,0.09057223796844482
1606,0.07418907433748245,1e-04,0.04522646,62.17931,0.0024651738,0.0018473782,0.049650516,0.07983225584030151,0.08321701735258102,9.20881462097168,0.008203468285501003,0.002317795529961586,0.09057299792766571
1607,0.07409188151359558,1e-04,0.04520401,62.157867,0.0024630965,0.0018459613,0.04962959,0.07973749935626984,0.08322009444236755,9.209236145019531,0.00820362288504839,0.0023178569972515106,0.09057385474443436
1608,0.07399489730596542,1e-04,0.045181572,62.136433,0.002461021,0.0018445448,0.049608678,0.07964298129081726,0.08322329074144363,9.209671974182129,0.008203796111047268,0.002317926147952676,0.09057480841875076
1609,0.07389813661575317,1e-04,0.045159183,62.115055,0.0024589517,0.0018431327,0.049587816,0.0795486569404602,0.0832265317440033,9.210111618041992,0.008203977718949318,0.00231799460016191,0.09057581424713135
1610,0.07380156219005585,1e-04,0.04513682,62.0937,0.0024568855,0.0018417231,0.04956698,0.07945454865694046,0.08322981745004654,9.21055793762207,0.008204164914786816,0.0023180663120001554,0.09057684242725372
1611,0.07370520383119583,1e-04,0.04511449,62.07237,0.0024548227,0.0018403148,0.049546167,0.07936069369316101,0.08323325961828232,9.211020469665527,0.008204380981624126,0.0023181461729109287,0.09057803452014923
1612,0.07360907644033432,1e-04,0.045092184,62.05105,0.002452763,0.0018389084,0.049525376,0.07926703989505768,0.08323673158884048,9.211487770080566,0.00820460170507431,0.0023182278964668512,0.09057925641536713
1613,0.07351314276456833,1e-04,0.045069914,62.029766,0.0024507078,0.0018375056,0.049504623,0.07917360961437225,0.08324030041694641,9.211966514587402,0.008204839192330837,0.002318315440788865,0.09058056771755219
1614,0.07341742515563965,1e-04,0.045047678,62.008514,0.002448657,0.0018361055,0.049483906,0.07908038794994354,0.0832439661026001,9.212455749511719,0.008205092512071133,0.0023184064775705338,0.0905819684267044
1615,0.07332190126180649,1e-04,0.04502546,61.987286,0.0024466084,0.0018347066,0.0494632,0.07898738235235214,0.08324763923883438,9.212945938110352,0.008205347694456577,0.0023184993769973516,0.09058337658643723
1616,0.07322660833597183,1e-04,0.045003314,61.966103,0.002444567,0.0018333128,0.049442563,0.07889459282159805,0.08325140923261642,9.213447570800781,0.00820561870932579,0.002318593440577388,0.09058486670255661
1617,0.0731315016746521,1e-04,0.04498115,61.944927,0.0024425257,0.0018319192,0.049421914,0.07880201935768127,0.08325523883104324,9.213957786560059,0.0082058971747756,0.002318695653229952,0.09058640897274017
1618,0.07303661108016968,1e-04,0.044959042,61.92377,0.0024404894,0.0018305278,0.04940131,0.0787096619606018,0.0832592025399208,9.21448040008545,0.008206204511225224,0.0023188001941889524,0.09058810025453568
1619,0.07294191420078278,1e-04,0.044936955,61.902668,0.0024384565,0.0018291393,0.04938073,0.07861752063035965,0.08326324075460434,9.215012550354004,0.008206519298255444,0.002318911487236619,0.09058984369039536
1620,0.07284743338823318,1e-04,0.044914905,61.881573,0.0024364279,0.0018277537,0.049360186,0.0785255953669548,0.08326727151870728,9.215544700622559,0.008206835947930813,0.0023190206848084927,0.09059158712625504
1621,0.07275316119194031,1e-04,0.04489289,61.860516,0.0024344039,0.001826371,0.04933968,0.07843387871980667,0.08327146619558334,9.216095924377441,0.008207176811993122,0.002319138264283538,0.09059347212314606
1622,0.07265908271074295,1e-04,0.044870894,61.839478,0.0024323824,0.0018249899,0.04931919,0.07834238559007645,0.083275705575943,9.216651916503906,0.008207529783248901,0.002319259801879525,0.09059541672468185
1623,0.0725652277469635,1e-04,0.044848956,61.818485,0.0024303664,0.0018236118,0.049298745,0.07825111597776413,0.083280049264431,9.217219352722168,0.008207898586988449,0.0023193859960883856,0.09059745073318481
1624,0.07247157394886017,1e-04,0.04482701,61.79749,0.002428351,0.0018222353,0.0492783,0.07816005498170853,0.08328448981046677,9.217799186706543,0.008208285085856915,0.0023195159155875444,0.09059958904981613
1625,0.07237810641527176,1e-04,0.044805117,61.776558,0.0024263414,0.0018208621,0.049257908,0.07806918770074844,0.08328893035650253,9.218378067016602,0.00820866972208023,0.0023196449037641287,0.09060171246528625
1626,0.07228485494852066,1e-04,0.044783253,61.755627,0.0024243356,0.0018194913,0.04923754,0.07797854393720627,0.08329349011182785,9.218971252441406,0.008209074847400188,0.0023197829723358154,0.09060394763946533
1627,0.07219180464744568,1e-04,0.0447614,61.7347,0.0024223311,0.0018181213,0.049217183,0.0778881087899208,0.08329807966947556,9.21956729888916,0.008209485560655594,0.002319921040907502,0.0906062126159668
1628,0.07209895551204681,1e-04,0.04473961,61.71384,0.0024203337,0.0018167554,0.049196888,0.07779788970947266,0.083302803337574,9.220181465148926,0.008209917694330215,0.0023200653959065676,0.09060859680175781
1629,0.07200630754232407,1e-04,0.04471784,61.693012,0.002418339,0.0018153923,0.04917661,0.07770787924528122,0.08330757170915604,9.22079849243164,0.008210360072553158,0.002320212312042713,0.0906110405921936
1630,0.07191386818885803,1e-04,0.044696093,61.672173,0.0024163465,0.0018140294,0.049156345,0.0776180699467659,0.08331241458654404,9.221424102783203,0.008210812695324421,0.0023203629534691572,0.09061353653669357
1631,0.07182161509990692,1e-04,0.044674378,61.651375,0.002414358,0.0018126701,0.049136117,0.07752847671508789,0.08331736922264099,9.222062110900879,0.008211285807192326,0.002320518484339118,0.0906161442399025
1632,0.07172957062721252,1e-04,0.04465268,61.63061,0.0024123732,0.0018113131,0.049115915,0.07743910700082779,0.08332233875989914,9.222702980041504,0.008211762644350529,0.0023206768091768026,0.09061877429485321
1633,0.07163773477077484,1e-04,0.04463104,61.60985,0.002410392,0.0018099578,0.049095742,0.07734992355108261,0.08332743495702744,9.223358154296875,0.008212258107960224,0.002320839324966073,0.09062150865793228
1634,0.07154608517885208,1e-04,0.04460942,61.589153,0.0024084155,0.0018086061,0.04907561,0.07726095616817474,0.0833325982093811,9.224021911621094,0.00821276381611824,0.002321006963029504,0.09062430262565613
1635,0.07145462930202484,1e-04,0.044587817,61.568455,0.0024064418,0.0018072559,0.049055498,0.07717219740152359,0.08333779126405716,9.224688529968262,0.008213279768824577,0.002321174368262291,0.09062714874744415
1636,0.07136338949203491,1e-04,0.04456625,61.547802,0.002404472,0.0018059087,0.049035415,0.07708364725112915,0.08334312587976456,9.225372314453125,0.008213816210627556,0.0023213508538901806,0.09063010662794113
1637,0.0712723433971405,1e-04,0.04454473,61.527157,0.0024025056,0.0018045631,0.04901536,0.07699529826641083,0.08334850519895554,9.226059913635254,0.008214361034333706,0.002321528038010001,0.09063310921192169
1638,0.07118148356676102,1e-04,0.044523217,61.50655,0.0024005424,0.0018032199,0.04899533,0.07690716534852982,0.08335396647453308,9.226758003234863,0.008214919827878475,0.002321711042895913,0.09063619375228882
1639,0.07109083235263824,1e-04,0.04450174,61.48596,0.0023985833,0.0018018795,0.048975334,0.07681924104690552,0.0833594799041748,9.227461814880371,0.008215486072003841,0.0023218935821205378,0.09063931554555893
1640,0.07100037485361099,1e-04,0.04448029,61.465393,0.0023966266,0.0018005403,0.048955355,0.07673150300979614,0.0833650752902031,9.228175163269043,0.008216067217290401,0.0023220833390951157,0.0906425267457962
1641,0.07091011106967926,1e-04,0.044458862,61.444847,0.0023946727,0.0017992032,0.048935395,0.07664398103952408,0.08337075263261795,9.228898048400879,0.00821666419506073,0.0023222777526825666,0.09064581990242004
1642,0.07082004100084305,1e-04,0.044437476,61.42434,0.0023927242,0.0017978691,0.04891548,0.07655667513608932,0.08337653428316116,9.229633331298828,0.008217277936637402,0.0023224761243909597,0.09064920246601105
1643,0.07073017954826355,1e-04,0.044416107,61.40386,0.0023907784,0.0017965377,0.048895586,0.0764695554971695,0.08338237553834915,9.230374336242676,0.00821790099143982,0.002322675660252571,0.09065263718366623
1644,0.07064049690961838,1e-04,0.04439478,61.383415,0.002388837,0.001795209,0.04887573,0.07638263702392578,0.08338820934295654,9.23111629486084,0.008218520320951939,0.0023228772915899754,0.09065605700016022
1645,0.07055101543664932,1e-04,0.044373482,61.36295,0.002386898,0.0017938813,0.04885589,0.07629592716693878,0.08339419960975647,9.231874465942383,0.00821917038410902,0.002323085442185402,0.09065964072942734
1646,0.07046172022819519,1e-04,0.044352215,61.342552,0.0023849632,0.0017925566,0.048836086,0.07620943337678909,0.08340027928352356,9.232644081115723,0.008219834417104721,0.0023232996463775635,0.09066329896450043
1647,0.07037262618541718,1e-04,0.04433096,61.322166,0.0023830307,0.0017912334,0.048816297,0.07612311840057373,0.08340633660554886,9.233410835266113,0.008220494724810123,0.002323511056602001,0.09066694229841232
1648,0.07028372585773468,1e-04,0.044309746,61.30182,0.0023811036,0.0017899136,0.048796553,0.07603701204061508,0.08341255784034729,9.234196662902832,0.00822118204087019,0.0023237308487296104,0.09067073464393616
1649,0.07019501179456711,1e-04,0.04428857,61.281467,0.0023791785,0.0017885949,0.048776824,0.07595110684633255,0.08341880887746811,9.234986305236816,0.008221874944865704,0.002323953667655587,0.09067455679178238
1650,0.07010649144649506,1e-04,0.044267397,61.261143,0.0023772556,0.0017872781,0.04875711,0.07586541026830673,0.08342516422271729,9.235787391662598,0.00822258647531271,0.002324179746210575,0.09067847579717636
1651,0.07001816481351852,1e-04,0.044246264,61.240852,0.002375338,0.0017859644,0.04873744,0.07577990740537643,0.08343157917261124,9.23659610748291,0.008223307318985462,0.0023244107142090797,0.09068245440721512
1652,0.06993002444505692,1e-04,0.044225182,61.22063,0.002373425,0.0017846542,0.04871781,0.07569460570812225,0.08343807607889175,9.237414360046387,0.00822404120117426,0.00232464587315917,0.09068650007247925
1653,0.06984207779169083,1e-04,0.044204094,61.200386,0.0023715124,0.0017833438,0.048698176,0.07560950517654419,0.08344462513923645,9.238238334655762,0.008224784396588802,0.002324881497770548,0.09069059789180756
1654,0.06975432485342026,1e-04,0.044183046,61.180153,0.0023696036,0.0017820357,0.048678573,0.07552459836006165,0.0834512785077095,9.23907470703125,0.008225549943745136,0.00232512503862381,0.09069481492042542
1655,0.06966675817966461,1e-04,0.04416203,61.159985,0.0023677,0.0017807314,0.04865902,0.07543989270925522,0.08345798403024673,9.239917755126953,0.008226316422224045,0.0023253706749528646,0.09069903939962387
1656,0.06957937777042389,1e-04,0.044141043,61.139797,0.0023657985,0.001779428,0.048639473,0.07535538822412491,0.08346479386091232,9.240771293640137,0.00822710432112217,0.0023256184067577124,0.09070338308811188
1657,0.06949219107627869,1e-04,0.044120073,61.119667,0.0023639,0.001778127,0.048619956,0.07527109235525131,0.08347165584564209,9.241631507873535,0.008227902464568615,0.0023258726578205824,0.09070778638124466
1658,0.06940519064664841,1e-04,0.04409914,61.09955,0.0023620052,0.0017768283,0.048600465,0.07518696784973145,0.08347857743501663,9.242499351501465,0.008228708058595657,0.0023261273745447397,0.09071222692728043
1659,0.06931836903095245,1e-04,0.04407823,61.07946,0.0023601137,0.0017755314,0.048581,0.07510305196046829,0.08348557353019714,9.243374824523926,0.008229528553783894,0.002326386980712414,0.09071674942970276
1660,0.06923174858093262,1e-04,0.04405735,61.05939,0.0023582259,0.0017742375,0.04856157,0.07501934468746185,0.0834926962852478,9.24426555633545,0.008230370469391346,0.0023266535717993975,0.09072139114141464
1661,0.0691453069448471,1e-04,0.0440365,61.039333,0.0023563406,0.0017729447,0.048542153,0.07493581622838974,0.08349984139204025,9.245158195495605,0.008231215178966522,0.002326919697225094,0.09072604775428772
1662,0.06905905902385712,1e-04,0.044015676,61.019306,0.0023544584,0.0017716542,0.048522763,0.07485248148441315,0.08350703120231628,9.246057510375977,0.00823206827044487,0.0023271897807717323,0.09073074907064438
1663,0.06897298991680145,1e-04,0.043994885,60.99933,0.0023525818,0.0017703678,0.04850342,0.07476934790611267,0.08351434022188187,9.246970176696777,0.00823294185101986,0.0023274654522538185,0.09073556214570999
1664,0.06888711452484131,1e-04,0.04397411,60.97935,0.0023507061,0.0017690813,0.04848408,0.07468640804290771,0.0835217535495758,9.247894287109375,0.008233829401433468,0.002327745547518134,0.09074044972658157
1665,0.0688014104962349,1e-04,0.043953367,60.95939,0.0023488342,0.0017677974,0.04846477,0.07460365444421768,0.08352915197610855,9.248817443847656,0.008234717883169651,0.0023280258756130934,0.09074534475803375
1666,0.0687159076333046,1e-04,0.04393265,60.939487,0.0023469657,0.0017665159,0.048445493,0.07452111691236496,0.08353670686483383,9.249756813049316,0.008235633373260498,0.0023283129557967186,0.09075038880109787
1667,0.06863058358430862,1e-04,0.043911953,60.919582,0.0023451,0.0017652364,0.048426233,0.07443875074386597,0.08354432135820389,9.25070571899414,0.008236558176577091,0.002328604692593217,0.09075548499822617
1668,0.06854543834924698,1e-04,0.043891285,60.899715,0.0023432379,0.0017639588,0.048407003,0.07435658574104309,0.08355194330215454,9.251654624938965,0.008237483911216259,0.0023288947995752096,0.09076058864593506
1669,0.06846047937870026,1e-04,0.043870647,60.87984,0.0023413782,0.0017626827,0.048387792,0.07427461445331573,0.08355969190597534,9.252617835998535,0.008238431997597218,0.002329194685444236,0.0907658115029335
1670,0.06837570667266846,1e-04,0.043850046,60.860023,0.002339523,0.00176141,0.048368618,0.0741928219795227,0.08356750011444092,9.253588676452637,0.008239388465881348,0.0023294922430068254,0.09077107906341553
1671,0.06829110532999039,1e-04,0.043829475,60.840218,0.0023376714,0.0017601394,0.04834947,0.07411123067140579,0.08357539027929306,9.25456714630127,0.008240360766649246,0.0023297974839806557,0.09077643603086472
1672,0.06820669025182724,1e-04,0.043808915,60.82044,0.0023358217,0.0017588701,0.04833034,0.0740298181772232,0.0835832729935646,9.255547523498535,0.00824133213609457,0.0023301036562770605,0.0907817855477333
1673,0.06812246143817902,1e-04,0.043788373,60.800648,0.002333974,0.0017576016,0.04831122,0.07394860684871674,0.08359131962060928,9.256546020507812,0.008242328651249409,0.0023304165806621313,0.09078726917505264
1674,0.06803841143846512,1e-04,0.043767888,60.780926,0.0023321323,0.0017563377,0.048292156,0.07386758923530579,0.08359938859939575,9.257545471191406,0.008243332616984844,0.002330729505047202,0.09079279750585556
1675,0.06795454770326614,1e-04,0.043747403,60.7612,0.0023302918,0.0017550745,0.048273094,0.07378673553466797,0.083607517182827,9.258553504943848,0.008244342170655727,0.002331044292077422,0.09079836308956146
1676,0.0678708553314209,1e-04,0.043726955,60.741505,0.002328455,0.0017538135,0.048254065,0.07370610535144806,0.08361578732728958,9.259577751159668,0.008245379664003849,0.0023313702549785376,0.0908040702342987
1677,0.06778734922409058,1e-04,0.043706533,60.721825,0.0023266203,0.0017525537,0.04823505,0.07362564653158188,0.08362408727407455,9.260605812072754,0.00824641901999712,0.0023316957522183657,0.09080979228019714
1678,0.06770402193069458,1e-04,0.043686148,60.702183,0.002324791,0.001751298,0.048216086,0.07354538142681122,0.08363247662782669,9.261643409729004,0.008247477002441883,0.002332025906071067,0.09081561863422394
1679,0.06762086600065231,1e-04,0.043665774,60.682564,0.002322963,0.0017500423,0.048197128,0.07346529513597488,0.08364089578390121,9.26268482208252,0.008248538710176945,0.00233235745690763,0.09082146733999252
1680,0.06753788888454437,1e-04,0.04364542,60.662945,0.0023211373,0.0017487885,0.048178185,0.07338540256023407,0.08364946395158768,9.263744354248047,0.008249625563621521,0.0023326955270022154,0.09082745015621185
1681,0.06745509803295135,1e-04,0.043625113,60.64337,0.0023193168,0.001747538,0.048159286,0.07330569624900818,0.08365803956985474,9.264803886413574,0.008250716142356396,0.0023330366238951683,0.09083345532417297
1682,0.06737247854471207,1e-04,0.04360481,60.623817,0.0023174982,0.0017462891,0.0481404,0.07322616875171661,0.08366668224334717,9.265871047973633,0.008251812309026718,0.0023333781864494085,0.09083948284387589
1683,0.0672900453209877,1e-04,0.04358455,60.604286,0.0023156835,0.0017450427,0.04812155,0.07314684242010117,0.08367543667554855,9.266949653625488,0.00825293455272913,0.002333727665245533,0.09084566682577133
1684,0.06720778346061707,1e-04,0.043564312,60.584774,0.0023138716,0.0017437978,0.048102718,0.07306769490242004,0.08368422836065292,9.268034934997559,0.00825405865907669,0.0023340776097029448,0.09085185080766678
1685,0.06712569296360016,1e-04,0.043544088,60.565273,0.0023120618,0.0017425545,0.048083905,0.07298871874809265,0.08369311690330505,9.269131660461426,0.008255201391875744,0.002334433142095804,0.09085813909769058
1686,0.06704376637935638,1e-04,0.04352389,60.545795,0.0023102548,0.0017413127,0.04806511,0.07290993630886078,0.08370203524827957,9.270232200622559,0.008256346918642521,0.0023347910027951,0.09086444228887558
1687,0.06696204096078873,1e-04,0.04350372,60.526363,0.002308452,0.0017400738,0.048046354,0.07283134013414383,0.08371108025312424,9.271346092224121,0.00825751293450594,0.0023351542185992002,0.09087085723876953
1688,0.0668804794549942,1e-04,0.04348359,60.50691,0.0023066509,0.0017388358,0.048027605,0.0727529227733612,0.08372015506029129,9.27246379852295,0.008258688263595104,0.002335518365725875,0.09087732434272766
1689,0.0667990893125534,1e-04,0.043463487,60.487526,0.0023048553,0.0017376018,0.048008908,0.0726746916770935,0.08372929692268372,9.273589134216309,0.00825987383723259,0.00233588763512671,0.09088385105133057
1690,0.06671788543462753,1e-04,0.043443386,60.468132,0.00230306,0.0017363675,0.047990207,0.07259665429592133,0.0837385281920433,9.274724006652832,0.008261074312031269,0.002336260862648487,0.09089045226573944
1691,0.06663684546947479,1e-04,0.04342332,60.448784,0.002301269,0.001735137,0.047971543,0.07251879572868347,0.08374785631895065,9.275872230529785,0.008262288756668568,0.0023366371169686317,0.09089713543653488
1692,0.06655598431825638,1e-04,0.043403294,60.429455,0.0022994818,0.0017339083,0.047952913,0.07244110852479935,0.0837571918964386,9.277019500732422,0.008263508789241314,0.0023370173294097185,0.09090384095907211
1693,0.0664752945303917,1e-04,0.043383274,60.410137,0.0022976962,0.0017326807,0.04793429,0.07236361503601074,0.0837666392326355,9.278181076049805,0.008264746516942978,0.0023374012671411037,0.0909106507897377
1694,0.06639478355646133,1e-04,0.04336329,60.39083,0.0022959134,0.0017314546,0.04791569,0.07228629291057587,0.08377612382173538,9.279346466064453,0.008265990763902664,0.002337786601856351,0.09091749787330627
1695,0.06631443649530411,1e-04,0.043343324,60.371563,0.002294134,0.001730231,0.04789712,0.07220915704965591,0.08378572016954422,9.280525207519531,0.008267252705991268,0.002338176826015115,0.09092443436384201
1696,0.06623426079750061,1e-04,0.04332339,60.352325,0.0022923585,0.0017290099,0.047878582,0.0721321851015091,0.08379530906677246,9.281702995300293,0.008268513716757298,0.0023385679814964533,0.09093137085437775
1697,0.06615425646305084,1e-04,0.04330348,60.333088,0.0022905853,0.0017277905,0.04786006,0.07205541431903839,0.08380508422851562,9.2829008102417,0.008269806392490864,0.0023389682173728943,0.09093847870826721
1698,0.0660744234919548,1e-04,0.04328359,60.313885,0.0022888146,0.0017265725,0.047841556,0.07197880744934082,0.08381480723619461,9.28409481048584,0.008271091617643833,0.0023393668234348297,0.0909455418586731
1699,0.0659947618842125,1e-04,0.04326371,60.294697,0.0022870458,0.0017253557,0.047823068,0.07190239429473877,0.08382470160722733,9.285307884216309,0.008272404782474041,0.0023397747427225113,0.09095276147127151
1700,0.06591527163982391,1e-04,0.043243878,60.275543,0.0022852817,0.0017241425,0.04780462,0.07182615250349045,0.08383461087942123,9.286521911621094,0.008273717947304249,0.0023401814978569746,0.09095998108386993
1701,0.06583595275878906,1e-04,0.043224078,60.256397,0.0022835208,0.0017229308,0.0477862,0.07175008952617645,0.08384459465742111,9.287745475769043,0.008275048807263374,0.002340592909604311,0.09096729755401611
1702,0.06575679779052734,1e-04,0.043204274,60.237255,0.0022817606,0.0017217192,0.047767777,0.07167419791221619,0.08385461568832397,9.288973808288574,0.008276383392512798,0.002341005252674222,0.09097462892532349
1703,0.06567782163619995,1e-04,0.04318451,60.218163,0.0022800046,0.0017205112,0.047749393,0.07159849256277084,0.08386475592851639,9.290215492248535,0.008277739398181438,0.002341424347832799,0.09098207950592041
1704,0.0655990019440651,1e-04,0.043164764,60.19906,0.0022782504,0.0017193034,0.047731023,0.07152295857667923,0.08387494832277298,9.291462898254395,0.008279104717075825,0.002341846004128456,0.09098958224058151
1705,0.06552036106586456,1e-04,0.04314506,60.180027,0.0022765023,0.0017181007,0.047712706,0.07144760340452194,0.08388522267341614,9.292720794677734,0.008280479349195957,0.002342271851375699,0.0909971371293068
1706,0.06544187664985657,1e-04,0.04312536,60.160984,0.002274754,0.0017168976,0.04769438,0.07137242704629898,0.08389554172754288,9.293983459472656,0.008281867019832134,0.0023427011910825968,0.09100476652383804
1707,0.0653635635972023,1e-04,0.04310569,60.141975,0.0022730094,0.0017156963,0.047676086,0.07129742205142975,0.08390595763921738,9.295256614685059,0.008283271454274654,0.0023431337904185057,0.09101247787475586
1708,0.06528542190790176,1e-04,0.043086052,60.122967,0.0022712678,0.0017144972,0.04765782,0.07122259587049484,0.08391638845205307,9.296531677246094,0.008284675888717175,0.0023435677867382765,0.09102019667625427
1709,0.06520744413137436,1e-04,0.043066416,60.103966,0.0022695272,0.001713299,0.047639556,0.07114792615175247,0.08392687886953354,9.29781436920166,0.00828608963638544,0.0023440050426870584,0.09102796018123627
1710,0.06512963026762009,1e-04,0.043046806,60.08502,0.0022677905,0.0017121033,0.047621325,0.07107345014810562,0.08393748849630356,9.299110412597656,0.008287527598440647,0.0023444476537406445,0.091035857796669
1711,0.06505198031663895,1e-04,0.04302725,60.066093,0.002266058,0.0017109102,0.04760313,0.0709991455078125,0.08394813537597656,9.30041217803955,0.008288971148431301,0.0023448935244232416,0.09104378521442413
1712,0.06497450172901154,1e-04,0.043007705,60.047176,0.0022643278,0.0017097186,0.047584955,0.07092501223087311,0.08395886421203613,9.301722526550293,0.008290427736938,0.0023453435860574245,0.09105178713798523
1713,0.06489717960357666,1e-04,0.042988174,60.028267,0.0022625993,0.0017085278,0.047566786,0.07085105776786804,0.08396971225738525,9.303046226501465,0.00829190295189619,0.0023457978386431932,0.09105988591909409
1714,0.06482002884149551,1e-04,0.042968664,60.009407,0.0022608743,0.0017073399,0.04754865,0.07077726721763611,0.08398056030273438,9.304370880126953,0.008293379098176956,0.0023462523240596056,0.09106799215078354
1715,0.0647430419921875,1e-04,0.042949192,59.99055,0.0022591522,0.0017061537,0.04753054,0.0707036554813385,0.08399146050214767,9.305700302124023,0.008294865489006042,0.0023467130959033966,0.09107615053653717
1716,0.06466621160507202,1e-04,0.042929735,59.97171,0.002257432,0.0017049685,0.047512442,0.07063020765781403,0.08400247246026993,9.30704402923584,0.008296373300254345,0.002347176196053624,0.09108442813158035
1717,0.06458955258131027,1e-04,0.042910296,59.952904,0.0022557157,0.0017037861,0.047494374,0.07055693864822388,0.08401354402303696,9.308393478393555,0.008297886699438095,0.0023476427886635065,0.09109273552894592
1718,0.06451305001974106,1e-04,0.042890884,59.934116,0.0022540016,0.0017026048,0.047476325,0.07048384100198746,0.08402467519044876,9.309751510620117,0.00829941313713789,0.002348114037886262,0.09110111743211746
1719,0.06443671882152557,1e-04,0.042871512,59.91535,0.0022522914,0.0017014265,0.047458313,0.07041089981794357,0.08403581380844116,9.311108589172363,0.008300941437482834,0.002348582725971937,0.091109499335289
1720,0.06436053663492203,1e-04,0.042852137,59.896587,0.0022505808,0.0017002482,0.047440287,0.07033814489841461,0.08404704928398132,9.312478065490723,0.008302483707666397,0.0023490581661462784,0.0911179631948471
1721,0.06428453326225281,1e-04,0.0428328,59.877846,0.0022488753,0.0016990721,0.04742231,0.07026554644107819,0.08405840396881104,9.313860893249512,0.008304049260914326,0.002349540824070573,0.09112655371427536
1722,0.06420867145061493,1e-04,0.042813484,59.859127,0.0022471717,0.0016978978,0.04740434,0.07019314169883728,0.08406981825828552,9.315250396728516,0.008305624127388,0.0023500241804867983,0.09113519638776779
1723,0.06413298845291138,1e-04,0.042794194,59.840427,0.0022454713,0.0016967257,0.047386404,0.07012087851762772,0.0840812548995018,9.316643714904785,0.00830719992518425,0.0023505103308707476,0.09114383906126022
1724,0.06405745446681976,1e-04,0.04277491,59.821754,0.0022437728,0.0016955547,0.047368478,0.07004880160093307,0.08409276604652405,9.318045616149902,0.008308792486786842,0.0023510002065449953,0.09115257859230042
1725,0.06398208439350128,1e-04,0.042755667,59.803104,0.0022420783,0.0016943865,0.04735059,0.06997688114643097,0.08410435914993286,9.319456100463867,0.008310397155582905,0.0023514938075095415,0.09116137772798538
1726,0.06390687078237534,1e-04,0.042736452,59.78449,0.002240387,0.0016932208,0.047332726,0.06990514695644379,0.08411604911088943,9.320878028869629,0.008312019519507885,0.002351992065086961,0.0911702811717987
1727,0.06383182108402252,1e-04,0.04271724,59.765877,0.0022386964,0.0016920549,0.047314864,0.06983355432748795,0.0841277465224266,9.322300910949707,0.008313641883432865,0.002352491021156311,0.09117917716503143
1728,0.06375692039728165,1e-04,0.042698056,59.747276,0.002237009,0.0016908912,0.047297027,0.06976214796304703,0.08413951843976974,9.32373332977295,0.00831527728587389,0.0023529960308223963,0.09118814021348953
1729,0.0636821910738945,1e-04,0.042678896,59.728703,0.0022353244,0.0016897293,0.047279216,0.06969089806079865,0.08415135741233826,9.325172424316406,0.008316927589476109,0.0023535017389804125,0.0911971926689148
1730,0.0636076107621193,1e-04,0.04265976,59.71014,0.0022336424,0.001688569,0.047261424,0.06961981952190399,0.08416322618722916,9.326615333557129,0.008318580687046051,0.0023540102411061525,0.09120625257492065
1731,0.06353320181369781,1e-04,0.04264065,59.69159,0.0022319623,0.00168741,0.047243647,0.06954890489578247,0.0841752216219902,9.328073501586914,0.008320252411067486,0.002354523865506053,0.09121541678905487
1732,0.06345893442630768,1e-04,0.042621564,59.673088,0.0022302864,0.0016862542,0.047225907,0.06947814673185349,0.08418723940849304,9.329533576965332,0.008321933448314667,0.002355040982365608,0.09122463315725327
1733,0.06338482350111008,1e-04,0.042602483,59.65458,0.0022286116,0.0016850987,0.04720817,0.06940755993127823,0.08419933915138245,9.331003189086914,0.008323626592755318,0.002355559030547738,0.09123390913009644
1734,0.06331087648868561,1e-04,0.042583443,59.636112,0.0022269408,0.0016839457,0.047190472,0.06933712959289551,0.08421143144369125,9.332472801208496,0.008325314149260521,0.0023560801055282354,0.09124316275119781
1735,0.06323708593845367,1e-04,0.042564433,59.617657,0.0022252728,0.001682795,0.047172796,0.06926687806844711,0.0842236578464508,9.333956718444824,0.008327032439410686,0.002356606302782893,0.09125257283449173
1736,0.06316345185041428,1e-04,0.04254543,59.59921,0.002223606,0.0016816444,0.047155127,0.06919678300619125,0.08423592895269394,9.33544635772705,0.008328753523528576,0.0023571343626827,0.09126200526952744
1737,0.06308996677398682,1e-04,0.042526454,59.580776,0.0022219422,0.0016804958,0.04713748,0.06912685185670853,0.08424824476242065,9.336941719055176,0.00833048578351736,0.0023576654493808746,0.09127149730920792
1738,0.06301664561033249,1e-04,0.042507492,59.562355,0.00222028,0.0016793485,0.04711985,0.06905708461999893,0.08426067978143692,9.338451385498047,0.008332234807312489,0.0023582035209983587,0.09128107875585556
1739,0.0629434734582901,1e-04,0.042488568,59.543987,0.002218623,0.0016782047,0.04710226,0.06898747384548187,0.08427312225103378,9.339961051940918,0.008333989419043064,0.002358740661293268,0.09129069000482559
1740,0.06287045776844025,1e-04,0.042469654,59.525608,0.0022169661,0.0016770607,0.04708467,0.06891802698373795,0.08428560942411423,9.341475486755371,0.008335746824741364,0.002359281061217189,0.09130030870437622
1741,0.06279759109020233,1e-04,0.042450752,59.50727,0.0022153126,0.0016759195,0.047067106,0.06884875893592834,0.084298275411129,9.343010902404785,0.008337539620697498,0.0023598300758749247,0.09131012856960297
1742,0.06272488087415695,1e-04,0.042431884,59.488945,0.0022136623,0.0016747797,0.04704957,0.06877963989973068,0.08431094884872437,9.344548225402832,0.008339331485331059,0.002360381418839097,0.09131994098424911
1743,0.06265231966972351,1e-04,0.04241303,59.470623,0.002212013,0.0016736414,0.04703204,0.06871067732572556,0.08432363718748093,9.346087455749512,0.008341126143932343,0.00236093089915812,0.09132976830005646
1744,0.0625799149274826,1e-04,0.0423942,59.452335,0.002210367,0.0016725045,0.047014542,0.06864187866449356,0.08433640003204346,9.347634315490723,0.008342932909727097,0.0023614841047674417,0.09133965522050858
1745,0.06250766664743423,1e-04,0.042375393,59.43408,0.0022087242,0.0016713699,0.046997067,0.0685732364654541,0.08434923738241196,9.349189758300781,0.008344755508005619,0.002362042898312211,0.09134963154792786
1746,0.062435563653707504,1e-04,0.042356607,59.41581,0.002207083,0.001670236,0.046979602,0.06850476562976837,0.08436214923858643,9.350754737854004,0.008346590213477612,0.002362605417147279,0.09135967493057251
1747,0.06236361712217331,1e-04,0.042337853,59.397606,0.0022054457,0.0016691055,0.04696217,0.06843644380569458,0.08437513560056686,9.352328300476074,0.00834843423217535,0.0023631711956113577,0.09136976301670074
1748,0.062291815876960754,1e-04,0.0423191,59.379368,0.0022038084,0.0016679739,0.046944737,0.06836828589439392,0.08438818901777267,9.35390853881836,0.008350295014679432,0.002363741397857666,0.09137994796037674
1749,0.062220171093940735,1e-04,0.04230038,59.361156,0.002202175,0.001666846,0.046927337,0.0683002844452858,0.08440124243497849,9.355488777160645,0.008352152071893215,0.0023643106687813997,0.09139011055231094
1750,0.06214867904782295,1e-04,0.042281695,59.34299,0.0022005453,0.0016657197,0.04690997,0.0682324469089508,0.08441441506147385,9.357084274291992,0.00835403148084879,0.002364886226132512,0.0914003923535347
1751,0.06207733228802681,1e-04,0.04226302,59.324833,0.002198917,0.0016645946,0.046892613,0.06816476583480835,0.08442764729261398,9.358686447143555,0.008355921134352684,0.002365464111790061,0.09141072630882263
1752,0.062006134539842606,1e-04,0.042244337,59.306652,0.0021972882,0.0016634688,0.046875242,0.06809722632169724,0.08444085717201233,9.360285758972168,0.008357807993888855,0.002366042463108897,0.09142104536294937
1753,0.06193508952856064,1e-04,0.042225726,59.288574,0.002195668,0.0016623494,0.046857957,0.06802986562252045,0.08445420116186142,9.36190128326416,0.008359714411199093,0.002366626402363181,0.09143147617578506
1754,0.06186419352889061,1e-04,0.042207103,59.270466,0.0021940463,0.0016612286,0.04684065,0.067962646484375,0.0844675675034523,9.363518714904785,0.008361627347767353,0.002367213601246476,0.09144193679094315
1755,0.06179344654083252,1e-04,0.042188514,59.25238,0.002192428,0.0016601097,0.04682337,0.06789558380842209,0.08448102325201035,9.36514663696289,0.008363557048141956,0.002367802429944277,0.09145248681306839
1756,0.06172283738851547,1e-04,0.04216995,59.234306,0.0021908123,0.0016589931,0.046806112,0.06782867759466171,0.08449452370405197,9.366779327392578,0.008365493267774582,0.002368396148085594,0.09146307408809662
1757,0.06165238469839096,1e-04,0.04215139,59.216248,0.002189198,0.0016578769,0.046788868,0.06776193529367447,0.08450809866189957,9.368422508239746,0.008367443457245827,0.002368992893025279,0.09147372841835022
1758,0.06158208101987839,1e-04,0.042132862,59.198204,0.0021875866,0.001656763,0.04677164,0.06769534945487976,0.08452173322439194,9.370070457458496,0.008369403891265392,0.0023695933632552624,0.0914844498038292
1759,0.061511918902397156,1e-04,0.042114355,59.1802,0.0021859782,0.0016556509,0.046754446,0.06762892007827759,0.08453544974327087,9.37172794342041,0.008371380157768726,0.002370197558775544,0.09149524569511414
1760,0.06144191324710846,1e-04,0.04209586,59.162193,0.0021843715,0.0016545395,0.04673726,0.06756262481212616,0.08454916626214981,9.373387336730957,0.008373350836336613,0.0023708015214651823,0.09150601178407669
1761,0.061372045427560806,1e-04,0.0420774,59.144226,0.0021827682,0.001653431,0.046720106,0.06749650090932846,0.08456295728683472,9.375053405761719,0.008375340141355991,0.002371410373598337,0.0915168821811676
1762,0.06130232289433479,1e-04,0.042058952,59.126247,0.0021811659,0.001652322,0.046702955,0.0674305260181427,0.08457678556442261,9.376725196838379,0.008377335034310818,0.0023720201570540667,0.0915277823805809
1763,0.06123275309801102,1e-04,0.04204052,59.1083,0.0021795665,0.001651216,0.04668583,0.06736470758914948,0.08459074050188065,9.378411293029785,0.00837935134768486,0.002372637391090393,0.09153879433870316
1764,0.061163321137428284,1e-04,0.04202211,59.090385,0.0021779698,0.0016501117,0.046668723,0.06729903817176819,0.08460473269224167,9.380101203918457,0.008381372317671776,0.0023732550907880068,0.0915498360991478
1765,0.06109403818845749,1e-04,0.04200372,59.072456,0.0021763747,0.0016490084,0.04665163,0.06723352521657944,0.08461875468492508,9.381796836853027,0.008383399806916714,0.0023738748859614134,0.09156090766191483
1766,0.06102490425109863,1e-04,0.04198537,59.054577,0.002174784,0.0016479074,0.046634577,0.06716816127300262,0.08463283628225327,9.383496284484863,0.008385438472032547,0.0023744988720864058,0.09157203882932663
1767,0.06095591560006142,1e-04,0.041967016,59.03671,0.002173194,0.0016468075,0.04661753,0.06710294634103775,0.08464702218770981,9.385209083557129,0.008387494832277298,0.002375127514824271,0.0915832668542862
1768,0.06088705360889435,1e-04,0.041948684,59.018826,0.0021716056,0.0016457082,0.04660049,0.0670379027724266,0.08466127514839172,9.386929512023926,0.008389565162360668,0.0023757610470056534,0.09159456938505173
1769,0.06081835553050041,1e-04,0.041930377,59.000996,0.0021700202,0.0016446112,0.046583477,0.06697297841310501,0.08467549085617065,9.38864803314209,0.008391625247895718,0.002376390155404806,0.09160581231117249
1770,0.06074979156255722,1e-04,0.041912097,58.983162,0.002168438,0.001643516,0.04656649,0.06690821796655655,0.08468982577323914,9.39037799835205,0.008393710479140282,0.002377027878537774,0.09161719679832458
1771,0.06068136543035507,1e-04,0.041893836,58.96537,0.0021668582,0.0016424225,0.046549525,0.06684360653162003,0.0847042128443718,9.39211368560791,0.008395802229642868,0.0023776674643158913,0.09162861108779907
1772,0.060613080859184265,1e-04,0.041875575,58.94755,0.0021652782,0.0016413286,0.04653255,0.06677915155887604,0.08471864461898804,9.393856048583984,0.008397900499403477,0.002378310775384307,0.09164006263017654
1773,0.060544949024915695,1e-04,0.041857343,58.929806,0.002163703,0.0016402386,0.04651562,0.06671483814716339,0.08473315089941025,9.39560604095459,0.008400012739002705,0.002378955716267228,0.09165158122777939
1774,0.06047695875167847,1e-04,0.04183915,58.91203,0.0021621296,0.0016391489,0.046498705,0.06665068864822388,0.08474773168563843,9.39736557006836,0.008402139879763126,0.0023796053137630224,0.0916631892323494
1775,0.06040910258889198,1e-04,0.04182095,58.89431,0.0021605585,0.0016380614,0.046481807,0.06658667325973511,0.0847623273730278,9.399126052856445,0.008404267020523548,0.0023802542127668858,0.0916747897863388
1776,0.06034139543771744,1e-04,0.041802794,58.876587,0.00215899,0.0016369749,0.04646493,0.06652280688285828,0.08477699756622314,9.400896072387695,0.008406410925090313,0.002380908466875553,0.09168647974729538
1777,0.06027382239699364,1e-04,0.04178464,58.85888,0.0021574227,0.0016358896,0.046448063,0.06645910441875458,0.08479172736406326,9.40267276763916,0.008408564142882824,0.002381568541750312,0.09169822186231613
1778,0.060206394642591476,1e-04,0.041766517,58.841194,0.0021558588,0.0016348066,0.046431225,0.06639554351568222,0.08480653911828995,9.404458045959473,0.008410732261836529,0.002382230246439576,0.09171004593372345
1779,0.06013910099864006,1e-04,0.041748412,58.82352,0.0021542967,0.0016337245,0.0464144,0.06633211672306061,0.08482137322425842,9.40624713897705,0.008412903174757957,0.002382892183959484,0.09172187745571136
1780,0.060071948915719986,1e-04,0.041730322,58.805866,0.002152737,0.0016326444,0.046397597,0.06626883894205093,0.08483627438545227,9.408042907714844,0.00841508712619543,0.002383560175076127,0.09173378348350525
1781,0.060004934668540955,1e-04,0.04171225,58.78822,0.002151179,0.0016315646,0.046380803,0.0662057027220726,0.08485117554664612,9.409839630126953,0.00841727014631033,0.002384227467700839,0.09174568206071854
1782,0.05993805080652237,1e-04,0.041694198,58.770603,0.0021496236,0.0016304872,0.04636403,0.0661427229642868,0.08486620336771011,9.411651611328125,0.008419474586844444,0.0023849003482609987,0.09175769239664078
1783,0.05987132340669632,1e-04,0.041676182,58.753014,0.0021480718,0.0016294119,0.046347294,0.06607989221811295,0.0848812460899353,9.413464546203613,0.008421682752668858,0.0023855750914663076,0.09176972508430481
1784,0.059804726392030716,1e-04,0.04165816,58.735413,0.0021465202,0.0016283368,0.046330553,0.06601721048355103,0.08489640802145004,9.415290832519531,0.008423912338912487,0.0023862544912844896,0.09178187698125839
1785,0.059738270938396454,1e-04,0.04164018,58.717846,0.0021449723,0.0016272642,0.046313845,0.06595467031002045,0.08491158485412598,9.417119026184082,0.00842614471912384,0.002386936452239752,0.09179403632879257
1786,0.05967195704579353,1e-04,0.04162221,58.70031,0.0021434266,0.0016261932,0.046297155,0.0658922791481018,0.08492682129144669,9.41895580291748,0.00842838641256094,0.0023876202758401632,0.09180624037981033
1787,0.05960576981306076,1e-04,0.04160424,58.68274,0.002141881,0.0016251215,0.046280462,0.06583001464605331,0.08494207262992859,9.420792579650879,0.008430632762610912,0.002388306660577655,0.09181847423315048
1788,0.05953972041606903,1e-04,0.041586317,58.665253,0.0021403406,0.0016240542,0.046263814,0.06576791405677795,0.08495741337537766,9.422638893127441,0.008432894013822079,0.0023889970034360886,0.0918307900428772
1789,0.05947381630539894,1e-04,0.041568406,58.647728,0.0021388005,0.0016229862,0.046247166,0.06570594012737274,0.0849728062748909,9.424494743347168,0.008435163646936417,0.002389690838754177,0.0918431505560875
1790,0.059408038854599,1e-04,0.0415505,58.630238,0.0021372621,0.0016219199,0.046230532,0.06564411520957947,0.08498823642730713,9.426352500915527,0.008437440730631351,0.0023903853725641966,0.09185554087162018
1791,0.0593423992395401,1e-04,0.041532636,58.612774,0.002135728,0.0016208561,0.046213936,0.06558242440223694,0.08500372618436813,9.428216934204102,0.008439726196229458,0.0023910829331725836,0.09186798334121704
1792,0.059276893734931946,1e-04,0.041514765,58.595295,0.0021341937,0.001619792,0.046197332,0.06552089750766754,0.0850193127989769,9.430092811584473,0.008442034013569355,0.00239178747870028,0.09188054502010345
1793,0.059211526066064835,1e-04,0.041496933,58.577873,0.002132663,0.0016187308,0.046180766,0.06545950472354889,0.08503489941358566,9.43196964263916,0.008444338105618954,0.002392489230260253,0.09189307689666748
1794,0.059146299958229065,1e-04,0.04147911,58.560463,0.0021311354,0.0016176712,0.046164222,0.06539826095104218,0.08505059033632278,9.433857917785645,0.008446663618087769,0.0023931993637233973,0.09190573543310165
1795,0.05908120423555374,1e-04,0.041461308,58.54306,0.0021296088,0.0016166129,0.046147685,0.0653371512889862,0.08506631851196289,9.435751914978027,0.008448990993201733,0.002393909264355898,0.09191839396953583
1796,0.059016238898038864,1e-04,0.041443523,58.52567,0.002128084,0.0016155551,0.04613116,0.06527618318796158,0.08508211374282837,9.437652587890625,0.00845133326947689,0.002394624287262559,0.09193113446235657
1797,0.05895141139626503,1e-04,0.041425765,58.5083,0.002126563,0.0016145,0.046114672,0.0652153491973877,0.08509793877601624,9.439556121826172,0.008453681133687496,0.0023953418713063,0.0919439047574997
1798,0.058886706829071045,1e-04,0.041408,58.490932,0.0021250416,0.0016134445,0.046098173,0.06515464931726456,0.0851137712597847,9.441461563110352,0.0084560327231884,0.002396057592704892,0.09195668995380402
1799,0.0588221400976181,1e-04,0.04139028,58.47359,0.0021235237,0.0016123919,0.046081707,0.06509411334991455,0.0851297378540039,9.443381309509277,0.008458402939140797,0.0023967826273292303,0.0919695794582367
1800,0.0587577223777771,1e-04,0.04137258,58.456276,0.0021220092,0.0016113407,0.04606527,0.06503371149301529,0.0851457491517067,9.445308685302734,0.008460786193609238,0.002397508593276143,0.09198252856731415
1801,0.05869342386722565,1e-04,0.041354876,58.438957,0.0021204946,0.0016102897,0.046048827,0.06497342884540558,0.0851617231965065,9.447230339050293,0.008463159203529358,0.0023982329294085503,0.09199543297290802
1802,0.05862925574183464,1e-04,0.0413372,58.42164,0.0021189826,0.0016092405,0.046032406,0.0649133175611496,0.08517786115407944,9.449170112609863,0.00846556294709444,0.0023989651817828417,0.09200849384069443
1803,0.058565229177474976,1e-04,0.04131955,58.404358,0.0021174732,0.0016081929,0.04601601,0.06485331803560257,0.08519396930932999,9.4511079788208,0.008467962965369225,0.002399697434157133,0.09202153235673904
1804,0.05850132182240486,1e-04,0.041301914,58.387115,0.0021159663,0.0016071468,0.045999635,0.06479346752166748,0.0852101519703865,9.45305347442627,0.008470374159514904,0.002400432014837861,0.09203463792800903
1805,0.05843754857778549,1e-04,0.041284297,58.369846,0.0021144603,0.0016061014,0.045983262,0.06473375111818314,0.08522634953260422,9.455000877380371,0.008472787216305733,0.0024011668283492327,0.09204774349927902
1806,0.058373916894197464,1e-04,0.0412667,58.35261,0.0021129572,0.0016050579,0.045966916,0.06467416882514954,0.08524268120527267,9.456964492797852,0.008475225418806076,0.002401913283392787,0.09206099063158035
1807,0.05831040441989899,1e-04,0.041249108,58.335377,0.0021114554,0.0016040151,0.045950577,0.06461472809314728,0.08525898307561874,9.458924293518066,0.008477660827338696,0.002402656013146043,0.09207421541213989
1808,0.058247022330760956,1e-04,0.04123155,58.318188,0.0021099576,0.0016029751,0.045934275,0.06455542147159576,0.08527537435293198,9.460894584655762,0.008480110205709934,0.0024034015368670225,0.0920875146985054
1809,0.05818377435207367,1e-04,0.041214008,58.301018,0.0021084608,0.0016019362,0.04591798,0.064496248960495,0.0852917730808258,9.462864875793457,0.008482563309371471,0.0024041496217250824,0.0921008288860321
1810,0.05812065303325653,1e-04,0.04119649,58.28385,0.0021069667,0.0016008985,0.04590171,0.06443721801042557,0.0853082463145256,9.464844703674316,0.008485028520226479,0.0024049009662121534,0.09211421757936478
1811,0.05805766582489014,1e-04,0.041178975,58.266693,0.002105474,0.0015998619,0.045885444,0.06437832117080688,0.08532480150461197,9.466835021972656,0.008487504906952381,0.0024056548718363047,0.09212765842676163
1812,0.05799480155110359,1e-04,0.041161474,58.24953,0.0021039823,0.0015988251,0.045869187,0.06431956589221954,0.08534139394760132,9.468829154968262,0.008489991538226604,0.0024064136669039726,0.09214115142822266
1813,0.057932063937187195,1e-04,0.041144002,58.232403,0.0021024938,0.0015977913,0.04585296,0.06426093727350235,0.08535799384117126,9.47082233428955,0.008492480963468552,0.002407173626124859,0.09215465933084488
1814,0.05786946415901184,1e-04,0.041126557,58.21529,0.0021010076,0.0015967592,0.04583675,0.0642024576663971,0.08537474274635315,9.472835540771484,0.00849499274045229,0.002407938940450549,0.09216828644275665
1815,0.057806991040706635,1e-04,0.04110911,58.19821,0.0020995236,0.0015957281,0.045820557,0.06414409726858139,0.08539143949747086,9.474841117858887,0.008497501723468304,0.002408704487606883,0.09218189120292664
1816,0.05774464085698128,1e-04,0.041091688,58.181133,0.0020980411,0.0015946983,0.045804378,0.06408587098121643,0.08540824055671692,9.476859092712402,0.008500024676322937,0.0024094716645777225,0.09219557791948318
1817,0.05768240988254547,1e-04,0.041074283,58.164062,0.0020965606,0.0015936696,0.045788214,0.06402779370546341,0.08542507886886597,9.4788818359375,0.008502553217113018,0.0024102439638227224,0.09220928698778152
1818,0.057620324194431305,1e-04,0.041056894,58.147003,0.002095082,0.0015926418,0.04577207,0.06396984308958054,0.08544197678565979,9.480910301208496,0.008505096659064293,0.002411018591374159,0.09222307801246643
1819,0.05755835026502609,1e-04,0.04103953,58.12998,0.0020936064,0.0015916164,0.045755945,0.06391201913356781,0.085458904504776,9.482943534851074,0.008507642894983292,0.002411795314401388,0.09223688393831253
1820,0.057496510446071625,1e-04,0.041022174,58.11297,0.0020921316,0.0015905917,0.045739826,0.06385434418916702,0.08547589182853699,9.484984397888184,0.008510200306773186,0.002412573667243123,0.0922507494688034
1821,0.057434797286987305,1e-04,0.041004844,58.095955,0.0020906595,0.0015895686,0.04572373,0.06379678845405579,0.08549293875694275,9.487030029296875,0.008512768894433975,0.0024133562110364437,0.09226466715335846
1822,0.05737321078777313,1e-04,0.04098753,58.079,0.0020891903,0.0015885475,0.04570766,0.0637393593788147,0.08550999313592911,9.4890775680542,0.008515340276062489,0.002414141083136201,0.09227859973907471
1823,0.05731174349784851,1e-04,0.040970232,58.06202,0.0020877218,0.0015875265,0.045691594,0.06368207931518555,0.08552714437246323,9.491135597229004,0.00851792749017477,0.0024149275850504637,0.09229262173175812
1824,0.05725039914250374,1e-04,0.04095295,58.045025,0.002086255,0.0015865061,0.045675542,0.06362491846084595,0.08554431796073914,9.493197441101074,0.008520522154867649,0.002415719209238887,0.09230667352676392
1825,0.05718918889760971,1e-04,0.04093569,58.028126,0.002084792,0.0015854895,0.04565952,0.0635678842663765,0.08556153625249863,9.495265007019043,0.008523118682205677,0.0024165092036128044,0.09232074022293091
1826,0.057128094136714935,1e-04,0.040918443,58.011173,0.0020833288,0.001584472,0.045643497,0.06351099163293839,0.0855788066983223,9.497337341308594,0.008525730110704899,0.00241730734705925,0.09233488142490387
1827,0.05706712603569031,1e-04,0.040901206,57.994255,0.002081868,0.0015834563,0.045627493,0.06345423310995102,0.08559613674879074,9.49941635131836,0.008528351783752441,0.002418105024844408,0.09234907478094101
1828,0.057006292045116425,1e-04,0.040884,57.977352,0.0020804105,0.0015824421,0.045611516,0.0633975937962532,0.08561348915100098,9.501500129699707,0.008530975319445133,0.0024189038667827845,0.09236327558755875
1829,0.056945569813251495,1e-04,0.0408668,57.96048,0.0020789544,0.0015814295,0.045595553,0.06334107369184494,0.08563084155321121,9.503582000732422,0.008533601649105549,0.0024197043385356665,0.09237749874591827
1830,0.056884970515966415,1e-04,0.04084962,57.943604,0.0020774992,0.0015804174,0.04557959,0.06328470259904861,0.0856483206152916,9.5056791305542,0.008536248467862606,0.0024205094669014215,0.09239181876182556
1831,0.05682449787855148,1e-04,0.040832452,57.926723,0.0020760458,0.0015794061,0.045563646,0.06322845071554184,0.08566579967737198,9.507776260375977,0.008538899011909962,0.002421319019049406,0.09240616112947464
1832,0.0567641481757164,1e-04,0.04081532,57.909912,0.0020745972,0.0015783989,0.045547746,0.06317233294248581,0.08568335324525833,9.509882926940918,0.008541558869183064,0.0024221281055361032,0.0924205556511879
1833,0.056703925132751465,1e-04,0.0407982,57.8931,0.0020731494,0.0015773913,0.04553185,0.06311635673046112,0.08570098876953125,9.51199722290039,0.008544235490262508,0.002422942081466317,0.09243503212928772
1834,0.05664382129907608,1e-04,0.04078108,57.87626,0.0020717012,0.0015763832,0.045515943,0.06306049227714539,0.08571863919496536,9.514114379882812,0.008546915836632252,0.0024237593170255423,0.09244953095912933
1835,0.05658382922410965,1e-04,0.04076398,57.859467,0.0020702567,0.0015753784,0.045500074,0.0630047470331192,0.08573625236749649,9.516226768493652,0.008549590595066547,0.0024245744571089745,0.09246399253606796
1836,0.056523967534303665,1e-04,0.04074691,57.842678,0.0020688141,0.001574374,0.04548422,0.06294914335012436,0.08575403690338135,9.518360137939453,0.008552291430532932,0.002425398910418153,0.09247860312461853
1837,0.05646422505378723,1e-04,0.04072984,57.825916,0.0020673734,0.0015733716,0.04546838,0.06289366632699966,0.08577177673578262,9.520487785339355,0.008554992265999317,0.0024262191727757454,0.0924931988120079
1838,0.05640460178256035,1e-04,0.040712807,57.809166,0.0020659352,0.0015723704,0.04545256,0.06283832341432571,0.08578961342573166,9.522624969482422,0.008557706139981747,0.0024270464200526476,0.09250786900520325
1839,0.05634510889649391,1e-04,0.040695764,57.792408,0.002064497,0.0015713694,0.045436736,0.06278308480978012,0.08580747246742249,9.524767875671387,0.0085604228079319,0.002427874132990837,0.09252255409955978
1840,0.05628572404384613,1e-04,0.04067876,57.775673,0.0020630618,0.0015703704,0.04542094,0.06272798776626587,0.08582539111375809,9.52691650390625,0.008563152514398098,0.002428705571219325,0.0925373062491417
1841,0.0562264658510685,1e-04,0.04066177,57.75899,0.0020616301,0.0015693741,0.045405176,0.06267301738262177,0.08584337681531906,9.529070854187012,0.008565896190702915,0.002429541200399399,0.09255212545394897
1842,0.056167323142290115,1e-04,0.040644787,57.74228,0.0020601982,0.0015683768,0.045389406,0.06261815875768661,0.08586132526397705,9.53122329711914,0.008568632416427135,0.002430374501273036,0.09256690740585327
1843,0.056108295917510986,1e-04,0.040627837,57.725597,0.0020587696,0.0015673816,0.045373667,0.06256343424320221,0.0858793556690216,9.533385276794434,0.008571380749344826,0.002431211294606328,0.09258174896240234
1844,0.05604939162731171,1e-04,0.04061088,57.708927,0.0020573419,0.0015663877,0.04535793,0.06250885128974915,0.08589750528335571,9.53555965423584,0.008574155159294605,0.0024320543743669987,0.09259673207998276
1845,0.055990610271692276,1e-04,0.04059395,57.69227,0.0020559158,0.0015653942,0.045342207,0.06245437264442444,0.08591561764478683,9.537732124328613,0.00857691653072834,0.002432896289974451,0.0926116406917572
1846,0.055931948125362396,1e-04,0.040577028,57.675632,0.0020544922,0.0015644032,0.04532651,0.062400028109550476,0.08593377470970154,9.53990650177002,0.008579696528613567,0.002433742629364133,0.09262665361166
1847,0.05587340146303177,1e-04,0.040560152,57.659,0.0020530713,0.001563413,0.04531083,0.06234579533338547,0.08595201373100281,9.542094230651855,0.008582481183111668,0.0024345905985683203,0.092641681432724
1848,0.055814966559410095,1e-04,0.04054326,57.642365,0.0020516498,0.001562423,0.04529514,0.06229168921709061,0.08597026020288467,9.544281005859375,0.008585271425545216,0.002435440430417657,0.09265673905611038
1849,0.05575665086507797,1e-04,0.040526398,57.625797,0.0020502333,0.0015614361,0.045279503,0.06223771348595619,0.08598858118057251,9.546475410461426,0.008588076569139957,0.0024362942203879356,0.09267187863588333
1850,0.0556984543800354,1e-04,0.040509544,57.609203,0.002048816,0.0015604489,0.04526385,0.062183864414691925,0.08600693941116333,9.548675537109375,0.008590887300670147,0.002437151735648513,0.09268704056739807
1851,0.055640384554862976,1e-04,0.04049272,57.592644,0.002047403,0.0015594644,0.045248237,0.06213012710213661,0.08602532744407654,9.550877571105957,0.008593705482780933,0.0024380090180784464,0.0927022397518158
1852,0.05558240786194801,1e-04,0.040475897,57.57606,0.0020459895,0.0015584793,0.045232616,0.06207652390003204,0.08604377508163452,9.553088188171387,0.00859653390944004,0.0024388693273067474,0.0927174985408783
1853,0.055524569004774094,1e-04,0.040459096,57.559532,0.0020445792,0.0015574967,0.045217022,0.062023043632507324,0.08606228977441788,9.555306434631348,0.008599377237260342,0.00243973545730114,0.09273282438516617
1854,0.05546683073043823,1e-04,0.04044231,57.543003,0.0020431702,0.0015565145,0.04520144,0.06196967139840126,0.08608075976371765,9.557518005371094,0.008602210320532322,0.00244059762917459,0.09274809807538986
1855,0.055409226566553116,1e-04,0.040425546,57.526497,0.0020417639,0.0015555347,0.045185883,0.06191641464829445,0.08609926700592041,9.559735298156738,0.008605051785707474,0.0024414618965238333,0.09276341646909714
1856,0.05535171926021576,1e-04,0.04040879,57.509975,0.002040358,0.0015545541,0.045170322,0.06186328083276749,0.08611783385276794,9.561959266662598,0.008607900701463223,0.0024423308204859495,0.0927787721157074
1857,0.05529433488845825,1e-04,0.040392067,57.49348,0.0020389552,0.0015535759,0.04515479,0.06181028112769127,0.08613649010658264,9.564194679260254,0.008610769174993038,0.002443203004077077,0.09279423207044601
1858,0.0552370660007,1e-04,0.04037535,57.477016,0.0020375543,0.0015525996,0.045139275,0.061757393181324005,0.08615517616271973,9.566431999206543,0.008613641373813152,0.0024440784472972155,0.09280970692634583
1859,0.055179908871650696,1e-04,0.040358637,57.460545,0.002036154,0.0015516232,0.045123763,0.06170462816953659,0.08617383986711502,9.5686674118042,0.008616513572633266,0.002444952493533492,0.09282517433166504
1860,0.055122870951890945,1e-04,0.040341947,57.4441,0.0020347561,0.001550649,0.04510827,0.06165199354290962,0.08619263768196106,9.570918083190918,0.00861940998584032,0.0024458328261971474,0.092840775847435
1861,0.05506594479084015,1e-04,0.040325284,57.427654,0.0020333598,0.0015496749,0.04509279,0.06159946322441101,0.08621145039796829,9.57317066192627,0.008622304536402225,0.0024467159528285265,0.09285636246204376
1862,0.05500912666320801,1e-04,0.040308625,57.41125,0.0020319659,0.0015487027,0.04507733,0.06154705211520195,0.08623027056455612,9.575424194335938,0.00862520094960928,0.0024475972168147564,0.09287195652723312
1863,0.05495242401957512,1e-04,0.040291984,57.394817,0.0020305733,0.0015477312,0.045061883,0.061494771391153336,0.08624916523694992,9.577686309814453,0.008628117851912975,0.002448485931381583,0.09288766235113144
1864,0.05489583685994148,1e-04,0.04027536,57.378445,0.0020291833,0.001546762,0.045046456,0.06144260615110397,0.08626808971166611,9.579951286315918,0.00863103847950697,0.002449373947456479,0.09290338307619095
1865,0.0548393577337265,1e-04,0.040258747,57.36206,0.0020277947,0.0015457931,0.04503104,0.06139056012034416,0.08628707379102707,9.582223892211914,0.00863396842032671,0.002450265921652317,0.09291914850473404
1866,0.05478299781680107,1e-04,0.040242143,57.34568,0.0020264063,0.0015448247,0.045015622,0.061338625848293304,0.08630605787038803,9.58449649810791,0.0086368964985013,0.0024511567316949368,0.09293490648269653
1867,0.054726749658584595,1e-04,0.040225554,57.32932,0.002025021,0.0015438581,0.045000233,0.061286814510822296,0.08632513135671616,9.586780548095703,0.008639843203127384,0.0024520540609955788,0.09295075386762619
1868,0.054670609533786774,1e-04,0.040209003,57.313,0.002023639,0.0015428942,0.044984873,0.06123511865735054,0.08634418994188309,9.589061737060547,0.008642790839076042,0.00245295069180429,0.09296660870313644
1869,0.054614584892988205,1e-04,0.04019245,57.29668,0.0020222573,0.00154193,0.044969514,0.061183538287878036,0.08636331558227539,9.591350555419922,0.008645747788250446,0.0024538517463952303,0.09298251569271088
1870,0.05455866828560829,1e-04,0.040175915,57.280357,0.0020208766,0.0015409663,0.044954162,0.061132077127695084,0.08638247847557068,9.593644142150879,0.008648712188005447,0.0024547544308006763,0.0929984524846077
1871,0.05450286343693733,1e-04,0.0401594,57.264065,0.002019499,0.001540005,0.044938836,0.061080724000930786,0.08640167117118835,9.595940589904785,0.008651681244373322,0.002455656649544835,0.09301441162824631
1872,0.05444716289639473,1e-04,0.04014289,57.24776,0.002018122,0.0015390441,0.044923514,0.06102950870990753,0.08642091602087021,9.598243713378906,0.00865466333925724,0.0024565665517002344,0.09303044527769089
1873,0.054391589015722275,1e-04,0.04012641,57.231476,0.0020167471,0.001538084,0.044908207,0.06097838655114174,0.08644017577171326,9.60054874420166,0.008657646365463734,0.0024574734270572662,0.09304647147655487
1874,0.05433611571788788,1e-04,0.04010994,57.215218,0.002015375,0.0015371264,0.04489293,0.060927391052246094,0.08645951747894287,9.602862358093262,0.008660644292831421,0.0024583847261965275,0.09306257963180542
1875,0.05428075045347214,1e-04,0.040093474,57.198956,0.0020140023,0.0015361679,0.044877637,0.060876499861478806,0.0864788293838501,9.60517406463623,0.00866363849490881,0.0024592962581664324,0.09307866543531418
1876,0.05422549322247505,1e-04,0.04007703,57.18273,0.0020126335,0.0015352119,0.044862382,0.060825739055871964,0.08649823814630508,9.607495307922363,0.008666652254760265,0.002460214076563716,0.0930948555469513
1877,0.05417035147547722,1e-04,0.040060602,57.16653,0.0020112663,0.0015342581,0.044847142,0.06077507138252258,0.08651763945817947,9.609817504882812,0.008669662289321423,0.002461131662130356,0.09311102330684662
1878,0.054115310311317444,1e-04,0.04004419,57.15031,0.0020099005,0.001533304,0.044831913,0.06072453781962395,0.08653709292411804,9.612144470214844,0.00867268443107605,0.002462050411850214,0.09312725067138672
1879,0.05406038835644722,1e-04,0.040027793,57.134106,0.0020085354,0.0015323507,0.044816688,0.06067410856485367,0.086556576192379,9.614474296569824,0.008675710298120975,0.0024629707913845778,0.09314349293708801
1880,0.05400557070970535,1e-04,0.0400114,57.11789,0.0020071713,0.0015313978,0.044801466,0.060623787343502045,0.08657612651586533,9.616812705993652,0.00867875013500452,0.0024638951290398836,0.09315980970859528
1881,0.053950849920511246,1e-04,0.039995033,57.10174,0.0020058118,0.0015304482,0.04478629,0.06057359278202057,0.08659570664167404,9.619154930114746,0.008681793697178364,0.0024648222606629133,0.09317614138126373
1882,0.053896255791187286,1e-04,0.03997869,57.085583,0.0020044525,0.0015294991,0.044771113,0.06052350997924805,0.08661529421806335,9.621498107910156,0.008684842847287655,0.002465750090777874,0.09319250285625458
1883,0.053841762244701385,1e-04,0.039962344,57.06943,0.0020030946,0.0015285506,0.044755947,0.06047353893518448,0.08663497120141983,9.623851776123047,0.00868790689855814,0.0024666832759976387,0.09320893883705139
1884,0.05378737300634384,1e-04,0.03994602,57.053307,0.0020017396,0.0015276037,0.044740804,0.060423675924539566,0.0866546556353569,9.626205444335938,0.008690972812473774,0.0024676162283867598,0.0932253897190094
1885,0.053733088076114655,1e-04,0.039929714,57.03717,0.0020003854,0.0015266574,0.044725668,0.06037392467260361,0.08667433261871338,9.628559112548828,0.008694036863744259,0.0024685480166226625,0.09324181824922562
1886,0.05367891862988472,1e-04,0.039913412,57.02105,0.0019990315,0.0015257113,0.04471053,0.060324281454086304,0.08669408410787582,9.63092041015625,0.008697117678821087,0.0024694851599633694,0.093258336186409
1887,0.053624846041202545,1e-04,0.039897144,57.004963,0.001997682,0.0015247685,0.044695437,0.06027476489543915,0.08671388030052185,9.633288383483887,0.008700205944478512,0.0024704255629330873,0.09327489137649536
1888,0.05357089266180992,1e-04,0.039880883,56.98889,0.001996334,0.0015238262,0.044680353,0.06022534891963005,0.08673367649316788,9.635655403137207,0.008703295141458511,0.0024713650345802307,0.09329145401716232
1889,0.053517039865255356,1e-04,0.039864626,56.972813,0.0019949863,0.0015228847,0.04466527,0.06017604470252991,0.08675353974103928,9.638030052185059,0.008706393651664257,0.0024723096285015345,0.09330806136131287
1890,0.05346329137682915,1e-04,0.039848387,56.956753,0.0019936396,0.001521943,0.044650193,0.06012684851884842,0.08677342534065247,9.64040756225586,0.008709500543773174,0.002473255852237344,0.0933247059583664
1891,0.053409643471241,1e-04,0.039832156,56.94068,0.001992295,0.0015210031,0.044635132,0.060077767819166183,0.08679335564374924,9.642790794372559,0.008712614886462688,0.0024742023088037968,0.0933413878083229
1892,0.0533561035990715,1e-04,0.03981595,56.92465,0.001990952,0.0015200644,0.044620086,0.060028791427612305,0.08681333065032959,9.64517879486084,0.0087157366797328,0.002475152024999261,0.0933581069111824
1893,0.053302668035030365,1e-04,0.039799772,56.908665,0.001989613,0.0015191284,0.04460508,0.05997992306947708,0.08683329075574875,9.647564888000488,0.008718859404325485,0.0024761008098721504,0.0933748334646225
1894,0.053249336779117584,1e-04,0.0397836,56.892643,0.0019882745,0.0015181921,0.04459007,0.05993117392063141,0.08685330301523209,9.649957656860352,0.008721988648176193,0.002477054251357913,0.09339158982038498
1895,0.05319611728191376,1e-04,0.039767433,56.87665,0.0019869371,0.0015172573,0.044575073,0.05988253280520439,0.08687338978052139,9.652359008789062,0.008725135587155819,0.0024780123494565487,0.09340843558311462
1896,0.05314299836754799,1e-04,0.039751273,56.860664,0.001985601,0.0015163228,0.044560082,0.05983399599790573,0.0868934914469719,9.65476131439209,0.008728280663490295,0.0024789683520793915,0.09342526644468307
1897,0.05308998376131058,1e-04,0.03973514,56.84469,0.0019842668,0.0015153898,0.04454511,0.059785567224025726,0.0869135856628418,9.6571626663208,0.008731433190405369,0.0024799283128231764,0.09344213455915451
1898,0.053037069737911224,1e-04,0.039719023,56.82873,0.0019829343,0.0015144577,0.04453015,0.05973724275827408,0.08693375438451767,9.659573554992676,0.00873459130525589,0.002480888506397605,0.09345903247594833
1899,0.05298425257205963,1e-04,0.039702892,56.812756,0.001981602,0.0015135258,0.04451519,0.05968903377652168,0.08695396035909653,9.661988258361816,0.008737758733332157,0.0024818540550768375,0.09347598254680634
1900,0.05293155089020729,1e-04,0.039686806,56.796837,0.0019802735,0.0015125965,0.044500265,0.05964094027876854,0.08697420358657837,9.664407730102539,0.008740938268601894,0.00248281960375607,0.09349298477172852
1901,0.05287894606590271,1e-04,0.039670724,56.78092,0.0019789457,0.0015116679,0.04448534,0.059592947363853455,0.086994469165802,9.666829109191895,0.00874411966651678,0.002483789110556245,0.09350999444723129
1902,0.052826445549726486,1e-04,0.03965467,56.765015,0.0019776202,0.0015107404,0.04447044,0.05954504385590553,0.08701472729444504,9.66925048828125,0.008747298270463943,0.0024847558233886957,0.09352698922157288
1903,0.05277404189109802,1e-04,0.03963862,56.749115,0.0019762965,0.0015098144,0.044455558,0.05949726700782776,0.08703503757715225,9.671677589416504,0.0087504917755723,0.0024857278913259506,0.09354406595230103
1904,0.052721746265888214,1e-04,0.039622582,56.733227,0.0019749734,0.0015088884,0.04444067,0.05944957211613655,0.08705532550811768,9.674101829528809,0.008753676898777485,0.0024866971652954817,0.0935610830783844
1905,0.052669547498226166,1e-04,0.03960657,56.717354,0.0019736525,0.001507964,0.044425808,0.05940200388431549,0.08707573264837265,9.676539421081543,0.00875688623636961,0.0024876731913536787,0.09357823431491852
1906,0.052617453038692474,1e-04,0.03959056,56.701485,0.0019723326,0.0015070403,0.04441095,0.059354547411203384,0.08709616214036942,9.67898178100586,0.008760101161897182,0.0024886515457183123,0.09359541535377502
1907,0.05256545916199684,1e-04,0.039574564,56.685642,0.001971015,0.0015061182,0.044396114,0.05930719152092934,0.08711662143468857,9.681425094604492,0.008763321675360203,0.002489631762728095,0.09361261129379272
1908,0.052513569593429565,1e-04,0.03955858,56.6698,0.0019696984,0.0015051964,0.044381283,0.059259939938783646,0.08713708072900772,9.683870315551758,0.008766542188823223,0.002490611746907234,0.09362981468439102
1909,0.05246177688241005,1e-04,0.039542623,56.653965,0.001968384,0.0015042762,0.044366475,0.059212785214185715,0.08715756982564926,9.686317443847656,0.00876977015286684,0.0024915935937315226,0.0936470478773117
1910,0.05241009220480919,1e-04,0.039526667,56.638157,0.001967071,0.0015033573,0.044351675,0.05916575342416763,0.08717814832925797,9.688775062561035,0.0087730148807168,0.0024925805628299713,0.09366437047719955
1911,0.05235850065946579,1e-04,0.039510734,56.622353,0.0019657598,0.0015024393,0.04433689,0.05911881476640701,0.08719872683286667,9.69123363494873,0.008776257745921612,0.0024935677647590637,0.0936816856265068
1912,0.05230700597167015,1e-04,0.039494805,56.606567,0.0019644499,0.001501522,0.044322114,0.05907198041677475,0.08721932023763657,9.693694114685059,0.008779504336416721,0.0024945565965026617,0.09369900822639465
1913,0.05225561931729317,1e-04,0.039478898,56.590813,0.001963142,0.0015006063,0.04430736,0.059025250375270844,0.08723992109298706,9.696154594421387,0.008782758377492428,0.002495546592399478,0.09371637552976608
1914,0.052204325795173645,1e-04,0.03946299,56.57502,0.0019618345,0.0014996907,0.044292603,0.0589786171913147,0.08726056665182114,9.698620796203613,0.008786016143858433,0.002496537519618869,0.09373375028371811
1915,0.05215313285589218,1e-04,0.039447118,56.559273,0.0019605297,0.0014987766,0.04427787,0.05893208459019661,0.08728121966123581,9.701087951660156,0.008789276704192162,0.0024975307751446962,0.09375113993883133
1916,0.05210203677415848,1e-04,0.039431248,56.543526,0.0019592263,0.0014978638,0.044263147,0.05888567119836807,0.08730193972587585,9.70356273651123,0.008792552165687084,0.002498526591807604,0.09376861155033112
1917,0.05205104127526283,1e-04,0.03941538,56.527794,0.0019579236,0.0014969514,0.044248432,0.058839350938797,0.0873226746916771,9.706039428710938,0.008795826695859432,0.0024995242711156607,0.09378606826066971
1918,0.052000146359205246,1e-04,0.039399546,56.512093,0.0019566244,0.0014960414,0.044233747,0.05879313871264458,0.08734345436096191,9.708520889282227,0.008799114264547825,0.0025005238130688667,0.09380359202623367
1919,0.051949355751276016,1e-04,0.039383717,56.496387,0.0019553252,0.0014951314,0.044219058,0.058747027069330215,0.08736426383256912,9.711006164550781,0.008802407421171665,0.0025015242863446474,0.09382114559412003
1920,0.05189864709973335,1e-04,0.039367896,56.480675,0.001954027,0.0014942216,0.044204377,0.058701008558273315,0.08738505095243454,9.713488578796387,0.008805695921182632,0.0025025273207575083,0.09383866935968399
1921,0.051848042756319046,1e-04,0.039352085,56.464966,0.0019527301,0.001493313,0.044189706,0.05865510180592537,0.08740592747926712,9.715981483459473,0.008809001184999943,0.002503531752154231,0.09385628253221512
1922,0.0517975352704525,1e-04,0.039336305,56.44932,0.0019514376,0.001492407,0.044175077,0.05860929191112518,0.08742683380842209,9.718478202819824,0.008812312968075275,0.0025045389775186777,0.09387391805648804
1923,0.05174712464213371,1e-04,0.039320532,56.433655,0.0019501445,0.0014915011,0.04416044,0.058563586324453354,0.08744772523641586,9.72097110748291,0.008815625682473183,0.002505548996850848,0.09389156103134155
1924,0.051696814596652985,1e-04,0.03930478,56.41801,0.0019488538,0.0014905964,0.044145826,0.058517977595329285,0.08746863156557083,9.723469734191895,0.00881893839687109,0.0025065576191991568,0.09390920400619507
1925,0.051646601408720016,1e-04,0.03928902,56.402348,0.0019475629,0.0014896914,0.0441312,0.05847247317433357,0.08748958259820938,9.725970268249512,0.008822260424494743,0.00250756717287004,0.09392689168453217
1926,0.05159648880362511,1e-04,0.039273296,56.386757,0.0019462768,0.0014887903,0.044116627,0.058427076786756516,0.0875106230378151,9.728482246398926,0.008825602941215038,0.0025085832457989454,0.09394468367099762
1927,0.05154646188020706,1e-04,0.039257575,56.371128,0.0019449893,0.0014878875,0.04410203,0.05838176608085632,0.08753161877393723,9.730988502502441,0.008828932419419289,0.002509597223252058,0.0939624011516571
1928,0.051496535539627075,1e-04,0.03924187,56.355537,0.0019437046,0.001486987,0.044087466,0.058336567133665085,0.08755268901586533,9.733504295349121,0.008832279592752457,0.002510616322979331,0.09398020803928375
1929,0.05144670978188515,1e-04,0.039226174,56.33993,0.0019424206,0.0014860866,0.0440729,0.05829145759344101,0.08757373690605164,9.736016273498535,0.008835624903440475,0.0025116344913840294,0.0939980074763298
1930,0.05139697343111038,1e-04,0.039210495,56.32436,0.0019411395,0.0014851884,0.044058364,0.05824645608663559,0.08759486675262451,9.738539695739746,0.008838985115289688,0.002512657316401601,0.09401587396860123
1931,0.05134733021259308,1e-04,0.039194815,56.308777,0.0019398576,0.0014842898,0.044043813,0.05820154771208763,0.08761600404977798,9.741063117980957,0.008842344395816326,0.002513679675757885,0.09403374046087265
1932,0.051297783851623535,1e-04,0.03917918,56.293247,0.0019385808,0.0014833941,0.044029318,0.05815673992037773,0.08763716369867325,9.7435884475708,0.008845710195600986,0.0025147025007754564,0.09405163675546646
1933,0.05124833062291145,1e-04,0.03916352,56.277683,0.0019373016,0.0014824969,0.04401479,0.05811204016208649,0.08765838295221329,9.746121406555176,0.008849087171256542,0.0025157304480671883,0.09406958520412445
1934,0.05119897425174713,1e-04,0.03914789,56.26214,0.0019360256,0.0014816017,0.04400029,0.05806742608547211,0.08767959475517273,9.748652458190918,0.008852464146912098,0.002516757929697633,0.09408753365278244
1935,0.05114971101284027,1e-04,0.03913227,56.246613,0.0019347508,0.0014807079,0.043985803,0.05802290514111519,0.08770082145929337,9.75118637084961,0.008855846710503101,0.002517788903787732,0.09410551190376282
1936,0.05110054090619087,1e-04,0.03911667,56.231106,0.0019334777,0.0014798148,0.04397133,0.05797848850488663,0.08772208541631699,9.753724098205566,0.008859232999384403,0.0025188198778778315,0.09412349760532379
1937,0.051051460206508636,1e-04,0.03910107,56.215607,0.0019322062,0.0014789228,0.04395687,0.05793417617678642,0.08774339407682419,9.756267547607422,0.008862629532814026,0.0025198522489517927,0.09414154291152954
1938,0.05100248381495476,1e-04,0.039085507,56.200127,0.0019309372,0.0014780324,0.04394243,0.05788996070623398,0.0877646803855896,9.758808135986328,0.008866026066243649,0.0025208857841789722,0.0941595807671547
1939,0.05095360428094864,1e-04,0.039069943,56.184658,0.0019296687,0.0014771427,0.043927994,0.0578458271920681,0.08778601139783859,9.761353492736816,0.008869428187608719,0.002521921880543232,0.09417764097452164
1940,0.05090479925274849,1e-04,0.03905439,56.16918,0.0019284015,0.0014762535,0.04391357,0.05780180171132088,0.08780736476182938,9.763901710510254,0.008872836828231812,0.0025229582097381353,0.09419573843479156
1941,0.0508560985326767,1e-04,0.039038844,56.153717,0.0019271355,0.001475365,0.043899152,0.057757869362831116,0.08782876282930374,9.76645565032959,0.008876251988112926,0.002523999195545912,0.09421386569738388
1942,0.05080748721957207,1e-04,0.039023314,56.13827,0.0019258714,0.0014744775,0.04388475,0.057714030146598816,0.08785014599561691,9.769006729125977,0.008879668079316616,0.0025250378530472517,0.0942319929599762
1943,0.0507589727640152,1e-04,0.039007816,56.122833,0.0019246088,0.0014735914,0.043870363,0.05767027661204338,0.08787155896425247,9.771563529968262,0.008883089758455753,0.002526078838855028,0.0942501425743103
1944,0.050710540264844894,1e-04,0.03899231,56.107403,0.0019233476,0.0014727062,0.043855987,0.0576266348361969,0.08789300918579102,9.774121284484863,0.008886519819498062,0.002527122152969241,0.09426833689212799
1945,0.05066220462322235,1e-04,0.038976822,56.092,0.001922088,0.0014718218,0.043841623,0.05758308246731758,0.08791447430849075,9.77668285369873,0.00888995174318552,0.0025281684938818216,0.09428653866052628
1946,0.05061396211385727,1e-04,0.03896135,56.076588,0.0019208292,0.0014709382,0.043827266,0.057539623230695724,0.08793597668409348,9.779248237609863,0.008893390186131,0.002529213670641184,0.09430477023124695
1947,0.05056580528616905,1e-04,0.03894588,56.061188,0.0019195719,0.0014700553,0.04381292,0.05749627202749252,0.08795752376317978,9.781818389892578,0.0088968425989151,0.002530264900997281,0.09432307630777359
1948,0.050517745316028595,1e-04,0.038930435,56.045803,0.0019183166,0.0014691742,0.043798592,0.057453006505966187,0.08797905594110489,9.78438949584961,0.008900289423763752,0.0025313140358775854,0.09434134513139725
1949,0.0504697784781456,1e-04,0.038914997,56.030457,0.0019170629,0.0014682937,0.043784276,0.05740983784198761,0.08800065517425537,9.786965370178223,0.008903752081096172,0.002532367594540119,0.09435969591140747
1950,0.05042189359664917,1e-04,0.038899574,56.015095,0.0019158106,0.0014674144,0.043769974,0.0573667511343956,0.08802220225334167,9.789535522460938,0.008907201699912548,0.0025334167294204235,0.09437797218561172
1951,0.0503741092979908,1e-04,0.038884155,55.999737,0.0019145592,0.0014665354,0.043755677,0.05732377618551254,0.08804386854171753,9.792119026184082,0.008910678327083588,0.002534475177526474,0.09439639002084732
1952,0.050326406955718994,1e-04,0.038868755,55.98441,0.0019133097,0.0014656577,0.043741394,0.057280875742435455,0.08806545287370682,9.794695854187012,0.008914139121770859,0.002535528503358364,0.09441471844911575
1953,0.05027879774570465,1e-04,0.03885338,55.96909,0.0019120622,0.0014647817,0.043727133,0.05723808333277702,0.08808713406324387,9.797281265258789,0.008917617611587048,0.002536587417125702,0.09443313628435135
1954,0.05023127794265747,1e-04,0.038837995,55.953766,0.0019108148,0.0014639051,0.04371287,0.05719536915421486,0.08810877799987793,9.7998628616333,0.008921090513467789,0.0025376451667398214,0.09445152431726456
1955,0.05018385127186775,1e-04,0.038822643,55.938454,0.0019095696,0.0014630303,0.043698624,0.057152751833200455,0.08813049644231796,9.80245304107666,0.008924580179154873,0.002538706874474883,0.09446999430656433
1956,0.050136495381593704,1e-04,0.0388073,55.923183,0.0019083264,0.0014621572,0.043684397,0.05711023882031441,0.0881522074341774,9.805045127868652,0.008928066119551659,0.00253976765088737,0.09448844194412231
1957,0.05008925497531891,1e-04,0.038791962,55.907894,0.0019070838,0.001461284,0.04367017,0.05706781521439552,0.08817398548126221,9.80764102935791,0.008931567892432213,0.0025408335495740175,0.09450697153806686
1958,0.05004209280014038,1e-04,0.03877664,55.892616,0.0019058427,0.0014604119,0.043655958,0.0570254772901535,0.08819573372602463,9.810234069824219,0.00893506407737732,0.002541896188631654,0.09452547132968903
1959,0.04999501258134842,1e-04,0.03876132,55.87736,0.0019046031,0.0014595408,0.043641757,0.05698322504758835,0.08821751922369003,9.812832832336426,0.008938566781580448,0.0025429632514715195,0.09454399347305298
1960,0.04994802176952362,1e-04,0.038746018,55.862103,0.0019033644,0.0014586704,0.043627564,0.05694106966257095,0.08823930472135544,9.815431594848633,0.0089420722797513,0.0025440312456339598,0.09456253051757812
1961,0.049901124089956284,1e-04,0.03873072,55.846863,0.001902127,0.0014578007,0.04361338,0.056898996233940125,0.08826107531785965,9.818028450012207,0.008945576846599579,0.002545097377151251,0.09458106011152267
1962,0.04985431209206581,1e-04,0.038715456,55.831642,0.0019008926,0.0014569329,0.043599226,0.05685702711343765,0.08828294277191162,9.820636749267578,0.00894909631460905,0.002546168165281415,0.0945996642112732
1963,0.0498075895011425,1e-04,0.038700204,55.816437,0.0018996599,0.0014560664,0.043585088,0.056815147399902344,0.08830481022596359,9.823244094848633,0.008952620439231396,0.002547240350395441,0.0946182906627655
1964,0.04976095259189606,1e-04,0.038684957,55.80123,0.0018984274,0.0014552,0.043570947,0.0567733533680439,0.08832671493291855,9.82585620880127,0.00895614828914404,0.002548315329477191,0.094636932015419
1965,0.04971440136432648,1e-04,0.038669713,55.78603,0.001897196,0.0014543341,0.043556813,0.056731659919023514,0.0883486196398735,9.828468322753906,0.00895968358963728,0.0025493926368653774,0.0946556031703949
1966,0.04966793954372406,1e-04,0.038654484,55.770844,0.0018959658,0.0014534693,0.04354269,0.0566900372505188,0.08837047964334488,9.831076622009277,0.008963207714259624,0.0025504629593342543,0.09467422217130661
1967,0.049621567130088806,1e-04,0.038639285,55.755657,0.0018947382,0.0014526056,0.04352859,0.05664851889014244,0.08839244395494461,9.833694458007812,0.008966751396656036,0.002551543526351452,0.09469293057918549
1968,0.04957528039813042,1e-04,0.03862408,55.74051,0.0018935112,0.0014517432,0.043514494,0.05660708248615265,0.08841440826654434,9.83631420135498,0.008970297873020172,0.002552623162046075,0.09471165388822556
1969,0.049529068171978,1e-04,0.03860889,55.725346,0.0018922854,0.0014508812,0.04350041,0.05656573176383972,0.08843636512756348,9.8389310836792,0.00897384062409401,0.0025537004694342613,0.09473035484552383
1970,0.04948295280337334,1e-04,0.038593717,55.7102,0.0018910615,0.0014500202,0.043486338,0.05652447044849396,0.08845830708742142,9.841548919677734,0.008977385237812996,0.0025547819677740335,0.09474906325340271
1971,0.04943691939115524,1e-04,0.03857855,55.69508,0.0018898392,0.0014491603,0.04347228,0.056483302265405655,0.08848034590482712,9.844175338745117,0.008980948477983475,0.0025558648630976677,0.09476786851882935
1972,0.049390971660614014,1e-04,0.03856339,55.679943,0.0018886167,0.0014483001,0.04345822,0.05644221976399422,0.08850235491991043,9.846800804138184,0.008984505198895931,0.002556948224082589,0.0947866290807724
1973,0.04934510961174965,1e-04,0.038548242,55.66482,0.0018873959,0.0014474416,0.043444168,0.05640122666954994,0.08852440863847733,9.8494291305542,0.008988074027001858,0.002558033913373947,0.09480545669794083
1974,0.04929933324456215,1e-04,0.038533118,55.649723,0.0018861772,0.0014465845,0.043430142,0.05636031925678253,0.08854646235704422,9.852058410644531,0.00899164192378521,0.002559120999649167,0.09482426941394806
1975,0.049253642559051514,1e-04,0.038518004,55.634632,0.0018849602,0.0014457278,0.043416128,0.05631950497627258,0.0885685384273529,9.854690551757812,0.008995212614536285,0.0025602071546018124,0.09484309703111649
1976,0.04920803755521774,1e-04,0.038502894,55.61954,0.0018837441,0.0014448722,0.04340212,0.0562787689268589,0.08859065175056458,9.857327461242676,0.008998793549835682,0.0025612968020141125,0.0948619693517685
1977,0.04916250705718994,1e-04,0.038487803,55.60447,0.0018825296,0.0014440174,0.04338813,0.05623813718557358,0.08861276507377625,9.859962463378906,0.009002375416457653,0.002562387613579631,0.0948808491230011
1978,0.0491170734167099,1e-04,0.03847273,55.589424,0.0018813169,0.0014431641,0.04337415,0.05619756877422333,0.08863488584756851,9.86259937286377,0.009005961008369923,0.0025634795892983675,0.0948997437953949
1979,0.04907171428203583,1e-04,0.038457666,55.574375,0.0018801054,0.0014423117,0.04336018,0.05615710839629173,0.08865705877542496,9.865242958068848,0.009009554982185364,0.0025645724963396788,0.09491867572069168
1980,0.04902644827961922,1e-04,0.038442604,55.559345,0.0018788951,0.0014414595,0.043346222,0.05611672252416611,0.08867920190095901,9.86788272857666,0.009013147093355656,0.0025656672660261393,0.09493759274482727
1981,0.048981260508298874,1e-04,0.03842755,55.5443,0.0018776847,0.0014406076,0.04333226,0.056076426059007645,0.08870140463113785,9.870528221130371,0.009016749449074268,0.002566765295341611,0.09495656937360764
1982,0.0489361546933651,1e-04,0.038412523,55.529285,0.0018764774,0.0014397575,0.043318328,0.05603620409965515,0.0887235477566719,9.8731689453125,0.00902034156024456,0.002567858202382922,0.09497547894716263
1983,0.04889112710952759,1e-04,0.0383975,55.514275,0.001875271,0.0014389083,0.0433044,0.05599607899785042,0.08874577283859253,9.87581729888916,0.009023950435221195,0.0025689564645290375,0.09499447792768478
1984,0.04884619638323784,1e-04,0.03838249,55.49928,0.0018740661,0.0014380602,0.043290485,0.05595603585243225,0.08876797556877136,9.878464698791504,0.009027555584907532,0.0025700542610138655,0.09501344710588455
1985,0.04880134388804436,1e-04,0.038367502,55.484287,0.0018728627,0.0014372125,0.043276582,0.05591606721282005,0.08879020810127258,9.88111400604248,0.009031166322529316,0.0025711525231599808,0.09503244608640671
1986,0.04875656217336655,1e-04,0.038352516,55.46932,0.0018716604,0.001436366,0.04326269,0.05587620288133621,0.0888124629855156,9.88376522064209,0.009034785442054272,0.0025722559075802565,0.09505148977041245
1987,0.0487118735909462,1e-04,0.03833752,55.454315,0.0018704579,0.0014355192,0.04324879,0.055836427956819534,0.08883479237556458,9.886427879333496,0.009038417600095272,0.0025733618531376123,0.09507059305906296
1988,0.048667266964912415,1e-04,0.038322568,55.439384,0.0018692588,0.0014346748,0.043234926,0.05579670891165733,0.0888570249080658,9.889077186584473,0.00904203299432993,0.0025744622107595205,0.09508960694074631
1989,0.0486227348446846,1e-04,0.038307607,55.42441,0.0018680595,0.0014338299,0.043221053,0.05575709044933319,0.08887931704521179,9.89173412322998,0.009045661427080631,0.002575567690655589,0.09510868042707443
1990,0.04857829213142395,1e-04,0.038292665,55.40948,0.0018668622,0.0014329867,0.043207202,0.055717553943395615,0.08890163153409958,9.894392967224121,0.009049293585121632,0.0025766727048903704,0.09512777626514435
1991,0.04853392764925957,1e-04,0.038277738,55.394554,0.0018656667,0.0014321448,0.043193363,0.055678099393844604,0.08892393857240677,9.897051811218262,0.009052923880517483,0.00257777888327837,0.09514685720205307
1992,0.04848964884877205,1e-04,0.03826282,55.379635,0.0018644724,0.0014313031,0.043179538,0.055638719350099564,0.08894626051187515,9.899712562561035,0.00905656162649393,0.0025788857601583004,0.09516596794128418
1993,0.0484454371035099,1e-04,0.03824793,55.364746,0.0018632797,0.0014304629,0.043165725,0.05559943988919258,0.08896862715482712,9.902377128601074,0.009060203097760677,0.0025799956638365984,0.09518510103225708
1994,0.04840132221579552,1e-04,0.038233023,55.34983,0.0018620875,0.0014296229,0.04315191,0.05556023493409157,0.08899100869894028,9.905043601989746,0.00906385574489832,0.0025811067316681147,0.09520428627729416
1995,0.0483572781085968,1e-04,0.038218148,55.334927,0.0018608969,0.0014287838,0.043138113,0.05552111566066742,0.08901337534189224,9.907709121704102,0.009067504666745663,0.00258221966214478,0.09522344917058945
1996,0.04831331968307495,1e-04,0.038203277,55.320065,0.0018597081,0.0014279459,0.043124333,0.05548206344246864,0.08903572708368301,9.91037368774414,0.009071149863302708,0.0025833279360085726,0.09524258226156235
1997,0.04826943576335907,1e-04,0.03818842,55.305187,0.0018585196,0.0014271084,0.04311055,0.05544310063123703,0.08905809372663498,9.913037300109863,0.009074798785150051,0.002584440866485238,0.09526173770427704
1998,0.048225633800029755,1e-04,0.03817358,55.290333,0.0018573335,0.0014262721,0.043096792,0.05540423467755318,0.08908054977655411,9.915714263916016,0.009078466333448887,0.0025855565909296274,0.09528098255395889
1999,0.048181917518377304,1e-04,0.038158733,55.275463,0.0018561472,0.001425436,0.043083027,0.05536544322967529,0.08910300582647324,9.918389320373535,0.009082135744392872,0.0025866751093417406,0.09530024230480194
2000,0.048138268291950226,1e-04,0.038143907,55.260643,0.0018549637,0.0014246019,0.043069288,0.05532672256231308,0.0891253873705864,9.921055793762207,0.009085792116820812,0.0025877871084958315,0.09531942009925842
2001,0.04809470847249031,1e-04,0.038129088,55.24581,0.0018537806,0.0014237677,0.043055553,0.05528809130191803,0.08914784342050552,9.923731803894043,0.009089465253055096,0.0025889056269079447,0.09533868730068207
2002,0.048051223158836365,1e-04,0.03811429,55.230995,0.0018525998,0.001422935,0.043041836,0.055249541997909546,0.08917031437158585,9.926407814025879,0.009093139320611954,0.002590024610981345,0.09535795450210571
2003,0.04800782352685928,1e-04,0.038099494,55.21618,0.0018514191,0.0014221029,0.04302812,0.055211056023836136,0.08919272571802139,9.92908000946045,0.009096804074943066,0.002591140568256378,0.09537716954946518
2004,0.047964490950107574,1e-04,0.03808472,55.20139,0.0018502405,0.0014212718,0.043014422,0.055172670632600784,0.0892152488231659,9.9317626953125,0.009100488387048244,0.002592263510450721,0.0953964814543724
2005,0.04792124405503273,1e-04,0.038069945,55.186584,0.0018490622,0.0014204407,0.043000724,0.055134367197752,0.0892377495765686,9.934443473815918,0.009104172699153423,0.0025933857541531324,0.09541578590869904
2006,0.04787807911634445,1e-04,0.03805518,55.171803,0.0018478853,0.0014196107,0.042987037,0.055096130818128586,0.08926024287939072,9.937122344970703,0.009107857011258602,0.002594506833702326,0.09543509036302567
2007,0.047834984958171844,1e-04,0.03804043,55.157024,0.0018467103,0.001418782,0.04297337,0.05505797266960144,0.08928274363279343,9.939803123474121,0.009111542254686356,0.002595630008727312,0.09545440226793289
2008,0.047791969031095505,1e-04,0.038025703,55.142292,0.0018455376,0.0014179548,0.04295972,0.05501990765333176,0.08930528908967972,9.942489624023438,0.009115236811339855,0.0025967564433813095,0.0954737514257431
2009,0.04774903506040573,1e-04,0.038010973,55.12754,0.0018443646,0.001417128,0.042946067,0.054981913417577744,0.08932783454656601,9.945174217224121,0.009118934161961079,0.002597881481051445,0.09549310803413391
2010,0.04770617187023163,1e-04,0.037996255,55.112797,0.0018431934,0.0014163016,0.04293243,0.05494399741292,0.08935034275054932,9.947855949401855,0.009122626855969429,0.0025990053545683622,0.09551244229078293
2011,0.04766339808702469,1e-04,0.037981566,55.09806,0.0018420244,0.0014154764,0.042918812,0.05490615591406822,0.08937288075685501,9.950541496276855,0.009126324206590652,0.0026001317892223597,0.09553179889917374
2012,0.04762068763375282,1e-04,0.037966866,55.08332,0.0018408544,0.0014146512,0.042905178,0.054868392646312714,0.08939540386199951,9.953224182128906,0.009130018763244152,0.002601258223876357,0.09555113315582275
2013,0.04757805913686752,1e-04,0.03795218,55.06861,0.0018396868,0.0014138272,0.04289157,0.05483070760965347,0.0894179567694664,9.955910682678223,0.009133721701800823,0.0026023846585303545,0.09557050466537476
2014,0.047535501420497894,1e-04,0.03793753,55.053913,0.0018385214,0.0014130048,0.042877983,0.054793111979961395,0.08944054692983627,9.958600044250488,0.009137433022260666,0.0026035148184746504,0.09558992087841034
2015,0.04749303311109543,1e-04,0.03792287,55.03921,0.0018373561,0.0014121823,0.042864393,0.05475557968020439,0.08946311473846436,9.961289405822754,0.00914114061743021,0.0026046454440802336,0.09560931473970413
2016,0.047450631856918335,1e-04,0.037908223,55.02454,0.0018361927,0.0014113613,0.04285082,0.05471813678741455,0.08948572725057602,9.963982582092285,0.0091448575258255,0.002605776535347104,0.09562874585390091
2017,0.04740830883383751,1e-04,0.03789359,55.009865,0.0018350303,0.0014105404,0.042837255,0.05468076467514038,0.08950832486152649,9.966673851013184,0.009148572571575642,0.002606909489259124,0.09564816951751709
2018,0.04736606031656265,1e-04,0.037878964,54.99519,0.0018338686,0.0014097206,0.04282369,0.05464346706867218,0.08953088521957397,9.969361305236816,0.009152285754680634,0.0026080403476953506,0.09566757827997208
2019,0.047323890030384064,1e-04,0.037864354,54.98053,0.001832709,0.0014089021,0.04281015,0.05460625886917114,0.08955354243516922,9.972060203552246,0.00915601383894682,0.0026091765612363815,0.09568706154823303
2020,0.047281794250011444,1e-04,0.037849743,54.96588,0.0018315496,0.0014080837,0.042796608,0.05456911399960518,0.08957614749670029,9.974751472473145,0.009159733541309834,0.0026103102136403322,0.0957065001130104
2021,0.047239772975444794,1e-04,0.037835155,54.95127,0.0018303931,0.001407267,0.042783093,0.05453206226229668,0.08959882706403732,9.977452278137207,0.009163468144834042,0.002611447125673294,0.09572600573301315
2022,0.04719782993197441,1e-04,0.03782056,54.936626,0.0018292359,0.0014064502,0.042769566,0.05449507385492325,0.08962147682905197,9.980149269104004,0.0091672008857131,0.0026125845033675432,0.0957455039024353
2023,0.0471559539437294,1e-04,0.037805993,54.922035,0.0018280821,0.0014056355,0.042756077,0.05445815250277519,0.08964407444000244,9.982840538024902,0.009170923382043839,0.0026137183886021376,0.09576493501663208
2024,0.04711415618658066,1e-04,0.037791412,54.9074,0.0018269264,0.0014048194,0.042742558,0.0544213205575943,0.08966672420501709,9.985538482666016,0.009174658916890621,0.002614854834973812,0.09578444063663483
2025,0.04707243666052818,1e-04,0.03777688,54.892796,0.0018257748,0.0014040058,0.042729087,0.05438455939292908,0.08968940377235413,9.988239288330078,0.009178397245705128,0.002615994540974498,0.09580395370721817
2026,0.04703078791499138,1e-04,0.037762348,54.878216,0.0018246238,0.0014031926,0.042715617,0.054347872734069824,0.08971204608678818,9.990936279296875,0.009182131849229336,0.00261713401414454,0.09582344442605972
2027,0.04698921740055084,1e-04,0.037747823,54.86364,0.0018234737,0.0014023809,0.04270215,0.05431126430630684,0.08973471075296402,9.993636131286621,0.009185872040688992,0.0026182730216532946,0.09584295749664307
2028,0.04694771766662598,1e-04,0.037733305,54.84907,0.0018223253,0.0014015697,0.0426887,0.054274722933769226,0.08975738286972046,9.996334075927734,0.009189615957438946,0.0026194138918071985,0.0958624854683876
2029,0.04690628498792648,1e-04,0.03771879,54.834503,0.0018211768,0.0014007582,0.04267525,0.05423825979232788,0.0897800549864769,9.99903392791748,0.0091933598741889,0.002620553597807884,0.09588201344013214
2030,0.04686493054032326,1e-04,0.037704296,54.819946,0.0018200304,0.0013999481,0.042661816,0.0542018748819828,0.08980274200439453,10.00173568725586,0.009197110310196877,0.002621697261929512,0.09590156376361847
2031,0.0468236543238163,1e-04,0.037689824,54.805428,0.001818886,0.0013991396,0.0426484,0.0541655570268631,0.08982542157173157,10.004436492919922,0.00920085608959198,0.0026228372007608414,0.095921091735363
2032,0.046782441437244415,1e-04,0.037675347,54.790882,0.001817742,0.0013983313,0.042634986,0.054129309952259064,0.0898481011390686,10.0071382522583,0.009204604662954807,0.002623980166390538,0.09594063460826874
2033,0.0467413067817688,1e-04,0.037660886,54.77636,0.001816599,0.0013975239,0.04262158,0.054093137383461,0.08987075835466385,10.009835243225098,0.00920835230499506,0.002625121967867017,0.09596016258001328
2034,0.04670024663209915,1e-04,0.037646424,54.761833,0.0018154569,0.0013967166,0.04260818,0.0540570504963398,0.08989346772432327,10.01253890991211,0.009212109260261059,0.0026262684259563684,0.0959797352552414
2035,0.046659257262945175,1e-04,0.03763199,54.74732,0.0018143167,0.0013959104,0.042594798,0.05402102321386337,0.0899161621928215,10.015241622924805,0.00921586249023676,0.0026274099946022034,0.09599928557872772
2036,0.04661833494901657,1e-04,0.037617557,54.73282,0.0018131771,0.001395105,0.042581417,0.053985074162483215,0.08993885666131973,10.017943382263184,0.009219623170793056,0.0026285573840141296,0.09601886570453644
2037,0.046577490866184235,1e-04,0.037603132,54.71834,0.0018120398,0.0013943011,0.04256806,0.05394919961690903,0.08996158838272095,10.020649909973145,0.009223386645317078,0.002629704074934125,0.09603846073150635
2038,0.04653671756386757,1e-04,0.037588734,54.703865,0.0018109033,0.0013934973,0.04255471,0.05391339957714081,0.08998429030179977,10.02335262298584,0.009227149188518524,0.002630850998684764,0.09605804830789566
2039,0.04649601876735687,1e-04,0.037574325,54.68939,0.0018097669,0.0013926942,0.042541355,0.05387766286730766,0.09000697731971741,10.026053428649902,0.009230908006429672,0.00263199582695961,0.09607761353254318
2040,0.04645538702607155,1e-04,0.037559938,54.674934,0.001808633,0.0013918926,0.042528026,0.05384199693799019,0.09002968668937683,10.028757095336914,0.009234671480953693,0.0026331404224038124,0.0960972011089325
2041,0.046414826065301895,1e-04,0.03754556,54.660473,0.0018074996,0.001391091,0.042514697,0.05380641669034958,0.09005243331193924,10.031465530395508,0.009238445200026035,0.0026342931669205427,0.09611683338880539
2042,0.04637433961033821,1e-04,0.037531197,54.646046,0.0018063684,0.0013902913,0.042501394,0.053770896047353745,0.09007513523101807,10.034168243408203,0.009242212399840355,0.0026354410219937563,0.0961364284157753
2043,0.0463339239358902,1e-04,0.037516836,54.63161,0.0018052374,0.0013894913,0.042488087,0.05373545363545418,0.09009788185358047,10.03687572479248,0.009245987981557846,0.0026365909725427628,0.0961560606956482
2044,0.04629357159137726,1e-04,0.03750249,54.617195,0.0018041078,0.0013886926,0.04247479,0.053700078278779984,0.0901205912232399,10.039580345153809,0.009249758906662464,0.0026377409230917692,0.0961756706237793
2045,0.046253301203250885,1e-04,0.03748815,54.602776,0.0018029792,0.0013878944,0.042461503,0.05366478115320206,0.0901433527469635,10.042288780212402,0.009253538213670254,0.002638891339302063,0.09619531035423279
2046,0.04621309041976929,1e-04,0.037473816,54.588352,0.0018018505,0.0013870958,0.04244821,0.053629547357559204,0.09016609936952591,10.044997215270996,0.009257318452000618,0.0026400452479720116,0.09621495753526688
2047,0.04617295414209366,1e-04,0.03745951,54.573967,0.0018007258,0.0013863001,0.04243496,0.05359438434243202,0.09018880873918533,10.047699928283691,0.009261094033718109,0.0026411947328597307,0.09623457491397858
2048,0.046132892370224,1e-04,0.0374452,54.559578,0.0017996004,0.0013855043,0.0424217,0.05355929210782051,0.09021154791116714,10.050407409667969,0.009264874272048473,0.00264234677888453,0.09625421464443207
2049,0.04609289392828941,1e-04,0.03743089,54.545204,0.0017984762,0.0013847091,0.042408444,0.05352427065372467,0.09023427218198776,10.053112030029297,0.009268651716411114,0.0026434995234012604,0.09627383947372437
2050,0.046052973717451096,1e-04,0.03741662,54.530846,0.001797355,0.0013839157,0.042395223,0.0534893162548542,0.09025701880455017,10.055819511413574,0.009272437542676926,0.0026446518022567034,0.09629349410533905
2051,0.046013109385967255,1e-04,0.03740234,54.516453,0.001796232,0.0013831209,0.042381976,0.053454432636499405,0.09027975052595139,10.058524131774902,0.009276219643652439,0.0026458054780960083,0.09631313383579254
2052,0.04597332701086998,1e-04,0.03738808,54.502125,0.0017951129,0.0013823289,0.042368773,0.05341961234807968,0.09030243009328842,10.061224937438965,0.009279996156692505,0.0026469582226127386,0.09633273631334305
2053,0.04593361169099808,1e-04,0.03737383,54.487774,0.0017939938,0.001381537,0.042355563,0.053384874016046524,0.0903252363204956,10.063939094543457,0.00928379688411951,0.0026481151580810547,0.0963524654507637
2054,0.04589395225048065,1e-04,0.037359577,54.47345,0.0017928757,0.0013807459,0.042342365,0.05335020646452904,0.09034796804189682,10.066644668579102,0.009287583641707897,0.0026492688339203596,0.09637211263179779
2055,0.04585438221693039,1e-04,0.03734535,54.459137,0.0017917594,0.0013799556,0.042329177,0.05331559479236603,0.09037068486213684,10.069348335266113,0.009291370399296284,0.002650423673912883,0.09639175236225128
2056,0.045814868062734604,1e-04,0.03733113,54.44482,0.0017906443,0.0013791665,0.042316005,0.05328105390071869,0.09039342403411865,10.07205581665039,0.009295159950852394,0.0026515787467360497,0.09641140699386597
2057,0.04577542096376419,1e-04,0.03731691,54.4305,0.0017895286,0.0013783766,0.04230282,0.053246576339006424,0.09041611105203629,10.074755668640137,0.00929894670844078,0.002652733353897929,0.09643104672431946
2058,0.04573604464530945,1e-04,0.037302714,54.41619,0.0017884152,0.0013775879,0.04228966,0.05321217328310013,0.0904388427734375,10.077460289001465,0.009302736259996891,0.0026538902893662453,0.09645069390535355
2059,0.045696742832660675,1e-04,0.037288528,54.401928,0.0017873043,0.0013768018,0.04227652,0.053177833557128906,0.09046155959367752,10.08016586303711,0.009306525811553001,0.002655044896528125,0.09647033363580704
2060,0.045657504349946976,1e-04,0.037274335,54.387634,0.001786193,0.0013760148,0.042263377,0.05314357206225395,0.09048428386449814,10.082869529724121,0.009310321882367134,0.0026562006678432226,0.09649001061916351
2061,0.04561833292245865,1e-04,0.037260156,54.37336,0.0017850829,0.0013752289,0.042250242,0.05310938134789467,0.09050706773996353,10.085580825805664,0.009314130991697311,0.0026573631912469864,0.09650974720716476
2062,0.045579224824905396,1e-04,0.037246,54.359104,0.0017839742,0.0013744434,0.042237118,0.05307523533701897,0.09052974730730057,10.088279724121094,0.009317916817963123,0.0026585154701024294,0.09652935713529587
2063,0.04554018750786781,1e-04,0.03723185,54.344845,0.001782867,0.0013736595,0.04222401,0.05304116755723953,0.0905524492263794,10.090981483459473,0.009321711957454681,0.0026596728712320328,0.09654901176691055
2064,0.0455012172460556,1e-04,0.03721771,54.330605,0.0017817607,0.001372876,0.042210907,0.05300716683268547,0.090575210750103,10.093689918518066,0.009325515478849411,0.0026608332991600037,0.09656871110200882
2065,0.04546230658888817,1e-04,0.03720357,54.316364,0.001780655,0.0013720926,0.04219781,0.052973244339227676,0.09059792757034302,10.096393585205078,0.00932931900024414,0.002661994891241193,0.09658840298652649
2066,0.0454234778881073,1e-04,0.037189454,54.30215,0.001779551,0.0013713111,0.042184725,0.05293937027454376,0.09062062948942184,10.099095344543457,0.009333115071058273,0.002663151128217578,0.09660805016756058
2067,0.04538470134139061,1e-04,0.037175335,54.28791,0.0017784474,0.0013705288,0.042171642,0.052905574440956116,0.09064336866140366,10.101800918579102,0.009336920455098152,0.002664311556145549,0.09662774205207825
2068,0.04534600302577019,1e-04,0.03716124,54.273724,0.0017773468,0.0013697494,0.042158592,0.05287184193730354,0.09066606312990189,10.104501724243164,0.009340721182525158,0.002665471052750945,0.09664740413427353
2069,0.04530736431479454,1e-04,0.037147146,54.25951,0.0017762455,0.0013689687,0.042145528,0.05283816531300545,0.09068876504898071,10.107203483581543,0.009344520978629589,0.0026666298508644104,0.09666706621646881
2070,0.045268792659044266,1e-04,0.037133064,54.24531,0.0017751461,0.0013681898,0.042132482,0.052804552018642426,0.09071140736341476,10.10989761352539,0.009348317049443722,0.002667785622179508,0.0966866984963417
2071,0.045230284333229065,1e-04,0.03711899,54.231133,0.0017740472,0.001367411,0.04211944,0.05277102068066597,0.0907340943813324,10.112597465515137,0.009352117776870728,0.0026689444202929735,0.0967063456773758
2072,0.04519185051321983,1e-04,0.037104927,54.21695,0.0017729497,0.0013666337,0.04210641,0.05273754149675369,0.09075680375099182,10.115300178527832,0.009355924092233181,0.0026701062452048063,0.09672602266073227
2073,0.04515347257256508,1e-04,0.03709088,54.202793,0.001771854,0.001365857,0.042093396,0.05270412936806679,0.09077945351600647,10.117995262145996,0.009359723888337612,0.002671264810487628,0.09674566239118576
2074,0.045115161687135696,1e-04,0.03707684,54.188618,0.0017707583,0.0013650801,0.04208038,0.052670784294605255,0.0908021554350853,10.120696067810059,0.009363530203700066,0.002672425704076886,0.09676533937454224
2075,0.045076921582221985,1e-04,0.037062805,54.174496,0.0017696654,0.0013643054,0.04206739,0.052637502551078796,0.09082482010126114,10.123393058776855,0.00936733465641737,0.002673586132004857,0.09678499400615692
2076,0.04503873735666275,1e-04,0.037048783,54.160343,0.0017685723,0.0013635305,0.042054396,0.05260428786277771,0.09084749221801758,10.126090049743652,0.009371140971779823,0.0026747463271021843,0.0968046560883522
2077,0.045000627636909485,1e-04,0.037034772,54.14621,0.0017674804,0.0013627567,0.042041413,0.0525711365044117,0.09087017178535461,10.128788948059082,0.009374948218464851,0.002675906987860799,0.09682431817054749
2078,0.044962577521800995,1e-04,0.03702076,54.132084,0.0017663896,0.0013619831,0.04202844,0.052538055926561356,0.09089287370443344,10.131488800048828,0.009378764778375626,0.0026770716067403555,0.09684402495622635
2079,0.04492459073662758,1e-04,0.037006777,54.11799,0.0017653011,0.0013612114,0.042015485,0.052505023777484894,0.0909155085682869,10.134183883666992,0.009382565505802631,0.002678230404853821,0.09686364233493805
2080,0.044886671006679535,1e-04,0.036992785,54.103863,0.0017642115,0.0013604386,0.042002518,0.052472058683633804,0.09093812108039856,10.136873245239258,0.009386369027197361,0.0026793908327817917,0.09688327461481094
2081,0.044848814606666565,1e-04,0.036978815,54.089756,0.0017631241,0.0013596676,0.041989572,0.05243916064500809,0.09096076339483261,10.139566421508789,0.009390176273882389,0.0026805514935404062,0.09690292179584503
2082,0.04481102526187897,1e-04,0.03696486,54.075695,0.001762039,0.0013588982,0.04197665,0.052406325936317444,0.09098339825868607,10.142260551452637,0.009393984451889992,0.0026817135512828827,0.09692256897687912
2083,0.044773295521736145,1e-04,0.036950894,54.061596,0.0017609531,0.0013581279,0.04196371,0.05237354338169098,0.09100600332021713,10.144948959350586,0.009397786110639572,0.0026828739792108536,0.09694217890501022
2084,0.0447356291115284,1e-04,0.036936957,54.047527,0.0017598692,0.0013573591,0.041950796,0.052340831607580185,0.0910286083817482,10.147639274597168,0.009401591494679451,0.0026840323116630316,0.09696180373430252
2085,0.04469802603125572,1e-04,0.036923017,54.033478,0.0017587865,0.0013565911,0.041937888,0.052308183163404465,0.09105122834444046,10.150330543518066,0.009405399672687054,0.0026851959992200136,0.09698144346475601
2086,0.04466048628091812,1e-04,0.036909096,54.01941,0.0017577045,0.0013558237,0.041924987,0.05227559804916382,0.09107383340597153,10.153018951416016,0.009409208782017231,0.00268635805696249,0.0970010757446289
2087,0.04462301358580589,1e-04,0.036895193,54.005375,0.0017566246,0.0013550576,0.041912105,0.05224307253956795,0.0910964384675026,10.155708312988281,0.009413016960024834,0.0026875175535678864,0.0970207005739212
2088,0.04458560049533844,1e-04,0.036881287,53.991333,0.0017555449,0.0013542915,0.041899223,0.05221060290932655,0.09111902117729187,10.158394813537598,0.009416823275387287,0.0026886798441410065,0.0970403179526329
2089,0.04454824700951576,1e-04,0.036867388,53.9773,0.0017544662,0.0013535261,0.04188635,0.05217820405960083,0.09114160388708115,10.161081314086914,0.009420630522072315,0.0026898402720689774,0.0970599353313446
2090,0.04451096057891846,1e-04,0.036853503,53.963306,0.0017533896,0.0013527622,0.041873496,0.052145861089229584,0.09116417169570923,10.163765907287598,0.009424437768757343,0.0026910025626420975,0.09707954525947571
2091,0.04447373375296593,1e-04,0.03683963,53.94927,0.0017523124,0.0013519976,0.041860633,0.05211358517408371,0.0911867544054985,10.166451454162598,0.00942824874073267,0.0026921655517071486,0.097099170088768
2092,0.04443657398223877,1e-04,0.036825754,53.93527,0.0017512372,0.0013512346,0.041847788,0.05208136886358261,0.09120931476354599,10.169136047363281,0.009432055056095123,0.0026933271437883377,0.09711876511573792
2093,0.044399477541446686,1e-04,0.036811907,53.921272,0.0017501635,0.0013504726,0.041834954,0.052049193531274796,0.0912318155169487,10.171813011169434,0.00943585205823183,0.0026944857090711594,0.09713831543922424
2094,0.04436243325471878,1e-04,0.036798052,53.90728,0.0017490893,0.00134971,0.041822117,0.05201709270477295,0.0912543311715126,10.174491882324219,0.00943965557962656,0.0026956452056765556,0.09715788811445236
2095,0.04432545602321625,1e-04,0.03678422,53.893303,0.001748018,0.0013489494,0.041809306,0.051985058933496475,0.0912768542766571,10.177170753479004,0.009443460963666439,0.0026968049351125956,0.09717746824026108
2096,0.04428854212164879,1e-04,0.03677038,53.87931,0.001746946,0.0013481884,0.041796483,0.05195308476686478,0.09129941463470459,10.179854393005371,0.009447275660932064,0.002697969553992152,0.09719710052013397
2097,0.044251687824726105,1e-04,0.036756583,53.865383,0.0017458781,0.0013474306,0.041783705,0.051921162754297256,0.09132187813520432,10.182525634765625,0.009451073594391346,0.002699128119274974,0.0972166359424591
2098,0.044214896857738495,1e-04,0.03674277,53.851433,0.0017448092,0.0013466716,0.041770913,0.05188930407166481,0.09134438633918762,10.185203552246094,0.009454878978431225,0.002700289012864232,0.09723620116710663
2099,0.04417816549539566,1e-04,0.036728974,53.837498,0.0017437419,0.0013459136,0.041758135,0.05185750499367714,0.09136688709259033,10.187880516052246,0.009458684362471104,0.002701450837776065,0.09725576639175415
2100,0.0441414974629879,1e-04,0.03671518,53.82354,0.0017426746,0.0013451558,0.041745353,0.05182576924562454,0.09138936549425125,10.190552711486816,0.009462489746510983,0.002702612429857254,0.09727533161640167
2101,0.044104889035224915,1e-04,0.036701404,53.809612,0.0017416093,0.0013443992,0.041732594,0.05179407820105553,0.09141179919242859,10.193222045898438,0.009466285817325115,0.0027037702966481447,0.09729483723640442
2102,0.044068336486816406,1e-04,0.03668763,53.795704,0.0017405449,0.0013436435,0.04171984,0.051762454211711884,0.09143424034118652,10.195891380310059,0.009470083750784397,0.0027049302589148283,0.09731435775756836
2103,0.04403185099363327,1e-04,0.036673866,53.781788,0.0017394812,0.0013428878,0.041707087,0.05173089727759361,0.09145670384168625,10.198562622070312,0.009473890997469425,0.0027060899883508682,0.09733391553163528
2104,0.04399542510509491,1e-04,0.03666011,53.767864,0.001738418,0.0013421325,0.04169434,0.05169938504695892,0.0914791002869606,10.201226234436035,0.009477688930928707,0.002707249717786908,0.09735342115163803
2105,0.043959055095911026,1e-04,0.03664637,53.753986,0.0017373575,0.0013413792,0.04168162,0.05166793614625931,0.09150151163339615,10.203892707824707,0.00948148500174284,0.0027084089815616608,0.09737291932106018
2106,0.043922748416662216,1e-04,0.03663265,53.74011,0.001736298,0.0013406265,0.04166891,0.05163654685020447,0.09152394533157349,10.206559181213379,0.009485289454460144,0.002709569176658988,0.09739244729280472
2107,0.04388649761676788,1e-04,0.036618922,53.726208,0.0017352385,0.0013398736,0.041656192,0.051605213433504105,0.09154631942510605,10.209219932556152,0.009489082731306553,0.002710728207603097,0.09741192311048508
2108,0.043850310146808624,1e-04,0.03660521,53.712345,0.0017341804,0.0013391217,0.041643493,0.05157393962144852,0.0915687084197998,10.211883544921875,0.009492882527410984,0.0027118853759020567,0.09743142127990723
2109,0.04381418228149414,1e-04,0.036591507,53.698498,0.001733124,0.0013383713,0.041630805,0.051542721688747406,0.09159106761217117,10.214543342590332,0.009496677666902542,0.002713044174015522,0.09745089709758759
2110,0.043778110295534134,1e-04,0.036577802,53.68462,0.001732067,0.0013376201,0.04161811,0.05151155963540077,0.09161341190338135,10.21720027923584,0.009500468149781227,0.0027142025064677,0.09747034311294556
2111,0.0437421053647995,1e-04,0.036564123,53.670795,0.0017310126,0.0013368711,0.04160544,0.05148046463727951,0.09163578599691391,10.219861030578613,0.009504270739853382,0.00271536223590374,0.0974898487329483
2112,0.043706152588129044,1e-04,0.036550444,53.656963,0.001729959,0.0013361223,0.041592777,0.05144941806793213,0.09165812283754349,10.222517967224121,0.00950806587934494,0.0027165208011865616,0.09750930964946747
2113,0.04367025941610336,1e-04,0.036536783,53.64313,0.0017289063,0.0013353742,0.04158012,0.05141841992735863,0.09168040007352829,10.225166320800781,0.009511849842965603,0.0027176737785339355,0.09752871096134186
2114,0.04363442584872246,1e-04,0.03652311,53.6293,0.0017278538,0.0013346259,0.04156746,0.051387496292591095,0.09170272201299667,10.227821350097656,0.009515644982457161,0.0027188353706151247,0.09754816442728043
2115,0.04359865188598633,1e-04,0.036509465,53.615498,0.0017268035,0.0013338793,0.041554824,0.051356613636016846,0.09172499179840088,10.230469703674316,0.009519430808722973,0.0027199890464544296,0.09756757318973541
2116,0.043562937527894974,1e-04,0.03649583,53.601696,0.0017257535,0.0013331327,0.04154219,0.05132579058408737,0.09174725413322449,10.23311710357666,0.009523216634988785,0.0027211445849388838,0.0975869670510292
2117,0.043527282774448395,1e-04,0.036482215,53.587914,0.0017247061,0.0013323883,0.04152958,0.051295023411512375,0.0917695090174675,10.235762596130371,0.009527004323899746,0.0027223005890846252,0.09760637581348419
2118,0.043491676449775696,1e-04,0.036468588,53.574093,0.0017236572,0.0013316422,0.041516952,0.051264312118291855,0.09179171919822693,10.238404273986816,0.00953078642487526,0.0027234528679400682,0.0976257473230362
2119,0.04345613345503807,1e-04,0.036454976,53.56031,0.0017226108,0.001330898,0.041504346,0.05123366415500641,0.09181398898363113,10.241053581237793,0.009534577839076519,0.0027246123645454645,0.09764516353607178
2120,0.04342065006494522,1e-04,0.03644138,53.54655,0.0017215657,0.001330155,0.041491754,0.05120304599404335,0.091836117208004,10.243683815002441,0.009538344107568264,0.00272576161660254,0.09766444563865662
2121,0.04338522255420685,1e-04,0.036427777,53.53278,0.0017205206,0.0013294115,0.04147916,0.051172513514757156,0.09185833483934402,10.246326446533203,0.00954213086515665,0.002726917853578925,0.09768383204936981
2122,0.04334985837340355,1e-04,0.0364142,53.51903,0.0017194772,0.0013286696,0.04146658,0.051142025738954544,0.09188052266836166,10.248963356018066,0.009545914828777313,0.002728072926402092,0.09770319610834122
2123,0.04331454634666443,1e-04,0.036400616,53.50527,0.0017184343,0.0013279276,0.041454002,0.05111159011721611,0.0919027030467987,10.251601219177246,0.009549693204462528,0.002729226602241397,0.09772253036499023
2124,0.043279290199279785,1e-04,0.036387064,53.491535,0.0017173934,0.0013271874,0.041441444,0.05108121782541275,0.09192489832639694,10.254240036010742,0.009553477168083191,0.0027303823735564947,0.09774188697338104
2125,0.04324409365653992,1e-04,0.036373507,53.477806,0.0017163536,0.0013264477,0.041428898,0.05105089396238327,0.09194701164960861,10.256869316101074,0.009557249955832958,0.0027315334882587194,0.09776119142770767
2126,0.043208956718444824,1e-04,0.036359962,53.46409,0.001715314,0.0013257086,0.04141635,0.05102061852812767,0.09196912497282028,10.259499549865723,0.009561021812260151,0.0027326850686222315,0.09778048098087311
2127,0.04317386820912361,1e-04,0.036346406,53.45034,0.0017142739,0.0013249682,0.041403793,0.050990406423807144,0.09199126809835434,10.262131690979004,0.00956480298191309,0.0027338385116308928,0.09779980778694153
2128,0.04313884302973747,1e-04,0.036332887,53.436672,0.0017132381,0.0013242314,0.04139128,0.050960250198841095,0.09201335161924362,10.264758110046387,0.009568572975695133,0.0027349896263331175,0.09781908243894577
2129,0.04310387745499611,1e-04,0.036319368,53.422955,0.0017122014,0.0013234934,0.041378755,0.05093013495206833,0.09203541278839111,10.267380714416504,0.009572341106832027,0.0027361400425434113,0.09783834218978882
2130,0.043068960309028625,1e-04,0.036305856,53.409267,0.0017111662,0.0013227569,0.041366246,0.050900086760520935,0.0920574739575386,10.270004272460938,0.00957611296325922,0.0027372920885682106,0.09785761684179306
2131,0.04303410276770592,1e-04,0.036292356,53.395565,0.0017101316,0.0013220205,0.04135374,0.05087007209658623,0.09207948297262192,10.27262020111084,0.009579872712492943,0.0027384397108107805,0.09787682443857193
2132,0.042999301105737686,1e-04,0.036278855,53.381893,0.0017090981,0.0013212849,0.04134124,0.05084012448787689,0.09210149198770523,10.275238037109375,0.009583636187016964,0.0027395887300372124,0.097896046936512
2133,0.04296455532312393,1e-04,0.03626539,53.368233,0.0017080668,0.0013205508,0.041328765,0.05081022158265114,0.09212347120046616,10.277850151062012,0.009587394073605537,0.002740737283602357,0.09791523963212967
2134,0.042929861694574356,1e-04,0.03625191,53.354576,0.0017070353,0.0013198169,0.041316286,0.05078038573265076,0.09214551001787186,10.280470848083496,0.009591166861355305,0.0027418883983045816,0.09793449938297272
2135,0.04289522394537926,1e-04,0.036238436,53.34093,0.001706005,0.0013190828,0.041303813,0.05075058341026306,0.0921674370765686,10.28307819366455,0.009594917297363281,0.002743034390732646,0.09795364737510681
2136,0.042860645800828934,1e-04,0.036224987,53.327282,0.0017049761,0.0013183507,0.041291356,0.05072084441781044,0.09218934923410416,10.285683631896973,0.009598668664693832,0.0027441817801445723,0.0979727953672409
2137,0.04282611981034279,1e-04,0.03621154,53.31364,0.0017039472,0.0013176183,0.041278895,0.050691157579422,0.0922112837433815,10.288290977478027,0.009602426551282406,0.0027453259099274874,0.09799197316169739
2138,0.04279164969921112,1e-04,0.036198087,53.300007,0.0017029193,0.0013168864,0.04126644,0.050661515444517136,0.09223317354917526,10.290892601013184,0.00960617233067751,0.002746470971032977,0.0980110839009285
2139,0.04275723919272423,1e-04,0.036184665,53.286396,0.0017018941,0.0013161562,0.041254018,0.050631940364837646,0.09225508570671082,10.293498039245605,0.009609928354620934,0.002747616730630398,0.09803023934364319
2140,0.042722880840301514,1e-04,0.03617123,53.272774,0.001700868,0.0013154258,0.041241582,0.05060240998864174,0.09227696806192398,10.296099662780762,0.00961367879062891,0.002748762955889106,0.09804937243461609
2141,0.04268857464194298,1e-04,0.036157824,53.259174,0.0016998443,0.0013146966,0.041229166,0.050572920590639114,0.09229878336191177,10.298693656921387,0.009617417119443417,0.0027499047573655844,0.09806843101978302
2142,0.04265432432293892,1e-04,0.03614443,53.24557,0.001698821,0.0013139679,0.041216757,0.05054348707199097,0.09232061356306076,10.301287651062012,0.009621161967515945,0.0027510474901646376,0.09808751940727234
2143,0.04262012243270874,1e-04,0.03613102,53.231968,0.0016977977,0.0013132391,0.04120434,0.050514105707407,0.09234241396188736,10.30388069152832,0.009624900296330452,0.002752188593149185,0.09810657799243927
2144,0.042585987597703934,1e-04,0.03611765,53.218388,0.0016967772,0.0013125119,0.041191954,0.05048477649688721,0.09236419200897217,10.30646800994873,0.009628639556467533,0.0027533303946256638,0.0981256291270256
2145,0.04255189374089241,1e-04,0.036104273,53.204826,0.001695757,0.0013117853,0.04117957,0.050455499440431595,0.09238595515489578,10.30905532836914,0.00963237602263689,0.0027544719632714987,0.09814466536045074
2146,0.04251786321401596,1e-04,0.036090907,53.191254,0.0016947376,0.0013110588,0.041167192,0.050426267087459564,0.09240767359733582,10.311637878417969,0.009636103175580502,0.0027556114364415407,0.0981636568903923
2147,0.04248388111591339,1e-04,0.036077533,53.17768,0.0016937184,0.0013103328,0.04115481,0.05039708688855171,0.09242936968803406,10.314215660095215,0.009639831259846687,0.002756749978289008,0.09818264096975327
2148,0.0424499548971653,1e-04,0.036064196,53.164135,0.0016927014,0.0013096081,0.041142453,0.05036795884370804,0.09245108813047409,10.316798210144043,0.009643561206758022,0.002757888985797763,0.09820163249969482
2149,0.042416080832481384,1e-04,0.036050856,53.150585,0.0016916852,0.0013088838,0.0411301,0.050338875502347946,0.09247273951768875,10.319372177124023,0.009647279977798462,0.002759024500846863,0.09822056442499161
2150,0.042382266372442245,1e-04,0.036037523,53.137054,0.0016906693,0.00130816,0.04111775,0.05030985176563263,0.0924944207072258,10.321948051452637,0.009651008062064648,0.002760162577033043,0.09823954105377197
2151,0.04234850034117699,1e-04,0.0360242,53.123528,0.0016896555,0.0013074372,0.04110542,0.050280869007110596,0.09251603484153748,10.324517250061035,0.009654725901782513,0.002761298092082143,0.09825846552848816
2152,0.04231478273868561,1e-04,0.036010887,53.110012,0.0016886422,0.0013067155,0.041093092,0.05025194585323334,0.09253769367933273,10.327092170715332,0.009658451192080975,0.0027624370995908976,0.09827741980552673
2153,0.042281121015548706,1e-04,0.03599759,53.096516,0.0016876307,0.0013059946,0.04108078,0.05022306367754936,0.09255927801132202,10.329657554626465,0.00966216716915369,0.002763572381809354,0.09829632192850113
2154,0.04224751517176628,1e-04,0.03598429,53.083008,0.001686619,0.0013052732,0.04106847,0.05019422620534897,0.09258080273866653,10.3322172164917,0.009665870107710361,0.0027647025417536497,0.09831515699625015
2155,0.04221396520733833,1e-04,0.035970993,53.069492,0.0016856076,0.0013045523,0.041056152,0.05016544833779335,0.09260239452123642,10.334782600402832,0.009669587016105652,0.0027658401522785425,0.09833405911922455
2156,0.04218045994639397,1e-04,0.03595772,53.056007,0.0016845986,0.0013038329,0.041043863,0.050136715173721313,0.09262391924858093,10.33734130859375,0.00967329554259777,0.0027669724076986313,0.09835291653871536
2157,0.04214701056480408,1e-04,0.03594445,53.042538,0.0016835908,0.0013031146,0.041031584,0.050108037889003754,0.09264547377824783,10.339903831481934,0.009677008725702763,0.002768106758594513,0.09837178885936737
2158,0.042113613337278366,1e-04,0.035931192,53.02907,0.0016825832,0.0013023962,0.0410193,0.05007939785718918,0.09266691654920578,10.342451095581055,0.009680705145001411,0.002769236220046878,0.09839057177305222
2159,0.042080268263816833,1e-04,0.035917927,53.01559,0.0016815758,0.0013016775,0.04100702,0.05005080997943878,0.09268838167190552,10.345002174377441,0.009684406220912933,0.002770365448668599,0.09840937703847885
2160,0.04204697534441948,1e-04,0.035904687,53.002144,0.0016805708,0.0013009608,0.040994763,0.05002226307988167,0.09270980209112167,10.347548484802246,0.009688097052276134,0.002771495608612895,0.09842813014984131
2161,0.042013730853796005,1e-04,0.035891466,52.988697,0.0016795666,0.0013002447,0.040982515,0.049993764609098434,0.09273118525743484,10.350090980529785,0.009691786020994186,0.002772620180621743,0.09844686836004257
2162,0.04198054224252701,1e-04,0.035878237,52.975243,0.0016785627,0.0012995286,0.040970266,0.04996531456708908,0.09275253862142563,10.352627754211426,0.00969546940177679,0.002773745683953166,0.09846557676792145
2163,0.04194740578532219,1e-04,0.035865016,52.96181,0.0016775597,0.0012988131,0.040958025,0.049936916679143906,0.0927739143371582,10.355168342590332,0.009699158370494843,0.002774873049929738,0.09848430752754211
2164,0.04191431403160095,1e-04,0.035851806,52.948376,0.0016765578,0.0012980986,0.04094579,0.04990856349468231,0.092795230448246,10.35770320892334,0.009702839888632298,0.00277599785476923,0.0985029935836792
2165,0.04188127815723419,1e-04,0.03583861,52.934963,0.0016755579,0.0012973851,0.04093358,0.0498802550137043,0.09281652420759201,10.36023235321045,0.009706515818834305,0.0027771207969635725,0.0985216498374939
2166,0.04184829443693161,1e-04,0.035825413,52.921543,0.0016745578,0.0012966718,0.04092136,0.049851998686790466,0.09283781796693802,10.362763404846191,0.00971019547432661,0.0027782449033111334,0.09854032099246979
2167,0.04181536287069321,1e-04,0.03581224,52.908146,0.0016735593,0.0012959593,0.04090916,0.04982379078865051,0.09285908937454224,10.365291595458984,0.009713872335851192,0.0027793683111667633,0.09855897724628448
2168,0.041782479733228683,1e-04,0.03579906,52.89475,0.0016725614,0.0012952472,0.04089696,0.049795616418123245,0.09288028627634048,10.36781120300293,0.00971753429621458,0.00278048706240952,0.09857755154371262
2169,0.04174965247511864,1e-04,0.035785906,52.881382,0.0016715655,0.0012945366,0.04088478,0.04976751282811165,0.0929015502333641,10.37033748626709,0.009721209295094013,0.0027816116344183683,0.09859619289636612
2170,0.04171686992049217,1e-04,0.03577273,52.86796,0.0016705673,0.0012938242,0.040872574,0.04973943531513214,0.09292272478342056,10.372855186462402,0.00972487311810255,0.0027827287558466196,0.09861477464437485
2171,0.04168413206934929,1e-04,0.035759587,52.854595,0.0016695732,0.0012931147,0.04086041,0.04971139878034592,0.09294387698173523,10.375368118286133,0.009728529490530491,0.002783845877274871,0.0986333116889
2172,0.04165145009756088,1e-04,0.035746463,52.841236,0.00166858,0.0012924059,0.040848255,0.04968343302607536,0.0929650291800499,10.377881050109863,0.009732191450893879,0.0027849662583321333,0.09865187108516693
2173,0.04161882773041725,1e-04,0.03573332,52.827873,0.0016675863,0.0012916968,0.040836092,0.0496554858982563,0.0929861068725586,10.380386352539062,0.009735838510096073,0.00278608244843781,0.0986703559756279
2174,0.041586242616176605,1e-04,0.03572021,52.81452,0.001666595,0.0012909889,0.04082395,0.04962760582566261,0.09300721436738968,10.382893562316895,0.009739496745169163,0.0027871988713741302,0.09868888556957245
2175,0.04155370965600014,1e-04,0.035707083,52.801167,0.0016656027,0.0012902806,0.040811796,0.04959975555539131,0.0930282473564148,10.385394096374512,0.00974313635379076,0.0027883125003427267,0.09870732575654984
2176,0.041521232575178146,1e-04,0.03569398,52.787846,0.001664613,0.0012895738,0.04079967,0.049571968615055084,0.0930493175983429,10.387897491455078,0.009746788069605827,0.0027894277591258287,0.098725825548172
2177,0.041488803923130035,1e-04,0.035680894,52.774536,0.0016636249,0.0012888686,0.04078756,0.04954420402646065,0.09307029098272324,10.390390396118164,0.009750421158969402,0.002790538826957345,0.0987442210316658
2178,0.04145641624927521,1e-04,0.0356678,52.761204,0.0016626362,0.0012881628,0.040775437,0.049516499042510986,0.09309127181768417,10.392882347106934,0.00975405890494585,0.0027916496619582176,0.0987626388669014
2179,0.041424088180065155,1e-04,0.035654716,52.747875,0.0016616479,0.0012874568,0.040763315,0.04948883503675461,0.09311219304800034,10.395369529724121,0.009757687337696552,0.0027927588671445847,0.09878100454807281
2180,0.041391804814338684,1e-04,0.03564164,52.73457,0.0016606614,0.0012867525,0.040751215,0.04946121573448181,0.09313314408063889,10.397858619689941,0.009761320427060127,0.0027938683051615953,0.09879939258098602
2181,0.04135957360267639,1e-04,0.03562858,52.72128,0.0016596761,0.001286049,0.040739123,0.049433641135692596,0.09315402060747147,10.40034008026123,0.009764944203197956,0.0027949765790253878,0.09881773591041565
2182,0.04132739081978798,1e-04,0.035615534,52.70799,0.0016586921,0.0012853461,0.040727045,0.049406103789806366,0.09317485243082047,10.402814865112305,0.009768558666110039,0.0027960820589214563,0.0988360196352005
2183,0.04129525646567345,1e-04,0.035602473,52.694702,0.0016577076,0.0012846428,0.040714957,0.04937862232327461,0.09319568425416946,10.405290603637695,0.00977217499166727,0.0027971863746643066,0.09885431081056595
2184,0.041263166815042496,1e-04,0.035589453,52.681446,0.0016567262,0.001283942,0.0407029,0.04935116693377495,0.09321648627519608,10.407761573791504,0.00977578666061163,0.0027982911560684443,0.0988725796341896
2185,0.041231125593185425,1e-04,0.035576425,52.668163,0.0016557445,0.0012832406,0.04069084,0.049323782324790955,0.09323731064796448,10.410235404968262,0.009779405780136585,0.0027993975672870874,0.09889087826013565
2186,0.04119914025068283,1e-04,0.035563406,52.65491,0.0016547636,0.00128254,0.040678784,0.04929641634225845,0.09325800091028214,10.412694931030273,0.009782998822629452,0.0028004951309412718,0.09890904277563095
2187,0.04116719961166382,1e-04,0.035550386,52.64163,0.0016537824,0.0012818389,0.040666725,0.049269095063209534,0.09327873587608337,10.41515827178955,0.009786599315702915,0.002801596885547042,0.09892724454402924
2188,0.04113530367612839,1e-04,0.035537392,52.628395,0.0016528043,0.00128114,0.040654697,0.04924182593822479,0.09329939633607864,10.417613983154297,0.009790193289518356,0.0028026944492012262,0.09894540905952454
2189,0.041103459894657135,1e-04,0.035524398,52.615154,0.0016518263,0.0012804408,0.040642668,0.049214594066143036,0.09332001954317093,10.420063018798828,0.00979378167539835,0.0028037913143634796,0.09896353632211685
2190,0.041071660816669464,1e-04,0.035511415,52.601917,0.0016508491,0.0012797426,0.040630642,0.049187421798706055,0.09334070235490799,10.422520637512207,0.00979737937450409,0.002804892836138606,0.09898171573877335
2191,0.04103991389274597,1e-04,0.035498444,52.588707,0.0016498736,0.0012790456,0.040618636,0.049160268157720566,0.0933612510561943,10.424962043762207,0.009800952859222889,0.002805983880534768,0.0989997610449791
2192,0.04100821539759636,1e-04,0.035485473,52.57548,0.0016488982,0.0012783484,0.04060663,0.049133170396089554,0.0933818444609642,10.427408218383789,0.00980453658849001,0.0028070819098502398,0.09901785850524902
2193,0.04097655788064003,1e-04,0.03547251,52.56228,0.001647924,0.001277652,0.04059463,0.04910612478852272,0.0934024229645729,10.429854393005371,0.009808122180402279,0.00280817411839962,0.09903596341609955
2194,0.04094495251774788,1e-04,0.035459556,52.54907,0.0016469501,0.0012769559,0.040582635,0.04907910153269768,0.09342288970947266,10.43228530883789,0.009811685420572758,0.002809266559779644,0.09905394911766052
2195,0.04091339185833931,1e-04,0.03544661,52.53587,0.0016459777,0.0012762606,0.04057065,0.04905213415622711,0.0934433862566948,10.434720039367676,0.009815254248678684,0.0028103559743613005,0.09907196462154388
2196,0.04088188335299492,1e-04,0.035433676,52.522686,0.0016450068,0.0012755668,0.040558685,0.049025192856788635,0.09346380829811096,10.43714714050293,0.00981881469488144,0.0028114442247897387,0.09908993542194366
2197,0.04085041582584381,1e-04,0.035420764,52.50954,0.0016440374,0.0012748736,0.04054673,0.04899831488728523,0.09348425269126892,10.439576148986816,0.009822376072406769,0.0028125345706939697,0.09910789877176285
2198,0.04081900417804718,1e-04,0.035407834,52.496334,0.0016430663,0.0012741791,0.040534753,0.04897146672010422,0.09350466728210449,10.442001342773438,0.009825936518609524,0.002813621424138546,0.09912586212158203
2199,0.040787629783153534,1e-04,0.035394933,52.483208,0.001642099,0.0012734878,0.04052282,0.048944659531116486,0.09352502971887589,10.44442081451416,0.009829486720263958,0.0028147075790911913,0.09914376586675644
2200,0.04075630009174347,1e-04,0.03538201,52.470028,0.0016411298,0.0012727948,0.04051086,0.04891788586974144,0.09354529529809952,10.44682788848877,0.009833022020757198,0.002815789310261607,0.09916159510612488
2201,0.04072502627968788,1e-04,0.035369117,52.456882,0.001640163,0.0012721034,0.040498927,0.04889117181301117,0.09356563538312912,10.449243545532227,0.009836570359766483,0.0028168736025691032,0.09917948395013809
2202,0.040693797171115875,1e-04,0.035356235,52.443745,0.0016391973,0.0012714127,0.040487003,0.048864491283893585,0.09358588606119156,10.45164966583252,0.009840105660259724,0.0028179555665701628,0.09919730573892593
2203,0.04066261649131775,1e-04,0.03534335,52.430584,0.0016382311,0.0012707214,0.040475067,0.04883783683180809,0.09360608458518982,10.454049110412598,0.009843631647527218,0.0028190321754664183,0.0992150753736496
2204,0.04063147306442261,1e-04,0.03533048,52.417477,0.0016372675,0.0012700324,0.040463164,0.04881122708320618,0.0936262384057045,10.456442832946777,0.009847152046859264,0.0028201101813465357,0.09923281520605087
2205,0.040600378066301346,1e-04,0.03531763,52.40435,0.0016363043,0.0012693434,0.04045126,0.04878467321395874,0.09364641457796097,10.458840370178223,0.00985067617148161,0.0028211865574121475,0.09925056993961334
2206,0.04056933522224426,1e-04,0.035304766,52.391224,0.0016353411,0.0012686541,0.040439352,0.048758141696453094,0.09366653114557266,10.461230278015137,0.009854190051555634,0.002822261303663254,0.09926827251911163
2207,0.040538325905799866,1e-04,0.035291914,52.37811,0.001634379,0.0012679658,0.040427454,0.04873165488243103,0.09368661046028137,10.463615417480469,0.00985769648104906,0.00282333348877728,0.09928593039512634
2208,0.040507376194000244,1e-04,0.035279084,52.365,0.0016334185,0.0012672787,0.040415574,0.048705220222473145,0.09370669722557068,10.4660005569458,0.00986121129244566,0.002824408235028386,0.09930363297462463
2209,0.040476471185684204,1e-04,0.03526627,52.35191,0.0016324591,0.0012665921,0.0404037,0.04867881163954735,0.09372669458389282,10.468376159667969,0.009864709340035915,0.0028254783246666193,0.09932124614715576
2210,0.04044560343027115,1e-04,0.035253435,52.338833,0.0016315001,0.0012659058,0.040391833,0.04865245521068573,0.09374671429395676,10.47075366973877,0.00986820925027132,0.002826549345627427,0.09933885931968689
2211,0.04041478410363197,1e-04,0.03524061,52.32574,0.001630541,0.0012652195,0.04037996,0.048626117408275604,0.09376663714647293,10.473122596740723,0.009871694259345531,0.0028276145458221436,0.09935639798641205
2212,0.04038400948047638,1e-04,0.03522783,52.31269,0.0016295861,0.0012645359,0.040368132,0.04859985038638115,0.09378660470247269,10.475493431091309,0.009875190444290638,0.002828684402629733,0.09937399625778198
2213,0.040353287011384964,1e-04,0.035215028,52.299625,0.0016286293,0.0012638511,0.04035628,0.04857359454035759,0.09380648285150528,10.47785472869873,0.009878670796751976,0.0028297484386712313,0.09939150512218475
2214,0.04032260179519653,1e-04,0.035202246,52.286564,0.0016276743,0.0012631675,0.040344447,0.04854739457368851,0.09382636100053787,10.480216026306152,0.009882152080535889,0.0028308136388659477,0.09940901398658752
2215,0.040291961282491684,1e-04,0.03518946,52.273525,0.0016267203,0.0012624847,0.04033262,0.04852122813463211,0.09384619444608688,10.48257064819336,0.009885624051094055,0.0028318753466010094,0.09942647814750671
2216,0.040261365473270416,1e-04,0.035176687,52.26047,0.001625766,0.0012618016,0.040320788,0.0484950989484787,0.09386595338582993,10.484917640686035,0.009889085777103901,0.002832935191690922,0.09944388270378113
2217,0.040230825543403625,1e-04,0.035163935,52.24743,0.001624814,0.0012611196,0.040308982,0.04846901074051857,0.09388574957847595,10.487269401550293,0.009892556816339493,0.002833995036780834,0.09946133196353912
2218,0.04020031541585922,1e-04,0.035151172,52.234406,0.0016238618,0.0012604382,0.04029717,0.048442959785461426,0.0939054787158966,10.48961353302002,0.009896013885736465,0.0028350520879030228,0.09947871416807175
2219,0.040169857442379,1e-04,0.03513842,52.221386,0.0016229113,0.0012597576,0.040285375,0.04841694235801697,0.09392515569925308,10.491950035095215,0.00989946722984314,0.002836110768839717,0.09949606657028198
2220,0.04013943672180176,1e-04,0.03512569,52.20838,0.0016219617,0.0012590776,0.040273584,0.04839096590876579,0.09394479542970657,10.494282722473145,0.009902909398078918,0.0028371636290103197,0.09951335936784744
2221,0.040109068155288696,1e-04,0.03511295,52.195362,0.0016210122,0.0012583975,0.040261798,0.0483650267124176,0.09396439790725708,10.496611595153809,0.009906348772346973,0.0028382146265357733,0.0995306447148323
2222,0.040078744292259216,1e-04,0.035100233,52.182365,0.0016200641,0.0012577185,0.040250022,0.048339128494262695,0.0939839705824852,10.498934745788574,0.009909783490002155,0.002839265391230583,0.09954789280891418
2223,0.04004845768213272,1e-04,0.035087522,52.16938,0.0016191171,0.0012570405,0.040238254,0.048313260078430176,0.09400349110364914,10.501254081726074,0.009913208894431591,0.002840312896296382,0.09956509619951248
2224,0.040018223226070404,1e-04,0.035074823,52.156395,0.0016181708,0.0012563625,0.040226493,0.04828742519021034,0.0940229520201683,10.503565788269043,0.009916625916957855,0.002841358771547675,0.0995822548866272
2225,0.03998802602291107,1e-04,0.035062116,52.143406,0.0016172249,0.0012556849,0.040214736,0.04826164245605469,0.09404245018959045,10.505882263183594,0.009920050390064716,0.002842406742274761,0.0995994508266449
2226,0.03995787352323532,1e-04,0.035049442,52.130455,0.0016162817,0.0012550092,0.040203005,0.04823589324951172,0.09406188130378723,10.508190155029297,0.009923464618623257,0.0028434519190341234,0.09961658716201782
2227,0.03992776572704315,1e-04,0.035036754,52.11748,0.0016153374,0.0012543326,0.04019126,0.048210177570581436,0.09408127516508102,10.510493278503418,0.009926870465278625,0.002844490809366107,0.09963367879390717
2228,0.039897702634334564,1e-04,0.0350241,52.10454,0.0016143958,0.001253658,0.040179543,0.04818450286984444,0.09410064667463303,10.512792587280273,0.009930276311933994,0.0028455350548028946,0.09965077042579651
2229,0.03986768051981926,1e-04,0.03501143,52.091587,0.0016134531,0.0012529824,0.040167812,0.04815885052084923,0.09411993622779846,10.515084266662598,0.009933668188750744,0.0028465718496590853,0.09966778755187988
2230,0.03983769565820694,1e-04,0.034998752,52.07862,0.0016125112,0.0012523077,0.040156085,0.0481332503259182,0.0941392183303833,10.517373085021973,0.009937060065567493,0.0028476091101765633,0.09968480467796326
2231,0.0398077629506588,1e-04,0.034986112,52.06571,0.0016115718,0.0012516344,0.040144388,0.04810768738389015,0.09415849298238754,10.519662857055664,0.009940450079739094,0.002848647302016616,0.09970180690288544
2232,0.03977786749601364,1e-04,0.03497346,52.052753,0.001610631,0.0012509602,0.040132668,0.04808215796947479,0.0941777154803276,10.52194595336914,0.009943831712007523,0.0028496815357357264,0.09971876442432404
2233,0.039748020470142365,1e-04,0.034960836,52.039852,0.001609694,0.0012502884,0.040120993,0.04805666208267212,0.09419688582420349,10.524222373962402,0.009947205893695354,0.002850714372470975,0.09973567724227905
2234,0.03971821069717407,1e-04,0.034948196,52.026924,0.0016087552,0.0012496159,0.04010929,0.04803121089935303,0.09421605616807938,10.52649974822998,0.00995058286935091,0.0028517458122223616,0.09975260496139526
2235,0.03968844935297966,1e-04,0.034935586,52.014038,0.0016078196,0.0012489451,0.040097624,0.048005785793066025,0.09423515200614929,10.528766632080078,0.009953944943845272,0.0028527749236673117,0.0997694581747055
2236,0.03965872526168823,1e-04,0.034922995,52.00114,0.0016068844,0.0012482747,0.040085964,0.04798039048910141,0.09425416588783264,10.531024932861328,0.009957293048501015,0.0028538003098219633,0.09978623688220978
2237,0.039629045873880386,1e-04,0.034910377,51.988243,0.0016059487,0.0012476037,0.04007429,0.04795503988862038,0.09427321702241898,10.53328800201416,0.009960648603737354,0.002854827558621764,0.09980304539203644
2238,0.03959940746426582,1e-04,0.034897793,51.97537,0.0016050152,0.0012469345,0.04006264,0.04792972654104233,0.09429221600294113,10.535543441772461,0.009963997639715672,0.0028558513149619102,0.09981982409954071
2239,0.03956981375813484,1e-04,0.03488521,51.962482,0.0016040818,0.0012462653,0.04005099,0.04790445417165756,0.09431121498346329,10.537799835205078,0.009967346675693989,0.002856876701116562,0.09983660280704498
2240,0.039540261030197144,1e-04,0.03487264,51.949627,0.0016031506,0.0012455975,0.040039364,0.047879207879304886,0.09433012455701828,10.540045738220215,0.009970678947865963,0.002857896499335766,0.0998532846570015
2241,0.03951074555516243,1e-04,0.034860075,51.93675,0.0016022184,0.0012449288,0.04002772,0.04785400256514549,0.09434902667999268,10.542289733886719,0.009974013082683086,0.0028589169960469007,0.0998699814081192
2242,0.0394812747836113,1e-04,0.034847498,51.923885,0.001601287,0.001244261,0.040016085,0.04782881587743759,0.09436782449483871,10.544522285461426,0.009977329522371292,0.0028599330689758062,0.09988658130168915
2243,0.03945184499025345,1e-04,0.034834947,51.911022,0.0016003569,0.0012435938,0.040004462,0.04780368506908417,0.09438665956258774,10.546757698059082,0.00998065248131752,0.002860947512090206,0.09990321844816208
2244,0.03942245990037918,1e-04,0.034822408,51.898186,0.0015994286,0.0012429282,0.039992858,0.047778572887182236,0.0944054126739502,10.548985481262207,0.009983963333070278,0.0028619617223739624,0.09991978108882904
2245,0.0393931120634079,1e-04,0.034809873,51.885353,0.0015985012,0.0012422627,0.03998126,0.04775349795818329,0.09442412108182907,10.551206588745117,0.009987263940274715,0.00286297220736742,0.09993629902601242
2246,0.0393638089299202,1e-04,0.03479735,51.872517,0.0015975741,0.0012415977,0.039969664,0.04772847145795822,0.09444283694028854,10.55342960357666,0.009990568272769451,0.0028639843221753836,0.099952831864357
2247,0.03933455049991608,1e-04,0.03478482,51.859722,0.001596648,0.0012409333,0.03995808,0.047703489661216736,0.09446156024932861,10.555651664733887,0.009993880987167358,0.002864997135475278,0.09996940195560455
2248,0.03930532932281494,1e-04,0.03477231,51.846893,0.0015957223,0.0012402694,0.039946493,0.04767850786447525,0.09448014944791794,10.557859420776367,0.009997165761888027,0.0028660029638558626,0.09998583048582077
2249,0.03927614167332649,1e-04,0.034759782,51.834057,0.0015947961,0.0012396047,0.0399349,0.047653574496507645,0.09449871629476547,10.560063362121582,0.010000442154705524,0.0028670059982687235,0.1000022143125534
2250,0.03924700617790222,1e-04,0.034747295,51.82129,0.0015938737,0.0012389428,0.039923348,0.04762866348028183,0.09451720863580704,10.562259674072266,0.010003712959587574,0.002868007170036435,0.10001856088638306
2251,0.03921790421009064,1e-04,0.034734804,51.808475,0.0015929505,0.0012382802,0.039911784,0.04760381579399109,0.09453574568033218,10.564460754394531,0.01000699121505022,0.0028690099716186523,0.10003495216369629
2252,0.03918885067105293,5e-05,0.034722332,51.795704,0.0015920292,0.0012376193,0.03990024,0.04759015142917633,0.09453777223825455,10.564696311950684,0.010007375851273537,0.0028691261541098356,0.1000368744134903
2253,0.039174340665340424,5e-05,0.034716092,51.789326,0.0015915689,0.001237289,0.039894473,0.04757651314139366,0.09453988820314407,10.564940452575684,0.010007779113948345,0.0028692467603832483,0.10003888607025146
2254,0.03915984183549881,5e-05,0.034709845,51.782932,0.0015911077,0.0012369583,0.03988869,0.04756290465593338,0.09454210847616196,10.565197944641113,0.010008194483816624,0.002869373420253396,0.100040964782238
2255,0.03914535418152809,5e-05,0.034703594,51.77655,0.0015906475,0.001236628,0.03988292,0.04754931479692459,0.09454438835382462,10.56546401977539,0.010008626617491245,0.0028695035725831985,0.10004312545061111
2256,0.03913088142871857,5e-05,0.034697358,51.7702,0.0015901884,0.0012362993,0.039877165,0.047535769641399384,0.09454678744077682,10.565741539001465,0.010009078308939934,0.0028696407098323107,0.10004538297653198
2257,0.03911641985177994,2.5e-05,0.034691103,51.7638,0.0015897276,0.0012359685,0.039871387,0.04752776399254799,0.09454088658094406,10.565033912658691,0.010008071549236774,0.002869331045076251,0.10004034638404846
2258,0.03910919278860092,2.5e-05,0.034687962,51.760616,0.0015894973,0.0012358035,0.0398685,0.04751979187130928,0.09453511238098145,10.564339637756348,0.01000708993524313,0.002869028365239501,0.10003544390201569
2259,0.039101969450712204,2.5e-05,0.03468483,51.757454,0.0015892676,0.0012356393,0.03986562,0.04751184210181236,0.09452945739030838,10.563658714294434,0.010006129741668701,0.002868733601644635,0.10003064572811127
2260,0.039094749838113785,2.5e-05,0.034681704,51.754272,0.0015890383,0.0012354748,0.039862745,0.04750390350818634,0.0945238545536995,10.56298542022705,0.01000517513602972,0.002868439769372344,0.10002586990594864
2261,0.039087533950805664,1.25e-05,0.034678575,51.75109,0.0015888084,0.0012353103,0.039859857,0.04749875143170357,0.09451422095298767,10.5618314743042,0.010003515519201756,0.0028679289389401674,0.10001757740974426
2262,0.03908393159508705,1.25e-05,0.03467701,51.749523,0.0015886942,0.0012352283,0.039858427,0.047493621706962585,0.0945046916604042,10.560690879821777,0.010001878254115582,0.0028674250934273005,0.10000938922166824
2263,0.03908032178878784,1.25e-05,0.034675453,51.747944,0.0015885802,0.0012351469,0.039856996,0.047488510608673096,0.0944952741265297,10.559562683105469,0.01000025775283575,0.002866927534341812,0.10000129044055939
2264,0.03907671943306923,1.25e-05,0.034673866,51.746357,0.0015884644,0.0012350642,0.039855544,0.047483425587415695,0.09448600560426712,10.558453559875488,0.00999866146594286,0.0028664369601756334,0.09999330341815948
2265,0.03907311335206032,1.25e-05,0.03467231,51.744743,0.0015883492,0.0012349816,0.039854098,0.04747835174202919,0.09447678178548813,10.557347297668457,0.009997074492275715,0.002865948947146535,0.09998536854982376
2266,0.039069510996341705,1.25e-05,0.034670737,51.743176,0.0015882347,0.0012348999,0.039852664,0.047473303973674774,0.09446769952774048,10.556260108947754,0.00999551359564066,0.0028654690831899643,0.09997756779193878
2267,0.03906590864062309,1.25e-05,0.034669176,51.741596,0.0015881205,0.001234818,0.03985123,0.04746827483177185,0.09445873647928238,10.555187225341797,0.00999397225677967,0.0028649959713220596,0.09996985644102097
2268,0.03906230628490448,6.25e-06,0.03466759,51.739983,0.001588004,0.0012347345,0.039849766,0.047464631497859955,0.09444773942232132,10.553871154785156,0.00999207329005003,0.002864411799237132,0.09996035695075989
2269,0.03906050696969032,6.25e-06,0.03466681,51.739204,0.0015879476,0.0012346944,0.03984906,0.04746101796627045,0.0944368839263916,10.552573204040527,0.009990199469029903,0.0028638362418860197,0.09995098412036896
2270,0.039058707654476166,6.25e-06,0.034666024,51.738422,0.0015878901,0.001234653,0.03984834,0.047457415610551834,0.09442612528800964,10.551285743713379,0.009988343343138695,0.0028632658068090677,0.09994170069694519
2271,0.03905690461397171,6.25e-06,0.034665234,51.73762,0.0015878327,0.0012346123,0.03984762,0.04745384305715561,0.09441554546356201,10.550019264221191,0.0099865160882473,0.0028627037536352873,0.09993255883455276
2272,0.039055101573467255,3.125e-06,0.034664456,51.736843,0.0015877758,0.0012345716,0.039846905,0.04745097830891609,0.09440398216247559,10.548636436462402,0.009984520263969898,0.0028620923403650522,0.09992257505655289
2273,0.039054203778505325,3.125e-06,0.03466407,51.73643,0.0015877469,0.0012345507,0.039846543,0.04744812473654747,0.09439253062009811,10.547266960144043,0.00998254306614399,0.0028614841867238283,0.09991268068552017
2274,0.0390533022582531,3.125e-06,0.034663673,51.73605,0.0015877185,0.0012345306,0.039846186,0.04744528979063034,0.094381183385849,10.545910835266113,0.009980582632124424,0.002860881621018052,0.09990286827087402
2275,0.03905239701271057,3.125e-06,0.034663267,51.735645,0.0015876888,0.0012345092,0.039845813,0.0474424883723259,0.09436997771263123,10.544570922851562,0.009978651069104671,0.002860289067029953,0.09989319741725922
2276,0.039051495492458344,1.5625e-06,0.03466289,51.735252,0.001587661,0.0012344894,0.039845463,0.04744004085659981,0.09435834735631943,10.543179512023926,0.009976639412343502,0.0028596706688404083,0.09988313168287277
2277,0.03905105218291283,1.5625e-06,0.034662683,51.735046,0.0015876461,0.0012344789,0.039845277,0.04743761941790581,0.09434685111045837,10.5418062210083,0.009974654763936996,0.0028590625151991844,0.09987319260835648
2278,0.03905060142278671,1.5625e-06,0.03466249,51.73486,0.0015876323,0.0012344688,0.039845105,0.0474352091550827,0.0943354144692421,10.540438652038574,0.009972681291401386,0.0028584550600498915,0.09986331313848495
2279,0.03905014321208,1.5625e-06,0.03466228,51.734653,0.0015876171,0.0012344581,0.03984491,0.047432832419872284,0.09432417899370193,10.539095878601074,0.009970742277801037,0.002857860177755356,0.09985360503196716
2280,0.039049696177244186,7.8125e-07,0.034662098,51.734474,0.0015876038,0.0012344484,0.039844748,0.04743064194917679,0.09431273490190506,10.537727355957031,0.009968764148652554,0.002857254119589925,0.09984369575977325
2281,0.03904946893453598,7.8125e-07,0.03466199,51.734352,0.0015875957,0.0012344426,0.039844643,0.047428473830223083,0.09430143237113953,10.536375999450684,0.009966813959181309,0.002856653882190585,0.09983393549919128
2282,0.03904924541711807,7.8125e-07,0.03466189,51.73424,0.0015875881,0.0012344372,0.03984455,0.047426316887140274,0.09429022669792175,10.53503704071045,0.009964878670871258,0.002856058767065406,0.09982424229383469
2283,0.039049018174409866,7.8125e-07,0.03466179,51.73415,0.0015875811,0.0012344323,0.03984446,0.047424186021089554,0.09427914023399353,10.533710479736328,0.009962965734302998,0.002855472033843398,0.09981465339660645
2284,0.03904879465699196,3.90625e-07,0.034661684,51.73406,0.0015875737,0.0012344271,0.039844368,0.047422144562006,0.09426797181367874,10.532376289367676,0.009961036033928394,0.0028548792470246553,0.09980498999357224
2285,0.039048682898283005,3.90625e-07,0.034661658,51.73403,0.0015875716,0.0012344255,0.03984434,0.04742014780640602,0.09425701946020126,10.53106689453125,0.009959145449101925,0.002854300430044532,0.09979552030563354
2286,0.03904857113957405,3.90625e-07,0.034661587,51.733955,0.0015875666,0.0012344217,0.03984428,0.047418154776096344,0.09424608945846558,10.529759407043457,0.009957260452210903,0.0028537202160805464,0.09978607296943665
2287,0.0390484556555748,3.90625e-07,0.03466153,51.733887,0.0015875619,0.0012344188,0.039844222,0.04741618037223816,0.09423529356718063,10.52846908569336,0.009955396875739098,0.0028531483840197325,0.0997767373919487
2288,0.039048343896865845,1.953125e-07,0.03466149,51.733852,0.0015875591,0.0012344165,0.039844185,0.04741426929831505,0.09422453492879868,10.527182579040527,0.009953542612493038,0.0028525793459266424,0.09976743906736374
2289,0.03904828801751137,1.953125e-07,0.034661468,51.733837,0.001587558,0.0012344157,0.03984417,0.04741239175200462,0.09421394020318985,10.52591609954834,0.009951715357601643,0.002852018689736724,0.09975828230381012
2290,0.03904822841286659,1.953125e-07,0.03466144,51.733788,0.001587555,0.0012344137,0.039844133,0.0474105179309845,0.09420338273048401,10.524654388427734,0.009949893690645695,0.0028514584992080927,0.09974915534257889
2291,0.039048172533512115,1.953125e-07,0.03466142,51.733776,0.0015875538,0.0012344128,0.039844118,0.04740866273641586,0.0941929742693901,10.523409843444824,0.009948098100721836,0.0028509071562439203,0.0997401550412178
2292,0.03904811292886734,1e-07,0.034661405,51.733746,0.0015875519,0.0012344111,0.039844096,0.04740685224533081,0.09418261796236038,10.522171974182129,0.009946315549314022,0.002850361168384552,0.0997312143445015
2293,0.03904808685183525,1e-07,0.03466139,51.73374,0.0015875517,0.0012344113,0.039844092,0.04740506038069725,0.0941724181175232,10.520953178405762,0.009944555349647999,0.0028498198371380568,0.09972239285707474
2294,0.03904805704951286,1e-07,0.034661382,51.73374,0.0015875511,0.0012344107,0.039844085,0.04740328714251518,0.09416229277849197,10.519742965698242,0.009942810982465744,0.002849283628165722,0.09971364587545395
2295,0.039048030972480774,1e-07,0.03466136,51.733734,0.0015875503,0.0012344103,0.039844073,0.04740153253078461,0.09415226429700851,10.518543243408203,0.009941079653799534,0.0028487525414675474,0.09970496594905853
2296,0.03904799744486809,1e-07,0.03466135,51.733727,0.0015875495,0.00123441,0.039844066,0.047399792820215225,0.0941423550248146,10.517359733581543,0.009939371608197689,0.0028482272755354643,0.09969639778137207
2297,0.039047971367836,1e-07,0.034661334,51.733723,0.001587549,0.0012344096,0.03984406,0.04739806801080704,0.09413252025842667,10.516183853149414,0.009937679395079613,0.002847708761692047,0.09968791157007217
2298,0.03904793784022331,1e-07,0.034661315,51.733715,0.0015875477,0.0012344088,0.039844044,0.04739636927843094,0.09412282705307007,10.51502513885498,0.009936007671058178,0.002847196301445365,0.09967952221632004
2299,0.039047908037900925,1e-07,0.03466129,51.733704,0.0015875468,0.0012344084,0.039844032,0.047394685447216034,0.09411320835351944,10.513875007629395,0.009934351779520512,0.002846688963472843,0.09967121481895447
2300,0.03904787823557854,1e-07,0.034661274,51.733673,0.0015875453,0.0012344072,0.03984401,0.047393012791872025,0.09410368651151657,10.512736320495605,0.00993270892649889,0.002846182556822896,0.09966297447681427
2301,0.03904785215854645,1e-07,0.03466126,51.73367,0.0015875447,0.001234407,0.039844003,0.047391366213560104,0.09409425407648087,10.511609077453613,0.009931087493896484,0.0028456852305680513,0.09965483844280243
2302,0.03904782235622406,1e-07,0.034661245,51.733665,0.0015875438,0.0012344063,0.03984399,0.04738973081111908,0.0940849557518959,10.510497093200684,0.009929484687745571,0.0028451941907405853,0.09964679926633835
2303,0.039047788828611374,1e-07,0.034661237,51.733665,0.0015875434,0.0012344064,0.039843988,0.04738811030983925,0.09407570958137512,10.509392738342285,0.009927892126142979,0.002844705479219556,0.09963880479335785
2304,0.039047762751579285,1e-07,0.034661226,51.73366,0.0015875427,0.0012344059,0.03984398,0.04738651588559151,0.0940665677189827,10.508298873901367,0.009926320984959602,0.002844221191480756,0.0996309220790863
2305,0.0390477292239666,1e-07,0.0346612,51.73364,0.001587541,0.0012344047,0.039843958,0.04738491401076317,0.09405747801065445,10.50721263885498,0.009924754500389099,0.002843741327524185,0.09962306171655655
2306,0.03904770314693451,1e-07,0.034661192,51.733646,0.0015875414,0.001234405,0.039843965,0.047383345663547516,0.09404853731393814,10.506144523620605,0.00992321502417326,0.0028432682156562805,0.09961533546447754
2307,0.03904767334461212,1e-07,0.034661174,51.73364,0.00158754,0.0012344042,0.039843947,0.047381795942783356,0.09403965622186661,10.505082130432129,0.009921688586473465,0.002842800924554467,0.0996076762676239
2308,0.039047643542289734,1e-07,0.034661155,51.733635,0.0015875393,0.001234404,0.039843936,0.047380249947309494,0.09403087943792343,10.504033088684082,0.00992017425596714,0.002842337591573596,0.09960006922483444
2309,0.039047617465257645,1e-07,0.034661148,51.733624,0.0015875392,0.0012344037,0.039843936,0.047378718852996826,0.09402217715978622,10.502991676330566,0.009918677620589733,0.0028418756555765867,0.09959255903959274
2310,0.03904758393764496,1e-07,0.034661133,51.733604,0.0015875375,0.0012344026,0.039843913,0.04737721011042595,0.09401354938745499,10.501961708068848,0.009917193092405796,0.0028414211701601744,0.09958510845899582
2311,0.03904755041003227,1e-07,0.034661107,51.73359,0.0015875362,0.0012344018,0.0398439,0.047375719994306564,0.0940050408244133,10.500943183898926,0.00991573091596365,0.0028409722726792097,0.09957776218652725
2312,0.03904752433300018,1e-07,0.034661096,51.733593,0.001587536,0.0012344018,0.039843895,0.047374241054058075,0.09399661421775818,10.4999361038208,0.009914282709360123,0.0028405264019966125,0.09957049041986465
2313,0.039047494530677795,1e-07,0.03466109,51.733574,0.0015875351,0.001234401,0.039843883,0.04737278074026108,0.09398826956748962,10.49893856048584,0.009912848472595215,0.002840086817741394,0.09956328570842743
2314,0.03904746472835541,1e-07,0.034661077,51.73357,0.0015875343,0.0012344007,0.039843876,0.04737131670117378,0.09397996217012405,10.497944831848145,0.009911417961120605,0.0028396490961313248,0.099556103348732
2315,0.03904743120074272,1e-07,0.03466106,51.733578,0.0015875341,0.0012344009,0.039843872,0.04736988991498947,0.09397181123495102,10.496971130371094,0.00991001632064581,0.002839219057932496,0.0995490625500679
2316,0.03904740512371063,1e-07,0.034661047,51.73355,0.001587533,0.0012344,0.039843857,0.04736846685409546,0.09396370500326157,10.496002197265625,0.009908621199429035,0.002838791348040104,0.0995420590043068
2317,0.039047375321388245,1e-07,0.03466102,51.733543,0.0015875322,0.0012343995,0.03984385,0.04736705124378204,0.09395568817853928,10.495044708251953,0.009907240979373455,0.002838367596268654,0.09953512251377106
2318,0.03904734179377556,1e-07,0.03466101,51.73353,0.0015875312,0.0012343988,0.039843835,0.04736565425992012,0.09394771605730057,10.494091987609863,0.009905872866511345,0.0028379475697875023,0.0995282530784607
2319,0.03904731571674347,1e-07,0.034661002,51.733532,0.0015875306,0.0012343985,0.039843827,0.047364287078380585,0.09393992274999619,10.493159294128418,0.009904533624649048,0.0028375349938869476,0.09952152520418167
2320,0.03904728591442108,1e-07,0.034660988,51.73352,0.00158753,0.001234398,0.03984382,0.04736291989684105,0.0939321219921112,10.492226600646973,0.009903193451464176,0.0028371240478008986,0.09951478987932205
2321,0.039047256112098694,1e-07,0.034660965,51.73352,0.0015875293,0.0012343979,0.039843813,0.04736156761646271,0.09392442554235458,10.49130630493164,0.009901870973408222,0.0028367172926664352,0.0995081439614296
2322,0.039047226309776306,1e-07,0.034660958,51.7335,0.0015875285,0.0012343972,0.0398438,0.04736023023724556,0.09391679614782333,10.49039363861084,0.009900559671223164,0.0028363156598061323,0.09950155764818192
2323,0.03904719650745392,1e-07,0.034660928,51.733494,0.0015875268,0.001234396,0.03984378,0.047358907759189606,0.09390927106142044,10.489494323730469,0.009899269789457321,0.002835918916389346,0.09949507564306259
2324,0.03904716670513153,1e-07,0.034660924,51.733498,0.0015875269,0.0012343961,0.03984378,0.04735758900642395,0.09390178322792053,10.488598823547363,0.009897981770336628,0.002835523569956422,0.09948860108852386
2325,0.03904713690280914,1e-07,0.034660913,51.733486,0.0015875262,0.0012343957,0.03984377,0.047356292605400085,0.09389439225196838,10.487715721130371,0.009896712377667427,0.002835135208442807,0.0994822233915329
2326,0.03904709964990616,1e-07,0.034660887,51.733456,0.0015875243,0.0012343944,0.03984375,0.04735500365495682,0.0938870832324028,10.486842155456543,0.009895454160869122,0.0028347496408969164,0.09947589784860611
2327,0.03904706984758377,1e-07,0.034660872,51.73345,0.0015875237,0.0012343939,0.03984374,0.047353725880384445,0.0938798189163208,10.485973358154297,0.009894208051264286,0.0028343675658106804,0.0994696319103241
2328,0.03904704377055168,1e-07,0.034660865,51.733448,0.0015875233,0.0012343938,0.039843734,0.04735246300697327,0.09387262910604477,10.485114097595215,0.009892973117530346,0.0028339873533695936,0.09946342557668686
2329,0.03904701769351959,1e-07,0.034660846,51.733437,0.0015875221,0.0012343932,0.03984372,0.04735121130943298,0.0938655212521553,10.484265327453613,0.009891752153635025,0.0028336141258478165,0.099457286298275
2330,0.03904698044061661,1e-07,0.03466084,51.733433,0.0015875215,0.0012343926,0.039843712,0.04734997823834419,0.0938585102558136,10.483426094055176,0.009890548884868622,0.002833244390785694,0.09945123642683029
2331,0.03904695063829422,1e-07,0.03466081,51.733418,0.00158752,0.0012343916,0.039843693,0.047348752617836,0.09385152906179428,10.482592582702637,0.009889347478747368,0.0028328753542155027,0.09944520145654678
2332,0.03904692456126213,1e-07,0.0346608,51.73342,0.0015875202,0.0012343919,0.039843697,0.047347541898489,0.09384464472532272,10.481768608093262,0.009888168424367905,0.002832515398040414,0.09943927079439163
2333,0.039046891033649445,1e-07,0.034660783,51.73342,0.0015875192,0.0012343915,0.039843686,0.04734634608030319,0.09383782744407654,10.48095417022705,0.009886998683214188,0.0028321556746959686,0.09943338483572006
2334,0.039046864956617355,1e-07,0.03466078,51.73341,0.0015875188,0.0012343914,0.03984368,0.047345153987407684,0.09383109211921692,10.480148315429688,0.00988584104925394,0.0028317987453192472,0.09942756593227386
2335,0.03904683142900467,1e-07,0.034660764,51.73341,0.0015875185,0.0012343911,0.039843675,0.04734398424625397,0.09382442384958267,10.479351997375488,0.009884698316454887,0.00283144973218441,0.09942182153463364
2336,0.03904680535197258,1e-07,0.034660745,51.733406,0.0015875177,0.0012343907,0.039843667,0.047342829406261444,0.09381783753633499,10.478564262390137,0.009883570484817028,0.0028311023488640785,0.09941615164279938
2337,0.03904677554965019,1e-07,0.03466073,51.7334,0.0015875163,0.0012343898,0.03984365,0.04734165966510773,0.09381120651960373,10.477770805358887,0.009882429614663124,0.0028307519387453794,0.09941040724515915
2338,0.039046742022037506,1e-07,0.034660716,51.73337,0.0015875155,0.001234389,0.039843637,0.0473405197262764,0.0938047394156456,10.476997375488281,0.009881320409476757,0.002830412471666932,0.09940483421087265
2339,0.03904671594500542,1e-07,0.03466069,51.733334,0.0015875135,0.0012343877,0.03984361,0.047339390963315964,0.09379833191633224,10.476231575012207,0.009880220517516136,0.002830074867233634,0.09939929842948914
2340,0.03904668614268303,1e-07,0.034660682,51.73336,0.0015875138,0.0012343882,0.03984362,0.04733826220035553,0.09379193186759949,10.47546672821045,0.00987912341952324,0.0028297363314777613,0.09939377754926682
2341,0.039046648889780045,1e-07,0.034660656,51.733315,0.0015875114,0.0012343863,0.039843585,0.047337159514427185,0.09378568083047867,10.474720001220703,0.009878049604594707,0.0028294085059314966,0.09938837587833405
2342,0.039046622812747955,1e-07,0.034660645,51.73332,0.0015875109,0.0012343861,0.03984358,0.04733606427907944,0.09377945214509964,10.47397518157959,0.009876982308924198,0.00282907928340137,0.09938301146030426
2343,0.03904659301042557,1e-07,0.03466063,51.733303,0.0015875101,0.0012343855,0.03984357,0.047334976494312286,0.0937732681632042,10.473236083984375,0.009875920601189137,0.002828753786161542,0.09937766939401627
2344,0.03904656320810318,1e-07,0.034660622,51.73331,0.0015875099,0.0012343858,0.039843567,0.04733389988541603,0.09376717358827591,10.47250747680664,0.009874876588582993,0.002828434808179736,0.09937241673469543
2345,0.03904653713107109,1e-07,0.034660604,51.733307,0.0015875094,0.0012343853,0.039843563,0.04733283445239067,0.09376112371683121,10.471784591674805,0.009873838163912296,0.0028281158301979303,0.0993671864271164
2346,0.0390465073287487,1e-07,0.03466059,51.733295,0.0015875082,0.0012343845,0.039843548,0.047331780195236206,0.09375514835119247,10.4710693359375,0.00987281184643507,0.0028278015088289976,0.09936202317476273
2347,0.03904647380113602,1e-07,0.034660574,51.73328,0.0015875072,0.001234384,0.039843533,0.04733073338866234,0.09374922513961792,10.47036075592041,0.009871798567473888,0.0028274909127503633,0.09935692697763443
2348,0.03904644027352333,1e-07,0.034660567,51.733284,0.0015875073,0.0012343843,0.039843537,0.04732970520853996,0.09374340623617172,10.469664573669434,0.009870801120996475,0.0028271835763007402,0.0993519052863121
2349,0.03904641419649124,1e-07,0.034660544,51.733276,0.0015875057,0.0012343832,0.039843515,0.047328684478998184,0.09373756498098373,10.468966484069824,0.009869799949228764,0.0028268771711736917,0.09934686869382858
2350,0.03904638811945915,1e-07,0.03466053,51.733276,0.0015875056,0.0012343833,0.039843515,0.0473276749253273,0.09373187273740768,10.46828556060791,0.009868823923170567,0.0028265772853046656,0.09934195131063461
2351,0.039046354591846466,1e-07,0.034660522,51.733276,0.0015875051,0.001234383,0.039843507,0.04732666537165642,0.09372616559267044,10.467604637145996,0.009867846965789795,0.002826279029250145,0.09933703392744064
2352,0.03904632478952408,1e-07,0.034660507,51.733257,0.0015875043,0.0012343824,0.039843496,0.04732567071914673,0.09372054785490036,10.46693229675293,0.009866882115602493,0.002825981006026268,0.09933218359947205
2353,0.03904629498720169,1e-07,0.03466049,51.733242,0.001587503,0.0012343816,0.03984348,0.047324687242507935,0.09371492266654968,10.466259956359863,0.009865920059382915,0.0028256874065846205,0.09932734072208405
2354,0.0390462651848793,1e-07,0.034660473,51.733234,0.0015875021,0.0012343811,0.03984347,0.04732371121644974,0.09370943158864975,10.465603828430176,0.009864977560937405,0.002825399162247777,0.0993225947022438
2355,0.039046235382556915,1e-07,0.03466044,51.733215,0.0015875004,0.0012343798,0.039843448,0.04732274264097214,0.09370395541191101,10.464949607849121,0.009864036925137043,0.0028251090552657843,0.09931785613298416
2356,0.03904620558023453,1e-07,0.034660432,51.733208,0.0015874999,0.0012343794,0.039843444,0.04732179641723633,0.09369858354330063,10.464306831359863,0.009863119572401047,0.0028248277958482504,0.09931323677301407
2357,0.03904617205262184,1e-07,0.034660425,51.733208,0.0015874997,0.0012343794,0.03984344,0.04732084274291992,0.09369324892759323,10.463669776916504,0.009862203150987625,0.002824545605108142,0.09930862486362457
2358,0.039046138525009155,1e-07,0.03466041,51.73321,0.0015874992,0.0012343792,0.039843433,0.04731990769505501,0.09368792921304703,10.463032722473145,0.009861295111477375,0.002824268536642194,0.09930405020713806
2359,0.03904610872268677,1e-07,0.03466039,51.733177,0.0015874974,0.0012343779,0.03984341,0.04731898009777069,0.0936826840043068,10.462406158447266,0.009860395453870296,0.0028239917010068893,0.09929952025413513
2360,0.03904608637094498,1e-07,0.034660377,51.733166,0.0015874963,0.0012343772,0.039843395,0.04731805995106697,0.09367748349905014,10.461784362792969,0.009859503246843815,0.002823718823492527,0.09929503500461578
2361,0.03904605284333229,1e-07,0.03466037,51.733177,0.0015874963,0.0012343776,0.039843395,0.04731714725494385,0.09367232769727707,10.461167335510254,0.00985862035304308,0.0028234466444700956,0.09929058700799942
2362,0.0390460230410099,1e-07,0.034660343,51.733166,0.0015874954,0.001234377,0.039843388,0.04731624573469162,0.09366723895072937,10.460559844970703,0.00985774863511324,0.0028231802862137556,0.09928619861602783
2363,0.039045993238687515,1e-07,0.03466033,51.733162,0.001587495,0.0012343767,0.03984338,0.04731535166501999,0.09366219490766525,10.459956169128418,0.009856884367763996,0.002822914393618703,0.09928184002637863
2364,0.03904595971107483,1e-07,0.03466032,51.733147,0.0015874939,0.0012343759,0.03984337,0.04731447249650955,0.0936572253704071,10.459362030029297,0.009856035001575947,0.0028226531576365232,0.099277563393116
2365,0.03904593363404274,1e-07,0.034660306,51.733147,0.0015874933,0.0012343756,0.03984336,0.04731360077857971,0.09365230798721313,10.45877456665039,0.00985519215464592,0.0028223961126059294,0.09927332401275635
2366,0.039045900106430054,1e-07,0.034660283,51.733135,0.0015874921,0.0012343747,0.039843343,0.04731273278594017,0.09364742040634155,10.458189964294434,0.00985435489565134,0.002822139533236623,0.09926910698413849
2367,0.039045870304107666,1e-07,0.034660283,51.733147,0.0015874925,0.0012343752,0.03984335,0.047311875969171524,0.09364257007837296,10.457611083984375,0.009853524155914783,0.002821883885189891,0.09926491975784302
2368,0.03904584422707558,1e-07,0.034660272,51.733135,0.0015874917,0.0012343749,0.03984334,0.047311026602983475,0.09363779425621033,10.457038879394531,0.009852707386016846,0.002821633592247963,0.09926080703735352
2369,0.03904580697417259,1e-07,0.03466025,51.733116,0.0015874904,0.0012343737,0.039843325,0.04731018841266632,0.09363305568695068,10.456473350524902,0.009851895272731781,0.0028213851619511843,0.0992567166686058
2370,0.0390457808971405,1e-07,0.034660224,51.73308,0.0015874885,0.0012343725,0.0398433,0.04730936139822006,0.09362838417291641,10.455913543701172,0.009851097129285336,0.002821139059960842,0.09925269335508347
2371,0.039045751094818115,1e-07,0.034660213,51.73307,0.0015874878,0.001234372,0.03984329,0.0473085455596447,0.09362377971410751,10.455363273620605,0.00985030923038721,0.0028208971489220858,0.0992487221956253
2372,0.03904572129249573,1e-07,0.03466019,51.733067,0.0015874865,0.0012343714,0.039843272,0.04730771854519844,0.09361916780471802,10.454812049865723,0.009849517606198788,0.0028206550050526857,0.09924473613500595
2373,0.03904568776488304,1e-07,0.03466018,51.733063,0.0015874861,0.0012343711,0.03984327,0.04730691388249397,0.0936146005988121,10.454266548156738,0.00984873529523611,0.002820414723828435,0.09924079477787018
2374,0.03904566541314125,1e-07,0.034660164,51.733063,0.0015874858,0.001234371,0.039843265,0.0473061166703701,0.09361011534929276,10.453729629516602,0.009847971610724926,0.002820181893184781,0.09923695027828217
2375,0.039045628160238266,1e-07,0.03466015,51.73305,0.0015874847,0.0012343702,0.039843254,0.047305312007665634,0.09360560774803162,10.453190803527832,0.009847196750342846,0.0028199416119605303,0.09923304617404938
2376,0.03904560208320618,1e-07,0.034660134,51.73304,0.0015874834,0.0012343694,0.039843235,0.047304537147283554,0.09360122680664062,10.452667236328125,0.00984644889831543,0.0028197141364216805,0.09922927618026733
2377,0.03904556855559349,1e-07,0.034660123,51.73303,0.0015874829,0.0012343691,0.039843228,0.047303758561611176,0.09359683841466904,10.452141761779785,0.00984569638967514,0.0028194815386086702,0.0992254838347435
2378,0.0390455424785614,1e-07,0.03466011,51.73303,0.0015874828,0.001234369,0.039843228,0.047302987426519394,0.09359250217676163,10.451624870300293,0.009844956919550896,0.002819255692884326,0.09922175854444504
2379,0.039045512676239014,1e-07,0.03466009,51.73303,0.0015874819,0.0012343685,0.039843217,0.047302231192588806,0.09358826279640198,10.451117515563965,0.00984423328191042,0.002819034270942211,0.09921810775995255
2380,0.039045482873916626,1e-07,0.034660082,51.733025,0.0015874816,0.0012343684,0.039843213,0.04730146750807762,0.09358399361371994,10.450606346130371,0.009843500331044197,0.002818809822201729,0.09921441227197647
2381,0.03904544934630394,1e-07,0.034660067,51.733013,0.0015874804,0.0012343678,0.039843198,0.04730072617530823,0.09357982128858566,10.45010757446289,0.009842786006629467,0.002818589098751545,0.09921081364154816
2382,0.039045415818691254,1e-07,0.034660045,51.733,0.0015874791,0.0012343668,0.039843183,0.04729998856782913,0.09357564896345139,10.44960880279541,0.00984207447618246,0.0028183709364384413,0.09920722991228104
2383,0.03904539346694946,1e-07,0.03466003,51.73297,0.0015874777,0.0012343662,0.039843164,0.04729925096035004,0.09357154369354248,10.449118614196777,0.009841370396316051,0.002818154403939843,0.0992036834359169
2384,0.03904535621404648,1e-07,0.03466001,51.73297,0.0015874769,0.0012343656,0.039843153,0.047298528254032135,0.09356748312711716,10.44863224029541,0.009840676560997963,0.002817942062392831,0.09920018166303635
2385,0.03904532641172409,1e-07,0.034659993,51.73298,0.0015874767,0.0012343656,0.03984315,0.04729780554771423,0.09356344491243362,10.448150634765625,0.009839985519647598,0.002817729255184531,0.09919670224189758
2386,0.039045292884111404,1e-07,0.034659978,51.73294,0.001587475,0.001234364,0.03984313,0.04729709029197693,0.09355944395065308,10.447671890258789,0.009839300997555256,0.0028175211045891047,0.09919325262308121
2387,0.039045266807079315,1e-07,0.03465996,51.732952,0.0015874745,0.001234364,0.039843123,0.04729638621211052,0.09355548769235611,10.447198867797852,0.00983862392604351,0.0028173141181468964,0.09918984025716782
2388,0.03904523700475693,1e-07,0.03465994,51.732918,0.0015874729,0.0012343628,0.039843105,0.047295693308115005,0.09355159848928452,10.446732521057129,0.009837958961725235,0.0028171089943498373,0.0991864874958992
2389,0.03904520720243454,1e-07,0.03465993,51.73292,0.0015874725,0.0012343627,0.039843097,0.04729500040411949,0.09354772418737411,10.446269989013672,0.009837296791374683,0.002816907363012433,0.09918314963579178
2390,0.03904517740011215,1e-07,0.03465992,51.732914,0.001587472,0.0012343623,0.039843094,0.047294311225414276,0.09354386478662491,10.445808410644531,0.009836637414991856,0.0028167038690298796,0.09917982667684555
2391,0.039045143872499466,1e-07,0.0346599,51.73291,0.0015874711,0.0012343618,0.039843082,0.047293636947870255,0.09354009479284286,10.445358276367188,0.009835992939770222,0.0028165066614747047,0.09917657822370529
2392,0.03904511407017708,1e-07,0.03465988,51.732883,0.0015874695,0.0012343609,0.03984306,0.04729297012090683,0.09353634715080261,10.444910049438477,0.009835353121161461,0.002816310152411461,0.09917335212230682
2393,0.03904508799314499,1e-07,0.034659877,51.7329,0.0015874702,0.0012343613,0.03984307,0.04729229211807251,0.09353256970643997,10.444458961486816,0.009834705851972103,0.002816111547872424,0.09917008876800537
2394,0.0390450544655323,1e-07,0.03465987,51.732883,0.0015874692,0.0012343609,0.039843056,0.04729164019227028,0.09352892637252808,10.444022178649902,0.00983408372849226,0.0028159210924059153,0.09916695207357407
2395,0.039045024663209915,1e-07,0.034659836,51.732876,0.0015874675,0.0012343593,0.039843034,0.047290995717048645,0.09352531284093857,10.44359016418457,0.00983346626162529,0.0028157297056168318,0.09916383773088455
2396,0.03904499486088753,1e-07,0.03465982,51.732872,0.0015874669,0.0012343593,0.03984303,0.047290343791246414,0.09352168440818787,10.443157196044922,0.009832845069468021,0.0028155415784567595,0.09916070103645325
2397,0.03904496505856514,1e-07,0.034659807,51.732853,0.0015874658,0.0012343583,0.039843015,0.04728970676660538,0.09351811558008194,10.442730903625488,0.009832234121859074,0.002815352054312825,0.09915762394666672
2398,0.03904493898153305,1e-07,0.034659795,51.732857,0.0015874655,0.0012343584,0.03984301,0.04728907346725464,0.0935145914554596,10.442309379577637,0.009831632487475872,0.0028151690494269133,0.09915459156036377
2399,0.039044901728630066,1e-07,0.034659777,51.732838,0.0015874642,0.0012343576,0.039842997,0.0472884438931942,0.09351109713315964,10.44189167022705,0.009831034578382969,0.0028149846475571394,0.09915157407522202
2400,0.03904487565159798,1e-07,0.034659766,51.732826,0.0015874633,0.0012343571,0.03984298,0.04728783294558525,0.09350766986608505,10.441481590270996,0.00983045157045126,0.002814806066453457,0.09914863109588623
2401,0.03904484584927559,1e-07,0.03465975,51.732826,0.0015874628,0.0012343564,0.039842978,0.04728721082210541,0.09350419044494629,10.441065788269043,0.009829857386648655,0.002814624458551407,0.09914563596248627
2402,0.0390448160469532,1e-07,0.034659732,51.732796,0.0015874614,0.0012343557,0.03984296,0.04728659242391586,0.0935007706284523,10.440657615661621,0.009829272516071796,0.0028144444804638624,0.09914268553256989
2403,0.039044782519340515,1e-07,0.034659717,51.732807,0.0015874611,0.0012343554,0.039842956,0.04728599637746811,0.09349744766950607,10.44025993347168,0.009828701615333557,0.0028142696246504784,0.09913980960845947
2404,0.03904475271701813,1e-07,0.034659706,51.7328,0.0015874602,0.0012343551,0.039842945,0.047285404056310654,0.09349412471055984,10.439862251281738,0.009828136302530766,0.0028140952344983816,0.09913695603609085
2405,0.03904472663998604,1e-07,0.034659695,51.7328,0.0015874599,0.001234355,0.03984294,0.0472848080098629,0.0934908390045166,10.439469337463379,0.009827575646340847,0.0028139238711446524,0.09913413226604462
2406,0.03904469311237335,1e-07,0.034659665,51.732765,0.001587458,0.0012343536,0.039842915,0.04728423058986664,0.09348759055137634,10.439080238342285,0.009827020578086376,0.0028137529734522104,0.09913133084774017
2407,0.03904466703534126,1e-07,0.034659658,51.732758,0.0015874571,0.0012343528,0.039842907,0.04728363826870918,0.09348433464765549,10.438691139221191,0.009826463647186756,0.0028135839384049177,0.09912852197885513
2408,0.03904462978243828,1e-07,0.034659643,51.732746,0.0015874567,0.0012343527,0.0398429,0.04728306084871292,0.0934811607003212,10.438312530517578,0.00982591975480318,0.002813417697325349,0.09912578016519547
2409,0.03904459625482559,1e-07,0.03465962,51.732735,0.0015874552,0.0012343518,0.03984288,0.047282494604587555,0.0934780165553093,10.437935829162598,0.009825383313000202,0.0028132516890764236,0.09912306815385818
2410,0.039044566452503204,1e-07,0.034659605,51.73273,0.0015874545,0.0012343514,0.039842874,0.047281935811042786,0.0934748724102974,10.437560081481934,0.009824848733842373,0.0028130877763032913,0.0991203784942627
2411,0.03904453665018082,1e-07,0.034659587,51.73272,0.0015874533,0.0012343505,0.03984286,0.047281377017498016,0.09347176551818848,10.437188148498535,0.009824316948652267,0.00281292456202209,0.0991176888346672
2412,0.03904451057314873,1e-07,0.034659564,51.73269,0.0015874517,0.0012343494,0.039842837,0.04728081822395325,0.09346868842840195,10.436820983886719,0.00982378888875246,0.002812763676047325,0.0991150289773941
2413,0.03904448449611664,1e-07,0.034659557,51.7327,0.0015874514,0.0012343494,0.039842833,0.04728028178215027,0.09346569329500198,10.436463356018066,0.00982328038662672,0.0028126072138547897,0.09911246597766876
2414,0.039044447243213654,1e-07,0.034659546,51.732677,0.0015874507,0.0012343489,0.039842825,0.0472797267138958,0.09346268326044083,10.436102867126465,0.009822764433920383,0.002812448889017105,0.09910985827445984
2415,0.03904441371560097,1e-07,0.03465954,51.732677,0.0015874504,0.0012343487,0.03984282,0.04727918282151222,0.09345966577529907,10.435741424560547,0.009822250343859196,0.002812290331348777,0.09910726547241211
2416,0.03904438763856888,1e-07,0.034659524,51.732677,0.0015874497,0.0012343483,0.03984281,0.047278665006160736,0.09345677495002747,10.435397148132324,0.0098217548802495,0.002812138991430402,0.09910476952791214
2417,0.03904435411095619,1e-07,0.034659512,51.732685,0.0015874496,0.0012343483,0.03984281,0.047278132289648056,0.09345385432243347,10.435046195983887,0.00982125848531723,0.0028119857888668776,0.09910226613283157
2418,0.039044324308633804,1e-07,0.034659497,51.73267,0.0015874488,0.0012343479,0.0398428,0.04727760702371597,0.09345095604658127,10.434700965881348,0.009820760227739811,0.0028118339832872152,0.09909974783658981
2419,0.03904429450631142,1e-07,0.034659468,51.732635,0.0015874461,0.0012343461,0.039842766,0.04727710038423538,0.09344812482595444,10.434361457824707,0.00982027780264616,0.0028116845060139894,0.09909731149673462
2420,0.03904426470398903,1e-07,0.034659456,51.732635,0.001587446,0.0012343462,0.039842766,0.047276586294174194,0.0934453010559082,10.434024810791016,0.00981979537755251,0.0028115371242165565,0.09909488260746002
2421,0.03904423490166664,1e-07,0.034659445,51.732628,0.0015874456,0.0012343458,0.039842762,0.047276075929403305,0.09344247728586197,10.433687210083008,0.009819314815104008,0.002811391605064273,0.09909245371818542
2422,0.03904420882463455,1e-07,0.034659423,51.732616,0.0015874441,0.0012343446,0.039842743,0.047275569289922714,0.09343969821929932,10.433354377746582,0.00981883890926838,0.0028112430591136217,0.09909005463123322
2423,0.039044175297021866,1e-07,0.034659408,51.732605,0.001587443,0.0012343442,0.03984273,0.04727507382631302,0.09343697875738144,10.433030128479004,0.009818374179303646,0.0028111019637435675,0.09908770769834518
2424,0.03904414176940918,1e-07,0.03465939,51.732582,0.0015874419,0.001234343,0.039842714,0.04727458208799362,0.09343426674604416,10.43270492553711,0.009817913174629211,0.002810960402712226,0.09908538311719894
2425,0.03904411196708679,1e-07,0.034659375,51.73258,0.0015874413,0.0012343429,0.039842706,0.04727409780025482,0.09343158453702927,10.43238353729248,0.009817455895245075,0.002810821635648608,0.0990830734372139
2426,0.0390440858900547,1e-07,0.034659356,51.732574,0.0015874405,0.0012343429,0.039842695,0.04727361723780632,0.09342893213033676,10.432066917419434,0.009817001409828663,0.002810681937262416,0.09908077865839005
2427,0.03904405236244202,1e-07,0.034659345,51.732563,0.0015874396,0.001234342,0.039842684,0.04727313295006752,0.09342628717422485,10.431751251220703,0.009816549718379974,0.0028105415403842926,0.09907850623130798
2428,0.03904402256011963,1e-07,0.03465932,51.732544,0.0015874383,0.0012343412,0.03984267,0.04727265611290932,0.09342367202043533,10.431438446044922,0.009816103614866734,0.0028104058001190424,0.09907624870538712
2429,0.03904398903250694,1e-07,0.034659315,51.732536,0.0015874375,0.0012343406,0.039842658,0.04727218300104141,0.0934211015701294,10.431131362915039,0.009815664030611515,0.002810269594192505,0.09907403588294983
2430,0.039043959230184555,1e-07,0.034659293,51.732525,0.0015874365,0.0012343397,0.039842647,0.0472717247903347,0.09341856092214584,10.430827140808105,0.009815230034291744,0.0028101366478949785,0.09907184541225433
2431,0.03904392942786217,1e-07,0.034659285,51.732525,0.001587436,0.0012343396,0.03984264,0.047271259129047394,0.09341602772474289,10.430523872375488,0.009814797900617123,0.0028100048657506704,0.09906966239213943
2432,0.03904389590024948,1e-07,0.03465926,51.73251,0.0015874346,0.0012343389,0.03984262,0.04727080464363098,0.09341353178024292,10.43022632598877,0.009814372286200523,0.002809874713420868,0.09906751662492752
2433,0.039043866097927094,1e-07,0.034659255,51.732513,0.0015874346,0.0012343387,0.03984262,0.04727035388350487,0.09341102838516235,10.429926872253418,0.009813944809138775,0.002809742698445916,0.09906535595655441
2434,0.039043840020895004,1e-07,0.03465923,51.732494,0.0015874334,0.0012343379,0.03984261,0.04726991057395935,0.09340864419937134,10.429640769958496,0.009813539683818817,0.0028096195310354233,0.09906331449747086
2435,0.03904380649328232,1e-07,0.03465922,51.73249,0.0015874329,0.0012343378,0.039842602,0.047269467264413834,0.09340620040893555,10.429348945617676,0.00981312058866024,0.0028094917070120573,0.09906119853258133
2436,0.03904377669095993,1e-07,0.034659203,51.73248,0.0015874319,0.001234337,0.039842587,0.04726902395486832,0.09340376406908035,10.429059028625488,0.009812706150114536,0.0028093636501580477,0.0990591049194336
2437,0.03904374688863754,1e-07,0.0346592,51.73247,0.0015874316,0.0012343369,0.039842587,0.04726859927177429,0.0934014543890953,10.428780555725098,0.009812313131988049,0.002809243043884635,0.09905712306499481
2438,0.039043717086315155,1e-07,0.034659162,51.732456,0.0015874298,0.0012343358,0.03984256,0.047268155962228775,0.0933990553021431,10.428495407104492,0.009811903350055218,0.0028091175481677055,0.09905505180358887
2439,0.03904368355870247,1e-07,0.034659144,51.73245,0.0015874284,0.001234335,0.039842546,0.04726773127913475,0.09339672327041626,10.428215980529785,0.009811506606638432,0.002808996243402362,0.0990530475974083
2440,0.03904365375638008,1e-07,0.034659144,51.732445,0.0015874284,0.0012343351,0.039842546,0.04726731777191162,0.09339448064565659,10.427947044372559,0.009811121970415115,0.0028088779654353857,0.0990511104464531
2441,0.039043620228767395,1e-07,0.034659125,51.732433,0.0015874273,0.0012343345,0.03984253,0.047266893088817596,0.09339216351509094,10.427671432495117,0.009810728020966053,0.0028087578248232603,0.09904912114143372
2442,0.039043594151735306,1e-07,0.03465911,51.732395,0.001587426,0.0012343334,0.039842516,0.04726647958159447,0.09338992089033127,10.42740249633789,0.009810342453420162,0.002808639081194997,0.09904717653989792
2443,0.03904356434941292,1e-07,0.034659095,51.73242,0.001587426,0.0012343334,0.039842516,0.04726606607437134,0.0933876633644104,10.427132606506348,0.00980996061116457,0.0028085215017199516,0.09904524683952332
2444,0.039043527096509933,1e-07,0.03465908,51.732395,0.0015874244,0.0012343323,0.039842494,0.047265660017728806,0.09338545054197311,10.426868438720703,0.009809582494199276,0.002808406250551343,0.0990433394908905
2445,0.039043501019477844,1e-07,0.034659065,51.732395,0.0015874242,0.0012343323,0.039842494,0.04726525768637657,0.09338328242301941,10.42660903930664,0.009809212759137154,0.0028082935605198145,0.09904146939516068
2446,0.03904346749186516,1e-07,0.03465905,51.73238,0.0015874231,0.0012343315,0.03984248,0.047264859080314636,0.0933811292052269,10.426350593566895,0.00980884488672018,0.002808178076520562,0.09903961420059204
2447,0.03904344141483307,1e-07,0.034659036,51.73236,0.001587422,0.0012343306,0.039842464,0.047264464199543,0.0933789536356926,10.426091194152832,0.009808472357690334,0.002808064455166459,0.09903772920370102
2448,0.03904341161251068,1e-07,0.03465902,51.73236,0.0015874215,0.0012343305,0.03984246,0.04726406931877136,0.09337683767080307,10.425838470458984,0.009808112867176533,0.0028079559560865164,0.09903591871261597
2449,0.03904338181018829,1e-07,0.034659006,51.73235,0.0015874205,0.0012343299,0.039842445,0.04726368188858032,0.09337472170591354,10.42558479309082,0.009807751514017582,0.002807843731716275,0.09903409332036972
2450,0.039043352007865906,1e-07,0.03465899,51.73234,0.0015874197,0.0012343292,0.039842434,0.04726330190896988,0.09337267279624939,10.425339698791504,0.009807403199374676,0.0028077384922653437,0.09903233498334885
2451,0.03904331475496292,1e-07,0.034658965,51.732327,0.0015874185,0.0012343286,0.03984242,0.047262921929359436,0.09337062388658524,10.425095558166504,0.00980705488473177,0.0028076295275241137,0.09903057664632797
2452,0.03904328495264053,1e-07,0.034658957,51.73233,0.0015874179,0.0012343284,0.039842412,0.04726254194974899,0.09336855262517929,10.424846649169922,0.009806700982153416,0.0028075221925973892,0.09902878850698471
2453,0.039043255150318146,1e-07,0.034658942,51.732327,0.0015874176,0.0012343283,0.03984241,0.04726216942071915,0.09336656332015991,10.424610137939453,0.009806360118091106,0.0028074176516383886,0.09902706742286682
2454,0.03904322534799576,1e-07,0.03465893,51.732323,0.0015874166,0.0012343276,0.039842397,0.047261793166399,0.09336453676223755,10.424368858337402,0.009806014597415924,0.0028073126450181007,0.09902532398700714
2455,0.03904319554567337,1e-07,0.034658913,51.732292,0.001587415,0.0012343263,0.03984238,0.04726143181324005,0.09336259216070175,10.424134254455566,0.009805683046579361,0.002807210199534893,0.09902364760637283
2456,0.03904316574335098,1e-07,0.0346589,51.73229,0.0015874142,0.0012343263,0.039842367,0.0472610704600811,0.09336064010858536,10.423901557922363,0.009805352427065372,0.002807109383866191,0.09902197867631912
2457,0.039043132215738297,1e-07,0.03465887,51.732277,0.0015874133,0.0012343255,0.039842356,0.04726070910692215,0.09335869550704956,10.42366886138916,0.00980501901358366,0.0028070053085684776,0.09902029484510422
2458,0.03904310241341591,1e-07,0.03465887,51.732277,0.0015874131,0.0012343255,0.039842352,0.0472603514790535,0.09335678070783615,10.423439979553223,0.00980469211935997,0.0028069056570529938,0.0990186482667923
2459,0.03904307261109352,1e-07,0.034658846,51.73226,0.0015874116,0.0012343244,0.039842334,0.047259993851184845,0.09335485845804214,10.423210144042969,0.00980436708778143,0.0028068076353520155,0.09901700168848038
2460,0.039043039083480835,1e-07,0.03465883,51.73226,0.0015874114,0.0012343243,0.03984233,0.04725964367389679,0.09335297346115112,10.422985076904297,0.009804043918848038,0.0028067075181752443,0.09901537001132965
2461,0.039043013006448746,1e-07,0.034658816,51.73224,0.0015874098,0.001234323,0.03984231,0.04725930467247963,0.09335113316774368,10.422764778137207,0.009803730994462967,0.0028066111262887716,0.0990137904882431
2462,0.03904297947883606,1e-07,0.03465879,51.732216,0.0015874082,0.001234322,0.039842293,0.04725895822048187,0.09334930032491684,10.422545433044434,0.009803417138755322,0.0028065156657248735,0.09901220351457596
2463,0.03904294967651367,1e-07,0.034658797,51.732235,0.001587409,0.0012343229,0.0398423,0.047258611768484116,0.0933474525809288,10.422324180603027,0.009803102351725101,0.0028064176440238953,0.09901061654090881
2464,0.039042916148900986,1e-07,0.034658767,51.732185,0.0015874066,0.0012343209,0.03984227,0.047258276492357254,0.09334564954042435,10.422109603881836,0.009802795015275478,0.0028063226491212845,0.09900906682014465
2465,0.0390428863465786,1e-07,0.034658752,51.732166,0.0015874051,0.0012343199,0.03984225,0.04725794121623039,0.09334384649991989,10.421893119812012,0.00980248674750328,0.0028062283527106047,0.0990075096487999
2466,0.03904286026954651,1e-07,0.034658734,51.73216,0.0015874045,0.0012343194,0.039842244,0.04725761339068413,0.09334210306406021,10.421685218811035,0.009802192449569702,0.002806139411404729,0.09900601953268051
2467,0.03904282674193382,1e-07,0.034658723,51.732166,0.0015874038,0.001234319,0.039842237,0.047257281839847565,0.09334034472703934,10.42147445678711,0.009801891632378101,0.0028060469776391983,0.09900449961423874
2468,0.039042796939611435,1e-07,0.03465871,51.732155,0.0015874034,0.0012343191,0.03984223,0.0472569614648819,0.09333863109350204,10.421269416809082,0.009801600128412247,0.0028059575706720352,0.09900303184986115
2469,0.03904276341199875,1e-07,0.034658693,51.732155,0.0015874027,0.0012343184,0.039842222,0.04725663363933563,0.09333690255880356,10.421063423156738,0.009801303967833519,0.002805866301059723,0.09900153428316116
2470,0.03904273360967636,1e-07,0.034658678,51.73216,0.0015874022,0.0012343181,0.039842214,0.047256313264369965,0.09333518892526627,10.420859336853027,0.00980101153254509,0.0028057775925844908,0.09900005906820297
2471,0.03904270380735397,1e-07,0.034658667,51.732136,0.0015874013,0.0012343174,0.039842203,0.047256000339984894,0.09333351254463196,10.42065715789795,0.009800727479159832,0.002805690048262477,0.09899862110614777
2472,0.03904266655445099,1e-07,0.034658648,51.732113,0.0015873996,0.0012343165,0.039842185,0.04725569114089012,0.09333188086748123,10.420462608337402,0.009800449013710022,0.0028056043665856123,0.09899722039699554
2473,0.0390426404774189,1e-07,0.03465863,51.73211,0.0015873986,0.0012343159,0.03984217,0.047255367040634155,0.09333018213510513,10.420260429382324,0.009800158441066742,0.0028055154252797365,0.09899575263261795
2474,0.03904261067509651,1e-07,0.034658626,51.73211,0.0015873986,0.0012343162,0.03984217,0.04725506156682968,0.0933285728096962,10.420066833496094,0.00979988556355238,0.0028054313734173775,0.09899437427520752
2475,0.039042577147483826,1e-07,0.0346586,51.732094,0.0015873968,0.0012343146,0.039842147,0.047254759818315506,0.09332696348428726,10.419875144958496,0.009799610823392868,0.0028053459245711565,0.0989929810166359
2476,0.03904254361987114,1e-07,0.034658592,51.732105,0.0015873972,0.0012343153,0.039842155,0.04725446179509163,0.09332536906003952,10.419683456420898,0.00979933887720108,0.0028052630368620157,0.09899161010980606
2477,0.03904251381754875,1e-07,0.03465857,51.732044,0.0015873944,0.0012343129,0.039842118,0.047254160046577454,0.09332378953695297,10.419493675231934,0.009799070656299591,0.002805182011798024,0.09899025410413742
2478,0.039042484015226364,1e-07,0.03465854,51.732025,0.0015873928,0.001234312,0.0398421,0.04725386202335358,0.09332221746444702,10.419306755065918,0.009798803366720676,0.0028050988912582397,0.09898890554904938
2479,0.039042454212903976,1e-07,0.034658536,51.732025,0.0015873928,0.001234312,0.0398421,0.0472535714507103,0.09332066029310226,10.419119834899902,0.009798537939786911,0.002805018099024892,0.09898756444454193
2480,0.03904242441058159,1e-07,0.03465853,51.732037,0.0015873929,0.0012343123,0.0398421,0.04725328087806702,0.09331914782524109,10.418939590454102,0.009798279963433743,0.0028049384709447622,0.09898626059293747
2481,0.0390423946082592,1e-07,0.034658495,51.732006,0.0015873908,0.0012343108,0.039842073,0.04725298658013344,0.09331759065389633,10.418753623962402,0.009798013605177402,0.0028048567473888397,0.09898491948843002
2482,0.03904236853122711,1e-07,0.034658495,51.732006,0.0015873907,0.0012343107,0.039842073,0.04725271090865135,0.09331611543893814,10.418577194213867,0.009797763079404831,0.0028047796804457903,0.09898365288972855
2483,0.039042335003614426,1e-07,0.03465847,51.732,0.0015873894,0.00123431,0.039842054,0.04725242778658867,0.09331465512514114,10.418402671813965,0.00979751255363226,0.002804704010486603,0.09898238629102707
2484,0.03904230520129204,1e-07,0.034658458,51.731987,0.0015873882,0.001234309,0.03984204,0.047252148389816284,0.09331317991018295,10.418225288391113,0.009797261096537113,0.0028046283405274153,0.098981112241745
2485,0.03904227539896965,1e-07,0.03465845,51.731995,0.0015873883,0.0012343095,0.039842043,0.0472518652677536,0.09331170469522476,10.418049812316895,0.009797011502087116,0.0028045487124472857,0.09897985309362411
2486,0.039042241871356964,1e-07,0.03465842,51.731976,0.0015873866,0.0012343082,0.03984202,0.047251589596271515,0.09331026673316956,10.417878150939941,0.009796764701604843,0.0028044746723026037,0.09897860884666443
2487,0.03904220834374428,1e-07,0.034658406,51.731956,0.0015873854,0.0012343075,0.039842006,0.04725131765007973,0.09330883622169495,10.417706489562988,0.009796521626412868,0.002804398536682129,0.09897737950086594
2488,0.03904217854142189,1e-07,0.03465839,51.731937,0.0015873843,0.0012343066,0.03984199,0.047251030802726746,0.09330738335847855,10.417533874511719,0.009796272963285446,0.0028043228667229414,0.09897612035274506
2489,0.039042145013809204,1e-07,0.03465837,51.731937,0.0015873834,0.0012343061,0.03984198,0.04725077748298645,0.09330599755048752,10.417366981506348,0.009796039201319218,0.0028042520862072706,0.09897494316101074
2490,0.039042115211486816,1e-07,0.03465837,51.73193,0.0015873832,0.001234306,0.03984198,0.047250501811504364,0.0933045744895935,10.417197227478027,0.009795797057449818,0.002804178511723876,0.09897372126579285
2491,0.03904208540916443,1e-07,0.034658343,51.731903,0.001587381,0.0012343044,0.03984195,0.04725024104118347,0.09330324083566666,10.417037963867188,0.009795569814741611,0.002804109128192067,0.09897257387638092
2492,0.03904205560684204,1e-07,0.034658335,51.731907,0.0015873814,0.0012343047,0.039841954,0.04724998399615288,0.09330189973115921,10.416876792907715,0.009795342572033405,0.002804039278998971,0.098971426486969
2493,0.039042022079229355,1e-07,0.034658324,51.731895,0.0015873801,0.0012343038,0.03984194,0.047249726951122284,0.09330054372549057,10.416714668273926,0.009795109741389751,0.0028039664030075073,0.09897024929523468
2494,0.03904199227690697,1e-07,0.034658305,51.73188,0.0015873788,0.0012343031,0.039841924,0.04724946245551109,0.09329918771982193,10.416552543640137,0.009794878773391247,0.0028038981836289167,0.09896907955408096
2495,0.03904196247458458,1e-07,0.0346583,51.731876,0.0015873787,0.001234303,0.03984192,0.047249212861061096,0.09329789876937866,10.416398048400879,0.009794658981263638,0.002803827403113246,0.09896796941757202
2496,0.03904192894697189,1e-07,0.034658276,51.73185,0.0015873776,0.0012343021,0.03984191,0.0472489595413208,0.0932966098189354,10.416244506835938,0.009794439189136028,0.002803762210533023,0.09896685928106308
2497,0.039041899144649506,1e-07,0.03465826,51.731842,0.0015873763,0.0012343015,0.03984189,0.047248709946870804,0.09329530596733093,10.416088104248047,0.009794216603040695,0.0028036944568157196,0.09896573424339294
2498,0.03904186934232712,1e-07,0.03465825,51.731842,0.0015873759,0.0012343012,0.039841887,0.04724845662713051,0.09329402446746826,10.415935516357422,0.00979399774223566,0.0028036264702677727,0.0989646315574646
2499,0.03904183208942413,1e-07,0.034658223,51.731808,0.0015873739,0.0012342996,0.03984186,0.04724821075797081,0.09329275041818619,10.415783882141113,0.009793780744075775,0.0028035591822117567,0.09896352887153625
2500,0.039041806012392044,1e-07,0.034658216,51.73183,0.0015873739,0.0012342999,0.03984186,0.04724797606468201,0.09329152852296829,10.415637016296387,0.009793573059141636,0.0028034960851073265,0.09896248579025269
