epoch,loss,lr,mae,mse,rmse,val_loss,val_mae,val_mse,val_rmse
0,1.326230525970459,1e-04,0.20188549,0.054801963,0.2340982,1.4363051652908325,0.40121230483055115,0.16682931780815125,0.4084474444389343
1,1.3194806575775146,1e-04,0.2016921,0.05000482,0.22361758,1.4343783855438232,0.4012795388698578,0.1668774038553238,0.40850630402565
2,1.3138794898986816,1e-04,0.20156233,0.046378512,0.21535671,1.4324361085891724,0.40135496854782104,0.16693201661109924,0.4085731506347656
3,1.3092914819717407,1e-04,0.20133224,0.043787457,0.20925453,1.4304832220077515,0.4014450013637543,0.16699843108654022,0.40865442156791687
4,1.3055254220962524,1e-04,0.20095803,0.042040534,0.20503789,1.428527593612671,0.4015558362007141,0.16708175837993622,0.4087563455104828
5,1.3023667335510254,1e-04,0.2004092,0.04092079,0.20228888,1.4265742301940918,0.40169209241867065,0.16718576848506927,0.40888357162475586
6,1.2996097803115845,1e-04,0.19967538,0.040221352,0.20055261,1.4246275424957275,0.4018561840057373,0.16731244325637817,0.4090384244918823
7,1.297087550163269,1e-04,0.19876811,0.03977255,0.19943057,1.4226903915405273,0.4020484983921051,0.16746225953102112,0.4092215299606323
8,1.294681429862976,1e-04,0.19771653,0.03945336,0.19862871,1.4207638502120972,0.40226835012435913,0.16763462126255035,0.4094320833683014
9,1.2923187017440796,1e-04,0.19656062,0.039189443,0.19796324,1.4188485145568848,0.4025139808654785,0.16782823204994202,0.4096684455871582
10,1.2899638414382935,1e-04,0.19534455,0.03894352,0.19734113,1.4169435501098633,0.40278300642967224,0.1680411994457245,0.4099282920360565
11,1.2876062393188477,1e-04,0.19411165,0.038703818,0.19673286,1.415047526359558,0.4030728340148926,0.1682714968919754,0.4102090895175934
12,1.2852497100830078,1e-04,0.19290146,0.038473643,0.196147,1.413158655166626,0.40338069200515747,0.1685168445110321,0.41050803661346436
13,1.2829047441482544,1e-04,0.19174773,0.038263008,0.19560933,1.4112744331359863,0.403703510761261,0.16877488791942596,0.41082221269607544
14,1.280582070350647,1e-04,0.19067709,0.038082514,0.19514741,1.4093940258026123,0.40403833985328674,0.16904322803020477,0.41114866733551025
15,1.278290033340454,1e-04,0.18970871,0.037939202,0.19477989,1.4075144529342651,0.40438222885131836,0.1693195402622223,0.41148456931114197
16,1.2760289907455444,1e-04,0.18885407,0.037834156,0.19451004,1.4056352376937866,0.4047324061393738,0.16960151493549347,0.41182705760002136
17,1.2737957239151,1e-04,0.18811736,0.037761953,0.19432434,1.4037549495697021,0.4050864279270172,0.16988714039325714,0.41217368841171265
18,1.2715795040130615,1e-04,0.18749657,0.037711747,0.19419512,1.4018728733062744,0.40544193983078003,0.17017459869384766,0.41252222657203674
19,1.269368052482605,1e-04,0.18698493,0.037669826,0.19408716,1.3999885320663452,0.4057973027229309,0.1704624891281128,0.41287103295326233
20,1.267148733139038,1e-04,0.18657294,0.037622668,0.19396563,1.3981026411056519,0.4061512053012848,0.17074979841709137,0.41321882605552673
21,1.2649126052856445,1e-04,0.18625005,0.037559733,0.19380334,1.3962149620056152,0.4065030515193939,0.17103585600852966,0.4135648012161255
22,1.262654423713684,1e-04,0.18600601,0.03747524,0.19358523,1.3943265676498413,0.4068525731563568,0.17132055759429932,0.41390886902809143
23,1.2603744268417358,1e-04,0.18583164,0.037368536,0.19330943,1.3924378156661987,0.40720003843307495,0.1716040074825287,0.4142511487007141
24,1.2580771446228027,1e-04,0.18571894,0.03724342,0.19298553,1.3905497789382935,0.4075459837913513,0.17188668251037598,0.4145921766757965
25,1.2557694911956787,1e-04,0.18566066,0.03710643,0.19263029,1.3886631727218628,0.40789133310317993,0.17216923832893372,0.41493281722068787
26,1.253459095954895,1e-04,0.1856497,0.0369651,0.1922631,1.3867793083190918,0.4082370698451996,0.17245253920555115,0.415274053812027
27,1.2511529922485352,1e-04,0.18567862,0.036826286,0.19190176,1.3848990201950073,0.4085842967033386,0.17273740470409393,0.415616899728775
28,1.248856544494629,1e-04,0.18573913,0.03669492,0.19155918,1.3830227851867676,0.4089341163635254,0.1730247139930725,0.4159623980522156
29,1.246571660041809,1e-04,0.18582202,0.036573537,0.19124208,1.3811519145965576,0.4092874526977539,0.17331524193286896,0.41631147265434265
30,1.2442989349365234,1e-04,0.18591738,0.036462214,0.19095081,1.3792873620986938,0.40964508056640625,0.17360961437225342,0.41666486859321594
31,1.242037057876587,1e-04,0.1860151,0.03635927,0.19068107,1.3774287700653076,0.4100075364112854,0.17390818893909454,0.4170230031013489
32,1.239782452583313,1e-04,0.18610552,0.03626196,0.19042574,1.3755769729614258,0.4103749692440033,0.17421121895313263,0.41738617420196533
33,1.2375332117080688,1e-04,0.18618025,0.036167502,0.19017756,1.3737318515777588,0.41074737906455994,0.17451855540275574,0.4177541732788086
34,1.235287070274353,1e-04,0.1862325,0.03607368,0.18993072,1.3718936443328857,0.4111243188381195,0.17482991516590118,0.4181266725063324
35,1.2330430746078491,1e-04,0.18625768,0.035979345,0.18968222,1.3700612783432007,0.4115051329135895,0.1751447170972824,0.41850295662879944
36,1.230800986289978,1e-04,0.18625334,0.035884462,0.18943195,1.3682340383529663,0.4118889272212982,0.17546221613883972,0.4188821017742157
37,1.2285617589950562,1e-04,0.186219,0.03578994,0.1891823,1.366411566734314,0.4122745394706726,0.1757814586162567,0.41926300525665283
38,1.2263273000717163,1e-04,0.18615595,0.03569711,0.18893678,1.364592432975769,0.41266074776649475,0.176101416349411,0.41964438557624817
39,1.2240983247756958,1e-04,0.18606648,0.035607316,0.188699,1.3627755641937256,0.413046270608902,0.17642104625701904,0.4200250506401062
40,1.2218759059906006,1e-04,0.1859538,0.035521425,0.18847129,1.3609602451324463,0.4134296774864197,0.1767391711473465,0.4204035699367523
41,1.2196606397628784,1e-04,0.18582128,0.035439562,0.18825398,1.3591448068618774,0.4138098657131195,0.17705479264259338,0.4207787811756134
42,1.2174509763717651,1e-04,0.18567222,0.035361055,0.18804535,1.3573288917541504,0.4141858220100403,0.17736706137657166,0.42114970088005066
43,1.215246558189392,1e-04,0.18550974,0.03528467,0.18784213,1.3555114269256592,0.4145565629005432,0.17767521739006042,0.4215153753757477
44,1.2130448818206787,1e-04,0.18533634,0.035208806,0.1876401,1.3536925315856934,0.41492152214050293,0.1779787838459015,0.42187532782554626
45,1.210845708847046,1e-04,0.18515404,0.035132,0.18743531,1.351871371269226,0.41528040170669556,0.1782774180173874,0.4222291111946106
46,1.2086471319198608,1e-04,0.18496428,0.035053164,0.1872249,1.3500481843948364,0.41563329100608826,0.1785711944103241,0.4225768446922302
47,1.2064486742019653,1e-04,0.18476802,0.03497182,0.18700753,1.3482228517532349,0.41598033905029297,0.17886030673980713,0.42291879653930664
48,1.2042505741119385,1e-04,0.18456563,0.034888066,0.18678348,1.3463966846466064,0.41632217168807983,0.1791451871395111,0.42325547337532043
49,1.2020540237426758,1e-04,0.18435703,0.03480249,0.18655425,1.344569206237793,0.41665950417518616,0.17942646145820618,0.4235876202583313
50,1.1998586654663086,1e-04,0.18414174,0.034715887,0.186322,1.3427423238754272,0.4169932007789612,0.17970483005046844,0.4239160716533661
51,1.1976666450500488,1e-04,0.18391904,0.03462907,0.18608887,1.3409160375595093,0.41732415556907654,0.17998109757900238,0.4242417812347412
52,1.1954774856567383,1e-04,0.18368801,0.034542613,0.18585643,1.339091420173645,0.4176533818244934,0.18025603890419006,0.42456570267677307
53,1.193292260169983,1e-04,0.1834477,0.034456804,0.18562543,1.3372689485549927,0.41798171401023865,0.18053045868873596,0.4248887598514557
54,1.1911100149154663,1e-04,0.1831975,0.03437165,0.18539593,1.3354498147964478,0.4183100759983063,0.1808050125837326,0.42521172761917114
55,1.1889317035675049,1e-04,0.18293707,0.034286965,0.1851674,1.3336336612701416,0.41863900423049927,0.18108023703098297,0.4255352318286896
56,1.1867560148239136,1e-04,0.18266663,0.034202494,0.18493916,1.331822156906128,0.41896897554397583,0.1813565194606781,0.4258597493171692
57,1.1845837831497192,1e-04,0.18238719,0.03411808,0.1847108,1.3300145864486694,0.4193003177642822,0.18163423240184784,0.426185667514801
58,1.182413935661316,1e-04,0.18210013,0.034033634,0.18448207,1.3282115459442139,0.419633150100708,0.18191339075565338,0.42651304602622986
59,1.18024742603302,1e-04,0.18180759,0.03394928,0.1842533,1.3264124393463135,0.4199674725532532,0.18219399452209473,0.4268418848514557
60,1.1780837774276733,1e-04,0.18151204,0.033865236,0.1840251,1.324617624282837,0.4203030467033386,0.1824759691953659,0.42717206478118896
61,1.175923466682434,1e-04,0.18121623,0.033781745,0.1837981,1.3228267431259155,0.4206397533416748,0.18275907635688782,0.4275033175945282
62,1.1737667322158813,1e-04,0.18092293,0.03369906,0.18357304,1.3210396766662598,0.4209771156311035,0.18304303288459778,0.42783528566360474
63,1.1716139316558838,1e-04,0.18063484,0.033617284,0.18335016,1.3192554712295532,0.4213148057460785,0.1833275854587555,0.4281677007675171
64,1.169464349746704,1e-04,0.18035425,0.033536427,0.18312953,1.317474126815796,0.4216526448726654,0.18361246585845947,0.4285002648830414
65,1.1673179864883423,1e-04,0.18008313,0.033456378,0.18291084,1.3156962394714355,0.421990305185318,0.183897465467453,0.42883267998695374
66,1.1651756763458252,1e-04,0.1798229,0.03337696,0.18269362,1.313920497894287,0.42232751846313477,0.18418239057064056,0.4291647672653198
67,1.1630359888076782,1e-04,0.17957436,0.033297963,0.1824773,1.3121473789215088,0.42266425490379333,0.18446722626686096,0.4294964671134949
68,1.1608994007110596,1e-04,0.17933783,0.033219226,0.18226142,1.3103773593902588,0.4230005741119385,0.18475192785263062,0.4298277795314789
69,1.1587660312652588,1e-04,0.17911316,0.03314068,0.18204582,1.3086097240447998,0.4233365058898926,0.18503661453723907,0.4301588237285614
70,1.1566352844238281,1e-04,0.17889954,0.03306227,0.18183033,1.30684494972229,0.4236721992492676,0.1853213757276535,0.4304896891117096
71,1.1545076370239258,1e-04,0.17869595,0.03298407,0.18161517,1.3050833940505981,0.42400795221328735,0.185606449842453,0.43082067370414734
72,1.1523830890655518,1e-04,0.17850092,0.032906115,0.18140043,1.3033252954483032,0.4243439733982086,0.1858920305967331,0.43115198612213135
73,1.1502617597579956,1e-04,0.17831281,0.03282849,0.18118635,1.3015706539154053,0.4246804714202881,0.1861782819032669,0.43148380517959595
74,1.1481435298919678,1e-04,0.17812985,0.03275118,0.18097287,1.299820065498352,0.42501774430274963,0.18646544218063354,0.4318164587020874
75,1.1460288763046265,1e-04,0.17795037,0.032674212,0.1807601,1.298073172569275,0.42535582184791565,0.18675358593463898,0.4321499466896057
76,1.143917202949524,1e-04,0.17777263,0.0325975,0.18054777,1.296330451965332,0.42569488286972046,0.18704280257225037,0.4324844479560852
77,1.1418087482452393,1e-04,0.17759532,0.032521013,0.18033583,1.2945917844772339,0.4260348379611969,0.18733301758766174,0.43281984329223633
78,1.1397035121917725,1e-04,0.17741726,0.032444686,0.18012409,1.2928574085235596,0.42637568712234497,0.1876242458820343,0.4331561326980591
79,1.137601613998413,1e-04,0.17723761,0.032368496,0.17991246,1.2911264896392822,0.4267171025276184,0.18791620433330536,0.4334930181503296
80,1.1355026960372925,1e-04,0.1770559,0.032292422,0.17970093,1.2893996238708496,0.4270588755607605,0.18820874392986298,0.4338303208351135
81,1.1334073543548584,1e-04,0.17687193,0.032216497,0.17948954,1.2876758575439453,0.42740073800086975,0.18850156664848328,0.43416768312454224
82,1.131314992904663,1e-04,0.17668565,0.032140713,0.17927831,1.2859553098678589,0.4277423024177551,0.18879440426826477,0.43450477719306946
83,1.1292259693145752,1e-04,0.17649744,0.032065123,0.17906737,1.2842375040054321,0.42808324098587036,0.1890868842601776,0.43484121561050415
84,1.1271402835845947,1e-04,0.17630757,0.03198971,0.17885667,1.282522201538086,0.4284231662750244,0.1893787384033203,0.43517667055130005
85,1.1250579357147217,1e-04,0.1761165,0.031914476,0.17864624,1.2808094024658203,0.42876189947128296,0.18966980278491974,0.4355109632015228
86,1.1229790449142456,1e-04,0.17592451,0.031839393,0.17843597,1.279098391532898,0.4290991425514221,0.18995976448059082,0.43584373593330383
87,1.1209031343460083,1e-04,0.17573191,0.031764425,0.17822577,1.2773895263671875,0.42943471670150757,0.1902485489845276,0.4361748993396759
88,1.1188305616378784,1e-04,0.175539,0.031689547,0.17801557,1.2756824493408203,0.4297686517238617,0.19053608179092407,0.43650439381599426
89,1.1167610883712769,1e-04,0.17534582,0.03161474,0.17780533,1.2739776372909546,0.43010082840919495,0.19082233309745789,0.43683215975761414
90,1.1146953105926514,1e-04,0.17515229,0.03154001,0.17759508,1.2722746133804321,0.4304313659667969,0.1911073625087738,0.4371582865715027
91,1.1126325130462646,1e-04,0.17495824,0.031465318,0.17738466,1.2705732583999634,0.4307604730129242,0.19139134883880615,0.4374829828739166
92,1.1105725765228271,1e-04,0.17476346,0.03139071,0.17717424,1.2688744068145752,0.4310882091522217,0.1916743963956833,0.4378063380718231
93,1.1085162162780762,1e-04,0.17456767,0.03131619,0.1769638,1.2671781778335571,0.4314149022102356,0.19195666909217834,0.43812859058380127
94,1.1064633131027222,1e-04,0.17437056,0.031241767,0.1767534,1.26548433303833,0.43174058198928833,0.19223833084106445,0.4384499192237854
95,1.1044135093688965,1e-04,0.17417194,0.03116744,0.17654303,1.2637934684753418,0.43206557631492615,0.19251962006092072,0.438770592212677
96,1.1023670434951782,1e-04,0.17397165,0.031093227,0.17633271,1.2621054649353027,0.43239012360572815,0.1928006410598755,0.43909069895744324
97,1.1003239154815674,1e-04,0.17376961,0.031019105,0.17612241,1.260420322418213,0.43271416425704956,0.19308149814605713,0.43941038846969604
98,1.0982838869094849,1e-04,0.17356588,0.030945092,0.17591217,1.2587382793426514,0.4330379366874695,0.19336232542991638,0.43972983956336975
99,1.0962470769882202,1e-04,0.17336068,0.030871192,0.17570199,1.2570593357086182,0.4333615303039551,0.19364313781261444,0.44004902243614197
100,1.094213604927063,1e-04,0.1731543,0.030797403,0.17549188,1.2553834915161133,0.4336848258972168,0.1939239650964737,0.44036799669265747
101,1.092183232307434,1e-04,0.17294717,0.030723738,0.17528188,1.2537109851837158,0.43400782346725464,0.19420477747917175,0.4406867027282715
102,1.0901564359664917,1e-04,0.17273971,0.030650225,0.17507206,1.2520414590835571,0.43433061242103577,0.19448554515838623,0.441005140542984
103,1.0881328582763672,1e-04,0.17253241,0.030576846,0.17486235,1.2503752708435059,0.43465298414230347,0.19476622343063354,0.44132325053215027
104,1.08611261844635,1e-04,0.17232576,0.030503627,0.17465287,1.2487115859985352,0.4349749684333801,0.19504675269126892,0.4416409730911255
105,1.0840954780578613,1e-04,0.17212023,0.030430567,0.17444359,1.2470507621765137,0.4352964460849762,0.19532708823680878,0.4419582486152649
106,1.0820813179016113,1e-04,0.17191602,0.030357659,0.1742345,1.24539315700531,0.43561750650405884,0.1956072300672531,0.4422750473022461
107,1.0800708532333374,1e-04,0.17171356,0.030284928,0.17402565,1.2437385320663452,0.4359379708766937,0.19588713347911835,0.4425913989543915
108,1.078063726425171,1e-04,0.17151284,0.030212335,0.17381696,1.24208664894104,0.436257928609848,0.1961667835712433,0.4429071843624115
109,1.0760598182678223,1e-04,0.17131393,0.03013991,0.1736085,1.2404375076293945,0.4365774095058441,0.1964462399482727,0.4432225525379181
110,1.0740588903427124,1e-04,0.1711167,0.030067625,0.1734002,1.2387913465499878,0.436896413564682,0.19672547280788422,0.4435374438762665
111,1.07206130027771,1e-04,0.17092101,0.029995482,0.17319204,1.2371482849121094,0.43721503019332886,0.19700458645820618,0.4438519775867462
112,1.0700671672821045,1e-04,0.17072661,0.029923502,0.17298411,1.2355082035064697,0.43753328919410706,0.19728359580039978,0.4441661834716797
113,1.0680763721466064,1e-04,0.1705332,0.029851664,0.17277634,1.2338712215423584,0.4378511309623718,0.19756253063678741,0.4444800615310669
114,1.0660886764526367,1e-04,0.17034046,0.029779969,0.17256874,1.2322371006011963,0.43816882371902466,0.19784143567085266,0.444793701171875
115,1.0641040802001953,1e-04,0.1701481,0.029708412,0.17236128,1.2306064367294312,0.4384861886501312,0.1981203258037567,0.445107102394104
116,1.06212317943573,1e-04,0.16995588,0.029636992,0.17215398,1.2289787530899048,0.4388032853603363,0.19839917123317719,0.44542020559310913
117,1.0601452589035034,1e-04,0.16976357,0.029565694,0.17194678,1.2273542881011963,0.4391200542449951,0.19867797195911407,0.44573307037353516
118,1.0581709146499634,1e-04,0.169571,0.029494531,0.17173973,1.2257325649261475,0.43943649530410767,0.1989566534757614,0.44604557752609253
119,1.056199312210083,1e-04,0.16937812,0.029423488,0.17153277,1.2241140604019165,0.4397525191307068,0.199235200881958,0.44635769724845886
120,1.0542314052581787,1e-04,0.16918486,0.029352574,0.17132592,1.2224980592727661,0.4400680661201477,0.1995134800672531,0.4466693103313446
121,1.0522663593292236,1e-04,0.16899125,0.029281775,0.17111918,1.2208853960037231,0.44038301706314087,0.19979147613048553,0.44698038697242737
122,1.050304889678955,1e-04,0.16879734,0.029211095,0.17091253,1.2192751169204712,0.4406972825527191,0.20006904006004333,0.4472907781600952
123,1.0483466386795044,1e-04,0.16860321,0.029140532,0.17070597,1.217667818069458,0.44101080298423767,0.2003462016582489,0.44760048389434814
124,1.0463917255401611,1e-04,0.16840895,0.029070098,0.17049955,1.2160627841949463,0.44132351875305176,0.2006227672100067,0.44790932536125183
125,1.0444397926330566,1e-04,0.16821457,0.028999764,0.17029317,1.2144603729248047,0.4416353106498718,0.20089876651763916,0.44821733236312866
126,1.0424911975860596,1e-04,0.16802023,0.02892956,0.17008692,1.2128607034683228,0.44194626808166504,0.20117421448230743,0.44852447509765625
127,1.04054594039917,1e-04,0.16782585,0.028859459,0.16988072,1.2112635374069214,0.44225627183914185,0.2014489620923996,0.44883066415786743
128,1.0386041402816772,1e-04,0.16763152,0.028789487,0.16967465,1.209668755531311,0.44256535172462463,0.2017230987548828,0.449135959148407
129,1.0366652011871338,1e-04,0.16743717,0.028719617,0.16946863,1.2080765962600708,0.4428735673427582,0.20199668407440186,0.4494404196739197
130,1.0347298383712769,1e-04,0.1672428,0.028649868,0.16926272,1.2064870595932007,0.44318094849586487,0.20226970314979553,0.4497440457344055
131,1.0327975749969482,1e-04,0.16704832,0.028580235,0.16905689,1.2048999071121216,0.4434874951839447,0.20254215598106384,0.4500468373298645
132,1.030868411064148,1e-04,0.1668537,0.028510721,0.16885118,1.2033157348632812,0.44379329681396484,0.20281419157981873,0.45034897327423096
133,1.0289428234100342,1e-04,0.16665888,0.028441321,0.16864555,1.2017337083816528,0.44409847259521484,0.2030857503414154,0.4506503641605377
134,1.02701997756958,1e-04,0.16646384,0.028372042,0.16844003,1.2001549005508423,0.4444029927253723,0.20335695147514343,0.45095115900039673
135,1.025100827217102,1e-04,0.16626853,0.028302886,0.16823462,1.1985787153244019,0.44470682740211487,0.20362775027751923,0.4512513279914856
136,1.0231847763061523,1e-04,0.16607301,0.028233849,0.16802931,1.197005033493042,0.44501009583473206,0.20389822125434875,0.4515509009361267
137,1.0212717056274414,1e-04,0.16587727,0.028164933,0.1678241,1.1954345703125,0.4453127384185791,0.20416834950447083,0.45184990763664246
138,1.0193623304367065,1e-04,0.16568139,0.028096141,0.16761903,1.19386625289917,0.4456148147583008,0.20443813502788544,0.45214834809303284
139,1.0174556970596313,1e-04,0.16548547,0.028027484,0.16741411,1.1923012733459473,0.4459163248538971,0.2047075778245926,0.45244622230529785
140,1.0155526399612427,1e-04,0.16528954,0.027958946,0.16720928,1.1907389163970947,0.44621720910072327,0.20497667789459229,0.4527435004711151
141,1.0136528015136719,1e-04,0.16509366,0.027890537,0.1670046,1.1891791820526123,0.4465174674987793,0.20524542033672333,0.4530401825904846
142,1.0117560625076294,1e-04,0.16489798,0.027822264,0.16680007,1.1876220703125,0.4468171000480652,0.20551371574401855,0.4533362090587616
143,1.0098625421524048,1e-04,0.16470252,0.027754111,0.16659565,1.1860679388046265,0.44711607694625854,0.2057816982269287,0.4536316692829132
144,1.007972240447998,1e-04,0.16450731,0.02768609,0.16639137,1.1845160722732544,0.4474143981933594,0.20604920387268066,0.4539264440536499
145,1.0060850381851196,1e-04,0.16431244,0.027618201,0.16618724,1.182967185974121,0.4477120339870453,0.20631630718708038,0.45422056317329407
146,1.0042012929916382,1e-04,0.16411789,0.02755045,0.16598327,1.1814206838607788,0.44800901412963867,0.20658297836780548,0.4545139968395233
147,1.0023205280303955,1e-04,0.16392359,0.027482819,0.16577943,1.1798769235610962,0.44830530881881714,0.20684924721717834,0.4548068344593048
148,1.0004431009292603,1e-04,0.16372958,0.027415322,0.16557573,1.1783360242843628,0.4486009478569031,0.20711509883403778,0.4550989866256714
149,0.9985688924789429,1e-04,0.16353576,0.027347954,0.16537216,1.1767977476119995,0.4488959312438965,0.2073805332183838,0.4553905427455902
150,0.9966978430747986,1e-04,0.16334207,0.027280716,0.16516875,1.1752619743347168,0.44919028878211975,0.20764556527137756,0.4556814432144165
151,0.9948300719261169,1e-04,0.16314851,0.02721361,0.16496548,1.1737289428710938,0.4494839608669281,0.20791015028953552,0.4559716582298279
152,0.9929654598236084,1e-04,0.16295497,0.027146634,0.16476235,1.1721985340118408,0.44977694749832153,0.20817431807518005,0.4562612473964691
153,0.991104006767273,1e-04,0.16276146,0.027079782,0.16455935,1.170670747756958,0.45006927847862244,0.20843808352947235,0.4565502107143402
154,0.9892457127571106,1e-04,0.16256791,0.027013065,0.16435651,1.1691457033157349,0.4503609538078308,0.20870141685009003,0.4568384885787964
155,0.9873906970024109,1e-04,0.16237426,0.026946472,0.1641538,1.1676230430603027,0.45065194368362427,0.2089643031358719,0.4571261405944824
156,0.9855387210845947,1e-04,0.16218059,0.026880005,0.16395123,1.1661031246185303,0.45094218850135803,0.20922665297985077,0.457412987947464
157,0.9836902022361755,1e-04,0.16198683,0.02681366,0.16374877,1.164581060409546,0.4512324929237366,0.20948922634124756,0.4576999247074127
158,0.9818390607833862,1e-04,0.16179249,0.026747257,0.16354589,1.163066029548645,0.45152121782302856,0.20975057780742645,0.4579853415489197
159,0.9799966812133789,1e-04,0.16159862,0.026681172,0.16334373,1.161553978919983,0.45180922746658325,0.21001143753528595,0.45827004313468933
160,0.978157639503479,1e-04,0.16140477,0.02661521,0.16314168,1.1600438356399536,0.4520963728427887,0.2102716863155365,0.45855391025543213
161,0.9763215184211731,1e-04,0.16121098,0.026549386,0.16293982,1.1585365533828735,0.45238274335861206,0.21053139865398407,0.45883700251579285
162,0.9744887948036194,1e-04,0.16101718,0.026483685,0.16273808,1.1570316553115845,0.45266827940940857,0.2107905149459839,0.4591192901134491
163,0.972659170627594,1e-04,0.16082345,0.026418118,0.16253652,1.1555290222167969,0.4529530107975006,0.21104903519153595,0.4594007432460785
164,0.9708325862884521,1e-04,0.16062975,0.026352666,0.16233504,1.1540286540985107,0.4532368779182434,0.21130697429180145,0.4596813917160034
165,0.9690091013908386,1e-04,0.16043612,0.026287355,0.16213375,1.1525312662124634,0.4535199999809265,0.2115643471479416,0.4599612355232239
166,0.9671890139579773,1e-04,0.16024256,0.02622217,0.1619326,1.151036024093628,0.4538022577762604,0.21182115375995636,0.46024033427238464
167,0.9653719067573547,1e-04,0.16004902,0.026157107,0.16173159,1.1495431661605835,0.45408374071121216,0.21207737922668457,0.46051859855651855
168,0.9635579586029053,1e-04,0.15985553,0.026092183,0.16153075,1.1480529308319092,0.45436444878578186,0.2123330533504486,0.4607961177825928
169,0.9617472290992737,1e-04,0.15966208,0.026027385,0.16133004,1.1465650796890259,0.4546443819999695,0.21258819103240967,0.4610728621482849
170,0.9599395990371704,1e-04,0.15946867,0.02596272,0.16112952,1.1450799703598022,0.454923540353775,0.21284279227256775,0.46134889125823975
171,0.9581353068351746,1e-04,0.15927528,0.025898188,0.16092914,1.1435967683792114,0.4552019536495209,0.21309682726860046,0.4616241157054901
172,0.9563337564468384,1e-04,0.1590819,0.025833782,0.1607289,1.1421163082122803,0.45547962188720703,0.21335037052631378,0.46189865469932556
173,0.9545354843139648,1e-04,0.1588886,0.025769513,0.16052885,1.1406385898590088,0.4557564854621887,0.21360334753990173,0.46217241883277893
174,0.952740490436554,1e-04,0.15869531,0.025705379,0.16032897,1.1391630172729492,0.4560326635837555,0.2138557881116867,0.4624454379081726
175,0.9509485960006714,1e-04,0.15850212,0.02564137,0.16012923,1.1376898288726807,0.4563080370426178,0.2141077220439911,0.462717741727829
176,0.949159562587738,1e-04,0.15830897,0.025577495,0.15992966,1.1362190246582031,0.456582635641098,0.21435904502868652,0.4629892408847809
177,0.9473738074302673,1e-04,0.15811592,0.025513757,0.15973027,1.1347509622573853,0.4568564295768738,0.21460989117622375,0.46326005458831787
178,0.9455912709236145,1e-04,0.15792298,0.02545015,0.15953103,1.1332850456237793,0.45712947845458984,0.21486008167266846,0.463530033826828
179,0.9438116550445557,1e-04,0.15773016,0.02538668,0.15933198,1.1318215131759644,0.45740169286727905,0.21510973572731018,0.46379923820495605
180,0.9420350193977356,1e-04,0.1575374,0.025323331,0.15913306,1.1303606033325195,0.45767316222190857,0.21535876393318176,0.46406763792037964
181,0.940261960029602,1e-04,0.15734485,0.025260134,0.15893437,1.1289018392562866,0.45794373750686646,0.21560721099376678,0.46433523297309875
182,0.9384916424751282,1e-04,0.15715235,0.025197057,0.15873581,1.1274453401565552,0.4582135081291199,0.21585504710674286,0.4646020233631134
183,0.9367244839668274,1e-04,0.15696,0.025134115,0.15853742,1.125991702079773,0.4584825038909912,0.21610227227210999,0.4648680090904236
184,0.934960663318634,1e-04,0.15676776,0.025071321,0.15833926,1.1245399713516235,0.4587506651878357,0.21634893119335175,0.4651332497596741
185,0.9331996440887451,1e-04,0.15657559,0.025008645,0.15814123,1.1230907440185547,0.4590180516242981,0.21659493446350098,0.46539759635925293
186,0.9314419031143188,1e-04,0.1563835,0.024946105,0.15794335,1.1216436624526978,0.4592844843864441,0.21684029698371887,0.4656611382961273
187,0.929686963558197,1e-04,0.1561915,0.0248837,0.15774569,1.1201987266540527,0.45955008268356323,0.21708503365516663,0.46592384576797485
188,0.9279351234436035,1e-04,0.15599959,0.02482143,0.15754819,1.118756651878357,0.4598149359226227,0.21732914447784424,0.4661857485771179
189,0.926186740398407,1e-04,0.15580772,0.024759294,0.15735087,1.117316484451294,0.4600788950920105,0.2175726443529129,0.46644681692123413
190,0.9244411587715149,1e-04,0.1556159,0.024697293,0.15715373,1.115878701210022,0.46034201979637146,0.21781544387340546,0.4667070209980011
191,0.9226986765861511,1e-04,0.15542415,0.024635412,0.15695672,1.1144431829452515,0.4606042802333832,0.21805763244628906,0.4669664204120636
192,0.9209591746330261,1e-04,0.15523249,0.02457367,0.15675992,1.1130099296569824,0.46086564660072327,0.21829912066459656,0.46722492575645447
193,0.919222891330719,1e-04,0.1550409,0.024512079,0.15656334,1.1115788221359253,0.4611261785030365,0.21853995323181152,0.4674825668334961
194,0.9174895882606506,1e-04,0.15484938,0.024450602,0.15636688,1.1101500988006592,0.4613857865333557,0.21878008544445038,0.4677393436431885
195,0.9157593250274658,1e-04,0.15465797,0.024389269,0.15617064,1.108723759651184,0.4616445004940033,0.2190195620059967,0.4679952561855316
196,0.9140321612358093,1e-04,0.15446664,0.024328072,0.15597458,1.1072994470596313,0.461902379989624,0.2192583531141281,0.4682503044605255
197,0.9123080372810364,1e-04,0.15427542,0.024267001,0.15577869,1.105877161026001,0.46215933561325073,0.21949641406536102,0.4685044586658478
198,0.9105867147445679,1e-04,0.15408434,0.024206072,0.15558301,1.1044572591781616,0.4624153971672058,0.2197338044643402,0.4687577188014984
199,0.9088687896728516,1e-04,0.1538933,0.024145268,0.15538748,1.1030393838882446,0.46267056465148926,0.2199704945087433,0.4690101146697998
200,0.9071534872055054,1e-04,0.15370244,0.024084605,0.15519215,1.1016240119934082,0.4629248082637787,0.22020645439624786,0.46926161646842957
201,0.9054415225982666,1e-04,0.15351166,0.024024079,0.15499702,1.1002105474472046,0.4631781578063965,0.22044169902801514,0.4695121943950653
202,0.9037325978279114,1e-04,0.15332101,0.023963686,0.15480208,1.098799467086792,0.46343058347702026,0.2206762731075287,0.4697619378566742
203,0.9020266532897949,1e-04,0.15313047,0.023903428,0.15460734,1.0973904132843018,0.4636821746826172,0.22091011703014374,0.47001075744628906
204,0.9003234505653381,1e-04,0.15294002,0.023843296,0.15441275,1.0959835052490234,0.4639328420162201,0.22114324569702148,0.4702587127685547
205,0.8986235857009888,1e-04,0.1527497,0.023783308,0.15421838,1.0945788621902466,0.46418261528015137,0.22137565910816193,0.4705057442188263
206,0.8969265818595886,1e-04,0.1525595,0.02372345,0.15402418,1.0931763648986816,0.46443137526512146,0.22160732746124268,0.47075188159942627
207,0.8952327370643616,1e-04,0.15236941,0.023663726,0.15383019,1.0917761325836182,0.46467939019203186,0.2218383103609085,0.470997154712677
208,0.8935418725013733,1e-04,0.15217945,0.023604142,0.1536364,1.0903775691986084,0.4649263322353363,0.22206851840019226,0.47124147415161133
209,0.8918537497520447,1e-04,0.15198956,0.023544688,0.15344279,1.0889813899993896,0.4651724696159363,0.2222980260848999,0.4714849293231964
210,0.8901687860488892,1e-04,0.15179984,0.023485372,0.15324938,1.0875874757766724,0.46541762351989746,0.22252675890922546,0.4717274308204651
211,0.8884869813919067,1e-04,0.15161024,0.023426188,0.15305616,1.086195468902588,0.46566182374954224,0.22275471687316895,0.47196897864341736
212,0.886807918548584,1e-04,0.15142077,0.023367144,0.15286316,1.0848056077957153,0.465905100107193,0.22298195958137512,0.4722096621990204
213,0.8851318359375,1e-04,0.15123142,0.023308234,0.15267034,1.0834177732467651,0.46614742279052734,0.22320838272571564,0.47244933247566223
214,0.8834588527679443,1e-04,0.15104222,0.023249457,0.15247773,1.0820319652557373,0.4663887917995453,0.22343404591083527,0.47268810868263245
215,0.8817887306213379,1e-04,0.15085313,0.02319081,0.1522853,1.0806481838226318,0.46662917733192444,0.22365891933441162,0.47292590141296387
216,0.8801215887069702,1e-04,0.15066418,0.023132302,0.15209307,1.0792665481567383,0.4668685793876648,0.2238829880952835,0.4731627404689789
217,0.8784575462341309,1e-04,0.15047538,0.02307393,0.15190105,1.077886939048767,0.46710699796676636,0.22410626709461212,0.4733986258506775
218,0.8767963647842407,1e-04,0.1502867,0.023015687,0.15170921,1.0765091180801392,0.4673444628715515,0.22432871162891388,0.4736335277557373
219,0.8751380443572998,1e-04,0.15009817,0.022957584,0.1515176,1.0751336812973022,0.4675808846950531,0.22455033659934998,0.47386741638183594
220,0.873482882976532,1e-04,0.14990975,0.022899609,0.15132616,1.073759913444519,0.4678163528442383,0.2247711420059204,0.47410035133361816
221,0.8718305230140686,1e-04,0.14972147,0.022841772,0.15113495,1.0723881721496582,0.46805086731910706,0.22499112784862518,0.4743323028087616
222,0.870181143283844,1e-04,0.1495333,0.022784065,0.15094392,1.0710185766220093,0.4682843089103699,0.2252102792263031,0.47456324100494385
223,0.8685346841812134,1e-04,0.14934532,0.022726504,0.15075313,1.0696507692337036,0.4685167670249939,0.22542862594127655,0.4747932553291321
224,0.8668912649154663,1e-04,0.14915742,0.022669064,0.1505625,1.0682849884033203,0.4687482416629791,0.22564609348773956,0.47502219676971436
225,0.8652505874633789,1e-04,0.1489697,0.022611767,0.15037209,1.0669212341308594,0.4689786434173584,0.22586269676685333,0.47525015473365784
226,0.8636131882667542,1e-04,0.14878209,0.022554597,0.15018187,1.0655591487884521,0.4692080616950989,0.22607843577861786,0.47547706961631775
227,0.86197829246521,1e-04,0.14859462,0.022497563,0.14999187,1.0641992092132568,0.4694364666938782,0.22629335522651672,0.47570300102233887
228,0.8603464961051941,1e-04,0.1484073,0.022440664,0.14980209,1.0628410577774048,0.4696637690067291,0.22650735080242157,0.4759278893470764
229,0.8587176203727722,1e-04,0.14822012,0.0223839,0.1496125,1.061484932899475,0.4698900282382965,0.22672048211097717,0.4761517345905304
230,0.8570916652679443,1e-04,0.14803311,0.022327263,0.14942311,1.0601303577423096,0.4701152741909027,0.22693271934986115,0.4763745665550232
231,0.8554683923721313,1e-04,0.1478462,0.022270761,0.14923392,1.0587780475616455,0.47033947706222534,0.22714407742023468,0.4765963554382324
232,0.8538483381271362,1e-04,0.1476595,0.022214394,0.14904495,1.0574275255203247,0.47056254744529724,0.2273545265197754,0.4768170714378357
233,0.8522312045097351,1e-04,0.14747293,0.022158166,0.1488562,1.0560787916183472,0.47078466415405273,0.22756405174732208,0.4770367443561554
234,0.8506167531013489,1e-04,0.1472865,0.022102062,0.14866762,1.054731845855713,0.4710056185722351,0.22777266800403595,0.47725534439086914
235,0.8490052223205566,1e-04,0.14710024,0.022046093,0.14847927,1.0533868074417114,0.4712255597114563,0.2279803454875946,0.47747287154197693
236,0.8473967909812927,1e-04,0.14691414,0.021990266,0.14829116,1.0520437955856323,0.47144436836242676,0.22818712890148163,0.47768935561180115
237,0.8457911014556885,1e-04,0.1467282,0.021934567,0.14810324,1.0507022142410278,0.47166210412979126,0.22839292883872986,0.477904736995697
238,0.8441883325576782,1e-04,0.14654239,0.02187899,0.14791548,1.0493625402450562,0.47187870740890503,0.22859780490398407,0.47811901569366455
239,0.8425882458686829,1e-04,0.14635675,0.021823552,0.14772797,1.0480248928070068,0.4720942974090576,0.22880175709724426,0.4783322811126709
240,0.8409913182258606,1e-04,0.14617127,0.021768253,0.14754069,1.0466886758804321,0.4723087251186371,0.22900474071502686,0.4785443842411041
241,0.8393970727920532,1e-04,0.14598598,0.021713087,0.14735362,1.0453543663024902,0.4725220203399658,0.22920672595500946,0.478755384683609
242,0.8378056287765503,1e-04,0.1458008,0.021658052,0.14716674,1.044021725654602,0.4727342128753662,0.22940775752067566,0.47896531224250793
243,0.8362171649932861,1e-04,0.14561576,0.021603137,0.14698006,1.0426908731460571,0.47294527292251587,0.22960779070854187,0.47917407751083374
244,0.8346313238143921,1e-04,0.14543091,0.02154836,0.1467936,1.0413615703582764,0.4731551706790924,0.2298068255186081,0.4793817102909088
245,0.8330485820770264,1e-04,0.14524624,0.02149372,0.14660737,1.040034294128418,0.4733639657497406,0.23000486195087433,0.47958821058273315
246,0.8314687013626099,1e-04,0.1450617,0.021439198,0.1464213,1.0387086868286133,0.4735715985298157,0.23020191490650177,0.47979360818862915
247,0.8298916220664978,1e-04,0.14487733,0.021384824,0.14623551,1.0373845100402832,0.47377800941467285,0.23039786517620087,0.47999778389930725
248,0.8283172845840454,1e-04,0.14469317,0.021330578,0.14604992,1.0360623598098755,0.4739833474159241,0.23059287667274475,0.480200856924057
249,0.8267459273338318,1e-04,0.1445091,0.021276452,0.1458645,1.0347416400909424,0.474187433719635,0.2307867705821991,0.48040270805358887
250,0.8251773118972778,1e-04,0.14432527,0.021222468,0.14567934,1.0334224700927734,0.47439032793045044,0.23097965121269226,0.48060342669487
251,0.8236114978790283,1e-04,0.14414157,0.02116861,0.14549437,1.0321049690246582,0.47459203004837036,0.23117145895957947,0.4808029234409332
252,0.8220484256744385,1e-04,0.14395806,0.021114888,0.14530963,1.0307893753051758,0.47479256987571716,0.2313622236251831,0.48100125789642334
253,0.820488452911377,1e-04,0.14377466,0.021061284,0.14512506,1.029475212097168,0.47499188780784607,0.23155193030834198,0.48119843006134033
254,0.8189311027526855,1e-04,0.14359148,0.02100782,0.14494075,1.0281625986099243,0.47519001364707947,0.23174051940441132,0.48139435052871704
255,0.817376434803009,1e-04,0.14340845,0.020954486,0.14475664,1.0268515348434448,0.47538691759109497,0.23192806541919708,0.48158910870552063
256,0.8158247470855713,1e-04,0.1432256,0.020901281,0.14457275,1.0255420207977295,0.4755825400352478,0.23211446404457092,0.48178258538246155
257,0.8142758011817932,1e-04,0.1430429,0.020848203,0.14438906,1.0242342948913574,0.4757770001888275,0.2322997748851776,0.48197486996650696
258,0.8127297163009644,1e-04,0.14286041,0.020795258,0.14420561,1.0229277610778809,0.47597017884254456,0.23248398303985596,0.4821659326553345
259,0.8111863136291504,1e-04,0.14267808,0.020742442,0.14402238,1.0216230154037476,0.4761621356010437,0.23266704380512238,0.4823557138442993
260,0.8096457719802856,1e-04,0.14249589,0.020689748,0.14383931,1.0203198194503784,0.4763527810573578,0.23284897208213806,0.48254427313804626
261,0.8081080317497253,1e-04,0.1423139,0.020637188,0.14365649,1.0190178155899048,0.4765421748161316,0.23302976787090302,0.48273158073425293
262,0.8065728545188904,1e-04,0.14213207,0.02058476,0.14347391,1.017717719078064,0.4767302870750427,0.23320940136909485,0.4829176068305969
263,0.8050407767295837,1e-04,0.14195046,0.02053246,0.14329152,1.0164189338684082,0.47691717743873596,0.23338787257671356,0.48310235142707825
264,0.803511381149292,1e-04,0.14176899,0.020480292,0.14310937,1.0151214599609375,0.477102667093277,0.23356516659259796,0.4832858145236969
265,0.8019845485687256,1e-04,0.14158769,0.020428248,0.14292742,1.013825535774231,0.4772869050502777,0.23374125361442566,0.4834679365158081
266,0.8004605770111084,1e-04,0.14140655,0.02037632,0.14274564,1.0125312805175781,0.4774698317050934,0.23391619324684143,0.4836488366127014
267,0.7989395260810852,1e-04,0.14122565,0.020324536,0.14256415,1.0112379789352417,0.4776515066623688,0.2340898960828781,0.4838283658027649
268,0.7974209189414978,1e-04,0.1410449,0.020272873,0.14238285,1.0099464654922485,0.47783175110816956,0.2342623919248581,0.4840066134929657
269,0.7959054708480835,1e-04,0.14086431,0.020221334,0.14220174,1.0086560249328613,0.4780106544494629,0.23443365097045898,0.48418349027633667
270,0.7943923473358154,1e-04,0.14068392,0.020169932,0.14202088,1.0073671340942383,0.4781882166862488,0.23460371792316437,0.48435908555984497
271,0.7928821444511414,1e-04,0.1405037,0.02011865,0.14184023,1.0060797929763794,0.4783645272254944,0.2347724884748459,0.48453328013420105
272,0.7913747429847717,1e-04,0.14032367,0.020067496,0.1416598,1.0047935247421265,0.478539377450943,0.23494002223014832,0.4847061336040497
273,0.7898699641227722,1e-04,0.14014381,0.020016469,0.14147957,1.0035086870193481,0.47871285676956177,0.23510631918907166,0.48487764596939087
274,0.7883679270744324,1e-04,0.13996413,0.019965567,0.14129956,1.0022252798080444,0.4788849949836731,0.2352713644504547,0.4850477874279022
275,0.7868687510490417,1e-04,0.13978463,0.019914793,0.14111978,1.0009429454803467,0.4790557026863098,0.23543505370616913,0.48521649837493896
276,0.7853721380233765,1e-04,0.13960536,0.019864151,0.14094023,0.9996621608734131,0.4792250096797943,0.23559746146202087,0.4853838384151459
277,0.7838783264160156,1e-04,0.13942622,0.019813627,0.14076088,0.9983824491500854,0.4793929159641266,0.23575858771800995,0.48554977774620056
278,0.7823870778083801,1e-04,0.13924727,0.019763228,0.14058174,0.9971041679382324,0.47955942153930664,0.23591837286949158,0.48571428656578064
279,0.7808987498283386,1e-04,0.13906851,0.019712958,0.14040284,0.9958270788192749,0.4797244071960449,0.23607683181762695,0.4858773946762085
280,0.7794130444526672,1e-04,0.13888994,0.01966281,0.14022414,0.9945511221885681,0.47988802194595337,0.23623394966125488,0.48603904247283936
281,0.7779299020767212,1e-04,0.13871156,0.019612787,0.14004566,0.9932764172554016,0.4800501763820648,0.23638968169689178,0.4861992299556732
282,0.7764496207237244,1e-04,0.13853335,0.01956289,0.13986741,0.9920028448104858,0.4802108705043793,0.23654408752918243,0.48635798692703247
283,0.7749719023704529,1e-04,0.13835531,0.019513117,0.13968936,0.9907307028770447,0.48037010431289673,0.23669715225696564,0.4865153133869171
284,0.7734969854354858,1e-04,0.1381775,0.01946347,0.13951154,0.9894595742225647,0.48052778840065,0.23684875667095184,0.4866710901260376
285,0.7720247507095337,1e-04,0.13799985,0.01941394,0.13933392,0.988189697265625,0.48068398237228394,0.2369990050792694,0.48682543635368347
286,0.7705551385879517,1e-04,0.13782236,0.019364536,0.13915652,0.9869208931922913,0.4808387756347656,0.23714785277843475,0.48697829246520996
287,0.7690882682800293,1e-04,0.1376451,0.019315261,0.13897936,0.9856529831886292,0.480991929769516,0.2372952401638031,0.4871295988559723
288,0.7676238417625427,1e-04,0.13746803,0.019266112,0.13880242,0.9843866229057312,0.48114365339279175,0.2374412566423416,0.4872794449329376
289,0.7661624550819397,1e-04,0.13729113,0.019217081,0.13862568,0.9831212162971497,0.48129382729530334,0.23758575320243835,0.487427681684494
290,0.7647035717964172,1e-04,0.13711442,0.01916817,0.13844916,0.9818565845489502,0.481442391872406,0.23772883415222168,0.48757442831993103
291,0.7632471323013306,1e-04,0.13693789,0.019119384,0.13827287,0.9805932641029358,0.4815894663333893,0.23787042498588562,0.4877196252346039
292,0.7617935538291931,1e-04,0.13676156,0.019070718,0.13809676,0.9793310165405273,0.4817349314689636,0.23801057040691376,0.4878632724285126
293,0.7603425979614258,1e-04,0.13658541,0.019022178,0.13792092,0.9780696034431458,0.4818788468837738,0.23814921081066132,0.4880053400993347
294,0.758894145488739,1e-04,0.13640948,0.018973764,0.13774529,0.9768094420433044,0.48202115297317505,0.2382863312959671,0.4881457984447479
295,0.7574485540390015,1e-04,0.13623372,0.018925464,0.13756984,0.9755501747131348,0.48216190934181213,0.2384219616651535,0.488284707069397
296,0.7560055255889893,1e-04,0.13605812,0.018877285,0.13739464,0.9742917418479919,0.48230093717575073,0.23855605721473694,0.4884220063686371
297,0.7545649409294128,1e-04,0.13588275,0.018829228,0.13721964,0.9730344414710999,0.48243847489356995,0.23868855834007263,0.4885576367378235
298,0.7531271576881409,1e-04,0.13570756,0.018781291,0.13704485,0.9717779755592346,0.4825742840766907,0.23881955444812775,0.48869168758392334
299,0.7516918778419495,1e-04,0.13553257,0.018733487,0.13687032,0.9705226421356201,0.48270851373672485,0.2389489859342575,0.48882409930229187
300,0.7502593994140625,1e-04,0.13535777,0.01868579,0.13669598,0.9692681431770325,0.48284101486206055,0.23907680809497833,0.4889548122882843
301,0.7488295435905457,1e-04,0.13518314,0.018638214,0.13652185,0.9680144190788269,0.4829719066619873,0.2392030656337738,0.4890839159488678
302,0.7474021315574646,1e-04,0.13500871,0.01859076,0.13634793,0.9667617678642273,0.4831010699272156,0.23932771384716034,0.4892113208770752
303,0.7459774613380432,1e-04,0.13483447,0.018543424,0.13617425,0.9655098915100098,0.4832285940647125,0.23945073783397675,0.4893370270729065
304,0.7445553541183472,1e-04,0.13466047,0.018496217,0.1360008,0.9642587900161743,0.483354389667511,0.23957213759422302,0.4894610643386841
305,0.7431357502937317,1e-04,0.13448662,0.01844912,0.13582754,0.9630085825920105,0.48347845673561096,0.23969188332557678,0.4895833730697632
306,0.7417188882827759,1e-04,0.13431297,0.018402142,0.1356545,0.9617592096328735,0.48360079526901245,0.23980998992919922,0.4897039830684662
307,0.7403044700622559,1e-04,0.13413951,0.018355284,0.13548167,0.9605106115341187,0.4837213456630707,0.23992636799812317,0.4898228049278259
308,0.7388927936553955,1e-04,0.13396624,0.01830855,0.13530909,0.9592626690864563,0.4838401675224304,0.2400411069393158,0.4899398982524872
309,0.7374834418296814,1e-04,0.13379315,0.018261926,0.1351367,0.9580156803131104,0.4839572310447693,0.24015414714813232,0.49005526304244995
310,0.7360769510269165,1e-04,0.13362029,0.018215427,0.13496454,0.9567692875862122,0.4840725064277649,0.24026544392108917,0.4901687800884247
311,0.7346729040145874,1e-04,0.13344762,0.018169044,0.1347926,0.955523669719696,0.4841860234737396,0.24037504196166992,0.4902805685997009
312,0.7332714200019836,1e-04,0.13327512,0.018122777,0.13462086,0.9542785882949829,0.4842976927757263,0.240482896566391,0.4903905689716339
313,0.7318723201751709,1e-04,0.13310282,0.018076627,0.13444935,0.9530346393585205,0.48440757393836975,0.24058897793293,0.49049869179725647
314,0.7304762005805969,1e-04,0.1329307,0.018030595,0.13427804,0.9517910480499268,0.48451557755470276,0.24069328606128693,0.49060502648353577
315,0.7290824055671692,1e-04,0.1327588,0.017984677,0.13410696,0.9505481123924255,0.4846218228340149,0.24079588055610657,0.4907095730304718
316,0.727691113948822,1e-04,0.13258709,0.017938878,0.13393609,0.9493058323860168,0.48472610116004944,0.2408965826034546,0.49081215262413025
317,0.726302444934845,1e-04,0.13241556,0.017893195,0.13376544,0.9480641484260559,0.48482856154441833,0.24099549651145935,0.49091291427612305
318,0.7249162793159485,1e-04,0.13224427,0.017847637,0.13359505,0.9468231201171875,0.48492908477783203,0.24109259247779846,0.4910117983818054
319,0.7235327363014221,1e-04,0.13207315,0.01780218,0.13342482,0.9455826282501221,0.4850277900695801,0.24118788540363312,0.49110883474349976
320,0.7221516370773315,1e-04,0.1319022,0.017756842,0.1332548,0.9443427324295044,0.48512449860572815,0.24128127098083496,0.4912039041519165
321,0.7207731008529663,1e-04,0.13173148,0.017711623,0.13308503,0.9431033134460449,0.48521938920021057,0.24137282371520996,0.4912970960140228
322,0.7193970680236816,1e-04,0.13156094,0.01766652,0.13291547,0.9418646097183228,0.485312283039093,0.24146251380443573,0.49138835072517395
323,0.7180235981941223,1e-04,0.1313906,0.01762153,0.13274612,0.940626323223114,0.4854032099246979,0.2415502518415451,0.4914776086807251
324,0.7166526913642883,1e-04,0.13122047,0.017576657,0.13257699,0.9393883943557739,0.48549216985702515,0.24163611233234406,0.49156495928764343
325,0.7152841687202454,1e-04,0.13105051,0.017531892,0.13240805,0.9381510615348816,0.48557916283607483,0.2417200356721878,0.4916503131389618
326,0.7139182686805725,1e-04,0.13088076,0.017487248,0.13223936,0.9369141459465027,0.4856641888618469,0.24180205166339874,0.49173372983932495
327,0.7125548124313354,1e-04,0.13071121,0.017442713,0.13207087,0.9356776475906372,0.48574715852737427,0.24188204109668732,0.49181506037712097
328,0.7111939191818237,1e-04,0.13054185,0.017398294,0.13190259,0.9344415664672852,0.48582810163497925,0.2419600784778595,0.49189436435699463
329,0.7098355293273926,1e-04,0.13037269,0.017353987,0.13173454,0.9332059621810913,0.48590701818466187,0.2420361489057541,0.4919717013835907
330,0.708479642868042,1e-04,0.13020374,0.017309802,0.13156672,0.9319705367088318,0.4859839081764221,0.2421102076768875,0.49204695224761963
331,0.7071260809898376,1e-04,0.13003497,0.017265718,0.13139908,0.93073570728302,0.48605871200561523,0.24218225479125977,0.4921201765537262
332,0.705775260925293,1e-04,0.12986639,0.017221747,0.13123165,0.9295010566711426,0.48613137006759644,0.2422522008419037,0.49219122529029846
333,0.7044267058372498,1e-04,0.12969802,0.017177895,0.13106447,0.9282670021057129,0.48620206117630005,0.2423202097415924,0.49226030707359314
334,0.7030808925628662,1e-04,0.12952985,0.017134152,0.13089749,0.9270329475402832,0.4862705171108246,0.2423860728740692,0.4923272132873535
335,0.7017374038696289,1e-04,0.12936188,0.017090522,0.13073072,0.9257990717887878,0.486336886882782,0.24244987964630127,0.49239200353622437
336,0.7003961801528931,1e-04,0.1291941,0.017047,0.13056415,0.9245657920837402,0.48640117049217224,0.2425116002559662,0.4924546778202057
337,0.6990577578544617,1e-04,0.1290265,0.01700359,0.13039781,0.9233325123786926,0.4864632487297058,0.242571160197258,0.4925151467323303
338,0.6977216601371765,1e-04,0.1288591,0.016960291,0.13023168,0.9220994710922241,0.4865231513977051,0.24262864887714386,0.49257349967956543
339,0.6963878870010376,1e-04,0.12869194,0.016917108,0.13006578,0.9208667278289795,0.48658090829849243,0.24268397688865662,0.49262964725494385
340,0.6950567364692688,1e-04,0.12852496,0.016874032,0.12990008,0.9196342825889587,0.4866364598274231,0.24273717403411865,0.49268364906311035
341,0.6937281489372253,1e-04,0.12835816,0.016831066,0.1297346,0.9184015989303589,0.4866897165775299,0.2427881509065628,0.4927353858947754
342,0.692401647567749,1e-04,0.12819156,0.01678821,0.12956932,0.9171693325042725,0.48674076795578003,0.24283690750598907,0.49278485774993896
343,0.6910778880119324,1e-04,0.12802519,0.016745467,0.12940428,0.915937066078186,0.4867895543575287,0.24288348853588104,0.49283212423324585
344,0.6897563934326172,1e-04,0.12785897,0.016702829,0.12923943,0.9147050976753235,0.48683613538742065,0.24292787909507751,0.49287715554237366
345,0.6884375214576721,1e-04,0.12769297,0.016660303,0.1290748,0.9134730696678162,0.4868803918361664,0.24296995997428894,0.49291983246803284
346,0.6871210336685181,1e-04,0.12752716,0.016617881,0.12891036,0.9122411012649536,0.48692235350608826,0.24300983548164368,0.49296027421951294
347,0.6858068704605103,1e-04,0.12736157,0.016575579,0.12874618,0.9110092520713806,0.4869619905948639,0.24304738640785217,0.4929983615875244
348,0.6844952702522278,1e-04,0.12719618,0.016533379,0.12858218,0.9097772836685181,0.4869993329048157,0.2430826723575592,0.49303415417671204
349,0.6831859350204468,1e-04,0.12703098,0.01649129,0.12841842,0.9085454940795898,0.48703423142433167,0.24311563372612,0.49306756258010864
350,0.6818792223930359,1e-04,0.126866,0.016449306,0.12825485,0.9073134660720825,0.4870668947696686,0.24314633011817932,0.4930987060070038
351,0.6805745959281921,1e-04,0.12670116,0.016407426,0.12809148,0.90608149766922,0.4870971739292145,0.24317462742328644,0.49312740564346313
352,0.6792725324630737,1e-04,0.12653655,0.01636566,0.12792835,0.9048494100570679,0.4871249794960022,0.24320058524608612,0.49315372109413147
353,0.6779728531837463,1e-04,0.12637216,0.016324,0.12776542,0.9036174416542053,0.4871504306793213,0.24322418868541718,0.4931776523590088
354,0.6766756772994995,1e-04,0.12620792,0.016282447,0.1276027,0.9023852348327637,0.4871733784675598,0.24324536323547363,0.49319911003112793
355,0.6753808259963989,1e-04,0.12604389,0.016240997,0.12744017,0.9011528491973877,0.4871939718723297,0.24326415359973907,0.49321815371513367
356,0.6740883588790894,1e-04,0.12588009,0.016199661,0.1272779,0.8999203443527222,0.48721203207969666,0.24328050017356873,0.4932347238063812
357,0.6727982759475708,1e-04,0.12571649,0.016158432,0.12711582,0.8986877799034119,0.4872276186943054,0.24329440295696259,0.4932488203048706
358,0.671510636806488,1e-04,0.12555306,0.016117303,0.12695394,0.8974549174308777,0.4872407913208008,0.24330587685108185,0.4932604432106018
359,0.6702253222465515,1e-04,0.12538984,0.016076284,0.12679228,0.896221935749054,0.4872513711452484,0.24331486225128174,0.49326956272125244
360,0.668942391872406,1e-04,0.12522683,0.016035367,0.12663083,0.8949887752532959,0.4872594475746155,0.24332132935523987,0.49327611923217773
361,0.6676620244979858,1e-04,0.125064,0.015994556,0.12646958,0.893755316734314,0.4872649610042572,0.24332532286643982,0.49328017234802246
362,0.6663838028907776,1e-04,0.1249014,0.01595385,0.12630855,0.8925213813781738,0.4872679114341736,0.24332675337791443,0.49328160285949707
363,0.6651079058647156,1e-04,0.12473895,0.015913252,0.12614773,0.8912875056266785,0.4872683584690094,0.24332566559314728,0.4932805001735687
364,0.6638345718383789,1e-04,0.12457673,0.015872758,0.12598713,0.8900530934333801,0.48726606369018555,0.24332201480865479,0.49327680468559265
365,0.6625633835792542,1e-04,0.12441473,0.015832368,0.12582675,0.8888183832168579,0.48726120591163635,0.24331574141979218,0.4932704567909241
366,0.66129469871521,1e-04,0.12425288,0.015792081,0.12566654,0.887583315372467,0.48725375533103943,0.24330690503120422,0.4932614862918854
367,0.6600282788276672,1e-04,0.12409127,0.0157519,0.12550658,0.886347770690918,0.4872435927391052,0.24329543113708496,0.4932498633861542
368,0.6587641835212708,1e-04,0.12392983,0.015711822,0.12534681,0.8851118683815002,0.4872307777404785,0.2432813197374344,0.4932355582714081
369,0.6575024127960205,1e-04,0.123768605,0.015671851,0.12518726,0.8838757276535034,0.4872152805328369,0.2432645857334137,0.4932186007499695
370,0.656243085861206,1e-04,0.12360757,0.015631976,0.1250279,0.8826391100883484,0.4871971011161804,0.24324515461921692,0.4931989014148712
371,0.6549861431121826,1e-04,0.12344671,0.0155922035,0.12486874,0.8814018368721008,0.4871761202812195,0.24322304129600525,0.49317649006843567
372,0.6537312865257263,1e-04,0.12328609,0.01555254,0.12470982,0.8801643252372742,0.48715248703956604,0.2431982457637787,0.49315133690834045
373,0.6524789929389954,1e-04,0.12312566,0.015512981,0.12455112,0.8789260983467102,0.48712605237960815,0.24317073822021484,0.49312344193458557
374,0.6512288451194763,1e-04,0.12296541,0.0154735185,0.1243926,0.877687394618988,0.4870968461036682,0.24314045906066895,0.49309274554252625
375,0.6499810814857483,1e-04,0.12280537,0.015434161,0.1242343,0.876448392868042,0.48706483840942383,0.24310748279094696,0.49305930733680725
376,0.648735761642456,1e-04,0.12264551,0.015394902,0.124076195,0.8752085566520691,0.487030029296875,0.24307167530059814,0.49302300810813904
377,0.6474926471710205,1e-04,0.122485876,0.015355747,0.12391831,0.8739683628082275,0.48699235916137695,0.24303308129310608,0.4929838478565216
378,0.6462519764900208,1e-04,0.122326426,0.015316693,0.123760626,0.8727272748947144,0.4869518280029297,0.24299165606498718,0.49294182658195496
379,0.6450133323669434,1e-04,0.1221672,0.015277745,0.12360318,0.871485710144043,0.4869084358215332,0.24294742941856384,0.4928969740867615
380,0.6437771916389465,1e-04,0.12200814,0.015238888,0.12344589,0.8702433705329895,0.4868621826171875,0.24290037155151367,0.4928492307662964
381,0.6425431370735168,1e-04,0.1218493,0.01520014,0.12328885,0.8690004348754883,0.4868129789829254,0.24285045266151428,0.4927985966205597
382,0.641311526298523,1e-04,0.121690646,0.015161488,0.123132,0.8677569627761841,0.48676079511642456,0.2427976429462433,0.4927450120449066
383,0.6400822401046753,1e-04,0.1215322,0.015122939,0.12297536,0.8665128350257874,0.4867057800292969,0.2427419126033783,0.49268844723701477
384,0.6388553977012634,1e-04,0.121373944,0.015084489,0.12281893,0.8652675747871399,0.48664769530296326,0.2426832914352417,0.49262896180152893
385,0.6376304030418396,1e-04,0.12121591,0.015046143,0.12266272,0.8640217781066895,0.48658666014671326,0.24262169003486633,0.49256643652915955
386,0.6364079713821411,1e-04,0.12105802,0.015007885,0.12250667,0.8627751469612122,0.4865226745605469,0.24255716800689697,0.4925009310245514
387,0.6351877450942993,1e-04,0.12090038,0.014969736,0.12235087,0.8615278005599976,0.48645561933517456,0.24248966574668884,0.4924323856830597
388,0.6339698433876038,1e-04,0.12074289,0.01493168,0.12219525,0.8602796196937561,0.4863854944705963,0.24241919815540314,0.49236083030700684
389,0.6327541470527649,1e-04,0.12058564,0.014893727,0.12203986,0.8590304851531982,0.4863123297691345,0.24234572052955627,0.49228620529174805
390,0.6315406560897827,1e-04,0.12042859,0.014855873,0.121884674,0.8577805161476135,0.4862360954284668,0.24226920306682587,0.49220848083496094
391,0.6303293704986572,1e-04,0.12027172,0.014818118,0.121729694,0.8565297722816467,0.48615676164627075,0.24218964576721191,0.4921276867389679
392,0.6291206479072571,1e-04,0.12011504,0.014780457,0.1215749,0.8552780151367188,0.4860742688179016,0.24210703372955322,0.49204373359680176
393,0.6279138922691345,1e-04,0.119958565,0.014742895,0.121420324,0.8540253043174744,0.48598870635032654,0.2420213669538498,0.4919566810131073
394,0.6267093420028687,1e-04,0.11980229,0.014705435,0.12126597,0.8527718186378479,0.4858998656272888,0.24193255603313446,0.49186640977859497
395,0.6255072951316833,1e-04,0.11964623,0.014668068,0.1211118,0.8515172600746155,0.48580795526504517,0.2418406456708908,0.49177294969558716
396,0.62430739402771,1e-04,0.11949034,0.014630798,0.12095784,0.8502618074417114,0.48571282625198364,0.24174563586711884,0.49167636036872864
397,0.623109757900238,1e-04,0.11933466,0.014593629,0.120804094,0.8490051031112671,0.4856143593788147,0.241647407412529,0.4915764629840851
398,0.621914267539978,1e-04,0.119179174,0.014556551,0.12065054,0.8477475047111511,0.4855128228664398,0.24154610931873322,0.49147340655326843
399,0.6207209825515747,1e-04,0.119023904,0.014519574,0.1204972,0.8464887142181396,0.48540791869163513,0.24144157767295837,0.49136704206466675
400,0.6195298433303833,1e-04,0.11886883,0.014482694,0.120344065,0.8452292084693909,0.4852997660636902,0.24133384227752686,0.4912573993206024
401,0.6183412075042725,1e-04,0.11871391,0.014445905,0.12019112,0.8439682722091675,0.4851883053779602,0.24122290313243866,0.49114447832107544
402,0.617154598236084,1e-04,0.118559234,0.014409216,0.1200384,0.8427062630653381,0.4850735664367676,0.2411087453365326,0.4910282492637634
403,0.6159701347351074,1e-04,0.118404746,0.014372623,0.11988588,0.8414431810379028,0.48495548963546753,0.24099132418632507,0.490908682346344
404,0.6147879362106323,1e-04,0.11825042,0.0143361185,0.119733535,0.8401790261268616,0.48483410477638245,0.2408706694841385,0.49078577756881714
405,0.6136080622673035,1e-04,0.11809634,0.014299717,0.11958142,0.8389135003089905,0.4847092628479004,0.24074669182300568,0.4906594455242157
406,0.612430214881897,1e-04,0.11794244,0.014263407,0.11942951,0.8376468420028687,0.4845810532569885,0.24061942100524902,0.49052974581718445
407,0.6112546324729919,1e-04,0.117788754,0.0142272,0.11927783,0.8363790512084961,0.4844493865966797,0.24048879742622375,0.49039655923843384
408,0.6100813746452332,1e-04,0.11763522,0.014191076,0.119126305,0.8351099491119385,0.4843142628669739,0.24035482108592987,0.49025994539260864
409,0.6089101433753967,1e-04,0.11748191,0.014155047,0.11897498,0.8338396549224854,0.48417574167251587,0.24021753668785095,0.49011993408203125
410,0.6077412366867065,1e-04,0.11732879,0.0141191175,0.11882389,0.8325679302215576,0.4840336740016937,0.24007685482501984,0.4899763762950897
411,0.606574296951294,1e-04,0.11717589,0.014083281,0.118673004,0.8312949538230896,0.4838881492614746,0.23993277549743652,0.48982933163642883
412,0.6054096817970276,1e-04,0.11702316,0.014047534,0.118522294,0.8300207853317261,0.48373907804489136,0.23978528380393982,0.4896787703037262
413,0.6042473316192627,1e-04,0.11687064,0.014011888,0.11837182,0.8287450075149536,0.48358649015426636,0.23963439464569092,0.4895246624946594
414,0.6030869483947754,1e-04,0.1167183,0.013976324,0.11822151,0.8274681568145752,0.4834303855895996,0.23948010802268982,0.4893670380115509
415,0.6019289493560791,1e-04,0.11656619,0.013940865,0.118071444,0.8261897563934326,0.48327064514160156,0.23932227492332458,0.4892057478427887
416,0.6007729768753052,1e-04,0.11641426,0.013905494,0.11792155,0.8249101042747498,0.483107328414917,0.23916104435920715,0.48904094099998474
417,0.5996192097663879,1e-04,0.11626251,0.013870211,0.117771864,0.8236287832260132,0.4829403758049011,0.23899626731872559,0.4888724386692047
418,0.5984675288200378,1e-04,0.11611096,0.013835022,0.11762237,0.8223462104797363,0.48276981711387634,0.23882803320884705,0.48870036005973816
419,0.5973180532455444,1e-04,0.11595964,0.013799932,0.11747311,0.8210620880126953,0.4825955927371979,0.23865625262260437,0.48852455615997314
420,0.5961707234382629,1e-04,0.11580847,0.013764923,0.11732401,0.8197764754295349,0.48241758346557617,0.23848089575767517,0.48834505677223206
421,0.5950255990028381,1e-04,0.11565753,0.013730018,0.11717516,0.8184894323348999,0.48223599791526794,0.2383020669221878,0.48816192150115967
422,0.5938825607299805,1e-04,0.11550677,0.013695196,0.11702648,0.817200779914856,0.4820505976676941,0.23811960220336914,0.48797500133514404
423,0.5927416682243347,1e-04,0.11535622,0.013660467,0.116878,0.8159106969833374,0.48186150193214417,0.23793356120586395,0.48778432607650757
424,0.5916029810905457,1e-04,0.11520587,0.013625831,0.11672974,0.8146190643310547,0.48166871070861816,0.23774397373199463,0.487589955329895
425,0.5904663801193237,1e-04,0.115055695,0.013591288,0.11658168,0.8133257031440735,0.48147207498550415,0.2375507354736328,0.48739176988601685
426,0.5893318057060242,1e-04,0.11490571,0.013556825,0.11643378,0.8120309114456177,0.4812716543674469,0.2373538762331009,0.48718976974487305
427,0.5881994366645813,1e-04,0.11475594,0.013522462,0.11628612,0.8107344508171082,0.48106735944747925,0.23715338110923767,0.4869839549064636
428,0.5870692133903503,1e-04,0.11460637,0.013488187,0.11613866,0.8094362020492554,0.48085933923721313,0.23694920539855957,0.4867742955684662
429,0.585940957069397,1e-04,0.114457004,0.013454006,0.115991406,0.808136522769928,0.48064738512039185,0.23674139380455017,0.48656079173088074
430,0.5848150253295898,1e-04,0.11430779,0.013419906,0.11584432,0.8068352341651917,0.48043161630630493,0.23652991652488708,0.4863434135913849
431,0.5836912393569946,1e-04,0.1141588,0.013385898,0.11569744,0.8055320978164673,0.4802118241786957,0.23631462454795837,0.4861220121383667
432,0.582569420337677,1e-04,0.11401001,0.013351982,0.11555078,0.8042272925376892,0.4799881875514984,0.23609569668769836,0.4858967959880829
433,0.5814497470855713,1e-04,0.11386141,0.013318156,0.115404315,0.8029206395149231,0.4797605574131012,0.2358730137348175,0.4856675863265991
434,0.5803320407867432,1e-04,0.11371301,0.013284414,0.11525803,0.8016124963760376,0.4795289933681488,0.2356465756893158,0.4854344129562378
435,0.5792166590690613,1e-04,0.1135648,0.013250764,0.11511196,0.8003023862838745,0.47929343581199646,0.23541638255119324,0.4851972758769989
436,0.578103244304657,1e-04,0.11341679,0.013217205,0.1149661,0.7989905476570129,0.47905388474464417,0.23518240451812744,0.4849560856819153
437,0.576991856098175,1e-04,0.11326897,0.013183732,0.11482043,0.7976768612861633,0.4788103699684143,0.23494462668895721,0.4847108721733093
438,0.575882613658905,1e-04,0.113121346,0.013150345,0.114674956,0.79636150598526,0.47856274247169495,0.23470309376716614,0.4844616651535034
439,0.5747754573822021,1e-04,0.11297391,0.013117047,0.11452968,0.7950443625450134,0.47831106185913086,0.23445768654346466,0.4842083156108856
440,0.5736704468727112,1e-04,0.11282669,0.013083837,0.1143846,0.7937252521514893,0.47805532813072205,0.23420853912830353,0.48395097255706787
441,0.5725674629211426,1e-04,0.11267965,0.013050718,0.11423974,0.7924043536186218,0.47779545187950134,0.2339554727077484,0.48368942737579346
442,0.5714666247367859,1e-04,0.11253281,0.013017682,0.11409506,0.7910814881324768,0.47753143310546875,0.23369856178760529,0.48342379927635193
443,0.570367693901062,1e-04,0.112386145,0.012984732,0.113950565,0.7897568345069885,0.47726336121559143,0.23343782126903534,0.4831540286540985
444,0.56927090883255,1e-04,0.1122397,0.012951872,0.11380629,0.7884302735328674,0.47699108719825745,0.2331731766462326,0.4828800857067108
445,0.5681762099266052,1e-04,0.11209342,0.012919094,0.11366219,0.787101686000824,0.47671470046043396,0.23290467262268066,0.48260197043418884
446,0.5670834183692932,1e-04,0.111947365,0.012886407,0.11351831,0.7857714295387268,0.47643405199050903,0.23263224959373474,0.4823196530342102
447,0.5659929513931274,1e-04,0.1118015,0.012853806,0.11337463,0.7844390869140625,0.47614914178848267,0.23235587775707245,0.4820330739021301
448,0.5649044513702393,1e-04,0.11165582,0.012821286,0.113231115,0.7831045985221863,0.475860059261322,0.23207561671733856,0.481742262840271
449,0.5638178586959839,1e-04,0.11151033,0.012788857,0.11308783,0.781768262386322,0.47556668519973755,0.2317914217710495,0.4814472198486328
450,0.5627333521842957,1e-04,0.11136504,0.012756512,0.11294473,0.7804300785064697,0.475269079208374,0.23150332272052765,0.4811479151248932
451,0.5616509914398193,1e-04,0.11121996,0.012724255,0.11280184,0.7790897488594055,0.47496718168258667,0.23121118545532227,0.4808442294597626
452,0.5605705976486206,1e-04,0.11107504,0.012692081,0.112659134,0.7777474522590637,0.4746609628200531,0.23091518878936768,0.4805363416671753
453,0.559492290019989,1e-04,0.11093034,0.012659991,0.11251663,0.7764030694961548,0.4743504524230957,0.23061513900756836,0.48022404313087463
454,0.558415949344635,1e-04,0.11078585,0.01262799,0.11237433,0.7750567197799683,0.4740355610847473,0.23031115531921387,0.47990745306015015
455,0.5573416352272034,1e-04,0.11064153,0.012596071,0.112232216,0.7737084031105042,0.4737163186073303,0.23000314831733704,0.4795864224433899
456,0.5562694668769836,1e-04,0.1104974,0.012564236,0.112090304,0.7723578214645386,0.4733927845954895,0.22969119250774384,0.4792611002922058
457,0.555199146270752,1e-04,0.110353455,0.012532484,0.11194858,0.7710052132606506,0.47306472063064575,0.2293752133846283,0.47893133759498596
458,0.5541307926177979,1e-04,0.11020971,0.012500814,0.11180704,0.7696506381034851,0.4727323055267334,0.22905521094799042,0.47859713435173035
459,0.5530646443367004,1e-04,0.11006617,0.01246923,0.11166571,0.7682938575744629,0.4723954200744629,0.2287311553955078,0.4782584607601166
460,0.5520004630088806,1e-04,0.10992281,0.012437733,0.11152458,0.7669349312782288,0.47205406427383423,0.2284030020236969,0.4779152572154999
461,0.5509382486343384,1e-04,0.10977967,0.012406318,0.111383654,0.7655739784240723,0.471708208322525,0.22807088494300842,0.4775676727294922
462,0.5498780608177185,1e-04,0.1096367,0.012374983,0.111242905,0.7642108798027039,0.47135791182518005,0.22773464024066925,0.4772154986858368
463,0.5488199591636658,1e-04,0.10949393,0.012343736,0.11110237,0.7628455758094788,0.47100314497947693,0.22739441692829132,0.476858913898468
464,0.5477637052536011,1e-04,0.10935137,0.0123125715,0.110962026,0.761478066444397,0.4706438183784485,0.2270500659942627,0.47649770975112915
465,0.5467094779014587,1e-04,0.10920896,0.012281484,0.11082186,0.7601085901260376,0.4702799916267395,0.2267017662525177,0.4761320948600769
466,0.5456573367118835,1e-04,0.10906678,0.012250482,0.1106819,0.758736789226532,0.46991148591041565,0.22634926438331604,0.4757617712020874
467,0.5446071028709412,1e-04,0.10892479,0.012219568,0.110542156,0.7573627233505249,0.46953850984573364,0.22599267959594727,0.4753868877887726
468,0.5435587763786316,1e-04,0.10878297,0.012188728,0.11040257,0.755986750125885,0.46916094422340393,0.22563210129737854,0.47500747442245483
469,0.5425125956535339,1e-04,0.10864137,0.012157977,0.11026321,0.7546082139015198,0.46877869963645935,0.22526732087135315,0.47462335228919983
470,0.5414682030677795,1e-04,0.10849994,0.012127302,0.11012403,0.753227710723877,0.46839195489883423,0.2248985320329666,0.4742346704006195
471,0.5404258966445923,1e-04,0.10835871,0.01209671,0.109985046,0.7518449425697327,0.4680004119873047,0.2245256006717682,0.4738413095474243
472,0.5393855571746826,1e-04,0.10821768,0.0120661985,0.10984625,0.7504600286483765,0.4676043391227722,0.22414858639240265,0.47344332933425903
473,0.5383471846580505,1e-04,0.10807684,0.0120357685,0.10970765,0.7490729093551636,0.46720367670059204,0.22376751899719238,0.47304072976112366
474,0.5373108386993408,1e-04,0.10793616,0.012005418,0.10956924,0.7476834654808044,0.46679821610450745,0.22338227927684784,0.47263333201408386
475,0.5362762808799744,1e-04,0.1077957,0.011975151,0.10943103,0.7462918162345886,0.46638813614845276,0.22299297153949738,0.472221314907074
476,0.535243809223175,1e-04,0.10765545,0.0119449645,0.10929302,0.7448979616165161,0.46597328782081604,0.22259953618049622,0.47180455923080444
477,0.5342133045196533,1e-04,0.10751535,0.011914856,0.10915519,0.7435017824172974,0.46555376052856445,0.22220197319984436,0.4713830351829529
478,0.5331846475601196,1e-04,0.10737549,0.01188483,0.109017566,0.7421033382415771,0.46512937545776367,0.22180020809173584,0.4709566831588745
479,0.5321580171585083,1e-04,0.10723579,0.011854882,0.108880125,0.7407026886940002,0.4647004008293152,0.22139449417591095,0.4705257713794708
480,0.531133234500885,1e-04,0.107096314,0.01182502,0.10874291,0.7392997741699219,0.46426647901535034,0.22098448872566223,0.4700898826122284
481,0.5301105380058289,1e-04,0.10695699,0.0117952265,0.10860583,0.737894594669342,0.463827908039093,0.2205704152584076,0.4696492552757263
482,0.5290897488594055,1e-04,0.10681789,0.011765523,0.108468994,0.7364872097969055,0.4633844792842865,0.22015222907066345,0.4692038297653198
483,0.528070867061615,1e-04,0.10667897,0.011735893,0.10833233,0.7350775003433228,0.46293631196022034,0.21972998976707458,0.4687536656856537
484,0.5270538926124573,1e-04,0.10654024,0.011706346,0.10819586,0.7336655259132385,0.46248331665992737,0.21930357813835144,0.46829861402511597
485,0.5260388255119324,1e-04,0.10640168,0.011676872,0.10805958,0.7322512269020081,0.4620254635810852,0.2188730686903,0.46783873438835144
486,0.5250256061553955,1e-04,0.106263325,0.011647483,0.10792351,0.7308347225189209,0.4615628123283386,0.21843846142292023,0.4673739969730377
487,0.5240144729614258,1e-04,0.10612515,0.011618168,0.10778761,0.729416012763977,0.46109527349472046,0.21799972653388977,0.4669044017791748
488,0.5230051875114441,1e-04,0.10598716,0.01158893,0.1076519,0.7279949188232422,0.4606228470802307,0.21755686402320862,0.4664299190044403
489,0.5219978094100952,1e-04,0.10584939,0.011559776,0.1075164,0.7265715599060059,0.4601455628871918,0.21710988879203796,0.46595051884651184
490,0.5209923386573792,1e-04,0.10571181,0.0115306955,0.107381076,0.7251457571983337,0.4596633017063141,0.21665874123573303,0.46546614170074463
491,0.5199887156486511,1e-04,0.105574444,0.011501698,0.10724597,0.7237179279327393,0.4591761529445648,0.21620354056358337,0.4649769365787506
492,0.5189871788024902,1e-04,0.10543723,0.011472772,0.10711103,0.722287654876709,0.45868414640426636,0.215744286775589,0.4644828140735626
493,0.5179873108863831,1e-04,0.105300225,0.011443927,0.10697629,0.720855176448822,0.45818719267845154,0.21528086066246033,0.4639836847782135
494,0.516989529132843,1e-04,0.10516339,0.0114151575,0.10684174,0.7194205522537231,0.4576853811740875,0.2148134708404541,0.4634797275066376
495,0.5159935355186462,1e-04,0.10502676,0.011386465,0.10670738,0.7179835438728333,0.45717853307724,0.2143419235944748,0.4629707634449005
496,0.514999508857727,1e-04,0.10489033,0.01135785,0.10657322,0.7165444493293762,0.45666685700416565,0.21386638283729553,0.46245691180229187
497,0.5140073895454407,1e-04,0.10475408,0.0113293165,0.10643926,0.7151029706001282,0.45615020394325256,0.21338680386543274,0.4619380831718445
498,0.5130169987678528,1e-04,0.104618,0.011300852,0.106305465,0.7136591672897339,0.45562848448753357,0.21290306746959686,0.4614142179489136
499,0.5120285749435425,1e-04,0.10448212,0.011272464,0.10617186,0.7122133374214172,0.455101877450943,0.21241536736488342,0.4608854055404663
500,0.5110421180725098,1e-04,0.10434645,0.011244156,0.106038466,0.7107651233673096,0.45457029342651367,0.21192359924316406,0.4603516161441803
501,0.5100574493408203,1e-04,0.104210965,0.0112159215,0.10590525,0.7093145847320557,0.45403367280960083,0.2114277333021164,0.4598127007484436
502,0.5090745687484741,1e-04,0.104075655,0.011187764,0.10577223,0.7078617811203003,0.4534919857978821,0.2109278440475464,0.45926880836486816
503,0.5080936551094055,1e-04,0.10394056,0.011159686,0.10563942,0.7064070105552673,0.45294538140296936,0.2104240208864212,0.45871996879577637
504,0.5071146488189697,1e-04,0.10380562,0.011131675,0.105506755,0.7049499154090881,0.4523938298225403,0.20991618931293488,0.45816612243652344
505,0.5061374306678772,1e-04,0.10367089,0.011103747,0.10537432,0.7034906148910522,0.4518372118473053,0.20940442383289337,0.4576072692871094
506,0.5051620602607727,1e-04,0.10353635,0.0110758925,0.105242066,0.7020291686058044,0.4512755274772644,0.20888862013816833,0.4570433497428894
507,0.5041886568069458,1e-04,0.10340201,0.011048113,0.105110005,0.7005653977394104,0.45070892572402954,0.20836886763572693,0.4564743936061859
508,0.5032169222831726,1e-04,0.10326783,0.011020401,0.10497809,0.6990994811058044,0.450137197971344,0.20784518122673035,0.4559004008769989
509,0.5022470951080322,1e-04,0.103133865,0.010992772,0.10484642,0.6976315379142761,0.4495604932308197,0.2073175609111786,0.45532137155532837
510,0.5012792348861694,1e-04,0.10300006,0.010965214,0.104714915,0.6961615085601807,0.4489787518978119,0.20678603649139404,0.4547373354434967
511,0.5003132224082947,1e-04,0.102866486,0.010937734,0.10458362,0.694689154624939,0.44839197397232056,0.20625059306621552,0.45414820313453674
512,0.4993489384651184,1e-04,0.10273306,0.010910323,0.10445249,0.6932147145271301,0.4478001594543457,0.2057112753391266,0.45355403423309326
513,0.498386412858963,1e-04,0.10259986,0.0108829895,0.10432157,0.6917382478713989,0.44720324873924255,0.20516805350780487,0.45295479893684387
514,0.4974258840084076,1e-04,0.10246684,0.010855729,0.10419083,0.6902596354484558,0.44660139083862305,0.20462103188037872,0.45235055685043335
515,0.4964671730995178,1e-04,0.10233399,0.010828539,0.10406026,0.688778817653656,0.44599437713623047,0.204070046544075,0.45174112915992737
516,0.4955102503299713,1e-04,0.102201335,0.010801423,0.1039299,0.6872960329055786,0.445382297039032,0.20351529121398926,0.45112669467926025
517,0.49455517530441284,1e-04,0.10206889,0.010774383,0.10379973,0.6858110427856445,0.44476518034935,0.2029566764831543,0.45050713419914246
518,0.49360179901123047,1e-04,0.101936616,0.010747416,0.10366975,0.684324324131012,0.44414299726486206,0.20239436626434326,0.4498826265335083
519,0.49265047907829285,1e-04,0.10180453,0.010720519,0.10353994,0.6828352808952332,0.4435158669948578,0.201828271150589,0.44925302267074585
520,0.4917007088661194,1e-04,0.101672634,0.010693694,0.10341032,0.6813444495201111,0.4428836703300476,0.20125849545001984,0.44861844182014465
521,0.4907529056072235,1e-04,0.101540916,0.010666945,0.1032809,0.6798514127731323,0.44224637746810913,0.20068487524986267,0.4479786455631256
522,0.48980680108070374,1e-04,0.10140942,0.01064027,0.10315169,0.6783565282821655,0.44160404801368713,0.20010757446289062,0.44733384251594543
523,0.48886263370513916,1e-04,0.10127807,0.010613664,0.103022635,0.6768597364425659,0.4409567415714264,0.19952665269374847,0.4466840624809265
524,0.4879201650619507,1e-04,0.10114691,0.010587126,0.10289376,0.6753610372543335,0.4403044283390045,0.19894210994243622,0.44602927565574646
525,0.4869796335697174,1e-04,0.10101597,0.010560671,0.10276513,0.6738602519035339,0.4396468997001648,0.1983538120985031,0.44536930322647095
526,0.48604071140289307,1e-04,0.100885205,0.010534277,0.10263663,0.6723575592041016,0.43898439407348633,0.19776184856891632,0.44470423460006714
527,0.4851037263870239,1e-04,0.100754626,0.010507958,0.10250833,0.6708530783653259,0.43831688165664673,0.19716636836528778,0.4440341889858246
528,0.48416846990585327,1e-04,0.10062423,0.0104817115,0.10238023,0.669346809387207,0.4376443922519684,0.1965673416852951,0.4433591663837433
529,0.4832349717617035,1e-04,0.10049402,0.010455534,0.102252305,0.6678386926651001,0.43696683645248413,0.1959647834300995,0.44267910718917847
530,0.48230335116386414,1e-04,0.100364015,0.010429429,0.10212457,0.6663286685943604,0.43628424406051636,0.19535869359970093,0.4419940114021301
531,0.4813733696937561,1e-04,0.100234196,0.010403396,0.10199704,0.6648169755935669,0.43559664487838745,0.19474910199642181,0.44130387902259827
532,0.48044535517692566,1e-04,0.10010456,0.010377432,0.10186968,0.663303554058075,0.43490418791770935,0.1941360980272293,0.44060876965522766
533,0.47951897978782654,1e-04,0.099975094,0.010351537,0.101742506,0.6617883443832397,0.43420663475990295,0.19351962208747864,0.4399086534976959
534,0.47859442234039307,1e-04,0.099845834,0.010325713,0.10161552,0.6602714657783508,0.4335041642189026,0.19289977848529816,0.43920356035232544
535,0.47767162322998047,1e-04,0.09971675,0.010299962,0.10148873,0.6587527990341187,0.4327966570854187,0.19227653741836548,0.4384934902191162
536,0.47675055265426636,1e-04,0.099587865,0.010274281,0.101362124,0.6572326421737671,0.43208426237106323,0.19165000319480896,0.4377784729003906
537,0.4758313000202179,1e-04,0.099459134,0.010248666,0.101235695,0.6557106971740723,0.43136683106422424,0.19102007150650024,0.4370584189891815
538,0.4749137759208679,1e-04,0.09933065,0.010223127,0.10110948,0.6541872620582581,0.43064451217651367,0.19038689136505127,0.43633347749710083
539,0.47399798035621643,1e-04,0.09920229,0.010197651,0.10098342,0.6526621580123901,0.4299171566963196,0.18975038826465607,0.43560346961021423
540,0.473084032535553,1e-04,0.09907414,0.010172244,0.10085754,0.6511355042457581,0.4291849136352539,0.18911071121692657,0.43486860394477844
541,0.47217172384262085,1e-04,0.098946184,0.01014691,0.10073187,0.6496074199676514,0.4284477233886719,0.1884678304195404,0.4341288208961487
542,0.47126123309135437,1e-04,0.098818436,0.010121647,0.1006064,0.6480778455734253,0.42770567536354065,0.18782177567481995,0.43338409066200256
543,0.4703524708747864,1e-04,0.09869086,0.010096448,0.10048108,0.6465467810630798,0.4269587993621826,0.18717262148857117,0.43263450264930725
544,0.46944546699523926,1e-04,0.09856345,0.010071319,0.10035596,0.6450142860412598,0.4262070059776306,0.18652038276195526,0.43188005685806274
545,0.4685401916503906,1e-04,0.098436244,0.01004626,0.10023104,0.6434804797172546,0.4254504144191742,0.185865119099617,0.43112078309059143
546,0.4676366150379181,1e-04,0.098309204,0.010021267,0.100106284,0.6419452428817749,0.4246888756752014,0.18520677089691162,0.43035656213760376
547,0.46673479676246643,1e-04,0.09818237,0.009996345,0.099981725,0.6404086947441101,0.423922598361969,0.18454547226428986,0.42958757281303406
548,0.46583467721939087,1e-04,0.09805572,0.009971489,0.099857345,0.6388709545135498,0.42315158247947693,0.18388128280639648,0.4288138151168823
549,0.46493637561798096,1e-04,0.09792925,0.009946702,0.09973315,0.6373318433761597,0.4223756790161133,0.18321414291858673,0.4280351996421814
550,0.4640396535396576,1e-04,0.09780299,0.009921983,0.09960915,0.6357915997505188,0.42159509658813477,0.18254415690898895,0.4272518754005432
551,0.46314477920532227,1e-04,0.09767687,0.009897328,0.099485315,0.6342501640319824,0.42080968618392944,0.18187135457992554,0.426463782787323
552,0.46225154399871826,1e-04,0.09755097,0.009872748,0.0993617,0.6327075958251953,0.42001956701278687,0.18119573593139648,0.42567092180252075
553,0.4613600969314575,1e-04,0.09742525,0.009848231,0.099238254,0.6311638355255127,0.41922473907470703,0.18051734566688538,0.42487332224845886
554,0.4604702293872833,1e-04,0.097299695,0.009823778,0.09911497,0.6296189427375793,0.4184250831604004,0.17983613908290863,0.42407092452049255
555,0.45958223938941956,1e-04,0.097174354,0.009799395,0.09899189,0.6280730962753296,0.41762083768844604,0.17915236949920654,0.42326393723487854
556,0.4586958885192871,1e-04,0.09704919,0.009775076,0.09886898,0.6265263557434082,0.4168120324611664,0.17846597731113434,0.42245233058929443
557,0.4578111469745636,1e-04,0.09692419,0.009750827,0.09874628,0.6249784827232361,0.41599854826927185,0.17777696251869202,0.42163604497909546
558,0.45692819356918335,1e-04,0.09679941,0.009726644,0.098623745,0.6234297752380371,0.41518035531044006,0.17708535492420197,0.420815110206604
559,0.4560469090938568,1e-04,0.09667481,0.009702528,0.098501414,0.621880054473877,0.41435757279396057,0.17639124393463135,0.41998958587646484
560,0.45516732335090637,1e-04,0.09655038,0.009678478,0.098379254,0.620329737663269,0.4135303497314453,0.17569473385810852,0.41915956139564514
561,0.4542894661426544,1e-04,0.09642614,0.009654491,0.09825727,0.6187785863876343,0.4126986563205719,0.17499586939811707,0.4183250665664673
562,0.45341330766677856,1e-04,0.096302085,0.009630574,0.098135486,0.6172266602516174,0.411862313747406,0.17429450154304504,0.41748592257499695
563,0.4525388479232788,1e-04,0.096178204,0.009606718,0.09801387,0.6156740188598633,0.4110216200351715,0.17359092831611633,0.4166424572467804
564,0.451665997505188,1e-04,0.0960545,0.009582928,0.09789243,0.614120602607727,0.41017642617225647,0.1728850156068802,0.4157944321632385
565,0.4507948160171509,1e-04,0.095931,0.0095592085,0.097771205,0.6125666499137878,0.40932685136795044,0.17217688262462616,0.41494202613830566
566,0.44992536306381226,1e-04,0.09580768,0.00953555,0.09765014,0.6110121011734009,0.40847277641296387,0.17146651446819305,0.41408514976501465
567,0.44905754923820496,1e-04,0.095684566,0.009511961,0.097529285,0.6094570755958557,0.4076143801212311,0.17075403034687042,0.4132239520549774
568,0.44819140434265137,1e-04,0.09556161,0.009488432,0.09740858,0.6079013347625732,0.4067515432834625,0.17003938555717468,0.4123583137989044
569,0.4473269581794739,1e-04,0.095438845,0.009464969,0.09728807,0.6063452959060669,0.4058845043182373,0.16932274401187897,0.41148844361305237
570,0.4464641511440277,1e-04,0.09531626,0.009441569,0.09716774,0.6047886610031128,0.40501299500465393,0.16860394179821014,0.41061410307884216
571,0.44560298323631287,1e-04,0.09519386,0.009418235,0.09704759,0.6032318472862244,0.4041373133659363,0.1678832769393921,0.40973562002182007
572,0.4447435140609741,1e-04,0.095071666,0.009394968,0.09692764,0.6016748547554016,0.4032575488090515,0.1671607941389084,0.40885302424430847
573,0.44388577342033386,1e-04,0.09494964,0.009371763,0.09680787,0.6001173257827759,0.4023734927177429,0.16643638908863068,0.40796616673469543
574,0.44302961230278015,1e-04,0.094827786,0.009348622,0.09668827,0.5985597372055054,0.4014854431152344,0.1657102406024933,0.4070752263069153
575,0.442175030708313,1e-04,0.09470611,0.009325543,0.09656885,0.5970019698143005,0.4005931317806244,0.16498230397701263,0.40618014335632324
576,0.4413221776485443,1e-04,0.09458462,0.009302528,0.09644961,0.5954440832138062,0.39969682693481445,0.16425269842147827,0.4052810072898865
577,0.44047096371650696,1e-04,0.09446334,0.009279582,0.09633058,0.5938860774040222,0.3987964987754822,0.16352145373821259,0.40437784790992737
578,0.43962132930755615,1e-04,0.09434223,0.009256695,0.096211724,0.5923280119895935,0.3978920578956604,0.1627885103225708,0.40347057580947876
579,0.43877339363098145,1e-04,0.09422132,0.009233872,0.09609304,0.5907699465751648,0.3969835638999939,0.16205397248268127,0.4025592803955078
580,0.43792709708213806,1e-04,0.09410056,0.009211109,0.09597452,0.5892120599746704,0.3960711658000946,0.16131797432899475,0.4016440808773041
581,0.4370824694633484,1e-04,0.09398001,0.009188414,0.09585621,0.5876541137695312,0.3951549530029297,0.160580575466156,0.4007250666618347
582,0.4362393915653229,1e-04,0.09385962,0.009165776,0.09573806,0.5860964059829712,0.394234836101532,0.15984173119068146,0.3998021185398102
583,0.4353979229927063,1e-04,0.093739435,0.009143207,0.09562012,0.5845390558242798,0.39331093430519104,0.15910157561302185,0.3988753855228424
584,0.4345581531524658,1e-04,0.09361941,0.009120694,0.095502324,0.5829818248748779,0.3923831582069397,0.158360093832016,0.397944837808609
585,0.4337199330329895,1e-04,0.09349959,0.009098251,0.095384754,0.5814249515533447,0.39145177602767944,0.15761743485927582,0.3970106244087219
586,0.4328834116458893,1e-04,0.09337996,0.009075864,0.09526733,0.579868495464325,0.3905166983604431,0.15687362849712372,0.39607274532318115
587,0.4320484697818756,1e-04,0.09326049,0.009053541,0.0951501,0.5783125758171082,0.3895779252052307,0.1561286449432373,0.3951311707496643
588,0.43121516704559326,1e-04,0.0931412,0.009031283,0.095033064,0.5767568945884705,0.3886354863643646,0.15538258850574493,0.39418599009513855
589,0.43038344383239746,1e-04,0.09302208,0.009009081,0.09491618,0.5752019286155701,0.3876895010471344,0.1546354591846466,0.3932371437549591
590,0.42955338954925537,1e-04,0.09290317,0.0089869425,0.09479949,0.5736473202705383,0.38673993945121765,0.15388740599155426,0.3922848403453827
591,0.4287247955799103,1e-04,0.09278442,0.0089648655,0.09468298,0.5720933675765991,0.38578686118125916,0.15313836932182312,0.39132899045944214
592,0.42789793014526367,1e-04,0.0926659,0.008942854,0.094566666,0.570540189743042,0.3848303258419037,0.15238848328590393,0.3903696835041046
593,0.427072674036026,1e-04,0.09254753,0.008920899,0.09445051,0.5689878463745117,0.38387051224708557,0.15163791179656982,0.38940712809562683
594,0.4262489676475525,1e-04,0.09242932,0.008899004,0.094334535,0.5674360990524292,0.3829071521759033,0.1508864164352417,0.3884409964084625
595,0.4254268407821655,1e-04,0.09231134,0.008877175,0.09421876,0.5658853054046631,0.38194069266319275,0.1501343995332718,0.3874717950820923
596,0.4246063232421875,1e-04,0.09219348,0.008855401,0.094103135,0.5643353462219238,0.38097086548805237,0.14938166737556458,0.3864992558956146
597,0.42378735542297363,1e-04,0.09207586,0.008833695,0.09398774,0.562786340713501,0.37999778985977173,0.1486283391714096,0.3855234682559967
598,0.4229700565338135,1e-04,0.091958396,0.008812043,0.09387248,0.5612384080886841,0.37902167439460754,0.14787454903125763,0.38454461097717285
599,0.4221542775630951,1e-04,0.09184111,0.008790455,0.09375743,0.5596915483474731,0.37804245948791504,0.14712032675743103,0.38356268405914307
600,0.42134010791778564,1e-04,0.09172401,0.008768921,0.09364252,0.5581457018852234,0.3770601153373718,0.1463656723499298,0.38257765769958496
601,0.42052748799324036,1e-04,0.0916071,0.008747455,0.09352783,0.5566009879112244,0.3760748505592346,0.14561066031455994,0.3815896511077881
602,0.41971638798713684,1e-04,0.09149036,0.008726044,0.09341329,0.5550575852394104,0.3750864863395691,0.14485538005828857,0.3805987238883972
603,0.41890692710876465,1e-04,0.091373794,0.00870469,0.09329893,0.5535153746604919,0.37409520149230957,0.14409975707530975,0.3796047270298004
604,0.4180990159511566,1e-04,0.09125744,0.008683403,0.09318478,0.5519745349884033,0.3731010854244232,0.1433439999818802,0.37860798835754395
605,0.41729268431663513,1e-04,0.09114122,0.008662168,0.09307077,0.5504350662231445,0.37210413813591003,0.14258810877799988,0.37760841846466064
606,0.4164879620075226,1e-04,0.091025226,0.008641,0.092956975,0.5488970279693604,0.3711044192314148,0.1418321430683136,0.3766060769557953
607,0.4156847894191742,1e-04,0.09090939,0.008619886,0.09284334,0.5473604798316956,0.37010204792022705,0.14107617735862732,0.3756010830402374
608,0.4148831367492676,1e-04,0.09079374,0.0085988315,0.09272988,0.5458254218101501,0.36909693479537964,0.14032021164894104,0.3745934069156647
609,0.4140830338001251,1e-04,0.09067827,0.008577839,0.09261662,0.5442920327186584,0.36808937788009644,0.13956443965435028,0.37358325719833374
610,0.4132844805717468,1e-04,0.09056298,0.008556904,0.09250354,0.5427603125572205,0.3670792579650879,0.13880881667137146,0.37257054448127747
611,0.4124874770641327,1e-04,0.090447865,0.008536024,0.092390604,0.5412301421165466,0.3660665452480316,0.13805334270000458,0.37155529856681824
612,0.4116919934749603,1e-04,0.09033293,0.008515203,0.09227786,0.5397018790245056,0.36505135893821716,0.1372981071472168,0.37053757905960083
613,0.4108981788158417,1e-04,0.09021817,0.008494442,0.0921653,0.5381752848625183,0.3640337884426117,0.13654319941997528,0.3695175349712372
614,0.41010576486587524,1e-04,0.09010361,0.008473742,0.09205293,0.536650538444519,0.3630139231681824,0.1357886791229248,0.3684951663017273
615,0.40931496024131775,1e-04,0.08998923,0.008453098,0.09194073,0.5351278185844421,0.36199188232421875,0.13503465056419373,0.3674706220626831
616,0.4085257053375244,1e-04,0.08987502,0.008432511,0.091828704,0.533607006072998,0.3609674870967865,0.13428103923797607,0.36644378304481506
617,0.40773794054985046,1e-04,0.089761004,0.008411982,0.091716856,0.5320882201194763,0.3599410653114319,0.13352808356285095,0.36541494727134705
618,0.4069516956806183,1e-04,0.089647144,0.008391512,0.091605194,0.5305715799331665,0.3589124381542206,0.13277563452720642,0.36438390612602234
619,0.40616703033447266,1e-04,0.089533456,0.008371097,0.091493696,0.529056966304779,0.3578817844390869,0.13202384114265442,0.36335083842277527
620,0.4053838849067688,1e-04,0.08941997,0.008350738,0.09138238,0.5275445580482483,0.35684913396835327,0.13127276301383972,0.362315833568573
621,0.4046022295951843,1e-04,0.08930666,0.008330438,0.09127124,0.526034414768219,0.3558146357536316,0.1305224895477295,0.3612789511680603
622,0.403822124004364,1e-04,0.08919353,0.008310197,0.09116028,0.5245264768600464,0.3547782897949219,0.1297730654478073,0.36024028062820435
623,0.4030434489250183,1e-04,0.08908058,0.008290011,0.0910495,0.5230211019515991,0.3537401854991913,0.12902455031871796,0.3591998815536499
624,0.4022664427757263,1e-04,0.08896779,0.00826988,0.09093888,0.521517813205719,0.3527001142501831,0.1282767951488495,0.3581574857234955
625,0.40149080753326416,1e-04,0.08885518,0.008249806,0.09082844,0.5200170874595642,0.351658433675766,0.12753011286258698,0.3571135997772217
626,0.40071675181388855,1e-04,0.088742785,0.008229793,0.09071821,0.5185188055038452,0.35061508417129517,0.12678441405296326,0.3560679852962494
627,0.3999441862106323,1e-04,0.08863055,0.008209834,0.090608135,0.5170231461524963,0.34957027435302734,0.12603989243507385,0.3550209701061249
628,0.39917320013046265,1e-04,0.088518485,0.00818993,0.09049823,0.5155301094055176,0.3485240340232849,0.12529654800891876,0.35397252440452576
629,0.3984036445617676,1e-04,0.0884066,0.008170083,0.090388514,0.5140395164489746,0.34747615456581116,0.12455427646636963,0.3529224693775177
630,0.3976355195045471,1e-04,0.08829489,0.008150291,0.09027896,0.5125517845153809,0.3464270234107971,0.12381337583065033,0.3518712520599365
631,0.3968689739704132,1e-04,0.088183366,0.008130555,0.09016959,0.5110666751861572,0.3453764021396637,0.12307360023260117,0.3508184850215912
632,0.39610394835472107,1e-04,0.08807202,0.008110875,0.0900604,0.5095844268798828,0.34432464838027954,0.1223352923989296,0.3497646152973175
633,0.3953403830528259,1e-04,0.08796087,0.008091252,0.08995139,0.5081049203872681,0.3432716727256775,0.12159840762615204,0.3487096428871155
634,0.394578218460083,1e-04,0.087849855,0.0080716815,0.089842536,0.5066283941268921,0.34221750497817993,0.1208629161119461,0.34765344858169556
635,0.393817663192749,1e-04,0.08773906,0.00805217,0.089733884,0.5051547288894653,0.34116220474243164,0.12012889236211777,0.3465961515903473
636,0.39305856823921204,1e-04,0.08762842,0.00803271,0.08962539,0.5036840438842773,0.34010595083236694,0.11939642578363419,0.34553787112236023
637,0.39230090379714966,1e-04,0.08751796,0.008013304,0.089517064,0.5022163987159729,0.33904868364334106,0.11866555362939835,0.34447866678237915
638,0.39154475927352905,1e-04,0.08740768,0.007993957,0.089408934,0.5007516741752625,0.3379904329776764,0.11793629825115204,0.34341853857040405
639,0.39079004526138306,1e-04,0.087297566,0.00797466,0.08930095,0.4992902874946594,0.33693161606788635,0.11720888316631317,0.3423578143119812
640,0.39003685116767883,1e-04,0.087187655,0.0079554245,0.08919319,0.4978320896625519,0.33587199449539185,0.11648321151733398,0.34129637479782104
641,0.3892851173877716,1e-04,0.08707789,0.007936238,0.089085564,0.49637699127197266,0.3348115384578705,0.1157592386007309,0.34023410081863403
642,0.38853487372398376,1e-04,0.08696832,0.007917108,0.088978134,0.4949251711368561,0.33375054597854614,0.11503718048334122,0.33917132019996643
643,0.38778600096702576,1e-04,0.086858936,0.007898034,0.08887088,0.49347659945487976,0.3326888978481293,0.11431698501110077,0.3381079435348511
644,0.38703861832618713,1e-04,0.08674968,0.007879005,0.08876376,0.49203142523765564,0.3316267132759094,0.11359866708517075,0.33704400062561035
645,0.38629278540611267,1e-04,0.08664067,0.007860039,0.088656865,0.49058952927589417,0.3305639326572418,0.11288227140903473,0.3359795808792114
646,0.3855484127998352,1e-04,0.08653179,0.007841124,0.08855012,0.48915112018585205,0.32950085401535034,0.11216795444488525,0.33491483330726624
647,0.3848054111003876,1e-04,0.08642312,0.007822262,0.088443555,0.48771607875823975,0.3284375071525574,0.11145570129156113,0.33384981751441956
648,0.38406383991241455,1e-04,0.08631461,0.007803457,0.088337176,0.48628467321395874,0.32737380266189575,0.11074557155370712,0.3327845633029938
649,0.3833238184452057,1e-04,0.08620625,0.0077846968,0.08823093,0.4848567843437195,0.3263099789619446,0.11003763973712921,0.33171921968460083
650,0.38258516788482666,1e-04,0.08609809,0.0077659977,0.0881249,0.48343247175216675,0.3252459466457367,0.10933184623718262,0.33065366744995117
651,0.38184794783592224,1e-04,0.085990116,0.007747348,0.08801902,0.4820118248462677,0.3241818845272064,0.10862831771373749,0.3295881152153015
652,0.381112277507782,1e-04,0.085882306,0.0077287527,0.08791333,0.4805949032306671,0.32311785221099854,0.10792715847492218,0.3285226821899414
653,0.3803779184818268,1e-04,0.0857747,0.007710214,0.08780782,0.4791814982891083,0.3220537304878235,0.10722815990447998,0.32745710015296936
654,0.37964504957199097,1e-04,0.08566722,0.0076917238,0.087702475,0.4777721166610718,0.3209899067878723,0.10653171688318253,0.32639196515083313
655,0.37891364097595215,1e-04,0.085559934,0.0076732854,0.08759729,0.4763663411140442,0.31992608308792114,0.10583752393722534,0.3253268003463745
656,0.3781837224960327,1e-04,0.08545283,0.007654899,0.08749228,0.4749641716480255,0.31886231899261475,0.10514567047357559,0.32426172494888306
657,0.37745508551597595,1e-04,0.08534592,0.00763657,0.08738747,0.4735662043094635,0.3177991807460785,0.10445654392242432,0.3231973648071289
658,0.3767279386520386,1e-04,0.08523916,0.0076182876,0.0872828,0.4721719026565552,0.3167360723018646,0.10376973450183868,0.3221330940723419
659,0.3760022521018982,1e-04,0.0851326,0.007600061,0.08717833,0.4707816243171692,0.3156736493110657,0.10308559238910675,0.3210694491863251
660,0.37527793645858765,1e-04,0.0850262,0.0075818864,0.08707403,0.469395250082016,0.314611554145813,0.10240399837493896,0.32000625133514404
661,0.3745550215244293,1e-04,0.08491996,0.0075637596,0.086969875,0.46801289916038513,0.3135499358177185,0.10172496736049652,0.3189435303211212
662,0.37383362650871277,1e-04,0.0848139,0.0075456873,0.08686592,0.4666346311569214,0.3124890923500061,0.10104870796203613,0.31788158416748047
663,0.37311360239982605,1e-04,0.08470803,0.0075276676,0.08676213,0.4652603566646576,0.31142881512641907,0.10037513822317123,0.316820353269577
664,0.3723949193954468,1e-04,0.08460232,0.0075096954,0.0866585,0.4638902544975281,0.3103693723678589,0.0997043251991272,0.31575992703437805
665,0.3716777563095093,1e-04,0.08449679,0.0074917795,0.08655506,0.46252408623695374,0.3093103766441345,0.09903611987829208,0.31470003724098206
666,0.37096187472343445,1e-04,0.08439141,0.0074739093,0.08645178,0.46116214990615845,0.3082524240016937,0.09837079048156738,0.31364119052886963
667,0.3702474534511566,1e-04,0.08428624,0.007456095,0.08634868,0.4598044157028198,0.3071953356266022,0.09770826995372772,0.31258320808410645
668,0.3695344924926758,1e-04,0.08418126,0.0074383295,0.08624575,0.45845088362693787,0.30613917112350464,0.09704865515232086,0.3115263283252716
669,0.36882284283638,1e-04,0.08407641,0.0074206134,0.08614298,0.45710161328315735,0.30508413910865784,0.09639192372560501,0.31047049164772034
670,0.3681126534938812,1e-04,0.08397174,0.0074029486,0.08604039,0.45575666427612305,0.304030179977417,0.09573817253112793,0.3094158470630646
671,0.3674038052558899,1e-04,0.08386727,0.0073853377,0.085937984,0.45441576838493347,0.30297714471817017,0.0950871929526329,0.30836212635040283
672,0.3666963279247284,1e-04,0.083762966,0.007367777,0.085835755,0.4530794024467468,0.3019254803657532,0.0944393128156662,0.3073098063468933
673,0.36599037051200867,1e-04,0.083658814,0.0073502613,0.08573367,0.4517473578453064,0.30087506771087646,0.09379446506500244,0.30625882744789124
674,0.3652856945991516,1e-04,0.08355485,0.007332797,0.08563175,0.4504195749759674,0.2998258173465729,0.09315255284309387,0.30520904064178467
675,0.3645823895931244,1e-04,0.08345106,0.007315387,0.085530035,0.44909632205963135,0.29877814650535583,0.09251384437084198,0.3041608929634094
676,0.3638804852962494,1e-04,0.08334743,0.0072980234,0.08542847,0.4477773904800415,0.2977316677570343,0.09187807142734528,0.3031139671802521
677,0.3631800413131714,1e-04,0.08324398,0.00728071,0.085327074,0.44646283984184265,0.29668670892715454,0.09124542772769928,0.3020685911178589
678,0.36248084902763367,1e-04,0.0831407,0.007263446,0.08522586,0.44515275955200195,0.2956430912017822,0.09061583876609802,0.3010246455669403
679,0.36178314685821533,1e-04,0.08303763,0.007246236,0.08512483,0.44384709000587463,0.294601172208786,0.08998942375183105,0.29998236894607544
680,0.36108672618865967,1e-04,0.08293469,0.007229068,0.085023925,0.44254598021507263,0.29356083273887634,0.08936618268489838,0.2989417612552643
681,0.360391765832901,1e-04,0.08283194,0.0072119534,0.08492322,0.44124940037727356,0.2925223708152771,0.08874624967575073,0.2979030907154083
682,0.3596980571746826,1e-04,0.082729355,0.007194889,0.08482269,0.43995732069015503,0.2914854884147644,0.0881294459104538,0.2968660295009613
683,0.35900574922561646,1e-04,0.082626946,0.007177872,0.084722325,0.43866994976997375,0.2904505729675293,0.08751597255468369,0.29583099484443665
684,0.3583148717880249,1e-04,0.08252471,0.0071609044,0.08462213,0.437387079000473,0.28941744565963745,0.08690573275089264,0.29479777812957764
685,0.3576253354549408,1e-04,0.08242263,0.007143982,0.08452208,0.4361087381839752,0.28838619589805603,0.08629874140024185,0.29376646876335144
686,0.35693711042404175,1e-04,0.08232074,0.007127112,0.08442222,0.4348350167274475,0.2873569130897522,0.0856950506567955,0.2927371561527252
687,0.35625025629997253,1e-04,0.08221902,0.00711029,0.084322535,0.4335660934448242,0.28632980585098267,0.08509480208158493,0.29171013832092285
688,0.35556477308273315,1e-04,0.082117476,0.007093518,0.084223025,0.4323016107082367,0.28530454635620117,0.08449777215719223,0.2906849980354309
689,0.35488060116767883,1e-04,0.08201608,0.0070767924,0.08412367,0.4310418963432312,0.28428155183792114,0.08390415459871292,0.2896621525287628
690,0.3541978597640991,1e-04,0.08191489,0.0070601148,0.08402449,0.4297867715358734,0.2832607328891754,0.08331392705440521,0.2886415123939514
691,0.3535163104534149,1e-04,0.08181384,0.007043484,0.08392547,0.42853620648384094,0.2822418808937073,0.08272691071033478,0.28762286901474
692,0.3528361916542053,1e-04,0.08171299,0.007026905,0.08382664,0.4272904396057129,0.28122520446777344,0.08214328438043594,0.28660649061203003
693,0.3521575331687927,1e-04,0.0816123,0.0070103696,0.08372795,0.42604929208755493,0.2802109122276306,0.08156311511993408,0.28559255599975586
694,0.35148006677627563,1e-04,0.08151177,0.0069938833,0.08362944,0.4248129427433014,0.2791990637779236,0.080986388027668,0.2845810651779175
695,0.35080400109291077,1e-04,0.081411436,0.0069774454,0.083531104,0.42358115315437317,0.278189480304718,0.08041300624608994,0.28357186913490295
696,0.3501291871070862,1e-04,0.08131124,0.0069610546,0.083432935,0.4223543405532837,0.27718260884284973,0.07984324544668198,0.28256547451019287
697,0.3494558036327362,1e-04,0.08121124,0.0069447104,0.08333493,0.4211321175098419,0.2761780619621277,0.07927685976028442,0.2815614640712738
698,0.3487836718559265,1e-04,0.081111394,0.0069284146,0.0832371,0.41991478204727173,0.2751762270927429,0.0787140280008316,0.2805601954460144
699,0.34811291098594666,1e-04,0.081011705,0.0069121635,0.08313942,0.41870203614234924,0.27417686581611633,0.07815457880496979,0.2795614004135132
700,0.34744343161582947,1e-04,0.0809122,0.0068959617,0.08304193,0.41749417781829834,0.2731800973415375,0.07759864628314972,0.27856534719467163
701,0.3467753529548645,1e-04,0.08081288,0.0068798065,0.0829446,0.41629087924957275,0.2721858322620392,0.07704605162143707,0.2775717079639435
702,0.3461085557937622,1e-04,0.08071371,0.006863696,0.082847424,0.41509243845939636,0.27119436860084534,0.07649704813957214,0.2765809893608093
703,0.3454430401325226,1e-04,0.08061472,0.0068476344,0.08275043,0.41389888525009155,0.2702057957649231,0.07595162093639374,0.27559322118759155
704,0.344778835773468,1e-04,0.0805159,0.006831617,0.0826536,0.41270995140075684,0.2692198157310486,0.07540961354970932,0.2746081054210663
705,0.3441159725189209,1e-04,0.080417246,0.0068156463,0.082556926,0.41152581572532654,0.2682367265224457,0.07487113028764725,0.2736258804798126
706,0.34345439076423645,1e-04,0.08031878,0.006799726,0.08246045,0.41034653782844543,0.26725658774375916,0.0743362158536911,0.2726466953754425
707,0.3427942097187042,1e-04,0.08022047,0.0067838486,0.08236412,0.40917205810546875,0.266279399394989,0.0738048329949379,0.27167046070098877
708,0.3421352505683899,1e-04,0.08012231,0.0067680157,0.08226795,0.40800240635871887,0.26530522108078003,0.07327703386545181,0.27069729566574097
709,0.3414776027202606,1e-04,0.08002433,0.0067522298,0.082171954,0.40683743357658386,0.26433390378952026,0.07275267690420151,0.26972705125808716
710,0.340821236371994,1e-04,0.07992653,0.006736489,0.08207612,0.40567734837532043,0.2633656859397888,0.07223190367221832,0.26875993609428406
711,0.34016624093055725,1e-04,0.07982889,0.0067207958,0.08198046,0.4045220613479614,0.2624005675315857,0.07171467691659927,0.26779595017433167
712,0.33951252698898315,1e-04,0.07973143,0.0067051467,0.08188496,0.4033714830875397,0.2614385485649109,0.07120098918676376,0.26683512330055237
713,0.33886003494262695,1e-04,0.079634115,0.006689543,0.08178963,0.40222567319869995,0.2604796290397644,0.0706908255815506,0.26587745547294617
714,0.3382088243961334,1e-04,0.079537,0.006673987,0.08169448,0.40108463168144226,0.25952380895614624,0.0701841488480568,0.2649229168891907
715,0.33755895495414734,1e-04,0.07944003,0.0066584717,0.08159946,0.39994847774505615,0.2585712969303131,0.0696810707449913,0.2639717161655426
716,0.3369103968143463,1e-04,0.079343244,0.0066430056,0.081504636,0.39881715178489685,0.25762221217155457,0.06918163597583771,0.2630240321159363
717,0.33626312017440796,1e-04,0.079246596,0.006627581,0.08140995,0.3976905643939972,0.2566762864589691,0.06868567317724228,0.26207950711250305
718,0.3356170952320099,1e-04,0.07915015,0.006612204,0.08131546,0.3965687155723572,0.25573378801345825,0.06819327920675278,0.2611384391784668
719,0.3349723219871521,1e-04,0.07905384,0.0065968703,0.08122112,0.3954516053199768,0.25479432940483093,0.06770429760217667,0.26020050048828125
720,0.33432888984680176,1e-04,0.07895772,0.006581581,0.08112694,0.39433932304382324,0.25385844707489014,0.06721892952919006,0.2592661380767822
721,0.3336867094039917,1e-04,0.078861766,0.0065663373,0.08103294,0.39323171973228455,0.25292593240737915,0.06673707067966461,0.2583352029323578
722,0.3330457806587219,1e-04,0.07876597,0.0065511363,0.08093909,0.39212894439697266,0.25199681520462036,0.06625872850418091,0.25740769505500793
723,0.3324061632156372,1e-04,0.07867035,0.0065359822,0.08084542,0.39103084802627563,0.25107136368751526,0.06578399240970612,0.25648391246795654
724,0.331767737865448,1e-04,0.078574896,0.0065208697,0.0807519,0.38993746042251587,0.25014910101890564,0.06531262397766113,0.255563348531723
725,0.33113062381744385,1e-04,0.078479595,0.0065058,0.08065854,0.3888488709926605,0.24923047423362732,0.06484483182430267,0.2546464800834656
726,0.33049482107162476,1e-04,0.07838449,0.0064907786,0.08056537,0.3877650201320648,0.2483154833316803,0.06438055634498596,0.25373324751853943
727,0.32986027002334595,1e-04,0.07828951,0.0064757965,0.080472335,0.38668590784072876,0.24740414321422577,0.06391984224319458,0.25282374024391174
728,0.32922694087028503,1e-04,0.07819473,0.0064608613,0.080379486,0.38561147451400757,0.24649636447429657,0.06346258521080017,0.2519178092479706
729,0.3285948634147644,1e-04,0.07810009,0.0064459676,0.080286786,0.38454174995422363,0.24559220671653748,0.06300880759954453,0.2510155439376831
730,0.32796406745910645,1e-04,0.07800563,0.0064311177,0.08019425,0.38347676396369934,0.2446918487548828,0.06255859136581421,0.25011715292930603
731,0.327334463596344,1e-04,0.077911325,0.006416309,0.08010187,0.38241639733314514,0.2437950074672699,0.062111735343933105,0.2492222636938095
732,0.326706200838089,1e-04,0.07781721,0.0064015486,0.08000968,0.3813606798648834,0.24290192127227783,0.061668384820222855,0.2483312040567398
733,0.3260791003704071,1e-04,0.07772325,0.006386827,0.079917625,0.3803096413612366,0.24201254546642303,0.06122845411300659,0.24744383990764618
734,0.32545334100723267,1e-04,0.077629454,0.0063721514,0.07982576,0.37926313281059265,0.24112685024738312,0.060791946947574615,0.2465602308511734
735,0.32482871413230896,1e-04,0.07753582,0.006357516,0.079734035,0.378221333026886,0.24024495482444763,0.06035888195037842,0.24568045139312744
736,0.3242053687572479,1e-04,0.077442355,0.0063429233,0.079642475,0.37718409299850464,0.23936676979064941,0.05992919206619263,0.24480439722537994
737,0.3235832750797272,1e-04,0.07734905,0.006328376,0.07955109,0.3761516213417053,0.23849257826805115,0.05950301140546799,0.24393239617347717
738,0.3229624629020691,1e-04,0.07725591,0.006313869,0.07945985,0.37512364983558655,0.2376222163438797,0.05908022075891495,0.24306422472000122
739,0.32234281301498413,1e-04,0.07716294,0.006299406,0.0793688,0.3741001784801483,0.23675553500652313,0.05866076424717903,0.2421998381614685
740,0.32172441482543945,1e-04,0.07707015,0.006284984,0.07927789,0.3730814754962921,0.23589293658733368,0.058244772255420685,0.2413395345211029
741,0.32110729813575745,1e-04,0.076977484,0.0062706033,0.07918714,0.3720671534538269,0.23503407835960388,0.05783206224441528,0.24048297107219696
742,0.32049137353897095,1e-04,0.07688501,0.0062562665,0.07909656,0.37105754017829895,0.23417934775352478,0.05742282420396805,0.2396305948495865
743,0.31987667083740234,1e-04,0.07679267,0.0062419698,0.079006135,0.3700523376464844,0.2333284318447113,0.05701688677072525,0.2387820929288864
744,0.31926319003105164,1e-04,0.07670054,0.0062277187,0.078915894,0.3690517544746399,0.23248162865638733,0.05661432817578316,0.23793765902519226
745,0.3186509311199188,1e-04,0.076608546,0.0062135044,0.07882579,0.36805564165115356,0.23163866996765137,0.056215059012174606,0.2370971441268921
746,0.3180399239063263,1e-04,0.07651672,0.0061993347,0.07873585,0.36706385016441345,0.23079948127269745,0.05581898242235184,0.23626041412353516
747,0.3174300789833069,1e-04,0.07642505,0.0061852057,0.07864608,0.36607658863067627,0.22996440529823303,0.05542626231908798,0.2354278266429901
748,0.31682145595550537,1e-04,0.076333575,0.0061711194,0.07855647,0.36509382724761963,0.22913327813148499,0.05503680184483528,0.23459923267364502
749,0.31621408462524414,1e-04,0.07624222,0.0061570704,0.078467004,0.3641154170036316,0.2283061444759369,0.05465058237314224,0.23377464711666107
750,0.31560787558555603,1e-04,0.07615105,0.0061430656,0.07837771,0.36314135789871216,0.22748298943042755,0.05426758527755737,0.23295404016971588
751,0.3150028586387634,1e-04,0.07606004,0.0061291014,0.07828858,0.36217188835144043,0.22666402161121368,0.05388791114091873,0.23213769495487213
752,0.3143991529941559,1e-04,0.07596922,0.0061151814,0.078199625,0.36120671033859253,0.2258489578962326,0.05351139232516289,0.23132529854774475
753,0.31379660964012146,1e-04,0.07587854,0.0061012995,0.078110814,0.360245943069458,0.22503814101219177,0.0531381256878376,0.23051708936691284
754,0.31319528818130493,1e-04,0.075788006,0.0060874554,0.078022145,0.3592894971370697,0.22423139214515686,0.05276806280016899,0.22971300780773163
755,0.31259509921073914,1e-04,0.075697646,0.006073656,0.07793366,0.3583374321460724,0.22342875599861145,0.05240120366215706,0.2289130985736847
756,0.31199610233306885,1e-04,0.075607456,0.0060598957,0.077845335,0.3573896884918213,0.22263026237487793,0.05203751474618912,0.22811733186244965
757,0.31139835715293884,1e-04,0.075517416,0.0060461755,0.07775716,0.35644620656967163,0.22183580696582794,0.05167694017291069,0.22732563316822052
758,0.31080174446105957,1e-04,0.07542754,0.0060324967,0.07766915,0.35550686717033386,0.22104525566101074,0.05131938308477402,0.226537823677063
759,0.3102063238620758,1e-04,0.07533783,0.0060188575,0.077581294,0.3545718789100647,0.2202589511871338,0.050964999943971634,0.2257542908191681
760,0.3096121549606323,1e-04,0.07524826,0.0060052564,0.07749359,0.35364121198654175,0.2194768488407135,0.05061374232172966,0.22497497498989105
761,0.30901917815208435,1e-04,0.07515889,0.0059916982,0.07740606,0.3527145981788635,0.2186986654996872,0.05026547983288765,0.22419963777065277
762,0.30842727422714233,1e-04,0.07506966,0.005978179,0.07731868,0.3517923653125763,0.2179248332977295,0.04992036148905754,0.2234286516904831
763,0.3078366816043854,1e-04,0.0749806,0.0059646987,0.07723146,0.3508740961551666,0.2171548306941986,0.04957814887166023,0.22266151010990143
764,0.30724719166755676,1e-04,0.074891694,0.0059512574,0.07714439,0.34996017813682556,0.21638934314250946,0.04923912137746811,0.2218988984823227
765,0.30665892362594604,1e-04,0.07480294,0.0059378576,0.077057496,0.3490504026412964,0.21562787890434265,0.048903048038482666,0.22114033997058868
766,0.30607184767723083,1e-04,0.07471438,0.005924498,0.07697076,0.3481447100639343,0.2148706018924713,0.04856996238231659,0.22038593888282776
767,0.30548590421676636,1e-04,0.07462594,0.005911174,0.07688416,0.347243070602417,0.21411743760108948,0.048239849507808685,0.2196357250213623
768,0.304901123046875,1e-04,0.07453768,0.0058978936,0.076797746,0.3463454842567444,0.21336834132671356,0.04791262000799179,0.218889519572258
769,0.30431750416755676,1e-04,0.07444958,0.0058846516,0.07671148,0.34545207023620605,0.21262355148792267,0.04758840426802635,0.2181476652622223
770,0.3037351071834564,1e-04,0.07436161,0.005871443,0.07662534,0.3445625901222229,0.2118827849626541,0.047267068177461624,0.2174099087715149
771,0.30315378308296204,1e-04,0.07427384,0.00585828,0.076539405,0.3436771333217621,0.21114607155323029,0.04694856330752373,0.21667617559432983
772,0.30257371068000793,1e-04,0.07418622,0.0058451537,0.076453604,0.3427957594394684,0.21041373908519745,0.046633023768663406,0.21594680845737457
773,0.30199477076530457,1e-04,0.07409875,0.0058320654,0.07636796,0.34191834926605225,0.20968559384346008,0.0463203489780426,0.21522162854671478
774,0.3014169931411743,1e-04,0.07401144,0.0058190157,0.07628247,0.34104490280151367,0.20896153151988983,0.04601050540804863,0.21450059115886688
775,0.3008403778076172,1e-04,0.073924296,0.0058060046,0.07619714,0.3401753604412079,0.20824165642261505,0.0457034669816494,0.21378369629383087
776,0.3002649247646332,1e-04,0.07383729,0.0057930327,0.07611197,0.3393097221851349,0.20752596855163574,0.0453992560505867,0.21307101845741272
777,0.2996905744075775,1e-04,0.073750466,0.005780098,0.076026954,0.3384479880332947,0.20681433379650116,0.04509779438376427,0.2123624086380005
778,0.29911738634109497,1e-04,0.07366381,0.0057672034,0.07594211,0.33759012818336487,0.20610690116882324,0.04479910060763359,0.21165798604488373
779,0.29854536056518555,1e-04,0.07357728,0.0057543437,0.07585739,0.33673620223999023,0.20540371537208557,0.04450321942567825,0.2109578549861908
780,0.29797449707984924,1e-04,0.073490925,0.0057415226,0.07577284,0.33588606119155884,0.20470452308654785,0.04420999437570572,0.210261732339859
781,0.29740482568740845,1e-04,0.073404744,0.005728742,0.07568845,0.3350396454334259,0.20400944352149963,0.043919436633586884,0.20956964790821075
782,0.2968362271785736,1e-04,0.07331871,0.0057159984,0.07560422,0.33419713377952576,0.20331864058971405,0.043631650507450104,0.2088818997144699
783,0.2962687909603119,1e-04,0.07323282,0.0057032923,0.07552014,0.33335840702056885,0.20263203978538513,0.04334655776619911,0.20819836854934692
784,0.2957024574279785,1e-04,0.0731471,0.0056906217,0.07543621,0.332523375749588,0.20194938778877258,0.04306402802467346,0.20751874148845673
785,0.29513731598854065,1e-04,0.07306154,0.005677991,0.075352445,0.33169203996658325,0.2012709677219391,0.04278416931629181,0.20684334635734558
786,0.29457327723503113,1e-04,0.07297614,0.0056653973,0.075268835,0.33086445927619934,0.2005966454744339,0.04250693321228027,0.20617209374904633
787,0.29401037096977234,1e-04,0.07289089,0.0056528402,0.07518537,0.3300405740737915,0.19992651045322418,0.04223231226205826,0.20550501346588135
788,0.2934485673904419,1e-04,0.07280579,0.0056403195,0.07510206,0.32922041416168213,0.19926057755947113,0.04196029528975487,0.20484212040901184
789,0.29288792610168457,1e-04,0.072720855,0.0056278384,0.07501892,0.32840394973754883,0.1985989511013031,0.04169090837240219,0.20418351888656616
790,0.292328417301178,1e-04,0.07263606,0.005615392,0.07493592,0.3275909423828125,0.19794102013111115,0.041423894464969635,0.20352861285209656
791,0.29177001118659973,1e-04,0.07255144,0.005602983,0.07485308,0.32678157091140747,0.19728738069534302,0.041159484535455704,0.20287799835205078
792,0.29121270775794983,1e-04,0.07246697,0.005590612,0.0747704,0.3259757459163666,0.19663755595684052,0.040897466242313385,0.20223121345043182
793,0.29065656661987305,1e-04,0.07238266,0.0055782744,0.074687846,0.3251735270023346,0.19599196314811707,0.04063798487186432,0.20158864557743073
794,0.2901015281677246,1e-04,0.0722985,0.005565974,0.07460546,0.3243747651576996,0.19535031914710999,0.04038091376423836,0.200950026512146
795,0.2895475924015045,1e-04,0.072214514,0.0055537126,0.07452323,0.3235796391963959,0.194712832570076,0.040126316249370575,0.20031553506851196
796,0.28899481892585754,1e-04,0.07213065,0.0055414843,0.07444115,0.3227880001068115,0.19407938420772552,0.0398741289973259,0.19968508183956146
797,0.2884431779384613,1e-04,0.07204699,0.005529296,0.07435924,0.32199975848197937,0.19345010817050934,0.039624400436878204,0.19905878603458405
798,0.28789249062538147,1e-04,0.071963444,0.0055171433,0.074277475,0.32121503353118896,0.1928248107433319,0.03937702253460884,0.198436439037323
799,0.28734302520751953,1e-04,0.071880065,0.005505025,0.074195854,0.3204338252544403,0.19220365583896637,0.03913206607103348,0.19781826436519623
800,0.2867946922779083,1e-04,0.071796834,0.0054929433,0.0741144,0.31965598464012146,0.19158656895160675,0.03888946771621704,0.197204127907753
801,0.2862474322319031,1e-04,0.071713746,0.005480896,0.074033074,0.31888142228126526,0.1909732073545456,0.03864908963441849,0.19659371674060822
802,0.285701185464859,1e-04,0.071630836,0.005468886,0.073951915,0.31811031699180603,0.19036392867565155,0.03841105103492737,0.19598737359046936
803,0.28515616059303284,1e-04,0.071548074,0.00545691,0.0738709,0.31734251976013184,0.1897587776184082,0.03817535191774368,0.19538514316082
804,0.28461214900016785,1e-04,0.07146548,0.005444972,0.07379005,0.3165779709815979,0.18915724754333496,0.03794177621603012,0.19478648900985718
805,0.2840692698955536,1e-04,0.07138304,0.0054330695,0.07370936,0.31581681966781616,0.18855980038642883,0.037710510194301605,0.19419194757938385
806,0.2835274934768677,1e-04,0.07130075,0.0054212017,0.07362881,0.3150588572025299,0.1879662573337555,0.037481456995010376,0.19360128045082092
807,0.2829867899417877,1e-04,0.071218595,0.0054093674,0.0735484,0.31430429220199585,0.18737682700157166,0.03725467994809151,0.1930147111415863
808,0.2824471592903137,1e-04,0.07113661,0.0053975685,0.07346815,0.3135529160499573,0.18679139018058777,0.03703010454773903,0.19243207573890686
809,0.28190863132476807,1e-04,0.071054764,0.0053858054,0.07338805,0.3128049075603485,0.186210036277771,0.03680778294801712,0.19185353815555573
810,0.28137120604515076,1e-04,0.07097308,0.005374078,0.0733081,0.31206002831459045,0.1856323778629303,0.03658753260970116,0.19127868115901947
811,0.2808348834514618,1e-04,0.07089152,0.0053623836,0.0732283,0.3113183379173279,0.18505877256393433,0.036369480192661285,0.19070783257484436
812,0.2802996039390564,1e-04,0.07081015,0.0053507257,0.07314865,0.3105798065662384,0.1844889223575592,0.036153506487607956,0.1901407539844513
813,0.27976542711257935,1e-04,0.07072891,0.005339103,0.07306916,0.3098444640636444,0.18392299115657806,0.03593964874744415,0.18957754969596863
814,0.27923232316970825,1e-04,0.07064784,0.0053275144,0.07298982,0.309112012386322,0.18336047232151031,0.03572770580649376,0.18901774287223816
815,0.2787002623081207,1e-04,0.07056692,0.005315957,0.07291061,0.3083827495574951,0.1828020066022873,0.03551790863275528,0.18846195936203003
816,0.27816930413246155,1e-04,0.07048617,0.005304438,0.07283157,0.30765658617019653,0.1822473704814911,0.035310160368680954,0.18790997564792633
817,0.27763938903808594,1e-04,0.070405565,0.005292952,0.07275268,0.30693355202674866,0.18169651925563812,0.03510444611310959,0.18736180663108826
818,0.27711060643196106,1e-04,0.07032511,0.0052815,0.07267393,0.30621346831321716,0.18114949762821198,0.0349007323384285,0.18681737780570984
819,0.27658283710479736,1e-04,0.07024478,0.0052700834,0.07259534,0.30549654364585876,0.18060648441314697,0.034699104726314545,0.18627695739269257
820,0.2760561406612396,1e-04,0.07016461,0.005258699,0.07251689,0.30478259921073914,0.180067241191864,0.034499455243349075,0.18574029207229614
821,0.27553051710128784,1e-04,0.07008459,0.0052473494,0.07243859,0.3040716052055359,0.17953161895275116,0.034301698207855225,0.18520717322826385
822,0.27500593662261963,1e-04,0.07000472,0.005236033,0.07236043,0.3033636510372162,0.17899981141090393,0.034105926752090454,0.18467789888381958
823,0.27448245882987976,1e-04,0.069925,0.00522475,0.07228243,0.3026584982872009,0.17847146093845367,0.03391195461153984,0.18415199220180511
824,0.27396005392074585,1e-04,0.06984547,0.0052135037,0.0722046,0.30195626616477966,0.17794686555862427,0.03371993452310562,0.18362988531589508
825,0.27343860268592834,1e-04,0.06976606,0.005202289,0.072126895,0.3012569546699524,0.17742595076560974,0.03352978080511093,0.18311138451099396
826,0.2729182839393616,1e-04,0.06968681,0.005191106,0.07204933,0.3005606234073639,0.17690880596637726,0.03334152698516846,0.1825966238975525
827,0.27239903807640076,1e-04,0.0696077,0.005179957,0.071971916,0.29986703395843506,0.17639519274234772,0.03315509110689163,0.18208539485931396
828,0.27188077569007874,1e-04,0.06952874,0.005168841,0.07189465,0.29917633533477783,0.17588549852371216,0.032970573753118515,0.18157801032066345
829,0.2713635563850403,1e-04,0.06944993,0.005157759,0.07181754,0.298488587141037,0.17537939548492432,0.03278787061572075,0.18107421696186066
830,0.2708474099636078,1e-04,0.06937129,0.005146713,0.0717406,0.2978036403656006,0.17487695813179016,0.032606981694698334,0.18057402968406677
831,0.27033233642578125,1e-04,0.06929276,0.005135696,0.07166377,0.2971213757991791,0.17437799274921417,0.0324278250336647,0.18007726967334747
832,0.2698182463645935,1e-04,0.06921439,0.005124711,0.071587086,0.29644203186035156,0.17388281226158142,0.03225051611661911,0.17958427965641022
833,0.2693052887916565,1e-04,0.06913617,0.0051137605,0.07151056,0.2957652807235718,0.17339086532592773,0.03207484632730484,0.17909452319145203
834,0.2687932848930359,1e-04,0.06905811,0.0051028435,0.07143419,0.29509133100509644,0.17290255427360535,0.031900934875011444,0.17860832810401917
835,0.26828235387802124,1e-04,0.0689802,0.0050919573,0.07135795,0.29442012310028076,0.17241773009300232,0.031728725880384445,0.17812559008598328
836,0.26777249574661255,1e-04,0.06890244,0.005081104,0.071281865,0.2937515676021576,0.17193648219108582,0.03155825287103653,0.1776464283466339
837,0.26726359128952026,1e-04,0.068824835,0.005070285,0.07120594,0.29308566451072693,0.17145860195159912,0.03138940408825874,0.1771705448627472
838,0.26675572991371155,1e-04,0.06874736,0.005059496,0.071130134,0.29242241382598877,0.1709841787815094,0.031222227960824966,0.17669813334941864
839,0.2662489116191864,1e-04,0.068670034,0.00504874,0.07105449,0.2917618751525879,0.17051342129707336,0.03105677105486393,0.1762293130159378
840,0.2657431364059448,1e-04,0.06859287,0.005038018,0.070979,0.2911040484905243,0.17004618048667908,0.03089296817779541,0.17576394975185394
841,0.26523837447166443,1e-04,0.068515845,0.0050273268,0.070903644,0.29044872522354126,0.16958214342594147,0.03073071874678135,0.17530179023742676
842,0.26473468542099,1e-04,0.06843896,0.0050166673,0.07082844,0.28979599475860596,0.1691216230392456,0.03057011030614376,0.17484310269355774
843,0.26423195004463196,1e-04,0.06836224,0.0050060386,0.070753366,0.28914591670036316,0.16866455972194672,0.030411118641495705,0.1743878424167633
844,0.2637302577495575,1e-04,0.06828565,0.0049954434,0.07067845,0.2884984016418457,0.16821089386940002,0.030253702774643898,0.1739359200000763
845,0.2632295787334442,1e-04,0.0682092,0.0049848775,0.07060367,0.2878533899784088,0.16776050627231598,0.030097808688879013,0.17348720133304596
846,0.2627299129962921,1e-04,0.06813293,0.004974346,0.07052904,0.2872108817100525,0.16731342673301697,0.029943466186523438,0.17304180562496185
847,0.2622312903404236,1e-04,0.06805677,0.0049638427,0.070454545,0.28657084703445435,0.1668696105480194,0.02979062870144844,0.17259961366653442
848,0.26173362135887146,1e-04,0.067980774,0.004953374,0.07038021,0.28593340516090393,0.16642925143241882,0.029639344662427902,0.172160804271698
849,0.2612369954586029,1e-04,0.067904934,0.004942936,0.07030602,0.2852983772754669,0.16599202156066895,0.02948952279984951,0.17172513902187347
850,0.2607414126396179,1e-04,0.06782922,0.004932528,0.07023196,0.2846658229827881,0.16555817425251007,0.029341215267777443,0.17129278182983398
851,0.26024678349494934,1e-04,0.06775367,0.0049221525,0.07015806,0.28403568267822266,0.16512742638587952,0.02919432520866394,0.17086346447467804
852,0.25975313782691956,1e-04,0.06767823,0.004911803,0.07008426,0.2834080457687378,0.16470012068748474,0.029048969969153404,0.17043758928775787
853,0.2592605948448181,1e-04,0.06760297,0.0049014906,0.07001065,0.28278273344039917,0.16427603363990784,0.02890503965318203,0.17001482844352722
854,0.2587689161300659,1e-04,0.06752785,0.004891209,0.06993718,0.2821599543094635,0.16385507583618164,0.02876253053545952,0.16959519684314728
855,0.25827836990356445,1e-04,0.06745287,0.0048809554,0.06986383,0.2815394699573517,0.1634373664855957,0.028621453791856766,0.169178768992424
856,0.257788747549057,1e-04,0.06737803,0.0048707323,0.06979063,0.2809213101863861,0.16302266716957092,0.02848171815276146,0.16876527667045593
857,0.25730016827583313,1e-04,0.067303345,0.004860541,0.06971758,0.28030556440353394,0.16261127591133118,0.028343427926301956,0.1683550626039505
858,0.25681254267692566,1e-04,0.0672288,0.004850382,0.06964468,0.2796920835971832,0.1622028648853302,0.028206463903188705,0.16794779896736145
859,0.2563258707523346,1e-04,0.0671544,0.0048402506,0.06957191,0.27908092737197876,0.16179752349853516,0.028070837259292603,0.16754354536533356
860,0.2558402419090271,1e-04,0.067080155,0.004830152,0.06949929,0.2784721553325653,0.16139541566371918,0.027936602011322975,0.16714246571063995
861,0.2553556263446808,1e-04,0.06700603,0.004820079,0.06942679,0.27786558866500854,0.16099628806114197,0.027803674340248108,0.16674433648586273
862,0.2548719644546509,1e-04,0.06693207,0.004810041,0.06935446,0.27726131677627563,0.1606001853942871,0.027672046795487404,0.16634917259216309
863,0.25438928604125977,1e-04,0.06685824,0.0048000305,0.069282256,0.2766593098640442,0.16020730137825012,0.027541786432266235,0.16595718264579773
864,0.25390759110450745,1e-04,0.06678455,0.004790051,0.069210194,0.2760595977306366,0.1598174273967743,0.027412811294198036,0.16556814312934875
865,0.2534268796443939,1e-04,0.066711016,0.0047801016,0.06913828,0.2754620313644409,0.15943041443824768,0.027285069227218628,0.1651819348335266
866,0.2529471218585968,1e-04,0.06663762,0.0047701816,0.0690665,0.2748667001724243,0.15904641151428223,0.02715860679745674,0.16479869186878204
867,0.25246837735176086,1e-04,0.066564366,0.004760292,0.06899487,0.274273544549942,0.15866538882255554,0.027033397927880287,0.16441836953163147
868,0.25199058651924133,1e-04,0.066491246,0.0047504297,0.06892336,0.2736826241016388,0.15828731656074524,0.026909425854682922,0.1640409231185913
869,0.251513808965683,1e-04,0.06641827,0.004740597,0.06885199,0.2730938196182251,0.15791215002536774,0.026786673814058304,0.16366635262966156
870,0.25103795528411865,1e-04,0.06634545,0.004730798,0.068780795,0.2725071907043457,0.15753985941410065,0.026665126904845238,0.16329459846019745
871,0.2505630850791931,1e-04,0.06627278,0.0047210264,0.06870972,0.2719227075576782,0.15717050433158875,0.026544803753495216,0.16292576491832733
872,0.25008919835090637,1e-04,0.06620022,0.004711281,0.06863877,0.27134039998054504,0.1568041741847992,0.026425713673233986,0.1625598818063736
873,0.24961625039577484,1e-04,0.06612782,0.0047015687,0.068567984,0.2707602083683014,0.15644069015979767,0.02630779705941677,0.1621967852115631
874,0.2491442859172821,1e-04,0.066055536,0.004691881,0.06849731,0.2701820731163025,0.1560799479484558,0.026191016659140587,0.1618363857269287
875,0.24867329001426697,1e-04,0.06598342,0.0046822284,0.06842681,0.2696060538291931,0.15572211146354675,0.026075411587953568,0.16147883236408234
876,0.24820326268672943,1e-04,0.065911435,0.0046725995,0.06835642,0.2690320909023285,0.1553669273853302,0.02596091665327549,0.16112391650676727
877,0.2477341741323471,1e-04,0.06583961,0.0046630027,0.06828618,0.26846012473106384,0.15501455962657928,0.025847548618912697,0.16077172756195068
878,0.2472660094499588,1e-04,0.065767914,0.0046534343,0.068216085,0.2678902745246887,0.1546650379896164,0.02573532424867153,0.16042232513427734
879,0.24679884314537048,1e-04,0.06569635,0.004643893,0.06814612,0.2673224210739136,0.15431813895702362,0.025624170899391174,0.16007551550865173
880,0.24633264541625977,1e-04,0.065624945,0.0046343813,0.06807629,0.2667565941810608,0.15397396683692932,0.025514114648103714,0.15973138809204102
881,0.24586735665798187,1e-04,0.06555365,0.0046248967,0.06800659,0.26619279384613037,0.1536327302455902,0.025405213236808777,0.15939012169837952
882,0.24540305137634277,1e-04,0.06548253,0.0046154438,0.067937054,0.2656310200691223,0.1532941460609436,0.025297369807958603,0.15905146300792694
883,0.2449396848678589,1e-04,0.06541152,0.0046060164,0.06786764,0.26507121324539185,0.15295815467834473,0.0251905620098114,0.1587153524160385
884,0.2444772571325302,1e-04,0.06534065,0.0045966185,0.06779837,0.2645133137702942,0.15262475609779358,0.025084789842367172,0.15838178992271423
885,0.24401578307151794,1e-04,0.06526995,0.00458725,0.06772924,0.2639574408531189,0.1522941291332245,0.024980096146464348,0.15805092453956604
886,0.2435552477836609,1e-04,0.065199345,0.0045779054,0.06766022,0.26340344548225403,0.15196605026721954,0.02487640641629696,0.1577225625514984
887,0.24309563636779785,1e-04,0.065128915,0.0045685936,0.06759137,0.26285141706466675,0.15164045989513397,0.02477370575070381,0.15739664435386658
888,0.2426370084285736,1e-04,0.06505862,0.004559308,0.067522645,0.2623012363910675,0.1513175666332245,0.024672040715813637,0.15707336366176605
889,0.2421792447566986,1e-04,0.06498845,0.0045500486,0.06745405,0.2617530822753906,0.1509973555803299,0.024571409448981285,0.15675270557403564
890,0.24172250926494598,1e-04,0.064918414,0.0045408187,0.0673856,0.2612067759037018,0.15067952871322632,0.024471715092658997,0.15643437206745148
891,0.241266667842865,1e-04,0.064848535,0.0045316177,0.06731729,0.260662317276001,0.15036435425281525,0.02437303587794304,0.15611866116523743
892,0.24081172049045563,1e-04,0.06477879,0.0045224424,0.067249104,0.260119765996933,0.15005168318748474,0.024275319650769234,0.15580539405345917
893,0.24035775661468506,1e-04,0.06470917,0.0045132944,0.06718106,0.2595791220664978,0.14974169433116913,0.02417861483991146,0.15549474954605103
894,0.23990468680858612,1e-04,0.06463967,0.0045041726,0.06711313,0.25904029607772827,0.14943398535251617,0.024082791060209274,0.15518631041049957
895,0.2394525706768036,1e-04,0.06457034,0.004495081,0.06704537,0.25850334763526917,0.14912892878055573,0.023987967520952225,0.15488049387931824
896,0.23900139331817627,1e-04,0.06450114,0.0044860165,0.06697773,0.25796809792518616,0.14882607758045197,0.023893991485238075,0.15457680821418762
897,0.2385510951280594,1e-04,0.06443208,0.00447698,0.06691024,0.25743475556373596,0.14852569997310638,0.023800954222679138,0.154275581240654
898,0.2381017655134201,1e-04,0.06436314,0.0044679665,0.06684285,0.25690317153930664,0.14822781085968018,0.02370884083211422,0.15397675335407257
899,0.23765331506729126,1e-04,0.064294346,0.0044589834,0.06677562,0.25637340545654297,0.1479322910308838,0.023617619648575783,0.1536802500486374
900,0.23720580339431763,1e-04,0.064225696,0.004450026,0.06670851,0.25584542751312256,0.14763925969600677,0.02352732978761196,0.1533862054347992
901,0.236759215593338,1e-04,0.06415718,0.0044410974,0.06664156,0.2553192377090454,0.14734850823879242,0.023437881842255592,0.1530943512916565
902,0.23631355166435242,1e-04,0.06408881,0.0044321953,0.06657474,0.25479480624198914,0.14706027507781982,0.02334935963153839,0.15280497074127197
903,0.23586876690387726,1e-04,0.064020544,0.0044233184,0.06650803,0.25427207350730896,0.14677414298057556,0.02326164022088051,0.1525176763534546
904,0.23542490601539612,1e-04,0.063952416,0.0044144695,0.06644148,0.25375115871429443,0.14649048447608948,0.023174811154603958,0.15223275125026703
905,0.23498199880123138,1e-04,0.063884445,0.0044056447,0.06637503,0.25323188304901123,0.14620904624462128,0.023088810965418816,0.15195003151893616
906,0.2345399409532547,1e-04,0.063816614,0.00439685,0.066308744,0.2527143955230713,0.14593003690242767,0.023003682494163513,0.15166965126991272
907,0.23409880697727203,1e-04,0.06374888,0.004388078,0.06624257,0.25219854712486267,0.14565306901931763,0.022919321432709694,0.15139128267765045
908,0.2336585819721222,1e-04,0.06368132,0.004379335,0.06617654,0.25168442726135254,0.1453784555196762,0.022835802286863327,0.15111519396305084
909,0.23321925103664398,1e-04,0.063613884,0.0043706177,0.06611065,0.2511720359325409,0.14510607719421387,0.022753098979592323,0.15084131062030792
910,0.2327808439731598,1e-04,0.06354656,0.0043619256,0.066044874,0.2506612539291382,0.1448359340429306,0.022671200335025787,0.1505695879459381
911,0.23234333097934723,1e-04,0.06347941,0.0043532616,0.06597925,0.2501521408557892,0.14456799626350403,0.02259010076522827,0.1503000408411026
912,0.2319066822528839,1e-04,0.06341236,0.0043446217,0.065913744,0.24964472651481628,0.14430223405361176,0.022509781643748283,0.15003259479999542
913,0.2314709573984146,1e-04,0.063345455,0.0043360074,0.065848365,0.2491389662027359,0.14403872191905975,0.022430261597037315,0.14976735413074493
914,0.23103611171245575,1e-04,0.06327868,0.0043274197,0.06578313,0.24863487482070923,0.14377743005752563,0.022351527586579323,0.14950427412986755
915,0.2306022047996521,1e-04,0.063212045,0.0043188604,0.06571804,0.24813242256641388,0.14351820945739746,0.02227354422211647,0.14924323558807373
916,0.23016919195652008,1e-04,0.06314553,0.0043103243,0.06565306,0.24763153493404388,0.1432611346244812,0.022196311503648758,0.14898426830768585
917,0.2297370284795761,1e-04,0.06307915,0.004301812,0.0655882,0.24713219702243805,0.14300592243671417,0.022119753062725067,0.14872710406780243
918,0.22930578887462616,1e-04,0.06301292,0.004293329,0.0655235,0.24663446843624115,0.14275287091732025,0.022043954581022263,0.14847207069396973
919,0.22887538373470306,1e-04,0.06294682,0.0042848694,0.065458916,0.24613836407661438,0.1425020545721054,0.021968934684991837,0.14821921288967133
920,0.2284458726644516,1e-04,0.06288085,0.0042764363,0.06539447,0.24564389884471893,0.14225327968597412,0.021894628182053566,0.1479683369398117
921,0.22801731526851654,1e-04,0.062815,0.004268029,0.065330155,0.24515096843242645,0.14200660586357117,0.021821053698658943,0.14771951735019684
922,0.22758954763412476,1e-04,0.062749274,0.004259643,0.06526594,0.24465955793857574,0.141761913895607,0.021748173981904984,0.14747262001037598
923,0.2271626740694046,1e-04,0.062683694,0.0042512855,0.065201886,0.24416978657245636,0.14151927828788757,0.02167600579559803,0.14722773432731628
924,0.22673670947551727,1e-04,0.06261826,0.0042429557,0.065137975,0.24368149042129517,0.14127855002880096,0.02160450629889965,0.14698471128940582
925,0.22631162405014038,1e-04,0.062552944,0.0042346474,0.06507417,0.24319477379322052,0.1410399079322815,0.021533718332648277,0.14674371480941772
926,0.22588741779327393,1e-04,0.062487755,0.0042263637,0.06501049,0.24270954728126526,0.14080312848091125,0.021463580429553986,0.14650453627109528
927,0.2254640758037567,1e-04,0.062422697,0.004218106,0.06494695,0.24222585558891296,0.14056845009326935,0.021394148468971252,0.1462673842906952
928,0.22504158318042755,1e-04,0.062357776,0.0042098723,0.06488353,0.24174366891384125,0.1403355449438095,0.021325338631868362,0.14603197574615479
929,0.2246199995279312,1e-04,0.06229299,0.004201666,0.06482026,0.2412630319595337,0.14010478556156158,0.021257247775793076,0.14579865336418152
930,0.22419926524162292,1e-04,0.062228315,0.004193481,0.064757094,0.24078382551670074,0.13987572491168976,0.021189749240875244,0.14556698501110077
931,0.22377939522266388,1e-04,0.06216379,0.004185323,0.06469408,0.24030613899230957,0.13964858651161194,0.021122902631759644,0.14533720910549164
932,0.22336041927337646,1e-04,0.062099375,0.004177187,0.064631164,0.2398298978805542,0.1394234597682953,0.021056728437542915,0.1451093703508377
933,0.22294224798679352,1e-04,0.06203509,0.004169076,0.064568385,0.23935513198375702,0.1392001211643219,0.020991165190935135,0.14488327503204346
934,0.222524955868721,1e-04,0.06197095,0.0041609905,0.06450574,0.23888185620307922,0.13897870481014252,0.02092624083161354,0.14465905725955963
935,0.22210854291915894,1e-04,0.061906926,0.0041529294,0.06444322,0.23841004073619843,0.13875921070575714,0.020861957222223282,0.14443668723106384
936,0.22169296443462372,1e-04,0.061843023,0.004144891,0.06438083,0.23793967068195343,0.13854141533374786,0.020798252895474434,0.14421600103378296
937,0.22127829492092133,1e-04,0.061779276,0.00413688,0.06431858,0.23747071623802185,0.13832542300224304,0.020735153928399086,0.14399705827236176
938,0.2208644449710846,1e-04,0.061715636,0.0041288896,0.06425644,0.23700319230556488,0.1381112039089203,0.020672637969255447,0.14377982914447784
939,0.2204514890909195,1e-04,0.06165214,0.0041209254,0.06419443,0.23653706908226013,0.137898787856102,0.020610729232430458,0.143564373254776
940,0.22003930807113647,1e-04,0.061588768,0.004112984,0.06413255,0.23607231676578522,0.1376880407333374,0.02054937183856964,0.1433505266904831
941,0.2196280062198639,1e-04,0.06152552,0.004105066,0.06407079,0.23560908436775208,0.13747923076152802,0.02048865333199501,0.143138587474823
942,0.21921759843826294,1e-04,0.061462395,0.004097173,0.06400916,0.23514719307422638,0.13727210462093353,0.020428484305739403,0.14292824268341064
943,0.21880801022052765,1e-04,0.0613994,0.004089303,0.063947655,0.2346867024898529,0.13706675171852112,0.020368903875350952,0.14271967113018036
944,0.2183992564678192,1e-04,0.061336555,0.0040814597,0.0638863,0.23422762751579285,0.13686320185661316,0.02030990459024906,0.14251282811164856
945,0.21799135208129883,1e-04,0.061273795,0.0040736343,0.063825026,0.23376989364624023,0.13666124641895294,0.020251434296369553,0.14230753481388092
946,0.2175842970609665,1e-04,0.061211176,0.0040658345,0.063763894,0.23331356048583984,0.1364610195159912,0.02019352652132511,0.14210392534732819
947,0.2171780914068222,1e-04,0.061148707,0.004058062,0.06370292,0.2328585386276245,0.13626247644424438,0.020136166363954544,0.14190195500850677
948,0.21677269041538239,1e-04,0.06108634,0.004050309,0.06364204,0.2324049025774002,0.1360655575990677,0.02007933147251606,0.1417015641927719
949,0.2163681536912918,1e-04,0.061024114,0.004042581,0.063581295,0.23195254802703857,0.13587011396884918,0.020022984594106674,0.14150258898735046
950,0.2159644365310669,1e-04,0.060962006,0.0040348736,0.063520655,0.23150159418582916,0.13567647337913513,0.0199672169983387,0.14130540192127228
951,0.21556158363819122,1e-04,0.06090003,0.004027191,0.06346016,0.2310519963502884,0.1354844868183136,0.019911978393793106,0.14110980927944183
952,0.21515953540802002,1e-04,0.060838167,0.0040195314,0.06339978,0.2306036502122879,0.13529399037361145,0.019857216626405716,0.1409156322479248
953,0.21475833654403687,1e-04,0.060776465,0.004011897,0.06333954,0.23015668988227844,0.13510525226593018,0.019803021103143692,0.14072321355342865
954,0.21435795724391937,1e-04,0.06071485,0.004004283,0.063279405,0.22971104085445404,0.13491806387901306,0.019749319180846214,0.14053227007389069
955,0.21395842730998993,1e-04,0.060653374,0.003996693,0.063219406,0.2292667031288147,0.1347324550151825,0.019696127623319626,0.14034289121627808
956,0.21355970203876495,1e-04,0.060591996,0.003989122,0.063159496,0.2288236767053604,0.13454845547676086,0.01964344084262848,0.14015506207942963
957,0.21316181123256683,1e-04,0.06053076,0.0039815763,0.063099734,0.2283819168806076,0.13436603546142578,0.019591253250837326,0.13996875286102295
958,0.212764710187912,1e-04,0.060469642,0.0039740535,0.06304009,0.22794146835803986,0.1341850459575653,0.01953952945768833,0.13978387415409088
959,0.21236850321292877,1e-04,0.060408674,0.003966556,0.0629806,0.2275022268295288,0.13400550186634064,0.0194882582873106,0.13960035145282745
960,0.21197305619716644,1e-04,0.06034781,0.003959077,0.062921196,0.22706429660320282,0.13382752239704132,0.019437484443187714,0.13941837847232819
961,0.21157842874526978,1e-04,0.060287092,0.003951623,0.062861934,0.2266276329755783,0.1336509883403778,0.019387174397706985,0.13923783600330353
962,0.21118465065956116,1e-04,0.060226478,0.0039441898,0.062802784,0.22619225084781647,0.1334761083126068,0.019337361678481102,0.13905884325504303
963,0.2107916623353958,1e-04,0.060165994,0.0039367788,0.06274375,0.22575810551643372,0.13330258429050446,0.01928798481822014,0.13888119161128998
964,0.21039952337741852,1e-04,0.060105637,0.0039293924,0.062684864,0.22532524168491364,0.13313065469264984,0.01923910342156887,0.1387050896883011
965,0.2100081592798233,1e-04,0.060045402,0.0039220275,0.06262609,0.22489362955093384,0.13296017050743103,0.019190674647688866,0.1385304033756256
966,0.20961762964725494,1e-04,0.05998528,0.0039146836,0.062567435,0.22446322441101074,0.13279105722904205,0.019142672419548035,0.1383570432662964
967,0.20922791957855225,1e-04,0.05992528,0.0039073625,0.062508896,0.22403405606746674,0.13262338936328888,0.01909511722624302,0.13818508386611938
968,0.20883901417255402,1e-04,0.0598654,0.0039000614,0.062450472,0.22360607981681824,0.13245712220668793,0.019047999754548073,0.13801449537277222
969,0.20845085382461548,1e-04,0.059805635,0.0038927821,0.062392164,0.22317937016487122,0.132292240858078,0.019001316279172897,0.1378452628850937
970,0.20806357264518738,1e-04,0.05974602,0.0038855283,0.062334005,0.22275379300117493,0.13212867081165314,0.018955033272504807,0.13767728209495544
971,0.20767705142498016,1e-04,0.059686515,0.0038782943,0.062275954,0.22232946753501892,0.13196656107902527,0.01890920288860798,0.1375107318162918
972,0.20729133486747742,1e-04,0.05962713,0.003871081,0.06221801,0.22190633416175842,0.13180574774742126,0.018863771110773087,0.13734544813632965
973,0.20690646767616272,1e-04,0.05956787,0.00386389,0.062160198,0.22148440778255463,0.13164639472961426,0.01881878450512886,0.1371815800666809
974,0.20652233064174652,1e-04,0.059508722,0.0038567197,0.062102493,0.22106367349624634,0.1314883679151535,0.01877420023083687,0.13701897859573364
975,0.20613905787467957,1e-04,0.0594497,0.0038495734,0.06204493,0.22064413130283356,0.13133172690868378,0.0187300443649292,0.1368577480316162
976,0.2057565301656723,1e-04,0.059390806,0.003842448,0.061987482,0.22022581100463867,0.13117650151252747,0.018686309456825256,0.13669787347316742
977,0.2053748518228531,1e-04,0.05933202,0.0038353433,0.06193015,0.2198086380958557,0.13102251291275024,0.018642958253622055,0.13653922080993652
978,0.20499393343925476,1e-04,0.059273347,0.003828259,0.061872926,0.2193925976753235,0.13086985051631927,0.018600009381771088,0.1363818496465683
979,0.20461377501487732,1e-04,0.059214797,0.0038211967,0.061815828,0.21897771954536438,0.1307184398174286,0.018557440489530563,0.13622570037841797
980,0.20423445105552673,1e-04,0.059156366,0.0038141531,0.06175883,0.2185640186071396,0.1305682510137558,0.018515247851610184,0.13607074320316315
981,0.20385588705539703,1e-04,0.059098084,0.0038071359,0.06170199,0.21815143525600433,0.13041934370994568,0.018473435193300247,0.13591702282428741
982,0.203478142619133,1e-04,0.059039894,0.003800135,0.061645236,0.21773995459079742,0.13027158379554749,0.018431980162858963,0.13576443493366241
983,0.20310114324092865,1e-04,0.05898184,0.0037931574,0.061588615,0.21732966601848602,0.13012519478797913,0.018390927463769913,0.13561315834522247
984,0.20272493362426758,1e-04,0.0589239,0.0037862,0.061532106,0.21692052483558655,0.12998008728027344,0.01835026405751705,0.135463148355484
985,0.20234952867031097,1e-04,0.058866065,0.0037792628,0.06147571,0.2165125459432602,0.1298362761735916,0.018309984356164932,0.13531439006328583
986,0.20197489857673645,1e-04,0.058808345,0.0037723468,0.061419435,0.21610568463802338,0.1296936422586441,0.018270056694746017,0.13516677916049957
987,0.2016010880470276,1e-04,0.058750767,0.0037654538,0.061363295,0.21569989621639252,0.12955224514007568,0.0182304959744215,0.13502036035060883
988,0.20122797787189484,1e-04,0.058693297,0.003758581,0.061307266,0.21529525518417358,0.12941202521324158,0.018191291019320488,0.13487508893013
989,0.20085570216178894,1e-04,0.058635935,0.003751726,0.061251335,0.214891716837883,0.12927298247814178,0.01815243624150753,0.1347309798002243
990,0.20048417150974274,1e-04,0.058578692,0.0037448918,0.061195523,0.21448928117752075,0.12913517653942108,0.018113944679498672,0.1345880627632141
991,0.2001134157180786,1e-04,0.05852159,0.0037380804,0.061139844,0.21408793330192566,0.12899842858314514,0.018075773492455482,0.1344461739063263
992,0.19974344968795776,1e-04,0.058464583,0.0037312876,0.061084267,0.2136877179145813,0.12886294722557068,0.01803797110915184,0.13430550694465637
993,0.199374258518219,1e-04,0.058407698,0.003724515,0.061028805,0.21328848600387573,0.128728449344635,0.018000464886426926,0.13416580855846405
994,0.19900581240653992,1e-04,0.058350928,0.003717764,0.06097347,0.2128903865814209,0.12859512865543365,0.017963305115699768,0.13402725756168365
995,0.19863811135292053,1e-04,0.058294293,0.0037110322,0.06091824,0.2124933898448944,0.12846294045448303,0.017926478758454323,0.1338897943496704
996,0.19827121496200562,1e-04,0.058237754,0.003704321,0.060863134,0.21209746599197388,0.1283319741487503,0.01789001002907753,0.13375353813171387
997,0.19790509343147278,1e-04,0.05818134,0.0036976298,0.06080814,0.2117026299238205,0.1282021701335907,0.0178538765758276,0.13361839950084686
998,0.19753970205783844,1e-04,0.058125027,0.003690958,0.060753256,0.21130886673927307,0.12807346880435944,0.01781807467341423,0.1334843635559082
999,0.19717510044574738,1e-04,0.058068845,0.0036843074,0.060698498,0.21091614663600922,0.12794587016105652,0.01778259500861168,0.1333514004945755
1000,0.1968112289905548,1e-04,0.05801277,0.0036776764,0.060643848,0.2105245143175125,0.12781938910484314,0.0177474282681942,0.13321948051452637
1001,0.19644814729690552,1e-04,0.057956815,0.0036710654,0.060589317,0.2101338803768158,0.12769389152526855,0.017712563276290894,0.13308855891227722
1002,0.19608579576015472,1e-04,0.05790097,0.0036644738,0.0605349,0.20974428951740265,0.12756936252117157,0.01767798140645027,0.1329585760831833
1003,0.195724219083786,1e-04,0.05784524,0.0036579003,0.060480576,0.20935575664043427,0.1274459809064865,0.017643731087446213,0.1328297108411789
1004,0.195363387465477,1e-04,0.057789646,0.003651349,0.060426395,0.20896826684474945,0.12732361257076263,0.017609769478440285,0.1327017992734909
1005,0.19500330090522766,1e-04,0.05773415,0.0036448163,0.060372315,0.2085818201303482,0.12720230221748352,0.017576122656464577,0.13257497549057007
1006,0.1946439892053604,1e-04,0.05767878,0.0036383043,0.06031836,0.20819637179374695,0.127081960439682,0.017542749643325806,0.13244904577732086
1007,0.19428542256355286,1e-04,0.057623506,0.0036318095,0.060264494,0.20781196653842926,0.12696275115013123,0.017509710043668747,0.13232426345348358
1008,0.193927600979805,1e-04,0.05756835,0.0036253356,0.06021076,0.20742858946323395,0.12684455513954163,0.017476951703429222,0.1322004199028015
1009,0.19357050955295563,1e-04,0.057513315,0.0036188809,0.060157135,0.207046240568161,0.12672729790210724,0.017444469034671783,0.13207751512527466
1010,0.19321420788764954,1e-04,0.057458393,0.0036124447,0.060103618,0.20666489005088806,0.1266111135482788,0.017412297427654266,0.13195566833019257
1011,0.19285862147808075,1e-04,0.057403572,0.0036060277,0.060050208,0.2062845528125763,0.12649588286876678,0.017380401492118835,0.1318347454071045
1012,0.19250378012657166,1e-04,0.057348873,0.0035996316,0.05999693,0.20590518414974213,0.12638166546821594,0.017348794266581535,0.1317148208618164
1013,0.19214965403079987,1e-04,0.0572943,0.0035932544,0.05994376,0.20552684366703033,0.1262683868408203,0.017317449674010277,0.13159577548503876
1014,0.19179630279541016,1e-04,0.057239816,0.0035868941,0.059890684,0.20514953136444092,0.1261560618877411,0.017286384478211403,0.1314776986837387
1015,0.19144371151924133,1e-04,0.05718545,0.0035805537,0.05983773,0.2047731578350067,0.12604467570781708,0.01725558564066887,0.1313605159521103
1016,0.19109179079532623,1e-04,0.057131197,0.0035742314,0.059784874,0.2043977826833725,0.12593427300453186,0.017225060611963272,0.13124427199363708
1017,0.1907406449317932,1e-04,0.057077058,0.0035679298,0.05973215,0.20402340590953827,0.12582486867904663,0.017194828018546104,0.13112905621528625
1018,0.1903902143239975,1e-04,0.057023056,0.0035616483,0.059679545,0.20364998281002045,0.1257162094116211,0.017164815217256546,0.13101455569267273
1019,0.19004054367542267,1e-04,0.05696914,0.0035553821,0.059627026,0.20327752828598022,0.12560856342315674,0.01713508740067482,0.1309010535478592
1020,0.18969157338142395,1e-04,0.056915328,0.003549135,0.05957462,0.20290607213974,0.12550188601016998,0.017105620354413986,0.13078846037387848
1021,0.18934336304664612,1e-04,0.056861643,0.003542908,0.05952233,0.20253556966781616,0.12539604306221008,0.0170763973146677,0.13067668676376343
1022,0.18899588286876678,1e-04,0.05680807,0.0035367,0.05947016,0.20216606557369232,0.12529109418392181,0.01704743504524231,0.1305658221244812
1023,0.18864913284778595,1e-04,0.05675459,0.0035305084,0.059418082,0.2017975002527237,0.1251872032880783,0.017018761485815048,0.13045597076416016
1024,0.18830306828022003,1e-04,0.056701235,0.003524337,0.059366126,0.20142987370491028,0.1250840723514557,0.0169903002679348,0.1303468495607376
1025,0.1879577487707138,1e-04,0.056647994,0.0035181842,0.059314284,0.20106323063373566,0.12498192489147186,0.016962120309472084,0.13023871183395386
1026,0.18761317431926727,1e-04,0.05659485,0.0035120489,0.05926254,0.20069751143455505,0.12488044798374176,0.01693413034081459,0.13013119995594025
1027,0.18726931512355804,1e-04,0.056541823,0.0035059315,0.059210908,0.20033276081085205,0.12477997690439224,0.01690641976892948,0.13002468645572662
1028,0.18692617118358612,1e-04,0.056488905,0.0034998332,0.059159387,0.19996891915798187,0.12468024343252182,0.016878925263881683,0.1299189180135727
1029,0.1865837424993515,1e-04,0.0564361,0.0034937526,0.059107974,0.19960597157478333,0.12458135932683945,0.01685166545212269,0.12981396913528442
1030,0.1862419992685318,1e-04,0.05638341,0.003487691,0.059056677,0.19924403727054596,0.12448336184024811,0.01682465523481369,0.1297098845243454
1031,0.18590101599693298,1e-04,0.056330822,0.0034816465,0.05900548,0.1988830268383026,0.12438621371984482,0.016797877848148346,0.12960663437843323
1032,0.18556076288223267,1e-04,0.056278348,0.00347562,0.058954388,0.19852286577224731,0.124289870262146,0.01677132584154606,0.12950415909290314
1033,0.18522115051746368,1e-04,0.05622596,0.0034696104,0.0589034,0.1981637328863144,0.12419450283050537,0.01674504578113556,0.12940265238285065
1034,0.18488231301307678,1e-04,0.056173705,0.0034636208,0.058852535,0.1978054642677307,0.12409976869821548,0.016718942672014236,0.1293017566204071
1035,0.184544175863266,1e-04,0.05612156,0.0034576491,0.058801778,0.19744813442230225,0.124005988240242,0.016693105921149254,0.12920179963111877
1036,0.18420672416687012,1e-04,0.05606952,0.0034516947,0.058751125,0.1970917135477066,0.12391282618045807,0.0166674442589283,0.1291024535894394
1037,0.18387001752853394,1e-04,0.056017563,0.003445757,0.058700573,0.1967361569404602,0.12382050603628159,0.01664201356470585,0.12900392711162567
1038,0.18353398144245148,1e-04,0.055965744,0.0034398376,0.05865013,0.1963815689086914,0.12372902780771255,0.016616815701127052,0.1289062350988388
1039,0.1831986904144287,1e-04,0.05591402,0.003433935,0.05859979,0.19602781534194946,0.12363821268081665,0.016591807827353477,0.12880919873714447
1040,0.18286405503749847,1e-04,0.055862404,0.0034280508,0.058549557,0.19567500054836273,0.123548224568367,0.01656702533364296,0.1287129521369934
1041,0.18253016471862793,1e-04,0.055810902,0.0034221846,0.05849944,0.19532303512096405,0.12345893681049347,0.016542434692382812,0.12861739099025726
1042,0.1821969449520111,1e-04,0.055759497,0.0034163347,0.05844942,0.19497200846672058,0.12337049096822739,0.016518082469701767,0.12852269411087036
1043,0.1818644255399704,1e-04,0.055708215,0.0034105033,0.058399513,0.19462189078330994,0.12328281253576279,0.016493935137987137,0.12842871248722076
1044,0.18153263628482819,1e-04,0.055656996,0.003404686,0.058349688,0.19427262246608734,0.12319588661193848,0.01646999642252922,0.12833549082279205
1045,0.1812015026807785,1e-04,0.055605926,0.0033988901,0.0583,0.19392424821853638,0.12310965359210968,0.016446251422166824,0.12824293971061707
1046,0.1808711141347885,1e-04,0.05555495,0.0033931094,0.0582504,0.19357675313949585,0.12302432209253311,0.016422752290964127,0.1281512826681137
1047,0.18054136633872986,1e-04,0.05550407,0.0033873457,0.058200907,0.19323012232780457,0.12293938547372818,0.016399364918470383,0.1280599981546402
1048,0.1802123486995697,1e-04,0.05545332,0.0033816004,0.05815153,0.19288434088230133,0.1228552833199501,0.016376204788684845,0.12796954810619354
1049,0.17988400161266327,1e-04,0.05540265,0.0033758706,0.058102243,0.19253945350646973,0.12277189642190933,0.016353240236639977,0.1278797835111618
1050,0.17955638468265533,1e-04,0.055352096,0.0033701588,0.05805307,0.19219540059566498,0.12268918752670288,0.016330469399690628,0.12779071927070618
1051,0.17922940850257874,1e-04,0.055301666,0.0033644652,0.05800401,0.19185222685337067,0.12260718643665314,0.016307884827256203,0.12770232558250427
1052,0.17890311777591705,1e-04,0.055251323,0.0033587872,0.057955045,0.19150994718074799,0.12252602726221085,0.01628553308546543,0.12761478126049042
1053,0.17857755720615387,1e-04,0.05520109,0.0033531268,0.057906188,0.19116851687431335,0.12244546413421631,0.016263341531157494,0.12752780318260193
1054,0.17825265228748322,1e-04,0.055150945,0.0033474811,0.05785742,0.19082792103290558,0.12236561626195908,0.016241347417235374,0.12744154036045074
1055,0.17792843282222748,1e-04,0.055100918,0.0033418534,0.057808764,0.19048817455768585,0.12228630483150482,0.016219504177570343,0.12735581398010254
1056,0.17760491371154785,1e-04,0.055050988,0.003336242,0.05776021,0.19014929234981537,0.1222078800201416,0.016197893768548965,0.12727095186710358
1057,0.17728203535079956,1e-04,0.055001173,0.003330649,0.057711776,0.18981124460697174,0.12213001400232315,0.016176437959074974,0.1271866261959076
1058,0.17695987224578857,1e-04,0.054951444,0.0033250703,0.057663422,0.18947400152683258,0.12205268442630768,0.01615513674914837,0.12710285186767578
1059,0.1766383796930313,1e-04,0.054901846,0.0033195105,0.057615194,0.18913763761520386,0.1219760924577713,0.016134029254317284,0.12701979279518127
1060,0.17631757259368896,1e-04,0.05485232,0.0033139645,0.05756704,0.1888020783662796,0.12190009653568268,0.01611308753490448,0.12693732976913452
1061,0.17599742114543915,1e-04,0.05480292,0.0033084364,0.057519007,0.18846732378005981,0.1218247264623642,0.016092315316200256,0.1268554925918579
1062,0.17567792534828186,1e-04,0.054753605,0.003302923,0.057471063,0.18813347816467285,0.12175007164478302,0.016071738675236702,0.1267743557691574
1063,0.17535915970802307,1e-04,0.05470441,0.0032974274,0.05742323,0.18780040740966797,0.1216760128736496,0.016051320359110832,0.12669380009174347
1064,0.17504103481769562,1e-04,0.054655306,0.0032919482,0.0573755,0.18746818602085114,0.12160257995128632,0.01603107713162899,0.12661388516426086
1065,0.1747235804796219,1e-04,0.05460632,0.003286486,0.05732788,0.18713676929473877,0.12152980268001556,0.016011008992791176,0.1265346109867096
1066,0.17440679669380188,1e-04,0.05455741,0.0032810383,0.057280347,0.18680618703365326,0.12145762145519257,0.015991095453500748,0.1264559030532837
1067,0.1740906983613968,1e-04,0.05450861,0.0032756063,0.057232913,0.18647639453411102,0.12138605117797852,0.01597135327756405,0.12637782096862793
1068,0.17377524077892303,1e-04,0.05445991,0.0032701914,0.057185587,0.18614740669727325,0.12131496518850327,0.015951741486787796,0.12630020081996918
1069,0.173460453748703,1e-04,0.054411314,0.003264792,0.057138357,0.18581925332546234,0.12124456465244293,0.015932314097881317,0.12622326612472534
1070,0.1731463372707367,1e-04,0.054362837,0.003259409,0.057091232,0.1854918897151947,0.12117473781108856,0.015913045033812523,0.12614691257476807
1071,0.17283287644386292,1e-04,0.054314457,0.0032540427,0.057044216,0.18516534566879272,0.12110553681850433,0.01589393988251686,0.12607116997241974
1072,0.17252010107040405,1e-04,0.05426616,0.003248691,0.05699729,0.18483960628509521,0.12103688716888428,0.015874989330768585,0.12599599361419678
1073,0.17220796644687653,1e-04,0.054217968,0.0032433548,0.05695046,0.1845146119594574,0.1209687814116478,0.01585618034005165,0.1259213238954544
1074,0.17189647257328033,1e-04,0.05416988,0.0032380356,0.05690374,0.18419046700000763,0.12090126425027847,0.01583753526210785,0.12584726512432098
1075,0.17158566415309906,1e-04,0.054121885,0.00323273,0.0568571,0.18386709690093994,0.1208343356847763,0.015819042921066284,0.12577377259731293
1076,0.17127549648284912,1e-04,0.054074004,0.0032274423,0.056810584,0.18354451656341553,0.12076792865991592,0.01580069214105606,0.12570080161094666
1077,0.1709659993648529,1e-04,0.054026227,0.00322217,0.056764163,0.183222696185112,0.1207021027803421,0.015782495960593224,0.12562839686870575
1078,0.17065711319446564,1e-04,0.05397854,0.0032169132,0.05671784,0.18290171027183533,0.12063680589199066,0.015764443203806877,0.12555652856826782
1079,0.17034894227981567,1e-04,0.053930942,0.0032116708,0.056671605,0.18258149921894073,0.1205720528960228,0.01574653945863247,0.12548521161079407
1080,0.17004139721393585,1e-04,0.05388345,0.0032064435,0.056625467,0.18226200342178345,0.12050775438547134,0.01572875678539276,0.12541434168815613
1081,0.16973447799682617,1e-04,0.053836055,0.003201233,0.05657944,0.18194332718849182,0.12044411897659302,0.01571115292608738,0.1253441423177719
1082,0.16942822933197021,1e-04,0.053788763,0.0031960374,0.056533508,0.18162542581558228,0.12038092315196991,0.01569366455078125,0.12527436017990112
1083,0.1691226065158844,1e-04,0.05374157,0.0031908567,0.05648767,0.181308314204216,0.12031831592321396,0.015676334500312805,0.1252051740884781
1084,0.1688176542520523,1e-04,0.05369447,0.0031856908,0.056441925,0.18099191784858704,0.1202562004327774,0.015659134835004807,0.12513646483421326
1085,0.16851332783699036,1e-04,0.053647477,0.003180541,0.056396287,0.18067637085914612,0.12019467353820801,0.01564209535717964,0.12506836652755737
1086,0.16820970177650452,1e-04,0.053600583,0.0031754072,0.056350753,0.1803615689277649,0.12013369798660278,0.01562519744038582,0.12500078976154327
1087,0.16790665686130524,1e-04,0.053553768,0.0031702865,0.056305297,0.18004749715328217,0.12007313966751099,0.015608413144946098,0.1249336376786232
1088,0.16760428249835968,1e-04,0.053507064,0.0031651827,0.056259956,0.17973415553569794,0.12001301348209381,0.015591749921441078,0.12486692517995834
1089,0.16730248928070068,1e-04,0.053460456,0.0031600925,0.0562147,0.17942163348197937,0.11995352804660797,0.01557525061070919,0.12480084598064423
1090,0.1670013964176178,1e-04,0.053413946,0.0031550175,0.056169543,0.17910981178283691,0.11989434063434601,0.015558836050331593,0.12473506480455399
1091,0.16670092940330505,1e-04,0.05336752,0.0031499565,0.05612447,0.17879876494407654,0.11983577907085419,0.015542593784630299,0.12466993927955627
1092,0.16640108823776245,1e-04,0.05332122,0.003144912,0.056079514,0.17848847806453705,0.11977766454219818,0.01552646141499281,0.1246052235364914
1093,0.16610191762447357,1e-04,0.053274993,0.003139882,0.05603465,0.17817892134189606,0.11972002685070038,0.015510459430515766,0.12454099208116531
1094,0.16580332815647125,1e-04,0.053228874,0.0031348667,0.05598988,0.17787005007266998,0.11966294050216675,0.01549459807574749,0.12447729706764221
1095,0.1655053198337555,1e-04,0.053182848,0.0031298662,0.055945206,0.17756199836730957,0.11960630118846893,0.01547886710613966,0.12441409379243851
1096,0.16520801186561584,1e-04,0.053136908,0.0031248801,0.055900626,0.17725472152233124,0.11955015361309052,0.015463258139789104,0.12435135245323181
1097,0.16491135954856873,1e-04,0.053091064,0.0031199073,0.05585613,0.17694811522960663,0.11949435621500015,0.015447747893631458,0.12428896874189377
1098,0.16461530327796936,1e-04,0.053045325,0.0031149501,0.055811737,0.17664217948913574,0.11943890154361725,0.015432325191795826,0.12422691285610199
1099,0.16431987285614014,1e-04,0.05299969,0.003110009,0.055767454,0.1763370931148529,0.11938410997390747,0.015417084097862244,0.12416554987430573
1100,0.16402509808540344,1e-04,0.05295414,0.0031050816,0.055723257,0.17603269219398499,0.11932966858148575,0.015401935204863548,0.12410453706979752
1101,0.1637309342622757,1e-04,0.052908678,0.003100167,0.055679142,0.17572899162769318,0.11927560716867447,0.01538688875734806,0.12404389679431915
1102,0.1634373664855957,1e-04,0.052863333,0.0030952697,0.055635147,0.17542606592178345,0.11922214180231094,0.01537199318408966,0.12398384511470795
1103,0.16314443945884705,1e-04,0.052818056,0.0030903833,0.055591214,0.17512384057044983,0.11916907876729965,0.015357209369540215,0.12392421066761017
1104,0.16285215318202972,1e-04,0.052772872,0.0030855122,0.055547386,0.1748223453760147,0.11911644041538239,0.015342536382377148,0.12386499345302582
1105,0.16256046295166016,1e-04,0.05272781,0.0030806577,0.055503674,0.1745215505361557,0.11906416714191437,0.015327965840697289,0.12380616366863251
1106,0.16226939857006073,1e-04,0.05268282,0.0030758146,0.05546003,0.17422150075435638,0.11901243031024933,0.015313534066081047,0.12374786287546158
1107,0.16197894513607025,1e-04,0.052637927,0.0030709857,0.055416476,0.17392216622829437,0.1189611405134201,0.015299215912818909,0.12369000166654587
1108,0.16168911755084991,1e-04,0.05259312,0.0030661724,0.055373028,0.17362351715564728,0.11891015619039536,0.015284985303878784,0.12363246083259583
1109,0.16139991581439972,1e-04,0.05254843,0.003061375,0.055329695,0.17332562804222107,0.11885969340801239,0.015270888805389404,0.12357543408870697
1110,0.16111132502555847,1e-04,0.052503802,0.0030565867,0.055286407,0.1730283796787262,0.1188095211982727,0.015256872400641441,0.12351871281862259
1111,0.16082331538200378,1e-04,0.0524593,0.0030518165,0.05524325,0.17273186147212982,0.11875981092453003,0.015242978930473328,0.12346246093511581
1112,0.16053594648838043,1e-04,0.05241488,0.0030470598,0.05520018,0.17243604362010956,0.11871041357517242,0.015229170210659504,0.12340652197599411
1113,0.16024917364120483,1e-04,0.05237055,0.0030423147,0.05515718,0.17214088141918182,0.11866136640310287,0.015215453691780567,0.12335094064474106
1114,0.15996301174163818,1e-04,0.052326314,0.0030375845,0.055114284,0.17184647917747498,0.11861282587051392,0.015201869420707226,0.123295858502388
1115,0.15967747569084167,1e-04,0.052282173,0.0030328685,0.055071484,0.17155277729034424,0.11856474727392197,0.01518840529024601,0.12324124574661255
1116,0.15939253568649292,1e-04,0.052238107,0.003028165,0.055028766,0.17125976085662842,0.11851702630519867,0.015175042673945427,0.12318702042102814
1117,0.15910819172859192,1e-04,0.052194145,0.003023477,0.054986153,0.17096742987632751,0.11846964061260223,0.01516176201403141,0.1231331080198288
1118,0.15882447361946106,1e-04,0.052150276,0.003018801,0.054943617,0.17067576944828033,0.1184227243065834,0.015148602426052094,0.12307965755462646
1119,0.15854130685329437,1e-04,0.0521065,0.0030141412,0.054901194,0.17038483917713165,0.11837613582611084,0.015135535970330238,0.12302656471729279
1120,0.15825879573822021,1e-04,0.052062787,0.0030094911,0.05485883,0.1700945943593979,0.1183299794793129,0.015122580341994762,0.12297390401363373
1121,0.1579768806695938,1e-04,0.0520192,0.0030048585,0.05481659,0.16980500519275665,0.11828410625457764,0.015109701082110405,0.12292152643203735
1122,0.15769554674625397,1e-04,0.051975682,0.0030002368,0.05477442,0.16951611638069153,0.11823861300945282,0.015096927061676979,0.12286955118179321
1123,0.15741480886936188,1e-04,0.051932268,0.0029956293,0.05473234,0.16922785341739655,0.11819346994161606,0.015084239654242992,0.12281791120767593
1124,0.15713465213775635,1e-04,0.05188894,0.002991035,0.054690357,0.16894035041332245,0.11814872175455093,0.015071658417582512,0.12276668101549149
1125,0.15685513615608215,1e-04,0.05184571,0.0029864549,0.054648466,0.1686534434556961,0.11810419708490372,0.015059140510857105,0.12271568924188614
1126,0.15657620131969452,1e-04,0.051802576,0.0029818872,0.054606657,0.16836725175380707,0.11806009709835052,0.015046733431518078,0.12266512960195541
1127,0.15629784762859344,1e-04,0.051759526,0.0029773335,0.05456495,0.16808167099952698,0.11801628023386002,0.015034409239888191,0.12261488288640976
1128,0.15602006018161774,1e-04,0.051716547,0.0029727905,0.054523304,0.16779683530330658,0.11797289550304413,0.015022186562418938,0.12256503105163574
1129,0.15574292838573456,1e-04,0.051673677,0.0029682638,0.054481775,0.1675126999616623,0.11792992055416107,0.015010070987045765,0.12251559644937515
1130,0.15546636283397675,1e-04,0.051630888,0.0029637492,0.054440327,0.16722916066646576,0.11788730323314667,0.014998053200542927,0.122466541826725
1131,0.1551903486251831,1e-04,0.051588174,0.0029592463,0.054398954,0.16694632172584534,0.11784510314464569,0.014986144378781319,0.12241791188716888
1132,0.15491493046283722,1e-04,0.051545564,0.002954759,0.054357693,0.16666416823863983,0.11780311912298203,0.014974293299019337,0.12236949801445007
1133,0.15464015305042267,1e-04,0.05150304,0.0029502832,0.05431651,0.16638264060020447,0.11776147782802582,0.014962539076805115,0.12232145667076111
1134,0.1543659120798111,1e-04,0.05146061,0.0029458213,0.05427542,0.16610173881053925,0.11772006750106812,0.014950837008655071,0.12227361649274826
1135,0.15409226715564728,1e-04,0.051418263,0.0029413714,0.05423441,0.16582153737545013,0.11767905950546265,0.01493924856185913,0.12222621589899063
1136,0.1538192331790924,1e-04,0.051376007,0.0029369341,0.05419349,0.16554194688796997,0.11763831228017807,0.014927727170288563,0.1221790760755539
1137,0.15354673564434052,1e-04,0.05133384,0.0029325099,0.054152653,0.16526302695274353,0.11759791523218155,0.014916296117007732,0.12213228642940521
1138,0.15327483415603638,1e-04,0.051291768,0.0029280996,0.054111917,0.16498474776744843,0.11755780130624771,0.014904944226145744,0.1220858097076416
1139,0.1530035138130188,1e-04,0.051249776,0.0029237012,0.05407126,0.16470713913440704,0.1175181120634079,0.014893700368702412,0.12203975021839142
1140,0.15273277461528778,1e-04,0.051207878,0.0029193163,0.054030698,0.16443020105361938,0.11747872829437256,0.01488253753632307,0.1219940036535263
1141,0.15246261656284332,1e-04,0.05116604,0.0029149416,0.0539902,0.16415385901927948,0.11743954569101334,0.014871430583298206,0.1219484731554985
1142,0.15219300985336304,1e-04,0.05112432,0.0029105819,0.05394981,0.1638782024383545,0.11740076541900635,0.014860428869724274,0.12190335988998413
1143,0.1519240140914917,1e-04,0.051082674,0.0029062356,0.053909514,0.16360318660736084,0.11736228317022324,0.014849506318569183,0.12185855209827423
1144,0.15165555477142334,1e-04,0.05104109,0.0029018978,0.053869266,0.16332879662513733,0.11732412874698639,0.014838662929832935,0.1218140497803688
1145,0.15138770639896393,1e-04,0.050999615,0.0028975746,0.053829122,0.16305503249168396,0.11728622764348984,0.014827894046902657,0.12176983803510666
1146,0.1511204093694687,1e-04,0.05095824,0.0028932663,0.05378909,0.16278187930583954,0.1172485202550888,0.01481717824935913,0.12172583490610123
1147,0.15085367858409882,1e-04,0.050916925,0.0028889668,0.05374911,0.16250941157341003,0.11721120774745941,0.014806563034653664,0.12168221920728683
1148,0.1505875289440155,1e-04,0.05087572,0.002884682,0.053709235,0.16223755478858948,0.11717414855957031,0.014796020463109016,0.12163889408111572
1149,0.15032194554805756,1e-04,0.050834596,0.002880409,0.05366944,0.16196630895137787,0.1171373501420021,0.014785541221499443,0.12159580737352371
1150,0.15005691349506378,1e-04,0.05079355,0.0028761474,0.053629726,0.1616957187652588,0.11710089445114136,0.014775154180824757,0.12155309319496155
1151,0.14979246258735657,1e-04,0.050752584,0.0028718987,0.0535901,0.16142572462558746,0.11706467717885971,0.014764832332730293,0.12151062488555908
1152,0.14952856302261353,1e-04,0.05071173,0.002867663,0.053550564,0.16115638613700867,0.11702875792980194,0.014754587784409523,0.12146846204996109
1153,0.14926524460315704,1e-04,0.050670926,0.0028634383,0.053511105,0.1608876734972,0.11699311435222626,0.014744415879249573,0.12142658978700638
1154,0.14900247752666473,1e-04,0.05063021,0.0028592257,0.05347173,0.1606195569038391,0.11695776879787445,0.014734320342540741,0.12138500809669495
1155,0.1487402617931366,1e-04,0.0505896,0.0028550266,0.05343245,0.16035208106040955,0.11692269891500473,0.014724299311637878,0.12134372442960739
1156,0.14847862720489502,1e-04,0.050549056,0.0028508382,0.05339324,0.16008523106575012,0.11688784509897232,0.01471433974802494,0.12130267918109894
1157,0.14821754395961761,1e-04,0.0505086,0.0028466622,0.05335412,0.15981897711753845,0.1168532520532608,0.014704445376992226,0.12126188725233078
1158,0.14795702695846558,1e-04,0.050468232,0.0028424982,0.053315084,0.15955333411693573,0.11681898683309555,0.014694636687636375,0.12122143805027008
1159,0.14769704639911652,1e-04,0.050427955,0.002838347,0.05327614,0.15928830206394196,0.11678488552570343,0.014684876427054405,0.1211811751127243
1160,0.14743763208389282,1e-04,0.050387744,0.002834205,0.053237252,0.15902388095855713,0.11675108969211578,0.014675192534923553,0.1211412101984024
1161,0.1471787691116333,1e-04,0.050347626,0.0028300767,0.053198464,0.15876010060310364,0.11671757698059082,0.01466558687388897,0.12110155820846558
1162,0.14692047238349915,1e-04,0.050307605,0.0028259621,0.05315978,0.1584969162940979,0.11668433994054794,0.014656050130724907,0.12106217443943024
1163,0.14666271209716797,1e-04,0.050267637,0.0028218562,0.053121146,0.15823432803153992,0.11665129661560059,0.014646569266915321,0.1210230141878128
1164,0.14640551805496216,1e-04,0.05022777,0.0028177635,0.05308261,0.1579723358154297,0.11661849915981293,0.014637155458331108,0.12098411470651627
1165,0.14614886045455933,1e-04,0.050187983,0.0028136822,0.05304415,0.1577109545469284,0.11658600717782974,0.014627817086875439,0.1209455132484436
1166,0.14589275419712067,1e-04,0.05014827,0.002809613,0.05300578,0.15745019912719727,0.11655373871326447,0.014618538320064545,0.12090715020895004
1167,0.14563721418380737,1e-04,0.050108656,0.0028055555,0.052967496,0.1571900099515915,0.1165216937661171,0.014609320089221,0.12086901813745499
1168,0.14538221061229706,1e-04,0.050069116,0.0028015086,0.05292928,0.15693044662475586,0.11648992449045181,0.014600175432860851,0.12083118408918381
1169,0.14512774348258972,1e-04,0.050029654,0.0027974742,0.052891154,0.1566714644432068,0.11645834147930145,0.01459108479321003,0.12079356610774994
1170,0.14487382769584656,1e-04,0.04999028,0.002793451,0.052853107,0.15641309320926666,0.11642712354660034,0.014582082629203796,0.12075629085302353
1171,0.14462043344974518,1e-04,0.049950983,0.0027894394,0.052815143,0.1561553031206131,0.11639605462551117,0.01457312423735857,0.12071919441223145
1172,0.14436762034893036,1e-04,0.049911764,0.0027854384,0.052777253,0.15589812397956848,0.11636523902416229,0.014564232900738716,0.12068236619234085
1173,0.14411532878875732,1e-04,0.049872614,0.002781448,0.052739434,0.15564148128032684,0.11633453518152237,0.014555372297763824,0.12064564973115921
1174,0.14386357367038727,1e-04,0.049833577,0.0027774721,0.052701727,0.15538543462753296,0.11630405485630035,0.014546573162078857,0.12060917168855667
1175,0.14361236989498138,1e-04,0.0497946,0.0027735052,0.05266408,0.15512999892234802,0.11627386510372162,0.01453784853219986,0.1205729991197586
1176,0.14336170256137848,1e-04,0.04975572,0.002769552,0.05262653,0.15487512946128845,0.116243876516819,0.014529178850352764,0.12053704261779785
1177,0.14311155676841736,1e-04,0.049716905,0.0027656069,0.052589037,0.15462087094783783,0.11621415615081787,0.01452057994902134,0.12050136923789978
1178,0.14286194741725922,1e-04,0.049678173,0.0027616734,0.052551627,0.15436716377735138,0.1161845475435257,0.0145120145753026,0.12046582251787186
1179,0.14261290431022644,1e-04,0.049639527,0.002757753,0.05251431,0.15411406755447388,0.11615536361932755,0.014503555372357368,0.12043070793151855
1180,0.14236435294151306,1e-04,0.049600944,0.0027538426,0.05247707,0.15386156737804413,0.1161263957619667,0.014495152048766613,0.12039581686258316
1181,0.14211635291576385,1e-04,0.04956245,0.0027499436,0.052439906,0.15360961854457855,0.11609753221273422,0.01448677945882082,0.12036103755235672
1182,0.14186888933181763,1e-04,0.049524024,0.0027460547,0.052402813,0.15335823595523834,0.11606891453266144,0.014478469267487526,0.12032651156187057
1183,0.14162196218967438,1e-04,0.049485706,0.0027421797,0.052365825,0.1531074345111847,0.11604040861129761,0.01447019912302494,0.12029214203357697
1184,0.1413755565881729,1e-04,0.049447455,0.0027383135,0.052328896,0.1528572142124176,0.11601219326257706,0.014462003484368324,0.12025807052850723
1185,0.14112967252731323,1e-04,0.04940927,0.0027344576,0.05229204,0.15260754525661469,0.11598409712314606,0.014453837648034096,0.12022411078214645
1186,0.14088432490825653,1e-04,0.049371175,0.002730613,0.05225527,0.15235845744609833,0.11595628410577774,0.014445747248828411,0.12019046396017075
1187,0.14063948392868042,1e-04,0.04933315,0.0027267798,0.05221858,0.15210993587970734,0.1159285455942154,0.014437681064009666,0.1201568990945816
1188,0.14039520919322968,1e-04,0.049295213,0.0027229576,0.052181967,0.1518619954586029,0.11590118706226349,0.014429708942770958,0.1201237216591835
1189,0.14015144109725952,1e-04,0.049257353,0.0027191464,0.052145436,0.15161460638046265,0.11587395519018173,0.014421777799725533,0.12009070813655853
1190,0.13990816473960876,1e-04,0.049219564,0.0027153452,0.052108973,0.15136778354644775,0.11584688723087311,0.014413882978260517,0.12005782872438431
1191,0.13966545462608337,1e-04,0.049181856,0.0027115548,0.052072592,0.15112151205539703,0.11582005023956299,0.014406057074666023,0.12002523243427277
1192,0.13942323625087738,1e-04,0.049144223,0.0027077754,0.05203629,0.15087582170963287,0.11579342186450958,0.014398281462490559,0.11999283730983734
1193,0.13918155431747437,1e-04,0.04910668,0.0027040073,0.05200007,0.1506306678056717,0.11576692014932632,0.01439054124057293,0.11996058374643326
1194,0.13894037902355194,1e-04,0.04906919,0.002700248,0.05196391,0.15038609504699707,0.11574069410562515,0.014382876455783844,0.11992862820625305
1195,0.1386997252702713,1e-04,0.04903179,0.0026965016,0.05192785,0.15014208853244781,0.11571469157934189,0.014375266619026661,0.11989690363407135
1196,0.13845957815647125,1e-04,0.048994474,0.0026927649,0.051891856,0.14989860355854034,0.1156887635588646,0.01436768751591444,0.1198652908205986
1197,0.138219952583313,1e-04,0.048957236,0.0026890396,0.05185595,0.14965566992759705,0.11566301435232162,0.014360150322318077,0.11983384191989899
1198,0.1379808485507965,1e-04,0.048920054,0.0026853222,0.051820096,0.1494133174419403,0.11563746631145477,0.014352667145431042,0.11980261653661728
1199,0.137742280960083,1e-04,0.048882965,0.0026816176,0.051784337,0.14917151629924774,0.11561214923858643,0.014345243573188782,0.11977162957191467
1200,0.1375041902065277,1e-04,0.048845965,0.0026779228,0.051748652,0.14893025159835815,0.11558695882558823,0.014337858185172081,0.1197407990694046
1201,0.137266606092453,1e-04,0.048809014,0.0026742374,0.051713027,0.14868952333927155,0.11556196212768555,0.01433052308857441,0.11971016228199005
1202,0.13702957332134247,1e-04,0.048772164,0.002670565,0.05167751,0.1484493464231491,0.1155371218919754,0.01432323269546032,0.11967971175909042
1203,0.13679301738739014,1e-04,0.04873538,0.0026669016,0.051642053,0.14820973575115204,0.11551251262426376,0.01431600283831358,0.1196494996547699
1204,0.13655699789524078,1e-04,0.04869867,0.0026632478,0.051606663,0.14797067642211914,0.11548803746700287,0.014308808371424675,0.11961942911148071
1205,0.13632145524024963,1e-04,0.04866202,0.0026596037,0.051571347,0.14773212373256683,0.1154637560248375,0.014301666989922523,0.11958957463502884
1206,0.13608643412590027,1e-04,0.048625454,0.0026559704,0.05153611,0.1474941223859787,0.11543965339660645,0.014294570311903954,0.11955989897251129
1207,0.1358519047498703,1e-04,0.048588965,0.002652347,0.051500943,0.14725668728351593,0.11541572958230972,0.014287523925304413,0.11953043192625046
1208,0.13561789691448212,1e-04,0.048552558,0.002648735,0.05146586,0.14701975882053375,0.11539193242788315,0.014280511066317558,0.11950109153985977
1209,0.13538438081741333,1e-04,0.048516214,0.0026451333,0.05143086,0.14678336679935455,0.11536824703216553,0.014273533597588539,0.11947189271450043
1210,0.13515137135982513,1e-04,0.048479956,0.0026415403,0.051395915,0.14654752612113953,0.11534478515386581,0.01426661480218172,0.11944293230772018
1211,0.13491885364055634,1e-04,0.048443753,0.0026379563,0.05136104,0.14631220698356628,0.11532147973775864,0.01425973605364561,0.11941413581371307
1212,0.13468685746192932,1e-04,0.04840764,0.002634385,0.05132626,0.14607742428779602,0.1152983084321022,0.01425289548933506,0.1193854883313179
1213,0.1344553530216217,1e-04,0.048371606,0.0026308224,0.051291544,0.14584317803382874,0.11527538299560547,0.01424611359834671,0.11935708671808243
1214,0.1342243254184723,1e-04,0.04833563,0.0026272696,0.0512569,0.14560942351818085,0.11525243520736694,0.014239338226616383,0.11932870000600815
1215,0.13399381935596466,1e-04,0.048299745,0.0026237273,0.05122233,0.1453762650489807,0.11522980034351349,0.014232641085982323,0.11930063366889954
1216,0.13376381993293762,1e-04,0.048263915,0.002620195,0.05118784,0.14514359831809998,0.11520727723836899,0.014225974678993225,0.11927269399166107
1217,0.13353431224822998,1e-04,0.048228182,0.0026166725,0.05115342,0.14491142332553864,0.11518484354019165,0.014219336211681366,0.11924485862255096
1218,0.13330525159835815,1e-04,0.048192482,0.0026131575,0.051119052,0.14467984437942505,0.1151626855134964,0.014212769456207752,0.11921732127666473
1219,0.1330767273902893,1e-04,0.048156884,0.0026096553,0.051084787,0.14444875717163086,0.1151406541466713,0.014206238090991974,0.11918992549180984
1220,0.13284868001937866,1e-04,0.04812135,0.002606162,0.051050585,0.14421819150447845,0.11511866003274918,0.014199714176356792,0.11916255205869675
1221,0.1326211392879486,1e-04,0.048085887,0.0026026773,0.051016442,0.14398813247680664,0.11509692668914795,0.014193261973559856,0.11913547664880753
1222,0.13239407539367676,1e-04,0.048050497,0.0025992023,0.05098237,0.1437586396932602,0.11507537215948105,0.014186860993504524,0.11910860985517502
1223,0.1321675032377243,1e-04,0.048015185,0.0025957387,0.050948393,0.14352960884571075,0.11505387723445892,0.01418047584593296,0.11908180266618729
1224,0.13194142282009125,1e-04,0.047979936,0.0025922838,0.050914474,0.1433011144399643,0.11503253132104874,0.014174127951264381,0.11905514448881149
1225,0.1317158192396164,1e-04,0.047944766,0.0025888383,0.05088063,0.14307312667369843,0.1150113195180893,0.01416782010346651,0.11902865022420883
1226,0.13149070739746094,1e-04,0.047909673,0.0025854032,0.05084686,0.14284567534923553,0.11499019712209702,0.014161542057991028,0.11900227516889572
1227,0.13126610219478607,1e-04,0.047874644,0.0025819761,0.05081315,0.14261870086193085,0.11496927589178085,0.014155313372612,0.11897610127925873
1228,0.13104194402694702,1e-04,0.047839686,0.0025785605,0.05077953,0.14239227771759033,0.114948570728302,0.014149139635264874,0.11895015835762024
1229,0.13081830739974976,1e-04,0.047804806,0.0025751528,0.050745964,0.14216633141040802,0.11492782831192017,0.014142963103950024,0.11892419308423996
1230,0.1305951327085495,1e-04,0.04776999,0.0025717553,0.050712477,0.14194093644618988,0.11490736901760101,0.014136861078441143,0.11889853328466415
1231,0.13037243485450745,1e-04,0.047735255,0.0025683674,0.05067906,0.14171601831912994,0.11488698422908783,0.014130775816738605,0.11887294054031372
1232,0.1301502287387848,1e-04,0.047700565,0.0025649876,0.050645705,0.14149163663387299,0.11486683785915375,0.014124760404229164,0.11884763836860657
1233,0.12992848455905914,1e-04,0.04766597,0.002561618,0.05061243,0.14126771688461304,0.11484674364328384,0.014118751510977745,0.11882235109806061
1234,0.1297072321176529,1e-04,0.047631443,0.0025582588,0.050579235,0.14104433357715607,0.11482682079076767,0.014112795703113079,0.11879728734493256
1235,0.12948644161224365,1e-04,0.04759697,0.002554907,0.050546087,0.1408214569091797,0.11480697244405746,0.014106862246990204,0.11877231299877167
1236,0.129266157746315,1e-04,0.047562573,0.0025515652,0.05051302,0.1405990719795227,0.11478731781244278,0.014100980944931507,0.11874755471944809
1237,0.12904632091522217,1e-04,0.047528245,0.0025482327,0.050480023,0.14037717878818512,0.11476773023605347,0.014095117338001728,0.11872285604476929
1238,0.12882697582244873,1e-04,0.04749399,0.0025449088,0.050447088,0.14015580713748932,0.11474832147359848,0.01408929843455553,0.118698351085186
1239,0.1286081075668335,1e-04,0.047459796,0.002541594,0.050414223,0.13993491232395172,0.11472894996404648,0.014083501882851124,0.11867392808198929
1240,0.12838968634605408,1e-04,0.047425684,0.002538289,0.050381433,0.13971449434757233,0.11470969021320343,0.014077728614211082,0.11864960193634033
1241,0.12817175686359406,1e-04,0.04739165,0.002534994,0.05034872,0.13949458301067352,0.11469056457281113,0.01407199539244175,0.11862543970346451
1242,0.12795428931713104,1e-04,0.047357664,0.0025317057,0.050316058,0.13927514851093292,0.11467156559228897,0.014066296629607677,0.11860141903162003
1243,0.12773728370666504,1e-04,0.047323767,0.0025284295,0.05028349,0.1390562653541565,0.11465279012918472,0.014060653746128082,0.11857762932777405
1244,0.12752076983451843,1e-04,0.047289923,0.0025251603,0.050250974,0.13883784413337708,0.11463408172130585,0.014055037871003151,0.11855394393205643
1245,0.12730470299720764,1e-04,0.04725615,0.0025219007,0.05021853,0.13861992955207825,0.1146155446767807,0.014049461111426353,0.11853042244911194
1246,0.12708911299705505,1e-04,0.047222435,0.0025186487,0.050186142,0.13840250670909882,0.11459706723690033,0.014043902978301048,0.11850697547197342
1247,0.12687401473522186,1e-04,0.04718881,0.0025154077,0.05015384,0.1381855607032776,0.11457876861095428,0.014038396067917347,0.11848373711109161
1248,0.1266593486070633,1e-04,0.047155224,0.0025121733,0.050121583,0.13796907663345337,0.11456052213907242,0.01403290219604969,0.11846055090427399
1249,0.12644511461257935,1e-04,0.047121722,0.0025089493,0.05008941,0.13775311410427094,0.11454243957996368,0.014027455821633339,0.11843755841255188
1250,0.12623140215873718,1e-04,0.047088288,0.0025057336,0.050057303,0.1375376284122467,0.11452434211969376,0.014022007584571838,0.11841455847024918
1251,0.12601813673973083,1e-04,0.04705491,0.0025025262,0.050025254,0.1373225897550583,0.11450640857219696,0.01401660405099392,0.1183917373418808
1252,0.1258053183555603,1e-04,0.04702162,0.002499328,0.04999328,0.13710808753967285,0.11448869854211807,0.014011258259415627,0.11836916208267212
1253,0.12559296190738678,1e-04,0.046988405,0.0024961405,0.04996139,0.13689404726028442,0.11447099596261978,0.014005918987095356,0.11834660172462463
1254,0.12538109719753265,1e-04,0.046955228,0.002492959,0.04992954,0.1366804987192154,0.11445347964763641,0.01400062907487154,0.11832425743341446
1255,0.12516964972019196,1e-04,0.046922144,0.002489789,0.049897786,0.13646739721298218,0.11443600803613663,0.013995351269841194,0.11830195039510727
1256,0.12495867162942886,1e-04,0.0468891,0.0024866248,0.04986607,0.13625478744506836,0.11441868543624878,0.013990114443004131,0.11827981472015381
1257,0.12474814802408218,1e-04,0.046856128,0.0024834701,0.049834426,0.13604268431663513,0.11440147459506989,0.013984906487166882,0.1182577982544899
1258,0.12453809380531311,1e-04,0.046823222,0.0024803232,0.049802843,0.13583102822303772,0.11438437551259995,0.013979737646877766,0.11823593825101852
1259,0.12432847917079926,1e-04,0.046790384,0.0024771863,0.04977134,0.1356198489665985,0.11436732858419418,0.013974581845104694,0.11821413785219193
1260,0.12411931157112122,1e-04,0.04675763,0.0024740582,0.049739905,0.1354091465473175,0.11435047537088394,0.013969473540782928,0.11819252371788025
1261,0.12391060590744019,1e-04,0.046724916,0.0024709366,0.049708515,0.1351989060640335,0.1143336147069931,0.01396437268704176,0.11817094683647156
1262,0.12370235472917557,1e-04,0.04669228,0.0024678246,0.049677204,0.13498914241790771,0.11431694030761719,0.013959318399429321,0.11814955621957779
1263,0.12349455803632736,1e-04,0.046659708,0.0024647214,0.04964596,0.13477985560894012,0.11430027335882187,0.013954266905784607,0.11812818050384521
1264,0.12328720837831497,1e-04,0.046627205,0.0024616271,0.049614787,0.13457100093364716,0.1142837181687355,0.013949249871075153,0.11810693889856339
1265,0.1230802983045578,1e-04,0.046594776,0.0024585412,0.049583677,0.13436266779899597,0.11426733434200287,0.013944280333817005,0.11808590590953827
1266,0.12287384271621704,1e-04,0.04656238,0.0024554608,0.04955261,0.13415475189685822,0.11425099521875381,0.013939318247139454,0.11806488782167435
1267,0.1226678267121315,1e-04,0.046530083,0.002452392,0.04952163,0.13394734263420105,0.1142348200082779,0.013934401795268059,0.11804407089948654
1268,0.12246226519346237,1e-04,0.04649783,0.002449331,0.049490716,0.1337403953075409,0.11421869695186615,0.013929508626461029,0.1180233359336853
1269,0.12225715816020966,1e-04,0.046465643,0.0024462773,0.049459856,0.13353388011455536,0.11420269310474396,0.013924645259976387,0.11800273507833481
1270,0.12205246090888977,1e-04,0.046433516,0.0024432314,0.049429055,0.13332785665988922,0.11418682336807251,0.013919813558459282,0.11798226088285446
1271,0.12184824049472809,1e-04,0.046401463,0.0024401946,0.049398325,0.1331222802400589,0.11417102813720703,0.013915005140006542,0.11796188354492188
1272,0.12164445966482162,1e-04,0.04636947,0.0024371664,0.049367666,0.13291718065738678,0.11415530741214752,0.013910220935940742,0.11794160306453705
1273,0.12144110351800919,1e-04,0.046337545,0.0024341457,0.049337063,0.13271252810955048,0.11413966119289398,0.013905460946261883,0.11792141944169998
1274,0.12123819440603256,1e-04,0.04630568,0.0024311335,0.049306527,0.13250835239887238,0.11412421613931656,0.013900747522711754,0.11790142953395844
1275,0.12103572487831116,1e-04,0.046273883,0.002428129,0.04927605,0.1323045939207077,0.11410871893167496,0.013896030373871326,0.1178814247250557
1276,0.12083370983600616,1e-04,0.046242144,0.0024251333,0.04924564,0.13210132718086243,0.11409343779087067,0.013891364447772503,0.11786163598299026
1277,0.1206321194767952,1e-04,0.046210464,0.0024221449,0.04921529,0.13189847767353058,0.1140781044960022,0.013886695727705956,0.11784182488918304
1278,0.12043095380067825,1e-04,0.046178855,0.002419165,0.049185008,0.13169610500335693,0.11406292766332626,0.013882066123187542,0.11782217770814896
1279,0.12023023515939713,1e-04,0.0461473,0.0024161919,0.049154773,0.1314941942691803,0.11404784768819809,0.013877466320991516,0.11780265718698502
1280,0.12002996355295181,1e-04,0.04611583,0.002413229,0.04912463,0.13129271566867828,0.1140327900648117,0.013872872106730938,0.11778315901756287
1281,0.11983010917901993,1e-04,0.046084397,0.0024102724,0.049094524,0.13109168410301208,0.11401786655187607,0.01386831421405077,0.11776380985975266
1282,0.11963070183992386,1e-04,0.046053044,0.002407324,0.049064487,0.1308910995721817,0.1140030175447464,0.013863777741789818,0.11774454265832901
1283,0.11943170428276062,1e-04,0.04602176,0.0024043848,0.049034525,0.13069099187850952,0.11398836225271225,0.013859294354915619,0.11772550642490387
1284,0.1192331537604332,1e-04,0.045990508,0.0024014523,0.049004614,0.13049133121967316,0.11397373676300049,0.01385482121258974,0.11770650744438171
1285,0.1190350279211998,1e-04,0.045959327,0.0023985268,0.048974756,0.1302921175956726,0.11395921558141708,0.013850376009941101,0.11768762022256851
1286,0.11883734166622162,1e-04,0.045928206,0.00239561,0.04894497,0.13009332120418549,0.11394474655389786,0.013845947571098804,0.11766880750656128
1287,0.11864008009433746,1e-04,0.045897167,0.002392702,0.048915252,0.12989498674869537,0.113930344581604,0.013841541483998299,0.11765008419752121
1288,0.11844324320554733,1e-04,0.045866158,0.0023897998,0.04888558,0.12969709932804108,0.11391603946685791,0.013837156817317009,0.1176314428448677
1289,0.11824684590101242,1e-04,0.04583525,0.0023869076,0.048855986,0.129499614238739,0.1139017716050148,0.013832787983119488,0.11761287599802017
1290,0.11805084347724915,1e-04,0.045804355,0.0023840195,0.048826423,0.12930262088775635,0.1138877123594284,0.013828474096953869,0.11759453266859055
1291,0.11785529553890228,1e-04,0.04577357,0.0023811432,0.04879696,0.1291060596704483,0.11387363821268082,0.0138241620734334,0.11757619678974152
1292,0.11766016483306885,1e-04,0.045742806,0.0023782724,0.048767533,0.1289099156856537,0.11385966837406158,0.013819876126945019,0.11755797266960144
1293,0.11746545881032944,1e-04,0.045712132,0.00237541,0.048738178,0.1287142038345337,0.11384575068950653,0.013815606012940407,0.11753980815410614
1294,0.11727116256952286,1e-04,0.04568151,0.0023725557,0.048708886,0.1285189688205719,0.11383197456598282,0.013811376877129078,0.11752181500196457
1295,0.1170772984623909,1e-04,0.04565092,0.0023697058,0.048679624,0.12832413613796234,0.1138182058930397,0.013807150535285473,0.1175038293004036
1296,0.11688385903835297,1e-04,0.045620438,0.0023668676,0.048650462,0.1281297653913498,0.11380456387996674,0.013802957721054554,0.11748599261045456
1297,0.11669084429740906,1e-04,0.04558998,0.0023640343,0.048621334,0.12793582677841187,0.11379102617502213,0.013798792846500874,0.11746826022863388
1298,0.11649823933839798,1e-04,0.04555959,0.0023612096,0.04859228,0.12774226069450378,0.11377737671136856,0.013794610276818275,0.11745046079158783
1299,0.11630605161190033,1e-04,0.045529272,0.0023583923,0.048563283,0.1275491714477539,0.1137639731168747,0.013790491037070751,0.11743292212486267
1300,0.11611425876617432,1e-04,0.045499,0.0023555818,0.048534337,0.12735649943351746,0.11375056207180023,0.013786369934678078,0.11741537600755692
1301,0.11592291295528412,1e-04,0.0454688,0.0023527797,0.04850546,0.12716427445411682,0.11373726278543472,0.01378228235989809,0.1173979640007019
1302,0.11573198437690735,1e-04,0.04543864,0.0023499834,0.04847663,0.1269724816083908,0.11372405290603638,0.01377821434289217,0.11738064140081406
1303,0.11554145067930222,1e-04,0.04540855,0.002347196,0.04844787,0.12678112089633942,0.11371096223592758,0.01377418078482151,0.11736345291137695
1304,0.1153513491153717,1e-04,0.04537853,0.0023444158,0.048419166,0.12659017741680145,0.11369793117046356,0.013770167715847492,0.11734636127948761
1305,0.11516165733337402,1e-04,0.04534855,0.002341643,0.048390526,0.12639963626861572,0.11368489265441895,0.013766152784228325,0.11732924729585648
1306,0.11497236043214798,1e-04,0.04531864,0.002338877,0.04836194,0.126209557056427,0.11367199569940567,0.01376217883080244,0.11731231212615967
1307,0.11478349566459656,1e-04,0.045288783,0.0023361184,0.04833341,0.1260198950767517,0.11365920305252075,0.01375823188573122,0.11729548871517181
1308,0.11459502577781677,1e-04,0.045258984,0.0023333672,0.04830494,0.12583063542842865,0.11364640295505524,0.013754287734627724,0.11727867275476456
1309,0.11440698057413101,1e-04,0.045229252,0.0023306233,0.04827653,0.1256418228149414,0.11363373696804047,0.013750379905104637,0.11726201325654984
1310,0.11421932280063629,1e-04,0.045199573,0.0023278866,0.04824818,0.1254534125328064,0.11362107843160629,0.013746477663516998,0.1172453761100769
1311,0.11403209716081619,1e-04,0.045169942,0.002325157,0.048219882,0.125265434384346,0.11360850185155869,0.013742598704993725,0.11722882837057114
1312,0.11384525895118713,1e-04,0.045140393,0.0023224363,0.048191663,0.12507784366607666,0.11359598487615585,0.013738734647631645,0.11721234768629074
1313,0.1136588305234909,1e-04,0.04511089,0.00231972,0.048163474,0.12489070743322372,0.11358356475830078,0.013734901323914528,0.1171959936618805
1314,0.1134728193283081,1e-04,0.04508143,0.002317011,0.04813534,0.12470396608114243,0.1135711818933487,0.013731077313423157,0.11717967689037323
1315,0.11328718811273575,1e-04,0.045052033,0.0023143094,0.04810727,0.12451764196157455,0.11355886608362198,0.013727277517318726,0.11716346442699432
1316,0.11310198158025742,1e-04,0.0450227,0.002311616,0.048079267,0.12433174252510071,0.11354662477970123,0.013723497278988361,0.11714733392000198
1317,0.11291716992855072,1e-04,0.044993427,0.002308929,0.048051316,0.12414626777172089,0.11353453248739243,0.013719754293560982,0.11713135242462158
1318,0.11273276060819626,1e-04,0.04496421,0.0023062492,0.048023425,0.1239611953496933,0.11352239549160004,0.01371600478887558,0.11711534857749939
1319,0.11254876852035522,1e-04,0.044935025,0.0023035752,0.047995575,0.12377654761075974,0.11351042985916138,0.013712301850318909,0.11709953844547272
1320,0.11236514896154404,1e-04,0.044905916,0.0023009093,0.047967795,0.1235923171043396,0.11349855363368988,0.013708623126149178,0.1170838326215744
1321,0.11218194663524628,1e-04,0.04487686,0.0022982499,0.047940064,0.12340846657752991,0.11348657310009003,0.01370492298156023,0.11706802994012833
1322,0.11199913918972015,1e-04,0.044847853,0.0022955975,0.047912393,0.12322503328323364,0.11347470432519913,0.013701250776648521,0.1170523390173912
1323,0.11181673407554626,1e-04,0.044818934,0.0022929532,0.047884792,0.12304200232028961,0.1134629100561142,0.013697604648768902,0.11703676730394363
1324,0.11163471639156342,1e-04,0.044790056,0.002290315,0.047857236,0.12285938858985901,0.11345116794109344,0.013693973422050476,0.11702125519514084
1325,0.1114531010389328,1e-04,0.044761218,0.0022876826,0.047829725,0.12267717719078064,0.11343952268362045,0.013690362684428692,0.11700582504272461
1326,0.11127187311649323,1e-04,0.044732455,0.0022850588,0.047802288,0.1224953681230545,0.11342791467905045,0.0136867705732584,0.11699046939611435
1327,0.11109103262424469,1e-04,0.04470374,0.0022824407,0.047774896,0.1223139688372612,0.11341633647680283,0.013683189637959003,0.11697516590356827
1328,0.11091060191392899,1e-04,0.044675075,0.0022798295,0.04774756,0.12213297188282013,0.11340484768152237,0.013679631054401398,0.11695995181798935
1329,0.11073055863380432,1e-04,0.044646475,0.0022772257,0.047720287,0.12195238471031189,0.11339347064495087,0.013676104135811329,0.11694487929344177
1330,0.1105509102344513,1e-04,0.04461791,0.0022746264,0.047693044,0.12177220731973648,0.11338208615779877,0.013672578148543835,0.1169297993183136
1331,0.1103716641664505,1e-04,0.04458942,0.0022720369,0.047665887,0.12159240990877151,0.11337082087993622,0.013669085688889027,0.11691486835479736
1332,0.11019278317689896,1e-04,0.044560976,0.0022694534,0.04763878,0.12141302973031998,0.11335958540439606,0.01366560161113739,0.11689996719360352
1333,0.11001430451869965,1e-04,0.04453259,0.0022668752,0.047611713,0.12123405933380127,0.11334849894046783,0.013662154786288738,0.1168852224946022
1334,0.10983620584011078,1e-04,0.044504248,0.0022643032,0.047584694,0.121055468916893,0.11333737522363663,0.013658705167472363,0.1168704628944397
1335,0.10965849459171295,1e-04,0.04447598,0.0022617397,0.047557753,0.12087726593017578,0.1133263111114502,0.013655273243784904,0.11685577780008316
1336,0.10948117822408676,1e-04,0.044447742,0.0022591818,0.047530852,0.12069949507713318,0.11331536620855331,0.013651874847710133,0.11684123426675797
1337,0.10930424928665161,1e-04,0.044419587,0.002256632,0.047504023,0.12052209675312042,0.11330443620681763,0.01364848017692566,0.11682671308517456
1338,0.1091277003288269,1e-04,0.04439146,0.0022540868,0.047477223,0.1203451082110405,0.11329357326030731,0.013645106926560402,0.11681227385997772
1339,0.10895154625177383,1e-04,0.044363383,0.002251548,0.04745048,0.12016847729682922,0.11328274011611938,0.01364174298942089,0.11679787188768387
1340,0.10877576470375061,1e-04,0.044335388,0.002249017,0.047423802,0.11999228596687317,0.11327199637889862,0.013638408854603767,0.11678359657526016
1341,0.10860036313533783,1e-04,0.044307437,0.0022464928,0.04739718,0.11981645971536636,0.11326128244400024,0.013635076582431793,0.11676932871341705
1342,0.10842535644769669,1e-04,0.04427953,0.0022439726,0.047370587,0.1196410059928894,0.11325050890445709,0.01363174058496952,0.11675504595041275
1343,0.10825072228908539,1e-04,0.044251688,0.0022414615,0.047344077,0.11946593970060349,0.11323992908000946,0.013628448359668255,0.11674094200134277
1344,0.10807644575834274,1e-04,0.044223897,0.002238955,0.047317598,0.11929129809141159,0.11322937160730362,0.013625171966850758,0.11672691255807877
1345,0.10790257900953293,1e-04,0.044196155,0.0022364568,0.047291193,0.11911703646183014,0.11321882903575897,0.013621899299323559,0.11671289056539536
1346,0.10772909224033356,1e-04,0.044168476,0.002233965,0.04726484,0.11894317716360092,0.11320848762989044,0.01361867319792509,0.11669906973838806
1347,0.10755597800016403,1e-04,0.044140834,0.0022314778,0.04723852,0.11876968294382095,0.11319808661937714,0.013615444302558899,0.11668523401021957
1348,0.10738322883844376,1e-04,0.044113256,0.0022289986,0.047212273,0.11859656870365143,0.1131877526640892,0.013612228445708752,0.11667145788669586
1349,0.10721087455749512,1e-04,0.044085708,0.0022265234,0.04718605,0.11842384934425354,0.11317745596170425,0.013609029352664948,0.11665774136781693
1350,0.10703887045383453,1e-04,0.044058237,0.002224057,0.04715991,0.11825153231620789,0.11316724866628647,0.013605850748717785,0.11664412170648575
1351,0.10686726868152618,1e-04,0.04403081,0.0022215957,0.047133807,0.11807958781719208,0.11315709352493286,0.01360269170254469,0.11663057655096054
1352,0.10669602453708649,1e-04,0.044003427,0.0022191403,0.047107752,0.11790801584720612,0.11314696073532104,0.013599539175629616,0.11661706119775772
1353,0.10652516782283783,1e-04,0.04397609,0.002216691,0.047081746,0.1177368313074112,0.11313687264919281,0.01359640248119831,0.11660361289978027
1354,0.10635466873645782,1e-04,0.043948825,0.0022142488,0.047055803,0.11756601929664612,0.11312685906887054,0.013593281619250774,0.1165902316570282
1355,0.10618454962968826,1e-04,0.04392161,0.0022118117,0.0470299,0.11739560961723328,0.11311694234609604,0.013590192422270775,0.11657697707414627
1356,0.10601480305194855,1e-04,0.043894432,0.0022093814,0.04700406,0.1172255426645279,0.11310695111751556,0.013587089255452156,0.11656367033720016
1357,0.10584540665149689,1e-04,0.043867327,0.0022069584,0.046978276,0.11705587804317474,0.11309708654880524,0.01358401495963335,0.11655048280954361
1358,0.10567639768123627,1e-04,0.043840252,0.0022045404,0.046952534,0.11688658595085144,0.1130872517824173,0.01358095370233059,0.11653734743595123
1359,0.1055077612400055,1e-04,0.04381323,0.0022021274,0.04692683,0.11671766638755798,0.11307748407125473,0.013577913865447044,0.11652430891990662
1360,0.10533948242664337,1e-04,0.043786272,0.0021997227,0.0469012,0.11654911935329437,0.11306773126125336,0.013574875891208649,0.116511270403862
1361,0.1051715761423111,1e-04,0.04375936,0.0021973231,0.046875615,0.1163809671998024,0.11305806785821915,0.013571865856647491,0.11649835109710693
1362,0.10500402003526688,1e-04,0.0437325,0.00219493,0.04685008,0.11621318757534027,0.11304844915866852,0.013568868860602379,0.11648549139499664
1363,0.1048368588089943,1e-04,0.043705683,0.002192542,0.046824586,0.1160457506775856,0.11303883790969849,0.013565877452492714,0.11647264659404755
1364,0.10467003285884857,1e-04,0.043678932,0.002190161,0.046799157,0.11587871611118317,0.11302933841943741,0.013562913052737713,0.116459921002388
1365,0.1045035868883133,1e-04,0.04365222,0.0021877857,0.046773773,0.11571204662322998,0.11301986128091812,0.013559961691498756,0.11644724756479263
1366,0.10433749854564667,1e-04,0.04362554,0.0021854145,0.04674842,0.11554571986198425,0.11301038414239883,0.013557011261582375,0.11643458157777786
1367,0.1041717678308487,1e-04,0.04359893,0.0021830508,0.04672313,0.11537978798151016,0.11300098896026611,0.013554083183407784,0.11642200499773026
1368,0.10400640219449997,1e-04,0.04357238,0.0021806937,0.0466979,0.11521423608064651,0.11299165338277817,0.01355117280036211,0.11640950292348862
1369,0.1038414016366005,1e-04,0.04354586,0.0021783414,0.046672706,0.11504904180765152,0.11298239231109619,0.013548281975090504,0.11639709025621414
1370,0.10367675125598907,1e-04,0.0435194,0.0021759958,0.04664757,0.11488421261310577,0.112973153591156,0.013545401394367218,0.11638471484184265
1371,0.1035124659538269,1e-04,0.043492988,0.002173656,0.04662248,0.11471974104642868,0.1129639521241188,0.013542531058192253,0.11637238413095474
1372,0.10334853082895279,1e-04,0.04346662,0.0021713206,0.046597432,0.11455566436052322,0.11295483261346817,0.013539684936404228,0.1163601502776146
1373,0.10318496823310852,1e-04,0.0434403,0.0021689935,0.046572454,0.11439190804958344,0.11294563114643097,0.013536822982132435,0.11634785681962967
1374,0.10302175581455231,1e-04,0.04341404,0.0021666707,0.04654751,0.11422856152057648,0.1129365935921669,0.013534000143408775,0.11633571982383728
1375,0.10285890847444534,1e-04,0.043387827,0.002164354,0.046522617,0.11406555026769638,0.11292757838964462,0.01353119034320116,0.11632364243268967
1376,0.10269640386104584,1e-04,0.04336165,0.0021620418,0.046497762,0.11390292644500732,0.11291863769292831,0.013528397306799889,0.11631163954734802
1377,0.10253426432609558,1e-04,0.04333552,0.0021597364,0.046472963,0.11374064534902573,0.11290973424911499,0.013525615446269512,0.11629968136548996
1378,0.10237246006727219,1e-04,0.043309458,0.0021574376,0.046448223,0.11357874423265457,0.11290085315704346,0.013522843830287457,0.11628776043653488
1379,0.10221103578805923,1e-04,0.043283436,0.0021551433,0.04642352,0.11341717094182968,0.11289199441671371,0.013520082458853722,0.11627589166164398
1380,0.10204994678497314,1e-04,0.043257456,0.0021528548,0.046398867,0.11325596272945404,0.11288316547870636,0.013517329469323158,0.11626405268907547
1381,0.10188920795917511,1e-04,0.043231532,0.0021505724,0.046374265,0.11309509724378586,0.11287436634302139,0.013514588586986065,0.11625226587057114
1382,0.10172880440950394,1e-04,0.043205645,0.002148295,0.046349704,0.11293462663888931,0.11286560446023941,0.013511857017874718,0.11624051630496979
1383,0.1015687957406044,1e-04,0.043179825,0.0021460236,0.04632519,0.11277446895837784,0.11285688728094101,0.013509141281247139,0.11622883379459381
1384,0.10140908509492874,1e-04,0.043154042,0.0021437579,0.04630073,0.1126146987080574,0.11284826695919037,0.0135064497590065,0.11621725559234619
1385,0.10124974697828293,1e-04,0.043128297,0.0021414969,0.04627631,0.11245527863502502,0.11283965408802032,0.013503762893378735,0.11620569229125977
1386,0.10109075903892517,1e-04,0.043102607,0.0021392428,0.04625195,0.1122962236404419,0.11283113062381744,0.013501100242137909,0.1161942332983017
1387,0.10093212127685547,1e-04,0.043076973,0.0021369946,0.046227638,0.11213751882314682,0.11282261461019516,0.013498443178832531,0.11618280410766602
1388,0.10077381879091263,1e-04,0.04305138,0.002134751,0.046203367,0.11197914928197861,0.11281414330005646,0.013495797291398048,0.11617141216993332
1389,0.10061587393283844,1e-04,0.043025833,0.0021325129,0.046179138,0.11182114481925964,0.11280572414398193,0.013493172824382782,0.11616011708974838
1390,0.10045824944972992,1e-04,0.043000333,0.00213028,0.046154957,0.11166351288557053,0.11279739439487457,0.013490566983819008,0.11614889651536942
1391,0.10030099749565125,1e-04,0.04297487,0.002128053,0.046130825,0.11150619387626648,0.11278901249170303,0.013487952761352062,0.11613764613866806
1392,0.10014407336711884,1e-04,0.04294947,0.0021258318,0.046106745,0.11134924739599228,0.11278072744607925,0.013485364615917206,0.11612650007009506
1393,0.09998749941587448,1e-04,0.04292411,0.0021236162,0.04608271,0.11119264364242554,0.11277246475219727,0.013482784852385521,0.11611539125442505
1394,0.09983126074075699,1e-04,0.042898793,0.0021214052,0.046058714,0.11103637516498566,0.11276421695947647,0.013480211608111858,0.11610431224107742
1395,0.09967536479234695,1e-04,0.042873528,0.0021191998,0.04603477,0.11088045686483383,0.11275599151849747,0.013477647677063942,0.11609327048063278
1396,0.09951980412006378,1e-04,0.042848304,0.002116999,0.046010856,0.11072489619255066,0.11274783313274384,0.013475103303790092,0.11608231067657471
1397,0.09936460107564926,1e-04,0.042823143,0.0021148056,0.045987017,0.11056965589523315,0.112739697098732,0.013472562655806541,0.11607136577367783
1398,0.09920971095561981,1e-04,0.042798005,0.0021126154,0.045963194,0.1104147732257843,0.11273162066936493,0.013470041565597057,0.11606051027774811
1399,0.09905517101287842,1e-04,0.042772926,0.002110432,0.045939438,0.1102602630853653,0.11272361129522324,0.013467542827129364,0.11604974418878555
1400,0.09890097379684448,1e-04,0.042747896,0.0021082535,0.045915723,0.11010608822107315,0.11271566152572632,0.013465057127177715,0.11603903025388718
1401,0.09874710440635681,1e-04,0.042722903,0.0021060812,0.04589206,0.10995224118232727,0.11270773410797119,0.013462578877806664,0.11602835357189178
1402,0.0985935777425766,1e-04,0.042697962,0.002103913,0.045868434,0.10979873687028885,0.11269980669021606,0.013460105285048485,0.11601769179105759
1403,0.09844038635492325,1e-04,0.042673055,0.00210175,0.04584485,0.10964557528495789,0.11269191652536392,0.013457643799483776,0.11600708216428757
1404,0.09828752279281616,1e-04,0.042648196,0.0020995918,0.0458213,0.10949274152517319,0.11268404871225357,0.01345518697053194,0.11599649488925934
1405,0.09813499450683594,1e-04,0.042623393,0.0020974407,0.045797825,0.10934027284383774,0.11267626285552979,0.013452756218612194,0.11598601937294006
1406,0.09798280149698257,1e-04,0.042598624,0.0020952935,0.045774374,0.10918812453746796,0.11266851425170898,0.013450336642563343,0.11597558856010437
1407,0.09783093631267548,1e-04,0.042573895,0.0020931505,0.04575096,0.10903632640838623,0.11266081035137177,0.013447930105030537,0.11596520990133286
1408,0.09767941385507584,1e-04,0.042549226,0.0020910145,0.04572761,0.10888486355543137,0.11265309154987335,0.013445521704852581,0.11595482379198074
1409,0.09752821922302246,1e-04,0.042524584,0.0020888823,0.04570429,0.10873372852802277,0.11264543235301971,0.013443132862448692,0.1159445270895958
1410,0.09737734496593475,1e-04,0.04250001,0.0020867558,0.045681022,0.10858292877674103,0.11263781785964966,0.013440755195915699,0.11593426764011383
1411,0.0972268134355545,1e-04,0.04247547,0.0020846352,0.045657806,0.10843245685100555,0.1126302033662796,0.013438379392027855,0.11592402309179306
1412,0.09707659482955933,1e-04,0.042450972,0.002082519,0.045634624,0.10828234255313873,0.11262266337871552,0.013436025008559227,0.11591386795043945
1413,0.0969267189502716,1e-04,0.04242652,0.002080408,0.04561149,0.10813254117965698,0.11261513084173203,0.013433675281703472,0.11590373516082764
1414,0.09677716344594955,1e-04,0.04240211,0.0020783017,0.045588396,0.10798308253288269,0.11260771751403809,0.013431353494524956,0.11589371412992477
1415,0.09662792831659317,1e-04,0.042377736,0.0020761993,0.04556533,0.10783395171165466,0.11260026693344116,0.013429027982056141,0.11588368564844131
1416,0.09647902846336365,1e-04,0.042353414,0.0020741036,0.045542326,0.1076851487159729,0.11259285360574722,0.013426716439425945,0.11587370932102203
1417,0.09633044898509979,1e-04,0.04232914,0.0020720134,0.045519374,0.1075366660952568,0.11258544027805328,0.013424405828118324,0.11586374044418335
1418,0.0961821898818016,1e-04,0.0423049,0.002069927,0.045496453,0.10738854110240936,0.1125781387090683,0.013422125950455666,0.11585389822721481
1419,0.09603425860404968,1e-04,0.04228071,0.0020678458,0.045473572,0.10724074393510818,0.11257084459066391,0.01341984886676073,0.11584407091140747
1420,0.09588667005300522,1e-04,0.042256568,0.0020657699,0.04545074,0.10709325969219208,0.1125635951757431,0.013417583890259266,0.1158342957496643
1421,0.09573937207460403,1e-04,0.04223247,0.0020636993,0.045427956,0.10694611072540283,0.11255637556314468,0.013415331020951271,0.11582457274198532
1422,0.09559240937232971,1e-04,0.0422084,0.0020616336,0.045405217,0.10679927468299866,0.11254917085170746,0.013413083739578724,0.11581487208604813
1423,0.09544575959444046,1e-04,0.04218438,0.0020595712,0.0453825,0.10665275901556015,0.11254193633794785,0.013410831801593304,0.11580514907836914
1424,0.09529943764209747,1e-04,0.042160414,0.0020575153,0.045359842,0.1065065860748291,0.11253480613231659,0.013408605940639973,0.11579553782939911
1425,0.09515344351530075,1e-04,0.042136483,0.0020554645,0.04533723,0.10636074841022491,0.1125277429819107,0.01340639777481556,0.11578600108623505
1426,0.0950077623128891,1e-04,0.042112574,0.002053416,0.045314636,0.1062152162194252,0.11252069473266602,0.013404199853539467,0.11577650904655457
1427,0.09486239403486252,1e-04,0.042088743,0.0020513756,0.045292113,0.10607001185417175,0.1125136986374855,0.01340201310813427,0.11576706171035767
1428,0.09471733868122101,1e-04,0.04206493,0.0020493383,0.04526962,0.10592515021562576,0.11250673234462738,0.013399836607277393,0.11575766652822495
1429,0.09457262605428696,1e-04,0.042041156,0.0020473052,0.045247156,0.10578057169914246,0.11249977350234985,0.013397663831710815,0.11574827879667282
1430,0.0944281816482544,1e-04,0.042017438,0.0020452775,0.045224745,0.1056363433599472,0.11249285936355591,0.01339550781995058,0.11573896557092667
1431,0.09428409487009048,1e-04,0.041993756,0.002043255,0.04520238,0.10549244284629822,0.11248602718114853,0.013393372297286987,0.11572974175214767
1432,0.09414030611515045,1e-04,0.041970126,0.0020412381,0.045180064,0.10534882545471191,0.11247912794351578,0.013391219079494476,0.11572043597698212
1433,0.09399683028459549,1e-04,0.04194653,0.0020392244,0.04515777,0.10520555078983307,0.11247231811285019,0.013389097526669502,0.1157112643122673
1434,0.0938536673784256,1e-04,0.04192297,0.0020372162,0.04513553,0.10506259649991989,0.11246556043624878,0.01338698249310255,0.11570212990045547
1435,0.09371082484722137,1e-04,0.04189946,0.0020352122,0.045113325,0.10491995513439178,0.11245878785848618,0.013384873047471046,0.11569301038980484
1436,0.09356829524040222,1e-04,0.041875985,0.002033213,0.045091163,0.10477762669324875,0.11245206743478775,0.013382772915065289,0.11568393558263779
1437,0.09342607110738754,1e-04,0.041852567,0.0020312187,0.045069043,0.10463561862707138,0.1124453917145729,0.013380688615143299,0.1156749278306961
1438,0.09328415989875793,1e-04,0.041829176,0.0020292294,0.04504697,0.10449390858411789,0.11243866384029388,0.013378595933318138,0.11566588282585144
1439,0.0931425616145134,1e-04,0.041805837,0.0020272448,0.045024935,0.10435254126787186,0.11243204772472382,0.01337653212249279,0.11565695703029633
1440,0.09300126880407333,1e-04,0.041782536,0.0020252648,0.04500294,0.1042114645242691,0.11242549121379852,0.013374482281506062,0.11564809828996658
1441,0.09286027401685715,1e-04,0.04175927,0.002023289,0.044980984,0.10407071560621262,0.11241891235113144,0.013372431509196758,0.11563923209905624
1442,0.09271959960460663,1e-04,0.041736033,0.002021317,0.044959057,0.1039302796125412,0.11241240799427032,0.013370397500693798,0.11563043296337128
1443,0.09257923066616058,1e-04,0.041712847,0.00201935,0.04493718,0.10379014909267426,0.1124059334397316,0.013368375599384308,0.11562169343233109
1444,0.09243915975093842,1e-04,0.04168971,0.0020173888,0.044915352,0.10365032404661179,0.11239942163228989,0.013366349041461945,0.1156129240989685
1445,0.09229940176010132,1e-04,0.041666605,0.0020154302,0.044893544,0.10351083427667618,0.11239305883646011,0.013364356942474842,0.11560431122779846
1446,0.09215995669364929,1e-04,0.041643545,0.0020134787,0.044871803,0.10337162017822266,0.11238664388656616,0.013362355530261993,0.11559565365314484
1447,0.09202080219984055,1e-04,0.041620515,0.0020115296,0.04485008,0.10323275625705719,0.11238034069538116,0.013360385783016682,0.11558713763952255
1448,0.09188196063041687,1e-04,0.041597538,0.0020095855,0.0448284,0.10309415310621262,0.1123739629983902,0.013358394615352154,0.11557852476835251
1449,0.09174340218305588,1e-04,0.041574597,0.0020076465,0.044806767,0.1029558926820755,0.11236768960952759,0.013356437906622887,0.1155700534582138
1450,0.09160517156124115,1e-04,0.041551676,0.0020057107,0.04478516,0.10281791538000107,0.1123613566160202,0.013354468159377575,0.11556153744459152
1451,0.0914672315120697,1e-04,0.041528817,0.00200378,0.044763602,0.1026802659034729,0.11235515028238297,0.013352526351809502,0.11555313318967819
1452,0.09132959693670273,1e-04,0.041506007,0.0020018546,0.04474209,0.1025429293513298,0.11234893649816513,0.01335059106349945,0.11554475873708725
1453,0.09119227528572083,1e-04,0.04148322,0.0019999328,0.04472061,0.10240587592124939,0.11234275251626968,0.013348659500479698,0.1155363991856575
1454,0.0910552367568016,1e-04,0.04146047,0.001998015,0.044699162,0.10226912796497345,0.11233661323785782,0.01334674097597599,0.11552809923887253
1455,0.09091849625110626,1e-04,0.04143777,0.001996103,0.044677768,0.10213267058134079,0.11233043670654297,0.013344819657504559,0.11551977694034576
1456,0.0907820537686348,1e-04,0.041415118,0.001994195,0.04465641,0.10199656337499619,0.11232443153858185,0.01334293745458126,0.11551163345575333
1457,0.09064590930938721,1e-04,0.041392483,0.0019922901,0.044635076,0.10186072438955307,0.11231841146945953,0.013341057114303112,0.11550349742174149
1458,0.0905100628733635,1e-04,0.04136989,0.00199039,0.044613786,0.10172520577907562,0.11231241375207901,0.013339182361960411,0.11549537628889084
1459,0.09037452191114426,1e-04,0.041347343,0.0019884952,0.04459255,0.10158997774124146,0.11230643838644028,0.013337316922843456,0.11548729985952377
1460,0.0902392640709877,1e-04,0.041324828,0.0019866044,0.04457134,0.10145504772663116,0.11230047047138214,0.013335454277694225,0.1154792383313179
1461,0.09010431170463562,1e-04,0.04130235,0.0019847169,0.04455016,0.10132043063640594,0.11229459196329117,0.013333615846931934,0.11547127366065979
1462,0.08996964991092682,1e-04,0.041279927,0.0019828347,0.044529032,0.10118609666824341,0.11228865385055542,0.013331765308976173,0.1154632642865181
1463,0.0898352861404419,1e-04,0.041257538,0.0019809562,0.044507936,0.10105206072330475,0.11228277534246445,0.01332993246614933,0.11545532941818237
1464,0.08970120549201965,1e-04,0.041235186,0.0019790824,0.04448688,0.10091830044984818,0.11227688938379288,0.013328097760677338,0.11544737964868546
1465,0.08956742286682129,1e-04,0.041212864,0.001977213,0.044465862,0.10078488290309906,0.11227107048034668,0.013326284475624561,0.1154395267367363
1466,0.0894339382648468,1e-04,0.04119058,0.0019753468,0.044444874,0.10065171867609024,0.11226531118154526,0.01332448236644268,0.11543171852827072
1467,0.0893007293343544,1e-04,0.04116835,0.0019734863,0.044423938,0.10051888227462769,0.11225956678390503,0.013322688639163971,0.11542395502328873
1468,0.08916781842708588,1e-04,0.04114614,0.0019716287,0.044403028,0.10038634389638901,0.11225385963916779,0.013320906087756157,0.11541622877120972
1469,0.08903521299362183,1e-04,0.041123983,0.0019697766,0.044382166,0.10025408118963242,0.11224819719791412,0.013319134712219238,0.11540855467319489
1470,0.08890287578105927,1e-04,0.04110185,0.001967928,0.044361334,0.1001221239566803,0.11224256455898285,0.01331737358123064,0.11540092527866364
1471,0.08877083659172058,1e-04,0.041079763,0.001966084,0.044340543,0.09999047219753265,0.11223701387643814,0.013315634801983833,0.11539339274168015
1472,0.08863908052444458,1e-04,0.041057706,0.0019642431,0.044319782,0.0998590812087059,0.11223138868808746,0.013313877396285534,0.11538577824831009
1473,0.08850761502981186,1e-04,0.04103569,0.001962407,0.044299062,0.09972801804542542,0.11222583055496216,0.01331214141100645,0.1153782531619072
1474,0.08837644755840302,1e-04,0.041013718,0.001960576,0.04427839,0.09959721565246582,0.11222030967473984,0.013310415670275688,0.11537077277898788
1475,0.08824554830789566,1e-04,0.04099177,0.0019587472,0.044257734,0.0994667038321495,0.11221476644277573,0.013308687135577202,0.11536328494548798
1476,0.08811493963003159,1e-04,0.040969875,0.0019569234,0.044237126,0.09933649003505707,0.1122092604637146,0.013306970708072186,0.11535584181547165
1477,0.08798462152481079,1e-04,0.040948015,0.0019551038,0.044216555,0.09920655190944672,0.11220376193523407,0.013305257074534893,0.11534841358661652
1478,0.08785457909107208,1e-04,0.04092618,0.0019532882,0.04419602,0.09907691180706024,0.11219830811023712,0.013303553685545921,0.11534103006124496
1479,0.08772481977939606,1e-04,0.040904388,0.0019514754,0.044175506,0.09894754737615585,0.11219289153814316,0.013301864266395569,0.11533370614051819
1480,0.08759535104036331,1e-04,0.04088264,0.0019496686,0.044155054,0.09881850332021713,0.11218756437301636,0.013300197198987007,0.11532647907733917
1481,0.08746616542339325,1e-04,0.040860906,0.0019478641,0.044134613,0.0986897349357605,0.11218222230672836,0.01329852920025587,0.11531925201416016
1482,0.08733727037906647,1e-04,0.04083924,0.0019460658,0.044114236,0.09856123477220535,0.11217691749334335,0.01329687051475048,0.11531205475330353
1483,0.08720863610506058,1e-04,0.040817592,0.0019442695,0.044093873,0.09843304753303528,0.1121717095375061,0.01329523790627718,0.11530497670173645
1484,0.08708028495311737,1e-04,0.040795963,0.0019424767,0.044073537,0.09830513596534729,0.11216644942760468,0.013293594121932983,0.1152978464961052
1485,0.08695223182439804,1e-04,0.04077439,0.0019406897,0.04405326,0.09817750751972198,0.1121613010764122,0.013291975483298302,0.11529082804918289
1486,0.0868244394659996,1e-04,0.040752854,0.0019389063,0.044033013,0.09805016964673996,0.11215615272521973,0.013290363363921642,0.11528383940458298
1487,0.08669693768024445,1e-04,0.04073135,0.0019371269,0.044012804,0.09792309999465942,0.11215101182460785,0.013288754038512707,0.11527685821056366
1488,0.08656969666481018,1e-04,0.04070988,0.0019353512,0.043992627,0.09779632091522217,0.11214586347341537,0.013287143781781197,0.11526987701654434
1489,0.0864427387714386,1e-04,0.04068845,0.0019335784,0.043972474,0.097669817507267,0.11214081197977066,0.013285559602081776,0.11526300013065338
1490,0.0863160714507103,1e-04,0.040667053,0.0019318103,0.043952364,0.09754359722137451,0.11213572323322296,0.013283969834446907,0.11525610834360123
1491,0.08618967235088348,1e-04,0.0406457,0.0019300462,0.043932293,0.09741765260696411,0.11213065683841705,0.013282385654747486,0.11524923145771027
1492,0.08606354892253876,1e-04,0.04062438,0.0019282865,0.043912258,0.0972919762134552,0.11212559789419174,0.013280808925628662,0.11524239182472229
1493,0.08593769371509552,1e-04,0.040603098,0.0019265295,0.04389225,0.09716657549142838,0.11212049424648285,0.013279220089316368,0.11523550003767014
1494,0.08581212908029556,1e-04,0.04058186,0.0019247781,0.043872293,0.09704148024320602,0.11211558431386948,0.013277679681777954,0.1152288168668747
1495,0.0856868252158165,1e-04,0.04056063,0.0019230286,0.04385235,0.09691666811704636,0.11211071163415909,0.013276147656142712,0.11522216349840164
1496,0.08556180447340012,1e-04,0.040539447,0.0019212839,0.04383245,0.09679211676120758,0.11210580915212631,0.013274612836539745,0.11521550267934799
1497,0.08543703705072403,1e-04,0.04051831,0.0019195434,0.043812595,0.0966678261756897,0.11210095882415771,0.0132730882614851,0.11520888656377792
1498,0.08531254529953003,1e-04,0.040497184,0.0019178054,0.043792754,0.09654384851455688,0.11209613084793091,0.013271575793623924,0.11520232260227203
1499,0.08518832921981812,1e-04,0.0404761,0.0019160712,0.04377295,0.09642013162374496,0.11209137737751007,0.013270080089569092,0.11519583314657211
1500,0.08506439626216888,1e-04,0.040455062,0.0019143423,0.043753196,0.09629669785499573,0.11208657920360565,0.013268577866256237,0.1151893138885498
1501,0.08494073152542114,1e-04,0.040434048,0.0019126161,0.043733466,0.09617350995540619,0.11208184063434601,0.013267092406749725,0.11518286168575287
1502,0.0848173201084137,1e-04,0.040413085,0.0019108944,0.04371378,0.09605063498020172,0.11207717657089233,0.013265624642372131,0.1151764914393425
1503,0.08469418436288834,1e-04,0.04039214,0.0019091752,0.04369411,0.09592802077531815,0.11207249015569687,0.01326415129005909,0.11517009884119034
1504,0.08457132428884506,1e-04,0.04037123,0.0019074597,0.043674473,0.09580565989017487,0.1120678037405014,0.013262681663036346,0.11516371369361877
1505,0.08444872498512268,1e-04,0.04035037,0.0019057497,0.043654893,0.09568357467651367,0.11206316947937012,0.013261226937174797,0.11515740305185318
1506,0.08432638645172119,1e-04,0.04032952,0.0019040414,0.043635324,0.09556178748607635,0.1120586171746254,0.01325978897511959,0.11515115946531296
1507,0.08420433104038239,1e-04,0.040308733,0.0019023384,0.043615803,0.09544026106595993,0.11205406486988068,0.013258358463644981,0.11514494568109512
1508,0.08408253639936447,1e-04,0.04028795,0.0019006373,0.043596298,0.09531897306442261,0.11204949766397476,0.013256924226880074,0.1151387169957161
1509,0.08396098762750626,1e-04,0.04026722,0.0018989419,0.04357685,0.09519799798727036,0.1120450347661972,0.01325551699846983,0.11513260751962662
1510,0.08383972942829132,1e-04,0.040246524,0.0018972491,0.043557424,0.0950772613286972,0.11204054206609726,0.013254103250801563,0.11512646824121475
1511,0.08371871709823608,1e-04,0.040225856,0.0018955593,0.04353802,0.09495680779218674,0.11203614622354507,0.013252714648842812,0.11512043327093124
1512,0.08359798043966293,1e-04,0.040205214,0.0018938741,0.043518662,0.09483660757541656,0.11203166097402573,0.013251307420432568,0.11511432379484177
1513,0.08347748965024948,1e-04,0.040184613,0.0018921917,0.04349933,0.09471671283245087,0.11202730983495712,0.01324993185698986,0.11510834842920303
1514,0.08335728943347931,1e-04,0.040164053,0.0018905138,0.04348004,0.09459703415632248,0.11202291399240494,0.013248549774289131,0.11510234326124191
1515,0.08323732763528824,1e-04,0.040143512,0.0018888384,0.043460768,0.09447765350341797,0.11201860010623932,0.013247186318039894,0.11509642004966736
1516,0.08311763405799866,1e-04,0.04012301,0.0018871671,0.043441538,0.09435854107141495,0.11201433837413788,0.013245840556919575,0.11509057879447937
1517,0.08299820870161057,1e-04,0.04010254,0.0018854992,0.043422334,0.09423968195915222,0.11201008409261703,0.013244492933154106,0.11508472263813019
1518,0.08287902176380157,1e-04,0.0400821,0.0018838353,0.04340317,0.09412109851837158,0.11200582981109619,0.013243150897324085,0.1150788888335228
1519,0.08276012539863586,1e-04,0.04006171,0.0018821752,0.04338404,0.09400276094675064,0.11200164258480072,0.013241824693977833,0.11507312953472137
1520,0.08264146000146866,1e-04,0.04004133,0.0018805179,0.04336494,0.09388469904661179,0.11199744045734406,0.013240496627986431,0.11506735533475876
1521,0.08252306282520294,1e-04,0.040020987,0.0018788634,0.043345857,0.09376689791679382,0.11199329793453217,0.013239187188446522,0.1150616705417633
1522,0.08240491896867752,1e-04,0.040000696,0.0018772143,0.043326832,0.09364935755729675,0.11198918521404266,0.01323788147419691,0.11505599319934845
1523,0.08228704333305359,1e-04,0.039980426,0.0018755676,0.043307822,0.09353207051753998,0.11198505014181137,0.013236576691269875,0.11505032330751419
1524,0.08216941356658936,1e-04,0.039960183,0.0018739242,0.043288846,0.0934150442481041,0.11198095977306366,0.013235283084213734,0.11504469811916351
1525,0.08205204457044601,1e-04,0.03993998,0.0018722849,0.043269906,0.0932982861995697,0.11197696626186371,0.013234013691544533,0.11503918468952179
1526,0.08193492144346237,1e-04,0.039919797,0.0018706482,0.043250993,0.09318177402019501,0.11197295039892197,0.013232739642262459,0.11503364890813828
1527,0.08181805908679962,1e-04,0.03989967,0.0018690159,0.043232117,0.0930655300617218,0.11196894943714142,0.013231469318270683,0.11502812057733536
1528,0.08170145750045776,1e-04,0.039879564,0.0018673876,0.043213278,0.09294956177473068,0.11196506023406982,0.013230228796601295,0.11502273380756378
1529,0.08158509433269501,1e-04,0.039859477,0.0018657605,0.04319445,0.09283386170864105,0.11196118593215942,0.01322899479418993,0.115017369389534
1530,0.08146900683641434,1e-04,0.039839424,0.0018641374,0.043175656,0.09271839261054993,0.11195727437734604,0.013227753341197968,0.11501196771860123
1531,0.08135315775871277,1e-04,0.039819416,0.0018625193,0.043156914,0.0926031768321991,0.11195345222949982,0.013226528652012348,0.11500664800405502
1532,0.0812375470995903,1e-04,0.039799433,0.0018609036,0.04313819,0.09248822182416916,0.11194956302642822,0.013225296512246132,0.11500129103660583
1533,0.08112221211194992,1e-04,0.039779462,0.0018592897,0.043119483,0.09237352758646011,0.11194580793380737,0.013224095106124878,0.11499606817960739
1534,0.08100710809230804,1e-04,0.039759554,0.0018576811,0.043100826,0.09225908666849136,0.11194203048944473,0.013222889974713326,0.11499082297086716
1535,0.08089227229356766,1e-04,0.039739672,0.0018560756,0.043082196,0.09214489907026291,0.11193829774856567,0.013221697881817818,0.1149856448173523
1536,0.08077766746282578,1e-04,0.039719813,0.0018544731,0.043063596,0.09203095734119415,0.11193454265594482,0.01322050392627716,0.11498045176267624
1537,0.08066332340240479,1e-04,0.03969999,0.0018528742,0.043045025,0.09191727638244629,0.11193086951971054,0.013219326734542847,0.11497533321380615
1538,0.0805492252111435,1e-04,0.03968019,0.0018512785,0.043026485,0.09180386364459991,0.11192728579044342,0.013218170031905174,0.11497030407190323
1539,0.0804353803396225,1e-04,0.039660435,0.0018496865,0.04300798,0.09169069677591324,0.11192365735769272,0.013217011466622353,0.11496526002883911
1540,0.0803217813372612,1e-04,0.039640684,0.0018480954,0.04298948,0.09157776087522507,0.11192004382610321,0.01321585476398468,0.11496023088693619
1541,0.080208420753479,1e-04,0.039621003,0.001846511,0.04297105,0.09146510064601898,0.11191656440496445,0.01321472693234682,0.11495532840490341
1542,0.0800953060388565,1e-04,0.03960132,0.0018449277,0.04295262,0.0913526862859726,0.11191302537918091,0.01321359258145094,0.11495038866996765
1543,0.0799824446439743,1e-04,0.039581694,0.001843349,0.04293424,0.0912405252456665,0.11190958321094513,0.013212477788329124,0.11494554579257965
1544,0.0798698291182518,1e-04,0.03956207,0.0018417721,0.042915873,0.09112861007452011,0.11190607398748398,0.013211351819336414,0.11494064331054688
1545,0.079757459461689,1e-04,0.03954249,0.0018401989,0.04289754,0.09101694822311401,0.11190269887447357,0.01321025937795639,0.11493588984012604
1546,0.0796453207731247,1e-04,0.03952294,0.001838629,0.04287924,0.09090552479028702,0.11189927160739899,0.013209154829382896,0.11493108421564102
1547,0.07953343540430069,1e-04,0.039503418,0.0018370633,0.042860977,0.09079435467720032,0.11189590394496918,0.013208064250648022,0.11492634564638138
1548,0.07942178845405579,1e-04,0.03948393,0.0018354992,0.042842727,0.09068343043327332,0.11189260333776474,0.013206993229687214,0.1149216815829277
1549,0.07931038737297058,1e-04,0.039464466,0.0018339382,0.042824503,0.09057275950908661,0.11188928782939911,0.013205921277403831,0.11491701751947403
1550,0.07919921725988388,1e-04,0.039445043,0.0018323825,0.04280634,0.09046231210231781,0.1118859201669693,0.01320483535528183,0.11491229385137558
1551,0.07908830046653748,1e-04,0.039425656,0.0018308287,0.042788185,0.0903521180152893,0.11188267171382904,0.01320378016680479,0.11490770429372787
1552,0.07897761464118958,1e-04,0.039406285,0.0018292777,0.042770058,0.0902421772480011,0.11187945306301117,0.013202732428908348,0.11490314453840256
1553,0.07886717468500137,1e-04,0.039386947,0.00182773,0.04275196,0.09013248980045319,0.1118762344121933,0.013201689347624779,0.11489860713481903
1554,0.07875698059797287,1e-04,0.039367642,0.0018261857,0.042733893,0.09002304822206497,0.11187313497066498,0.01320067048072815,0.11489417403936386
1555,0.07864702492952347,1e-04,0.039348368,0.0018246451,0.042715866,0.08991383761167526,0.11187000572681427,0.013199647888541222,0.1148897185921669
1556,0.07853729277849197,1e-04,0.039329115,0.0018231067,0.042697854,0.08980488777160645,0.11186691373586655,0.013198638334870338,0.11488533020019531
1557,0.07842780649662018,1e-04,0.039309885,0.0018215707,0.04267986,0.08969616889953613,0.1118638888001442,0.013197640888392925,0.1148809865117073
1558,0.07831856608390808,1e-04,0.039290708,0.0018200397,0.042661924,0.08958768099546432,0.11186079680919647,0.01319663506001234,0.11487660557031631
1559,0.07820955663919449,1e-04,0.03927155,0.0018185112,0.042644005,0.08947944641113281,0.1118578165769577,0.013195653446018696,0.11487233638763428
1560,0.0781007707118988,1e-04,0.03925242,0.0018169854,0.042626113,0.0893714502453804,0.11185487359762192,0.013194680213928223,0.11486809700727463
1561,0.07799223065376282,1e-04,0.0392333,0.0018154612,0.042608228,0.08926371484994888,0.11185197532176971,0.013193720951676369,0.11486392468214035
1562,0.07788392901420593,1e-04,0.039214235,0.001813942,0.0425904,0.08915620297193527,0.1118490919470787,0.013192767277359962,0.11485977470874786
1563,0.07777586579322815,1e-04,0.03919518,0.0018124243,0.042572577,0.08904892951250076,0.1118462085723877,0.013191813603043556,0.11485561728477478
1564,0.07766803354024887,1e-04,0.03917618,0.0018109119,0.04255481,0.08894188702106476,0.11184336245059967,0.013190867379307747,0.11485150456428528
1565,0.0775604248046875,1e-04,0.039157186,0.0018094007,0.042537052,0.08883509039878845,0.11184054613113403,0.013189936056733131,0.11484744399785995
1566,0.07745304703712463,1e-04,0.03913822,0.0018078927,0.04251932,0.08872852474451065,0.1118377298116684,0.013189000077545643,0.11484336853027344
1567,0.07734591513872147,1e-04,0.039119296,0.0018063876,0.042501617,0.08862221986055374,0.11183502525091171,0.013188093900680542,0.11483942717313766
1568,0.0772390142083168,1e-04,0.0391004,0.0018048863,0.042483952,0.08851611614227295,0.11183224618434906,0.013187171891331673,0.11483541131019592
1569,0.07713232934474945,1e-04,0.03908152,0.0018033872,0.042466305,0.08841027319431305,0.11182955652475357,0.013186270371079445,0.11483148485422134
1570,0.0770258978009224,1e-04,0.039062683,0.0018018923,0.042448703,0.08830466121435165,0.11182691156864166,0.013185380026698112,0.11482761055231094
1571,0.07691968232393265,1e-04,0.03904387,0.0018003994,0.042431112,0.08819928020238876,0.11182425171136856,0.013184490613639355,0.11482373625040054
1572,0.076813705265522,1e-04,0.039025087,0.001798909,0.042413548,0.08809415996074677,0.11182169616222382,0.013183626346290112,0.1148199737071991
1573,0.07670795172452927,1e-04,0.039006334,0.0017974228,0.042396024,0.08798924088478088,0.11181913316249847,0.013182761147618294,0.11481620371341705
1574,0.07660241425037384,1e-04,0.038987592,0.0017959375,0.042378504,0.0878845751285553,0.11181659996509552,0.013181900605559349,0.1148124560713768
1575,0.07649713009595871,1e-04,0.038968887,0.0017944567,0.04236103,0.08778015524148941,0.11181417852640152,0.013181070797145367,0.11480884253978729
1576,0.07639206200838089,1e-04,0.03895022,0.0017929792,0.042343587,0.08767592906951904,0.11181167513132095,0.013180221430957317,0.11480514705181122
1577,0.07628720998764038,1e-04,0.038931567,0.0017915035,0.042326156,0.08757197856903076,0.11180929839611053,0.013179406523704529,0.11480159312486649
1578,0.07618260383605957,1e-04,0.038912956,0.0017900311,0.04230876,0.08746824413537979,0.1118069514632225,0.013178596273064613,0.11479806900024414
1579,0.07607820630073547,1e-04,0.03889435,0.0017885613,0.042291388,0.08736474066972733,0.11180461943149567,0.013177789747714996,0.11479455232620239
1580,0.07597403973340988,1e-04,0.03887578,0.0017870939,0.042274036,0.08726146072149277,0.11180226504802704,0.013176982291042805,0.11479103565216064
1581,0.0758701041340828,1e-04,0.038857237,0.0017856298,0.042256713,0.08715841174125671,0.11179997026920319,0.013176186010241508,0.11478757113218307
1582,0.07576639950275421,1e-04,0.038838744,0.0017841696,0.04223943,0.08705558627843857,0.11179766803979874,0.01317539345473051,0.1147841140627861
1583,0.07566290348768234,1e-04,0.03882025,0.0017827109,0.04222216,0.08695299178361893,0.11179541051387787,0.013174611143767834,0.11478070914745331
1584,0.07555963844060898,1e-04,0.038801804,0.0017812557,0.042204924,0.08685064315795898,0.11179324239492416,0.013173851184546947,0.11477740108966827
1585,0.07545659691095352,1e-04,0.038783394,0.0017798039,0.04218772,0.08674850314855576,0.11179105937480927,0.013173090294003487,0.11477408558130264
1586,0.07535376399755478,1e-04,0.038764987,0.001778354,0.042170536,0.08664660900831223,0.11178891360759735,0.013172337785363197,0.11477080732584
1587,0.07525116950273514,1e-04,0.038746603,0.0017769055,0.04215336,0.086544930934906,0.1117868423461914,0.013171601109206676,0.11476759612560272
1588,0.07514879107475281,1e-04,0.038728263,0.0017754624,0.042136237,0.0864434763789177,0.11178474128246307,0.013170858845114708,0.11476436257362366
1589,0.07504663616418839,1e-04,0.038709946,0.0017740211,0.04211913,0.08634226024150848,0.1117827445268631,0.013170147314667702,0.11476126313209534
1590,0.07494470477104187,1e-04,0.038691644,0.0017725817,0.04210204,0.08624128252267838,0.11178078502416611,0.013169439509510994,0.11475817859172821
1591,0.07484298199415207,1e-04,0.038673386,0.0017711463,0.04208499,0.08614052832126617,0.1117788776755333,0.013168747536838055,0.11475516110658646
1592,0.07474149018526077,1e-04,0.038655143,0.001769713,0.042067956,0.08603999018669128,0.11177697032690048,0.01316805463284254,0.1147521436214447
1593,0.07464022189378738,1e-04,0.038636923,0.0017682827,0.042050954,0.08593966066837311,0.11177507787942886,0.01316736824810505,0.11474915593862534
1594,0.07453915476799011,1e-04,0.03861874,0.0017668549,0.042033974,0.08583958446979523,0.11177325248718262,0.0131666986271739,0.11474623531103134
1595,0.07443831115961075,1e-04,0.03860059,0.0017654308,0.04201703,0.08573969453573227,0.11177138984203339,0.013166023418307304,0.11474329233169556
1596,0.0743376836180687,1e-04,0.03858245,0.001764009,0.042000107,0.0856400653719902,0.1117696613073349,0.013165377080440521,0.11474047601222992
1597,0.07423727214336395,1e-04,0.038564347,0.0017625887,0.041983195,0.08554062992334366,0.11176786571741104,0.013164715841412544,0.11473759263753891
1598,0.07413708418607712,1e-04,0.038546268,0.0017611715,0.041966315,0.08544142544269562,0.11176612228155136,0.013164068572223186,0.11473477631807327
1599,0.0740371122956276,1e-04,0.038528208,0.0017597569,0.04194946,0.08534243702888489,0.11176443099975586,0.013163437135517597,0.11473201960325241
1600,0.07393734902143478,1e-04,0.03851019,0.0017583458,0.041932635,0.08524367958307266,0.11176276206970215,0.013162811286747456,0.11472929269075394
1601,0.07383780926465988,1e-04,0.038492184,0.0017569369,0.04191583,0.08514516055583954,0.1117611974477768,0.013162210583686829,0.11472667753696442
1602,0.07373848557472229,1e-04,0.038474202,0.0017555302,0.041899048,0.08504684269428253,0.11175964027643204,0.013161608949303627,0.1147240549325943
1603,0.07363936305046082,1e-04,0.038456246,0.0017541266,0.041882295,0.08494874835014343,0.11175812780857086,0.013161021284759045,0.11472149193286896
1604,0.07354044914245605,1e-04,0.038438324,0.0017527262,0.041865572,0.08485087752342224,0.11175663769245148,0.01316043920814991,0.114718958735466
1605,0.0734417587518692,1e-04,0.038420416,0.0017513267,0.041848857,0.08475322276353836,0.11175519227981567,0.01315986830741167,0.11471647024154663
1606,0.07334328442811966,1e-04,0.03840255,0.001749932,0.041832186,0.08465578407049179,0.11175376176834106,0.013159302994608879,0.11471400409936905
1607,0.07324501872062683,1e-04,0.0383847,0.0017485385,0.04181553,0.08455855399370193,0.11175231635570526,0.013158735819160938,0.11471153050661087
1608,0.07314696162939072,1e-04,0.03836687,0.0017471471,0.04179889,0.08446153998374939,0.11175093799829483,0.01315818540751934,0.11470913141965866
1609,0.07304911315441132,1e-04,0.038349085,0.0017457606,0.0417823,0.08436474949121475,0.11174958944320679,0.013157641515135765,0.11470676213502884
1610,0.07295148074626923,1e-04,0.038331315,0.0017443749,0.041765712,0.08426818251609802,0.11174829304218292,0.01315710972994566,0.1147044450044632
1611,0.07285406440496445,1e-04,0.038313568,0.0017429923,0.04174916,0.08417180925607681,0.11174701154232025,0.0131565872579813,0.11470216512680054
1612,0.07275683432817459,1e-04,0.03829584,0.0017416115,0.04173262,0.0840756893157959,0.11174583435058594,0.013156083412468433,0.11469997465610504
1613,0.07265983521938324,1e-04,0.038278136,0.0017402335,0.041716106,0.0839797705411911,0.11174467951059341,0.013155587017536163,0.11469780653715134
1614,0.0725630447268486,1e-04,0.038260467,0.0017388592,0.04169963,0.08388406783342361,0.11174355447292328,0.01315509993582964,0.11469568312168121
1615,0.07246645539999008,1e-04,0.03824282,0.0017374868,0.04168317,0.08378858119249344,0.11174245178699493,0.013154620304703712,0.11469358950853348
1616,0.07237007468938828,1e-04,0.038225196,0.0017361165,0.04166673,0.08369329571723938,0.11174140125513077,0.013154150918126106,0.11469154804944992
1617,0.07227389514446259,1e-04,0.038207598,0.0017347493,0.04165032,0.08359824120998383,0.11174038797616959,0.01315369177609682,0.11468954384326935
1618,0.0721779316663742,1e-04,0.038190015,0.001733383,0.04163392,0.08350338786840439,0.11173941195011139,0.013153240084648132,0.11468757688999176
1619,0.07208216935396194,1e-04,0.038172476,0.0017320215,0.04161756,0.08340873569250107,0.111738421022892,0.013152791187167168,0.11468561738729477
1620,0.0719866082072258,1e-04,0.038154945,0.0017306614,0.04160122,0.08331430703401566,0.11173746734857559,0.013152348808944225,0.11468368768692017
1621,0.07189125567674637,1e-04,0.038137443,0.0017293039,0.041584898,0.08322007954120636,0.11173657327890396,0.013151923194527626,0.11468183249235153
1622,0.07179611176252365,1e-04,0.038119983,0.0017279492,0.041568607,0.08312607556581497,0.11173568665981293,0.013151496648788452,0.1146799772977829
1623,0.07170117646455765,1e-04,0.038102534,0.0017265968,0.04155234,0.0830322653055191,0.11173484474420547,0.013151085004210472,0.11467818170785904
1624,0.07160642743110657,1e-04,0.038085118,0.0017252472,0.041536096,0.08293867111206055,0.11173401027917862,0.013150675222277641,0.11467639356851578
1625,0.0715118944644928,1e-04,0.038067713,0.0017238996,0.04151987,0.0828453004360199,0.11173328012228012,0.01315028965473175,0.11467470973730087
1626,0.07141757011413574,1e-04,0.03805033,0.0017225539,0.04150366,0.08275213837623596,0.11173257976770401,0.013149909675121307,0.11467305570840836
1627,0.07132343202829361,1e-04,0.038032975,0.0017212114,0.041487485,0.08265915513038635,0.11173190176486969,0.013149535283446312,0.11467142403125763
1628,0.07122950255870819,1e-04,0.038015656,0.0017198707,0.041471325,0.08256643265485764,0.11173135042190552,0.013149196282029152,0.11466994136571884
1629,0.07113576680421829,1e-04,0.037998334,0.0017185324,0.041455187,0.08247390389442444,0.11173079162836075,0.013148853555321693,0.11466845124959946
1630,0.0710422545671463,1e-04,0.03798106,0.0017171978,0.041439086,0.08238156884908676,0.11173024028539658,0.013148513622581959,0.11466696858406067
1631,0.07094892114400864,1e-04,0.037963804,0.0017158644,0.041422993,0.0822894349694252,0.11172971874475479,0.013148179277777672,0.11466550827026367
1632,0.07085578888654709,1e-04,0.037946556,0.0017145338,0.04140693,0.08219750970602036,0.11172924935817719,0.013147860765457153,0.11466412246227264
1633,0.07076285779476166,1e-04,0.03792934,0.0017132049,0.04139088,0.08210580796003342,0.11172883212566376,0.013147552497684956,0.1146627739071846
1634,0.07067013531923294,1e-04,0.037912156,0.001711879,0.04137486,0.0820142924785614,0.11172842979431152,0.013147249817848206,0.11466145515441895
1635,0.07057759910821915,1e-04,0.037895016,0.0017105567,0.041358877,0.0819229856133461,0.11172804981470108,0.013146951794624329,0.11466015875339508
1636,0.07048527151346207,1e-04,0.03787786,0.0017092353,0.0413429,0.08183189481496811,0.1117277592420578,0.013146678917109966,0.11465896666049957
1637,0.07039312273263931,1e-04,0.037860747,0.001707916,0.04132694,0.08174099028110504,0.11172743141651154,0.013146395795047283,0.11465772986412048
1638,0.07030119001865387,1e-04,0.03784365,0.001706599,0.041311003,0.08165030181407928,0.11172717809677124,0.013146130368113518,0.11465657502412796
1639,0.07020945847034454,1e-04,0.03782658,0.0017052854,0.0412951,0.08155979216098785,0.11172690242528915,0.013145864009857178,0.11465541273355484
1640,0.07011790573596954,1e-04,0.03780954,0.0017039734,0.04127921,0.08146951347589493,0.11172672361135483,0.01314561627805233,0.11465433239936829
1641,0.07002655416727066,1e-04,0.03779251,0.0017026642,0.041263353,0.08137942850589752,0.11172659695148468,0.013145381584763527,0.11465331166982651
1642,0.0699353963136673,1e-04,0.03777552,0.0017013574,0.041247513,0.08128955960273743,0.1117265596985817,0.013145169243216515,0.11465238779783249
1643,0.06984443962574005,1e-04,0.037758544,0.001700053,0.0412317,0.08119988441467285,0.11172647774219513,0.013144949451088905,0.11465142667293549
1644,0.06975367665290833,1e-04,0.037741568,0.001698749,0.04121588,0.08111041784286499,0.1117265596985817,0.013144764117896557,0.11465061455965042
1645,0.06966310739517212,1e-04,0.037724648,0.0016974497,0.041200116,0.08102113008499146,0.1117265373468399,0.013144558295607567,0.11464972048997879
1646,0.06957272440195084,1e-04,0.03770773,0.0016961518,0.041184362,0.08093205839395523,0.11172662675380707,0.013144376687705517,0.11464893072843552
1647,0.06948253512382507,1e-04,0.037690837,0.0016948552,0.04116862,0.08084319531917572,0.11172673851251602,0.013144204393029213,0.11464817821979523
1648,0.06939254701137543,1e-04,0.037673987,0.0016935631,0.041152924,0.08075451850891113,0.11172693967819214,0.013144051656126976,0.1146475076675415
1649,0.0693027526140213,1e-04,0.037657134,0.0016922711,0.041137222,0.08066603541374207,0.11172707378864288,0.013143882155418396,0.11464677006006241
1650,0.0692131370306015,1e-04,0.03764033,0.0016909831,0.041121565,0.08057774603366852,0.11172723770141602,0.01314372569322586,0.11464609205722809
1651,0.06912371516227722,1e-04,0.03762353,0.0016896965,0.04110592,0.08048967272043228,0.1117275133728981,0.013143591582775116,0.11464550346136093
1652,0.06903448700904846,1e-04,0.037606753,0.0016884108,0.041090276,0.08040178567171097,0.11172781139612198,0.013143463060259819,0.11464494466781616
1653,0.06894545257091522,1e-04,0.03758999,0.0016871281,0.041074663,0.08031409978866577,0.11172814667224884,0.013143347576260567,0.11464443802833557
1654,0.0688566043972969,1e-04,0.037573267,0.0016858495,0.0410591,0.08022661507129669,0.11172853410243988,0.01314324140548706,0.11464397609233856
1655,0.06876794248819351,1e-04,0.03755656,0.0016845707,0.041043524,0.08013933151960373,0.1117289811372757,0.013143149204552174,0.11464357376098633
1656,0.06867947429418564,1e-04,0.037539873,0.0016832955,0.041027986,0.08005223423242569,0.11172942817211151,0.013143062591552734,0.11464319378137589
1657,0.06859119236469269,1e-04,0.03752321,0.0016820224,0.041012466,0.07996533066034317,0.11172997951507568,0.013142993673682213,0.11464289575815201
1658,0.06850308924913406,1e-04,0.037506577,0.0016807521,0.040996976,0.07987862080335617,0.11173047870397568,0.01314291637390852,0.11464256048202515
1659,0.06841519474983215,1e-04,0.037489947,0.001679482,0.040981483,0.07979210466146469,0.11173105239868164,0.013142858631908894,0.11464230716228485
1660,0.06832747161388397,1e-04,0.03747335,0.0016782155,0.040966026,0.07970580458641052,0.11173170804977417,0.013142818585038185,0.11464213579893112
1661,0.06823993474245071,1e-04,0.037456766,0.0016769505,0.040950585,0.07961968332529068,0.11173238605260849,0.013142784126102924,0.11464197933673859
1662,0.06815259158611298,1e-04,0.037440218,0.0016756883,0.040935174,0.07953374087810516,0.11173305660486221,0.01314274687319994,0.11464182287454605
1663,0.06806542724370956,1e-04,0.037423685,0.0016744278,0.040919773,0.07944801449775696,0.1117338165640831,0.013142737559974194,0.11464177817106247
1664,0.06797844916582108,1e-04,0.037407164,0.0016731689,0.040904388,0.07936247438192368,0.11173459142446518,0.013142725452780724,0.11464172601699829
1665,0.0678916648030281,1e-04,0.03739068,0.001671914,0.040889043,0.07927712053060532,0.11173541843891144,0.013142729178071022,0.11464174091815948
1666,0.06780505180358887,1e-04,0.037374217,0.0016706603,0.040873714,0.07919196784496307,0.11173629760742188,0.013142744079232216,0.11464180797338486
1667,0.06771863996982574,1e-04,0.03735777,0.0016694088,0.0408584,0.07910700887441635,0.1117372065782547,0.013142767362296581,0.11464191228151321
1668,0.06763239204883575,1e-04,0.03734135,0.0016681587,0.0408431,0.07902222871780396,0.1117381826043129,0.013142804615199566,0.11464206874370575
1669,0.06754633784294128,1e-04,0.03732494,0.0016669108,0.04082782,0.07893764227628708,0.1117391437292099,0.01314284186810255,0.11464223265647888
1670,0.06746046990156174,1e-04,0.03730856,0.0016656661,0.040812574,0.07885324954986572,0.11174019426107407,0.013142898678779602,0.11464247852563858
1671,0.06737477332353592,1e-04,0.037292186,0.0016644227,0.040797338,0.07876904308795929,0.11174125969409943,0.013142958283424377,0.11464273929595947
1672,0.06728926301002502,1e-04,0.037275854,0.0016631817,0.040782124,0.07868503034114838,0.11174239218235016,0.01314303744584322,0.11464308947324753
1673,0.06720393896102905,1e-04,0.03725952,0.001661942,0.040766925,0.07860121130943298,0.11174354702234268,0.01314312219619751,0.11464345455169678
1674,0.06711879372596741,1e-04,0.037243217,0.0016607051,0.040751748,0.07851757854223251,0.11174480617046356,0.01314322929829359,0.11464392393827438
1675,0.06703381985425949,1e-04,0.03722694,0.0016594698,0.04073659,0.07843412458896637,0.11174603551626205,0.013143330812454224,0.1146443635225296
1676,0.0669490396976471,1e-04,0.03721069,0.0016582379,0.04072147,0.07835086435079575,0.11174732446670532,0.013143445365130901,0.1146448627114296
1677,0.06686442345380783,1e-04,0.037194457,0.001657007,0.04070635,0.07826779782772064,0.11174862086772919,0.013143566437065601,0.11464539170265198
1678,0.06678000092506409,1e-04,0.037178237,0.0016557775,0.040691245,0.07818489521741867,0.11174996197223663,0.013143693096935749,0.11464594304561615
1679,0.06669575721025467,1e-04,0.037162043,0.001654551,0.040676173,0.07810218632221222,0.11175137758255005,0.013143840245902538,0.11464659124612808
1680,0.06661167740821838,1e-04,0.037145868,0.0016533256,0.040661108,0.07801968604326248,0.11175288259983063,0.01314400602132082,0.11464731395244598
1681,0.06652778387069702,1e-04,0.037129715,0.0016521034,0.040646076,0.07793736457824707,0.11175435781478882,0.013144168071448803,0.11464802175760269
1682,0.06644407659769058,1e-04,0.037113573,0.0016508822,0.04063105,0.07785521447658539,0.11175590753555298,0.013144346885383129,0.11464879661798477
1683,0.06636053323745728,1e-04,0.037097473,0.0016496646,0.04061606,0.07777326554059982,0.11175749450922012,0.013144535012543201,0.11464961618185043
1684,0.06627717614173889,1e-04,0.037081383,0.001648449,0.040601097,0.07769151031970978,0.11175917088985443,0.01314474642276764,0.11465054005384445
1685,0.06619399785995483,1e-04,0.0370653,0.0016472328,0.040586118,0.07760990411043167,0.11176083236932755,0.01314495224505663,0.11465144157409668
1686,0.06611097604036331,1e-04,0.03704924,0.0016460207,0.04057118,0.07752849906682968,0.11176250874996185,0.013145163655281067,0.1146523579955101
1687,0.06602814793586731,1e-04,0.037033204,0.0016448089,0.040556245,0.07744728773832321,0.11176429688930511,0.013145399279892445,0.11465338617563248
1688,0.06594549119472504,1e-04,0.0370172,0.0016436017,0.04054136,0.07736624777317047,0.11176612228155136,0.013145643286406994,0.11465445160865784
1689,0.0658629983663559,1e-04,0.037001215,0.0016423954,0.04052648,0.07728540897369385,0.11176802217960358,0.013145904056727886,0.11465559154748917
1690,0.06578069925308228,1e-04,0.036985226,0.0016411903,0.040511608,0.07720473408699036,0.11176987737417221,0.013146160170435905,0.1146567091345787
1691,0.06569855660200119,1e-04,0.03696928,0.0016399872,0.040496755,0.07712422311306,0.11177174001932144,0.01314641535282135,0.11465781927108765
1692,0.06561658531427383,1e-04,0.03695335,0.0016387864,0.040481925,0.07704392075538635,0.11177372932434082,0.013146701268851757,0.11465906351804733
1693,0.0655348002910614,1e-04,0.03693743,0.0016375871,0.04046711,0.07696378231048584,0.11177573353052139,0.013146987184882164,0.11466031521558762
1694,0.0654531866312027,1e-04,0.036921535,0.0016363901,0.04045232,0.07688384503126144,0.11177784204483032,0.013147303834557533,0.11466169357299805
1695,0.06537173688411713,1e-04,0.03690567,0.0016351957,0.040437553,0.07680407166481018,0.11177992820739746,0.013147610239684582,0.1146630272269249
1696,0.06529046595096588,1e-04,0.036889814,0.0016340034,0.04042281,0.07672446966171265,0.11178203672170639,0.013147925958037376,0.11466440558433533
1697,0.06520935148000717,1e-04,0.036873978,0.0016328115,0.040408064,0.07664506882429123,0.11178426444530487,0.01314826775342226,0.11466589570045471
1698,0.06512843072414398,1e-04,0.036858167,0.0016316233,0.040393356,0.07656583935022354,0.11178649961948395,0.013148611411452293,0.1146673932671547
1699,0.06504766643047333,1e-04,0.036842372,0.0016304358,0.040378656,0.07648679614067078,0.1117887943983078,0.013148972764611244,0.11466897279024124
1700,0.0649670735001564,1e-04,0.03682659,0.0016292502,0.04036397,0.07640791684389114,0.11179111152887344,0.01314933318644762,0.11467054486274719
1701,0.0648866519331932,1e-04,0.036810823,0.001628066,0.0403493,0.07632922381162643,0.11179350316524506,0.013149717822670937,0.1146722212433815
1702,0.06480639427900314,1e-04,0.0367951,0.0016268853,0.040334664,0.07625070959329605,0.11179588735103607,0.013150098733603954,0.11467388272285461
1703,0.06472630798816681,1e-04,0.036779378,0.0016257056,0.04032004,0.07617238163948059,0.11179845035076141,0.013150517828762531,0.11467570811510086
1704,0.0646463930606842,1e-04,0.03676367,0.0016245273,0.040305424,0.07609420269727707,0.1118008941411972,0.013150912709534168,0.11467742919921875
1705,0.06456664204597473,1e-04,0.03674799,0.0016233514,0.040290836,0.07601621747016907,0.11180339008569717,0.01315132062882185,0.11467920988798141
1706,0.06448706984519958,1e-04,0.036732342,0.0016221781,0.040276274,0.0759384036064148,0.11180603504180908,0.013151762075722218,0.11468113213777542
1707,0.06440763920545578,1e-04,0.036716685,0.0016210049,0.040261704,0.07586076855659485,0.11180861294269562,0.013152187690138817,0.11468298733234406
1708,0.06432840973138809,1e-04,0.03670107,0.001619835,0.040247176,0.07578329741954803,0.1118113175034523,0.013152645900845528,0.11468498408794403
1709,0.06424932181835175,1e-04,0.036685452,0.0016186658,0.040232647,0.07570601999759674,0.11181404441595078,0.013153107836842537,0.1146869957447052
1710,0.06417041271924973,1e-04,0.03666987,0.0016174997,0.040218152,0.07562892138957977,0.1118168830871582,0.013153595849871635,0.11468912661075592
1711,0.06409166753292084,1e-04,0.03665431,0.0016163352,0.040203672,0.07555198669433594,0.11181969940662384,0.013154080137610435,0.11469123512506485
1712,0.06401307135820389,1e-04,0.03663875,0.0016151717,0.0401892,0.07547521591186523,0.11182254552841187,0.013154569081962109,0.11469337344169617
1713,0.06393466144800186,1e-04,0.036623225,0.0016140112,0.04017476,0.07539862394332886,0.11182540655136108,0.013155060820281506,0.11469551175832748
1714,0.06385640799999237,1e-04,0.036607716,0.0016128519,0.04016033,0.07532220333814621,0.11182837188243866,0.01315558236092329,0.11469778418540955
1715,0.06377831846475601,1e-04,0.03659223,0.0016116948,0.04014592,0.07524595409631729,0.11183136701583862,0.013156105764210224,0.1147000715136528
1716,0.06370039284229279,1e-04,0.03657675,0.0016105386,0.040131517,0.0751698762178421,0.11183439195156097,0.013156640343368053,0.11470239609479904
1717,0.0636226236820221,1e-04,0.036561288,0.0016093844,0.040117133,0.07509398460388184,0.11183752864599228,0.013157199136912823,0.11470483243465424
1718,0.06354501843452454,1e-04,0.036545858,0.0016082326,0.040102776,0.0750182569026947,0.1118406429886818,0.013157752342522144,0.11470724642276764
1719,0.0634675845503807,1e-04,0.036530428,0.001607082,0.040088426,0.0749427080154419,0.11184386163949966,0.01315833069384098,0.1147097647190094
1720,0.06339029967784882,1e-04,0.036515042,0.0016059346,0.040074114,0.07486731559038162,0.11184708774089813,0.013158912770450115,0.11471230536699295
1721,0.06331319361925125,1e-04,0.036499657,0.0016047879,0.040059805,0.07479211688041687,0.11185040324926376,0.013159515336155891,0.11471492797136307
1722,0.06323623657226562,1e-04,0.036484286,0.0016036424,0.040045504,0.07471705228090286,0.11185368150472641,0.013160107657313347,0.1147175133228302
1723,0.06315945088863373,1e-04,0.036468938,0.001602499,0.040031224,0.07464218139648438,0.11185707151889801,0.01316072791814804,0.11472021788358688
1724,0.06308280676603317,1e-04,0.03645362,0.0016013584,0.040016975,0.07456746697425842,0.1118604764342308,0.013161351904273033,0.11472293734550476
1725,0.06300634145736694,1e-04,0.0364383,0.0016002189,0.040002737,0.0744929164648056,0.11186391115188599,0.013161977753043175,0.11472566425800323
1726,0.06293003261089325,1e-04,0.03642302,0.0015990809,0.03998851,0.0744185522198677,0.11186740547418594,0.013162623159587383,0.11472847312688828
1727,0.0628538727760315,1e-04,0.036407746,0.0015979448,0.039974302,0.07434434443712234,0.11187096685171127,0.01316328626126051,0.11473136395215988
1728,0.06277786940336227,1e-04,0.036392484,0.0015968098,0.0399601,0.07427031546831131,0.11187455803155899,0.013163954019546509,0.11473427712917328
1729,0.06270203739404678,1e-04,0.036377233,0.0015956768,0.039945923,0.07419642806053162,0.1118781566619873,0.013164618983864784,0.11473717540502548
1730,0.06262635439634323,1e-04,0.03636203,0.001594547,0.039931778,0.07412272691726685,0.11188182979822159,0.013165307231247425,0.11474017053842545
1731,0.06255083531141281,1e-04,0.036346823,0.0015934171,0.03991763,0.07404918968677521,0.11188554763793945,0.013166004791855812,0.11474321037530899
1732,0.06247547268867493,1e-04,0.036331646,0.0015922904,0.039903514,0.0739758312702179,0.11188937723636627,0.013166727498173714,0.11474636197090149
1733,0.062400273978710175,1e-04,0.03631646,0.0015911635,0.03988939,0.07390263676643372,0.11189322173595428,0.013167455792427063,0.11474953591823578
1734,0.06232522428035736,1e-04,0.036301322,0.0015900403,0.03987531,0.07382959127426147,0.1118970662355423,0.013168183155357838,0.11475270241498947
1735,0.062250323593616486,1e-04,0.036286183,0.0015889177,0.039861232,0.07375671714544296,0.11190098524093628,0.01316892821341753,0.11475595086812973
1736,0.06217559054493904,1e-04,0.036271054,0.0015877959,0.039847158,0.07368400692939758,0.11190494149923325,0.01316967885941267,0.11475922167301178
1737,0.06210099905729294,1e-04,0.03625596,0.0015866773,0.039833117,0.07361148297786713,0.11190900951623917,0.013170458376407623,0.11476261913776398
1738,0.06202658265829086,1e-04,0.036240872,0.0015855595,0.039819084,0.07353910803794861,0.11191309988498688,0.01317124255001545,0.11476603150367737
1739,0.06195230782032013,1e-04,0.036225803,0.0015844441,0.039805077,0.07346687465906143,0.11191713809967041,0.013172018341720104,0.11476941406726837
1740,0.06187818944454193,1e-04,0.036210768,0.0015833308,0.03979109,0.07339481264352798,0.1119212880730629,0.013172815553843975,0.11477288603782654
1741,0.06180422008037567,1e-04,0.03619573,0.0015822179,0.039777104,0.07332294434309006,0.11192552000284195,0.013173634186387062,0.11477645486593246
1742,0.061730414628982544,1e-04,0.03618073,0.0015811084,0.039763153,0.07325118780136108,0.11192969232797623,0.01317443884909153,0.11477995663881302
1743,0.06165675073862076,1e-04,0.03616573,0.0015799989,0.0397492,0.07317963242530823,0.11193396896123886,0.013175271451473236,0.11478358507156372
1744,0.061583250761032104,1e-04,0.036150746,0.0015788914,0.039735265,0.07310821861028671,0.11193827539682388,0.013176104053854942,0.11478721350431442
1745,0.06150990352034569,1e-04,0.036135796,0.0015777858,0.03972135,0.07303697615861893,0.11194267123937607,0.013176962733268738,0.11479095369577408
1746,0.061436694115400314,1e-04,0.036120858,0.0015766824,0.03970746,0.07296589761972427,0.11194710433483124,0.01317782886326313,0.11479472368955612
1747,0.06136364862322807,1e-04,0.036105927,0.0015755796,0.03969357,0.07289499044418335,0.11195160448551178,0.013178708031773567,0.11479855328798294
1748,0.06129075959324837,1e-04,0.03609101,0.0015744783,0.0396797,0.07282422482967377,0.11195613443851471,0.013179595582187176,0.11480242013931274
1749,0.061218004673719406,1e-04,0.03607612,0.0015733801,0.039665855,0.07275362312793732,0.11196070909500122,0.013180497102439404,0.11480634659528732
1750,0.06114540621638298,1e-04,0.036061235,0.0015722823,0.039652016,0.072683185338974,0.11196533590555191,0.013181405141949654,0.11481030285358429
1751,0.06107296422123909,1e-04,0.03604638,0.001571187,0.039638203,0.07261290401220322,0.11197000741958618,0.013182327151298523,0.11481431871652603
1752,0.06100066751241684,1e-04,0.036031526,0.0015700919,0.039624386,0.07254280149936676,0.11197479814291,0.013183276169002056,0.11481844633817673
1753,0.060928523540496826,1e-04,0.0360167,0.0015689994,0.0396106,0.07247282564640045,0.11197954416275024,0.013184216804802418,0.11482254415750504
1754,0.060856521129608154,1e-04,0.036001887,0.0015679089,0.03959683,0.07240302860736847,0.11198437213897705,0.013185173273086548,0.11482670903205872
1755,0.06078467518091202,1e-04,0.03598709,0.0015668188,0.03958306,0.07233338057994843,0.11198918521404266,0.013186129741370678,0.1148308739066124
1756,0.06071298196911812,1e-04,0.035972316,0.0015657315,0.039569326,0.07226388156414032,0.11199410259723663,0.013187107630074024,0.11483513563871384
1757,0.06064142286777496,1e-04,0.03595754,0.0015646443,0.039555583,0.07219454646110535,0.11199901252985,0.013188084587454796,0.11483938246965408
1758,0.060570020228624344,1e-04,0.035942797,0.0015635589,0.039541863,0.0721253827214241,0.11200406402349472,0.013189096935093403,0.11484379321336746
1759,0.06049876660108566,1e-04,0.035928078,0.0015624763,0.039528172,0.072056345641613,0.11200907081365585,0.013190096244215965,0.11484814435243607
1760,0.060427650809288025,1e-04,0.035913363,0.0015613944,0.039514482,0.07198747992515564,0.11201413720846176,0.013191113248467445,0.11485256999731064
1761,0.060356684029102325,1e-04,0.035898663,0.0015603148,0.03950082,0.071918785572052,0.11201933771371841,0.013192156329751015,0.11485711485147476
1762,0.060285866260528564,1e-04,0.03588397,0.0015592354,0.039487153,0.0718502476811409,0.11202453076839447,0.013193202205002308,0.11486166715621948
1763,0.06021520495414734,1e-04,0.035869308,0.001558159,0.039473522,0.07178183645009995,0.11202974617481232,0.013194248080253601,0.1148662194609642
1764,0.06014467403292656,1e-04,0.035854656,0.0015570831,0.03945989,0.07171360403299332,0.11203505843877792,0.013195320963859558,0.11487089097499847
1765,0.06007428839802742,1e-04,0.035840023,0.0015560096,0.039446287,0.07164552062749863,0.11204037815332413,0.013196393847465515,0.11487555503845215
1766,0.06000405550003052,1e-04,0.035825405,0.0015549378,0.0394327,0.07157757133245468,0.11204572767019272,0.013197476975619793,0.11488027125597
1767,0.05993396043777466,1e-04,0.035810802,0.0015538671,0.039419122,0.07150980085134506,0.11205117404460907,0.013198579661548138,0.11488506942987442
1768,0.059864018112421036,1e-04,0.035796214,0.0015527968,0.039405543,0.07144217193126678,0.1120566725730896,0.013199692592024803,0.11488991230726242
1769,0.05979420989751816,1e-04,0.035781648,0.0015517301,0.039392006,0.07137469947338104,0.11206215620040894,0.013200804591178894,0.11489475518465042
1770,0.05972455441951752,1e-04,0.035767086,0.0015506638,0.039378468,0.07130736857652664,0.11206769943237305,0.013201931491494179,0.1148996576666832
1771,0.05965503305196762,1e-04,0.03575256,0.0015495992,0.03936495,0.07124018669128418,0.11207327991724014,0.013203066773712635,0.11490459740161896
1772,0.05958566069602966,1e-04,0.03573804,0.0015485362,0.039351445,0.07117317616939545,0.1120789423584938,0.013204221613705158,0.11490962654352188
1773,0.05951642617583275,1e-04,0.03572353,0.0015474746,0.039337955,0.07110631465911865,0.11208468675613403,0.013205391354858875,0.11491471529006958
1774,0.05944734066724777,1e-04,0.035709027,0.0015464138,0.039324466,0.0710396021604538,0.11209043115377426,0.013206565752625465,0.11491982638835907
1775,0.05937838926911354,1e-04,0.035694562,0.0015453553,0.039311007,0.07097303867340088,0.11209623515605927,0.0132077531889081,0.11492498964071274
1776,0.05930958688259125,1e-04,0.035680108,0.0015442986,0.039297566,0.0709066241979599,0.11210209131240845,0.013208949938416481,0.11493019759654999
1777,0.0592409111559391,1e-04,0.035665665,0.0015432438,0.03928414,0.07084037363529205,0.11210803687572479,0.013210171833634377,0.1149355098605156
1778,0.05917239189147949,1e-04,0.035651233,0.0015421894,0.039270718,0.07077426463365555,0.11211401224136353,0.013211396522819996,0.1149408370256424
1779,0.05910400301218033,1e-04,0.035636812,0.0015411366,0.039257314,0.07070830464363098,0.11212003231048584,0.013212631456553936,0.11494620889425278
1780,0.059035755693912506,1e-04,0.035622403,0.0015400846,0.03924391,0.07064247131347656,0.11212599277496338,0.013213858008384705,0.11495154350996017
1781,0.05896764621138573,1e-04,0.03560802,0.0015390348,0.039230533,0.07057683169841766,0.11213215440511703,0.013215127401053905,0.1149570643901825
1782,0.058899685740470886,1e-04,0.03559365,0.0015379863,0.03921717,0.07051130384206772,0.1121382862329483,0.01321638934314251,0.11496255546808243
1783,0.05883185565471649,1e-04,0.0355793,0.00153694,0.039203826,0.0704459398984909,0.11214449256658554,0.013217669911682606,0.11496812850236893
1784,0.05876417085528374,1e-04,0.035564955,0.0015358939,0.039190482,0.07038071751594543,0.11215072870254517,0.013218956999480724,0.11497372388839722
1785,0.05869661644101143,1e-04,0.035550635,0.0015348507,0.039177172,0.0703156441450119,0.11215700209140778,0.013220252469182014,0.11497935652732849
1786,0.058629199862480164,1e-04,0.035536323,0.0015338081,0.03916386,0.07025071233510971,0.11216328293085098,0.013221551664173603,0.11498500406742096
1787,0.05856192857027054,1e-04,0.035522036,0.0015327672,0.03915057,0.07018593698740005,0.11216966062784195,0.013222871348261833,0.11499074101448059
1788,0.05849479138851166,1e-04,0.035507746,0.0015317269,0.03913728,0.07012129575014114,0.11217606067657471,0.013224197551608086,0.11499650776386261
1789,0.05842778831720352,1e-04,0.035493497,0.0015306899,0.03912403,0.07005680352449417,0.11218255758285522,0.013225546106696129,0.11500237137079239
1790,0.05836091190576553,1e-04,0.035479244,0.0015296524,0.039110772,0.06999246776103973,0.11218906939029694,0.01322689838707447,0.11500824987888336
1791,0.05829419195652008,1e-04,0.035465006,0.0015286172,0.039097536,0.06992826610803604,0.11219558864831924,0.013228250667452812,0.11501413583755493
1792,0.058227598667144775,1e-04,0.03545079,0.0015275833,0.03908431,0.06986422091722488,0.1122022420167923,0.013229635544121265,0.11502015590667725
1793,0.058161139488220215,1e-04,0.035436597,0.0015265518,0.039071113,0.06980032473802567,0.11220891773700714,0.013231024146080017,0.11502619087696075
1794,0.058094821870326996,1e-04,0.035422403,0.0015255205,0.03905791,0.06973656266927719,0.11221566051244736,0.013232432305812836,0.11503230780363083
1795,0.058028627187013626,1e-04,0.035408214,0.0015244904,0.039044723,0.06967294961214066,0.11222244799137115,0.013233845122158527,0.1150384470820427
1796,0.057962566614151,1e-04,0.03539405,0.0015234617,0.039031547,0.06960948556661606,0.11222926527261734,0.01323526818305254,0.11504463851451874
1797,0.057896655052900314,1e-04,0.0353799,0.0015224356,0.0390184,0.0695461630821228,0.1122361421585083,0.013236704282462597,0.11505087465047836
1798,0.05783086270093918,1e-04,0.035365768,0.0015214098,0.039005253,0.06948297470808029,0.11224304139614105,0.013238146901130676,0.11505714803934097
1799,0.05776521563529968,1e-04,0.035351656,0.0015203855,0.03899212,0.06941992044448853,0.112249955534935,0.01323959231376648,0.11506342887878418
1800,0.057699695229530334,1e-04,0.035337552,0.0015193635,0.038979013,0.06935703009366989,0.1122569888830185,0.013241065666079521,0.11506982892751694
1801,0.05763430893421173,1e-04,0.035323452,0.0015183408,0.038965892,0.0692942664027214,0.1122639924287796,0.01324253249913454,0.1150762066245079
1802,0.05756905674934387,1e-04,0.035309397,0.001517322,0.038952816,0.06923163682222366,0.11227104812860489,0.013244008645415306,0.11508261412382126
1803,0.05750393122434616,1e-04,0.03529533,0.0015163028,0.038939733,0.06916917115449905,0.11227820813655853,0.013245515525341034,0.11508916318416595
1804,0.057438939809799194,1e-04,0.035281282,0.0015152858,0.038926672,0.06910683959722519,0.11228539794683456,0.013247022405266762,0.11509571224451065
1805,0.05737408250570297,1e-04,0.03526724,0.0015142696,0.03891362,0.06904464960098267,0.11229263246059418,0.013248543255031109,0.11510231345891953
1806,0.057309359312057495,1e-04,0.035253238,0.0015132562,0.038900595,0.06898260861635208,0.11229995638132095,0.013250082731246948,0.11510900408029556
1807,0.057244762778282166,1e-04,0.035239223,0.0015122425,0.03888756,0.06892069429159164,0.11230728775262833,0.013251623138785362,0.1151156947016716
1808,0.05718030035495758,1e-04,0.035225235,0.0015112304,0.038874548,0.06885892152786255,0.11231470108032227,0.013253186829388142,0.115122489631176
1809,0.057115960866212845,1e-04,0.035211258,0.0015102203,0.038861554,0.0687972828745842,0.11232206970453262,0.013254737481474876,0.11512921750545502
1810,0.057051755487918854,1e-04,0.03519731,0.001509212,0.03884858,0.06873579323291779,0.11232956498861313,0.013256318867206573,0.11513608694076538
1811,0.05698768049478531,1e-04,0.035183363,0.0015082047,0.03883561,0.06867443770170212,0.11233706772327423,0.013257901184260845,0.11514295637607574
1812,0.05692372843623161,1e-04,0.03516942,0.0015071976,0.038822643,0.0686132162809372,0.1123446449637413,0.01325950026512146,0.11514990031719208
1813,0.05685991421341896,1e-04,0.0351555,0.0015061926,0.038809698,0.06855214387178421,0.11235226690769196,0.013261109590530396,0.11515688896179199
1814,0.056796226650476456,1e-04,0.0351416,0.0015051892,0.038796768,0.06849121302366257,0.11235996335744858,0.013262738473713398,0.11516396701335907
1815,0.0567326657474041,1e-04,0.035127707,0.0015041865,0.038783845,0.06843041628599167,0.1123676747083664,0.013264368288218975,0.11517103761434555
1816,0.05666923150420189,1e-04,0.03511383,0.0015031858,0.03877094,0.06836973875761032,0.1123754009604454,0.01326600182801485,0.11517813056707382
1817,0.056605927646160126,1e-04,0.035099957,0.0015021856,0.03875804,0.06830921769142151,0.11238322407007217,0.013267661444842815,0.11518533527851105
1818,0.05654274672269821,1e-04,0.035086103,0.0015011872,0.038745157,0.06824883073568344,0.11239109188318253,0.013269324786961079,0.11519255489110947
1819,0.05647969990968704,1e-04,0.035072267,0.0015001905,0.038732294,0.06818857043981552,0.11239896714687347,0.013270994648337364,0.11519980430603027
1820,0.056416768580675125,1e-04,0.035058454,0.0014991954,0.038719445,0.06812845915555954,0.11240695416927338,0.013272690586745739,0.11520716547966003
1821,0.05635397136211395,1e-04,0.035044637,0.0014982006,0.038706597,0.0680684894323349,0.11241495609283447,0.013274388387799263,0.11521453410387039
1822,0.05629131197929382,1e-04,0.035030846,0.0014972073,0.038693763,0.06800862401723862,0.11242294311523438,0.013276083394885063,0.11522188782691956
1823,0.05622875690460205,1e-04,0.035017047,0.0014962143,0.03868093,0.06794891506433487,0.11243107169866562,0.013277810998260975,0.11522938311100006
1824,0.056166332215070724,1e-04,0.035003282,0.0014952242,0.03866813,0.06788934022188187,0.11243920028209686,0.013279539532959461,0.11523688584566116
1825,0.05610404163599014,1e-04,0.03498953,0.0014942345,0.03865533,0.06782989948987961,0.11244736611843109,0.013281276449561119,0.11524441838264465
1826,0.05604187026619911,1e-04,0.034975782,0.0014932466,0.038642548,0.0677705854177475,0.1124555915594101,0.013283026404678822,0.11525201052427292
1827,0.05597981810569763,1e-04,0.034962054,0.0014922599,0.03862978,0.06771142035722733,0.11246390640735626,0.013284796848893166,0.11525969207286835
1828,0.055917900055646896,1e-04,0.03494834,0.0014912748,0.038617026,0.0676523745059967,0.11247219890356064,0.013286563567817211,0.11526735872030258
1829,0.05585610121488571,1e-04,0.034934644,0.0014902911,0.03860429,0.06759346276521683,0.11248056590557098,0.013288346119225025,0.11527509242296219
1830,0.055794425308704376,1e-04,0.034920946,0.001489307,0.03859154,0.06753470748662949,0.11248904466629028,0.013290154747664928,0.11528293043375015
1831,0.05573287233710289,1e-04,0.034907266,0.0014883251,0.038578816,0.0674760714173317,0.11249754577875137,0.013291969895362854,0.1152908056974411
1832,0.05567145347595215,1e-04,0.03489362,0.0014873468,0.038566135,0.06741754710674286,0.11250600963830948,0.013293775729835033,0.11529863625764847
1833,0.055610138922929764,1e-04,0.034879945,0.0014863656,0.038553413,0.06735918670892715,0.11251461505889893,0.013295615091919899,0.11530661582946777
1834,0.055548958480358124,1e-04,0.03486631,0.0014853879,0.038540732,0.067300945520401,0.11252327263355255,0.013297462835907936,0.11531462520360947
1835,0.055487897247076035,1e-04,0.03485269,0.0014844115,0.038528062,0.067242830991745,0.112531878054142,0.013299303129315376,0.11532260477542877
1836,0.055426958948373795,1e-04,0.03483908,0.0014834361,0.0385154,0.06718484312295914,0.11254056543111801,0.013301162049174309,0.11533066630363464
1837,0.055366139858961105,1e-04,0.034825478,0.001482462,0.038502753,0.06712698191404343,0.1125493273139,0.013303035870194435,0.11533878743648529
1838,0.05530543625354767,1e-04,0.034811895,0.0014814888,0.038490113,0.06706926971673965,0.11255812644958496,0.013304919004440308,0.11534695327281952
1839,0.055244866758584976,1e-04,0.03479833,0.0014805173,0.03847749,0.06701166927814484,0.11256696283817291,0.013306811451911926,0.11535515636205673
1840,0.05518440529704094,1e-04,0.034784764,0.0014795464,0.038464874,0.06695421785116196,0.11257590353488922,0.013308726251125336,0.1153634563088417
1841,0.05512407049536705,1e-04,0.034771215,0.001478577,0.03845227,0.06689689308404922,0.11258485168218613,0.013310646638274193,0.11537177860736847
1842,0.05506385117769241,1e-04,0.034757677,0.0014776082,0.03843967,0.06683968007564545,0.11259378492832184,0.013312561437487602,0.11538007110357285
1843,0.055003758519887924,1e-04,0.034744166,0.0014766424,0.038427107,0.06678260862827301,0.1126028299331665,0.013314500451087952,0.11538847535848618
1844,0.054943785071372986,1e-04,0.034730658,0.0014756776,0.03841455,0.06672567129135132,0.11261192709207535,0.01331645529717207,0.11539694666862488
1845,0.0548839271068573,1e-04,0.034717146,0.001474712,0.03840198,0.06666885316371918,0.11262103170156479,0.013318410143256187,0.11540541797876358
1846,0.054824188351631165,1e-04,0.03470367,0.0014737492,0.03838944,0.06661215424537659,0.1126302108168602,0.013320383615791798,0.11541396379470825
1847,0.05476456135511398,1e-04,0.034690198,0.0014727872,0.03837691,0.06655560433864594,0.1126394271850586,0.01332236360758543,0.11542254686355591
1848,0.05470506474375725,1e-04,0.034676738,0.0014718268,0.038364395,0.06649915874004364,0.11264866590499878,0.013324348255991936,0.11543113738298416
1849,0.05464567989110947,1e-04,0.03466329,0.0014708663,0.038351875,0.06644285470247269,0.11265796422958374,0.01332634687423706,0.11543979495763779
1850,0.054586417973041534,1e-04,0.034649868,0.0014699093,0.038339395,0.06638667732477188,0.11266734451055527,0.01332836877554655,0.11544855684041977
1851,0.05452726036310196,1e-04,0.03463644,0.0014689513,0.0383269,0.06633061915636063,0.11267673969268799,0.013330389745533466,0.11545730382204056
1852,0.05446822568774223,1e-04,0.03462303,0.0014679956,0.038314432,0.06627469509840012,0.11268619447946548,0.013332424685359001,0.11546611785888672
1853,0.05440931022167206,1e-04,0.03460965,0.0014670417,0.03830198,0.06621889024972916,0.11269569396972656,0.01333447266370058,0.11547498404979706
1854,0.05435050651431084,1e-04,0.034596257,0.0014660867,0.038289513,0.06616322696208954,0.11270525306463242,0.013336531817913055,0.11548390239477158
1855,0.05429182946681976,1e-04,0.03458286,0.0014651333,0.03827706,0.06610768288373947,0.11271486431360245,0.01333860494196415,0.11549288034439087
1856,0.054233256727457047,1e-04,0.034569524,0.0014641832,0.038264647,0.06605225056409836,0.11272446811199188,0.013340677134692669,0.11550185084342957
1857,0.05417480692267418,1e-04,0.034556165,0.0014632327,0.038252223,0.06599695235490799,0.11273416131734848,0.01334276795387268,0.11551090329885483
1858,0.054116468876600266,1e-04,0.034542836,0.0014622839,0.03823982,0.06594178825616837,0.11274392902851105,0.013344874605536461,0.11552001535892487
1859,0.054058246314525604,1e-04,0.034529503,0.0014613353,0.038227417,0.06588674336671829,0.11275371164083481,0.013346987776458263,0.11552916467189789
1860,0.054000139236450195,1e-04,0.034516197,0.0014603897,0.038215045,0.06583181023597717,0.11276352405548096,0.013349106535315514,0.1155383363366127
1861,0.05394215136766434,1e-04,0.034502897,0.0014594442,0.038202673,0.0657769963145256,0.1127733588218689,0.013351233676075935,0.1155475378036499
1862,0.05388426408171654,1e-04,0.034489624,0.0014585003,0.038190316,0.06572232395410538,0.11278329789638519,0.013353382237255573,0.11555683612823486
1863,0.05382649973034859,1e-04,0.034476344,0.0014575566,0.03817796,0.0656677782535553,0.11279324442148209,0.013355533592402935,0.11556614190340042
1864,0.05376885458827019,1e-04,0.034463074,0.0014566144,0.038165618,0.06561332941055298,0.11280325800180435,0.013357697054743767,0.11557550728321075
1865,0.053711310029029846,1e-04,0.034449827,0.001455674,0.038153294,0.0655590146780014,0.11281327158212662,0.013359865173697472,0.11558488011360168
1866,0.05365388095378876,1e-04,0.034436595,0.0014547341,0.03814098,0.06550481915473938,0.11282335221767426,0.01336204819381237,0.11559432744979858
1867,0.05359656736254692,1e-04,0.034423355,0.0014537951,0.038128667,0.0654507577419281,0.11283353716135025,0.013364252634346485,0.11560386419296265
1868,0.05353936553001404,1e-04,0.034410153,0.0014528582,0.038116377,0.06539681553840637,0.11284370720386505,0.01336645521223545,0.11561338603496552
1869,0.05348227545619011,1e-04,0.034396946,0.0014519223,0.0381041,0.065342977643013,0.11285389959812164,0.013368664309382439,0.11562293767929077
1870,0.053425297141075134,1e-04,0.034383755,0.0014509874,0.038091827,0.06528928130865097,0.11286421865224838,0.013370901346206665,0.11563261598348618
1871,0.05336843058466911,1e-04,0.034370564,0.001450052,0.03807955,0.0652356892824173,0.11287449300289154,0.013373130932450294,0.1156422570347786
1872,0.053311675786972046,1e-04,0.034357402,0.0014491195,0.038067304,0.06518221646547318,0.11288483440876007,0.01337537169456482,0.1156519427895546
1873,0.05325503274798393,1e-04,0.03434424,0.0014481875,0.03805506,0.0651288703083992,0.11289523541927338,0.013377629220485687,0.11566170305013657
1874,0.053198497742414474,1e-04,0.0343311,0.0014472567,0.03804283,0.06507565826177597,0.11290572583675385,0.013379907235503197,0.1156715452671051
1875,0.05314208194613457,1e-04,0.034317974,0.0014463273,0.03803061,0.0650225505232811,0.11291623115539551,0.013382187113165855,0.11568140238523483
1876,0.05308576300740242,1e-04,0.034304854,0.0014453989,0.0380184,0.06496955454349518,0.11292673647403717,0.013384466990828514,0.11569125950336456
1877,0.05302955582737923,1e-04,0.03429174,0.0014444714,0.0380062,0.06491669267416,0.11293734610080719,0.013386773876845837,0.11570122838020325
1878,0.052973467856645584,1e-04,0.034278657,0.001443547,0.03799404,0.06486394256353378,0.11294792592525482,0.013389073312282562,0.11571116000413895
1879,0.0529174841940403,1e-04,0.03426555,0.0014426198,0.037981834,0.06481131166219711,0.1129586324095726,0.013391400687396526,0.1157212182879448
1880,0.05286160111427307,1e-04,0.034252476,0.0014416961,0.037969675,0.06475880742073059,0.11296939849853516,0.01339374203234911,0.11573133617639542
1881,0.05280584096908569,1e-04,0.03423942,0.0014407733,0.03795752,0.06470640003681183,0.11298010498285294,0.013396069407463074,0.11574138700962067
1882,0.052750181406736374,1e-04,0.034226365,0.0014398515,0.037945375,0.06465412676334381,0.11299091577529907,0.013398423790931702,0.11575155705213547
1883,0.05269463360309601,1e-04,0.034213334,0.0014389312,0.037933245,0.06460197269916534,0.11300180107355118,0.013400793075561523,0.11576179414987564
1884,0.052639190107584,1e-04,0.03420029,0.0014380112,0.03792112,0.06454993784427643,0.11301273107528687,0.013403172604739666,0.1157720685005188
1885,0.052583854645490646,1e-04,0.03418728,0.0014370928,0.037909005,0.06449799239635468,0.11302362382411957,0.013405543752014637,0.11578231304883957
1886,0.05252863094210625,1e-04,0.03417428,0.0014361759,0.037896913,0.06444618850946426,0.11303462088108063,0.013407940044999123,0.1157926619052887
1887,0.052473507821559906,1e-04,0.034161285,0.0014352592,0.037884817,0.06439448148012161,0.1130455955862999,0.01341033261269331,0.11580298840999603
1888,0.05241849273443222,1e-04,0.03414829,0.001434343,0.03787272,0.0643429234623909,0.1130567342042923,0.013412758708000183,0.11581346392631531
1889,0.05236359313130379,1e-04,0.03413532,0.0014334294,0.037860658,0.06429143995046616,0.11306782066822052,0.01341517549008131,0.1158239021897316
1890,0.05230877920985222,1e-04,0.03412236,0.0014325163,0.037848596,0.06424009054899216,0.11307896673679352,0.013417607173323631,0.11583439260721207
1891,0.0522540882229805,1e-04,0.034109414,0.0014316041,0.037836544,0.06418886035680771,0.11309017241001129,0.013420050963759422,0.11584494262933731
1892,0.05219950154423714,1e-04,0.034096472,0.0014306926,0.037824497,0.06413774937391281,0.11310144513845444,0.01342251431196928,0.11585557460784912
1893,0.05214501917362213,1e-04,0.03408355,0.0014297826,0.037812468,0.06408673524856567,0.1131126880645752,0.013424967415630817,0.11586616188287735
1894,0.05209064111113548,1e-04,0.034070626,0.001428874,0.03780045,0.06403584778308868,0.1131240576505661,0.013427448458969593,0.11587686836719513
1895,0.05203637108206749,1e-04,0.03405772,0.001427966,0.03778844,0.06398507952690125,0.11313547194004059,0.013429942540824413,0.11588762700557709
1896,0.05198219418525696,1e-04,0.034044832,0.0014270595,0.03777644,0.06393442302942276,0.11314691603183746,0.013432443141937256,0.11589841544628143
1897,0.05192812904715538,1e-04,0.034031942,0.0014261537,0.03776445,0.06388386338949203,0.11315836012363434,0.013434943743050098,0.11590920388698578
1898,0.05187417194247246,1e-04,0.03401906,0.0014252482,0.03775246,0.06383343040943146,0.11316986382007599,0.01343746017664671,0.1159200593829155
1899,0.05182031914591789,1e-04,0.03400621,0.0014243453,0.0377405,0.06378310173749924,0.11318141222000122,0.013439983129501343,0.1159309446811676
1900,0.05176656320691109,1e-04,0.03399336,0.0014234429,0.03772854,0.06373290717601776,0.11319302022457123,0.013442525640130043,0.11594190448522568
1901,0.051712919026613235,1e-04,0.03398053,0.0014225419,0.0377166,0.06368278712034225,0.11320463567972183,0.013445064425468445,0.11595285683870316
1902,0.05165936425328255,1e-04,0.033967696,0.001421641,0.037704654,0.0636327937245369,0.11321629583835602,0.013447615318000317,0.11596385389566422
1903,0.05160592123866081,1e-04,0.033954866,0.0014207413,0.037692722,0.06358291953802109,0.11322800070047379,0.013450177386403084,0.11597490310668945
1904,0.051552578806877136,1e-04,0.033942066,0.0014198425,0.037680797,0.06353315711021423,0.11323978006839752,0.013452756218612194,0.11598601937294006
1905,0.05149934068322182,1e-04,0.033929262,0.0014189444,0.03766888,0.06348349899053574,0.11325161159038544,0.013455349020659924,0.11599719524383545
1906,0.051446203142404556,1e-04,0.03391649,0.0014180491,0.037656993,0.0634339451789856,0.11326340585947037,0.013457931578159332,0.11600832641124725
1907,0.051393166184425354,1e-04,0.033903714,0.0014171534,0.037645098,0.0633845254778862,0.11327533423900604,0.013460548594594002,0.116019606590271
1908,0.05134023353457451,1e-04,0.033890937,0.001416258,0.037633203,0.06333520263433456,0.11328727006912231,0.013463163748383522,0.11603087186813354
1909,0.05128740146756172,1e-04,0.033878185,0.0014153653,0.03762134,0.06328598409891129,0.11329926550388336,0.013465790078043938,0.11604218930006027
1910,0.051234666258096695,1e-04,0.033865437,0.0014144728,0.037609477,0.06323689967393875,0.11331133544445038,0.013468439690768719,0.11605360358953476
1911,0.05118204280734062,1e-04,0.033852693,0.0014135807,0.037597615,0.06318790465593338,0.11332337558269501,0.013471081852912903,0.11606498807668686
1912,0.05112950876355171,1e-04,0.033839986,0.0014126913,0.037585787,0.06313901394605637,0.11333546787500381,0.013473731465637684,0.11607640236616135
1913,0.05107708275318146,1e-04,0.033827256,0.0014118012,0.037573945,0.0630902349948883,0.11334763467311859,0.013476403430104256,0.1160879135131836
1914,0.051024749875068665,1e-04,0.033814576,0.0014109139,0.037562132,0.0630415678024292,0.11335980892181396,0.013479074463248253,0.11609941720962524
1915,0.05097252130508423,1e-04,0.033801876,0.0014100259,0.03755031,0.06299301236867905,0.11337205022573471,0.013481763191521168,0.11611099541187286
1916,0.05092038959264755,1e-04,0.033789203,0.0014091402,0.037538517,0.06294456869363785,0.11338436603546143,0.013484468683600426,0.11612264811992645
1917,0.050868358463048935,1e-04,0.033776537,0.0014082553,0.037526727,0.06289621442556381,0.11339662224054337,0.013487158343195915,0.11613422632217407
1918,0.050816427916288376,1e-04,0.033763852,0.0014073695,0.037514925,0.06284797191619873,0.11340894550085068,0.013489867560565472,0.11614588648080826
1919,0.05076459050178528,1e-04,0.033751216,0.0014064872,0.037503164,0.0627998560667038,0.11342141777276993,0.01349260937422514,0.11615768820047379
1920,0.05071285367012024,1e-04,0.033738576,0.0014056043,0.03749139,0.06275183707475662,0.1134338229894638,0.013495336286723614,0.11616943031549454
1921,0.050661224871873856,1e-04,0.03372596,0.0014047236,0.037479643,0.06270391494035721,0.11344631761312485,0.013498084619641304,0.11618125438690186
1922,0.05060967430472374,1e-04,0.033713333,0.0014038432,0.037467897,0.06265610456466675,0.11345882713794708,0.013500833883881569,0.11619308590888977
1923,0.05055823549628258,1e-04,0.033700716,0.0014029631,0.037456147,0.06260839104652405,0.11347134411334991,0.013503588736057281,0.11620493978261948
1924,0.05050688236951828,1e-04,0.033688128,0.0014020851,0.037444428,0.0625607892870903,0.11348390579223633,0.013506351038813591,0.11621683090925217
1925,0.050455644726753235,1e-04,0.033675544,0.0014012073,0.037432704,0.06251329928636551,0.1134965568780899,0.013509136624634266,0.11622881144285202
1926,0.05040449649095535,1e-04,0.033662956,0.001400331,0.037420996,0.062465913593769073,0.11350922286510468,0.013511927798390388,0.11624082177877426
1927,0.05035344138741493,1e-04,0.033650402,0.0013994564,0.03740931,0.06241863593459129,0.113522008061409,0.013514739461243153,0.11625291407108307
1928,0.05030247941613197,1e-04,0.03363783,0.001398581,0.03739761,0.06237146258354187,0.11353473365306854,0.013517545536160469,0.11626497656106949
1929,0.05025162547826767,1e-04,0.03362529,0.0013977074,0.037385926,0.06232438609004021,0.11354754865169525,0.013520367443561554,0.11627711355686188
1930,0.05020085349678993,1e-04,0.03361274,0.0013968336,0.037374236,0.062277428805828094,0.11356045305728912,0.013523210771381855,0.11628933995962143
1931,0.05015018209815025,1e-04,0.03360022,0.001395963,0.037362587,0.06223055720329285,0.11357326805591583,0.013526035472750664,0.11630148440599442
1932,0.05009961128234863,1e-04,0.03358771,0.0013950926,0.037350938,0.06218380108475685,0.11358624696731567,0.013528896495699883,0.11631378531455994
1933,0.050049129873514175,1e-04,0.033575192,0.0013942224,0.03733929,0.06213716045022011,0.1135992556810379,0.013531764969229698,0.11632611602544785
1934,0.049998749047517776,1e-04,0.033562697,0.0013933535,0.03732765,0.06209059804677963,0.11361223459243774,0.013534629717469215,0.11633842438459396
1935,0.04994845390319824,1e-04,0.0335502,0.0013924855,0.03731602,0.06204414367675781,0.11362526565790176,0.01353750191628933,0.11635076999664307
1936,0.049898263067007065,1e-04,0.033537727,0.0013916192,0.037304413,0.06199781224131584,0.11363838613033295,0.013540400192141533,0.11636322736740112
1937,0.04984816908836365,1e-04,0.03352527,0.001390754,0.037292816,0.06195155903697014,0.11365145444869995,0.013543283566832542,0.11637561768293381
1938,0.049798157066106796,1e-04,0.033512805,0.0013898888,0.03728121,0.06190541014075279,0.11366461217403412,0.013546188361942768,0.11638809740543365
1939,0.049748245626688004,1e-04,0.03350034,0.001389023,0.0372696,0.061859361827373505,0.11367778480052948,0.013549096882343292,0.1164005845785141
1940,0.049698423594236374,1e-04,0.033487916,0.0013881605,0.037258025,0.06181342899799347,0.1136910691857338,0.013552029617130756,0.1164131835103035
1941,0.049648698419332504,1e-04,0.03347548,0.001387298,0.03724645,0.061767593026161194,0.11370434612035751,0.013554963283240795,0.1164257824420929
1942,0.049599066376686096,1e-04,0.03346307,0.0013864368,0.037234887,0.06172184273600578,0.11371763050556183,0.01355789601802826,0.1164383813738823
1943,0.04954952374100685,1e-04,0.033450667,0.0013855776,0.037223347,0.06167621165513992,0.11373096704483032,0.013560844585299492,0.11645103991031647
1944,0.04950008541345596,1e-04,0.03343827,0.0013847176,0.037211794,0.06163068115711212,0.11374440044164658,0.01356381457298994,0.1164637878537178
1945,0.04945072531700134,1e-04,0.033425875,0.0013838597,0.037200265,0.06158524006605148,0.11375781148672104,0.013566779904067516,0.11647652089595795
1946,0.04940146207809448,1e-04,0.033413496,0.0013830018,0.03718873,0.0615399144589901,0.11377130448818207,0.013569764792919159,0.11648933589458466
1947,0.04935229569673538,1e-04,0.033401128,0.0013821452,0.037177213,0.061494674533605576,0.11378481239080429,0.013572752475738525,0.11650215834379196
1948,0.04930321127176285,1e-04,0.03338876,0.0013812891,0.037165698,0.0614495612680912,0.11379843950271606,0.013575765304267406,0.11651508510112762
1949,0.04925422742962837,1e-04,0.033376418,0.0013804351,0.037154205,0.0614045113325119,0.11381199210882187,0.013578766956925392,0.1165279671549797
1950,0.04920532554388046,1e-04,0.033364076,0.0013795809,0.03714271,0.06135958060622215,0.11382564157247543,0.013581788167357445,0.11654093116521835
1951,0.04915652051568031,1e-04,0.033351745,0.0013787281,0.037131228,0.06131473928689957,0.113839291036129,0.013584809377789497,0.1165538877248764
1952,0.049107808619737625,1e-04,0.033339415,0.0013778761,0.037119754,0.06126999109983444,0.11385297775268555,0.013587838038802147,0.11656688153743744
1953,0.0490591824054718,1e-04,0.033327106,0.0013770257,0.0371083,0.061225373297929764,0.11386678367853165,0.013590899296104908,0.11658000946044922
1954,0.04901064932346344,1e-04,0.033314805,0.0013761752,0.037096836,0.06118081510066986,0.11388047784566879,0.01359393261373043,0.11659301817417145
1955,0.04896220564842224,1e-04,0.033302516,0.0013753258,0.037085384,0.06113637238740921,0.11389430612325668,0.013596996665000916,0.11660616099834442
1956,0.048913851380348206,1e-04,0.03329023,0.0013744768,0.037073936,0.06109201908111572,0.11390815675258636,0.013600066304206848,0.11661931872367859
1957,0.04886558651924133,1e-04,0.033277962,0.0013736306,0.037062522,0.061047762632369995,0.11392204463481903,0.013603145256638527,0.11663252115249634
1958,0.04881740361452103,1e-04,0.03326569,0.0013727831,0.03705109,0.06100361421704292,0.11393596976995468,0.013606230728328228,0.11664574593305588
1959,0.04876932129263878,1e-04,0.03325343,0.0013719371,0.03703967,0.06095957010984421,0.1139499768614769,0.013609339483082294,0.11665907502174377
1960,0.048721324652433395,1e-04,0.033241186,0.0013710931,0.037028275,0.06091560050845146,0.11396396160125732,0.01361243985593319,0.11667235940694809
1961,0.04867340996861458,1e-04,0.033228956,0.0013702493,0.03701688,0.06087174639105797,0.11397801339626312,0.013615558855235577,0.11668572574853897
1962,0.04862559214234352,1e-04,0.033216722,0.0013694062,0.037005488,0.06082798168063164,0.1139921322464943,0.013618689961731434,0.11669914424419403
1963,0.04857785627245903,1e-04,0.033204492,0.0013685637,0.036994103,0.06078433245420456,0.11400630325078964,0.01362183503806591,0.11671261489391327
1964,0.0485302209854126,1e-04,0.03319229,0.0013677229,0.036982737,0.06074076145887375,0.11402048170566559,0.013624983839690685,0.1167261078953743
1965,0.048482660204172134,1e-04,0.03318009,0.0013668827,0.036971375,0.060697272419929504,0.11403461545705795,0.01362812053412199,0.11673954129219055
1966,0.04843519255518913,1e-04,0.033167895,0.001366043,0.03696002,0.06065388768911362,0.11404887586832047,0.013631288893520832,0.11675310879945755
1967,0.0483878031373024,1e-04,0.033155724,0.0013652052,0.036948685,0.06061061471700668,0.11406315863132477,0.013634463772177696,0.11676670610904694
1968,0.04834051802754402,1e-04,0.033143546,0.0013643672,0.03693734,0.06056739762425423,0.11407738924026489,0.013637624680995941,0.11678024381399155
1969,0.048293303698301315,1e-04,0.033131376,0.0013635297,0.036926,0.06052430719137192,0.11409176886081696,0.013640818186104298,0.1167939156293869
1970,0.04824618250131607,1e-04,0.033119235,0.0013626943,0.03691469,0.06048128381371498,0.11410607397556305,0.013643997721374035,0.11680752784013748
1971,0.04819914326071739,1e-04,0.033107094,0.0013618598,0.036903385,0.06043839082121849,0.11412052810192108,0.013647213578224182,0.1168212890625
1972,0.04815220087766647,1e-04,0.033094965,0.0013610254,0.03689208,0.06039556860923767,0.11413495242595673,0.013650420121848583,0.11683501303195953
1973,0.04810533672571182,1e-04,0.03308282,0.0013601909,0.036880765,0.06035283952951431,0.11414943635463715,0.013653641566634178,0.11684879660606384
1974,0.04805855453014374,1e-04,0.033070706,0.0013593592,0.03686949,0.06031021103262901,0.11416397988796234,0.013656878843903542,0.11686264723539352
1975,0.048011861741542816,1e-04,0.033058602,0.0013585278,0.036858212,0.06026767939329147,0.11417855322360992,0.013660119846463203,0.1168765127658844
1976,0.04796525835990906,1e-04,0.0330465,0.0013576974,0.036846947,0.0602252371609211,0.1141931563615799,0.013663368299603462,0.11689040809869766
1977,0.04791873320937157,1e-04,0.033034403,0.0013568674,0.03683568,0.06018289178609848,0.11420784145593643,0.013666635379195213,0.11690438538789749
1978,0.04787229746580124,1e-04,0.03302232,0.0013560384,0.036824428,0.060140639543533325,0.11422248929738998,0.013669898733496666,0.11691834032535553
1979,0.047825951129198074,1e-04,0.033010248,0.0013552109,0.03681319,0.060098472982645035,0.1142372116446495,0.013673178851604462,0.11693236976861954
1980,0.04777967929840088,1e-04,0.032998197,0.0013543844,0.03680196,0.06005638837814331,0.11425189673900604,0.013676449656486511,0.11694635450839996
1981,0.04773349687457085,1e-04,0.032986134,0.0013535575,0.036790725,0.06001440808176994,0.11426667124032974,0.013679740019142628,0.11696042120456696
1982,0.04768740013241768,1e-04,0.03297408,0.0013527311,0.036779493,0.05997251719236374,0.11428151279687881,0.013683048076927662,0.11697456240653992
1983,0.04764138162136078,1e-04,0.03296204,0.001351906,0.036768273,0.0599307045340538,0.11429625749588013,0.013686331920325756,0.11698859930038452
1984,0.04759544879198074,1e-04,0.032950006,0.001351082,0.036757067,0.05988897383213043,0.114311084151268,0.013689635321497917,0.11700271815061569
1985,0.047549597918987274,1e-04,0.03293802,0.0013502606,0.03674589,0.059847354888916016,0.11432600021362305,0.013692964799702168,0.11701694130897522
1986,0.04750382900238037,1e-04,0.032926,0.001349438,0.036734696,0.05980581417679787,0.1143408864736557,0.013696283102035522,0.11703111976385117
1987,0.04745814576745033,1e-04,0.032913998,0.0013486166,0.036723513,0.05976435914635658,0.11435581743717194,0.013699611648917198,0.1170453429222107
1988,0.04741254076361656,1e-04,0.032902006,0.001347796,0.03671234,0.05972301587462425,0.11437083780765533,0.01370296347886324,0.11705965548753738
1989,0.04736702889204025,1e-04,0.032890018,0.001346976,0.036701173,0.059681765735149384,0.1143859252333641,0.0137063292786479,0.11707403510808945
1990,0.04732159525156021,1e-04,0.032878056,0.001346158,0.036690027,0.05964060127735138,0.11440100520849228,0.01370969694107771,0.11708841472864151
1991,0.047276243567466736,1e-04,0.032866072,0.0013453389,0.03667886,0.059599511325359344,0.11441613733768463,0.013713071122765541,0.11710282415151596
1992,0.04723096638917923,1e-04,0.032854114,0.0013445225,0.03666773,0.05955853313207626,0.11443132162094116,0.013716463930904865,0.11711730808019638
1993,0.04718577861785889,1e-04,0.032842163,0.0013437064,0.0366566,0.05951763316988945,0.1144464984536171,0.013719853945076466,0.1171317771077156
1994,0.04714067280292511,1e-04,0.032830223,0.0013428912,0.03664548,0.059476807713508606,0.11446168273687363,0.01372324489057064,0.11714625358581543
1995,0.047095637768507004,1e-04,0.03281829,0.0013420767,0.036634363,0.05943609029054642,0.11447696387767792,0.013726657256484032,0.11716081947088242
1996,0.04705069214105606,1e-04,0.032806363,0.0013412624,0.03662325,0.05939546227455139,0.1144922748208046,0.013730078935623169,0.11717542260885239
1997,0.04700583219528198,1e-04,0.03279444,0.0013404491,0.036612146,0.05935489013791084,0.1145075336098671,0.013733488507568836,0.11718996614217758
1998,0.046961039304733276,1e-04,0.03278253,0.0013396366,0.036601048,0.05931442230939865,0.11452285200357437,0.013736912980675697,0.11720457673072815
1999,0.04691633582115173,1e-04,0.03277064,0.0013388258,0.03658997,0.05927404388785362,0.11453821510076523,0.01374034769833088,0.1172192320227623
2000,0.04687171056866646,1e-04,0.032758765,0.0013380158,0.036578897,0.05923374742269516,0.11455359309911728,0.013743785209953785,0.11723389476537704
2001,0.04682716727256775,1e-04,0.032746866,0.0013372046,0.036567807,0.05919354036450386,0.1145690456032753,0.013747242279350758,0.11724863201379776
2002,0.04678269848227501,1e-04,0.032735016,0.0013363977,0.036556773,0.059153418987989426,0.11458449065685272,0.013750697486102581,0.11726336926221848
2003,0.04673830792307854,1e-04,0.032723144,0.001335589,0.036545713,0.059113405644893646,0.1146000474691391,0.013754179701209068,0.11727821826934814
2004,0.04669400304555893,1e-04,0.032711282,0.0013347808,0.036534652,0.059073448181152344,0.11461552232503891,0.01375764049589634,0.11729297041893005
2005,0.04664977639913559,1e-04,0.03269944,0.0013339749,0.03652362,0.059033602476119995,0.11463116109371185,0.013761143200099468,0.11730790138244629
2006,0.046605631709098816,1e-04,0.032687597,0.0013331689,0.036512587,0.058993831276893616,0.11464677006006241,0.013764636591076851,0.11732278764247894
2007,0.04656156152486801,1e-04,0.03267577,0.0013323652,0.03650158,0.0589541457593441,0.11466239392757416,0.013768136501312256,0.11733770370483398
2008,0.046517569571733475,1e-04,0.03266395,0.0013315614,0.036490567,0.05891454219818115,0.11467808485031128,0.013771647587418556,0.11735266447067261
2009,0.046473655849695206,1e-04,0.032652136,0.0013307582,0.03647956,0.05887502059340477,0.11469376087188721,0.013775160536170006,0.11736763268709183
2010,0.046429816633462906,1e-04,0.03264032,0.001329955,0.036468547,0.05883559584617615,0.11470948159694672,0.013778683729469776,0.11738263815641403
2011,0.04638606309890747,1e-04,0.032628532,0.0013291538,0.03645756,0.058796241879463196,0.11472521722316742,0.013782210648059845,0.11739765852689743
2012,0.046342384070158005,1e-04,0.03261675,0.0013283527,0.036446575,0.05875696986913681,0.11474098265171051,0.013785742223262787,0.11741270124912262
2013,0.04629877954721451,1e-04,0.032604966,0.0013275526,0.036435597,0.05871779844164848,0.11475684493780136,0.013789298944175243,0.11742784827947617
2014,0.04625525325536728,1e-04,0.032593194,0.0013267539,0.036424633,0.058678701519966125,0.11477266252040863,0.013792844489216805,0.11744294315576553
2015,0.046211808919906616,1e-04,0.032581445,0.0013259555,0.036413673,0.05863969027996063,0.11478855460882187,0.013796406798064709,0.11745810508728027
2016,0.04616843909025192,1e-04,0.03256967,0.001325157,0.036402706,0.0586007758975029,0.11480452865362167,0.013799992389976978,0.11747337132692337
2017,0.0461251437664032,1e-04,0.032557923,0.0013243606,0.036391765,0.05856192857027054,0.1148204430937767,0.01380356214940548,0.1174885630607605
2018,0.04608193039894104,1e-04,0.03254619,0.001323565,0.036380835,0.05852317437529564,0.11483647674322128,0.013807159848511219,0.11750387400388718
2019,0.046038784086704254,1e-04,0.032534458,0.0013227694,0.036369897,0.058484505861997604,0.11485251039266586,0.013810758478939533,0.11751918494701385
2020,0.04599572345614433,1e-04,0.032522745,0.0013219756,0.036358982,0.05844590812921524,0.11486853659152985,0.013814355246722698,0.11753448843955994
2021,0.04595273360610008,1e-04,0.03251102,0.0013211817,0.036348063,0.05840739607810974,0.1148846372961998,0.013817970640957355,0.11754986643791199
2022,0.0459098145365715,1e-04,0.032499313,0.0013203882,0.036337145,0.058368973433971405,0.11490072309970856,0.013821582309901714,0.11756522208452225
2023,0.045866984874010086,1e-04,0.032487616,0.0013195965,0.036326252,0.05833062157034874,0.1149168461561203,0.013825205154716969,0.11758062988519669
2024,0.04582422226667404,1e-04,0.032475933,0.0013188054,0.03631536,0.05829234793782234,0.11493299156427383,0.013828831724822521,0.11759605258703232
2025,0.04578153043985367,1e-04,0.03246425,0.0013180152,0.036304478,0.05825416371226311,0.11494918167591095,0.01383246947079897,0.11761151999235153
2026,0.04573892056941986,1e-04,0.032452576,0.0013172247,0.03629359,0.05821605399250984,0.11496537923812866,0.013836108148097992,0.11762698739767075
2027,0.045696381479501724,1e-04,0.032440927,0.0013164369,0.036282737,0.05817802995443344,0.11498162895441055,0.013839760795235634,0.11764251440763474
2028,0.04565391689538956,1e-04,0.03242925,0.001315647,0.036271848,0.058140095323324203,0.11499793827533722,0.013843427412211895,0.1176580935716629
2029,0.04561152681708336,1e-04,0.0324176,0.0013148591,0.036260985,0.058102235198020935,0.11501423269510269,0.013847092166543007,0.11767366528511047
2030,0.04556921869516373,1e-04,0.03240597,0.0013140736,0.03625015,0.05806446447968483,0.11503060907125473,0.013850776478648186,0.11768931895494461
2031,0.04552697390317917,1e-04,0.032394335,0.0013132879,0.036239315,0.058026764541864395,0.11504699289798737,0.013854458928108215,0.11770496517419815
2032,0.04548480734229088,1e-04,0.032382697,0.0013125022,0.03622847,0.057989150285720825,0.11506342887878418,0.013858160004019737,0.11772068589925766
2033,0.04544270783662796,1e-04,0.032371085,0.001311718,0.03621765,0.057951610535383224,0.1150798574090004,0.013861855491995811,0.11773638427257538
2034,0.04540069028735161,1e-04,0.03235947,0.0013109341,0.036206823,0.05791414529085159,0.11509627103805542,0.013865548186004162,0.1177520602941513
2035,0.045358747243881226,1e-04,0.032347877,0.0013101511,0.03619601,0.05787678062915802,0.11511282622814178,0.013869278132915497,0.11776790022850037
2036,0.045316874980926514,1e-04,0.03233627,0.0013093689,0.0361852,0.05783947557210922,0.11512935161590576,0.013872998766601086,0.11778369545936584
2037,0.04527506232261658,1e-04,0.032324675,0.0013085869,0.036174394,0.05780225619673729,0.11514590680599213,0.013876725919544697,0.11779951304197311
2038,0.045233339071273804,1e-04,0.032313112,0.0013078079,0.036163628,0.057765111327171326,0.1151624545454979,0.013880452141165733,0.11781533062458038
2039,0.0451916828751564,1e-04,0.03230153,0.001307027,0.03615283,0.05772804096341133,0.11517903953790665,0.013884189538657665,0.11783119291067123
2040,0.04515009745955467,1e-04,0.032289978,0.001306248,0.036142055,0.057691045105457306,0.11519559472799301,0.01388792134821415,0.1178470253944397
2041,0.04510859400033951,1e-04,0.032278433,0.0013054702,0.036131293,0.05765412747859955,0.11521224677562714,0.013891671784222126,0.11786293983459473
2042,0.04506715387105942,1e-04,0.032266892,0.0013046928,0.03612053,0.057617299258708954,0.11522891372442245,0.013895431533455849,0.11787888407707214
2043,0.045025784522295,1e-04,0.032255355,0.0013039163,0.036109783,0.05758053436875343,0.11524560302495956,0.013899192214012146,0.11789483577013016
2044,0.04498448222875595,1e-04,0.032243825,0.0013031403,0.036099035,0.057543884962797165,0.11526242643594742,0.01390298642218113,0.11791092902421951
2045,0.04494326189160347,1e-04,0.03223229,0.0013023642,0.036088284,0.057507291436195374,0.11527922004461288,0.013906776905059814,0.11792699992656708
2046,0.04490210488438606,1e-04,0.032220777,0.0013015899,0.036077555,0.05747077241539955,0.11529602110385895,0.013910564593970776,0.11794305592775345
2047,0.044861022382974625,1e-04,0.032209262,0.0013008156,0.036066823,0.0574343279004097,0.11531282961368561,0.013914356008172035,0.11795912683010101
2048,0.04482001066207886,1e-04,0.032197766,0.0013000431,0.03605611,0.05739796161651611,0.11532972007989883,0.013918166980147362,0.11797527968883514
2049,0.04477906599640846,1e-04,0.032186266,0.0012992702,0.03604539,0.057361673563718796,0.11534661054611206,0.013921981677412987,0.11799144744873047
2050,0.04473819211125374,1e-04,0.032174796,0.0012984992,0.036034696,0.057325467467308044,0.11536353826522827,0.013925803825259209,0.11800764501094818
2051,0.04469739645719528,1e-04,0.032163315,0.0012977284,0.036023997,0.05728932470083237,0.11538045108318329,0.013929622247815132,0.1180238202214241
2052,0.0446566641330719,1e-04,0.032151844,0.0012969582,0.036013305,0.05725327879190445,0.11539747565984726,0.01393346767872572,0.11804010719060898
2053,0.04461599886417389,1e-04,0.032140374,0.0012961887,0.03600262,0.05721729248762131,0.11541445553302765,0.013937301933765411,0.11805634945631027
2054,0.04457541182637215,1e-04,0.032128926,0.0012954199,0.03599194,0.05718136578798294,0.11543139070272446,0.013941128738224506,0.11807255446910858
2055,0.044534891843795776,1e-04,0.03211748,0.0012946525,0.03598128,0.057145532220602036,0.11544845253229141,0.01394498348236084,0.11808887869119644
2056,0.04449443146586418,1e-04,0.03210603,0.0012938841,0.035970602,0.0571097768843174,0.11546552181243896,0.013948842883110046,0.1181052178144455
2057,0.044454049319028854,1e-04,0.032094613,0.001293118,0.03595995,0.05707407370209694,0.11548256874084473,0.013952692970633507,0.11812151968479156
2058,0.0444137342274189,1e-04,0.03208319,0.0012923524,0.035949305,0.05703847482800484,0.11549969762563705,0.013956567272543907,0.1181379184126854
2059,0.044373493641614914,1e-04,0.032071788,0.0012915884,0.035938676,0.05700292810797691,0.11551681905984879,0.013960438780486584,0.11815430223941803
2060,0.044333312660455704,1e-04,0.032060362,0.0012908231,0.035928026,0.05696745589375496,0.11553396284580231,0.013964317739009857,0.11817071586847305
2061,0.044293198734521866,1e-04,0.03204897,0.0012900599,0.035917405,0.05693208426237106,0.11555121093988419,0.013968219049274921,0.11818721890449524
2062,0.044253163039684296,1e-04,0.03203757,0.0012892964,0.035906773,0.05689677596092224,0.11556847393512726,0.013972127810120583,0.11820375919342041
2063,0.044213179498910904,1e-04,0.032026187,0.0012885348,0.035896167,0.05686153471469879,0.11558572947978973,0.013976030051708221,0.1182202622294426
2064,0.04417327791452408,1e-04,0.0320148,0.0012877734,0.035885558,0.056826379150152206,0.1156030148267746,0.013979943469166756,0.11823680996894836
2065,0.04413345083594322,1e-04,0.032003436,0.0012870132,0.035874967,0.0567912757396698,0.11562030017375946,0.013983857817947865,0.11825336515903473
2066,0.044093672186136246,1e-04,0.031992063,0.0012862525,0.035864364,0.05675628036260605,0.11563770473003387,0.013987799175083637,0.11827002465724945
2067,0.04405397176742554,1e-04,0.031980716,0.001285494,0.035853785,0.056721337139606476,0.1156550794839859,0.013991734012961388,0.11828666180372238
2068,0.0440143346786499,1e-04,0.031969354,0.0012847342,0.03584319,0.05668645724654198,0.11567243188619614,0.013995664194226265,0.11830326914787292
2069,0.04397476837038994,1e-04,0.031958014,0.001283977,0.035832625,0.05665164068341255,0.11568979918956757,0.013999599032104015,0.11831989884376526
2070,0.04393526166677475,1e-04,0.03194668,0.0012832198,0.035822056,0.05661691725254059,0.11570724099874496,0.014003549702465534,0.11833659559488297
2071,0.04389583319425583,1e-04,0.031935353,0.0012824633,0.0358115,0.0565822571516037,0.11572466790676117,0.014007499441504478,0.11835328489542007
2072,0.04385646432638168,1e-04,0.03192405,0.0012817087,0.03580096,0.05654766783118248,0.11574213206768036,0.014011460356414318,0.11837001144886017
2073,0.04381715878844261,1e-04,0.03191273,0.0012809528,0.035790402,0.05651315301656723,0.11575962603092194,0.014015426859259605,0.11838676780462265
2074,0.04377792775630951,1e-04,0.031901423,0.0012801985,0.03577986,0.056478701531887054,0.11577709764242172,0.014019387774169445,0.11840349435806274
2075,0.04373876005411148,1e-04,0.03189014,0.0012794454,0.035769336,0.056444328278303146,0.11579463630914688,0.014023363590240479,0.11842028051614761
2076,0.043699655681848526,1e-04,0.031878844,0.0012786917,0.035758797,0.0564100444316864,0.11581230163574219,0.014027373865246773,0.11843721568584442
2077,0.04366061091423035,1e-04,0.031867564,0.0012779405,0.03574829,0.05637581646442413,0.11582988500595093,0.014031363651156425,0.11845405399799347
2078,0.04362164065241814,1e-04,0.031856276,0.0012771881,0.035737768,0.05634165555238724,0.11584751307964325,0.014035364612936974,0.1184709444642067
2079,0.0435827299952507,1e-04,0.031845015,0.0012764382,0.035727277,0.0563075877726078,0.11586523056030273,0.014039385132491589,0.11848790943622589
2080,0.04354389011859894,1e-04,0.03183376,0.0012756884,0.03571678,0.05627356469631195,0.11588288843631744,0.014043395407497883,0.1185048297047615
2081,0.04350510984659195,1e-04,0.0318225,0.0012749388,0.035706285,0.056239619851112366,0.11590059101581573,0.014047414064407349,0.1185217872262001
2082,0.04346639662981033,1e-04,0.03181125,0.00127419,0.0356958,0.056205760687589645,0.1159183531999588,0.014051449485123158,0.11853881180286407
2083,0.04342775419354439,1e-04,0.031800017,0.0012734428,0.03568533,0.056171953678131104,0.11593611538410187,0.014055481180548668,0.11855581402778625
2084,0.04338916391134262,1e-04,0.03178878,0.0012726956,0.03567486,0.05613820627331734,0.11595384031534195,0.014059511013329029,0.11857280880212784
2085,0.043350644409656525,1e-04,0.03177756,0.0012719489,0.035664394,0.05610453709959984,0.1159716248512268,0.014063552021980286,0.118589848279953
2086,0.0433121882379055,1e-04,0.031766348,0.001271203,0.035653934,0.05607093125581741,0.11598942428827286,0.014067595824599266,0.11860689520835876
2087,0.043273795396089554,1e-04,0.03175514,0.0012704575,0.035643477,0.056037403643131256,0.1160072311758995,0.014071646146476269,0.11862397193908691
2088,0.04323546960949898,1e-04,0.03174394,0.0012697137,0.035633042,0.05600395053625107,0.11602510511875153,0.014075708575546741,0.11864109337329865
2089,0.043197210878133774,1e-04,0.03173273,0.0012689685,0.03562258,0.05597055330872536,0.11604298651218414,0.014079776592552662,0.11865823715925217
2090,0.04315900430083275,1e-04,0.031721555,0.0012682264,0.035612166,0.055937230587005615,0.11606087535619736,0.014083845540881157,0.11867538094520569
2091,0.043120868504047394,1e-04,0.031710368,0.0012674833,0.03560173,0.055903974920511246,0.11607879400253296,0.014087921008467674,0.118692547082901
2092,0.043082792311906815,1e-04,0.031699196,0.0012667419,0.03559132,0.05587080121040344,0.11609680950641632,0.014092018827795982,0.11870981007814407
2093,0.04304478317499161,1e-04,0.031688035,0.0012660016,0.03558092,0.055837683379650116,0.1161147952079773,0.014096113853156567,0.11872705817222595
2094,0.04300682991743088,1e-04,0.031676866,0.0012652605,0.035570502,0.05580464005470276,0.11613283306360245,0.014100219123065472,0.11874434351921082
2095,0.04296893998980522,1e-04,0.03166572,0.0012645217,0.035560116,0.05577166751027107,0.1161508783698082,0.014104330912232399,0.11876165866851807
2096,0.04293111711740494,1e-04,0.031654563,0.0012637819,0.03554971,0.05573875084519386,0.11616893112659454,0.014108437113463879,0.11877894401550293
2097,0.04289335757493973,1e-04,0.03164343,0.0012630449,0.035539344,0.05570591241121292,0.11618701368570328,0.014112557284533978,0.11879628151655197
2098,0.04285566136240959,1e-04,0.03163229,0.001262306,0.035528947,0.055673129856586456,0.11620509624481201,0.014116677455604076,0.11881362646818161
2099,0.04281802102923393,1e-04,0.03162118,0.00126157,0.035518587,0.05564042180776596,0.11622320115566254,0.014120805077254772,0.11883099377155304
2100,0.042780447751283646,1e-04,0.03161005,0.0012608328,0.035508208,0.05560775846242905,0.11624129861593246,0.01412492711097002,0.11884833872318268
2101,0.04274292662739754,1e-04,0.03159894,0.0012600973,0.035497848,0.0555751770734787,0.11625943332910538,0.01412905752658844,0.1188657134771347
2102,0.0427054837346077,1e-04,0.03158785,0.001259363,0.035487507,0.05554266273975372,0.11627761274576187,0.014133202843368053,0.1188831478357315
2103,0.042668089270591736,1e-04,0.031576753,0.0012586283,0.035477154,0.05551021173596382,0.11629577726125717,0.014137344434857368,0.11890056729316711
2104,0.04263076186180115,1e-04,0.03156567,0.001257895,0.035466816,0.05547783523797989,0.11631403863430023,0.014141512103378773,0.11891809105873108
2105,0.04259348660707474,1e-04,0.031554576,0.001257162,0.03545648,0.05544551834464073,0.1163322702050209,0.014145667664706707,0.11893556267023087
2106,0.0425562784075737,1e-04,0.031543497,0.0012564294,0.03544615,0.05541328340768814,0.11635057628154755,0.014149846509099007,0.11895312368869781
2107,0.042519133538007736,1e-04,0.031532437,0.0012556984,0.035435833,0.05538110062479973,0.11636888980865479,0.014154024422168732,0.11897068470716476
2108,0.04248204454779625,1e-04,0.031521372,0.0012549681,0.03542553,0.055348996073007584,0.1163872480392456,0.014158211648464203,0.1189882829785347
2109,0.042445022612810135,1e-04,0.031510334,0.0012542383,0.03541523,0.05531693994998932,0.11640556901693344,0.01416239608079195,0.11900586634874344
2110,0.0424080528318882,1e-04,0.031499274,0.0012535078,0.035404913,0.05528496205806732,0.11642394214868546,0.014166590757668018,0.11902348697185516
2111,0.04237114638090134,1e-04,0.031488225,0.0012527793,0.035394624,0.05525302514433861,0.11644227802753448,0.01417077612131834,0.1190410703420639
2112,0.04233429953455925,1e-04,0.0314772,0.0012520506,0.035384327,0.05522117763757706,0.11646072566509247,0.014174990355968475,0.1190587654709816
2113,0.04229751229286194,1e-04,0.031466167,0.0012513229,0.03537404,0.055189382284879684,0.11647912114858627,0.01417919434607029,0.11907642334699631
2114,0.0422607846558094,1e-04,0.031455148,0.0012505966,0.035363775,0.055157653987407684,0.11649755388498306,0.014183404855430126,0.11909410357475281
2115,0.04222412034869194,1e-04,0.031444125,0.0012498697,0.035353497,0.05512598156929016,0.11651597172021866,0.014187614433467388,0.11911177635192871
2116,0.042187511920928955,1e-04,0.031433128,0.0012491444,0.035343237,0.055094361305236816,0.11653441190719604,0.014191828668117523,0.11912946403026581
2117,0.04215095937252045,1e-04,0.031422134,0.00124842,0.03533299,0.05506284534931183,0.11655296385288239,0.014196069911122322,0.11914726346731186
2118,0.04211447015404701,1e-04,0.031411145,0.0012476953,0.03532273,0.05503137409687042,0.11657147109508514,0.01420030277222395,0.11916502565145493
2119,0.04207804054021835,1e-04,0.031400148,0.0012469713,0.03531248,0.054999951273202896,0.1165899783372879,0.014204531908035278,0.1191827654838562
2120,0.04204166308045387,1e-04,0.03138918,0.0012462488,0.03530225,0.05496860668063164,0.11660853773355484,0.014208778738975525,0.11920057982206345
2121,0.042005352675914764,1e-04,0.031378195,0.0012455264,0.035292014,0.05493732541799545,0.11662714183330536,0.014213037677109241,0.11921844631433487
2122,0.041969090700149536,1e-04,0.031367216,0.0012448038,0.035281777,0.054906100034713745,0.11664573103189468,0.014217289164662361,0.11923627555370331
2123,0.04193289577960968,1e-04,0.03135627,0.0012440837,0.03527157,0.05487494543194771,0.1166643351316452,0.014221547171473503,0.11925412714481354
2124,0.0418967604637146,1e-04,0.031345323,0.0012433635,0.03526136,0.05484384298324585,0.11668296158313751,0.014225810766220093,0.11927200108766556
2125,0.0418606773018837,1e-04,0.031334374,0.0012426433,0.035251148,0.05481280758976936,0.1167016252875328,0.014230084605515003,0.11928991973400116
2126,0.04182465001940727,1e-04,0.031323437,0.0012419244,0.03524095,0.05478183925151825,0.11672031879425049,0.01423436589539051,0.11930786073207855
2127,0.04178868234157562,1e-04,0.031312503,0.001241206,0.035230752,0.054750945419073105,0.11673907190561295,0.014238660223782063,0.11932585388422012
2128,0.04175277054309845,1e-04,0.03130157,0.0012404876,0.035220556,0.05472009256482124,0.11675776541233063,0.01424294151365757,0.11934379488229752
2129,0.04171692207455635,1e-04,0.031290658,0.0012397711,0.035210382,0.05468931421637535,0.11677652597427368,0.01424724142998457,0.11936181038618088
2130,0.04168112576007843,1e-04,0.031279746,0.001239055,0.035200212,0.05465857312083244,0.11679521948099136,0.014251524582505226,0.11937975138425827
2131,0.04164538532495499,1e-04,0.03126883,0.001238338,0.035190027,0.0546279177069664,0.11681399494409561,0.014255829155445099,0.11939777433872223
2132,0.041609711945056915,1e-04,0.031257942,0.001237624,0.03517988,0.054597314447164536,0.11683279275894165,0.01426013745367527,0.11941581964492798
2133,0.041574083268642426,1e-04,0.031247048,0.0012369093,0.03516972,0.054566770792007446,0.11685160547494888,0.014264451339840889,0.11943387985229492
2134,0.04153851419687271,1e-04,0.031236162,0.0012361949,0.03515956,0.05453629419207573,0.11687041819095612,0.014268766157329082,0.11945194005966187
2135,0.04150300845503807,1e-04,0.03122529,0.0012354826,0.035149433,0.05450587347149849,0.11688926070928574,0.014273089356720448,0.1194700375199318
2136,0.04146755486726761,1e-04,0.031214409,0.0012347691,0.03513928,0.05447550490498543,0.11690808832645416,0.01427740789949894,0.11948810517787933
2137,0.041432157158851624,1e-04,0.031203566,0.0012340589,0.035129175,0.05444520339369774,0.11692698299884796,0.0142817422747612,0.11950624734163284
2138,0.04139680787920952,1e-04,0.031192698,0.0012333462,0.035119027,0.05441497266292572,0.11694590747356415,0.01428608875721693,0.11952442675828934
2139,0.04136151820421219,1e-04,0.031181842,0.0012326353,0.035108905,0.054384782910346985,0.11696479469537735,0.014290424063801765,0.11954256147146225
2140,0.041326284408569336,1e-04,0.031171001,0.0012319254,0.035098795,0.05435468256473541,0.1169838085770607,0.014294788241386414,0.11956081539392471
2141,0.04129111021757126,1e-04,0.031160155,0.0012312154,0.03508868,0.05432462319731712,0.11700274795293808,0.014299137517809868,0.1195790022611618
2142,0.04125599190592766,1e-04,0.031149324,0.0012305065,0.035078574,0.05429462343454361,0.11702171713113785,0.014303493313491344,0.11959721148014069
2143,0.041220929473638535,1e-04,0.03113851,0.0012297996,0.035068497,0.05426470562815666,0.11704079061746597,0.01430787704885006,0.11961553990840912
2144,0.04118591919541359,1e-04,0.031127682,0.0012290918,0.035058405,0.054234813898801804,0.11705976724624634,0.01431223750114441,0.1196337640285492
2145,0.041150957345962524,1e-04,0.031116871,0.0012283849,0.03504832,0.05420500412583351,0.11707884073257446,0.014316621236503124,0.11965208500623703
2146,0.04111606255173683,1e-04,0.031106064,0.0012276788,0.035038248,0.0541752390563488,0.11709785461425781,0.014320991933345795,0.11967034637928009
2147,0.04108121991157532,1e-04,0.031095257,0.0012269728,0.03502817,0.05414552986621857,0.11711691319942474,0.014325372874736786,0.11968865245580673
2148,0.04104642570018768,1e-04,0.03108448,0.0012262681,0.035018113,0.05411588400602341,0.11713601648807526,0.014329764060676098,0.11970699578523636
2149,0.04101168364286423,1e-04,0.031073682,0.0012255635,0.035008047,0.05408630520105362,0.11715511977672577,0.014334159903228283,0.11972535401582718
2150,0.040977004915475845,1e-04,0.0310629,0.0012248592,0.03499799,0.05405677482485771,0.11717422306537628,0.014338552951812744,0.1197436973452568
2151,0.04094237834215164,1e-04,0.031052142,0.001224157,0.034987956,0.05402731895446777,0.11719341576099396,0.01434296928346157,0.11976213753223419
2152,0.04090780392289162,1e-04,0.031041365,0.0012234538,0.034977905,0.05399790778756142,0.11721255630254745,0.014347374439239502,0.1197805255651474
2153,0.04087328165769577,1e-04,0.031030599,0.0012227519,0.03496787,0.05396854504942894,0.11723171174526215,0.014351783320307732,0.1197989284992218
2154,0.0408388115465641,1e-04,0.031019844,0.0012220506,0.03495784,0.053939253091812134,0.11725088208913803,0.01435619592666626,0.1198173463344574
2155,0.04080440104007721,1e-04,0.0310091,0.0012213497,0.034947813,0.05391000956296921,0.1172700747847557,0.014360615983605385,0.11983578652143478
2156,0.040770046412944794,1e-04,0.03099837,0.0012206507,0.034937814,0.053880829364061356,0.11728930473327637,0.014365044422447681,0.11985426396131516
2157,0.04073573648929596,1e-04,0.030987628,0.0012199507,0.034927793,0.05385170876979828,0.11730854213237762,0.014369475655257702,0.11987274885177612
2158,0.0407014861702919,1e-04,0.030976908,0.0012192528,0.0349178,0.05382264032959938,0.11732780933380127,0.014373913407325745,0.11989125609397888
2159,0.040667276829481125,1e-04,0.03096618,0.0012185536,0.034907788,0.053793635219335556,0.11734708398580551,0.014378356747329235,0.11990978568792343
2160,0.04063313454389572,1e-04,0.030955482,0.0012178571,0.034897808,0.05376467853784561,0.11736637353897095,0.014382800087332726,0.11992831528186798
2161,0.0405990369617939,1e-04,0.03094476,0.0012171591,0.034887806,0.05373578518629074,0.11738568544387817,0.014387252740561962,0.11994687467813492
2162,0.040564995259046555,1e-04,0.030934064,0.0012164633,0.034877833,0.05370697006583214,0.11740511655807495,0.014391732402145863,0.11996554583311081
2163,0.04053100571036339,1e-04,0.03092336,0.0012157677,0.03486786,0.05367818474769592,0.11742444336414337,0.014396188780665398,0.11998412013053894
2164,0.0404970683157444,1e-04,0.03091266,0.0012150725,0.034857888,0.053649455308914185,0.11744378507137299,0.014400651678442955,0.12000271677970886
2165,0.04046318307518959,1e-04,0.030901972,0.0012143773,0.03484792,0.05362078920006752,0.11746318638324738,0.014405125752091408,0.12002135813236237
2166,0.04042934998869896,1e-04,0.030891303,0.0012136842,0.034837972,0.05359219014644623,0.11748262494802475,0.01440961193293333,0.12004004418849945
2167,0.04039556905627251,1e-04,0.03088063,0.0012129906,0.034828015,0.05356361344456673,0.11750198900699615,0.014414077624678612,0.12005864083766937
2168,0.040361832827329636,1e-04,0.030869965,0.0012122978,0.03481807,0.05353512614965439,0.11752146482467651,0.014418574050068855,0.12007736414670944
2169,0.04032815992832184,1e-04,0.030859303,0.0012116053,0.03480812,0.053506672382354736,0.1175408810377121,0.014423057436943054,0.12009603530168533
2170,0.04029453173279762,1e-04,0.030848652,0.0012109148,0.0347982,0.05347827821969986,0.11756032705307007,0.014427547343075275,0.12011472880840302
2171,0.040260955691337585,1e-04,0.030838024,0.0012102241,0.034788277,0.053449951112270355,0.11757984012365341,0.014432054944336414,0.12013348937034607
2172,0.04022743180394173,1e-04,0.03082738,0.0012095341,0.034778357,0.053421661257743835,0.11759929358959198,0.01443654764443636,0.12015218287706375
2173,0.040193960070610046,1e-04,0.030816745,0.0012088435,0.03476843,0.05339343473315239,0.11761881411075592,0.014441056177020073,0.1201709434390068
2174,0.04016053304076195,1e-04,0.030806115,0.0012081546,0.03475852,0.053365256637334824,0.11763831228017807,0.014445562846958637,0.12018969655036926
2175,0.040127161890268326,1e-04,0.030795503,0.0012074669,0.034748625,0.05333714932203293,0.11765788495540619,0.014450088143348694,0.12020851671695709
2176,0.040093839168548584,1e-04,0.030784877,0.001206778,0.034738712,0.05330907180905342,0.11767737567424774,0.01445459108799696,0.12022724747657776
2177,0.04006057232618332,1e-04,0.030774273,0.0012060913,0.034728825,0.05328107252717018,0.11769698560237885,0.014459125697612762,0.12024610489606857
2178,0.040027353912591934,1e-04,0.030763676,0.0012054048,0.03471894,0.05325312167406082,0.11771659553050995,0.01446366123855114,0.12026496231555939
2179,0.03999418020248413,1e-04,0.030753085,0.0012047191,0.034709062,0.05322523042559624,0.11773620545864105,0.014468197710812092,0.1202838197350502
2180,0.039961062371730804,1e-04,0.03074248,0.001204033,0.03469918,0.053197383880615234,0.11775584518909454,0.014472739771008492,0.1203026995062828
2181,0.03992799296975136,1e-04,0.030731905,0.0012033478,0.034689303,0.053169604390859604,0.11777552217245102,0.014477294869720936,0.12032163143157959
2182,0.03989497199654579,1e-04,0.030721324,0.0012026639,0.034679446,0.053141865879297256,0.11779515445232391,0.014481836929917336,0.1203405037522316
2183,0.0398620069026947,1e-04,0.03071075,0.0012019803,0.034669586,0.05311417952179909,0.11781483888626099,0.014486392959952354,0.12035943567752838
2184,0.039829082787036896,1e-04,0.03070019,0.0012012976,0.03465974,0.053086549043655396,0.11783454567193985,0.014490954577922821,0.12037838250398636
2185,0.03979621082544327,1e-04,0.030689625,0.0012006147,0.034649886,0.05305895954370499,0.11785419285297394,0.014495504088699818,0.12039727717638016
2186,0.03976339101791382,1e-04,0.03067908,0.0011999332,0.03464005,0.05303144454956055,0.11787392199039459,0.014500072225928307,0.12041624635457993
2187,0.03973062336444855,1e-04,0.030668529,0.0011992513,0.03463021,0.05300397425889969,0.11789363622665405,0.01450464129447937,0.1204352155327797
2188,0.03969790041446686,1e-04,0.030657988,0.0011985702,0.034620374,0.05297655984759331,0.1179133877158165,0.01450921781361103,0.12045421451330185
2189,0.03966522961854935,1e-04,0.03064747,0.0011978918,0.034610573,0.05294918268918991,0.11793311685323715,0.014513788744807243,0.12047318369150162
2190,0.03963260352611542,1e-04,0.030636935,0.001197211,0.03460074,0.052921880036592484,0.11795294284820557,0.01451838482171297,0.12049225717782974
2191,0.039600029587745667,1e-04,0.030626412,0.0011965327,0.034590933,0.05289462208747864,0.11797275394201279,0.01452297531068325,0.12051130831241608
2192,0.0395675003528595,1e-04,0.030615889,0.001195854,0.03458112,0.052867405116558075,0.11799252033233643,0.014527557417750359,0.12053031474351883
2193,0.039535023272037506,1e-04,0.030605387,0.0011951773,0.03457134,0.052840255200862885,0.11801236867904663,0.014532160945236683,0.12054941058158875
2194,0.039502594619989395,1e-04,0.030594885,0.0011944993,0.03456153,0.05281313508749008,0.11803214251995087,0.014536748640239239,0.12056843936443329
2195,0.03947020322084427,1e-04,0.030584397,0.0011938232,0.034551747,0.05278609320521355,0.11805205047130585,0.014541367068886757,0.12058758735656738
2196,0.03943787142634392,1e-04,0.030573897,0.001193147,0.03454196,0.052759092301130295,0.11807189136743546,0.014545971527695656,0.1206066831946373
2197,0.039405591785907745,1e-04,0.030563414,0.0011924711,0.034532174,0.052732136100530624,0.11809179931879044,0.014550590887665749,0.12062583118677139
2198,0.03937334567308426,1e-04,0.03055294,0.0011917971,0.034522414,0.05270524322986603,0.11811168491840363,0.014555205591022968,0.1206449568271637
2199,0.03934115916490555,1e-04,0.030542463,0.0011911223,0.03451264,0.05267840251326561,0.11813165247440338,0.01455984078347683,0.12066416442394257
2200,0.03930901363492012,1e-04,0.030531999,0.0011904493,0.03450289,0.05265161395072937,0.11815156042575836,0.01456446759402752,0.12068333476781845
2201,0.03927692025899887,1e-04,0.03052153,0.001189776,0.03449313,0.052624866366386414,0.11817149817943573,0.014569098129868507,0.12070252001285553
2202,0.0392448715865612,1e-04,0.030511085,0.0011891037,0.034483384,0.05259816721081734,0.1181914359331131,0.014573727734386921,0.12072169780731201
2203,0.039212871342897415,1e-04,0.030500637,0.0011884321,0.034473643,0.05257153511047363,0.11821144819259644,0.014578379690647125,0.12074095755815506
2204,0.03918091952800751,1e-04,0.030490188,0.0011877602,0.034463897,0.05254492908716202,0.1182313784956932,0.014583009295165539,0.12076012790203094
2205,0.03914901241660118,1e-04,0.030479763,0.0011870901,0.034454174,0.05251840502023697,0.11825140565633774,0.014587664976716042,0.12077940255403519
2206,0.03911715745925903,1e-04,0.030469337,0.0011864202,0.03444445,0.05249189957976341,0.1182713732123375,0.0145923076197505,0.12079862505197525
2207,0.03908534348011017,1e-04,0.030458909,0.0011857505,0.03443473,0.05246546491980553,0.11829143762588501,0.014596971683204174,0.12081792950630188
2208,0.039053574204444885,1e-04,0.030448496,0.0011850817,0.034425016,0.05243907868862152,0.11831147968769073,0.014601632952690125,0.12083721905946732
2209,0.03902185708284378,1e-04,0.030438073,0.0011844125,0.034415293,0.05241274833679199,0.11833158880472183,0.014606309123337269,0.12085656076669693
2210,0.03899018466472626,1e-04,0.030427683,0.0011837458,0.034405608,0.05238645523786545,0.11835163831710815,0.014610975980758667,0.12087587267160416
2211,0.038958556950092316,1e-04,0.03041729,0.0011830793,0.034395922,0.052360206842422485,0.11837171018123627,0.014615645632147789,0.12089518457651138
2212,0.038926973938941956,1e-04,0.030406881,0.0011824119,0.034386218,0.0523340106010437,0.11839176714420319,0.014620316214859486,0.12091449648141861
2213,0.038895439356565475,1e-04,0.030396493,0.0011817456,0.034376524,0.0523078553378582,0.11841185390949249,0.014624988660216331,0.12093381583690643
2214,0.03886394947767258,1e-04,0.030386118,0.0011810802,0.03436685,0.05228177458047867,0.11843202263116837,0.014629687182605267,0.12095324695110321
2215,0.03883250430226326,1e-04,0.030375738,0.0011804147,0.034357164,0.05225572735071182,0.11845214664936066,0.014634372666478157,0.12097261101007462
2216,0.03880110755562782,1e-04,0.030365374,0.001179751,0.034347504,0.05222972482442856,0.11847224086523056,0.014639054425060749,0.12099196016788483
2217,0.038769759237766266,1e-04,0.030354993,0.0011790859,0.034337822,0.052203789353370667,0.11849244683980942,0.014643761329352856,0.1210114136338234
2218,0.03873845189809799,1e-04,0.030344643,0.0011784227,0.034328163,0.052177898585796356,0.11851265281438828,0.014648469164967537,0.12103085964918137
2219,0.0387071892619133,1e-04,0.030334292,0.0011777607,0.034318518,0.05215204134583473,0.11853282153606415,0.014653168618679047,0.12105027586221695
2220,0.03867597132921219,1e-04,0.030323941,0.0011770987,0.034308873,0.05212625488638878,0.11855306476354599,0.014657887630164623,0.1210697665810585
2221,0.03864480182528496,1e-04,0.030313598,0.0011764363,0.034299217,0.052100494503974915,0.11857324838638306,0.014662591740489006,0.12108919024467468
2222,0.03861368075013161,1e-04,0.030303262,0.0011757757,0.034289584,0.05207480490207672,0.1185934990644455,0.014667317271232605,0.12110870331525803
2223,0.03858259320259094,1e-04,0.030292938,0.0011751156,0.034279957,0.052049145102500916,0.11861374229192734,0.014672035351395607,0.12112817913293839
2224,0.03855156525969505,1e-04,0.030282613,0.0011744554,0.034270328,0.05202353373169899,0.11863398551940918,0.01467676181346178,0.12114768475294113
2225,0.03852057084441185,1e-04,0.030272296,0.0011737962,0.03426071,0.05199798569083214,0.1186542883515358,0.0146814975887537,0.12116722762584686
2226,0.03848962485790253,1e-04,0.030261993,0.0011731379,0.0342511,0.05197245627641678,0.11867453157901764,0.014686217531561852,0.12118670344352722
2227,0.03845871984958649,1e-04,0.03025169,0.0011724796,0.03424149,0.05194700136780739,0.11869485676288605,0.014690962620079517,0.12120628356933594
2228,0.03842785954475403,1e-04,0.030241387,0.0011718217,0.034231883,0.05192158371210098,0.11871515214443207,0.014695702120661736,0.12122583389282227
2229,0.03839704766869545,1e-04,0.030231096,0.001171165,0.03422229,0.05189622938632965,0.11873551458120346,0.014700459316372871,0.12124545127153397
2230,0.03836628049612045,1e-04,0.030220814,0.0011705086,0.034212697,0.05187090486288071,0.11875583976507187,0.014705201610922813,0.12126500904560089
2231,0.03833555430173874,1e-04,0.030210527,0.0011698522,0.0342031,0.05184563249349594,0.11877617985010147,0.01470995508134365,0.1212846040725708
2232,0.03830487281084061,1e-04,0.030200262,0.0011691976,0.03419353,0.05182041600346565,0.11879660934209824,0.014714728109538555,0.12130428105592728
2233,0.03827423229813576,1e-04,0.030189978,0.0011685418,0.03418394,0.05179522559046745,0.11881692707538605,0.014719474129378796,0.1213238388299942
2234,0.03824364021420479,1e-04,0.030179719,0.0011678884,0.034174383,0.05177010968327522,0.1188373789191246,0.01472425740212202,0.12134355306625366
2235,0.0382130891084671,1e-04,0.03016946,0.0011672347,0.034164816,0.05174501612782478,0.11885776370763779,0.014729020185768604,0.12136317789554596
2236,0.0381825789809227,1e-04,0.030159209,0.0011665814,0.034155253,0.05171998590230942,0.11887820810079575,0.01473380159586668,0.12138286978006363
2237,0.03815211355686188,1e-04,0.030148955,0.0011659286,0.034145694,0.051695000380277634,0.11889864504337311,0.014738579280674458,0.1214025542140007
2238,0.038121696561574936,1e-04,0.03013872,0.0011652769,0.03413615,0.051670052111148834,0.11891908943653107,0.014743360690772533,0.12142223864793777
2239,0.03809131681919098,1e-04,0.030128479,0.0011646255,0.03412661,0.05164516717195511,0.11893961578607559,0.014748163521289825,0.12144201993942261
2240,0.0380609855055809,1e-04,0.030118257,0.0011639743,0.03411707,0.05162029340863228,0.11896000057458878,0.014752933755517006,0.1214616522192955
2241,0.03803068399429321,5e-05,0.030108022,0.0011633238,0.034107532,0.05160309374332428,0.11894930899143219,0.01475053746253252,0.12145178765058517
2242,0.03801555931568146,5e-05,0.03010292,0.0011629994,0.03410278,0.051585957407951355,0.11893878877162933,0.014748183079063892,0.12144209444522858
2243,0.0380004458129406,5e-05,0.0300978,0.0011626738,0.034098003,0.051568884402513504,0.11892858892679214,0.01474589854478836,0.12143269181251526
2244,0.037985339760780334,5e-05,0.030092694,0.0011623502,0.034093257,0.051551900804042816,0.11891861259937286,0.014743668027222157,0.12142350524663925
2245,0.03797025978565216,5e-05,0.030087562,0.0011620249,0.034088485,0.05153495445847511,0.11890880763530731,0.014741477556526661,0.12141449004411697
2246,0.03795517608523369,2.5e-05,0.030082442,0.0011617,0.03408372,0.05152184143662453,0.11888357251882553,0.01473572850227356,0.12139081209897995
2247,0.0379476472735405,2.5e-05,0.030079875,0.0011615382,0.034081347,0.051508791744709015,0.11885862052440643,0.01473004650324583,0.12136740237474442
2248,0.037940118461847305,2.5e-05,0.030077308,0.0011613754,0.03407896,0.05149581655859947,0.1188339814543724,0.01472443901002407,0.12134429812431335
2249,0.037932589650154114,2.5e-05,0.030074734,0.0011612126,0.034076568,0.051482923328876495,0.11880964040756226,0.014718897640705109,0.12132146209478378
2250,0.03792507201433182,2.5e-05,0.03007217,0.0011610503,0.034074187,0.051470089703798294,0.11878558248281479,0.014713423326611519,0.1212989017367363
2251,0.03791755810379982,2.5e-05,0.03006959,0.0011608873,0.034071796,0.05145733803510666,0.11876183748245239,0.014708022587001324,0.12127663940191269
2252,0.037910040467977524,2.5e-05,0.030067017,0.0011607244,0.034069408,0.05144466459751129,0.11873841285705566,0.014702698215842247,0.12125468254089355
2253,0.037902526557445526,1.25e-05,0.03006446,0.0011605626,0.03406703,0.05143391340970993,0.11870740354061127,0.014695627614855766,0.1212255209684372
2254,0.037898771464824677,1.25e-05,0.030063178,0.0011604823,0.034065854,0.05142323672771454,0.11867668479681015,0.014688623137772083,0.12119662761688232
2255,0.03789501637220383,1.25e-05,0.030061891,0.0011604008,0.034064658,0.05141264200210571,0.1186463013291359,0.014681698754429817,0.12116806209087372
2256,0.037891265004873276,1.25e-05,0.030060602,0.0011603192,0.03406346,0.05140213668346405,0.11861630529165268,0.014674866572022438,0.12113986164331436
2257,0.037887509912252426,6.25e-06,0.030059319,0.0011602382,0.03406227,0.05139264091849327,0.11858268827199936,0.014667200855910778,0.12110821902751923
2258,0.0378856360912323,6.25e-06,0.03005867,0.001160197,0.034061663,0.05138320475816727,0.11854936927556992,0.014659607782959938,0.12107686698436737
2259,0.03788375481963158,6.25e-06,0.030058034,0.0011601567,0.034061074,0.05137386545538902,0.11851642280817032,0.014652100391685963,0.12104585766792297
2260,0.03788188099861145,6.25e-06,0.03005739,0.0011601164,0.034060482,0.051364604383707047,0.11848382651805878,0.014644676819443703,0.12101519107818604
2261,0.03787999972701073,6.25e-06,0.030056734,0.0011600745,0.034059867,0.051355428993701935,0.1184515729546547,0.01463733334094286,0.12098484486341476
2262,0.0378781259059906,3.125e-06,0.030056087,0.0011600337,0.034059267,0.051346782594919205,0.1184176579117775,0.014629608020186424,0.12095291912555695
2263,0.03787718713283539,3.125e-06,0.030055769,0.0011600138,0.034058977,0.051338233053684235,0.11838412284851074,0.014621973037719727,0.12092135101556778
2264,0.037876252084970474,3.125e-06,0.030055445,0.0011599937,0.03405868,0.05132974311709404,0.11835087835788727,0.014614406041800976,0.1208900585770607
2265,0.03787530958652496,3.125e-06,0.030055113,0.0011599722,0.034058362,0.0513213649392128,0.11831806600093842,0.014606942422688007,0.12085918337106705
2266,0.03787437081336975,1.5625e-06,0.03005479,0.001159952,0.034058068,0.051313258707523346,0.11828447878360748,0.014599298126995564,0.1208275556564331
2267,0.037873901426792145,1.5625e-06,0.030054633,0.0011599419,0.03405792,0.05130526050925255,0.11825130879878998,0.014591758139431477,0.12079635262489319
2268,0.03787343576550484,1.5625e-06,0.030054482,0.0011599325,0.03405778,0.05129731819033623,0.11821843683719635,0.014584280550479889,0.12076539546251297
2269,0.03787296265363693,1.5625e-06,0.030054314,0.001159922,0.03405763,0.051289498805999756,0.11818601191043854,0.014576911926269531,0.12073488533496857
2270,0.03787250071763992,1.5625e-06,0.030054145,0.0011599115,0.034057472,0.05128171294927597,0.11815378814935684,0.014569589868187904,0.12070455402135849
2271,0.03787202760577202,1.5625e-06,0.030053986,0.0011599015,0.034057327,0.05127401649951935,0.1181219220161438,0.014562350697815418,0.12067456543445587
2272,0.03787155821919441,1.5625e-06,0.030053832,0.0011598914,0.034057178,0.05126640945672989,0.11809045076370239,0.014555203728377819,0.1206449493765831
2273,0.03787108510732651,1.5625e-06,0.030053658,0.0011598808,0.03405702,0.051258865743875504,0.11805924028158188,0.014548118226230145,0.12061557918787003
2274,0.0378706157207489,7.8125e-07,0.030053504,0.001159871,0.03405688,0.05125150457024574,0.11802784353494644,0.014540990814566612,0.12058603018522263
2275,0.0378703773021698,7.8125e-07,0.030053409,0.0011598652,0.034056794,0.051244232803583145,0.11799679696559906,0.014533949084579945,0.12055683135986328
2276,0.037870142608881,7.8125e-07,0.030053338,0.0011598606,0.034056727,0.051237016916275024,0.11796603351831436,0.014526966027915478,0.12052786350250244
2277,0.037869907915592194,7.8125e-07,0.030053247,0.001159855,0.034056645,0.05122988298535347,0.11793558299541473,0.014520061202347279,0.12049921602010727
2278,0.03786967322230339,3.90625e-07,0.03005318,0.0011598504,0.034056578,0.05122288689017296,0.11790523678064346,0.014513181522488594,0.12047066539525986
2279,0.03786955401301384,3.90625e-07,0.030053122,0.0011598475,0.034056533,0.05121596157550812,0.11787518113851547,0.014506367035210133,0.12044238299131393
2280,0.03786943852901459,3.90625e-07,0.030053083,0.0011598452,0.0340565,0.05120910331606865,0.11784541606903076,0.014499622397124767,0.1204143762588501
2281,0.037869323045015335,3.90625e-07,0.030053042,0.0011598419,0.03405645,0.05120232328772545,0.11781599372625351,0.014492958784103394,0.12038670480251312
2282,0.037869203835725784,1.953125e-07,0.030053012,0.0011598404,0.03405643,0.05119561776518822,0.11778664588928223,0.014486310072243214,0.12035908550024033
2283,0.03786914423108101,1.953125e-07,0.03005297,0.0011598382,0.034056395,0.05118899047374725,0.1177576556801796,0.014479746110737324,0.12033181637525558
2284,0.037869084626436234,1.953125e-07,0.030052958,0.0011598372,0.034056384,0.05118243768811226,0.11772894859313965,0.014473247341811657,0.12030480802059174
2285,0.03786902874708176,1.953125e-07,0.030052947,0.0011598368,0.034056377,0.05117593705654144,0.11770049482584,0.014466805383563042,0.12027803063392639
2286,0.03786896914243698,1.953125e-07,0.030052926,0.0011598348,0.034056347,0.051169514656066895,0.11767236143350601,0.014460441656410694,0.12025157362222672
2287,0.037868909537792206,1.953125e-07,0.0300529,0.0011598337,0.034056332,0.05116314813494682,0.11764446645975113,0.01445412915199995,0.12022532522678375
2288,0.03786884993314743,1e-07,0.030052882,0.0011598327,0.034056317,0.051156867295503616,0.11761683225631714,0.01444787997752428,0.12019933760166168
2289,0.03786882013082504,1e-07,0.03005286,0.0011598313,0.034056295,0.051150672137737274,0.1175895556807518,0.014441716484725475,0.12017369270324707
2290,0.03786878660321236,1e-07,0.030052854,0.001159831,0.03405629,0.051144517958164215,0.11756245791912079,0.01443558931350708,0.1201481968164444
2291,0.03786876052618027,1e-07,0.030052844,0.0011598303,0.03405628,0.05113841965794563,0.11753565073013306,0.014429530128836632,0.12012297660112381
2292,0.03786872327327728,1e-07,0.03005283,0.0011598296,0.03405627,0.05113241448998451,0.1175091490149498,0.014423546381294727,0.1200980693101883
2293,0.037868693470954895,1e-07,0.030052815,0.0011598289,0.03405626,0.05112645775079727,0.11748291552066803,0.014417620375752449,0.12007339298725128
2294,0.03786866366863251,1e-07,0.030052792,0.0011598279,0.034056246,0.05112054571509361,0.11745689064264297,0.01441174279898405,0.12004891782999039
2295,0.03786863386631012,1e-07,0.030052785,0.0011598273,0.03405624,0.05111472308635712,0.11743120849132538,0.014405948109924793,0.12002477794885635
2296,0.037868600338697433,1e-07,0.030052772,0.0011598265,0.034056228,0.05110893025994301,0.11740569025278091,0.014400186017155647,0.12000077217817307
2297,0.037868574261665344,1e-07,0.030052762,0.0011598262,0.03405622,0.051103219389915466,0.1173805221915245,0.014394506812095642,0.11997710913419724
2298,0.03786854073405266,1e-07,0.03005275,0.0011598252,0.034056205,0.0510975643992424,0.11735556274652481,0.014388876967132092,0.11995364725589752
2299,0.03786851093173027,1e-07,0.03005273,0.0011598248,0.0340562,0.05109194666147232,0.11733078956604004,0.014383290894329548,0.11993035674095154
2300,0.03786848112940788,1e-07,0.030052718,0.001159824,0.034056187,0.05108640715479851,0.11730637401342392,0.014377784915268421,0.11990740150213242
2301,0.0378684438765049,1e-07,0.030052708,0.0011598229,0.03405617,0.05108092352747917,0.11728216707706451,0.014372328296303749,0.11988464742898941
2302,0.03786841779947281,1e-07,0.030052692,0.0011598225,0.034056164,0.05107549950480461,0.1172582358121872,0.0143669368699193,0.1198621541261673
2303,0.03786838427186012,1e-07,0.030052684,0.0011598223,0.034056164,0.05107012018561363,0.11723450571298599,0.014361587353050709,0.11983983963727951
2304,0.037868354469537735,1e-07,0.030052675,0.0011598215,0.034056153,0.05106478929519653,0.11721096932888031,0.014356283470988274,0.11981771141290665
2305,0.03786832466721535,1e-07,0.030052662,0.0011598214,0.03405615,0.051059525460004807,0.1171877533197403,0.014351055026054382,0.11979588866233826
2306,0.03786829113960266,1e-07,0.030052664,0.0011598213,0.03405615,0.05105430260300636,0.11716469377279282,0.014345861971378326,0.1197742149233818
2307,0.03786826133728027,1e-07,0.030052641,0.0011598201,0.03405613,0.05104914307594299,0.11714191734790802,0.014340733177959919,0.11975280195474625
2308,0.037868231534957886,1e-07,0.030052634,0.0011598199,0.034056127,0.0510440394282341,0.11711938679218292,0.014335662126541138,0.11973162740468979
2309,0.0378681980073452,1e-07,0.030052625,0.0011598191,0.034056116,0.05103898048400879,0.11709703505039215,0.014330631121993065,0.11971061676740646
2310,0.03786817193031311,1e-07,0.0300526,0.0011598179,0.0340561,0.05103398114442825,0.11707495152950287,0.014325663447380066,0.11968986690044403
2311,0.037868138402700424,1e-07,0.030052602,0.0011598178,0.034056097,0.051029037684202194,0.1170530766248703,0.014320743270218372,0.11966931074857712
2312,0.037868108600378036,1e-07,0.03005258,0.0011598167,0.034056082,0.05102413147687912,0.11703141778707504,0.014315871521830559,0.11964894831180573
2313,0.03786807507276535,1e-07,0.030052574,0.0011598163,0.034056075,0.05101928114891052,0.1170099750161171,0.014311050996184349,0.11962880194187164
2314,0.03786804527044296,1e-07,0.030052561,0.0011598159,0.03405607,0.051014479249715805,0.11698876321315765,0.014306282624602318,0.11960887163877487
2315,0.037868011742830276,1e-07,0.030052552,0.0011598152,0.03405606,0.05100972205400467,0.11696772277355194,0.01430155336856842,0.11958910524845123
2316,0.03786798194050789,1e-07,0.030052539,0.0011598147,0.034056053,0.05100501328706741,0.11694693565368652,0.014296879991889,0.1195695623755455
2317,0.0378679521381855,1e-07,0.030052526,0.0011598141,0.03405604,0.05100036785006523,0.11692637205123901,0.014292260631918907,0.11955024302005768
2318,0.03786792233586311,1e-07,0.030052504,0.0011598131,0.03405603,0.05099574849009514,0.11690594255924225,0.014287670142948627,0.1195310428738594
2319,0.03786788880825043,1e-07,0.030052496,0.0011598126,0.03405602,0.05099119618535042,0.11688580363988876,0.01428314857184887,0.11951212584972382
2320,0.03786785900592804,1e-07,0.03005249,0.0011598124,0.03405602,0.05098666623234749,0.11686577647924423,0.014278650283813477,0.11949330568313599
2321,0.03786782547831535,1e-07,0.03005247,0.0011598103,0.03405599,0.05098220333456993,0.11684603989124298,0.014274219051003456,0.11947476118803024
2322,0.037867795675992966,1e-07,0.030052464,0.0011598113,0.034056,0.05097777023911476,0.11682642996311188,0.014269816689193249,0.11945633590221405
2323,0.03786776587367058,1e-07,0.030052442,0.0011598093,0.034055974,0.05097339302301407,0.11680706590414047,0.014265472069382668,0.11943814903497696
2324,0.03786773234605789,1e-07,0.030052435,0.0011598092,0.03405597,0.05096906051039696,0.1167878657579422,0.014261163771152496,0.1194201111793518
2325,0.037867702543735504,1e-07,0.030052422,0.0011598081,0.034055956,0.05096476897597313,0.11676887422800064,0.014256902039051056,0.11940226703882217
2326,0.037867672741413116,1e-07,0.030052414,0.0011598085,0.03405596,0.05096052587032318,0.11675009876489639,0.014252690598368645,0.11938463151454926
2327,0.03786764293909073,1e-07,0.030052401,0.0011598074,0.034055945,0.05095630884170532,0.1167314425110817,0.014248507097363472,0.11936710774898529
2328,0.037867605686187744,1e-07,0.030052384,0.0011598067,0.034055937,0.05095214396715164,0.1167130097746849,0.014244372956454754,0.11934979259967804
2329,0.037867575883865356,1e-07,0.030052384,0.0011598069,0.034055937,0.05094802379608154,0.11669477075338364,0.014240285381674767,0.11933266371488571
2330,0.03786754608154297,1e-07,0.030052368,0.0011598059,0.034055922,0.050943948328495026,0.11667673289775848,0.014236241579055786,0.1193157210946083
2331,0.03786751627922058,1e-07,0.03005235,0.0011598051,0.03405591,0.05093991011381149,0.11665882915258408,0.014232227578759193,0.11929889768362045
2332,0.03786748647689819,1e-07,0.030052336,0.0011598044,0.0340559,0.05093592405319214,0.11664117872714996,0.014228272251784801,0.1192823201417923
2333,0.03786745294928551,1e-07,0.03005233,0.0011598034,0.034055885,0.05093196779489517,0.1166236624121666,0.014224347658455372,0.11926586925983429
2334,0.03786742314696312,1e-07,0.030052308,0.0011598023,0.03405587,0.05092804506421089,0.11660631000995636,0.014220461249351501,0.11924957484006882
2335,0.03786738961935043,1e-07,0.030052312,0.0011598027,0.034055874,0.05092417448759079,0.11658915132284164,0.014216618612408638,0.11923345923423767
2336,0.03786735609173775,1e-07,0.030052286,0.0011598014,0.034055855,0.05092032253742218,0.11657210439443588,0.01421279925853014,0.11921744793653488
2337,0.03786732628941536,1e-07,0.030052291,0.0011598017,0.034055863,0.05091654509305954,0.116555355489254,0.014209049753844738,0.11920171976089478
2338,0.03786729648709297,1e-07,0.030052267,0.0011598007,0.034055848,0.05091278254985809,0.11653865873813629,0.014205312356352806,0.11918604373931885
2339,0.037867266684770584,1e-07,0.030052256,0.0011598,0.034055836,0.05090906098484993,0.1165221780538559,0.014201623387634754,0.11917056143283844
2340,0.037867236882448196,1e-07,0.030052248,0.0011597995,0.03405583,0.05090538039803505,0.11650587618350983,0.014197975397109985,0.11915525794029236
2341,0.03786720335483551,1e-07,0.030052235,0.0011597989,0.03405582,0.050901733338832855,0.1164897084236145,0.014194357208907604,0.11914007365703583
2342,0.03786717727780342,1e-07,0.030052222,0.0011597981,0.03405581,0.05089813098311424,0.11647375673055649,0.014190790243446827,0.11912510544061661
2343,0.037867140024900436,1e-07,0.030052204,0.0011597977,0.034055803,0.050894562155008316,0.11645795404911041,0.014187252148985863,0.11911024898290634
2344,0.03786711022257805,1e-07,0.030052196,0.0011597968,0.03405579,0.05089101940393448,0.1164422407746315,0.014183739200234413,0.11909550428390503
2345,0.03786707669496536,1e-07,0.030052187,0.0011597966,0.034055788,0.050887517631053925,0.1164267286658287,0.014180270954966545,0.11908094584941864
2346,0.037867046892642975,1e-07,0.030052159,0.001159795,0.034055762,0.050884053111076355,0.11641134321689606,0.014176828786730766,0.11906649172306061
2347,0.03786701709032059,1e-07,0.030052155,0.0011597947,0.03405576,0.05088063329458237,0.11639618873596191,0.014173443429172039,0.11905226856470108
2348,0.0378669872879982,1e-07,0.030052138,0.0011597938,0.034055747,0.05087723210453987,0.11638113111257553,0.01417007576674223,0.11903812736272812
2349,0.037866950035095215,1e-07,0.030052122,0.0011597931,0.034055736,0.050873879343271255,0.11636625230312347,0.014166752807796001,0.11902417242527008
2350,0.03786692023277283,1e-07,0.030052114,0.0011597928,0.03405573,0.05087054520845413,0.11635147035121918,0.01416344940662384,0.11901029199361801
2351,0.03786688297986984,1e-07,0.030052094,0.0011597917,0.034055714,0.05086725577712059,0.1163368821144104,0.014160188846290112,0.11899659037590027
2352,0.03786686062812805,1e-07,0.030052086,0.0011597915,0.03405571,0.050863999873399734,0.11632243543863297,0.014156962744891644,0.11898303776979446
2353,0.037866830825805664,1e-07,0.030052084,0.0011597916,0.034055714,0.050860773772001266,0.11630815267562866,0.014153769239783287,0.11896961182355881
2354,0.03786679357290268,1e-07,0.030052066,0.0011597904,0.034055695,0.05085758492350578,0.1162940040230751,0.014150610193610191,0.11895633488893509
2355,0.03786676377058029,1e-07,0.030052057,0.0011597902,0.03405569,0.050854429602622986,0.11627999693155289,0.014147484675049782,0.11894319951534271
2356,0.037866733968257904,1e-07,0.030052053,0.0011597902,0.03405569,0.05085130035877228,0.1162661463022232,0.01414439082145691,0.11893019080162048
2357,0.03786670044064522,1e-07,0.03005204,0.0011597894,0.03405568,0.05084820091724396,0.11625238507986069,0.014141319319605827,0.11891727894544601
2358,0.03786666691303253,1e-07,0.030052016,0.001159788,0.03405566,0.050845131278038025,0.1162387877702713,0.014138281345367432,0.11890450865030289
2359,0.037866637110710144,1e-07,0.030051995,0.0011597868,0.034055643,0.050842102617025375,0.11622533947229385,0.014135283417999744,0.1188918948173523
2360,0.037866611033678055,1e-07,0.030051988,0.0011597867,0.034055643,0.05083909630775452,0.11621199548244476,0.014132303185760975,0.11887936294078827
2361,0.03786657750606537,1e-07,0.030051978,0.0011597865,0.03405564,0.050836123526096344,0.1161988154053688,0.014129361137747765,0.11886698752641678
2362,0.037866540253162384,1e-07,0.030051965,0.0011597855,0.034055624,0.05083318054676056,0.11618576943874359,0.01412645261734724,0.11885475367307663
2363,0.037866510450839996,1e-07,0.03005195,0.0011597852,0.03405562,0.05083026364445686,0.11617283523082733,0.014123568311333656,0.11884261667728424
2364,0.03786648064851761,1e-07,0.030051947,0.0011597845,0.03405561,0.050827376544475555,0.11616003513336182,0.014120710082352161,0.1188305914402008
2365,0.03786645084619522,1e-07,0.030051908,0.0011597819,0.034055572,0.05082453042268753,0.11614741384983063,0.014117894694209099,0.1188187450170517
2366,0.03786642104387283,1e-07,0.030051915,0.001159783,0.034055587,0.0508216917514801,0.11613484472036362,0.01411509234458208,0.11880695074796677
2367,0.03786638006567955,1e-07,0.030051904,0.0011597823,0.034055576,0.05081889405846596,0.11612243950366974,0.014112326316535473,0.11879531294107437
2368,0.03786635026335716,1e-07,0.030051883,0.001159781,0.034055557,0.0508161336183548,0.11611016094684601,0.014109589159488678,0.11878379434347153
2369,0.037866316735744476,1e-07,0.030051865,0.0011597801,0.034055542,0.05081336945295334,0.11609794199466705,0.014106864109635353,0.11877232044935226
2370,0.03786628693342209,1e-07,0.030051857,0.0011597802,0.034055546,0.050810664892196655,0.11608590930700302,0.014104182831943035,0.11876103281974792
2371,0.0378662571310997,1e-07,0.030051835,0.0011597789,0.034055527,0.05080797150731087,0.11607398837804794,0.014101525768637657,0.11874984204769135
2372,0.03786622732877731,1e-07,0.030051835,0.0011597793,0.03405553,0.05080532282590866,0.1160622239112854,0.01409890502691269,0.1187388077378273
2373,0.037866197526454926,1e-07,0.030051809,0.0011597777,0.03405551,0.05080268532037735,0.11605051904916763,0.014096295461058617,0.11872781813144684
2374,0.03786616772413254,1e-07,0.030051809,0.0011597777,0.03405551,0.05080007389187813,0.1160389631986618,0.01409372128546238,0.11871697753667831
2375,0.03786613047122955,1e-07,0.03005179,0.0011597768,0.034055497,0.050797510892152786,0.11602757126092911,0.014091184362769127,0.11870629340410233
2376,0.037866104394197464,1e-07,0.03005178,0.0011597767,0.034055494,0.05079493671655655,0.11601618677377701,0.014088647440075874,0.11869560927152634
2377,0.03786607086658478,1e-07,0.030051772,0.0011597764,0.03405549,0.05079241469502449,0.11600495874881744,0.014086146838963032,0.11868507415056229
2378,0.03786604106426239,1e-07,0.030051757,0.0011597752,0.03405547,0.05078991502523422,0.11599387973546982,0.01408368069678545,0.11867468059062958
2379,0.037866007536649704,1e-07,0.030051747,0.0011597747,0.034055464,0.05078743398189545,0.11598289012908936,0.014081232249736786,0.11866436898708344
2380,0.03786597400903702,1e-07,0.030051738,0.0011597747,0.034055464,0.050784967839717865,0.11597196757793427,0.014078800566494465,0.11865412443876266
2381,0.03786594420671463,1e-07,0.03005172,0.0011597733,0.034055445,0.05078255385160446,0.1159612387418747,0.014076413586735725,0.11864406615495682
2382,0.03786591440439224,1e-07,0.030051704,0.0011597724,0.03405543,0.05078013613820076,0.11595053970813751,0.01407402940094471,0.11863401532173157
2383,0.037865880876779556,1e-07,0.030051697,0.0011597722,0.034055427,0.05077776312828064,0.11593999713659286,0.014071685262024403,0.11862413585186005
2384,0.03786585107445717,1e-07,0.03005168,0.0011597717,0.03405542,0.05077539384365082,0.1159295067191124,0.014069348573684692,0.11861428618431091
2385,0.03786581754684448,1e-07,0.030051665,0.0011597708,0.034055408,0.050773076713085175,0.11591921001672745,0.014067056588828564,0.1186046227812767
2386,0.037865787744522095,1e-07,0.03005165,0.00115977,0.034055397,0.05077074095606804,0.11590888351202011,0.014064759016036987,0.1185949370265007
2387,0.03786575421690941,1e-07,0.030051649,0.0011597702,0.034055397,0.05076846480369568,0.11589876562356949,0.014062508940696716,0.11858545243740082
2388,0.03786572068929672,1e-07,0.03005164,0.0011597694,0.034055386,0.050766199827194214,0.11588873714208603,0.014060276560485363,0.1185760349035263
2389,0.03786569461226463,1e-07,0.03005162,0.0011597681,0.034055367,0.05076396465301514,0.11587882041931152,0.014058071188628674,0.11856673657894135
2390,0.03786566108465195,1e-07,0.030051615,0.0011597679,0.034055363,0.05076174437999725,0.11586897075176239,0.014055882580578327,0.11855750530958176
2391,0.03786562755703926,1e-07,0.030051589,0.0011597669,0.034055352,0.05075954645872116,0.11585923284292221,0.014053714461624622,0.11854836344718933
2392,0.03786559775471687,1e-07,0.030051572,0.0011597659,0.034055337,0.05075736343860626,0.11584959179162979,0.014051568694412708,0.11853931099176407
2393,0.03786556422710419,1e-07,0.03005157,0.0011597658,0.034055334,0.05075521394610405,0.11584006249904633,0.014049449935555458,0.11853037774562836
2394,0.0378655306994915,1e-07,0.030051567,0.0011597656,0.034055334,0.05075308680534363,0.11583060026168823,0.014047345146536827,0.11852149665355682
2395,0.03786550462245941,1e-07,0.030051548,0.0011597647,0.03405532,0.0507509782910347,0.11582125723361969,0.014045268297195435,0.11851273477077484
2396,0.037865474820137024,1e-07,0.030051537,0.0011597644,0.034055315,0.05074888467788696,0.11581198126077652,0.014043206349015236,0.11850403249263763
2397,0.03786544129252434,1e-07,0.030051516,0.0011597631,0.034055293,0.050746820867061615,0.11580284684896469,0.014041176065802574,0.11849547177553177
2398,0.03786540776491165,1e-07,0.03005151,0.0011597628,0.034055293,0.050744764506816864,0.11579372733831406,0.014039146713912487,0.1184869036078453
2399,0.037865377962589264,1e-07,0.030051492,0.0011597618,0.034055274,0.0507427453994751,0.11578480154275894,0.014037164859473705,0.11847854405641556
2400,0.03786534443497658,1e-07,0.030051483,0.0011597616,0.034055274,0.05074072629213333,0.11577584594488144,0.014035175554454327,0.11847014725208282
2401,0.03786531090736389,1e-07,0.030051472,0.001159761,0.034055263,0.05073874443769455,0.11576708406209946,0.014033228158950806,0.11846192926168442
2402,0.037865281105041504,1e-07,0.030051457,0.00115976,0.03405525,0.05073677375912666,0.11575834453105927,0.014031285420060158,0.1184537261724472
2403,0.03786524757742882,1e-07,0.030051442,0.0011597591,0.034055237,0.050734832882881165,0.11574975401163101,0.014029376208782196,0.11844566464424133
2404,0.03786521404981613,1e-07,0.030051418,0.0011597578,0.034055218,0.050732895731925964,0.11574117839336395,0.014027471654117107,0.11843762546777725
2405,0.037865184247493744,1e-07,0.030051423,0.0011597582,0.03405522,0.05073099583387375,0.11573274433612823,0.014025598764419556,0.11842972040176392
2406,0.037865154445171356,1e-07,0.030051403,0.001159757,0.034055207,0.05072909966111183,0.1157243624329567,0.014023734256625175,0.11842184513807297
2407,0.03786512091755867,1e-07,0.030051388,0.0011597566,0.0340552,0.0507272332906723,0.11571608483791351,0.014021898619830608,0.11841409653425217
2408,0.037865087389945984,1e-07,0.030051377,0.001159756,0.034055192,0.05072537437081337,0.1157078742980957,0.014020073227584362,0.11840639263391495
2409,0.037865057587623596,1e-07,0.030051364,0.0011597555,0.034055185,0.050723545253276825,0.11569978296756744,0.014018276706337929,0.11839880049228668
2410,0.03786502778530121,1e-07,0.030051347,0.001159754,0.034055162,0.05072172358632088,0.11569172143936157,0.014016486704349518,0.1183912456035614
2411,0.037864990532398224,1e-07,0.030051341,0.0011597542,0.034055166,0.05071993172168732,0.11568377912044525,0.01401472371071577,0.11838379502296448
2412,0.037864964455366135,1e-07,0.030051332,0.0011597534,0.03405515,0.050718169659376144,0.11567596346139908,0.014012989588081837,0.1183764711022377
2413,0.03786492720246315,1e-07,0.030051313,0.0011597525,0.03405514,0.05071639269590378,0.11566810309886932,0.014011244289577007,0.11836910247802734
2414,0.03786489740014076,1e-07,0.0300513,0.001159752,0.034055132,0.0507146455347538,0.11566036939620972,0.014009525999426842,0.11836184561252594
2415,0.03786487132310867,1e-07,0.030051295,0.0011597517,0.03405513,0.05071292072534561,0.11565276235342026,0.01400783658027649,0.11835470795631409
2416,0.03786483407020569,1e-07,0.03005127,0.0011597504,0.034055106,0.050711214542388916,0.11564519256353378,0.014006158336997032,0.11834761500358582
2417,0.0378648042678833,1e-07,0.030051263,0.0011597504,0.034055106,0.050709523260593414,0.11563771963119507,0.014004500582814217,0.11834061145782471
2418,0.03786477446556091,1e-07,0.03005126,0.0011597495,0.034055095,0.050707846879959106,0.11563030630350113,0.014002854004502296,0.11833365261554718
2419,0.03786474093794823,1e-07,0.030051252,0.0011597495,0.034055095,0.0507061742246151,0.11562293767929077,0.014001215808093548,0.11832673102617264
2420,0.03786470741033554,1e-07,0.030051231,0.0011597484,0.03405508,0.050704535096883774,0.11561568081378937,0.013999608345329762,0.11831994354724884
2421,0.03786467760801315,1e-07,0.030051218,0.0011597478,0.03405507,0.05070292204618454,0.11560852825641632,0.013998021371662617,0.11831323057413101
2422,0.037864647805690765,1e-07,0.030051215,0.001159748,0.034055073,0.050701308995485306,0.11560138314962387,0.013996435329318047,0.11830653250217438
2423,0.03786461427807808,1e-07,0.0300512,0.001159747,0.034055058,0.050699714571237564,0.11559434980154037,0.01399487815797329,0.1182999536395073
2424,0.03786458075046539,1e-07,0.030051176,0.001159746,0.034055043,0.05069813132286072,0.11558735370635986,0.013993324711918831,0.1182933822274208
2425,0.037864550948143005,1e-07,0.03005117,0.001159745,0.034055028,0.05069657042622566,0.11558046191930771,0.013991797342896461,0.11828693002462387
2426,0.03786451742053032,1e-07,0.03005114,0.0011597436,0.03405501,0.050695016980171204,0.11557360738515854,0.01399027369916439,0.11828048527240753
2427,0.03786448389291763,1e-07,0.030051135,0.0011597432,0.034055002,0.050693485885858536,0.11556683480739594,0.01398877240717411,0.11827413737773895
2428,0.037864454090595245,1e-07,0.030051121,0.0011597427,0.034054995,0.05069196969270706,0.1155601292848587,0.01398728508502245,0.11826785653829575
2429,0.03786442428827286,1e-07,0.03005112,0.0011597426,0.034054995,0.05069047212600708,0.11555353552103043,0.013985821977257729,0.1182616651058197
2430,0.03786439448595047,1e-07,0.030051112,0.0011597421,0.034054987,0.05068899318575859,0.11554698646068573,0.013984371908009052,0.11825553327798843
2431,0.037864360958337784,1e-07,0.030051094,0.0011597413,0.034054976,0.0506875105202198,0.11554048210382462,0.013982927426695824,0.11824943125247955
2432,0.0378643274307251,1e-07,0.030051075,0.00115974,0.034054957,0.0506860576570034,0.11553405225276947,0.013981503434479237,0.11824341118335724
2433,0.03786429390311241,1e-07,0.030051071,0.00115974,0.034054957,0.050684619694948196,0.1155276894569397,0.013980092480778694,0.1182374432682991
2434,0.037864264100790024,1e-07,0.030051049,0.001159739,0.034054942,0.05068318173289299,0.11552135646343231,0.013978689908981323,0.11823151260614395
2435,0.037864234298467636,1e-07,0.030051043,0.0011597389,0.03405494,0.050681762397289276,0.11551512777805328,0.01397730689495802,0.11822566390037537
2436,0.03786419332027435,1e-07,0.030051026,0.0011597382,0.034054928,0.050680361688137054,0.11550893634557724,0.013975935988128185,0.11821985989809036
2437,0.037864163517951965,1e-07,0.030051013,0.0011597372,0.034054916,0.050678983330726624,0.11550283432006836,0.013974581845104694,0.11821413785219193
2438,0.037864137440919876,1e-07,0.030051002,0.0011597369,0.03405491,0.050677590072155,0.11549673229455948,0.013973228633403778,0.11820840835571289
2439,0.03786410391330719,1e-07,0.030050991,0.0011597357,0.034054894,0.05067622661590576,0.11549071222543716,0.01397189311683178,0.11820276081562042
2440,0.037864066660404205,1e-07,0.030050974,0.0011597351,0.034054883,0.05067488178610802,0.1154847964644432,0.01397058367729187,0.11819722503423691
2441,0.03786403685808182,1e-07,0.030050965,0.0011597348,0.03405488,0.05067355930805206,0.11547895520925522,0.013969289138913155,0.11819174885749817
2442,0.03786400333046913,1e-07,0.030050954,0.0011597341,0.034054868,0.05067224055528641,0.11547312885522842,0.013967998325824738,0.11818628758192062
2443,0.03786397725343704,1e-07,0.030050933,0.0011597323,0.03405484,0.05067093297839165,0.11546735465526581,0.01396671961992979,0.11818087846040726
2444,0.037863943725824356,1e-07,0.030050917,0.0011597316,0.034054834,0.050669632852077484,0.11546166241168976,0.013965455815196037,0.11817552894353867
2445,0.03786390647292137,1e-07,0.030050902,0.0011597308,0.03405482,0.05066835135221481,0.1154559850692749,0.01396420132368803,0.11817022413015366
2446,0.03786388039588928,1e-07,0.030050892,0.0011597306,0.034054816,0.050667088478803635,0.1154504269361496,0.013962967321276665,0.11816500127315521
2447,0.037863850593566895,1e-07,0.030050885,0.0011597306,0.034054816,0.05066583305597305,0.11544491350650787,0.013961747288703918,0.11815983802080154
2448,0.03786381706595421,1e-07,0.030050887,0.0011597305,0.034054816,0.05066458880901337,0.11543943732976913,0.013960535638034344,0.11815471202135086
2449,0.03786378353834152,1e-07,0.03005087,0.001159729,0.034054793,0.050663355737924576,0.11543400585651398,0.013959330506622791,0.11814960837364197
2450,0.037863753736019135,1e-07,0.030050833,0.0011597271,0.034054767,0.05066214129328728,0.11542866379022598,0.013958146795630455,0.11814460158348083
2451,0.03786372020840645,1e-07,0.03005083,0.0011597272,0.034054767,0.05066091939806938,0.1154232993721962,0.01395695935934782,0.11813957244157791
2452,0.03786369040608406,1e-07,0.030050825,0.0011597268,0.03405476,0.05065973475575447,0.11541807651519775,0.013955801725387573,0.11813467741012573
2453,0.037863656878471375,1e-07,0.030050814,0.0011597264,0.034054756,0.05065855383872986,0.11541290581226349,0.01395465712994337,0.11812983453273773
2454,0.03786362335085869,1e-07,0.030050792,0.001159725,0.034054734,0.05065738409757614,0.11540774255990982,0.013953516259789467,0.11812499910593033
2455,0.037863589823246,1e-07,0.030050766,0.001159724,0.03405472,0.050656214356422424,0.11540261656045914,0.013952377252280712,0.11812017858028412
2456,0.037863560020923615,1e-07,0.030050764,0.0011597237,0.034054715,0.050655070692300797,0.11539757251739502,0.013951264321804047,0.11811546981334686
2457,0.03786352649331093,1e-07,0.03005075,0.0011597235,0.03405471,0.05065392702817917,0.11539256572723389,0.013950154185295105,0.1181107684969902
2458,0.03786349669098854,1e-07,0.030050743,0.0011597226,0.0340547,0.05065280199050903,0.11538761854171753,0.013949058949947357,0.11810613423585892
2459,0.037863463163375854,1e-07,0.030050736,0.0011597227,0.0340547,0.050651680678129196,0.11538270860910416,0.013947971165180206,0.11810152977705002
2460,0.03786342963576317,1e-07,0.030050706,0.0011597204,0.034054667,0.05065058171749115,0.11537788808345795,0.013946902938187122,0.11809700727462769
2461,0.03786339983344078,1e-07,0.030050697,0.00115972,0.034054663,0.050649479031562805,0.11537303775548935,0.013945830054581165,0.11809246242046356
2462,0.03786337003111839,1e-07,0.030050695,0.00115972,0.034054663,0.05064839497208595,0.11536829173564911,0.013944779522716999,0.1180880144238472
2463,0.03786333277821541,1e-07,0.030050678,0.0011597194,0.03405465,0.050647325813770294,0.11536363512277603,0.01394374668598175,0.1180836409330368
2464,0.03786329925060272,1e-07,0.030050673,0.001159719,0.034054648,0.05064626783132553,0.11535894870758057,0.013942712917923927,0.11807926744222641
2465,0.03786327317357063,1e-07,0.030050663,0.0011597185,0.03405464,0.050645217299461365,0.11535434424877167,0.013941694982349873,0.11807495355606079
2466,0.03786323964595795,1e-07,0.030050645,0.0011597176,0.034054626,0.050644174218177795,0.11534978449344635,0.013940681703388691,0.11807066202163696
2467,0.03786320984363556,1e-07,0.030050622,0.0011597158,0.0340546,0.05064313858747482,0.11534523963928223,0.01393967866897583,0.11806641519069672
2468,0.037863172590732574,1e-07,0.030050624,0.0011597164,0.03405461,0.05064212530851364,0.11534081399440765,0.01393869798630476,0.11806226521730423
2469,0.03786314278841019,1e-07,0.030050604,0.0011597148,0.034054585,0.05064111202955246,0.11533637344837189,0.013937714509665966,0.11805810034275055
2470,0.0378631129860878,1e-07,0.030050589,0.0011597143,0.034054577,0.05064011365175247,0.11533202230930328,0.013936752453446388,0.11805402487516403
2471,0.037863075733184814,1e-07,0.030050566,0.0011597129,0.03405456,0.05063912272453308,0.11532767117023468,0.013935787603259087,0.11804993450641632
2472,0.03786304593086243,1e-07,0.03005055,0.0011597123,0.034054548,0.05063813924789429,0.11532338708639145,0.013934841379523277,0.11804592609405518
2473,0.03786301240324974,1e-07,0.030050544,0.0011597119,0.034054544,0.05063717067241669,0.1153191328048706,0.013933899812400341,0.11804194003343582
2474,0.037862978875637054,1e-07,0.030050525,0.0011597103,0.03405452,0.05063619837164879,0.11531490087509155,0.013932963833212852,0.11803797632455826
2475,0.03786294907331467,1e-07,0.030050524,0.0011597107,0.034054525,0.05063524842262268,0.11531072854995728,0.013932041823863983,0.11803407222032547
2476,0.03786291554570198,1e-07,0.030050512,0.0011597096,0.03405451,0.05063430964946747,0.11530663818120956,0.013931137509644032,0.11803024262189865
2477,0.03786288574337959,1e-07,0.030050494,0.0011597087,0.034054495,0.050633370876312256,0.11530251801013947,0.013930223882198334,0.11802636831998825
2478,0.03786285221576691,1e-07,0.030050477,0.001159708,0.034054484,0.05063244700431824,0.11529849469661713,0.01392933540046215,0.1180226057767868
2479,0.03786281496286392,1e-07,0.03005046,0.001159707,0.03405447,0.050631530582904816,0.11529450118541718,0.013928450644016266,0.11801885813474655
2480,0.03786278888583183,1e-07,0.030050457,0.0011597066,0.034054466,0.05063062906265259,0.11529054492712021,0.013927577063441277,0.11801515519618988
2481,0.03786275535821915,1e-07,0.030050438,0.0011597059,0.034054454,0.050629716366529465,0.11528658866882324,0.013926701620221138,0.11801144480705261
2482,0.03786272183060646,1e-07,0.030050425,0.001159705,0.034054443,0.050628840923309326,0.11528275161981583,0.013925853185355663,0.1180078536272049
2483,0.03786269202828407,1e-07,0.030050414,0.0011597044,0.034054432,0.05062795802950859,0.11527891457080841,0.013925003819167614,0.11800425499677658
2484,0.03786265850067139,1e-07,0.03005041,0.0011597044,0.034054432,0.05062709003686905,0.11527510732412338,0.01392416376620531,0.11800069361925125
2485,0.037862628698349,1e-07,0.030050397,0.0011597036,0.03405442,0.05062622204422951,0.11527135223150253,0.01392333209514618,0.1179971694946289
2486,0.037862591445446014,1e-07,0.030050376,0.0011597025,0.034054406,0.05062537267804146,0.11526761949062347,0.013922507874667645,0.11799367517232895
2487,0.037862565368413925,1e-07,0.030050367,0.0011597024,0.034054402,0.05062451213598251,0.11526390165090561,0.01392168365418911,0.11799018085002899
2488,0.03786253184080124,1e-07,0.030050356,0.001159701,0.034054384,0.05062367394566536,0.11526026576757431,0.013920878991484642,0.1179867759346962
2489,0.03786249831318855,1e-07,0.030050347,0.0011597007,0.03405438,0.0506228506565094,0.11525668948888779,0.013920088298618793,0.11798342317342758
2490,0.03786246478557587,1e-07,0.030050337,0.0011597003,0.034054372,0.05062202364206314,0.11525306850671768,0.01391928642988205,0.11798002570867538
2491,0.03786243498325348,1e-07,0.030050315,0.0011596992,0.034054358,0.050621211528778076,0.11524953693151474,0.013918506912887096,0.11797672510147095
2492,0.037862397730350494,1e-07,0.030050306,0.0011596985,0.034054346,0.05062039941549301,0.11524604260921478,0.01391773484647274,0.1179734468460083
2493,0.03786236792802811,1e-07,0.03005029,0.0011596975,0.03405433,0.05061960965394974,0.115242600440979,0.01391697395592928,0.11797022819519043
2494,0.03786233440041542,1e-07,0.030050281,0.0011596972,0.034054328,0.050618816167116165,0.11523914337158203,0.01391620934009552,0.11796698719263077
2495,0.037862300872802734,1e-07,0.030050257,0.0011596954,0.0340543,0.05061803385615349,0.11523576825857162,0.013915464282035828,0.11796382814645767
2496,0.03786226734519005,1e-07,0.03005025,0.0011596952,0.034054298,0.05061725527048111,0.11523237079381943,0.013914714567363262,0.11796064674854279
2497,0.03786223754286766,1e-07,0.030050248,0.0011596952,0.034054298,0.050616487860679626,0.1152290552854538,0.01391397975385189,0.11795753240585327
2498,0.037862204015254974,1e-07,0.03005023,0.0011596942,0.034054283,0.05061572417616844,0.11522574722766876,0.013913246802985668,0.11795442551374435
2499,0.03786217048764229,1e-07,0.030050214,0.0011596933,0.034054272,0.05061497166752815,0.11522247642278671,0.01391252689063549,0.11795137822628021
2500,0.0378621369600296,1e-07,0.0300502,0.0011596929,0.034054264,0.050614237785339355,0.11521928012371063,0.013911820948123932,0.11794838309288025
2501,0.037862107157707214,1e-07,0.03005019,0.0011596923,0.034054257,0.05061349272727966,0.11521607637405396,0.013911111280322075,0.11794537305831909
2502,0.03786207363009453,1e-07,0.030050186,0.0011596922,0.034054253,0.050612762570381165,0.11521291732788086,0.013910414651036263,0.11794242262840271
2503,0.03786204010248184,1e-07,0.030050155,0.0011596902,0.034054223,0.05061204358935356,0.11520981788635254,0.013909729197621346,0.11793951690196991
2504,0.037862006574869156,1e-07,0.030050145,0.0011596902,0.034054223,0.05061132460832596,0.11520670354366302,0.013909039087593555,0.11793658882379532
2505,0.03786197677254677,1e-07,0.03005013,0.0011596888,0.034054205,0.05061062425374985,0.11520366370677948,0.013908368535339832,0.1179337427020073
2506,0.03786194697022438,1e-07,0.03005012,0.0011596883,0.034054197,0.05060991272330284,0.11520057916641235,0.01390768587589264,0.11793085187673569
2507,0.037861913442611694,1e-07,0.030050118,0.001159688,0.034054194,0.05060921609401703,0.1151975616812706,0.013907019980251789,0.11792802810668945
2508,0.03786187991499901,1e-07,0.030050099,0.0011596873,0.034054182,0.050608523190021515,0.11519458144903183,0.01390636246651411,0.1179252415895462
2509,0.03786184638738632,1e-07,0.03005008,0.0011596865,0.03405417,0.0506078377366066,0.11519165337085724,0.013905713334679604,0.11792249232530594
2510,0.03786180913448334,1e-07,0.030050071,0.0011596858,0.03405416,0.05060715973377228,0.11518871784210205,0.013905065134167671,0.11791974306106567
2511,0.03786177933216095,1e-07,0.03005006,0.0011596854,0.034054153,0.050606489181518555,0.11518583446741104,0.013904428109526634,0.11791703850030899
2512,0.037861745804548264,1e-07,0.030050047,0.0011596843,0.034054138,0.050605833530426025,0.11518299579620361,0.013903799466788769,0.11791437119245529
2513,0.037861716002225876,1e-07,0.030050032,0.0011596836,0.034054127,0.0506051667034626,0.1151801198720932,0.01390316803008318,0.117911696434021
2514,0.03786168247461319,1e-07,0.030050017,0.001159683,0.03405412,0.05060451477766037,0.11517731100320816,0.013902544975280762,0.11790905147790909
2515,0.037861648947000504,1e-07,0.030050002,0.0011596824,0.03405411,0.05060386285185814,0.11517451703548431,0.013901929371058941,0.11790644377470016
2516,0.03786161169409752,1e-07,0.030049993,0.0011596817,0.0340541,0.0506032332777977,0.11517182737588882,0.013901332393288612,0.11790391057729721
2517,0.03786158561706543,1e-07,0.030049976,0.0011596804,0.034054082,0.05060260370373726,0.11516908556222916,0.013900728896260262,0.11790135502815247
2518,0.037861552089452744,1e-07,0.030049976,0.0011596808,0.034054086,0.05060196295380592,0.11516636610031128,0.013900128193199635,0.11789880692958832
2519,0.03786151856184006,1e-07,0.030049954,0.0011596797,0.03405407,0.05060134083032608,0.11516366899013519,0.01389953214675188,0.11789627373218536
2520,0.03786148875951767,1e-07,0.030049942,0.0011596784,0.034054052,0.05060073360800743,0.11516108363866806,0.013898959383368492,0.11789384484291077
2521,0.037861455231904984,1e-07,0.030049933,0.0011596777,0.03405404,0.05060012266039848,0.11515846103429794,0.01389838196337223,0.11789140105247498
2522,0.037861417979002,1e-07,0.030049933,0.001159678,0.034054045,0.05059953033924103,0.11515592038631439,0.013897819444537163,0.11788901686668396
2523,0.03786138445138931,1e-07,0.030049907,0.0011596765,0.034054022,0.05059892684221268,0.11515333503484726,0.013897247612476349,0.11788658797740936
2524,0.037861354649066925,1e-07,0.030049892,0.0011596757,0.03405401,0.05059833824634552,0.1151508092880249,0.013896691612899303,0.11788422614336014
2525,0.03786131739616394,1e-07,0.030049892,0.0011596755,0.034054007,0.05059774965047836,0.11514829099178314,0.013896135613322258,0.11788187175989151
2526,0.03786128759384155,1e-07,0.030049864,0.001159674,0.034053985,0.0505971685051918,0.11514581739902496,0.013895590789616108,0.11787956207990646
2527,0.03786125406622887,1e-07,0.030049851,0.0011596734,0.034053978,0.05059659108519554,0.11514334380626678,0.01389504037797451,0.11787722259759903
2528,0.03786122053861618,1e-07,0.030049842,0.0011596731,0.034053974,0.050596024841070175,0.11514092981815338,0.01389450766146183,0.11787496507167816
2529,0.03786119073629379,1e-07,0.030049842,0.001159673,0.03405397,0.050595466047525406,0.11513854563236237,0.013893982395529747,0.11787273734807968
2530,0.03786115348339081,1e-07,0.030049818,0.0011596718,0.034053955,0.05059490352869034,0.11513616144657135,0.013893455266952515,0.1178705021739006
2531,0.03786112368106842,1e-07,0.030049808,0.0011596715,0.034053948,0.05059434846043587,0.11513376235961914,0.013892926275730133,0.11786825954914093
2532,0.03786109387874603,1e-07,0.030049792,0.0011596703,0.034053933,0.05059381201863289,0.11513147503137589,0.013892421498894691,0.11786611378192902
2533,0.03786106035113335,1e-07,0.030049775,0.001159669,0.034053914,0.050593260675668716,0.11512913554906845,0.013891905546188354,0.11786393076181412
2534,0.03786102682352066,1e-07,0.03004976,0.0011596681,0.0340539,0.050592727959156036,0.11512686312198639,0.013891401700675488,0.1178617924451828
2535,0.037860989570617676,1e-07,0.030049754,0.0011596681,0.0340539,0.05059219151735306,0.11512459814548492,0.013890901580452919,0.11785966902971268
2536,0.03786095976829529,1e-07,0.030049734,0.0011596667,0.03405388,0.050591662526130676,0.11512234061956406,0.013890405185520649,0.11785756051540375
2537,0.0378609262406826,1e-07,0.030049725,0.0011596663,0.034053873,0.05059114843606949,0.11512015014886856,0.013889920897781849,0.1178555116057396
