epoch,loss,lr,mae,mse,rmse,val_loss,val_mae,val_mse,val_rmse
0,1.5147830247879028,1e-04,0.357064,0.24335444,0.49330968,1.2729514837265015,0.0491015762090683,0.0034386294428259134,0.058639828115701675
1,1.5046236515045166,1e-04,0.35860232,0.23511086,0.48488232,1.2710270881652832,0.04905613511800766,0.0034323777072131634,0.058586496859788895
2,1.494342565536499,1e-04,0.3618925,0.22674787,0.4761805,1.2691007852554321,0.04901592433452606,0.003426675219088793,0.058537811040878296
3,1.4839495420455933,1e-04,0.365373,0.21827535,0.46719947,1.2671735286712646,0.04897844046354294,0.0034212577156722546,0.05849151685833931
4,1.4734632968902588,1e-04,0.36851695,0.20971118,0.45794234,1.265246868133545,0.04894343763589859,0.0034161023795604706,0.05844743177294731
5,1.4629197120666504,1e-04,0.37122926,0.20108901,0.4484295,1.2633230686187744,0.04891090840101242,0.003411211771890521,0.05840557813644409
6,1.4523805379867554,1e-04,0.3734282,0.1924687,0.43871254,1.2614024877548218,0.0488806813955307,0.0034065721556544304,0.058365847915410995
7,1.4419461488723755,1e-04,0.3750526,0.18395019,0.42889413,1.2594863176345825,0.04885263741016388,0.0034021753817796707,0.05832817032933235
8,1.4317678213119507,1e-04,0.37607086,0.17568368,0.41914636,1.2575736045837402,0.04882660508155823,0.003398007247596979,0.05829242989420891
9,1.4220492839813232,1e-04,0.37648907,0.16787367,0.40972388,1.2556636333465576,0.04880214482545853,0.003394026542082429,0.05825827270746231
10,1.4130396842956543,1e-04,0.37635806,0.16077004,0.4009614,1.2537540197372437,0.04877856373786926,0.003390165977180004,0.058225132524967194
11,1.4050065279006958,1e-04,0.37577498,0.15464276,0.39324644,1.2518409490585327,0.04875478893518448,0.0033863212447613478,0.05819210782647133
12,1.3981928825378418,1e-04,0.37487742,0.14973827,0.3869603,1.2499213218688965,0.04872935265302658,0.0033823472913354635,0.05815795063972473
13,1.3927640914916992,1e-04,0.3738276,0.14622514,0.38239396,1.2479912042617798,0.048700302839279175,0.0033780497033149004,0.05812099203467369
14,1.3887556791305542,1e-04,0.37278733,0.14414257,0.3796611,1.246047019958496,0.04866524040699005,0.0033731902949512005,0.05807917192578316
15,1.386042594909668,1e-04,0.37188962,0.14336878,0.3786407,1.244086503982544,0.04862161725759506,0.0033675148151814938,0.05803029239177704
16,1.3843462467193604,1e-04,0.37121424,0.14362724,0.37898186,1.242108702659607,0.04856713116168976,0.0033607983496040106,0.057972393929958344
17,1.383286952972412,1e-04,0.37077606,0.14453901,0.38018286,1.2401149272918701,0.048500046133995056,0.0033528762869536877,0.05790402740240097
18,1.3824691772460938,1e-04,0.37053546,0.14570704,0.38171592,1.2381081581115723,0.04841937869787216,0.0033436696976423264,0.057824473828077316
19,1.3815608024597168,1e-04,0.37042388,0.14679621,0.38313994,1.2360910177230835,0.048325009644031525,0.0033331906888633966,0.057733792811632156
20,1.3803355693817139,1e-04,0.37037134,0.14757778,0.38415852,1.2340668439865112,0.04821743816137314,0.0033215240109711885,0.05763266608119011
21,1.378679633140564,1e-04,0.37032405,0.14793427,0.38462225,1.232037901878357,0.048097625374794006,0.0033088023774325848,0.05752218887209892
22,1.376569151878357,1e-04,0.37025023,0.14784008,0.3844998,1.2300063371658325,0.04796680808067322,0.0032951864413917065,0.05740371346473694
23,1.3740452527999878,1e-04,0.37013784,0.14733416,0.3838413,1.2279738187789917,0.0478263720870018,0.0032808533869683743,0.05727873370051384
24,1.3711884021759033,1e-04,0.36998948,0.14649546,0.38274726,1.225941777229309,0.04767776280641556,0.0032659752760082483,0.05714871361851692
25,1.3680989742279053,1e-04,0.3698158,0.14542325,0.381344,1.2239108085632324,0.0475224032998085,0.0032507232390344143,0.05701511353254318
26,1.3648823499679565,1e-04,0.3696306,0.14422236,0.3797662,1.2218812704086304,0.047361768782138824,0.0032352611888200045,0.05687935650348663
27,1.3616381883621216,1e-04,0.36944696,0.14299212,0.37814298,1.219853401184082,0.04719727486371994,0.0032197393011301756,0.056742746382951736
28,1.3584516048431396,1e-04,0.36927438,0.14181787,0.37658712,1.2178281545639038,0.04703034460544586,0.003204297972843051,0.05660651996731758
29,1.3553889989852905,1e-04,0.3691179,0.14076515,0.3751868,1.215804934501648,0.04686231166124344,0.003189059207215905,0.05647175759077072
30,1.3524924516677856,1e-04,0.36897787,0.1398765,0.37400067,1.2137844562530518,0.04669450223445892,0.003174132900312543,0.05633944272994995
31,1.3497810363769531,1e-04,0.3688507,0.13917083,0.37305605,1.2117663621902466,0.046603672206401825,0.0031596089247614145,0.05621039867401123
32,1.3472522497177124,1e-04,0.36873046,0.13864544,0.37235123,1.2097513675689697,0.04662273824214935,0.0031455608550459146,0.05608529970049858
33,1.3448861837387085,1e-04,0.36861014,0.13828033,0.37186062,1.207738995552063,0.0466407909989357,0.003132037352770567,0.05596460774540901
34,1.3426504135131836,1e-04,0.36848292,0.13804342,0.37154195,1.2057301998138428,0.04665742814540863,0.0031190733425319195,0.05584866553544998
35,1.3405077457427979,1e-04,0.36834335,0.1378966,0.3713443,1.20372474193573,0.04667232185602188,0.0031066848896443844,0.05573764443397522
36,1.3384188413619995,1e-04,0.36818746,0.13780081,0.3712153,1.2017226219177246,0.04668518900871277,0.003094868268817663,0.05563154071569443
37,1.336348295211792,1e-04,0.36801323,0.1377206,0.37110725,1.1997244358062744,0.04669585078954697,0.0030836081132292747,0.05553024634718895
38,1.334267497062683,1e-04,0.36781988,0.13762675,0.3709808,1.197729229927063,0.046704165637493134,0.00307287834584713,0.055433548986911774
39,1.332154631614685,1e-04,0.36760807,0.13749816,0.37080744,1.1957381963729858,0.04671011120080948,0.0030626433435827494,0.05534115433692932
40,1.3299976587295532,1e-04,0.3673791,0.13732211,0.37056997,1.1937510967254639,0.046713702380657196,0.003052860964089632,0.05525270104408264
41,1.3277921676635742,1e-04,0.36713517,0.13709386,0.37026188,1.1917674541473389,0.04671502113342285,0.0030434872023761272,0.05516780912876129
42,1.3255395889282227,1e-04,0.3668786,0.13681562,0.36988595,1.1897871494293213,0.04671420156955719,0.0030344717670232058,0.05508603900671005
43,1.3232476711273193,1e-04,0.36661205,0.13649493,0.3694522,1.187809944152832,0.046711452305316925,0.0030257697217166424,0.05500699579715729
44,1.3209271430969238,1e-04,0.36633825,0.13614303,0.36897564,1.185835838317871,0.046706996858119965,0.003017331473529339,0.05493024364113808
45,1.318591594696045,1e-04,0.36606002,0.1357731,0.36847404,1.1838644742965698,0.0467010959982872,0.0030091111548244953,0.05485536530613899
46,1.316253900527954,1e-04,0.3657798,0.13539857,0.36796543,1.1818956136703491,0.04669402539730072,0.0030010626651346684,0.0547819547355175
47,1.3139262199401855,1e-04,0.36549997,0.13503169,0.36746657,1.1799290180206299,0.04668610543012619,0.0029931471217423677,0.05470966175198555
48,1.311618447303772,1e-04,0.36522254,0.1346825,0.36699116,1.177964448928833,0.04667763411998749,0.0029853270389139652,0.05463814735412598
49,1.3093370199203491,1e-04,0.36494884,0.13435797,0.36654875,1.1760011911392212,0.04666893184185028,0.002977569354698062,0.054567109793424606
50,1.3070851564407349,1e-04,0.36467955,0.13406163,0.36614427,1.1740398406982422,0.04666028916835785,0.0029698461294174194,0.054496295750141144
51,1.304863691329956,1e-04,0.36441502,0.13379385,0.36577842,1.1720796823501587,0.04665197432041168,0.002962132915854454,0.05442548170685768
52,1.3026695251464844,1e-04,0.36415458,0.13355203,0.3654477,1.1701200008392334,0.04664425551891327,0.002954414114356041,0.05435452237725258
53,1.3004969358444214,1e-04,0.36389735,0.13333137,0.36514568,1.168162226676941,0.04663733392953873,0.002946677152067423,0.05428330600261688
54,1.2983413934707642,1e-04,0.363642,0.13312583,0.3648641,1.1662052869796753,0.04663141071796417,0.002938917838037014,0.05421178787946701
55,1.2961952686309814,1e-04,0.36338696,0.13292888,0.36459413,1.1642494201660156,0.04662659764289856,0.0029311361722648144,0.05413996800780296
56,1.2940527200698853,1e-04,0.3631307,0.13273443,0.36432737,1.1622951030731201,0.04662300646305084,0.002923336811363697,0.05406789109110832
57,1.2919092178344727,1e-04,0.3628719,0.13253747,0.36405694,1.160341739654541,0.046620652079582214,0.0029155283700674772,0.053995631635189056
58,1.289760708808899,1e-04,0.3626095,0.13233446,0.36377802,1.1583895683288574,0.04661955684423447,0.0029077278450131416,0.053923349827528
59,1.2876052856445312,1e-04,0.36234298,0.13212346,0.3634879,1.1564390659332275,0.04661963880062103,0.0028999466449022293,0.05385115370154381
60,1.2854434251785278,1e-04,0.36207208,0.13190429,0.3631863,1.1544902324676514,0.046620845794677734,0.0028922075871378183,0.053779248148202896
61,1.2832759618759155,1e-04,0.36179695,0.13167799,0.36287463,1.152543306350708,0.04662303626537323,0.0028845281340181828,0.053707804530858994
62,1.2811052799224854,1e-04,0.36151806,0.13144661,0.36255568,1.1505985260009766,0.04662608355283737,0.0028769285418093204,0.053637005388736725
63,1.2789342403411865,1e-04,0.36123618,0.13121273,0.36223298,1.148655652999878,0.04662978649139404,0.0028694244101643562,0.053567007184028625
64,1.27676522731781,1e-04,0.3609519,0.130979,0.36191022,1.1467151641845703,0.046633973717689514,0.002862033899873495,0.053497981280088425
65,1.274600863456726,1e-04,0.36066613,0.13074774,0.36159056,1.1447771787643433,0.04663845896720886,0.002854771213606,0.05343005806207657
66,1.2724430561065674,1e-04,0.36037946,0.13052072,0.3612765,1.1428413391113281,0.04664304107427597,0.002847646363079548,0.053363341838121414
67,1.2702927589416504,1e-04,0.36009255,0.13029899,0.3609695,1.1409085988998413,0.046647556126117706,0.0028406702913343906,0.05329794064164162
68,1.2681506872177124,1e-04,0.35980597,0.13008285,0.36067,1.1389782428741455,0.04665180295705795,0.0028338460251688957,0.053233880549669266
69,1.2660163640975952,1e-04,0.35951996,0.1298719,0.36037746,1.137050986289978,0.046655647456645966,0.0028271772898733616,0.05317120626568794
70,1.2638890743255615,1e-04,0.3592348,0.1296653,0.36009067,1.1351267099380493,0.0466589480638504,0.002820663619786501,0.053109921514987946
71,1.261767864227295,1e-04,0.3589507,0.12946177,0.35980797,1.1332052946090698,0.04666159301996231,0.0028143017552793026,0.05304999276995659
72,1.2596509456634521,1e-04,0.35866758,0.12925999,0.35952744,1.1312867403030396,0.04666353017091751,0.0028080909978598356,0.05299142375588417
73,1.2575373649597168,1e-04,0.35838556,0.12905873,0.35924745,1.129371166229248,0.04666469246149063,0.002802022732794285,0.05293413624167442
74,1.2554261684417725,1e-04,0.35810468,0.12885697,0.35896653,1.1274585723876953,0.04666507989168167,0.0027960939332842827,0.05287810415029526
75,1.2533164024353027,1e-04,0.35782492,0.12865402,0.35868374,1.125549077987671,0.04666469246149063,0.0027902955189347267,0.052823249250650406
76,1.2512083053588867,1e-04,0.35754633,0.12844957,0.35839862,1.1236422061920166,0.04666358232498169,0.002784623298794031,0.052769530564546585
77,1.249101161956787,1e-04,0.35726896,0.12824364,0.3581112,1.1217387914657593,0.04666179418563843,0.0027790700551122427,0.05271688476204872
78,1.2469961643218994,1e-04,0.3569928,0.12803648,0.35782185,1.1198382377624512,0.0466594472527504,0.0027736322954297066,0.052665285766124725
79,1.2448933124542236,1e-04,0.35671782,0.12782866,0.35753134,1.1179404258728027,0.046656616032123566,0.0027683046646416187,0.05261468142271042
80,1.2427928447723389,1e-04,0.35644412,0.12762071,0.3572404,1.116045594215393,0.046653442084789276,0.002763087395578623,0.0525650791823864
81,1.2406957149505615,1e-04,0.3561716,0.12741323,0.3569499,1.1141533851623535,0.04665003716945648,0.0027579760644584894,0.05251643434166908
82,1.2386020421981812,1e-04,0.35590026,0.12720673,0.35666052,1.1122642755508423,0.04664651304483414,0.002752970438450575,0.05246875807642937
83,1.2365128993988037,1e-04,0.35562983,0.12700152,0.35637274,1.1103780269622803,0.04664301127195358,0.0027480730786919594,0.052422065287828445
84,1.234427809715271,1e-04,0.3553603,0.12679784,0.35608685,1.1084942817687988,0.04663962870836258,0.002743283286690712,0.052376363426446915
85,1.232346534729004,1e-04,0.35509142,0.12659563,0.3558028,1.1066135168075562,0.046636492013931274,0.0027386052533984184,0.05233168601989746
86,1.2302696704864502,1e-04,0.35482302,0.12639482,0.3555205,1.1047351360321045,0.04663366824388504,0.0027340410742908716,0.05228805914521217
87,1.2281962633132935,1e-04,0.3545549,0.12619518,0.3552396,1.102859616279602,0.046631261706352234,0.0027295961044728756,0.05224553495645523
88,1.2261263132095337,1e-04,0.35428682,0.1259964,0.3549597,1.1009868383407593,0.04662930965423584,0.002725273836404085,0.052204154431819916
89,1.224059820175171,1e-04,0.3540186,0.12579821,0.35468045,1.0991168022155762,0.04662783443927765,0.0027210754342377186,0.052163928747177124
90,1.2219961881637573,1e-04,0.35375014,0.12560038,0.35440144,1.0972492694854736,0.046626873314380646,0.0027170064859092236,0.05212491378188133
91,1.2199350595474243,1e-04,0.3534813,0.12540275,0.35412252,1.0953848361968994,0.046626411378383636,0.002713068388402462,0.052087124437093735
92,1.2178770303726196,1e-04,0.35321197,0.12520523,0.3538435,1.0935230255126953,0.046626411378383636,0.002709262538701296,0.052050575613975525
93,1.2158215045928955,1e-04,0.35294214,0.12500782,0.35356444,1.0916639566421509,0.046626850962638855,0.002705591730773449,0.05201530456542969
94,1.2137688398361206,1e-04,0.35267195,0.124810554,0.35328537,1.0898076295852661,0.04662767052650452,0.0027020550332963467,0.05198129639029503
95,1.2117191553115845,1e-04,0.35240135,0.124613576,0.35300648,1.087954044342041,0.046628788113594055,0.002698649186640978,0.05194852501153946
96,1.2096723318099976,1e-04,0.3521304,0.12441697,0.3527279,1.0861034393310547,0.046630144119262695,0.002695375122129917,0.051917001605033875
97,1.207628846168518,1e-04,0.35185933,0.12422084,0.35244977,1.084255576133728,0.04663165658712387,0.002692227950319648,0.05188668519258499
98,1.2055885791778564,1e-04,0.35158816,0.124025255,0.3521722,1.0824103355407715,0.04663325101137161,0.0026892051100730896,0.05185754597187042
99,1.2035515308380127,1e-04,0.35131717,0.12383035,0.35189536,1.0805684328079224,0.046634845435619354,0.002686301013454795,0.051829539239406586
100,1.201518177986145,1e-04,0.35104623,0.12363601,0.35161912,1.0787293910980225,0.04663635790348053,0.0026835105381906033,0.0518026128411293
101,1.1994881629943848,1e-04,0.35077572,0.12344223,0.35134348,1.0768930912017822,0.046637728810310364,0.0026808278635144234,0.0517767108976841
102,1.1974612474441528,1e-04,0.3505056,0.123249,0.35106838,1.0750595331192017,0.04663892835378647,0.0026782515924423933,0.05175182595849037
103,1.1954374313354492,1e-04,0.35023585,0.12305618,0.35079363,1.0732289552688599,0.04663988947868347,0.0026757740415632725,0.05172788351774216
104,1.193416953086853,1e-04,0.34996668,0.12286371,0.3505192,1.0714013576507568,0.04664059728384018,0.0026733919512480497,0.051704853773117065
105,1.1913995742797852,1e-04,0.3496981,0.12267157,0.350245,1.0695768594741821,0.0466410294175148,0.0026711015962064266,0.05168269947171211
106,1.1893854141235352,1e-04,0.34943008,0.12247964,0.3499709,1.0677549839019775,0.04664117842912674,0.0026689013466238976,0.0516614094376564
107,1.1873739957809448,1e-04,0.3491627,0.12228795,0.34969693,1.0659359693527222,0.04664107412099838,0.002666789572685957,0.05164096876978874
108,1.1853656768798828,1e-04,0.34889588,0.12209651,0.3494231,1.0641199350357056,0.04664072394371033,0.00266476534307003,0.051621366292238235
109,1.1833604574203491,1e-04,0.3486296,0.1219053,0.34914938,1.0623066425323486,0.04664015769958496,0.0026628291234374046,0.05160260945558548
110,1.1813582181930542,1e-04,0.3483638,0.121714376,0.34887588,1.060496211051941,0.04663940519094467,0.00266098091378808,0.051584698259830475
111,1.179358959197998,1e-04,0.34809843,0.121523775,0.3486026,1.058688998222351,0.04663853347301483,0.0026592258363962173,0.0515676811337471
112,1.1773632764816284,1e-04,0.34783342,0.12133354,0.34832963,1.0568842887878418,0.04663757234811783,0.0026575641240924597,0.05155156925320625
113,1.1753703355789185,1e-04,0.34756866,0.121143706,0.34805703,1.0550823211669922,0.046636566519737244,0.0026559997349977493,0.05153639242053032
114,1.1733806133270264,1e-04,0.3473041,0.120954275,0.34778482,1.05328369140625,0.046635568141937256,0.002654535695910454,0.051522187888622284
115,1.1713943481445312,1e-04,0.3470396,0.12076526,0.34751296,1.051487684249878,0.04663460701704025,0.0026531752664595842,0.051508981734514236
116,1.1694111824035645,1e-04,0.34677514,0.12057665,0.3472415,1.049694538116455,0.04663374274969101,0.0026519238017499447,0.05149683356285095
117,1.167431116104126,1e-04,0.34651056,0.12038845,0.34697038,1.0479040145874023,0.04663299024105072,0.0026507824659347534,0.05148575082421303
118,1.1654539108276367,1e-04,0.34624586,0.12020066,0.34669966,1.046116590499878,0.04663235694169998,0.0026497531216591597,0.051475752145051956
119,1.1634800434112549,1e-04,0.345981,0.1200132,0.3464292,1.0443320274353027,0.04663188010454178,0.0026488392613828182,0.05146687477827072
120,1.1615092754364014,1e-04,0.34571597,0.11982614,0.34615913,1.0425502061843872,0.04663154482841492,0.002648040186613798,0.05145911127328873
121,1.1595414876937866,1e-04,0.34545064,0.119639374,0.34588924,1.0407713651657104,0.04663137346506119,0.0026473584584891796,0.05145248770713806
122,1.1575769186019897,1e-04,0.3451852,0.119452976,0.3456197,1.0389951467514038,0.0466313362121582,0.0026467915158718824,0.051446978002786636
123,1.155615210533142,1e-04,0.34491953,0.11926687,0.34535035,1.0372217893600464,0.046631403267383575,0.0026463372632861137,0.05144256353378296
124,1.1536566019058228,1e-04,0.34465376,0.11908114,0.34508136,1.0354516506195068,0.0466315820813179,0.0026459957007318735,0.05143924430012703
125,1.1517013311386108,1e-04,0.3443879,0.11889571,0.34481257,1.0336840152740479,0.0466318279504776,0.0026457631029188633,0.05143698304891586
126,1.1497489213943481,1e-04,0.34412205,0.11871063,0.34454408,1.0319194793701172,0.04663212597370148,0.0026456364430487156,0.05143574997782707
127,1.1477997303009033,1e-04,0.34385622,0.11852586,0.34427586,1.0301578044891357,0.04663243144750595,0.0026456117630004883,0.05143551155924797
128,1.1458536386489868,1e-04,0.3435905,0.11834142,0.34400788,1.0283987522125244,0.046632736921310425,0.002645687200129032,0.05143624544143677
129,1.1439104080200195,1e-04,0.343325,0.118157305,0.34374017,1.026642918586731,0.046633005142211914,0.002645858097821474,0.05143790692090988
130,1.1419706344604492,1e-04,0.34305963,0.11797351,0.34347272,1.024889588356018,0.04663321375846863,0.002646119799464941,0.05144044756889343
131,1.140033483505249,1e-04,0.34279457,0.117790006,0.34320548,1.0231395959854126,0.04663335531949997,0.002646471606567502,0.05144386738538742
132,1.1380997896194458,1e-04,0.3425299,0.11760679,0.34293845,1.0213922262191772,0.04663340747356415,0.0026469100266695023,0.05144812911748886
133,1.136169195175171,1e-04,0.3422655,0.11742386,0.34267166,1.0196478366851807,0.04663337022066116,0.002647432964295149,0.05145321041345596
134,1.1342417001724243,1e-04,0.34200147,0.11724121,0.34240505,1.0179061889648438,0.04663323611021042,0.0026480392552912235,0.05145910382270813
135,1.1323169469833374,1e-04,0.34173784,0.117058836,0.34213862,1.016167402267456,0.04663302004337311,0.0026487288996577263,0.051465801894664764
136,1.1303954124450684,1e-04,0.34147453,0.116876744,0.3418724,1.0144317150115967,0.04663272202014923,0.002649501897394657,0.051473312079906464
137,1.1284770965576172,1e-04,0.34121156,0.116694905,0.34160635,1.012698769569397,0.046632349491119385,0.002650357550010085,0.05148162320256233
138,1.1265617609024048,1e-04,0.34094894,0.11651335,0.3413405,1.010968565940857,0.04663193225860596,0.002651299349963665,0.051490768790245056
139,1.1246494054794312,1e-04,0.34068656,0.11633208,0.34107488,1.0092413425445557,0.04663147032260895,0.0026523256674408913,0.05150073394179344
140,1.1227401494979858,1e-04,0.34042445,0.116151094,0.34080946,1.007516622543335,0.046630993485450745,0.0026534409262239933,0.05151155963540077
141,1.1208335161209106,1e-04,0.34016255,0.11597037,0.34054422,1.0057953596115112,0.04663052409887314,0.002654646523296833,0.05152326077222824
142,1.118930697441101,1e-04,0.33990082,0.11578997,0.34027925,1.0040764808654785,0.046630069613456726,0.0026559438556432724,0.051535848528146744
143,1.1170302629470825,1e-04,0.33963928,0.11560983,0.34001446,1.0023607015609741,0.0466296449303627,0.0026573343202471733,0.051549337804317474
144,1.115133285522461,1e-04,0.3393778,0.115429975,0.33974987,1.000647783279419,0.04662926495075226,0.002658819779753685,0.05156374350190163
145,1.1132392883300781,1e-04,0.33911636,0.11525043,0.33948553,0.9989376664161682,0.04662895202636719,0.002660402562469244,0.05157909169793129
146,1.1113485097885132,1e-04,0.33885503,0.115071155,0.3392214,0.9972304105758667,0.046628691256046295,0.0026620817370712757,0.05159536376595497
147,1.109460473060608,1e-04,0.33859372,0.114892155,0.33895746,0.9955258369445801,0.046628497540950775,0.00266385730355978,0.05161257088184357
148,1.1075754165649414,1e-04,0.33833244,0.11471345,0.33869374,0.9938242435455322,0.04662836343050003,0.0026657292619347572,0.05163070186972618
149,1.1056936979293823,1e-04,0.33807123,0.11453503,0.33843026,0.9921254515647888,0.04662828892469406,0.0026676959823817015,0.05164974182844162
150,1.103814721107483,1e-04,0.33781004,0.11435687,0.33816692,0.9904294610023499,0.04662826657295227,0.0026697579305619,0.05166970193386078
151,1.1019388437271118,1e-04,0.33754888,0.11417901,0.33790386,0.9887363910675049,0.046628281474113464,0.002671911148354411,0.05169053375720978
152,1.1000659465789795,1e-04,0.33728787,0.11400142,0.33764097,0.9870462417602539,0.04662833362817764,0.0026741556357592344,0.05171223729848862
153,1.0981961488723755,1e-04,0.33702686,0.11382409,0.33737826,0.9853590130805969,0.04662839323282242,0.0026764865033328533,0.05173477157950401
154,1.0963294506072998,1e-04,0.336766,0.11364704,0.33711576,0.9836742877960205,0.04662846773862839,0.002678903052583337,0.05175812169909477
155,1.0944656133651733,1e-04,0.33650532,0.113470264,0.33685347,0.9819925427436829,0.046628519892692566,0.0026814008597284555,0.05178224295377731
156,1.0926047563552856,1e-04,0.33624473,0.11329374,0.33659136,0.9803136587142944,0.046628572046756744,0.002683980856090784,0.05180715024471283
157,1.0907472372055054,1e-04,0.33598438,0.11311751,0.33632946,0.9786375761032104,0.04662858694791794,0.002686637919396162,0.051832787692546844
158,1.0888924598693848,1e-04,0.33572415,0.1129415,0.3360677,0.9769643545150757,0.04662857949733734,0.0026893713511526585,0.05185914784669876
159,1.0870407819747925,1e-04,0.3354642,0.11276579,0.3358062,0.9752936363220215,0.046628519892692566,0.002692178823053837,0.05188621208071709
160,1.0851917266845703,1e-04,0.3352044,0.11259032,0.33554482,0.973625898361206,0.046628423035144806,0.0026950601022690535,0.051913969218730927
161,1.0833460092544556,1e-04,0.3349448,0.11241511,0.33528364,0.9719610810279846,0.04662829637527466,0.002698014723137021,0.05194241553544998
162,1.08150315284729,1e-04,0.33468547,0.112240165,0.33502263,0.9702990055084229,0.04662813991308212,0.0027010426856577396,0.05197155475616455
163,1.0796635150909424,1e-04,0.3344263,0.11206549,0.33476183,0.968639612197876,0.04662793129682541,0.002704140730202198,0.05200135335326195
164,1.0778264999389648,1e-04,0.33416733,0.11189103,0.33450118,0.9669830799102783,0.0466277152299881,0.0027073142118752003,0.052031856030225754
165,1.0759925842285156,1e-04,0.33390856,0.11171687,0.33424073,0.9653294086456299,0.0466274693608284,0.0027105591725558043,0.05206302925944328
166,1.0741617679595947,1e-04,0.3336499,0.11154294,0.33398044,0.9636784791946411,0.0466272234916687,0.002713880268856883,0.05209491774439812
167,1.0723339319229126,1e-04,0.33339146,0.11136926,0.33372033,0.9620305299758911,0.04662696272134781,0.0027172742411494255,0.05212748050689697
168,1.0705091953277588,1e-04,0.33313313,0.11119584,0.3334604,0.960385262966156,0.04662671685218811,0.0027207452803850174,0.05216076225042343
169,1.0686872005462646,1e-04,0.33287492,0.11102269,0.33320066,0.9587425589561462,0.046626485884189606,0.002724293153733015,0.05219476297497749
170,1.0668681859970093,1e-04,0.33261684,0.110849775,0.3329411,0.95710289478302,0.0466262549161911,0.0027279164642095566,0.05222946032881737
171,1.0650520324707031,1e-04,0.33235887,0.11067712,0.33268172,0.9554657340049744,0.04662606120109558,0.0027316175401210785,0.05226488038897514
172,1.0632388591766357,1e-04,0.332101,0.11050472,0.3324225,0.9538317322731018,0.04662587493658066,0.0027353931218385696,0.052300985902547836
173,1.0614287853240967,1e-04,0.33184317,0.11033257,0.33216348,0.9522002339363098,0.04662571847438812,0.002739246701821685,0.05233781412243843
174,1.0596216917037964,1e-04,0.3315855,0.11016068,0.33190462,0.9505715370178223,0.04662558436393738,0.002743176184594631,0.05237533897161484
175,1.0578173398971558,1e-04,0.33132792,0.109989025,0.33164594,0.9489457011222839,0.04662545770406723,0.0027471776120364666,0.05241352692246437
176,1.0560160875320435,1e-04,0.33107042,0.109817624,0.33138743,0.9473226070404053,0.04662535339593887,0.002751254243776202,0.05245240032672882
177,1.0542176961898804,1e-04,0.33081302,0.10964646,0.33112907,0.9457021951675415,0.04662525653839111,0.002755400724709034,0.05249191075563431
178,1.0524224042892456,1e-04,0.33055577,0.10947555,0.3308709,0.9440844655036926,0.04662516713142395,0.0027596186846494675,0.052532073110342026
179,1.0506296157836914,1e-04,0.33029857,0.10930487,0.33061287,0.9424697160720825,0.04662507772445679,0.002763904631137848,0.05257285013794899
180,1.0488401651382446,1e-04,0.33004156,0.10913444,0.33035502,0.9408575892448425,0.046624988317489624,0.0027682576328516006,0.0526142343878746
181,1.0470536947250366,1e-04,0.32978466,0.108964264,0.33009735,0.9392481446266174,0.046624891459941864,0.00277267605997622,0.052656207233667374
182,1.0452698469161987,1e-04,0.32952794,0.108794324,0.32983986,0.9376415610313416,0.04662477225065231,0.002777156885713339,0.05269873887300491
183,1.0434890985488892,1e-04,0.32927135,0.1086246,0.32958245,0.9360376596450806,0.04662465304136276,0.0027817024383693933,0.052741847932338715
184,1.0417110919952393,1e-04,0.32901493,0.108455144,0.3293253,0.9344366192817688,0.04662451893091202,0.0027863094583153725,0.05278550460934639
185,1.0399363040924072,1e-04,0.3287587,0.10828591,0.32906824,0.9328381419181824,0.04662436246871948,0.0027909763157367706,0.05282969027757645
186,1.0381641387939453,1e-04,0.32850257,0.1081169,0.32881135,0.9312423467636108,0.04662419110536575,0.002795703476294875,0.05287441238760948
187,1.036394715309143,1e-04,0.32824662,0.10794815,0.32855463,0.9296494722366333,0.04662401229143143,0.0028004911728203297,0.0529196672141552
188,1.0346286296844482,1e-04,0.32799083,0.10777962,0.32829806,0.9280591607093811,0.04662381112575531,0.0028053377754986286,0.0529654398560524
189,1.0328651666641235,1e-04,0.32773522,0.10761132,0.32804164,0.9264715909957886,0.04662361741065979,0.0028102451469749212,0.05301174521446228
190,1.0311046838760376,1e-04,0.3274797,0.10744325,0.32778537,0.9248868227005005,0.04662340134382248,0.00281521026045084,0.053058553487062454
191,1.0293470621109009,1e-04,0.32722434,0.10727543,0.32752928,0.9233047962188721,0.04662320762872696,0.0028202373068779707,0.053105905652046204
192,1.0275923013687134,1e-04,0.32696912,0.10710784,0.32727334,0.9217253923416138,0.04662298411130905,0.002825320465490222,0.05315374210476875
193,1.0258406400680542,1e-04,0.32671398,0.10694047,0.32701755,0.9201486110687256,0.046622782945632935,0.0028304653242230415,0.05320211872458458
194,1.0240914821624756,1e-04,0.32645902,0.106773324,0.32676187,0.9185746908187866,0.046622589230537415,0.002835669554769993,0.053251005709171295
195,1.0223454236984253,1e-04,0.32620412,0.106606424,0.3265064,0.9170034527778625,0.0466223806142807,0.002840931061655283,0.05330038443207741
196,1.0206022262573242,1e-04,0.32594937,0.10643975,0.32625106,0.9154345989227295,0.04662219434976578,0.0028462514746934175,0.05335026979446411
197,1.0188615322113037,1e-04,0.3256947,0.1062733,0.32599586,0.9138687252998352,0.04662201553583145,0.0028516293969005346,0.05340065062046051
198,1.0171241760253906,1e-04,0.32544017,0.10610708,0.3257408,0.9123055338859558,0.046621836721897125,0.002857064362615347,0.05345151573419571
199,1.0153895616531372,1e-04,0.32518575,0.10594108,0.32548591,0.9107450246810913,0.046621665358543396,0.0028625549748539925,0.053502850234508514
200,1.013657808303833,1e-04,0.3249314,0.10577532,0.32523116,0.9091871380805969,0.046621501445770264,0.0028681005351245403,0.05355465039610863
201,1.0119287967681885,1e-04,0.3246772,0.105609775,0.32497656,0.9076318740844727,0.04662133753299713,0.0028736991807818413,0.05360689386725426
202,1.0102025270462036,1e-04,0.3244231,0.10544444,0.32472208,0.9060792922973633,0.0466211661696434,0.0028793499805033207,0.05365957319736481
203,1.0084792375564575,1e-04,0.3241692,0.10527936,0.3244678,0.9045295119285583,0.046620987355709076,0.0028850515373051167,0.05371267721056938
204,1.0067589282989502,1e-04,0.32391533,0.10511448,0.32421362,0.9029822945594788,0.04662080109119415,0.0028908024542033672,0.05376618355512619
205,1.005041241645813,1e-04,0.3236616,0.10494983,0.32395962,0.9014378190040588,0.04662060737609863,0.002896601799875498,0.053820088505744934
206,1.003326654434204,1e-04,0.323408,0.104785405,0.32370573,0.8998957872390747,0.04662042111158371,0.002902451204136014,0.05387440323829651
207,1.0016144514083862,1e-04,0.32315454,0.104621194,0.323452,0.8983564972877502,0.0466201975941658,0.0029083439148962498,0.05392906442284584
208,0.9999053478240967,1e-04,0.32290122,0.10445721,0.3231984,0.8968198299407959,0.046619974076747894,0.0029142829589545727,0.05398409813642502
209,0.9981989860534668,1e-04,0.32264802,0.10429343,0.32294494,0.8952859044075012,0.04661974310874939,0.0029202676378190517,0.054039500653743744
210,0.9964954853057861,1e-04,0.32239497,0.10412988,0.32269162,0.8937547206878662,0.04661949723958969,0.0029262970201671124,0.05409525707364082
211,0.9947949647903442,1e-04,0.322142,0.10396656,0.32243845,0.8922258615493774,0.046619243919849396,0.0029323692433536053,0.05415135622024536
212,0.9930969476699829,1e-04,0.3218892,0.103803426,0.3221854,0.8906998634338379,0.0466189831495285,0.002938485238701105,0.05420779809355736
213,0.9914018511772156,1e-04,0.32163653,0.10364053,0.3219325,0.8891763687133789,0.04661870747804642,0.0029446440748870373,0.054264575242996216
214,0.9897096157073975,1e-04,0.32138392,0.103477836,0.3216797,0.8876556158065796,0.04661843180656433,0.002950844820588827,0.05432168021798134
215,0.9880200624465942,1e-04,0.3211315,0.103315376,0.3214271,0.8861374258995056,0.04661814868450165,0.0029570874758064747,0.05437910929322243
216,0.986333429813385,1e-04,0.32087913,0.10315311,0.3211746,0.8846217393875122,0.046617843210697174,0.0029633708763867617,0.05443685129284859
217,0.9846494197845459,1e-04,0.3206269,0.102991045,0.32092217,0.8831088542938232,0.04661756753921509,0.002969697117805481,0.05449492856860161
218,0.9829683899879456,1e-04,0.32037482,0.102829225,0.32066995,0.8815984129905701,0.04661726951599121,0.0029760627076029778,0.05455330014228821
219,0.9812899231910706,1e-04,0.3201228,0.10266759,0.32041785,0.8800906538963318,0.04661697894334793,0.0029824681114405394,0.05461197718977928
220,0.9796144366264343,1e-04,0.3198709,0.10250618,0.32016587,0.8785855174064636,0.04661667346954346,0.002988912397995591,0.054670944809913635
221,0.9779415726661682,1e-04,0.31961915,0.102345,0.31991404,0.8770830035209656,0.04661635309457779,0.0029953918419778347,0.05473017320036888
222,0.9762716293334961,1e-04,0.31936744,0.102184,0.31966233,0.8755828738212585,0.046616047620773315,0.0030019113328307867,0.054789699614048004
223,0.9746041893959045,1e-04,0.31911588,0.10202322,0.31941074,0.8740854263305664,0.046615734696388245,0.003008466213941574,0.05484948679804802
224,0.9729396104812622,1e-04,0.3188644,0.10186266,0.3191593,0.8725905418395996,0.04661539942026138,0.0030150534585118294,0.05490950122475624
225,0.9712777733802795,1e-04,0.31861308,0.1017023,0.31890798,0.8710983991622925,0.04661507159471512,0.003021677490323782,0.05496978759765625
226,0.9696188569068909,1e-04,0.31836185,0.10154215,0.3186568,0.8696088194847107,0.046614713966846466,0.0030283303931355476,0.05503026768565178
227,0.9679626822471619,1e-04,0.3181107,0.10138217,0.3184057,0.8681217432022095,0.04661436378955841,0.0030350168235599995,0.05509098619222641
228,0.966309130191803,1e-04,0.31785974,0.101222456,0.31815475,0.8666372299194336,0.04661399871110916,0.0030417342204600573,0.05515192076563835
229,0.9646583795547485,1e-04,0.3176088,0.101062916,0.31790394,0.8651552200317383,0.04661361128091812,0.0030484802555292845,0.055213045328855515
230,0.963010311126709,1e-04,0.31735802,0.10090357,0.31765324,0.8636757731437683,0.04661323130130768,0.003055256325751543,0.05527437478303909
231,0.9613649249076843,1e-04,0.31710735,0.10074445,0.31740266,0.8621990084648132,0.04661282151937485,0.003062058240175247,0.055335868149995804
232,0.9597224593162537,1e-04,0.3168568,0.10058552,0.3171522,0.860724687576294,0.046612389385700226,0.003068886697292328,0.055397532880306244
233,0.9580826163291931,1e-04,0.31660637,0.1004268,0.3169019,0.8592526912689209,0.0466119647026062,0.0030757426284253597,0.05545937642455101
234,0.9564452171325684,1e-04,0.31635603,0.10026827,0.31665164,0.8577836155891418,0.04661151021718979,0.0030826230067759752,0.05552137270569801
235,0.9548109173774719,1e-04,0.3161058,0.10010994,0.31640154,0.8563168048858643,0.04661106318235397,0.0030895299278199673,0.055583540350198746
236,0.953179121017456,1e-04,0.3158557,0.09995183,0.3161516,0.8548528552055359,0.04661058634519577,0.0030964589677751064,0.055645834654569626
237,0.951550304889679,1e-04,0.31560573,0.09979393,0.3159018,0.853391170501709,0.04661010205745697,0.0031034122221171856,0.055708277970552444
238,0.9499239325523376,1e-04,0.31535578,0.0996362,0.315652,0.8519320487976074,0.04660959541797638,0.0031103866640478373,0.055770840495824814
239,0.9483003616333008,1e-04,0.31510597,0.09947867,0.3154024,0.8504754900932312,0.04660911113023758,0.00311738601885736,0.05583355575799942
240,0.946679413318634,1e-04,0.3148563,0.09932136,0.3151529,0.849021315574646,0.0466085821390152,0.0031244028359651566,0.05589635670185089
241,0.9450611472129822,1e-04,0.3146067,0.09916425,0.31490356,0.8475697636604309,0.04660804569721222,0.0031314408406615257,0.05595927685499191
242,0.94344562292099,1e-04,0.3143572,0.09900731,0.31465426,0.8461206555366516,0.04660749435424805,0.003138497471809387,0.056022293865680695
243,0.9418327212333679,1e-04,0.31410784,0.098850586,0.31440514,0.8446741104125977,0.04660693556070328,0.0031455722637474537,0.05608540028333664
244,0.9402226209640503,1e-04,0.31385854,0.098694056,0.31415612,0.8432300686836243,0.04660635441541672,0.003152664052322507,0.05614858865737915
245,0.9386151432991028,1e-04,0.31360936,0.098537736,0.3139072,0.8417884707450867,0.04660576581954956,0.003159770742058754,0.05621183663606644
246,0.9370102882385254,1e-04,0.3133603,0.09838159,0.3136584,0.8403494358062744,0.046605147421360016,0.003166891634464264,0.0562751404941082
247,0.9354081153869629,1e-04,0.3131113,0.09822563,0.3134097,0.838912844657898,0.046604521572589874,0.0031740274280309677,0.05633850768208504
248,0.9338087439537048,1e-04,0.31286243,0.098069884,0.3131611,0.8374786972999573,0.04660388082265854,0.003181175095960498,0.05640190839767456
249,0.9322118759155273,1e-04,0.31261364,0.097914316,0.31291264,0.8360472321510315,0.04660322517156601,0.0031883360352367163,0.056465353816747665
250,0.9306178689002991,1e-04,0.31236497,0.09775897,0.3126643,0.8346179723739624,0.046602532267570496,0.003195504192262888,0.05652879178524017
251,0.9290262460708618,1e-04,0.3121164,0.097603776,0.31241602,0.8331913352012634,0.04660181701183319,0.0032026832923293114,0.05659225583076477
252,0.927437424659729,1e-04,0.31186792,0.097448796,0.31216788,0.8317670822143555,0.04660110920667648,0.0032098726369440556,0.05665573850274086
253,0.9258512258529663,1e-04,0.31161955,0.097294,0.31191987,0.8303453326225281,0.046600356698036194,0.00321706710383296,0.05671919509768486
254,0.9242677092552185,1e-04,0.31137133,0.09713944,0.311672,0.828926146030426,0.04659959673881531,0.003224269486963749,0.05678265169262886
255,0.9226868748664856,1e-04,0.31112316,0.09698502,0.31142417,0.8275091648101807,0.046598806977272034,0.0032314774580299854,0.05684608593583107
256,0.9211084842681885,1e-04,0.31087506,0.09683079,0.31117648,0.8260947465896606,0.04659799486398697,0.0032386896200478077,0.05690948665142059
257,0.919532835483551,1e-04,0.3106271,0.096676774,0.31092888,0.8246826529502869,0.04659714549779892,0.0032459041103720665,0.05697283521294594
258,0.9179596304893494,1e-04,0.31037924,0.09652293,0.3106814,0.8232733607292175,0.04659632593393326,0.003253127448260784,0.05703619495034218
259,0.9163894653320312,1e-04,0.31013143,0.09636927,0.31043398,0.8218660354614258,0.046595439314842224,0.0032603475265204906,0.05709945410490036
260,0.9148215055465698,1e-04,0.30988377,0.096215814,0.31018674,0.8204613924026489,0.0465945303440094,0.0032675687689334154,0.057162653654813766
261,0.9132563471794128,1e-04,0.30963615,0.09606253,0.30993956,0.8190591335296631,0.04659360647201538,0.003274791408330202,0.0572257936000824
262,0.911693811416626,1e-04,0.30938867,0.09590944,0.3096925,0.8176593780517578,0.04659266769886017,0.0032820135820657015,0.05728885903954506
263,0.9101338982582092,1e-04,0.30914128,0.09575653,0.30944553,0.8162619471549988,0.046591706573963165,0.0032892324961721897,0.05735183134675026
264,0.908576488494873,1e-04,0.30889395,0.0956038,0.30919865,0.8148669004440308,0.04659070074558258,0.003296446753665805,0.057414691895246506
265,0.9070216417312622,1e-04,0.30864677,0.09545127,0.30895188,0.8134743571281433,0.046589694917201996,0.003303659614175558,0.057477470487356186
266,0.9054695963859558,1e-04,0.30839965,0.09529892,0.30870524,0.8120841383934021,0.04658863693475723,0.0033108636271208525,0.057540103793144226
267,0.90392005443573,1e-04,0.30815265,0.09514678,0.30845872,0.8106962442398071,0.04658755660057068,0.0033180632162839174,0.05760263279080391
268,0.9023729562759399,1e-04,0.30790567,0.09499478,0.30821225,0.8093108534812927,0.04658646136522293,0.003325254423543811,0.05766502022743225
269,0.9008285999298096,1e-04,0.30765882,0.09484298,0.30796587,0.8079280853271484,0.046585313975811005,0.0033324346877634525,0.05772724375128746
270,0.8992869853973389,1e-04,0.30741206,0.09469136,0.30771962,0.8065471649169922,0.04658415913581848,0.0033396068029105663,0.05778932943940163
271,0.8977474570274353,1e-04,0.3071654,0.09453992,0.30747345,0.8051690459251404,0.04658295214176178,0.0033467658795416355,0.057851240038871765
272,0.8962109684944153,1e-04,0.30691883,0.09438867,0.3072274,0.8037931323051453,0.046581730246543884,0.003353914711624384,0.05791299417614937
273,0.8946768045425415,1e-04,0.30667236,0.0942376,0.30698144,0.8024194836616516,0.046580471098423004,0.0033610493410378695,0.05797455832362175
274,0.8931451439857483,1e-04,0.306426,0.094086714,0.30673558,0.8010483980178833,0.04657918959856033,0.0033681695349514484,0.05803593248128891
275,0.8916162252426147,1e-04,0.3061797,0.093936004,0.3064898,0.7996796369552612,0.04657786339521408,0.0033752736635506153,0.05809710547327995
276,0.8900898098945618,1e-04,0.30593348,0.09378547,0.30624413,0.798313319683075,0.04657650738954544,0.003382362425327301,0.05815808102488518
277,0.8885660767555237,1e-04,0.3056874,0.09363512,0.30599856,0.7969490885734558,0.0466410294175148,0.0033894325606524944,0.058218833059072495
278,0.8870445489883423,1e-04,0.30544135,0.093484946,0.30575308,0.7955873608589172,0.04670524597167969,0.0033964812755584717,0.05827933922410011
279,0.8855257630348206,1e-04,0.30519542,0.09333495,0.3055077,0.7942280769348145,0.04676899313926697,0.003403513226658106,0.05833963677287102
280,0.8840097188949585,1e-04,0.30494958,0.09318516,0.30526245,0.7928709387779236,0.04683223366737366,0.0034105239901691675,0.05839969217777252
281,0.8824958801269531,1e-04,0.3047038,0.0930355,0.3050172,0.7915161848068237,0.046894997358322144,0.003417511470615864,0.058459486812353134
282,0.8809847831726074,1e-04,0.3044581,0.09288605,0.30477214,0.7901638746261597,0.04695724695920944,0.003424475435167551,0.058519016951322556
283,0.8794761300086975,1e-04,0.30421254,0.09273675,0.3045271,0.7888138294219971,0.04701899737119675,0.0034314121585339308,0.0585782565176487
284,0.8779700398445129,1e-04,0.303967,0.09258765,0.3042822,0.7874660491943359,0.04708024859428406,0.003438326297327876,0.05863724276423454
285,0.8764664530754089,1e-04,0.30372164,0.092438735,0.3040374,0.7861205339431763,0.04714100807905197,0.0034452134277671576,0.05869594216346741
286,0.874965250492096,1e-04,0.30347624,0.09228996,0.30379263,0.7847775220870972,0.0472012460231781,0.003452072851359844,0.058754343539476395
287,0.8734668493270874,1e-04,0.303231,0.09214139,0.303548,0.7834367156028748,0.047260940074920654,0.003458899213001132,0.05881240591406822
288,0.8719707131385803,1e-04,0.30298582,0.09199295,0.3033034,0.7820982336997986,0.04732014983892441,0.0034656983334571123,0.05887018144130707
289,0.8704772591590881,1e-04,0.30274075,0.09184474,0.30305898,0.7807620763778687,0.04737882316112518,0.0034724650904536247,0.05892762541770935
290,0.8689863085746765,1e-04,0.30249575,0.09169669,0.3028146,0.7794281244277954,0.04743695259094238,0.0034791980870068073,0.058984726667404175
291,0.8674977421760559,1e-04,0.30225083,0.0915488,0.3025703,0.7780964374542236,0.04749457538127899,0.00348589732311666,0.05904148891568184
292,0.8660116195678711,1e-04,0.302006,0.09140108,0.3023261,0.7767671942710876,0.047551654279232025,0.003492562100291252,0.05909790098667145
293,0.8645281195640564,1e-04,0.30176124,0.09125354,0.302082,0.7754400372505188,0.04760817438364029,0.0034991870634257793,0.059153925627470016
294,0.8630470633506775,1e-04,0.30151656,0.09110617,0.30183798,0.7741153836250305,0.04766414314508438,0.0035057750064879656,0.059209585189819336
295,0.8615685701370239,1e-04,0.301272,0.09095898,0.30159408,0.7727927565574646,0.04771958291530609,0.0035123249981552362,0.05926487222313881
296,0.8600924611091614,1e-04,0.3010275,0.09081197,0.30135024,0.7714724540710449,0.047774434089660645,0.0035188300535082817,0.05931972712278366
297,0.8586187362670898,1e-04,0.30078307,0.0906651,0.30110645,0.770154595375061,0.047828756272792816,0.0035252971574664116,0.059374213218688965
298,0.857147753238678,1e-04,0.3005387,0.090518415,0.3008628,0.7688388228416443,0.04788249731063843,0.003531718859449029,0.05942826718091965
299,0.8556789755821228,1e-04,0.30029443,0.090371884,0.30061916,0.767525315284729,0.04793567210435867,0.0035380967892706394,0.0594819039106369
300,0.854212760925293,1e-04,0.30005026,0.09022555,0.30037567,0.7662140727043152,0.04798828065395355,0.003544430946931243,0.05953512340784073
301,0.8527489900588989,1e-04,0.29980615,0.090079375,0.30013227,0.7649050354957581,0.04804030805826187,0.0035507173743098974,0.05958789587020874
302,0.8512877225875854,1e-04,0.29956213,0.089933366,0.2998889,0.7635984420776367,0.04809176176786423,0.00355695653706789,0.059640225023031235
303,0.8498290181159973,1e-04,0.29931816,0.08978752,0.29964566,0.7622939348220825,0.048142626881599426,0.0035631447099149227,0.059692081063985825
304,0.8483725786209106,1e-04,0.2990743,0.08964185,0.29940248,0.7609915137290955,0.048192910850048065,0.00356928538531065,0.059743497520685196
305,0.8469185829162598,1e-04,0.2988305,0.08949635,0.2991594,0.7596913576126099,0.04824259132146835,0.003575372975319624,0.05979442223906517
306,0.8454670310020447,1e-04,0.2985868,0.08935102,0.2989164,0.7583936452865601,0.0482916459441185,0.003581403288990259,0.05984482541680336
307,0.8440181016921997,1e-04,0.29834315,0.08920584,0.29867345,0.7570980191230774,0.04834013432264328,0.0035873856395483017,0.05989478901028633
308,0.842571496963501,1e-04,0.2980996,0.089060865,0.29843068,0.7558046579360962,0.048388004302978516,0.003593309549614787,0.05994421988725662
309,0.841127336025238,1e-04,0.29785612,0.08891601,0.29818788,0.7545133829116821,0.04843524098396301,0.0035991747863590717,0.05999312177300453
310,0.8396855592727661,1e-04,0.2976127,0.08877134,0.2979452,0.7532243728637695,0.04848186671733856,0.0036049815826117992,0.06004149839282036
311,0.83824622631073,1e-04,0.29736933,0.08862683,0.29770258,0.7519374489784241,0.04852788895368576,0.0036107327323406935,0.06008937209844589
312,0.8368092179298401,1e-04,0.2971261,0.08848251,0.29746008,0.7506528496742249,0.04857325553894043,0.0036164189223200083,0.060136668384075165
313,0.8353747725486755,1e-04,0.2968829,0.08833832,0.29721764,0.7493703961372375,0.04861801117658615,0.003622045274823904,0.06018343195319176
314,0.833942711353302,1e-04,0.2966398,0.08819431,0.29697526,0.7480902075767517,0.04866209626197815,0.0036276052705943584,0.060229603201150894
315,0.8325130343437195,1e-04,0.29639676,0.08805046,0.296733,0.746812105178833,0.048705555498600006,0.0036331028677523136,0.06027522683143616
316,0.8310858011245728,1e-04,0.29615378,0.087906785,0.2964908,0.7455363273620605,0.04874837398529053,0.0036385338753461838,0.06032026186585426
317,0.8296610713005066,1e-04,0.2959109,0.08776327,0.29624867,0.7442625164985657,0.04879051446914673,0.003643894335255027,0.060364678502082825
318,0.8282385468482971,1e-04,0.2956681,0.08761992,0.29600662,0.7429909110069275,0.048832006752491,0.003649188671261072,0.060408513993024826
319,0.8268184065818787,1e-04,0.2954254,0.08747672,0.29576465,0.741721510887146,0.04887284338474274,0.0036544138565659523,0.060451749712228775
320,0.825400710105896,1e-04,0.29518268,0.08733369,0.29552275,0.7404541969299316,0.04891299456357956,0.0036595629062503576,0.0604943223297596
321,0.8239854574203491,1e-04,0.29494008,0.08719083,0.29528093,0.7391890287399292,0.048952482640743256,0.0036646416410803795,0.06053628399968147
322,0.8225725293159485,1e-04,0.29469755,0.08704812,0.29503918,0.7379260063171387,0.048991285264492035,0.003669647965580225,0.060577619820833206
323,0.8211619853973389,1e-04,0.29445508,0.08690557,0.2947975,0.7366653680801392,0.049029380083084106,0.0036745748948305845,0.06061827018857002
324,0.8197539448738098,1e-04,0.29421273,0.08676318,0.2945559,0.7354065179824829,0.04906683415174484,0.0036794317420572042,0.06065832078456879
325,0.8183481097221375,1e-04,0.29397044,0.08662099,0.29431444,0.7341500520706177,0.04910355806350708,0.0036842047702521086,0.06069764867424965
326,0.8169447183609009,1e-04,0.29372817,0.0864789,0.29407296,0.73289555311203,0.049139603972435,0.003688900265842676,0.060736317187547684
327,0.8155436515808105,1e-04,0.29348603,0.08633701,0.2938316,0.7316433191299438,0.04917491227388382,0.0036935131065547466,0.06077428162097931
328,0.8141450881958008,1e-04,0.2932439,0.08619525,0.29359028,0.7303929924964905,0.04920952767133713,0.0036980467848479748,0.060811568051576614
329,0.8127486705780029,1e-04,0.2930019,0.08605368,0.29334906,0.7291449904441833,0.04924342781305313,0.0037024961784482002,0.060848139226436615
330,0.8113547563552856,1e-04,0.29275993,0.08591226,0.29310793,0.7278989553451538,0.04927660524845123,0.0037068624515086412,0.060884006321430206
331,0.809963047504425,1e-04,0.29251805,0.085770994,0.29286686,0.726655125617981,0.049309052526950836,0.003711138153448701,0.06091910973191261
332,0.808573842048645,1e-04,0.29227623,0.08562989,0.29262584,0.7254133224487305,0.04934073984622955,0.003715329570695758,0.06095350161194801
333,0.8071869015693665,1e-04,0.29203445,0.08548894,0.29238492,0.7241735458374023,0.049371711909770966,0.003719431348145008,0.060987140983343124
334,0.8058022260665894,1e-04,0.29179278,0.08534814,0.29214403,0.7229360342025757,0.04940193146467209,0.003723442554473877,0.06102001667022705
335,0.8044201135635376,1e-04,0.29155117,0.08520752,0.2919033,0.7217004895210266,0.049431391060352325,0.003727361559867859,0.061052121222019196
336,0.8030401468276978,1e-04,0.29130962,0.085067056,0.29166257,0.7204670906066895,0.049460120499134064,0.0037311911582946777,0.06108347699046135
337,0.8016625642776489,1e-04,0.2910681,0.084926724,0.2914219,0.7192356586456299,0.04948808252811432,0.0037349252961575985,0.06111403554677963
338,0.8002873063087463,1e-04,0.2908267,0.08478657,0.29118133,0.7180064916610718,0.0495152473449707,0.003738564206287265,0.06114380061626434
339,0.7989144325256348,1e-04,0.29058537,0.08464656,0.29094082,0.7167792916297913,0.049541667103767395,0.0037421067245304585,0.061172761023044586
340,0.7975439429283142,1e-04,0.2903441,0.08450673,0.2907004,0.7155541181564331,0.04956729710102081,0.00374555098824203,0.061200905591249466
341,0.7961755990982056,1e-04,0.29010287,0.08436703,0.29046002,0.7143309116363525,0.04959212988615036,0.0037488946691155434,0.06122821941971779
342,0.7948094606399536,1e-04,0.2898617,0.084227495,0.29021972,0.7131098508834839,0.04961617290973663,0.003752137068659067,0.06125469133257866
343,0.7934458255767822,1e-04,0.28962064,0.08408811,0.2899795,0.7118908762931824,0.04963942617177963,0.0037552800495177507,0.06128033995628357
344,0.7920845150947571,1e-04,0.28937963,0.08394889,0.28973934,0.7106738686561584,0.04966188222169876,0.0037583201192319393,0.06130513921380043
345,0.7907254099845886,1e-04,0.28913867,0.08380982,0.28949925,0.7094589471817017,0.049683526158332825,0.0037612542510032654,0.06132906675338745
346,0.7893686294555664,1e-04,0.28889778,0.083670914,0.28925925,0.7082462310791016,0.04970434308052063,0.003764083608984947,0.06135212630033493
347,0.78801429271698,1e-04,0.28865695,0.083532155,0.2890193,0.7070352435112,0.049724332988262177,0.003766805399209261,0.06137430667877197
348,0.7866619229316711,1e-04,0.28841624,0.08339354,0.28877938,0.705826461315155,0.04974350333213806,0.003769417991861701,0.06139558553695679
349,0.7853121757507324,1e-04,0.28817555,0.0832551,0.2885396,0.7046196460723877,0.04976184666156769,0.003771922318264842,0.06141597777605057
350,0.7839645147323608,1e-04,0.2879349,0.08311679,0.28829983,0.703414797782898,0.04977933317422867,0.0037743146531283855,0.06143544986844063
351,0.7826191782951355,1e-04,0.28769433,0.08297864,0.28806013,0.7022120356559753,0.049795977771282196,0.003776594065129757,0.06145399808883667
352,0.7812761068344116,1e-04,0.28745383,0.08284065,0.28782052,0.7010113596916199,0.04981178045272827,0.00377876334823668,0.06147164851427078
353,0.7799354195594788,1e-04,0.28721341,0.082702816,0.28758097,0.6998124718666077,0.0498267337679863,0.0037808192428201437,0.06148836761713028
354,0.778596818447113,1e-04,0.286973,0.08256513,0.28734148,0.6986157298088074,0.04984079301357269,0.003782752901315689,0.06150408834218979
355,0.7772606015205383,1e-04,0.2867327,0.0824276,0.28710207,0.6974209547042847,0.049853987991809845,0.0037845736369490623,0.06151888892054558
356,0.7759265899658203,1e-04,0.28649244,0.08229022,0.2868627,0.6962280869483948,0.049866318702697754,0.003786277724429965,0.06153273582458496
357,0.774594783782959,1e-04,0.28625226,0.082152985,0.28662342,0.6950374841690063,0.04987777769565582,0.0037878621369600296,0.061545610427856445
358,0.7732654809951782,1e-04,0.28601214,0.0820159,0.2863842,0.6938484907150269,0.049888335168361664,0.003789325477555394,0.06155749782919884
359,0.771938145160675,1e-04,0.28577206,0.08187897,0.286145,0.6926616430282593,0.04989800602197647,0.0037906698416918516,0.06156841665506363
360,0.7706131339073181,1e-04,0.28553206,0.0817422,0.28590593,0.6914767622947693,0.04990676790475845,0.003791886381804943,0.06157829612493515
361,0.7692905068397522,1e-04,0.28529212,0.081605576,0.28566688,0.6902938485145569,0.049914613366127014,0.003792982082813978,0.06158719211816788
362,0.7679700255393982,1e-04,0.28505227,0.08146911,0.28542796,0.6891129612922668,0.04992155730724335,0.0037939525209367275,0.061595067381858826
363,0.7666517496109009,1e-04,0.28481242,0.08133279,0.28518903,0.6879339814186096,0.049927569925785065,0.0037947946693748236,0.0616019032895565
364,0.7653357982635498,1e-04,0.2845727,0.08119661,0.2849502,0.6867570281028748,0.04993265122175217,0.0037955096922814846,0.06160770729184151
365,0.7640220522880554,1e-04,0.284333,0.08106059,0.28471142,0.6855818629264832,0.04993677884340286,0.003796094097197056,0.06161244958639145
366,0.762710452079773,1e-04,0.28409335,0.08092471,0.2844727,0.6844086647033691,0.049940019845962524,0.003796554170548916,0.061616186052560806
367,0.7614011168479919,1e-04,0.2838538,0.08078901,0.28423408,0.6832375526428223,0.04994228482246399,0.0037968833930790424,0.0616188570857048
368,0.7600941061973572,1e-04,0.28361425,0.08065342,0.28399545,0.6820682287216187,0.049943581223487854,0.0037970757111907005,0.06162041798233986
369,0.7587891817092896,1e-04,0.28337482,0.080518,0.28375694,0.6809008717536926,0.0499439612030983,0.0037971418350934982,0.06162095442414284
370,0.7574864625930786,1e-04,0.2831354,0.08038273,0.28351846,0.6797354817390442,0.04994337260723114,0.0037970743142068386,0.061620406806468964
371,0.7561860084533691,1e-04,0.28289607,0.08024761,0.2832801,0.6785720586776733,0.0499417707324028,0.0037968666292726994,0.06161871924996376
372,0.7548878192901611,1e-04,0.2826568,0.080112614,0.28304172,0.6774106025695801,0.049939222633838654,0.0037965273950248957,0.0616159662604332
373,0.7535918354988098,1e-04,0.28241757,0.07997779,0.28280345,0.6762509346008301,0.04993563890457153,0.0037960452027618885,0.06161205470561981
374,0.7522979974746704,1e-04,0.2821784,0.079843104,0.2825652,0.6750930547714233,0.049931153655052185,0.0037954351864755154,0.061607103794813156
375,0.7510061860084534,1e-04,0.2819393,0.079708576,0.2823271,0.6739373207092285,0.04992559552192688,0.0037946775555610657,0.061600953340530396
376,0.7497168779373169,1e-04,0.28170028,0.07957419,0.28208897,0.6727833151817322,0.04991905391216278,0.003793785348534584,0.061593711376190186
377,0.7484294772148132,1e-04,0.28146133,0.07943995,0.28185093,0.671631395816803,0.04991152137517929,0.0037927511148154736,0.06158531457185745
378,0.7471445202827454,1e-04,0.28122237,0.07930587,0.281613,0.670481264591217,0.04990295320749283,0.0037915785796940327,0.06157579645514488
379,0.7458616495132446,1e-04,0.2809835,0.079171926,0.28137505,0.6693331003189087,0.049893371760845184,0.003790260059759021,0.061565086245536804
380,0.7445809245109558,1e-04,0.28074467,0.07903811,0.28113717,0.6681867837905884,0.049882739782333374,0.003788797650486231,0.06155321002006531
381,0.7433024644851685,1e-04,0.28050593,0.07890448,0.2808994,0.6670423150062561,0.049871087074279785,0.0037871929816901684,0.06154017522931099
382,0.742026150226593,1e-04,0.28026727,0.07877099,0.2806617,0.6658997535705566,0.04985839128494263,0.0037854453548789024,0.06152597442269325
383,0.7407519221305847,1e-04,0.2800286,0.07863763,0.28042403,0.6647590398788452,0.04984463006258011,0.00378355011343956,0.06151057034730911
384,0.7394798994064331,1e-04,0.27979004,0.07850441,0.28018638,0.6636202335357666,0.04982982575893402,0.003781507955864072,0.06149396672844887
385,0.7382100820541382,1e-04,0.27955154,0.07837136,0.27994886,0.6624830961227417,0.04981397092342377,0.0037793212104588747,0.06147618591785431
386,0.7369422316551208,1e-04,0.27931306,0.078238435,0.27971134,0.6613481640815735,0.04979705065488815,0.0037769910413771868,0.061457227915525436
387,0.7356768250465393,1e-04,0.27907467,0.078105666,0.2794739,0.6602148413658142,0.04977903515100479,0.0037745083682239056,0.061437029391527176
388,0.7344133257865906,1e-04,0.27883628,0.077973045,0.27923656,0.6590834259986877,0.04975995421409607,0.0037718764506280422,0.06141560524702072
389,0.7331521511077881,1e-04,0.27859804,0.077840574,0.27899924,0.6579538583755493,0.049739740788936615,0.0037690899334847927,0.06139291450381279
390,0.7318930625915527,1e-04,0.27835977,0.07770822,0.27876195,0.6568261981010437,0.0497184619307518,0.003766157664358616,0.06136902794241905
391,0.7306360602378845,1e-04,0.2781216,0.077576034,0.27852476,0.6557004451751709,0.049696095287799835,0.0037630759179592133,0.06134391576051712
392,0.7293813228607178,1e-04,0.27788347,0.077444,0.27828762,0.6545764207839966,0.049672603607177734,0.003759841900318861,0.06131754815578461
393,0.7281286716461182,1e-04,0.27764544,0.077312104,0.27805054,0.6534543037414551,0.04964802414178848,0.003756458405405283,0.0612899549305439
394,0.7268781661987305,1e-04,0.27740738,0.07718034,0.2778135,0.6523339152336121,0.049622297286987305,0.0037529184482991695,0.061261069029569626
395,0.7256297469139099,1e-04,0.27716944,0.07704874,0.27757654,0.6512154340744019,0.0495954304933548,0.003749225288629532,0.061230916529893875
396,0.7243834733963013,1e-04,0.27693155,0.07691727,0.27733964,0.6500988006591797,0.049567483365535736,0.0037453840486705303,0.06119954213500023
397,0.7231393456459045,1e-04,0.2766937,0.076785944,0.27710277,0.6489839553833008,0.04953832924365997,0.003741383319720626,0.06116684898734093
398,0.7218973636627197,1e-04,0.2764559,0.07665477,0.276866,0.6478708982467651,0.04950810223817825,0.0037372345104813576,0.06113292649388313
399,0.720657467842102,1e-04,0.27621818,0.07652374,0.27662924,0.6467596888542175,0.04947666823863983,0.0037329276092350483,0.06109768897294998
400,0.7194196581840515,1e-04,0.2759805,0.07639285,0.27639258,0.6456503868103027,0.04944413900375366,0.0037284730933606625,0.061061225831508636
401,0.7181839942932129,1e-04,0.2757429,0.07626211,0.27615595,0.6445427536964417,0.049410395324230194,0.0037238572258502245,0.06102341413497925
402,0.7169504165649414,1e-04,0.27550533,0.0761315,0.27591938,0.6434371471405029,0.04937552660703659,0.0037190921138972044,0.06098435819149017
403,0.7157191038131714,1e-04,0.2752678,0.07600104,0.27568287,0.6423332095146179,0.0493394136428833,0.003714160528033972,0.06094391271471977
404,0.714489758014679,1e-04,0.27503034,0.07587073,0.27544641,0.6412310004234314,0.04930216073989868,0.00370908179320395,0.06090223044157028
405,0.7132624387741089,1e-04,0.27479294,0.07574055,0.27521002,0.6401305794715881,0.04926370829343796,0.0037038454320281744,0.06085922569036484
406,0.7120372653007507,1e-04,0.2745556,0.075610526,0.2749737,0.6390320062637329,0.04922407865524292,0.003698457032442093,0.06081493943929672
407,0.7108141779899597,1e-04,0.2743183,0.07548064,0.2747374,0.6379351615905762,0.04918326437473297,0.003692912869155407,0.06076934188604355
408,0.7095931768417358,1e-04,0.27408102,0.07535089,0.27450117,0.6368401646614075,0.04914119094610214,0.0036872057244181633,0.060722365975379944
409,0.7083742022514343,1e-04,0.27384388,0.07522129,0.274265,0.6357470154762268,0.049097947776317596,0.0036813514307141304,0.060674142092466354
410,0.7071574330329895,1e-04,0.27360675,0.07509183,0.2740289,0.6346555352210999,0.04905346781015396,0.0036753357853740454,0.06062454730272293
411,0.705942690372467,1e-04,0.27336967,0.07496252,0.27379283,0.6335658431053162,0.04900771379470825,0.003669160883873701,0.060573600232601166
412,0.7047300338745117,1e-04,0.27313265,0.07483334,0.27355683,0.6324780583381653,0.04896080493927002,0.003662839764729142,0.06052139773964882
413,0.7035195231437683,1e-04,0.2728957,0.07470432,0.2733209,0.6313918828964233,0.04891260713338852,0.0036563570611178875,0.06046781688928604
414,0.7023109793663025,1e-04,0.2726588,0.07457543,0.27308503,0.630307674407959,0.048863209784030914,0.003649722784757614,0.0604129359126091
415,0.7011046409606934,1e-04,0.27242193,0.074446686,0.2728492,0.629224956035614,0.04881258308887482,0.0036429371684789658,0.0603567473590374
416,0.6999000906944275,1e-04,0.27218512,0.07431807,0.2726134,0.6281441450119019,0.04876061528921127,0.003635986242443323,0.060299139469861984
417,0.6986978054046631,1e-04,0.27194837,0.07418961,0.2723777,0.6270651817321777,0.048707425594329834,0.003628884442150593,0.06024022400379181
418,0.697497546672821,1e-04,0.27171168,0.07406128,0.27214202,0.6259879469871521,0.048652976751327515,0.0036216306034475565,0.06017998605966568
419,0.6962993741035461,1e-04,0.27147505,0.07393312,0.27190644,0.6249123811721802,0.048597246408462524,0.0036142216995358467,0.06011839583516121
420,0.6951031684875488,1e-04,0.27123845,0.07380506,0.27167085,0.6238386034965515,0.04854024201631546,0.0036066609900444746,0.060055483132600784
421,0.6939091086387634,1e-04,0.27100196,0.073677175,0.2714354,0.6227666139602661,0.04848200082778931,0.0035989522002637386,0.0599912665784359
422,0.6927170753479004,1e-04,0.27076545,0.07354941,0.27119994,0.6216962933540344,0.0484224334359169,0.003591087879613042,0.059925686568021774
423,0.6915270090103149,1e-04,0.27052903,0.0734218,0.27096456,0.620627760887146,0.048361584544181824,0.0035830712877213955,0.059858761727809906
424,0.6903390288352966,1e-04,0.27029267,0.07329432,0.27072924,0.619560956954956,0.048299454152584076,0.003574910806491971,0.059790559113025665
425,0.6891530156135559,1e-04,0.27005637,0.073166996,0.27049398,0.6184960007667542,0.048235952854156494,0.003566585248336196,0.05972089618444443
426,0.6879692673683167,1e-04,0.2698201,0.07303978,0.27025872,0.617432713508606,0.04817122220993042,0.003558126976713538,0.05965003743767738
427,0.6867872476577759,1e-04,0.2695839,0.07291273,0.27002358,0.6163711547851562,0.048105135560035706,0.0035495117772370577,0.05957777798175812
428,0.6856074929237366,1e-04,0.26934773,0.07278582,0.26978847,0.6153112649917603,0.04803776741027832,0.0035407538525760174,0.05950423330068588
429,0.6844295859336853,1e-04,0.26911163,0.07265905,0.26955342,0.6142531633377075,0.04796905070543289,0.0035318471491336823,0.0594293475151062
430,0.6832537055015564,1e-04,0.2688756,0.072532415,0.26931843,0.613196849822998,0.04789897799491882,0.003522790502756834,0.05935310199856758
431,0.6820799708366394,1e-04,0.2686396,0.072405934,0.2690835,0.6121422648429871,0.047827593982219696,0.0035135922953486443,0.059275563806295395
432,0.6809082627296448,1e-04,0.26840365,0.07227957,0.2688486,0.611089289188385,0.04775489866733551,0.003504253923892975,0.05919674038887024
433,0.6797383427619934,1e-04,0.26816776,0.07215337,0.2686138,0.6100381016731262,0.047680795192718506,0.003494763746857643,0.05911652743816376
434,0.6785706281661987,1e-04,0.26793194,0.072027296,0.268379,0.6089886426925659,0.047605425119400024,0.0034851422533392906,0.05903509259223938
435,0.6774048805236816,1e-04,0.26769617,0.07190136,0.26814428,0.6079409718513489,0.04752867668867111,0.0034753764048218727,0.05895232409238815
436,0.6762412190437317,1e-04,0.26746044,0.07177558,0.26790965,0.6068949103355408,0.04745052009820938,0.003465467132627964,0.05886821821331978
437,0.6750794053077698,1e-04,0.2672248,0.07164993,0.26767504,0.6058506369590759,0.04737100750207901,0.0034554200246930122,0.05878281965851784
438,0.6739196181297302,1e-04,0.26698914,0.071524404,0.26744047,0.6048081517219543,0.04729025810956955,0.0034452504478394985,0.05869625508785248
439,0.6727619171142578,1e-04,0.2667536,0.07139904,0.26720598,0.6037672758102417,0.047208040952682495,0.003434935351833701,0.05860832333564758
440,0.671606183052063,1e-04,0.26651812,0.07127381,0.26697156,0.6027281284332275,0.047124460339546204,0.0034244887065142393,0.05851913243532181
441,0.670452356338501,1e-04,0.26628268,0.071148716,0.26673716,0.6016906499862671,0.0470394641160965,0.00341390585526824,0.05842863768339157
442,0.6693005561828613,1e-04,0.26604724,0.071023755,0.26650283,0.6006549000740051,0.04695314168930054,0.003403200302273035,0.058336954563856125
443,0.6681506633758545,1e-04,0.2658119,0.07089894,0.26626855,0.5996208786964417,0.046865418553352356,0.0033923571463674307,0.058243945240974426
444,0.66700279712677,1e-04,0.2655766,0.070774265,0.26603433,0.5985885858535767,0.04677630215883255,0.0033813940826803446,0.058149755001068115
445,0.6658568978309631,1e-04,0.26534137,0.07064972,0.26580015,0.5975580215454102,0.04668578505516052,0.0033702992368489504,0.058054279536008835
446,0.6647130250930786,1e-04,0.2651062,0.07052533,0.26556605,0.5965290665626526,0.04659386724233627,0.0033590863458812237,0.05795762687921524
447,0.6635710597038269,1e-04,0.26487106,0.07040108,0.265332,0.5955018997192383,0.04650060087442398,0.0033477528486400843,0.057859767228364944
448,0.6624311208724976,1e-04,0.26463598,0.07027695,0.265098,0.5944764018058777,0.04640583693981171,0.0033362875692546368,0.057760607451200485
449,0.661293089389801,1e-04,0.264401,0.070152976,0.26486406,0.5934525728225708,0.0463097020983696,0.0033247119281440973,0.057660315185785294
450,0.6601570248603821,1e-04,0.264166,0.07002914,0.2646302,0.5924305319786072,0.04621220380067825,0.00331302173435688,0.057558853179216385
451,0.6590229272842407,1e-04,0.26393113,0.06990544,0.26439637,0.5914101600646973,0.0461132749915123,0.003301221877336502,0.05745626240968704
452,0.657890796661377,1e-04,0.26369625,0.06978188,0.2641626,0.5903914570808411,0.04601293057203293,0.0032893067691475153,0.05735247954726219
453,0.6567606329917908,1e-04,0.26346144,0.06965846,0.2639289,0.5893744826316833,0.04591117054224014,0.003277281764894724,0.057247549295425415
454,0.6556323766708374,1e-04,0.2632267,0.069535166,0.2636952,0.5883592367172241,0.045808009803295135,0.00326515338383615,0.05714152008295059
455,0.6545060873031616,1e-04,0.262992,0.06941202,0.26346162,0.5873456597328186,0.045703426003456116,0.0032529153395444155,0.057034336030483246
456,0.6533817648887634,1e-04,0.26275733,0.06928901,0.26322806,0.5863338112831116,0.045597366988658905,0.003240574849769473,0.056926045566797256
457,0.6522594094276428,1e-04,0.26252273,0.069166146,0.2629946,0.5853235125541687,0.04548989236354828,0.0032281335443258286,0.056816667318344116
458,0.6511387825012207,1e-04,0.26228824,0.06904341,0.26276115,0.5843149423599243,0.04538097232580185,0.0032155909575521946,0.05670618265867233
459,0.6500202417373657,1e-04,0.26205376,0.06892083,0.26252776,0.5833082795143127,0.045270681381225586,0.003202962689101696,0.05659472197294235
460,0.6489037275314331,1e-04,0.26181933,0.06879837,0.26229444,0.5823031067848206,0.045158907771110535,0.003190236631780863,0.05648218095302582
461,0.647788941860199,1e-04,0.261585,0.068676054,0.26206118,0.5812998414039612,0.04504566639661789,0.0031774132512509823,0.056368548423051834
462,0.6466763019561768,1e-04,0.26135066,0.06855387,0.26182795,0.5802980065345764,0.044931016862392426,0.0031645125709474087,0.05625399947166443
463,0.6455653309822083,1e-04,0.26111642,0.06843184,0.2615948,0.5792981386184692,0.04481491446495056,0.0031515201553702354,0.05613839998841286
464,0.6444565057754517,1e-04,0.26088223,0.06830994,0.26136172,0.5782996416091919,0.044697389006614685,0.0031384495086967945,0.05602186545729637
465,0.6433493494987488,1e-04,0.2606481,0.06818819,0.2611287,0.5773030519485474,0.04457846283912659,0.003125303890556097,0.05590441823005676
466,0.6422443389892578,1e-04,0.26041397,0.06806656,0.2608957,0.5763081312179565,0.044458068907260895,0.00311208120547235,0.05578603222966194
467,0.6411411166191101,1e-04,0.26017997,0.06794507,0.26066276,0.5753149390220642,0.04442101716995239,0.0030987823847681284,0.05566670745611191
468,0.64003986120224,1e-04,0.25994596,0.06782371,0.26042986,0.5743234157562256,0.044391654431819916,0.003085417440161109,0.055546533316373825
469,0.6389405131340027,1e-04,0.25971207,0.067702524,0.26019707,0.5733335018157959,0.044362038373947144,0.003071986371651292,0.055425502359867096
470,0.6378430128097534,1e-04,0.25947818,0.06758144,0.2599643,0.5723453164100647,0.0443321168422699,0.0030584842897951603,0.05530356615781784
471,0.6367473006248474,1e-04,0.25924438,0.06746051,0.25973162,0.5713589787483215,0.04430198669433594,0.003044928889721632,0.055180873721838
472,0.6356537938117981,1e-04,0.2590106,0.06733971,0.25949895,0.5703741908073425,0.044271573424339294,0.003031311556696892,0.0550573468208313
473,0.6345618963241577,1e-04,0.25877693,0.06721906,0.2592664,0.5693912506103516,0.044240839779376984,0.0030176376458257437,0.054933030158281326
474,0.6334721446037292,1e-04,0.25854328,0.067098536,0.25903386,0.56840980052948,0.04420989751815796,0.003003917168825865,0.05480800196528435
475,0.6323840618133545,1e-04,0.2583097,0.066978164,0.2588014,0.5674300789833069,0.04417861998081207,0.002990142907947302,0.05468219891190529
476,0.6312978863716125,1e-04,0.25807616,0.06685791,0.25856897,0.5664522051811218,0.04414715617895126,0.002976334886625409,0.05455579608678818
477,0.6302136778831482,1e-04,0.25784272,0.06673782,0.25833663,0.5654757618904114,0.04411540925502777,0.0029624870512634516,0.05442873388528824
478,0.6291311383247375,1e-04,0.25760928,0.06661785,0.25810432,0.5645014047622681,0.044083379209041595,0.002948596142232418,0.054300978779792786
479,0.6280508041381836,1e-04,0.25737596,0.06649802,0.2578721,0.5635285377502441,0.04405103623867035,0.002934669377282262,0.054172590374946594
480,0.6269721984863281,1e-04,0.25714263,0.06637833,0.2576399,0.5625573992729187,0.044018566608428955,0.0029207314364612103,0.05404379218816757
481,0.6258954405784607,1e-04,0.25690937,0.066258766,0.25740778,0.5615878701210022,0.04398569464683533,0.0029067513532936573,0.05391429737210274
482,0.6248204708099365,1e-04,0.2566762,0.06613936,0.25717574,0.560620129108429,0.043952539563179016,0.0028927475214004517,0.05378426983952522
483,0.6237475275993347,1e-04,0.25644305,0.06602008,0.25694373,0.5596539974212646,0.043919190764427185,0.002878735773265362,0.05365385115146637
484,0.6226762533187866,1e-04,0.25621,0.065900944,0.25671178,0.5586897134780884,0.043885596096515656,0.0028647053986787796,0.05352294445037842
485,0.6216069459915161,1e-04,0.25597695,0.065781936,0.2564799,0.557727038860321,0.04385167360305786,0.002850661752745509,0.05339158698916435
486,0.6205394268035889,1e-04,0.255744,0.06566307,0.25624806,0.556766152381897,0.04381750524044037,0.0028366148471832275,0.05325987935066223
487,0.619473934173584,1e-04,0.25551113,0.06554435,0.2560163,0.5558069944381714,0.043783038854599,0.0028225588612258434,0.05312775820493698
488,0.6184101700782776,1e-04,0.25527832,0.06542576,0.2557846,0.5548494458198547,0.04374835640192032,0.002808518474921584,0.052995458245277405
489,0.6173481941223145,1e-04,0.25504553,0.06530732,0.25555298,0.5538935661315918,0.04371336102485657,0.002794473897665739,0.052862782031297684
490,0.6162881851196289,1e-04,0.2548128,0.065189,0.25532135,0.5529395937919617,0.04367809742689133,0.0027804409619420767,0.05272988602519035
491,0.6152299642562866,1e-04,0.25458014,0.06507083,0.25508985,0.5519871711730957,0.04364263266324997,0.0027664275839924812,0.052596841007471085
492,0.6141735315322876,1e-04,0.25434753,0.06495279,0.25485837,0.551036536693573,0.04360686242580414,0.0027524325996637344,0.052463632076978683
493,0.6131189465522766,1e-04,0.254115,0.0648349,0.254627,0.5500876307487488,0.043570831418037415,0.0027384604327380657,0.05233030021190643
494,0.6120663285255432,1e-04,0.2538825,0.06471714,0.25439563,0.5491405129432678,0.04353450983762741,0.002724513877183199,0.05219687521457672
495,0.6110154986381531,1e-04,0.25365007,0.064599514,0.25416434,0.548194944858551,0.043497927486896515,0.0027105999179184437,0.05206342041492462
496,0.6099663376808167,1e-04,0.2534177,0.064482026,0.2539331,0.5472512245178223,0.04346109926700592,0.0026967194862663746,0.05192994698882103
497,0.6089192032814026,1e-04,0.2531854,0.06436468,0.25370196,0.5463091731071472,0.04342398792505264,0.0026828807312995195,0.05179653316736221
498,0.607873797416687,1e-04,0.25295314,0.06424747,0.25347084,0.5453688502311707,0.04338665306568146,0.0026690925005823374,0.05166326090693474
499,0.6068301796913147,1e-04,0.25272098,0.0641304,0.2532398,0.5444303750991821,0.04334896802902222,0.0026553424540907145,0.05153001472353935
500,0.6057884693145752,1e-04,0.25248882,0.064013466,0.2530088,0.5434935688972473,0.04331108182668686,0.0026416515465825796,0.05139699950814247
501,0.604748547077179,1e-04,0.25225675,0.06389666,0.2527779,0.5425584316253662,0.0432729572057724,0.0026280232705175877,0.05126424878835678
502,0.603710412979126,1e-04,0.25202477,0.06378002,0.25254706,0.5416250228881836,0.04323448985815048,0.002614447381347418,0.05113166570663452
503,0.6026740670204163,1e-04,0.25179282,0.06366349,0.25231624,0.5406933426856995,0.04319583624601364,0.0026009499561041594,0.050999511033296585
504,0.6016395092010498,1e-04,0.25156093,0.06354711,0.25208554,0.539763331413269,0.04315689951181412,0.0025875240098685026,0.050867710262537
505,0.6006066203117371,1e-04,0.2513291,0.06343087,0.25185487,0.538835346698761,0.043117672204971313,0.002574165817350149,0.050736237317323685
506,0.5995758771896362,1e-04,0.25109735,0.06331476,0.25162423,0.5379087924957275,0.043078191578388214,0.0025608940050005913,0.050605274736881256
507,0.5985466837882996,1e-04,0.25086564,0.0631988,0.2513937,0.5369840860366821,0.04303848743438721,0.0025477134622633457,0.050474878400564194
508,0.5975193381309509,1e-04,0.25063404,0.06308297,0.25116324,0.53606116771698,0.042998552322387695,0.002534623956307769,0.0503450483083725
509,0.5964937806129456,1e-04,0.25040242,0.06296726,0.25093278,0.5351399183273315,0.042958229780197144,0.002521621063351631,0.050215743482112885
510,0.5954700112342834,1e-04,0.25017092,0.062851705,0.2507024,0.5342205166816711,0.04291774332523346,0.0025087231770157814,0.050087157636880875
511,0.5944480299949646,1e-04,0.24993946,0.06273629,0.25047213,0.5333027839660645,0.04287701100111008,0.0024959342554211617,0.049959324300289154
512,0.5934278964996338,1e-04,0.24970807,0.06262102,0.25024194,0.5323868989944458,0.04283604770898819,0.002483260352164507,0.04983232170343399
513,0.5924094915390015,1e-04,0.24947675,0.06250588,0.25001174,0.5314727425575256,0.042794808745384216,0.0024706972762942314,0.0497061088681221
514,0.5913928747177124,1e-04,0.24924548,0.062390868,0.24978164,0.5305601954460144,0.04275325685739517,0.0024582433979958296,0.04958067461848259
515,0.5903779864311218,1e-04,0.24901432,0.062276017,0.24955164,0.5296496152877808,0.04271148145198822,0.002445925259962678,0.04945629462599754
516,0.5893649458885193,1e-04,0.24878316,0.06216128,0.24932164,0.528740644454956,0.042669475078582764,0.002433731686323881,0.049332864582538605
517,0.5883536338806152,1e-04,0.24855207,0.062046688,0.24909173,0.5278335809707642,0.04262720048427582,0.00242167548276484,0.04921052232384682
518,0.5873441100120544,1e-04,0.24832106,0.061932236,0.24886188,0.5269281268119812,0.04258475452661514,0.002409763401374221,0.04908934235572815
519,0.5863363146781921,1e-04,0.24809013,0.061817925,0.2486321,0.5260246396064758,0.042541973292827606,0.0023979912512004375,0.04896928742527962
520,0.5853304266929626,1e-04,0.24785924,0.061703753,0.2484024,0.5251227021217346,0.042498961091041565,0.0023863650858402252,0.04885043576359749
521,0.5843260288238525,1e-04,0.24762845,0.061589718,0.24817276,0.5242226123809814,0.042455703020095825,0.002374898409470916,0.048732928931713104
522,0.5833234786987305,1e-04,0.24739768,0.061475817,0.24794318,0.5233243703842163,0.042412273585796356,0.002363593317568302,0.04861680045723915
523,0.5823228359222412,1e-04,0.24716699,0.06136207,0.24771369,0.5224278569221497,0.0423685759305954,0.0023524523712694645,0.04850208759307861
524,0.5813238024711609,1e-04,0.24693637,0.061248437,0.24748422,0.5215332508087158,0.04232458770275116,0.00234147603623569,0.048388801515102386
525,0.5803267359733582,1e-04,0.24670583,0.06113496,0.24725485,0.5206402540206909,0.042280420660972595,0.0023306715302169323,0.048277027904987335
526,0.5793311595916748,1e-04,0.24647534,0.061021615,0.24702553,0.5197490453720093,0.04223594069480896,0.002320042112842202,0.04816681519150734
527,0.5783374309539795,1e-04,0.2462449,0.060908407,0.24679628,0.5188596844673157,0.0421912744641304,0.0023096005897969007,0.04805830493569374
528,0.5773453712463379,1e-04,0.24601455,0.060795337,0.2465671,0.5179720520973206,0.04214634746313095,0.0022993474267423153,0.04795151203870773
529,0.5763550996780396,1e-04,0.24578428,0.060682412,0.24633801,0.5170862674713135,0.04210123419761658,0.002289287280291319,0.04784649610519409
530,0.5753666162490845,1e-04,0.24555407,0.060569618,0.24610895,0.5162022709846497,0.04205584526062012,0.0022794194519519806,0.047743264585733414
531,0.5743798017501831,1e-04,0.2453239,0.060456965,0.24587998,0.5153200030326843,0.042010292410850525,0.0022697632666677237,0.04764203354716301
532,0.5733947157859802,1e-04,0.24509381,0.060344443,0.24565107,0.5144397020339966,0.041964396834373474,0.002260304056107998,0.04754265397787094
533,0.5724114775657654,1e-04,0.24486381,0.060232073,0.24542223,0.5135610103607178,0.04191833734512329,0.002251060213893652,0.04744533821940422
534,0.5714297890663147,1e-04,0.24463384,0.060119826,0.24519345,0.5126842260360718,0.04187222570180893,0.0022420519962906837,0.047350309789180756
535,0.5704498887062073,1e-04,0.24440396,0.06000774,0.24496478,0.511809229850769,0.04182567447423935,0.0022332435473799706,0.047257207334041595
536,0.5694717764854431,1e-04,0.24417414,0.059895784,0.24473615,0.51093590259552,0.04177895933389664,0.0022246649023145437,0.047166354954242706
537,0.5684952139854431,1e-04,0.2439444,0.059783965,0.2445076,0.5100646018981934,0.04173196852207184,0.0022163130342960358,0.047077734023332596
538,0.5675205588340759,1e-04,0.2437147,0.059672277,0.2442791,0.5091949701309204,0.04168485850095749,0.002208204474300146,0.046991534531116486
539,0.5665475130081177,1e-04,0.24348511,0.059560735,0.24405068,0.5083271861076355,0.04163750261068344,0.002200331538915634,0.0469076931476593
540,0.5655761957168579,1e-04,0.24325557,0.05944933,0.24382234,0.5074613094329834,0.04158991575241089,0.002192702144384384,0.04682629927992821
541,0.5646066665649414,1e-04,0.24302614,0.059338067,0.24359407,0.506597101688385,0.041542135179042816,0.0021853232756257057,0.046747442334890366
542,0.5636386871337891,1e-04,0.24279672,0.059226934,0.24336584,0.5057347416877747,0.041494183242321014,0.0021781977266073227,0.04667116701602936
543,0.56267249584198,1e-04,0.24256738,0.059115946,0.24313772,0.5048742890357971,0.041445985436439514,0.002171329455450177,0.04659752547740936
544,0.5617080330848694,1e-04,0.24233814,0.0590051,0.24290965,0.5040155649185181,0.041397593915462494,0.0021647207904607058,0.04652655869722366
545,0.5607452392578125,1e-04,0.24210894,0.058894392,0.24268167,0.5031587481498718,0.04134901612997055,0.002158381510525942,0.04645838588476181
546,0.5597841739654541,1e-04,0.24187984,0.05878381,0.24245372,0.5023037195205688,0.0413002148270607,0.002152310684323311,0.046393003314733505
547,0.5588247776031494,1e-04,0.24165078,0.058673386,0.2422259,0.5014504194259644,0.04125119000673294,0.002146512269973755,0.046330466866493225
548,0.5578670501708984,1e-04,0.24142182,0.058563083,0.2419981,0.5005990862846375,0.04120197147130966,0.002140988362953067,0.046270813792943954
549,0.556911051273346,1e-04,0.24119292,0.058452934,0.24177042,0.49974945187568665,0.04115265607833862,0.0021357613150030375,0.04621429741382599
550,0.5559566020965576,1e-04,0.24096407,0.058342915,0.24154279,0.49890169501304626,0.04110300540924072,0.002130801323801279,0.04616060480475426
551,0.5550039410591125,1e-04,0.24073534,0.058233034,0.24131522,0.49805590510368347,0.04105326533317566,0.0021261447109282017,0.046110138297080994
552,0.5540530681610107,1e-04,0.24050665,0.058123305,0.24108775,0.4972117245197296,0.04100329428911209,0.002121780766174197,0.04606278985738754
553,0.5531036257743835,1e-04,0.24027805,0.058013704,0.24086034,0.49636948108673096,0.04095315933227539,0.002117712050676346,0.046018604189157486
554,0.5521560311317444,1e-04,0.24004953,0.057904243,0.24063301,0.4955291450023651,0.0409027561545372,0.002113938331604004,0.04597758501768112
555,0.5512101650238037,1e-04,0.23982108,0.05779493,0.24040575,0.49469056725502014,0.04085233807563782,0.0021104863844811916,0.04594003036618233
556,0.5502658486366272,1e-04,0.23959267,0.057685744,0.24017857,0.49385371804237366,0.04080164432525635,0.0021073343232274055,0.045905712991952896
557,0.5493230819702148,1e-04,0.23936434,0.057576697,0.23995145,0.49301886558532715,0.04075083136558533,0.0021044996101409197,0.04587482661008835
558,0.5483821630477905,1e-04,0.23913611,0.057467803,0.23972443,0.49218589067459106,0.04069981724023819,0.0021019745618104935,0.045847296714782715
559,0.5474429130554199,1e-04,0.23890798,0.05735905,0.2394975,0.49135467410087585,0.04064859449863434,0.0020997708197683096,0.04582325741648674
560,0.546505331993103,1e-04,0.23867989,0.05725043,0.23927061,0.49052518606185913,0.04059722274541855,0.0020978867541998625,0.04580269381403923
561,0.5455692410469055,1e-04,0.23845188,0.05714194,0.2390438,0.48969772458076477,0.040545664727687836,0.002096329117193818,0.04578568786382675
562,0.5446350574493408,1e-04,0.23822393,0.0570336,0.23881708,0.4888720214366913,0.04049395024776459,0.002095100935548544,0.04577227309346199
563,0.5437023639678955,1e-04,0.23799609,0.05692539,0.23859042,0.48804813623428345,0.040442124009132385,0.002094209659844637,0.04576253518462181
564,0.5427712798118591,1e-04,0.2377683,0.056817338,0.23836388,0.48722612857818604,0.040390074253082275,0.0020936476066708565,0.045756395906209946
565,0.5418419241905212,1e-04,0.23754059,0.056709405,0.23813736,0.4864059090614319,0.040337853133678436,0.002093418501317501,0.04575388878583908
566,0.5409140586853027,1e-04,0.23731296,0.056601614,0.23791094,0.48558762669563293,0.04028557240962982,0.002093544462695718,0.04575526714324951
567,0.5399880409240723,1e-04,0.23708542,0.056493983,0.23768462,0.48477107286453247,0.040233008563518524,0.002093993593007326,0.045760173350572586
568,0.539063572883606,1e-04,0.23685797,0.056386475,0.23745836,0.4839564263820648,0.04018034040927887,0.0020947973243892193,0.04576895758509636
569,0.5381407737731934,1e-04,0.23663056,0.056279108,0.23723218,0.4831435978412628,0.04012763500213623,0.0020959568209946156,0.04578161984682083
570,0.5372195839881897,1e-04,0.23640323,0.056171883,0.23700608,0.482332706451416,0.040074653923511505,0.0020974555518478155,0.045797985047101974
571,0.5363000631332397,1e-04,0.23617601,0.056064814,0.23678009,0.4815235435962677,0.04002154618501663,0.0020993095822632313,0.04581822454929352
572,0.535382091999054,1e-04,0.23594888,0.055957865,0.23655415,0.4807162582874298,0.03996831923723221,0.0021015172824263573,0.045842308551073074
573,0.5344657897949219,1e-04,0.23572177,0.055851053,0.23632827,0.47991085052490234,0.03991498798131943,0.0021040879655629396,0.0458703376352787
574,0.5335512161254883,1e-04,0.23549479,0.0557444,0.23610252,0.47910717129707336,0.03986148536205292,0.002107011154294014,0.04590219259262085
575,0.5326380133628845,1e-04,0.23526788,0.055637877,0.23587683,0.47830554842948914,0.03980790823698044,0.0021103015169501305,0.04593801870942116
576,0.5317267179489136,1e-04,0.23504107,0.0555315,0.23565122,0.4775055944919586,0.03975418955087662,0.0021139485761523247,0.045977696776390076
577,0.5308168530464172,1e-04,0.23481429,0.055425245,0.23542567,0.4767075181007385,0.0397002249956131,0.002117956057190895,0.04602125659584999
578,0.5299087166786194,1e-04,0.23458761,0.05531915,0.23520023,0.4759112596511841,0.0396462082862854,0.0021223346702754498,0.04606880247592926
579,0.5290021300315857,1e-04,0.23436101,0.055213183,0.23497486,0.4751168489456177,0.03959207981824875,0.00212707556784153,0.04612023010849953
580,0.5280971527099609,1e-04,0.23413451,0.055107366,0.23474959,0.4743242561817169,0.03953780233860016,0.0021321873646229506,0.04617561399936676
581,0.5271937847137451,1e-04,0.23390812,0.055001695,0.2345244,0.4735335111618042,0.039483413100242615,0.0021376702934503555,0.04623494669795036
582,0.5262919664382935,1e-04,0.23368178,0.054896157,0.23429929,0.4727446436882019,0.03942890465259552,0.002143517602235079,0.04629813879728317
583,0.5253918170928955,1e-04,0.2334555,0.05479075,0.23407423,0.4719575345516205,0.03937432914972305,0.002149743027985096,0.046365320682525635
584,0.5244932770729065,1e-04,0.23322932,0.054685492,0.23384929,0.4711723327636719,0.039319515228271484,0.0021563307382166386,0.046436309814453125
585,0.5235963463783264,1e-04,0.23300321,0.054580376,0.23362443,0.4703889489173889,0.0392647311091423,0.00216330261901021,0.046511318534612656
586,0.5227009654045105,1e-04,0.2327772,0.054475386,0.23339963,0.46960726380348206,0.0392097532749176,0.0021706388797611,0.04659011587500572
587,0.5218071937561035,1e-04,0.23255129,0.054370563,0.23317496,0.46882763504981995,0.039154648780822754,0.0021783553529530764,0.04667285457253456
588,0.520915150642395,1e-04,0.23232545,0.054265868,0.23295036,0.4680496156215668,0.03917317092418671,0.002186453901231289,0.046759530901908875
589,0.5200244784355164,1e-04,0.2320997,0.05416131,0.23272583,0.4672735333442688,0.03935776650905609,0.0021949084475636482,0.046849850565195084
590,0.5191354751586914,1e-04,0.23187403,0.054056898,0.23250139,0.4664992392063141,0.03954256325960159,0.0022037471644580364,0.046944085508584976
591,0.5182480812072754,1e-04,0.23164845,0.053952623,0.23227704,0.46572667360305786,0.03972753882408142,0.0022129614371806383,0.0470421239733696
592,0.5173621773719788,1e-04,0.23142296,0.05384849,0.23205277,0.46495598554611206,0.03991246968507767,0.0022225501015782356,0.047143928706645966
593,0.5164779424667358,1e-04,0.23119755,0.053744506,0.23182862,0.4641871750354767,0.040097519755363464,0.002232505939900875,0.04724940285086632
594,0.5155953764915466,1e-04,0.23097225,0.053640664,0.23160455,0.4634201228618622,0.04028278589248657,0.002242851536720991,0.04735875502228737
595,0.514714241027832,1e-04,0.23074698,0.053536948,0.23138052,0.46265485882759094,0.04046797752380371,0.002253557089716196,0.04747164621949196
596,0.5138347148895264,1e-04,0.23052184,0.053433374,0.2311566,0.4618913233280182,0.040653154253959656,0.0022646377328783274,0.04758821055293083
597,0.5129566192626953,1e-04,0.23029678,0.05332996,0.2309328,0.46112969517707825,0.04083847254514694,0.0022760918363928795,0.04770840331912041
598,0.5120802521705627,1e-04,0.23007183,0.05322668,0.23070908,0.4603698253631592,0.04102378338575363,0.002287918468937278,0.047832190990448
599,0.5112054944038391,1e-04,0.22984695,0.053123545,0.23048545,0.45961177349090576,0.041208989918231964,0.002300107851624489,0.04795943945646286
600,0.5103321671485901,1e-04,0.22962217,0.053020537,0.23026189,0.4588555097579956,0.04139425605535507,0.00231267511844635,0.04809027910232544
601,0.5094605088233948,1e-04,0.22939746,0.052917674,0.23003842,0.4581010341644287,0.041579440236091614,0.0023256060667335987,0.04822453856468201
602,0.5085904002189636,1e-04,0.22917287,0.052814964,0.22981507,0.4573482275009155,0.041764624416828156,0.0023389074485749006,0.04836225137114525
603,0.5077217221260071,1e-04,0.22894831,0.052712385,0.22959177,0.45659735798835754,0.04194977879524231,0.002352579962462187,0.04850340262055397
604,0.5068547129631042,1e-04,0.22872388,0.052609947,0.22936858,0.45584815740585327,0.04213473200798035,0.002366609638556838,0.048647813498973846
605,0.5059891939163208,1e-04,0.22849953,0.05250765,0.22914548,0.45510080456733704,0.04231960326433182,0.00238100066781044,0.04879549890756607
606,0.5051252841949463,1e-04,0.2282753,0.05240551,0.2289225,0.4543552100658417,0.042504459619522095,0.0023957611992955208,0.04894651472568512
607,0.5042629241943359,1e-04,0.22805119,0.05230351,0.22869961,0.45361125469207764,0.042689040303230286,0.00241086445748806,0.04910055547952652
608,0.503402054309845,1e-04,0.22782709,0.05220164,0.22847678,0.4528690576553345,0.04287341982126236,0.0024263281375169754,0.04925777390599251
609,0.5025426149368286,1e-04,0.2276031,0.05209991,0.22825405,0.45212867856025696,0.04305766522884369,0.0024421480484306812,0.049418095499277115
610,0.501684844493866,1e-04,0.22737925,0.05199832,0.2280314,0.4513901174068451,0.043241679668426514,0.0024583134800195694,0.0495813824236393
611,0.5008286833763123,1e-04,0.22715545,0.05189688,0.22780886,0.4506532549858093,0.04342571645975113,0.0024748495779931545,0.049747858196496964
612,0.49997398257255554,1e-04,0.22693174,0.051795583,0.22758643,0.44991812109947205,0.043609246611595154,0.0024917100090533495,0.049917031079530716
613,0.499120831489563,1e-04,0.22670813,0.051694423,0.22736408,0.4491846561431885,0.04379269480705261,0.002508923877030611,0.05008915811777115
614,0.49826914072036743,1e-04,0.22648466,0.05159341,0.22714183,0.44845297932624817,0.04397577792406082,0.0025264741852879524,0.05026404559612274
615,0.4974190592765808,1e-04,0.22626126,0.051492546,0.2269197,0.44772303104400635,0.04415860027074814,0.0025443623308092356,0.050441671162843704
616,0.4965704679489136,1e-04,0.22603793,0.05139181,0.22669762,0.44699475169181824,0.044341206550598145,0.0025625932030379772,0.050622060894966125
617,0.4957233667373657,1e-04,0.22581472,0.051291227,0.22647567,0.4462681710720062,0.044523462653160095,0.0025811519008129835,0.05080503970384598
618,0.49487778544425964,1e-04,0.22559161,0.051190782,0.22625381,0.44554340839385986,0.0447053387761116,0.002600038656964898,0.050990574061870575
619,0.4940338432788849,1e-04,0.22536857,0.05109048,0.22603203,0.44482025504112244,0.044886909425258636,0.002619259525090456,0.0511787012219429
620,0.49319133162498474,1e-04,0.22514565,0.050990324,0.22581038,0.4440988004207611,0.04506818950176239,0.002638795180246234,0.05136920511722565
621,0.492350310087204,1e-04,0.22492282,0.050890297,0.22558878,0.44337907433509827,0.045249007642269135,0.0026586519088596106,0.0515621155500412
622,0.4915108382701874,1e-04,0.22470011,0.05079043,0.22536732,0.44266095757484436,0.045429520308971405,0.0026788299437612295,0.051757413893938065
623,0.4906727969646454,1e-04,0.22447746,0.050690692,0.22514594,0.44194453954696655,0.04560941457748413,0.002699296921491623,0.051954757422208786
624,0.48983633518218994,1e-04,0.22425492,0.0505911,0.22492465,0.44122979044914246,0.04578898102045059,0.002720084972679615,0.052154432982206345
625,0.4890013337135315,1e-04,0.22403246,0.050491646,0.22470346,0.44051679968833923,0.04596826434135437,0.0027411901392042637,0.052356377243995667
626,0.488167941570282,1e-04,0.22381015,0.05039235,0.2244824,0.43980535864830017,0.046146951615810394,0.0027625849470496178,0.05256029963493347
627,0.4873359501361847,1e-04,0.22358792,0.05029319,0.22426143,0.43909555673599243,0.0463252067565918,0.0027842752169817686,0.05276622995734215
628,0.4865054786205292,1e-04,0.22336577,0.05019417,0.22404055,0.4383874833583832,0.046503059566020966,0.0028062709607183933,0.05297424644231796
629,0.48567649722099304,1e-04,0.22314376,0.050095294,0.22381978,0.43768101930618286,0.04668015241622925,0.002828533761203289,0.053183961659669876
630,0.4848490357398987,1e-04,0.2229218,0.049996555,0.22359909,0.4369761645793915,0.04685693234205246,0.002851091092452407,0.05339561030268669
631,0.4840230643749237,1e-04,0.2227,0.04989798,0.22337855,0.4362729489803314,0.04703298211097717,0.002873907797038555,0.05360884219408035
632,0.4831985533237457,1e-04,0.22247827,0.04979952,0.22315806,0.4355713129043579,0.047208502888679504,0.0028969990089535713,0.05382377654314041
633,0.48237553238868713,1e-04,0.22225662,0.049701214,0.22293769,0.4348713159561157,0.047383591532707214,0.0029203779995441437,0.05404052138328552
634,0.4815540015697479,1e-04,0.22203511,0.04960307,0.22271746,0.43417292833328247,0.047558024525642395,0.0029440096113830805,0.05425873026251793
635,0.4807339608669281,1e-04,0.22181368,0.049505044,0.22249728,0.4334760904312134,0.04773172736167908,0.002967895707115531,0.054478395730257034
636,0.4799153506755829,1e-04,0.22159232,0.049407154,0.2222772,0.432780921459198,0.04790506511926651,0.0029920567758381367,0.054699696600437164
637,0.47909829020500183,1e-04,0.22137113,0.049309433,0.22205727,0.43208733201026917,0.048077598214149475,0.003016451373696327,0.054922230541706085
638,0.47828271985054016,1e-04,0.22115,0.04921184,0.22183742,0.4313952326774597,0.04824948310852051,0.0030410937033593655,0.05514611303806305
639,0.4774685502052307,1e-04,0.22092903,0.049114402,0.2216177,0.4307047724723816,0.04842079430818558,0.003065982833504677,0.05537131801247597
640,0.47665590047836304,1e-04,0.22070812,0.049017098,0.22139806,0.43001580238342285,0.04859139025211334,0.003091102233156562,0.05559768155217171
641,0.4758446514606476,1e-04,0.22048731,0.048919942,0.22117853,0.42932841181755066,0.04876110702753067,0.003116437466815114,0.05582506209611893
642,0.4750348925590515,1e-04,0.22026664,0.04882293,0.22095911,0.4286425709724426,0.04893016070127487,0.00314199086278677,0.056053463369607925
643,0.47422662377357483,1e-04,0.220046,0.04872604,0.22073975,0.427958220243454,0.04909846931695938,0.0031677582301199436,0.05628284066915512
644,0.47341978549957275,1e-04,0.21982555,0.048629325,0.22052057,0.42727553844451904,0.04926619678735733,0.0031937644816935062,0.05651340261101723
645,0.47261449694633484,1e-04,0.21960516,0.048532736,0.22030146,0.42659425735473633,0.04943300783634186,0.0032199546694755554,0.056744642555713654
646,0.47181057929992676,1e-04,0.21938491,0.048436295,0.22008248,0.4259144961833954,0.04959914833307266,0.003246365115046501,0.05697688087821007
647,0.4710081219673157,1e-04,0.21916477,0.048340004,0.21986361,0.42523616552352905,0.04976438730955124,0.003272960428148508,0.057209793478250504
648,0.4702070653438568,1e-04,0.21894471,0.048243847,0.21964481,0.42455947399139404,0.04992891103029251,0.0032997434027493,0.057443391531705856
649,0.4694075584411621,1e-04,0.21872477,0.048147842,0.21942617,0.4238842725753784,0.050092607736587524,0.003326719393953681,0.05767771974205971
650,0.4686095416545868,1e-04,0.21850497,0.04805198,0.21920761,0.423210471868515,0.05025557428598404,0.0033538849093019962,0.057912737131118774
651,0.46781280636787415,1e-04,0.2182852,0.047956243,0.21898913,0.4225381910800934,0.05041748285293579,0.0033812029287219048,0.058148112148046494
652,0.46701765060424805,1e-04,0.21806562,0.047860667,0.21877082,0.4218672811985016,0.05057854205369949,0.003408681135624647,0.05838391184806824
653,0.4662238359451294,1e-04,0.21784611,0.047765244,0.2185526,0.42119789123535156,0.05073876678943634,0.0034363341983407736,0.058620255440473557
654,0.4654315114021301,1e-04,0.2176267,0.047669943,0.21833448,0.4205299913883209,0.050898030400276184,0.0034641195088624954,0.058856770396232605
655,0.46464067697525024,1e-04,0.21740746,0.047574803,0.21811649,0.4198634624481201,0.05105649679899216,0.003492069896310568,0.059093739837408066
656,0.4638512134552002,1e-04,0.21718825,0.047479793,0.21789859,0.4191983938217163,0.05121399462223053,0.0035201662685722113,0.05933098867535591
657,0.46306315064430237,1e-04,0.2169692,0.047384936,0.21768081,0.4185347855091095,0.05137056112289429,0.0035483913961797953,0.0595683753490448
658,0.4622766077518463,1e-04,0.21675026,0.047290217,0.21746314,0.4178725481033325,0.05152621865272522,0.0035767448134720325,0.059805892407894135
659,0.4614914357662201,1e-04,0.21653144,0.047195654,0.21724561,0.417211651802063,0.051680877804756165,0.00360523140989244,0.0600435808300972
660,0.4607076644897461,1e-04,0.21631272,0.04710122,0.21702816,0.41655227541923523,0.05183444917201996,0.0036338320933282375,0.06028127297759056
661,0.4599253833293915,1e-04,0.21609412,0.047006935,0.21681082,0.4158942401409149,0.05198714882135391,0.0036625429056584835,0.06051894649863243
662,0.4591444730758667,1e-04,0.21587563,0.046912793,0.21659361,0.41523757576942444,0.0521388053894043,0.003691348945721984,0.06075647100806236
663,0.4583650231361389,1e-04,0.21565725,0.046818797,0.21637651,0.4145823121070862,0.05228937417268753,0.0037202623207122087,0.06099395453929901
664,0.45758700370788574,1e-04,0.215439,0.046724956,0.21615957,0.41392841935157776,0.05243901163339615,0.003749267663806677,0.06123126298189163
665,0.4568104147911072,1e-04,0.21522087,0.046631247,0.2159427,0.41327574849128723,0.05258752405643463,0.0037783533334732056,0.06146831065416336
666,0.4560351073741913,1e-04,0.21500282,0.046537682,0.21572594,0.4126245975494385,0.05273494869470596,0.0038075086195021868,0.06170501187443733
667,0.45526134967803955,1e-04,0.2147849,0.046444256,0.2155093,0.4119746685028076,0.052881427109241486,0.0038367589004337788,0.06194157525897026
668,0.45448893308639526,1e-04,0.21456711,0.046350986,0.2152928,0.4113260507583618,0.05302676558494568,0.003866057377308607,0.0621776282787323
669,0.4537178575992584,1e-04,0.21434943,0.046257857,0.2150764,0.41067883372306824,0.05317090451717377,0.0038954135961830616,0.06241324916481972
670,0.45294830203056335,1e-04,0.21413189,0.04616488,0.21486014,0.4100329577922821,0.053314030170440674,0.0039248354732990265,0.06264850497245789
671,0.4521801471710205,1e-04,0.21391441,0.046072036,0.21464397,0.40938836336135864,0.05345617234706879,0.003954323939979076,0.0628834143280983
672,0.4514133334159851,1e-04,0.21369712,0.045979332,0.21442792,0.4087449908256531,0.0535971075296402,0.003983852919191122,0.06311777234077454
673,0.4506479501724243,1e-04,0.21347988,0.04588678,0.214212,0.40810292959213257,0.053736791014671326,0.004013394936919212,0.06335136294364929
674,0.44988390803337097,1e-04,0.2132628,0.04579438,0.21399622,0.4074622094631195,0.05387546122074127,0.004042997024953365,0.06358456611633301
675,0.4491213262081146,1e-04,0.21304584,0.04570211,0.21378052,0.40682274103164673,0.054012805223464966,0.004072589334100485,0.0638168454170227
676,0.4483601450920105,1e-04,0.212829,0.045609996,0.21356496,0.40618449449539185,0.054149240255355835,0.004102218896150589,0.06404856592416763
677,0.4476003050804138,1e-04,0.21261227,0.045518022,0.21334954,0.40554749965667725,0.05428420007228851,0.004131829831749201,0.06427931040525436
678,0.44684186577796936,1e-04,0.21239567,0.04542619,0.2131342,0.40491175651550293,0.05441799759864807,0.004161462653428316,0.06450939923524857
679,0.44608479738235474,1e-04,0.21217917,0.0453345,0.212919,0.4042772948741913,0.0545506477355957,0.0041911061853170395,0.06473875045776367
680,0.4453291594982147,1e-04,0.2119628,0.045242965,0.21270394,0.40364405512809753,0.05468207597732544,0.0042207250371575356,0.06496711075305939
681,0.44457492232322693,1e-04,0.21174656,0.045151565,0.21248898,0.40301206707954407,0.05481232702732086,0.004250341560691595,0.06519464403390884
682,0.44382205605506897,1e-04,0.21153045,0.045060318,0.21227416,0.4023812413215637,0.05494129657745361,0.004279925487935543,0.06542114168405533
683,0.44307053089141846,1e-04,0.21131444,0.044969205,0.21205944,0.4017515182495117,0.055069148540496826,0.004309521522372961,0.0656469464302063
684,0.4423202574253082,1e-04,0.21109857,0.044878244,0.21184486,0.40112313628196716,0.05519559979438782,0.004339050501585007,0.0658714696764946
685,0.44157150387763977,1e-04,0.21088283,0.04478742,0.21163039,0.4004959166049957,0.05532088875770569,0.004368558991700411,0.06609507650136948
686,0.44082412123680115,1e-04,0.2106672,0.04469676,0.21141608,0.39986976981163025,0.05544459819793701,0.004397978540509939,0.06631726026535034
687,0.4400780498981476,1e-04,0.21045172,0.044606227,0.21120186,0.3992449641227722,0.05556739866733551,0.0044274041429162025,0.0665387436747551
688,0.43933340907096863,1e-04,0.21023631,0.044515837,0.21098776,0.39862120151519775,0.055688709020614624,0.004456750117242336,0.066758893430233
689,0.43859004974365234,1e-04,0.21002106,0.044425596,0.2107738,0.3979986310005188,0.055808767676353455,0.0044860257767140865,0.06697779893875122
690,0.43784812092781067,1e-04,0.20980592,0.0443355,0.21055996,0.39737722277641296,0.055927425622940063,0.004515235777944326,0.06719550490379333
691,0.43710753321647644,1e-04,0.20959096,0.04424556,0.21034628,0.39675694704055786,0.05604487657546997,0.004544381517916918,0.06741202622652054
692,0.43636828660964966,1e-04,0.20937605,0.044155747,0.21013269,0.3961378037929535,0.056160807609558105,0.004573421087116003,0.06762707233428955
693,0.4356304705142975,1e-04,0.20916134,0.04406609,0.20991924,0.3955197036266327,0.05627574026584625,0.004602419212460518,0.06784113496541977
694,0.4348938465118408,1e-04,0.2089467,0.043976575,0.20970592,0.394902765750885,0.056388989090919495,0.004631281364709139,0.06805352121591568
695,0.43415868282318115,1e-04,0.2087322,0.0438872,0.20949273,0.39428696036338806,0.0566277801990509,0.00466009508818388,0.06826488673686981
696,0.43342486023902893,1e-04,0.20851785,0.04379798,0.20927967,0.39367228746414185,0.05692164599895477,0.004688791930675507,0.06847475469112396
697,0.43269240856170654,1e-04,0.20830363,0.0437089,0.20906673,0.393058717250824,0.05721302330493927,0.004717390052974224,0.06868325918912888
698,0.4319612979888916,1e-04,0.20808952,0.04361996,0.20885392,0.3924461901187897,0.057502031326293945,0.004745859187096357,0.06889019906520844
699,0.4312314987182617,1e-04,0.20787555,0.04353117,0.20864125,0.39183470606803894,0.0577884316444397,0.0047742146998643875,0.06909569352865219
700,0.4305030107498169,1e-04,0.2076617,0.04344253,0.20842871,0.3912242650985718,0.05807231366634369,0.00480242632329464,0.06929954141378403
701,0.4297758638858795,1e-04,0.20744796,0.043354023,0.2082163,0.3906150162220001,0.05835402011871338,0.004830534569919109,0.06950204819440842
702,0.42905014753341675,1e-04,0.2072344,0.04326567,0.20800401,0.39000678062438965,0.05863316357135773,0.004858516156673431,0.06970305740833282
703,0.42832571268081665,1e-04,0.20702094,0.043177452,0.20779185,0.38939952850341797,0.058909714221954346,0.004886319860816002,0.0699022188782692
704,0.4276025891304016,1e-04,0.20680763,0.04308939,0.20757984,0.38879331946372986,0.05918414890766144,0.004914034157991409,0.07010017335414886
705,0.42688074707984924,1e-04,0.20659442,0.04300146,0.20736794,0.3881882429122925,0.05945597589015961,0.004941582679748535,0.07029639184474945
706,0.42616039514541626,1e-04,0.2063814,0.042913694,0.20715621,0.3875841498374939,0.05972525477409363,0.004968972876667976,0.07049094140529633
707,0.4254412055015564,1e-04,0.20616846,0.042826053,0.20694457,0.3869810402393341,0.059992119669914246,0.004996198695152998,0.0706837922334671
708,0.42472341656684875,1e-04,0.20595568,0.042738568,0.20673308,0.3863789737224579,0.06025645136833191,0.0050232685171067715,0.07087501883506775
709,0.4240069091320038,1e-04,0.20574301,0.042651217,0.2065217,0.38577789068222046,0.060518115758895874,0.0050501455552875996,0.07106437534093857
710,0.42329177260398865,1e-04,0.20553048,0.04256402,0.2063105,0.3851778209209442,0.060777291655540466,0.0050768558867275715,0.07125205546617508
711,0.4225779175758362,1e-04,0.20531814,0.04247697,0.20609942,0.38457876443862915,0.06103409826755524,0.00510341115295887,0.07143816351890564
712,0.42186540365219116,1e-04,0.20510586,0.04239006,0.20588847,0.3839806616306305,0.06128844618797302,0.0051297773607075214,0.07162246108055115
713,0.4211541712284088,1e-04,0.20489375,0.042303305,0.20567767,0.383383572101593,0.06154033541679382,0.005155966617166996,0.07180505990982056
714,0.4204443097114563,1e-04,0.2046818,0.04221669,0.205467,0.38278746604919434,0.061789706349372864,0.005181972403079271,0.07198591530323029
715,0.41973572969436646,1e-04,0.20446993,0.042130213,0.20525646,0.38219234347343445,0.06203635036945343,0.005207768641412258,0.0721648707985878
716,0.41902846097946167,1e-04,0.20425822,0.04204388,0.20504604,0.3815981447696686,0.06228077411651611,0.005233375821262598,0.07234207540750504
717,0.41832247376441956,1e-04,0.20404665,0.041957695,0.20483577,0.38100484013557434,0.06252226233482361,0.005258743651211262,0.07251719385385513
718,0.4176177680492401,1e-04,0.20383523,0.041871656,0.20462565,0.3804125487804413,0.06276139616966248,0.005283923353999853,0.07269059866666794
719,0.4169143736362457,1e-04,0.20362394,0.041785765,0.20441566,0.3798212707042694,0.06299793720245361,0.005308883730322123,0.07286208868026733
720,0.41621240973472595,1e-04,0.20341277,0.04170002,0.20420583,0.3792307674884796,0.06323210895061493,0.005333650857210159,0.07303185015916824
721,0.41551151871681213,1e-04,0.20320177,0.041614413,0.2039961,0.3786413073539734,0.06346364319324493,0.005358188878744841,0.07319965213537216
722,0.4148120880126953,1e-04,0.20299089,0.04152895,0.20378654,0.3780527710914612,0.06369268894195557,0.0053825052455067635,0.07336556166410446
723,0.4141138792037964,1e-04,0.20278017,0.041443635,0.2035771,0.3774651288986206,0.06391921639442444,0.005406609736382961,0.07352965325117111
724,0.4134169816970825,1e-04,0.20256954,0.041358463,0.2033678,0.37687841057777405,0.06414289772510529,0.005430428311228752,0.07369144260883331
725,0.4127214252948761,1e-04,0.20235908,0.04127344,0.20315866,0.37629252672195435,0.06436415016651154,0.005454032216221094,0.07385142147541046
726,0.4120270609855652,1e-04,0.20214878,0.041188557,0.20294964,0.37570762634277344,0.06458282470703125,0.005477412603795528,0.07400954514741898
727,0.4113340377807617,1e-04,0.20193858,0.04110382,0.20274077,0.3751235902309418,0.06479915976524353,0.0055005536414682865,0.0741657167673111
728,0.41064226627349854,1e-04,0.20172857,0.041019235,0.20253205,0.37454044818878174,0.06501263380050659,0.005523423198610544,0.0743197351694107
729,0.4099518060684204,1e-04,0.20151867,0.040934782,0.20232347,0.3739582896232605,0.0652240663766861,0.005546106491237879,0.07447218894958496
730,0.40926265716552734,1e-04,0.20130892,0.040850487,0.20211503,0.37337690591812134,0.06543292105197906,0.0055685220286250114,0.07462252676486969
731,0.4085747003555298,1e-04,0.20109932,0.04076632,0.20190671,0.3727963864803314,0.06563909351825714,0.005590671207755804,0.07477079331874847
732,0.4078880250453949,1e-04,0.20088987,0.04068232,0.20169859,0.3722168207168579,0.06584253907203674,0.00561255170032382,0.07491696625947952
733,0.40720272064208984,1e-04,0.20068054,0.04059845,0.20149057,0.3716380298137665,0.06604346632957458,0.0056341663002967834,0.07506108283996582
734,0.4065185785293579,1e-04,0.20047134,0.040514722,0.2012827,0.37106019258499146,0.06624197959899902,0.005655539687722921,0.0752033218741417
735,0.4058358073234558,1e-04,0.20026235,0.040431153,0.20107499,0.3704831600189209,0.06643804907798767,0.005676658824086189,0.07534360140562057
736,0.4051542282104492,1e-04,0.20005344,0.040347707,0.20086738,0.369907021522522,0.06663165986537933,0.0056974999606609344,0.07548178732395172
737,0.4044739603996277,1e-04,0.19984472,0.040264424,0.20065998,0.3693317174911499,0.06682264804840088,0.005718073341995478,0.0756179466843605
738,0.40379494428634644,1e-04,0.19963612,0.04018128,0.20045269,0.3687572181224823,0.06701095402240753,0.005738348700106144,0.0757518857717514
739,0.4031171500682831,1e-04,0.19942766,0.040098276,0.20024554,0.36818355321884155,0.06719671189785004,0.005758357234299183,0.07588384300470352
740,0.40244060754776,1e-04,0.19921936,0.040015426,0.20003857,0.36761078238487244,0.06738013029098511,0.005778111983090639,0.07601389288902283
741,0.401765376329422,1e-04,0.19901119,0.03993271,0.19983171,0.3670388162136078,0.06756077706813812,0.005797549616545439,0.07614164054393768
742,0.40109142661094666,1e-04,0.1988032,0.03985015,0.19962502,0.36646768450737,0.06773935258388519,0.005816753953695297,0.07626764476299286
743,0.40041860938072205,1e-04,0.19859533,0.03976772,0.19941846,0.36589738726615906,0.06791539490222931,0.005835681688040495,0.07639163732528687
744,0.39974716305732727,1e-04,0.19838762,0.039685447,0.19921206,0.3653278350830078,0.06808874011039734,0.005854284390807152,0.07651329785585403
745,0.3990768790245056,1e-04,0.19818006,0.039603308,0.1990058,0.364759236574173,0.06825961172580719,0.0058726114220917225,0.07663296908140182
746,0.3984079360961914,1e-04,0.19797261,0.039521318,0.1987997,0.36419129371643066,0.0684276670217514,0.005890596192330122,0.07675021886825562
747,0.3977401852607727,1e-04,0.1977654,0.03943948,0.19859377,0.3636242151260376,0.06859342753887177,0.005908318795263767,0.07686559110879898
748,0.3970736563205719,1e-04,0.19755824,0.039357774,0.19838794,0.363057941198349,0.06875696778297424,0.00592578062787652,0.07697909325361252
749,0.396408349275589,1e-04,0.19735129,0.03927622,0.19818228,0.36249247193336487,0.06891797482967377,0.00594294723123312,0.07709051668643951
750,0.39574435353279114,1e-04,0.19714446,0.039194807,0.19797678,0.3619278371334076,0.06907615065574646,0.005959774367511272,0.07719957828521729
751,0.39508160948753357,1e-04,0.19693781,0.039113544,0.19777144,0.36136394739151,0.0692325234413147,0.005976374261081219,0.07730701565742493
752,0.39441996812820435,1e-04,0.19673128,0.03903242,0.19756624,0.3608008027076721,0.0693858414888382,0.005992596969008446,0.07741186767816544
753,0.3937596380710602,1e-04,0.19652493,0.03895144,0.1973612,0.3602384924888611,0.06953670084476471,0.00600852956995368,0.07751470804214478
754,0.3931005597114563,1e-04,0.19631873,0.038870603,0.1971563,0.3596770167350769,0.06968535482883453,0.006024189293384552,0.0776156485080719
755,0.3924427330493927,1e-04,0.19611268,0.038789913,0.19695155,0.35911619663238525,0.0698312371969223,0.0060395048931241035,0.07771424949169159
756,0.39178603887557983,1e-04,0.19590676,0.03870936,0.19674695,0.35855621099472046,0.06997521221637726,0.006054570432752371,0.07781112194061279
757,0.39113059639930725,1e-04,0.19570105,0.038628962,0.19654252,0.3579970598220825,0.07011637091636658,0.0060692899860441685,0.07790564745664597
758,0.3904764950275421,1e-04,0.19549543,0.038548704,0.19633824,0.35743868350982666,0.07025536894798279,0.006083732936531305,0.07799828797578812
759,0.3898235261440277,1e-04,0.19528998,0.03846859,0.1961341,0.35688096284866333,0.07039189338684082,0.006097851786762476,0.07808874547481537
760,0.3891717195510864,1e-04,0.19508469,0.038388617,0.19593014,0.35632413625717163,0.07052575051784515,0.006111648865044117,0.07817703485488892
761,0.388521283864975,1e-04,0.19487958,0.038308788,0.1957263,0.3557679355144501,0.07065746188163757,0.006125151179730892,0.07826334238052368
762,0.3878718912601471,1e-04,0.19467455,0.038229097,0.19552262,0.35521259903907776,0.07078661024570465,0.006138324271887541,0.07834745943546295
763,0.38722383975982666,1e-04,0.19446976,0.03814957,0.19531915,0.35465800762176514,0.07091358304023743,0.006151233799755573,0.07842980325222015
764,0.38657695055007935,1e-04,0.19426508,0.03807017,0.19511577,0.35410404205322266,0.07103782892227173,0.006163755431771278,0.07850959151983261
765,0.38593119382858276,1e-04,0.19406056,0.037990913,0.19491258,0.3535510003566742,0.0711602121591568,0.0061760470271110535,0.07858783006668091
766,0.38528677821159363,1e-04,0.19385622,0.037911806,0.19470954,0.35299867391586304,0.07127997279167175,0.00618799077346921,0.07866378128528595
767,0.3846435248851776,1e-04,0.19365203,0.037832845,0.19450668,0.3524470627307892,0.07139745354652405,0.006199625786393881,0.07873770594596863
768,0.3840014338493347,1e-04,0.19344796,0.037754014,0.19430391,0.35189613699913025,0.07151243090629578,0.006210932508111,0.0788094699382782
769,0.3833605647087097,1e-04,0.1932441,0.03767534,0.19410136,0.35134610533714294,0.07162529230117798,0.006221954710781574,0.07887937128543854
770,0.382720947265625,1e-04,0.19304037,0.037596803,0.19389895,0.3507966995239258,0.07173541188240051,0.006232609041035175,0.07894687354564667
771,0.3820824921131134,1e-04,0.19283682,0.037518416,0.19369671,0.3502480089664459,0.07184334099292755,0.0062429653480648994,0.0790124386548996
772,0.3814451992511749,1e-04,0.19263339,0.037440162,0.1934946,0.34970012307167053,0.07194946706295013,0.006253071129322052,0.0790763646364212
773,0.38080909848213196,1e-04,0.19243014,0.037362054,0.19329266,0.34915295243263245,0.07205285131931305,0.006262806244194508,0.0791378915309906
774,0.3801742494106293,1e-04,0.19222705,0.037284095,0.1930909,0.3486064374446869,0.07215380668640137,0.0062722074799239635,0.07919727265834808
775,0.3795405328273773,1e-04,0.19202413,0.03720628,0.1928893,0.3480607867240906,0.07225270569324493,0.006281336769461632,0.0792548879981041
776,0.37890803813934326,1e-04,0.19182138,0.0371286,0.19268784,0.3475157618522644,0.07234933972358704,0.006290130317211151,0.079310342669487
777,0.3782767057418823,1e-04,0.19161876,0.03705107,0.19248654,0.3469715714454651,0.07244351506233215,0.0062986109405756,0.07936378568410873
778,0.37764662504196167,1e-04,0.19141631,0.03697368,0.19228542,0.3464280068874359,0.07253555953502655,0.006306780967861414,0.07941524684429169
779,0.37701764702796936,1e-04,0.19121404,0.036896437,0.19208445,0.3458852767944336,0.07262556254863739,0.006314655765891075,0.07946480810642242
780,0.37638992071151733,1e-04,0.1910119,0.036819328,0.19188362,0.3453432023525238,0.07271318137645721,0.006322202272713184,0.07951227575540543
781,0.3757633566856384,1e-04,0.19080995,0.03674237,0.191683,0.34480178356170654,0.0727986991405487,0.0063294582068920135,0.07955789566040039
782,0.37513789534568787,1e-04,0.19060814,0.03666555,0.19148251,0.3442612290382385,0.07288165390491486,0.006336366757750511,0.07960129529237747
783,0.37451374530792236,1e-04,0.1904065,0.03658888,0.1912822,0.34372127056121826,0.07296280562877655,0.006343005690723658,0.07964298874139786
784,0.37389057874679565,1e-04,0.19020504,0.036512345,0.19108203,0.3431820571422577,0.0730414092540741,0.006349293049424887,0.07968245446681976
785,0.373268723487854,1e-04,0.19000375,0.036435958,0.19088206,0.3426435589790344,0.07311804592609406,0.006355292163789272,0.07972008734941483
786,0.3726479709148407,1e-04,0.1898026,0.036359716,0.19068223,0.34210583567619324,0.07319225370883942,0.006360960192978382,0.07975562661886215
787,0.3720284700393677,1e-04,0.18960162,0.03628361,0.19048257,0.3415687382221222,0.07326465845108032,0.006366354413330555,0.07978943735361099
788,0.3714100420475006,1e-04,0.1894008,0.036207646,0.19028307,0.3410324156284332,0.07333458960056305,0.0063714017160236835,0.07982105761766434
789,0.37079283595085144,1e-04,0.18920012,0.036131818,0.19008371,0.3404967784881592,0.07340241968631744,0.0063761500641703606,0.07985080033540726
790,0.370176762342453,1e-04,0.18899965,0.036056146,0.18988456,0.3399619162082672,0.07346834242343903,0.006380624603480101,0.07987881451845169
791,0.36956191062927246,1e-04,0.18879934,0.035980612,0.18968557,0.3394276201725006,0.07353180646896362,0.006384741514921188,0.07990457862615585
792,0.3689481019973755,1e-04,0.18859918,0.035905223,0.18948674,0.33889418840408325,0.07359352707862854,0.006388622336089611,0.07992886006832123
793,0.3683355450630188,1e-04,0.1883992,0.035829965,0.18928805,0.33836135268211365,0.07365290820598602,0.00639215437695384,0.07995095103979111
794,0.36772406101226807,1e-04,0.18819939,0.035754856,0.18908955,0.3378292918205261,0.07371033728122711,0.006395401433110237,0.07997125387191772
795,0.36711376905441284,1e-04,0.18799973,0.03567989,0.18889122,0.3372979164123535,0.07376541197299957,0.006398307625204325,0.07998941838741302
796,0.3665046691894531,1e-04,0.18780024,0.035605073,0.18869306,0.33676719665527344,0.07381853461265564,0.0064009372144937515,0.08000585436820984
797,0.36589664220809937,1e-04,0.18760096,0.03553039,0.18849505,0.3362372815608978,0.07386969029903412,0.00640327762812376,0.0800204798579216
798,0.3652898669242859,1e-04,0.18740179,0.03545584,0.18829721,0.33570802211761475,0.07391856610774994,0.006405288353562355,0.08003304898738861
799,0.36468416452407837,1e-04,0.18720281,0.03538144,0.18809955,0.3351794481277466,0.07396574318408966,0.006407042033970356,0.08004400134086609
800,0.3640795946121216,1e-04,0.18700401,0.035307184,0.18790206,0.3346516191959381,0.07401101291179657,0.006408529356122017,0.08005329221487045
801,0.3634761869907379,1e-04,0.18680537,0.035233077,0.18770476,0.33412453532218933,0.07405403256416321,0.006409682333469391,0.08006048947572708
802,0.36287394165992737,1e-04,0.1866069,0.035159096,0.18750758,0.3335980176925659,0.0740949809551239,0.006410543341189623,0.08006586879491806
803,0.3622727394104004,1e-04,0.1864086,0.03508526,0.1873106,0.33307233452796936,0.07413387298583984,0.006411092355847359,0.08006929606199265
804,0.3616728186607361,1e-04,0.18621045,0.035011563,0.18711378,0.33254730701446533,0.07417073845863342,0.006411352194845676,0.08007092028856277
805,0.36107397079467773,1e-04,0.18601249,0.03493801,0.18691713,0.33202293515205383,0.07420562207698822,0.006411322392523289,0.08007073402404785
806,0.3604762554168701,1e-04,0.18581472,0.034864616,0.18672068,0.331499308347702,0.07423891127109528,0.006411056965589523,0.08006907254457474
807,0.35987958312034607,1e-04,0.18561709,0.03479134,0.18652436,0.33097636699676514,0.07427000999450684,0.006410468835383654,0.08006540685892105
808,0.35928410291671753,1e-04,0.18541963,0.03471821,0.18632823,0.33045417070388794,0.07429918646812439,0.006409605965018272,0.08006001263856888
809,0.3586897850036621,1e-04,0.18522237,0.034645226,0.18613228,0.32993263006210327,0.07432664930820465,0.006408486515283585,0.08005302399396896
810,0.35809653997421265,1e-04,0.18502529,0.03457238,0.1859365,0.32941174507141113,0.07435187697410583,0.006407033186405897,0.08004394173622131
811,0.35750436782836914,1e-04,0.18482836,0.03449968,0.18574089,0.3288916349411011,0.07437531650066376,0.006405333057045937,0.0800333246588707
812,0.35691341757774353,1e-04,0.18463159,0.034427106,0.18554543,0.3283722400665283,0.0743972659111023,0.006403404287993908,0.08002127707004547
813,0.3563235402107239,1e-04,0.18443501,0.034354687,0.18535018,0.32785356044769287,0.07441672682762146,0.006401116959750652,0.08000697940587997
814,0.35573482513427734,1e-04,0.1842386,0.0342824,0.18515508,0.32733553647994995,0.07443465292453766,0.006398595869541168,0.07999122142791748
815,0.35514721274375916,1e-04,0.18404238,0.034210265,0.18496017,0.32681816816329956,0.07445013523101807,0.0063957273960113525,0.07997329533100128
816,0.3545606732368469,1e-04,0.18384628,0.03413826,0.18476541,0.3263015151023865,0.07446452975273132,0.006392695941030979,0.07995433360338211
817,0.35397523641586304,1e-04,0.18365042,0.034066398,0.18457085,0.32578566670417786,0.07447712123394012,0.006389407441020012,0.0799337700009346
818,0.3533909320831299,1e-04,0.1834547,0.03399468,0.18437646,0.3252704441547394,0.07448773086071014,0.006385806482285261,0.0799112394452095
819,0.35280776023864746,1e-04,0.1832592,0.033923104,0.18418226,0.3247559368610382,0.07449626922607422,0.006381922401487827,0.07988693565130234
820,0.3522256314754486,1e-04,0.18306382,0.033851653,0.18398818,0.3242420554161072,0.07450275123119354,0.006377731449902058,0.07986070215702057
821,0.35164469480514526,1e-04,0.18286861,0.03378035,0.18379432,0.32372888922691345,0.07450766861438751,0.00637331698089838,0.07983306050300598
822,0.3510647714138031,1e-04,0.18267363,0.0337092,0.18360065,0.3232165277004242,0.07451094686985016,0.006368666421622038,0.07980392128229141
823,0.35048601031303406,1e-04,0.18247879,0.033638168,0.18340711,0.3227047622203827,0.07451234757900238,0.006363732740283012,0.07977300882339478
824,0.3499082922935486,1e-04,0.18228412,0.03356728,0.18321376,0.3221937417984009,0.07451201975345612,0.0063585578463971615,0.07974056899547577
825,0.34933173656463623,1e-04,0.18208967,0.033496547,0.18302062,0.321683406829834,0.07450994849205017,0.006353111006319523,0.07970640808343887
826,0.34875622391700745,1e-04,0.18189536,0.033425942,0.18282764,0.3211737871170044,0.07450610399246216,0.006347423419356346,0.07967071980237961
827,0.3481818437576294,1e-04,0.18170124,0.03335548,0.18263482,0.3206649422645569,0.0745009183883667,0.0063415402546525,0.07963378727436066
828,0.3476085662841797,1e-04,0.1815073,0.033285156,0.1824422,0.32015669345855713,0.07449367642402649,0.00633535161614418,0.0795949250459671
829,0.34703630208969116,1e-04,0.18131353,0.033214968,0.18224974,0.3196491599082947,0.07448484003543854,0.00632893294095993,0.07955458760261536
830,0.34646517038345337,1e-04,0.18111996,0.033144925,0.18205747,0.31914231181144714,0.07447394728660583,0.006322226487100124,0.07951243221759796
831,0.34589508175849915,1e-04,0.18092652,0.03307501,0.18186536,0.3186362087726593,0.07446157932281494,0.006315303035080433,0.07946888357400894
832,0.34532615542411804,1e-04,0.18073332,0.03300525,0.18167347,0.318130761384964,0.07444754242897034,0.006308151409029961,0.07942387461662292
833,0.3447582423686981,1e-04,0.18054025,0.032935612,0.18148172,0.31762605905532837,0.07443206012248993,0.006300775799900293,0.0793774276971817
834,0.34419140219688416,1e-04,0.1803474,0.032866124,0.18129016,0.31712207198143005,0.07441471517086029,0.006293135229498148,0.07932928204536438
835,0.3436256945133209,1e-04,0.18015473,0.032796774,0.18109879,0.3166188597679138,0.07439613342285156,0.0062853144481778145,0.07927997410297394
836,0.34306108951568604,1e-04,0.1799622,0.032727554,0.18090759,0.31611624360084534,0.07437571883201599,0.0062772370874881744,0.07922901958227158
837,0.34249749779701233,1e-04,0.17976987,0.032658484,0.18071659,0.31561440229415894,0.07435376942157745,0.006268942728638649,0.0791766569018364
838,0.34193503856658936,1e-04,0.17957772,0.03258955,0.18052576,0.3151131570339203,0.07432974874973297,0.006260359194129705,0.07912243157625198
839,0.3413735628128052,1e-04,0.17938577,0.032520752,0.1803351,0.3146127164363861,0.07430456578731537,0.006251604296267033,0.07906708866357803
840,0.34081318974494934,1e-04,0.17919397,0.03245208,0.18014461,0.31411296129226685,0.0742778480052948,0.006242632400244474,0.07901033014059067
841,0.34025388956069946,1e-04,0.17900236,0.032383557,0.17995432,0.3136138617992401,0.07424923777580261,0.006233396008610725,0.07895185798406601
842,0.33969566226005554,1e-04,0.17881095,0.032315183,0.17976424,0.31311553716659546,0.07421928644180298,0.006223966367542744,0.07889211922883987
843,0.3391385078430176,1e-04,0.1786197,0.03224692,0.17957428,0.3126179277896881,0.07418805360794067,0.006214367225766182,0.0788312554359436
844,0.3385823965072632,1e-04,0.17842865,0.03217882,0.17938456,0.3121209740638733,0.07415488362312317,0.006204487755894661,0.07876857370138168
845,0.33802732825279236,1e-04,0.1782378,0.03211085,0.179195,0.31162479519844055,0.07412050664424896,0.00619443180039525,0.07870471477508545
846,0.33747339248657227,1e-04,0.17804712,0.03204302,0.17900565,0.31112924218177795,0.07408435642719269,0.006184156984090805,0.07863941043615341
847,0.3369204103946686,1e-04,0.17785661,0.031975318,0.17881644,0.31063446402549744,0.07404690980911255,0.006173673085868359,0.07857272773981094
848,0.33636853098869324,1e-04,0.17766626,0.031907756,0.17862742,0.3101404011249542,0.07400786876678467,0.006162983365356922,0.07850467413663864
849,0.33581775426864624,1e-04,0.17747617,0.03184034,0.17843862,0.30964699387550354,0.07396742701530457,0.006152097135782242,0.07843530178070068
850,0.33526793122291565,1e-04,0.1772862,0.031773053,0.17824997,0.30915430188179016,0.07392533123493195,0.00614098459482193,0.07836443185806274
851,0.3347192108631134,1e-04,0.17709643,0.0317059,0.17806152,0.30866241455078125,0.07388220727443695,0.006129734683781862,0.07829262316226959
852,0.3341715633869171,1e-04,0.17690687,0.03163889,0.17787324,0.30817121267318726,0.07383738458156586,0.0061182561330497265,0.07821927964687347
853,0.3336249589920044,1e-04,0.17671748,0.031572014,0.17768516,0.3076806664466858,0.0737912505865097,0.006106585264205933,0.07814463973045349
854,0.33307936787605286,1e-04,0.17652829,0.031505283,0.17749728,0.30719080567359924,0.07374309003353119,0.006094649434089661,0.07806823402643204
855,0.3325348496437073,1e-04,0.17633922,0.031438675,0.17730954,0.3067017197608948,0.07369400560855865,0.006082597188651562,0.07799100875854492
856,0.3319913446903229,1e-04,0.1761504,0.031372212,0.17712203,0.3062133193016052,0.07364358007907867,0.006070343777537346,0.07791241258382797
857,0.33144885301589966,1e-04,0.17596173,0.031305876,0.17693466,0.3057256042957306,0.07359150052070618,0.006057885475456715,0.0778324156999588
858,0.33090740442276,1e-04,0.17577326,0.031239683,0.17674752,0.3052387237548828,0.07353843748569489,0.006045294925570488,0.07775149494409561
859,0.3303670883178711,1e-04,0.17558502,0.031173632,0.17656057,0.30475249886512756,0.07348379492759705,0.006032492965459824,0.07766912132501602
860,0.3298276960849762,1e-04,0.17539692,0.031107707,0.17637376,0.30426695942878723,0.0734277069568634,0.006019496824592352,0.07758541405200958
861,0.32928937673568726,1e-04,0.17520903,0.031041926,0.17618719,0.3037821352481842,0.07337048649787903,0.006006356328725815,0.07750068604946136
862,0.3287520706653595,1e-04,0.17502129,0.030976268,0.17600076,0.3032980263233185,0.07331174612045288,0.005993017926812172,0.07741458714008331
863,0.32821574807167053,1e-04,0.17483377,0.03091075,0.17581454,0.30281469225883484,0.07325167953968048,0.005979509092867374,0.07732728868722916
864,0.3276805579662323,1e-04,0.17464644,0.030845374,0.17562851,0.3023320138454437,0.07319013774394989,0.005965802818536758,0.07723861187696457
865,0.32714635133743286,1e-04,0.1744593,0.030780131,0.17544267,0.30185002088546753,0.07312743365764618,0.005951950326561928,0.07714888453483582
866,0.32661306858062744,1e-04,0.17427231,0.030715024,0.17525703,0.30136892199516296,0.07306389510631561,0.005937989801168442,0.0770583525300026
867,0.32608097791671753,1e-04,0.17408554,0.030650044,0.17507154,0.3008884787559509,0.07299895584583282,0.005923865828663111,0.07696665078401566
868,0.325549840927124,1e-04,0.17389898,0.030585209,0.17488627,0.3004087209701538,0.07293251156806946,0.005909534636884928,0.07687349617481232
869,0.3250196874141693,1e-04,0.17371257,0.030520499,0.17470117,0.299929678440094,0.07286486029624939,0.0058950576931238174,0.07677927613258362
870,0.3244905471801758,1e-04,0.17352639,0.030455938,0.17451629,0.2994513213634491,0.0727957934141159,0.005880388431251049,0.07668369263410568
871,0.32396242022514343,1e-04,0.17334037,0.030391494,0.17433156,0.2989737093448639,0.07272566854953766,0.005865603685379028,0.07658722996711731
872,0.32343533635139465,1e-04,0.17315455,0.0303272,0.17414707,0.29849690198898315,0.072654128074646,0.005850635934621096,0.07648944854736328
873,0.32290929555892944,1e-04,0.17296891,0.030263027,0.17396271,0.29802078008651733,0.07258160412311554,0.0058355447836220264,0.07639073580503464
874,0.322384238243103,1e-04,0.17278345,0.030198999,0.1737786,0.2975453734397888,0.07250796258449554,0.005820336751639843,0.07629112899303436
875,0.321860134601593,1e-04,0.1725982,0.0301351,0.17359464,0.2970707416534424,0.07243332266807556,0.005804993212223053,0.0761905089020729
876,0.3213370442390442,1e-04,0.17241313,0.030071326,0.17341086,0.29659679532051086,0.07235714793205261,0.005789461079984903,0.07608851045370102
877,0.3208150267601013,1e-04,0.17222829,0.030007705,0.17322733,0.2961236238479614,0.0722799301147461,0.005773808341473341,0.07598558068275452
878,0.32029402256011963,1e-04,0.1720436,0.029944202,0.17304394,0.2956511080265045,0.0722014307975769,0.005757995415478945,0.0758814588189125
879,0.31977397203445435,1e-04,0.17185913,0.029880846,0.17286077,0.2951793372631073,0.07212205231189728,0.005742084700614214,0.07577654719352722
880,0.3192548453807831,1e-04,0.1716748,0.02981761,0.17267776,0.2947082817554474,0.07204103469848633,0.005725987255573273,0.07567024976015091
881,0.31873682141304016,1e-04,0.17149071,0.029754514,0.17249496,0.29423803091049194,0.07195925712585449,0.005709793418645859,0.07556317746639252
882,0.31821978092193604,1e-04,0.1713068,0.029691553,0.17231236,0.29376837611198425,0.07187610864639282,0.005693438462913036,0.07545487582683563
883,0.3177036643028259,1e-04,0.1711231,0.029628724,0.17212996,0.2932996153831482,0.07179240882396698,0.005677026696503162,0.07534604519605637
884,0.3171886205673218,1e-04,0.17093956,0.029566018,0.17194772,0.2928314507007599,0.07170677185058594,0.0056603820994496346,0.0752355083823204
885,0.31667453050613403,1e-04,0.17075627,0.029503457,0.1717657,0.2923640310764313,0.07162044942378998,0.0056436629965901375,0.07512431591749191
886,0.3161613941192627,1e-04,0.17057312,0.029441021,0.17158386,0.29189741611480713,0.07153292000293732,0.005626813508570194,0.07501208782196045
887,0.3156493306159973,1e-04,0.17039017,0.029378721,0.17140222,0.2914314568042755,0.07144424319267273,0.005609836429357529,0.07489883899688721
888,0.31513816118240356,1e-04,0.17020743,0.029316552,0.17122076,0.2909662425518036,0.0713544487953186,0.005592732224613428,0.07478456944227219
889,0.314628005027771,1e-04,0.17002487,0.02925452,0.17103952,0.29050180315971375,0.07126396894454956,0.0055755553767085075,0.07466964423656464
890,0.3141188621520996,1e-04,0.16984253,0.029192613,0.17085846,0.29003801941871643,0.07117210328578949,0.005558229982852936,0.07455353438854218
891,0.31361064314842224,1e-04,0.16966034,0.029130837,0.17067759,0.28957509994506836,0.0710795670747757,0.005540831945836544,0.07443676143884659
892,0.31310346722602844,1e-04,0.16947842,0.029069208,0.17049694,0.28911280632019043,0.07098564505577087,0.005523288622498512,0.07431883364915848
893,0.31259721517562866,1e-04,0.16929662,0.029007694,0.17031646,0.28865131735801697,0.07089090347290039,0.0055056484416127205,0.07420005649328232
894,0.31209197640419006,1e-04,0.16911502,0.028946316,0.17013617,0.2881905138492584,0.0707949846982956,0.005487890914082527,0.07408030331134796
895,0.31158769130706787,1e-04,0.16893364,0.028885067,0.16995607,0.28773048520088196,0.07069820165634155,0.0054700421169400215,0.07395973056554794
896,0.3110843896865845,1e-04,0.16875248,0.028823957,0.1697762,0.28727108240127563,0.07060007750988007,0.005452049896121025,0.0738379955291748
897,0.3105820417404175,1e-04,0.16857147,0.028762974,0.16959651,0.28681257367134094,0.07050171494483948,0.005434058140963316,0.07371606677770615
898,0.3100806474685669,1e-04,0.16839069,0.02870212,0.169417,0.28635478019714355,0.07040196657180786,0.0054159145802259445,0.0735929012298584
899,0.3095802664756775,1e-04,0.16821009,0.028641393,0.16923769,0.2858976721763611,0.0703016072511673,0.005397718399763107,0.07346916943788528
900,0.3090807795524597,1e-04,0.16802967,0.0285808,0.16905858,0.2854413390159607,0.0701998770236969,0.005379372742027044,0.07334420830011368
901,0.3085823059082031,1e-04,0.16784947,0.028520336,0.16887966,0.2849857211112976,0.0700971707701683,0.005360933020710945,0.07321839034557343
902,0.3080848455429077,1e-04,0.16766946,0.028460005,0.16870093,0.2845308482646942,0.0699935331940651,0.005342409480363131,0.0730917900800705
903,0.30758824944496155,1e-04,0.16748965,0.02839981,0.16852243,0.2840767502784729,0.06988918036222458,0.005323815159499645,0.07296448200941086
904,0.30709266662597656,1e-04,0.16731004,0.028339742,0.16834411,0.2836233675479889,0.06978414207696915,0.005305173806846142,0.07283662259578705
905,0.3065979778766632,1e-04,0.16713059,0.02827979,0.16816597,0.2831706702709198,0.06967779248952866,0.005286396015435457,0.07270760834217072
906,0.30610427260398865,1e-04,0.1669514,0.028219983,0.16798805,0.28271880745887756,0.0695708617568016,0.005267573520541191,0.0725780501961708
907,0.3056115508079529,1e-04,0.16677238,0.028160304,0.16781032,0.28226765990257263,0.06946277618408203,0.0052486322820186615,0.07244744151830673
908,0.3051197826862335,1e-04,0.16659355,0.02810075,0.16763279,0.2818171977996826,0.06935389339923859,0.005229635629802942,0.07231622189283371
909,0.3046289086341858,1e-04,0.16641492,0.028041327,0.16745545,0.2813674807548523,0.06924381852149963,0.005210512317717075,0.07218387722969055
910,0.30413901805877686,1e-04,0.1662365,0.027982036,0.16727832,0.28091856837272644,0.06913338601589203,0.005191381089389324,0.07205124199390411
911,0.3036500811576843,1e-04,0.16605829,0.02792287,0.16710138,0.2804703712463379,0.06902193278074265,0.005172159057110548,0.07191772758960724
912,0.3031620383262634,1e-04,0.16588026,0.027863838,0.16692464,0.2800229787826538,0.06890992820262909,0.005152903497219086,0.07178372889757156
913,0.3026749789714813,1e-04,0.1657024,0.027804924,0.16674809,0.27957624197006226,0.06879671663045883,0.005133531987667084,0.07164867222309113
914,0.30218884348869324,1e-04,0.1655248,0.02774615,0.16657175,0.2791302502155304,0.06868277490139008,0.00511409854516387,0.07151292264461517
915,0.30170366168022156,1e-04,0.16534734,0.027687496,0.1663956,0.2786850929260254,0.06856799125671387,0.00509460736066103,0.07137651741504669
916,0.30121946334838867,1e-04,0.16517013,0.027628982,0.16621968,0.2782405912876129,0.06845220178365707,0.005075009074062109,0.07123909890651703
917,0.3007361590862274,1e-04,0.16499308,0.027570577,0.1660439,0.2777969241142273,0.0683361142873764,0.005055432207882404,0.07110156118869781
918,0.30025380849838257,1e-04,0.16481626,0.027512318,0.16586837,0.2773538827896118,0.06821902096271515,0.0050357673317193985,0.07096314430236816
919,0.29977232217788696,1e-04,0.16463964,0.02745418,0.16569303,0.2769116759300232,0.0681009292602539,0.00501600606366992,0.07082376629114151
920,0.29929184913635254,1e-04,0.16446318,0.027396163,0.16551787,0.2764701843261719,0.06798234581947327,0.004996237810701132,0.07068406790494919
921,0.29881224036216736,1e-04,0.16428697,0.027338283,0.16534293,0.27602940797805786,0.06786271184682846,0.004976361989974976,0.0705433338880539
922,0.2983335852622986,1e-04,0.16411091,0.027280524,0.16516817,0.2755894362926483,0.06774277985095978,0.004956507124006748,0.07040246576070786
923,0.29785582423210144,1e-04,0.1639351,0.0272229,0.16499363,0.27515020966529846,0.0676216334104538,0.00493653817102313,0.07026050239801407
924,0.2973790764808655,1e-04,0.16375948,0.027165398,0.16481929,0.2747116684913635,0.06749972701072693,0.004916516598314047,0.07011787593364716
925,0.29690319299697876,1e-04,0.16358402,0.02710802,0.16464514,0.27427390217781067,0.06737705320119858,0.004896439146250486,0.06997456401586533
926,0.29642823338508606,1e-04,0.16340882,0.027050773,0.1644712,0.2738368809223175,0.06725402921438217,0.004876362159848213,0.06983095407485962
927,0.2959541976451874,1e-04,0.1632338,0.026993653,0.16429745,0.27340060472488403,0.06713004410266876,0.004856215789914131,0.06968655437231064
928,0.29548102617263794,1e-04,0.16305895,0.026936652,0.1641239,0.27296507358551025,0.06700531393289566,0.004836022853851318,0.06954152137041092
929,0.2950088679790497,1e-04,0.16288434,0.026879787,0.16395056,0.27253031730651855,0.06688010692596436,0.00481581361964345,0.06939606368541718
930,0.2945375442504883,1e-04,0.16270992,0.026823046,0.16377743,0.27209627628326416,0.06675401329994202,0.004795544780790806,0.06924986839294434
931,0.2940671741962433,1e-04,0.16253568,0.02676642,0.16360445,0.27166295051574707,0.06662695854902267,0.004775195382535458,0.06910278648138046
932,0.2935977280139923,1e-04,0.16236167,0.026709935,0.16343175,0.27123042941093445,0.06649933010339737,0.004754830151796341,0.06895527988672256
933,0.29312917590141296,1e-04,0.16218786,0.026653565,0.1632592,0.2707986533641815,0.06637144833803177,0.00473447609692812,0.06880752742290497
934,0.29266148805618286,1e-04,0.16201426,0.02659733,0.16308688,0.2703675925731659,0.06624264270067215,0.0047140540555119514,0.0686589702963829
935,0.29219475388526917,1e-04,0.16184083,0.026541209,0.16291472,0.26993730664253235,0.06611324101686478,0.004693612456321716,0.06850994378328323
936,0.2917288839817047,1e-04,0.1616676,0.02648521,0.16274278,0.2695077955722809,0.06598326563835144,0.004673155955970287,0.06836048513650894
937,0.29126399755477905,1e-04,0.16149463,0.026429355,0.16257107,0.2690790295600891,0.06585269421339035,0.0046526649966835976,0.06821044534444809
938,0.290800005197525,1e-04,0.16132183,0.026373615,0.16239956,0.26865097880363464,0.06572116166353226,0.004632110707461834,0.06805960834026337
939,0.29033687710762024,1e-04,0.16114922,0.026317997,0.16222823,0.2682236433029175,0.06558927148580551,0.004611564334481955,0.06790850311517715
940,0.2898745536804199,1e-04,0.16097681,0.026262494,0.16205707,0.2677970826625824,0.06545647233724594,0.0045909583568573,0.06775660812854767
941,0.2894132733345032,1e-04,0.16080463,0.026207134,0.16188617,0.2673712968826294,0.06532366573810577,0.004570402204990387,0.06760475039482117
942,0.2889527678489685,1e-04,0.16063263,0.026151886,0.16171545,0.2669462561607361,0.06518987566232681,0.004549769684672356,0.06745198369026184
943,0.28849324584007263,1e-04,0.16046087,0.02609677,0.16154495,0.26652196049690247,0.06505534052848816,0.004529113881289959,0.06729868799448013
944,0.2880346179008484,1e-04,0.1602893,0.026041782,0.16137466,0.26609838008880615,0.06492045521736145,0.004508457146584988,0.06714504212141037
945,0.287576824426651,1e-04,0.16011788,0.025986897,0.16120452,0.26567554473876953,0.0647846907377243,0.004487746860831976,0.06699065119028091
946,0.28711995482444763,1e-04,0.15994674,0.025932157,0.16103464,0.265253484249115,0.06464860588312149,0.004467061720788479,0.06683608144521713
947,0.2866639792919159,1e-04,0.15977576,0.025877526,0.16086493,0.26483219861984253,0.06451217830181122,0.00444637518376112,0.0666811466217041
948,0.2862088084220886,1e-04,0.15960498,0.02582302,0.16069542,0.264411598443985,0.06437462568283081,0.004425614140927792,0.06652528792619705
949,0.28575462102890015,1e-04,0.15943444,0.025768643,0.16052614,0.2639918029308319,0.06423702090978622,0.004404901992529631,0.0663694366812706
950,0.2853012979030609,1e-04,0.15926407,0.025714384,0.16035706,0.26357272267341614,0.06409858912229538,0.004384145140647888,0.06621287763118744
951,0.2848488390445709,1e-04,0.15909392,0.025660247,0.16018815,0.26315441727638245,0.06395985931158066,0.004363405518233776,0.06605608016252518
952,0.2843972444534302,1e-04,0.158924,0.025606237,0.16001949,0.26273682713508606,0.06382031738758087,0.004342634230852127,0.06589866429567337
953,0.28394651412963867,1e-04,0.15875424,0.025552347,0.15985101,0.262319952249527,0.06368032097816467,0.004321855492889881,0.06574082374572754
954,0.2834966778755188,1e-04,0.1585847,0.025498576,0.15968274,0.26190388202667236,0.06353981047868729,0.0043010707013309,0.06558255106210709
955,0.28304773569107056,1e-04,0.15841536,0.02544493,0.15951467,0.2614886164665222,0.06339911371469498,0.004280328284949064,0.06542421877384186
956,0.28259968757629395,1e-04,0.15824623,0.025391405,0.1593468,0.2610740661621094,0.06325802952051163,0.0042595877312123775,0.06526551395654678
957,0.2821524739265442,1e-04,0.15807733,0.025338007,0.15917917,0.2606601417064667,0.06311588734388351,0.004238781053572893,0.06510592252016068
958,0.2817060947418213,1e-04,0.15790862,0.025284724,0.1590117,0.2602470815181732,0.0629732683300972,0.004217986017465591,0.06494602560997009
959,0.2812606394290924,1e-04,0.15774007,0.025231555,0.15884444,0.25983473658561707,0.06283038854598999,0.004197209607809782,0.06478587538003922
960,0.28081604838371277,1e-04,0.15757178,0.025178522,0.15867741,0.259423166513443,0.06268726289272308,0.004176456946879625,0.06462551653385162
961,0.28037229180336,1e-04,0.1574037,0.025125602,0.15851058,0.25901228189468384,0.06254328787326813,0.004155680537223816,0.06446456909179688
962,0.27992942929267883,1e-04,0.1572358,0.0250728,0.15834393,0.25860217213630676,0.06239902973175049,0.004134907852858305,0.06430324912071228
963,0.27948737144470215,1e-04,0.15706812,0.025020124,0.15817751,0.258192777633667,0.062254056334495544,0.0041141207329928875,0.0641414150595665
964,0.2790462076663971,1e-04,0.15690063,0.024967566,0.15801129,0.2577841281890869,0.062108494341373444,0.004093332681804895,0.06397915631532669
965,0.27860593795776367,1e-04,0.15673335,0.024915135,0.15784529,0.2573762536048889,0.06196296960115433,0.004072593990713358,0.06381687521934509
966,0.2781664729118347,1e-04,0.15656629,0.024862817,0.15767947,0.2569691240787506,0.06181679666042328,0.00405185017734766,0.06365414708852768
967,0.2777279019355774,1e-04,0.15639943,0.024810618,0.15751387,0.256562739610672,0.06167034059762955,0.004031125456094742,0.06349114328622818
968,0.2772901654243469,1e-04,0.15623279,0.024758542,0.15734847,0.25615713000297546,0.06152333319187164,0.004010403994470835,0.06332775205373764
969,0.2768532931804657,1e-04,0.15606634,0.024706585,0.15718329,0.25575223565101624,0.061375752091407776,0.003989681135863066,0.06316392123699188
970,0.2764173150062561,1e-04,0.15590008,0.024654744,0.15701829,0.2553480565547943,0.06122791767120361,0.0039689866825938225,0.0629998967051506
971,0.2759820818901062,1e-04,0.15573405,0.024603019,0.1568535,0.2549446225166321,0.06107945740222931,0.003948279656469822,0.06283533573150635
972,0.27554774284362793,1e-04,0.15556821,0.024551421,0.15668893,0.2545419931411743,0.060931138694286346,0.0039276499301195145,0.06267096847295761
973,0.2751142680644989,1e-04,0.15540262,0.02449994,0.15652457,0.2541400194168091,0.06078188121318817,0.003906974568963051,0.0625057965517044
974,0.2746816575527191,1e-04,0.15523718,0.024448575,0.1563604,0.2537388205528259,0.06063242256641388,0.0038863373920321465,0.062340494245290756
975,0.2742498219013214,1e-04,0.15507199,0.024397334,0.15619646,0.25333836674690247,0.06048242747783661,0.003865706967189908,0.062174808233976364
976,0.27381888031959534,1e-04,0.15490697,0.024346203,0.1560327,0.2529386878013611,0.06033247709274292,0.0038451417349278927,0.06200920790433884
977,0.27338874340057373,1e-04,0.15474217,0.024295188,0.15586914,0.2525396943092346,0.06018180400133133,0.003824550425633788,0.06184294819831848
978,0.272959440946579,1e-04,0.1545776,0.024244303,0.15570582,0.252141535282135,0.060031212866306305,0.003804040141403675,0.06167690083384514
979,0.27253103256225586,1e-04,0.15441324,0.024193535,0.15554272,0.2517440915107727,0.05988001078367233,0.0037835172843188047,0.06151030212640762
980,0.2721034586429596,1e-04,0.15424904,0.02414287,0.15537976,0.25134730339050293,0.05972816050052643,0.0037629909347742796,0.061343222856521606
981,0.271676629781723,1e-04,0.1540851,0.024092337,0.15521707,0.25095126032829285,0.05957590043544769,0.0037424787878990173,0.06117580085992813
982,0.2712506949901581,1e-04,0.15392134,0.024041915,0.15505455,0.2505560517311096,0.059423595666885376,0.003722026012837887,0.06100840866565704
983,0.2708256244659424,1e-04,0.1537578,0.023991613,0.15489227,0.2501614987850189,0.05927108973264694,0.003701615147292614,0.060840900987386703
984,0.27040132880210876,1e-04,0.15359445,0.023941426,0.15473017,0.2497677505016327,0.059118449687957764,0.0036812573671340942,0.060673367232084274
985,0.269977867603302,1e-04,0.15343134,0.023891358,0.1545683,0.24937474727630615,0.05896519869565964,0.003660888411104679,0.060505274683237076
986,0.2695552408695221,1e-04,0.15326841,0.023841402,0.1544066,0.24898239970207214,0.05881126970052719,0.003640516893938184,0.06033669784665108
987,0.26913344860076904,1e-04,0.15310568,0.023791557,0.15424512,0.24859082698822021,0.05865735560655594,0.0036202063784003258,0.060168150812387466
988,0.26871246099472046,1e-04,0.15294316,0.023741832,0.15408385,0.24820001423358917,0.05850325524806976,0.0035999396350234747,0.0599994957447052
989,0.26829227805137634,1e-04,0.15278088,0.023692226,0.1539228,0.24780991673469543,0.058348678052425385,0.0035796898882836103,0.05983050912618637
990,0.26787295937538147,1e-04,0.15261878,0.023642734,0.15376194,0.247420534491539,0.058193638920784,0.0035594506189227104,0.0596611313521862
991,0.26745444536209106,1e-04,0.1524569,0.02359336,0.1536013,0.24703189730644226,0.0580383762717247,0.00353925465606153,0.059491634368896484
992,0.2670367360115051,1e-04,0.15229523,0.023544103,0.15344088,0.2466440200805664,0.05788309872150421,0.0035191180650144815,0.05932215601205826
993,0.26661983132362366,1e-04,0.15213375,0.023494953,0.15328063,0.24625684320926666,0.057727329432964325,0.0034990012645721436,0.059152357280254364
994,0.26620379090309143,1e-04,0.15197249,0.023445927,0.15312062,0.2458704560995102,0.057571493089199066,0.0034789356868714094,0.05898250266909599
995,0.26578855514526367,1e-04,0.15181145,0.023397012,0.15296082,0.24548473954200745,0.05741499364376068,0.003458866151049733,0.05881212651729584
996,0.265374094247818,1e-04,0.15165061,0.023348212,0.15280122,0.24509978294372559,0.057258374989032745,0.0034388513304293156,0.058641720563173294
997,0.2649604380130768,1e-04,0.15148997,0.023299525,0.15264182,0.24471554160118103,0.05710165947675705,0.0034188847057521343,0.058471228927373886
998,0.2645476162433624,1e-04,0.15132956,0.023250952,0.15248263,0.24433204531669617,0.05694466829299927,0.0033989674411714077,0.05830066278576851
999,0.26413556933403015,1e-04,0.15116934,0.023202492,0.15232365,0.2439493089914322,0.05678733438253403,0.0033790734596550465,0.058129798620939255
1000,0.26372435688972473,1e-04,0.15100934,0.023154149,0.15216488,0.24356725811958313,0.05663011968135834,0.0033592579420655966,0.05795910581946373
1001,0.2633139193058014,1e-04,0.15084957,0.02310592,0.15200631,0.24318593740463257,0.05647200345993042,0.0033394149504601955,0.05778767168521881
1002,0.2629043161869049,1e-04,0.15068996,0.023057804,0.15184796,0.24280531704425812,0.05631361901760101,0.003319608513265848,0.05761604383587837
1003,0.2624954879283905,1e-04,0.15053056,0.023009794,0.1516898,0.24242547154426575,0.0561552569270134,0.0032998700626194477,0.0574444942176342
1004,0.26208752393722534,1e-04,0.15037137,0.022961905,0.15153186,0.24204635620117188,0.05599672347307205,0.0032801853958517313,0.05727290362119675
1005,0.2616803050041199,1e-04,0.1502124,0.022914127,0.15137413,0.2416679859161377,0.05583835393190384,0.0032605831511318684,0.05710151791572571
1006,0.2612738609313965,1e-04,0.15005368,0.022866463,0.15121661,0.24129031598567963,0.05567944049835205,0.003240988589823246,0.056929681450128555
1007,0.26086822152137756,1e-04,0.14989513,0.022818908,0.15105928,0.24091339111328125,0.05552075058221817,0.0032214841339737177,0.05675812065601349
1008,0.2604633867740631,1e-04,0.1497368,0.022771468,0.15090218,0.24053719639778137,0.055361345410346985,0.003201974555850029,0.056585993617773056
1009,0.2600593566894531,1e-04,0.14957868,0.022724135,0.15074526,0.24016167223453522,0.05520176142454147,0.003182513639330864,0.05641377344727516
1010,0.2596561014652252,1e-04,0.14942075,0.022676924,0.15058859,0.23978686332702637,0.05504174530506134,0.003163076937198639,0.0562412403523922
1011,0.2592536211013794,1e-04,0.14926304,0.022629825,0.15043212,0.2394128441810608,0.054881758987903595,0.00314371008425951,0.056068796664476395
1012,0.25885194540023804,1e-04,0.14910553,0.022582829,0.15027584,0.23903951048851013,0.05472153425216675,0.0031243846751749516,0.05589619651436806
1013,0.25845107436180115,1e-04,0.14894825,0.022535944,0.15011977,0.23866695165634155,0.054561518132686615,0.003105154260993004,0.05572390928864479
1014,0.25805094838142395,1e-04,0.14879118,0.022489173,0.1499639,0.23829509317874908,0.05440136045217514,0.0030859659891575575,0.055551473051309586
1015,0.2576516568660736,1e-04,0.14863433,0.02244252,0.14980827,0.23792394995689392,0.05424083024263382,0.003066814737394452,0.05537882819771767
1016,0.25725311040878296,1e-04,0.14847766,0.022395968,0.14965282,0.23755350708961487,0.0540798157453537,0.0030476779211312532,0.055205777287483215
1017,0.2568553388118744,1e-04,0.1483212,0.02234953,0.1494976,0.23718374967575073,0.053918786346912384,0.003028613980859518,0.055032845586538315
1018,0.2564583420753479,1e-04,0.14816496,0.022303207,0.14934258,0.23681476712226868,0.053757667541503906,0.0030096028931438923,0.05485984683036804
1019,0.2560621500015259,1e-04,0.14800891,0.022256985,0.14918776,0.23644647002220154,0.053596578538417816,0.002990664215758443,0.05468696728348732
1020,0.25566670298576355,1e-04,0.14785309,0.022210876,0.14903313,0.23607893288135529,0.053435176610946655,0.0029717644210904837,0.05451389029622078
1021,0.2552720606327057,1e-04,0.1476975,0.022164883,0.14887875,0.23571206629276276,0.053273603320121765,0.002952913288027048,0.05434071645140648
1022,0.2548781633377075,1e-04,0.14754209,0.022118995,0.14872456,0.2353459596633911,0.05311199277639389,0.0029341268818825483,0.05416757985949516
1023,0.25448504090309143,1e-04,0.1473869,0.022073215,0.14857057,0.2349805235862732,0.05295006185770035,0.0029153767973184586,0.053994230926036835
1024,0.2540926933288574,1e-04,0.14723189,0.022027552,0.14841682,0.23461578786373138,0.052787959575653076,0.002896673511713743,0.05382075533270836
1025,0.2537011206150055,1e-04,0.14707711,0.02198199,0.14826325,0.23425182700157166,0.05262594670057297,0.0028780545108020306,0.05364750325679779
1026,0.25331029295921326,1e-04,0.14692253,0.021936536,0.14810988,0.23388855159282684,0.05246395617723465,0.0028595002368092537,0.053474295884370804
1027,0.2529202401638031,1e-04,0.14676817,0.021891197,0.14795674,0.23352599143981934,0.052301473915576935,0.002840969245880842,0.05330074205994606
1028,0.252530962228775,1e-04,0.14661403,0.021845961,0.1478038,0.23316414654254913,0.052139006555080414,0.0028225048445165157,0.05312725156545639
1029,0.2521424889564514,1e-04,0.1464601,0.02180084,0.14765108,0.23280297219753265,0.05197638273239136,0.0028040986508131027,0.05295374244451523
1030,0.2517547011375427,1e-04,0.14630638,0.021755824,0.14749855,0.23244252800941467,0.051813624799251556,0.0027857404202222824,0.052780114114284515
1031,0.2513676881790161,1e-04,0.14615284,0.021710912,0.14734623,0.2320828139781952,0.05165088176727295,0.0027674557641148567,0.05260661244392395
1032,0.25098147988319397,1e-04,0.14599954,0.021666115,0.14719415,0.231723815202713,0.051487892866134644,0.002749216975644231,0.05243297666311264
1033,0.2505960166454315,1e-04,0.14584644,0.021621421,0.14704224,0.23136547207832336,0.05132479965686798,0.0027310384903103113,0.05225933715701103
1034,0.25021126866340637,1e-04,0.14569354,0.021576837,0.14689057,0.23100781440734863,0.05116153508424759,0.0027129033114761114,0.05208553746342659
1035,0.24982726573944092,1e-04,0.14554085,0.021532362,0.1467391,0.23065094649791718,0.05099859833717346,0.0026948763988912106,0.05191219970583916
1036,0.24944405257701874,1e-04,0.14538836,0.021487981,0.14658779,0.23029477894306183,0.05083584040403366,0.0026769298128783703,0.051739055663347244
1037,0.24906156957149506,1e-04,0.14523612,0.021443719,0.14643674,0.2299393117427826,0.0506725013256073,0.0026590004563331604,0.0515654981136322
1038,0.24867987632751465,1e-04,0.14508407,0.021399563,0.14628589,0.2295844852924347,0.05050911754369736,0.0026411323342472315,0.05139194801449776
1039,0.24829885363578796,1e-04,0.14493223,0.02135551,0.14613524,0.22923041880130768,0.050345584750175476,0.002623317763209343,0.05121833458542824
1040,0.24791866540908813,1e-04,0.14478059,0.021311566,0.14598481,0.2288770079612732,0.0501817986369133,0.0026055455673485994,0.05104454606771469
1041,0.2475391924381256,1e-04,0.14462914,0.021267725,0.14583458,0.22852429747581482,0.0500180646777153,0.0025878502056002617,0.05087091773748398
1042,0.24716044962406158,1e-04,0.14447792,0.021223994,0.14568457,0.22817234694957733,0.049854643642902374,0.002570252399891615,0.05069765821099281
1043,0.24678246676921844,1e-04,0.14432693,0.021180367,0.14553477,0.22782106697559357,0.049691252410411835,0.002552722580730915,0.050524476915597916
1044,0.2464051991701126,1e-04,0.14417614,0.021136848,0.14538518,0.2274704873561859,0.04952758550643921,0.002535238629207015,0.05035115405917168
1045,0.24602866172790527,1e-04,0.14402555,0.021093428,0.14523576,0.22712060809135437,0.049363717436790466,0.002517801709473133,0.05017770081758499
1046,0.2456529140472412,1e-04,0.14387517,0.021050118,0.14508659,0.22677142918109894,0.04919995367527008,0.0025004446506500244,0.050004445016384125
1047,0.24527786672115326,1e-04,0.14372498,0.021006905,0.14493759,0.22642284631729126,0.04903591424226761,0.002483127638697624,0.04983099177479744
1048,0.2449035346508026,1e-04,0.14357504,0.02096381,0.14478885,0.22607506811618805,0.0488719642162323,0.0024658869951963425,0.04965769872069359
1049,0.24452997744083405,1e-04,0.14342527,0.020920804,0.14464025,0.22572791576385498,0.048707909882068634,0.0024487031623721123,0.04948437213897705
1050,0.24415713548660278,1e-04,0.14327572,0.020877913,0.14449191,0.2253814935684204,0.04854399710893631,0.0024316012859344482,0.04931126907467842
1051,0.24378502368927002,1e-04,0.1431264,0.020835124,0.14434376,0.22503578662872314,0.04838003218173981,0.002414563437923789,0.049138206988573074
1052,0.24341365694999695,1e-04,0.14297727,0.020792438,0.14419582,0.2246907502412796,0.048216067254543304,0.002397594042122364,0.04896523430943489
1053,0.24304300546646118,1e-04,0.14282836,0.020749858,0.14404811,0.22434641420841217,0.048051878809928894,0.0023806702811270952,0.04879211261868477
1054,0.2426731139421463,1e-04,0.14267965,0.020707382,0.1439006,0.22400270402431488,0.047887660562992096,0.0023638138081878424,0.048619069159030914
1055,0.24230392277240753,1e-04,0.14253116,0.02066501,0.14375329,0.2236596941947937,0.047723330557346344,0.0023470111191272736,0.048445962369441986
1056,0.24193543195724487,1e-04,0.14238288,0.020622741,0.1436062,0.2233174592256546,0.047559551894664764,0.0023303315974771976,0.04827350750565529
1057,0.2415676862001419,1e-04,0.14223479,0.020580567,0.14345929,0.22297583520412445,0.047395460307598114,0.0023136853706091642,0.0481007844209671
1058,0.24120067059993744,1e-04,0.14208695,0.020538514,0.14331265,0.2226349413394928,0.047231629490852356,0.0022971348371356726,0.04792843386530876
1059,0.24083435535430908,1e-04,0.14193928,0.020496545,0.14316614,0.22229468822479248,0.04706735908985138,0.002280609682202339,0.04775572940707207
1060,0.24046877026557922,1e-04,0.14179184,0.020454688,0.14301988,0.22195515036582947,0.046903498470783234,0.0022641869727522135,0.04758347198367119
1061,0.24010387063026428,1e-04,0.14164458,0.020412924,0.14287381,0.22161626815795898,0.04673921316862106,0.0022477961611002684,0.04741092771291733
1062,0.23973974585533142,1e-04,0.14149754,0.020371273,0.14272797,0.22127804160118103,0.04657505452632904,0.0022314824163913727,0.04723856970667839
1063,0.2393762767314911,1e-04,0.14135072,0.02032972,0.14258233,0.2209405153989792,0.04641050845384598,0.002215201035141945,0.04706592112779617
1064,0.23901358246803284,1e-04,0.1412041,0.020288266,0.14243689,0.22060370445251465,0.046246953308582306,0.0021990772802382708,0.046894319355487823
1065,0.23865154385566711,1e-04,0.14105769,0.020246916,0.14229165,0.22026756405830383,0.04608292877674103,0.0021829758770763874,0.046722326427698135
1066,0.23829025030136108,1e-04,0.14091147,0.020205662,0.14214662,0.21993207931518555,0.04591905325651169,0.0021669550333172083,0.04655056446790695
1067,0.23792964220046997,1e-04,0.14076552,0.020164518,0.14200182,0.21959726512432098,0.04575525224208832,0.0021510052029043436,0.046378929167985916
1068,0.23756973445415497,1e-04,0.14061974,0.020123469,0.1418572,0.21926313638687134,0.04559093713760376,0.002135078888386488,0.04620691388845444
1069,0.23721057176589966,1e-04,0.14047416,0.02008252,0.14171281,0.21892964839935303,0.04542669653892517,0.002119225449860096,0.0460350476205349
1070,0.23685209453105927,1e-04,0.1403288,0.020041678,0.14156863,0.21859687566757202,0.04526260495185852,0.002103452105075121,0.04586340859532356
1071,0.23649433255195618,1e-04,0.14018361,0.020000925,0.14142463,0.21826475858688354,0.04509894549846649,0.0020877839997410774,0.04569227620959282
1072,0.2361372709274292,1e-04,0.14003867,0.01996028,0.14128086,0.21793334186077118,0.04493538290262222,0.0020721880719065666,0.045521292835474014
1073,0.23578089475631714,1e-04,0.13989396,0.019919736,0.1411373,0.21760255098342896,0.04477167874574661,0.002056646626442671,0.04535026475787163
1074,0.2354251891374588,1e-04,0.13974942,0.019879287,0.14099392,0.21727243065834045,0.04460787773132324,0.002041161060333252,0.04517921060323715
1075,0.23507019877433777,1e-04,0.1396051,0.019838942,0.14085078,0.21694302558898926,0.04444419592618942,0.002025756286457181,0.045008402317762375
1076,0.23471596837043762,1e-04,0.13946097,0.019798694,0.14070784,0.216614231467247,0.04428059607744217,0.0020104197319597006,0.04483770579099655
1077,0.23436236381530762,1e-04,0.1393171,0.019758549,0.1405651,0.21628612279891968,0.044116824865341187,0.0019951369613409042,0.04466695711016655
1078,0.2340094894170761,1e-04,0.13917337,0.019718492,0.14042255,0.21595871448516846,0.043953269720077515,0.0019799359142780304,0.04449646919965744
1079,0.23365731537342072,1e-04,0.13902986,0.01967854,0.14028022,0.21563191711902618,0.04378992319107056,0.001964817987754941,0.04432626813650131
1080,0.23330578207969666,1e-04,0.1388866,0.01963869,0.1401381,0.21530579030513763,0.0436263307929039,0.0019497466273605824,0.04415593668818474
1081,0.2329549640417099,1e-04,0.13874353,0.019598939,0.13999622,0.2149803340435028,0.04346304386854172,0.0019347653724253178,0.043985966593027115
1082,0.23260486125946045,1e-04,0.13860065,0.01955928,0.13985449,0.2146555334329605,0.0432993620634079,0.001919816480949521,0.04381570965051651
1083,0.23225542902946472,1e-04,0.138458,0.019519718,0.13971299,0.21433143317699432,0.0431366041302681,0.0019050093833357096,0.04364641383290291
1084,0.23190666735172272,1e-04,0.13831554,0.01948026,0.1395717,0.21400795876979828,0.04297350347042084,0.0018902376759797335,0.04347686469554901
1085,0.23155862092971802,1e-04,0.1381733,0.019440895,0.13943061,0.21368514001369476,0.04281073063611984,0.001875560381449759,0.04330774024128914
1086,0.23121121525764465,1e-04,0.13803129,0.019401634,0.13928975,0.2133629322052002,0.04264737665653229,0.0018608965910971165,0.043138109147548676
1087,0.2308644950389862,1e-04,0.13788943,0.019362459,0.13914905,0.21304143965244293,0.04248437285423279,0.0018463263986632228,0.04296889901161194
1088,0.23051850497722626,1e-04,0.13774782,0.019323394,0.13900861,0.2127206027507782,0.042321667075157166,0.0018318472430109978,0.04280008375644684
1089,0.23017317056655884,1e-04,0.13760643,0.019284418,0.13886835,0.2124004065990448,0.04215884208679199,0.0018174208234995604,0.04263122007250786
1090,0.22982853651046753,1e-04,0.13746518,0.019245537,0.13872829,0.21208083629608154,0.04199622571468353,0.0018030756618827581,0.04246263951063156
1091,0.22948451340198517,1e-04,0.13732421,0.01920676,0.13858846,0.2117619663476944,0.04183372110128403,0.0017888036090880632,0.042294248938560486
1092,0.2291412204504013,1e-04,0.13718341,0.019168071,0.1384488,0.2114437222480774,0.041671380400657654,0.0017746081575751305,0.04212609678506851
1093,0.22879859805107117,1e-04,0.13704282,0.019129483,0.13830937,0.21112611889839172,0.04150894284248352,0.001760468352586031,0.04195793718099594
1094,0.22845664620399475,1e-04,0.13690247,0.019090993,0.13817017,0.21080917119979858,0.04134669154882431,0.001746408874168992,0.041790056973695755
1095,0.22811535000801086,1e-04,0.13676228,0.019052591,0.13803113,0.21049284934997559,0.04118429869413376,0.0017324003856629133,0.041622113436460495
1096,0.2277747243642807,1e-04,0.1366223,0.019014286,0.13789229,0.21017715334892273,0.04102237522602081,0.0017184934113174677,0.04145471379160881
1097,0.22743475437164307,1e-04,0.13648255,0.018976083,0.13775371,0.20986218750476837,0.04086046665906906,0.001704649650491774,0.04128740355372429
1098,0.22709551453590393,1e-04,0.13634302,0.01893797,0.1376153,0.20954777300357819,0.040698304772377014,0.0016908471006900072,0.04111991077661514
1099,0.22675688564777374,1e-04,0.13620368,0.018899957,0.13747711,0.20923404395580292,0.04053664207458496,0.0016771520022302866,0.04095304757356644
1100,0.22641891241073608,1e-04,0.13606451,0.01886203,0.1373391,0.20892098546028137,0.04037511348724365,0.001663525472395122,0.040786340832710266
1101,0.22608166933059692,1e-04,0.1359256,0.018824205,0.13720132,0.2086085081100464,0.04021350294351578,0.0016499552875757217,0.04061964154243469
1102,0.22574502229690552,1e-04,0.13578688,0.01878647,0.13706374,0.20829671621322632,0.04005233198404312,0.0016364837065339088,0.0404534749686718
1103,0.22540906071662903,1e-04,0.13564837,0.018748827,0.13692635,0.2079855352640152,0.03989099711179733,0.0016230597393587232,0.040287215262651443
1104,0.22507373988628387,1e-04,0.13551003,0.018711276,0.13678917,0.20767498016357422,0.039729803800582886,0.0016097123734652996,0.04012122005224228
1105,0.22473910450935364,1e-04,0.13537195,0.01867383,0.13665222,0.20736506581306458,0.03956863284111023,0.001596423564478755,0.039955269545316696
1106,0.22440510988235474,1e-04,0.13523404,0.01863647,0.13651545,0.20705580711364746,0.03940755873918533,0.001583207049407065,0.039789535105228424
1107,0.22407180070877075,1e-04,0.13509633,0.018599205,0.1363789,0.2067471742630005,0.039247095584869385,0.0015700997319072485,0.03962448239326477
1108,0.2237391173839569,1e-04,0.13495886,0.018562034,0.13624255,0.20643918216228485,0.03908640146255493,0.0015570356044918299,0.039459291845560074
1109,0.2234070897102356,1e-04,0.13482156,0.01852495,0.13610639,0.20613181591033936,0.03892574459314346,0.0015440338756889105,0.03929419815540314
1110,0.2230757474899292,1e-04,0.1346845,0.018487966,0.13597046,0.2058250904083252,0.03876549005508423,0.001531124347820878,0.0391295850276947
1111,0.22274503111839294,1e-04,0.13454764,0.01845107,0.13583472,0.2055189460515976,0.03860517591238022,0.001518273027613759,0.038965024054050446
1112,0.22241492569446564,1e-04,0.13441098,0.018414268,0.13569918,0.20521344244480133,0.03844473510980606,0.0015054724644869566,0.03880041837692261
1113,0.22208552062511444,1e-04,0.1342745,0.018377557,0.13556385,0.2049085795879364,0.03828481584787369,0.0014927710872143507,0.03863639757037163
1114,0.22175675630569458,1e-04,0.13413824,0.01834094,0.13542873,0.20460432767868042,0.03812500089406967,0.001480136881582439,0.03847254812717438
1115,0.22142860293388367,1e-04,0.13400218,0.018304413,0.1352938,0.20430073142051697,0.037965402007102966,0.001467582187615335,0.03830903396010399
1116,0.22110112011432648,1e-04,0.13386635,0.018267982,0.1351591,0.20399774610996246,0.03780607134103775,0.001455103512853384,0.03814581781625748
1117,0.22077427804470062,1e-04,0.13373071,0.018231632,0.13502456,0.2036953717470169,0.037646569311618805,0.001442675362341106,0.03798256814479828
1118,0.2204480916261673,1e-04,0.1335953,0.018195389,0.13489029,0.20339363813400269,0.037487246096134186,0.0014303189236670732,0.03781955689191818
1119,0.2201225310564041,1e-04,0.13346004,0.018159218,0.13475615,0.20309247076511383,0.037328027188777924,0.0014180296566337347,0.03765673562884331
1120,0.21979759633541107,1e-04,0.13332501,0.018123152,0.13462226,0.2027919590473175,0.03716890513896942,0.0014058080269023776,0.03749410808086395
1121,0.21947333216667175,1e-04,0.1331902,0.018087173,0.13448857,0.2024921029806137,0.03701038658618927,0.0013936890754848719,0.037332143634557724
1122,0.21914969384670258,1e-04,0.13305557,0.018051282,0.13435505,0.20219281315803528,0.03685193508863449,0.0013816333375871181,0.037170328199863434
1123,0.21882666647434235,1e-04,0.13292117,0.018015482,0.13422176,0.20189419388771057,0.03669378161430359,0.0013696583919227123,0.037008896470069885
1124,0.21850430965423584,1e-04,0.13278699,0.017979778,0.1340887,0.20159614086151123,0.03653544932603836,0.00135772954672575,0.03684738278388977
1125,0.21818256378173828,1e-04,0.13265297,0.017944153,0.13395579,0.20129872858524323,0.03637704253196716,0.0013458537869155407,0.03668588027358055
1126,0.21786151826381683,1e-04,0.13251917,0.017908625,0.13382311,0.20100189745426178,0.03621900826692581,0.0013340641744434834,0.03652484342455864
1127,0.21754100918769836,1e-04,0.13238555,0.017873183,0.13369063,0.2007056474685669,0.036061108112335205,0.0013223409187048674,0.036364004015922546
1128,0.21722114086151123,1e-04,0.13225214,0.017837832,0.13355835,0.20041002333164215,0.035903312265872955,0.0013106835540384054,0.03620336204767227
1129,0.21690191328525543,1e-04,0.13211897,0.017802568,0.13342626,0.20011508464813232,0.035746313631534576,0.0012991405092179775,0.03604359179735184
1130,0.21658335626125336,1e-04,0.131986,0.017767396,0.13329439,0.19982069730758667,0.035589009523391724,0.0012876333203166723,0.03588360920548439
1131,0.21626538038253784,1e-04,0.13185324,0.017732315,0.13316274,0.19952690601348877,0.03543200343847275,0.0012762043625116348,0.03572400286793709
1132,0.21594803035259247,1e-04,0.13172066,0.017697321,0.13303128,0.199233740568161,0.035274751484394073,0.0012648175470530987,0.035564273595809937
1133,0.21563133597373962,1e-04,0.13158827,0.01766241,0.1329,0.19894111156463623,0.03511762619018555,0.001253494992852211,0.03540473058819771
1134,0.21531522274017334,1e-04,0.13145608,0.01762759,0.13276893,0.19864916801452637,0.03496111184358597,0.0012422725558280945,0.03524588793516159
1135,0.21499976515769958,1e-04,0.13132413,0.017592859,0.13263807,0.19835777580738068,0.03480467200279236,0.001231111935339868,0.03508720546960831
1136,0.2146848887205124,1e-04,0.13119234,0.017558211,0.1325074,0.19806702435016632,0.03464847058057785,0.0012200241908431053,0.03492884337902069
1137,0.21437065303325653,1e-04,0.13106078,0.017523654,0.13237694,0.19777680933475494,0.03449225425720215,0.0012089924421161413,0.03477056697010994
1138,0.21405701339244843,1e-04,0.13092943,0.017489187,0.13224669,0.1974872648715973,0.034336209297180176,0.0011980280978605151,0.034612543880939484
1139,0.21374404430389404,1e-04,0.13079827,0.017454803,0.13211663,0.1971983015537262,0.03418052941560745,0.0011871452443301678,0.03445497527718544
1140,0.21343165636062622,1e-04,0.13066731,0.017420508,0.13198677,0.19690991938114166,0.03402493894100189,0.0011763236252591014,0.03429757431149483
1141,0.21311990916728973,1e-04,0.13053657,0.017386308,0.13185716,0.1966221034526825,0.03386972099542618,0.0011655836133286357,0.03414064273238182
1142,0.21280869841575623,1e-04,0.130406,0.01735218,0.13172768,0.19633491337299347,0.03371433913707733,0.001154888654127717,0.03398365154862404
1143,0.21249817311763763,1e-04,0.13027567,0.017318144,0.13159843,0.1960482895374298,0.033559367060661316,0.0011442751856520772,0.03382713720202446
1144,0.2121882140636444,1e-04,0.13014552,0.0172842,0.13146938,0.1957622766494751,0.03340475261211395,0.0011337416945025325,0.03367108106613159
1145,0.21187886595726013,1e-04,0.13001555,0.017250331,0.13134052,0.19547687470912933,0.03325025737285614,0.0011232704855501652,0.03351522609591484
1146,0.2115701586008072,1e-04,0.12988581,0.017216554,0.13121186,0.19519205391407013,0.033095963299274445,0.001112869125790894,0.03335969150066376
1147,0.2112620621919632,1e-04,0.12975629,0.017182866,0.13108343,0.1949077993631363,0.03294195979833603,0.0011025401763617992,0.03320452198386192
1148,0.21095451712608337,1e-04,0.12962694,0.017149257,0.13095517,0.1946241408586502,0.03278812766075134,0.0010922764195129275,0.033049605786800385
1149,0.2106475979089737,1e-04,0.12949778,0.017115733,0.13082711,0.19434107840061188,0.03263431787490845,0.0010820685420185328,0.0328948087990284
1150,0.21034131944179535,1e-04,0.12936886,0.017082302,0.13069928,0.19405853748321533,0.03248021751642227,0.0010718961711972952,0.032739825546741486
1151,0.21003559231758118,1e-04,0.12924013,0.017048953,0.13057163,0.19377665221691132,0.032327041029930115,0.0010618376545608044,0.03258585184812546
1152,0.20973049104213715,1e-04,0.12911159,0.017015688,0.1304442,0.19349531829357147,0.03217398375272751,0.0010518408380448818,0.03243209421634674
1153,0.20942598581314087,1e-04,0.12898324,0.016982503,0.13031693,0.1932145357131958,0.03202079236507416,0.0010418884921818972,0.03227829933166504
1154,0.20912204682826996,1e-04,0.12885512,0.016949408,0.1301899,0.19293440878391266,0.03186832368373871,0.0010320348665118217,0.03212529793381691
1155,0.20881876349449158,1e-04,0.12872718,0.016916392,0.13006303,0.1926548331975937,0.03171590715646744,0.0010222390992566943,0.03197247534990311
1156,0.20851604640483856,1e-04,0.12859945,0.01688346,0.12993637,0.19237582385540009,0.031563691794872284,0.0010125080589205027,0.03181993216276169
1157,0.2082139402627945,1e-04,0.12847191,0.016850615,0.12980992,0.19209738075733185,0.03141157329082489,0.0010028358083218336,0.03166758269071579
1158,0.2079123854637146,1e-04,0.12834458,0.016817855,0.12968367,0.19181950390338898,0.03125955909490585,0.0009932232787832618,0.031515445560216904
1159,0.20761145651340485,1e-04,0.12821741,0.016785176,0.12955762,0.19154220819473267,0.03110796958208084,0.0009836879326030612,0.031363800168037415
1160,0.20731110870838165,1e-04,0.12809049,0.016752582,0.12943177,0.19126549363136292,0.030956797301769257,0.000974233029410243,0.031212706118822098
1161,0.20701131224632263,1e-04,0.12796377,0.01672007,0.12930611,0.19098937511444092,0.030805431306362152,0.0009648169507272542,0.031061502173542976
1162,0.20671218633651733,1e-04,0.12783724,0.01668764,0.12918065,0.1907137781381607,0.030654504895210266,0.0009554803837090731,0.03091084584593773
1163,0.20641358196735382,1e-04,0.12771088,0.016655287,0.12905537,0.19043874740600586,0.030503682792186737,0.0009462009184062481,0.030760379508137703
1164,0.20611557364463806,1e-04,0.12758476,0.016623028,0.12893032,0.19016431272029877,0.03035283088684082,0.0009369718609377742,0.030609996989369392
1165,0.20581819117069244,1e-04,0.1274588,0.016590841,0.12880544,0.18989042937755585,0.030202381312847137,0.0009278175421059132,0.030460096895694733
1166,0.205521360039711,1e-04,0.12733307,0.016558746,0.1286808,0.1896170973777771,0.030052222311496735,0.0009187337127514184,0.03031061962246895
1167,0.20522509515285492,1e-04,0.12720752,0.016526727,0.12855631,0.1893443763256073,0.029902391135692596,0.0009097189176827669,0.030161546543240547
1168,0.2049294412136078,1e-04,0.12708217,0.016494785,0.12843202,0.18907223641872406,0.02975314110517502,0.0009007903863675892,0.03001317009329796
1169,0.2046343833208084,1e-04,0.12695704,0.016462931,0.12830795,0.1888006031513214,0.029603756964206696,0.0008919040556065738,0.029864761978387833
1170,0.20433984696865082,1e-04,0.12683208,0.016431158,0.12818408,0.18852955102920532,0.029454447329044342,0.0008830723818391562,0.029716534540057182
1171,0.20404592156410217,1e-04,0.12670735,0.016399464,0.12806039,0.18825902044773102,0.029305383563041687,0.0008743050857447088,0.02956864982843399
1172,0.2037525773048401,1e-04,0.12658279,0.016367853,0.12793691,0.18798905611038208,0.029156096279621124,0.0008655753917992115,0.02942066267132759
1173,0.20345981419086456,1e-04,0.12645842,0.016336322,0.12781362,0.1877196878194809,0.029007770121097565,0.0008569506462663412,0.02927371859550476
1174,0.2031676173210144,1e-04,0.12633426,0.016304871,0.12769052,0.1874508410692215,0.028859570622444153,0.0008483836427330971,0.029127025976777077
1175,0.20287597179412842,1e-04,0.12621032,0.016273499,0.12756762,0.18718257546424866,0.028711408376693726,0.0008398681529797614,0.028980478644371033
1176,0.20258492231369019,1e-04,0.12608655,0.016242214,0.12744494,0.18691486120224,0.028563566505908966,0.0008314200676977634,0.028834355995059013
1177,0.20229443907737732,1e-04,0.12596299,0.016211001,0.12732244,0.1866476982831955,0.028416059911251068,0.0008230403764173388,0.02868868038058281
1178,0.202004536986351,1e-04,0.12583962,0.016179869,0.12720011,0.18638107180595398,0.028268732130527496,0.000814719358459115,0.028543289750814438
1179,0.20171517133712769,1e-04,0.12571645,0.016148819,0.127078,0.18611499667167664,0.028121627867221832,0.0008064599242061377,0.028398238122463226
1180,0.20142638683319092,1e-04,0.12559347,0.016117847,0.12695608,0.18584947288036346,0.027974434196949005,0.0007982438546605408,0.028253208845853806
1181,0.2011381834745407,1e-04,0.1254707,0.016086956,0.12683436,0.18558450043201447,0.027827687561511993,0.0007901012431830168,0.028108740225434303
1182,0.20085054636001587,1e-04,0.12534814,0.016056145,0.12671284,0.18532006442546844,0.027681350708007812,0.0007820287719368935,0.027964778244495392
1183,0.200563445687294,1e-04,0.12522572,0.016025411,0.12659152,0.1850561648607254,0.027535095810890198,0.0007740104338154197,0.027821043506264687
1184,0.20027689635753632,1e-04,0.12510356,0.015994757,0.12647039,0.18479281663894653,0.027388915419578552,0.0007660432020202279,0.027677485719323158
1185,0.19999095797538757,1e-04,0.124981545,0.015964178,0.12634943,0.18453004956245422,0.02724338322877884,0.0007581582758575678,0.02753467485308647
1186,0.199705570936203,1e-04,0.12485976,0.015933683,0.12622869,0.1842677891254425,0.027097702026367188,0.0007503133965656161,0.02739184908568859
1187,0.1994207203388214,1e-04,0.124738134,0.015903259,0.12610812,0.18400603532791138,0.026952318847179413,0.0007425320218317211,0.027249440550804138
1188,0.199136421084404,1e-04,0.12461675,0.01587292,0.12598778,0.183744877576828,0.026807278394699097,0.00073481525760144,0.027107475325465202
1189,0.19885271787643433,1e-04,0.12449553,0.015842652,0.12586759,0.1834842562675476,0.026662617921829224,0.0007271673530340195,0.026966040953993797
1190,0.19856955111026764,1e-04,0.12437454,0.015812472,0.12574765,0.183224156498909,0.0265180766582489,0.0007195707876235247,0.026824817061424255
1191,0.19828695058822632,1e-04,0.12425371,0.015782362,0.12562788,0.18296457827091217,0.026373647153377533,0.0007120277150534093,0.026683848351240158
1192,0.19800487160682678,1e-04,0.12413309,0.015752332,0.1255083,0.18270555138587952,0.026229411363601685,0.0007045411039143801,0.02654319256544113
1193,0.197723388671875,1e-04,0.12401267,0.015722381,0.12538892,0.18244704604148865,0.0260855033993721,0.0006971172406338155,0.026402978226542473
1194,0.197442427277565,1e-04,0.123892404,0.015692495,0.12526968,0.18218907713890076,0.025942079722881317,0.0006897654384374619,0.026263386011123657
1195,0.19716201722621918,1e-04,0.12377238,0.015662698,0.1251507,0.18193164467811584,0.025798767805099487,0.0006824642769061029,0.02612401731312275
1196,0.19688215851783752,1e-04,0.12365252,0.01563297,0.12503187,0.1816747933626175,0.025655969977378845,0.0006752357585355639,0.025985298678278923
1197,0.19660286605358124,1e-04,0.123532884,0.015603325,0.12491327,0.18141840398311615,0.025512851774692535,0.000668036809656769,0.025846408680081367
1198,0.19632409512996674,1e-04,0.12341341,0.015573751,0.12479483,0.181162491440773,0.025369971990585327,0.0006608935073018074,0.025707848370075226
1199,0.1960458606481552,1e-04,0.12329412,0.015544257,0.12467661,0.1809072196483612,0.025227859616279602,0.0006538355373777449,0.025570208206772804
1200,0.19576823711395264,1e-04,0.12317506,0.01551484,0.12455858,0.1806524246931076,0.02508591115474701,0.0006468309438787401,0.025432871654629707
1201,0.19549109041690826,1e-04,0.12305621,0.015485499,0.124440745,0.18039819598197937,0.024944402277469635,0.0006398928817361593,0.025296103209257126
1202,0.19521452486515045,1e-04,0.12293752,0.0154562285,0.12432308,0.18014445900917053,0.02480306476354599,0.000633006973657757,0.025159629061818123
1203,0.19493848085403442,1e-04,0.12281903,0.015427033,0.12420561,0.1798911988735199,0.024661414325237274,0.0006261491216719151,0.025022972375154495
1204,0.19466297328472137,1e-04,0.12270071,0.015397915,0.12408833,0.17963850498199463,0.024520009756088257,0.000619349186308682,0.024886727333068848
1205,0.1943880170583725,1e-04,0.12258259,0.01536887,0.123971246,0.17938628792762756,0.0243789404630661,0.0006126087391749024,0.024750934913754463
1206,0.1941135823726654,1e-04,0.12246468,0.015339904,0.12385437,0.17913465201854706,0.024238452315330505,0.0006059408187866211,0.02461586520075798
1207,0.19383972883224487,1e-04,0.122346945,0.01531101,0.12373767,0.17888352274894714,0.024098321795463562,0.0005993350641801953,0.02448132075369358
1208,0.19356638193130493,1e-04,0.122229435,0.015282191,0.12362116,0.17863287031650543,0.023958459496498108,0.0005927840829826891,0.024347158148884773
1209,0.19329354166984558,1e-04,0.122112095,0.015253447,0.12350485,0.1783827841281891,0.02381887286901474,0.0005862891557626426,0.024213409051299095
1210,0.1930212676525116,1e-04,0.12199495,0.015224776,0.12338872,0.17813317477703094,0.02367904782295227,0.0005798264173790812,0.024079585447907448
1211,0.1927495151758194,1e-04,0.12187799,0.015196179,0.123272784,0.1778840869665146,0.023539617657661438,0.0005734238657169044,0.02394627034664154
1212,0.19247831404209137,1e-04,0.121761225,0.015167656,0.12315704,0.17763549089431763,0.023400507867336273,0.0005670810351148248,0.023813463747501373
1213,0.19220763444900513,1e-04,0.121644646,0.015139207,0.12304149,0.17738744616508484,0.023261725902557373,0.0005607954226434231,0.023681119084358215
1214,0.19193747639656067,1e-04,0.121528246,0.015110827,0.1229261,0.17713990807533264,0.023123405873775482,0.0005545752355828881,0.02354942075908184
1215,0.1916678547859192,1e-04,0.121412076,0.015082526,0.12281094,0.17689286172389984,0.022984981536865234,0.0005483899731189013,0.023417728021740913
1216,0.1913987696170807,1e-04,0.12129607,0.015054296,0.122695945,0.17664632201194763,0.02284707874059677,0.0005422723479568958,0.023286741226911545
1217,0.19113019108772278,1e-04,0.12118026,0.015026138,0.12258115,0.17640027403831482,0.02270912379026413,0.0005361934890970588,0.023155851289629936
1218,0.19086211919784546,1e-04,0.12106463,0.014998053,0.12246654,0.17615476250648499,0.02257189154624939,0.0005301880883052945,0.023025814443826675
1219,0.1905946135520935,1e-04,0.12094919,0.014970034,0.12235209,0.17590975761413574,0.0224345400929451,0.000524219882208854,0.022895848378539085
1220,0.19032761454582214,1e-04,0.12083396,0.014942098,0.122237876,0.1756652146577835,0.022297650575637817,0.0005183132016099989,0.022766493260860443
1221,0.19006113708019257,1e-04,0.12071892,0.014914232,0.12212384,0.17542117834091187,0.022160448133945465,0.0005124337039887905,0.02263699844479561
1222,0.18979518115520477,1e-04,0.120604016,0.014886434,0.12200998,0.175177663564682,0.022024057805538177,0.0005066310986876488,0.022508466616272926
1223,0.18952974677085876,1e-04,0.12048936,0.014858712,0.12189632,0.17493465542793274,0.02188800275325775,0.000500884372740984,0.022380447015166283
1224,0.18926483392715454,1e-04,0.12037488,0.0148310615,0.12178285,0.17469215393066406,0.021751999855041504,0.0004951793234795332,0.022252624854445457
1225,0.1890004426240921,1e-04,0.12026057,0.014803476,0.12166954,0.1744501143693924,0.02161680907011032,0.0004895516904070973,0.022125814110040665
1226,0.18873654305934906,1e-04,0.12014648,0.014775968,0.12155644,0.1742086112499237,0.021481357514858246,0.00048395263729617,0.021998923271894455
1227,0.1884731948375702,1e-04,0.12003258,0.0147485295,0.121443525,0.17396757006645203,0.021345868706703186,0.000478392030345276,0.021872173994779587
1228,0.1882103532552719,1e-04,0.119918846,0.014721163,0.1213308,0.17372700572013855,0.021210722625255585,0.00047288433415815234,0.02174590341746807
1229,0.18794798851013184,1e-04,0.119805284,0.014693864,0.12121825,0.17348699271678925,0.021076150238513947,0.00046744156861677766,0.02162039652466774
1230,0.18768619000911713,1e-04,0.11969193,0.0146666365,0.12110589,0.17324744164943695,0.02094174176454544,0.00046204501995816827,0.021495232358574867
1231,0.18742486834526062,1e-04,0.11957876,0.014639479,0.12099372,0.17300836741924286,0.020807869732379913,0.0004567108699120581,0.021370794624090195
1232,0.1871640533208847,1e-04,0.11946577,0.014612394,0.12088174,0.17276981472969055,0.020674176514148712,0.0004514238389674574,0.021246736869215965
1233,0.18690377473831177,1e-04,0.119353,0.0145853795,0.12076995,0.17253175377845764,0.02054060995578766,0.00044618017273023725,0.021122977137565613
1234,0.18664400279521942,1e-04,0.11924038,0.014558432,0.12065832,0.17229413986206055,0.020407386124134064,0.0004409903776831925,0.020999770611524582
1235,0.18638470768928528,1e-04,0.11912798,0.0145315565,0.12054691,0.17205706238746643,0.020274490118026733,0.0004358517180662602,0.020877061411738396
1236,0.18612593412399292,1e-04,0.11901573,0.0145047465,0.120435655,0.17182040214538574,0.020141609013080597,0.00043075194116681814,0.020754564553499222
1237,0.18586766719818115,1e-04,0.1189037,0.01447801,0.120324604,0.17158424854278564,0.020008988678455353,0.00042570079676806927,0.020632518455386162
1238,0.18560989201068878,1e-04,0.11879184,0.0144513445,0.12021375,0.17134858667850494,0.019876502454280853,0.0004206929006613791,0.020510800182819366
1239,0.1853526383638382,1e-04,0.11868016,0.014424745,0.12010306,0.17111341655254364,0.019744589924812317,0.0004157462972216308,0.0203898586332798
1240,0.1850958913564682,1e-04,0.11856868,0.014398216,0.11999257,0.17087873816490173,0.019613176584243774,0.00041085886186920106,0.02026965282857418
1241,0.1848396211862564,1e-04,0.118457355,0.01437175,0.11988223,0.17064453661441803,0.01948196440935135,0.0004060133942402899,0.020149774849414825
1242,0.1845838874578476,1e-04,0.118346296,0.014345363,0.11977213,0.17041081190109253,0.019350901246070862,0.000401215220335871,0.02003035694360733
1243,0.1843286156654358,1e-04,0.11823536,0.014319037,0.11966218,0.17017753422260284,0.019219696521759033,0.00039644562639296055,0.019910942763090134
1244,0.18407386541366577,1e-04,0.1181246,0.014292777,0.1195524,0.16994476318359375,0.019089199602603912,0.00039174192352220416,0.019792471081018448
1245,0.18381960690021515,1e-04,0.11801404,0.014266589,0.11944283,0.16971243917942047,0.018958695232868195,0.0003870725631713867,0.019674159586429596
1246,0.18356584012508392,1e-04,0.11790365,0.014240469,0.11933344,0.16948062181472778,0.01882871985435486,0.0003824637969955802,0.0195566825568676
1247,0.1833125650882721,1e-04,0.11779348,0.014214419,0.119224235,0.1692492812871933,0.018699221312999725,0.00037790584610775113,0.019439799711108208
1248,0.18305979669094086,1e-04,0.11768347,0.014188431,0.1191152,0.16901838779449463,0.018569588661193848,0.0003733825287781656,0.019323108717799187
1249,0.18280752003192902,1e-04,0.117573656,0.014162515,0.119006366,0.16878795623779297,0.01844019442796707,0.0003689009172376245,0.01920679397881031
1250,0.18255573511123657,1e-04,0.11746403,0.014136662,0.11889769,0.1685580462217331,0.018311388790607452,0.00036448007449507713,0.01909136213362217
1251,0.18230444192886353,1e-04,0.117354594,0.014110882,0.11878923,0.16832856833934784,0.018182650208473206,0.00036009607720188797,0.018976198509335518
1252,0.18205364048480988,1e-04,0.11724531,0.014085162,0.118680924,0.1680995672941208,0.018054179847240448,0.00035575803485699,0.018861548975110054
1253,0.18180331587791443,1e-04,0.11713622,0.014059514,0.11857282,0.16787101328372955,0.017925873398780823,0.0003514614072628319,0.018747303634881973
1254,0.18155346810817719,1e-04,0.117027335,0.014033932,0.1184649,0.16764292120933533,0.017798081040382385,0.00034721966949291527,0.018633831292390823
1255,0.18130412697792053,1e-04,0.1169186,0.01400841,0.11835713,0.1674153059720993,0.017670266330242157,0.0003430097713135183,0.018520522862672806
1256,0.18105526268482208,1e-04,0.11681006,0.013982962,0.11824957,0.16718816757202148,0.017543084919452667,0.0003388584009371698,0.01840810663998127
1257,0.18080689013004303,1e-04,0.116701715,0.013957575,0.11814218,0.16696150600910187,0.017415985465049744,0.000334746582666412,0.018296081572771072
1258,0.18055900931358337,1e-04,0.11659356,0.013932257,0.11803498,0.16673527657985687,0.01728927344083786,0.0003306823200546205,0.01818467304110527
1259,0.18031160533428192,1e-04,0.11648557,0.013907003,0.11792796,0.1665095090866089,0.017162613570690155,0.0003266541170887649,0.01807357557117939
1260,0.18006467819213867,1e-04,0.11637776,0.013881814,0.11782111,0.1662842035293579,0.01703634113073349,0.00032267411006614566,0.01796313188970089
1261,0.17981821298599243,1e-04,0.116270125,0.013856689,0.11771444,0.16605937480926514,0.01691024750471115,0.00031873161788098514,0.017853057011961937
1262,0.17957226932048798,1e-04,0.11616271,0.013831637,0.11760798,0.1658349633216858,0.016784444451332092,0.0003148363612126559,0.017743628472089767
1263,0.17932677268981934,1e-04,0.11605543,0.013806644,0.117501676,0.16561104357242584,0.01665893942117691,0.0003109834506176412,0.017634723335504532
1264,0.1790817677974701,1e-04,0.11594833,0.013781708,0.11739552,0.16538754105567932,0.01653371751308441,0.0003071742248721421,0.01752638630568981
1265,0.17883722484111786,1e-04,0.115841456,0.013756852,0.1172896,0.1651645302772522,0.01640910655260086,0.00030341983074322343,0.01741895079612732
1266,0.17859315872192383,1e-04,0.115734726,0.01373205,0.11718383,0.16494198143482208,0.016284368932247162,0.0002996913099195808,0.017311595380306244
1267,0.1783495992422104,1e-04,0.11562821,0.01370732,0.11707827,0.1647198647260666,0.016160160303115845,0.00029601954156532884,0.017205217853188515
1268,0.17810648679733276,1e-04,0.11552185,0.013682646,0.11697284,0.1644981950521469,0.016035959124565125,0.0002923763822764158,0.017099017277359962
1269,0.17786386609077454,1e-04,0.11541569,0.013658047,0.11686765,0.16427697241306305,0.015911884605884552,0.00028877105796709657,0.016993265599012375
1270,0.17762170732021332,1e-04,0.11530966,0.0136335,0.11676258,0.1640562266111374,0.01578841358423233,0.0002852176548913121,0.016888387501239777
1271,0.1773800402879715,1e-04,0.11520389,0.01360903,0.11665775,0.16383589804172516,0.01566510647535324,0.0002817035710904747,0.016784027218818665
1272,0.1771388053894043,1e-04,0.11509824,0.013584611,0.11655304,0.16361600160598755,0.015541866421699524,0.000278222665656358,0.016680007800459862
1273,0.1768980324268341,1e-04,0.11499276,0.013560258,0.11644852,0.16339658200740814,0.015419326722621918,0.0002747964463196695,0.016576984897255898
1274,0.1766577512025833,1e-04,0.114887476,0.013535969,0.11634418,0.16317760944366455,0.015297085046768188,0.0002714123984333128,0.01647459901869297
1275,0.17641794681549072,1e-04,0.114782386,0.013511746,0.11624004,0.16295906901359558,0.015175089240074158,0.000268067728029564,0.01637277379631996
1276,0.17617858946323395,1e-04,0.11467748,0.013487584,0.11613606,0.16274099051952362,0.015053071081638336,0.0002647532382979989,0.016271239146590233
1277,0.17593970894813538,1e-04,0.11457274,0.013463486,0.116032265,0.1625233292579651,0.014931239187717438,0.0002614748664200306,0.016170185059309006
1278,0.175701305270195,1e-04,0.11446818,0.013439448,0.115928635,0.16230612993240356,0.014809668064117432,0.00025823706528171897,0.01606975682079792
1279,0.17546336352825165,1e-04,0.11436378,0.013415475,0.11582519,0.16208933293819427,0.014688141644001007,0.000255032122367993,0.01596972532570362
1280,0.1752258539199829,1e-04,0.11425954,0.013391562,0.11572192,0.1618729829788208,0.014567635953426361,0.00025188864674419165,0.015870999544858932
1281,0.17498880624771118,1e-04,0.11415555,0.013367716,0.11561884,0.16165709495544434,0.014447197318077087,0.0002487812889739871,0.015772802755236626
1282,0.17475226521492004,1e-04,0.1140517,0.013343929,0.115515925,0.1614416390657425,0.014326952397823334,0.0002457082155160606,0.015675082802772522
1283,0.17451612651348114,1e-04,0.11394802,0.013320197,0.11541316,0.16122663021087646,0.014206968247890472,0.00024267217668239027,0.01557793840765953
1284,0.17428049445152283,1e-04,0.113844536,0.013296541,0.115310624,0.16101202368736267,0.014087088406085968,0.00023966965090949088,0.015481268055737019
1285,0.17404529452323914,1e-04,0.1137412,0.013272934,0.115208216,0.1607978492975235,0.01396740972995758,0.00023670584778301418,0.015385247766971588
1286,0.17381054162979126,1e-04,0.11363804,0.013249391,0.115106,0.16058415174484253,0.013848043978214264,0.00023377835168503225,0.015289812348783016
1287,0.1735762655735016,1e-04,0.11353507,0.013225909,0.11500395,0.1603708416223526,0.013728909194469452,0.00023088647867552936,0.015194948762655258
1288,0.17334243655204773,1e-04,0.113432266,0.013202491,0.114902094,0.1601579338312149,0.013610228896141052,0.00022803989122621715,0.015100989490747452
1289,0.1731090247631073,1e-04,0.11332964,0.01317913,0.11480039,0.1599455177783966,0.0134921595454216,0.0002252420235890895,0.015008064918220043
1290,0.17287610471248627,1e-04,0.113227226,0.013155833,0.11469888,0.15973351895809174,0.013374313712120056,0.00022247785818763077,0.014915691688656807
1291,0.17264363169670105,1e-04,0.11312497,0.013132594,0.11459753,0.1595219224691391,0.013255968689918518,0.00021972946706227958,0.014823274686932564
1292,0.17241162061691284,1e-04,0.113022864,0.013109419,0.11449637,0.15931078791618347,0.01313847303390503,0.00021703392849303782,0.014732071198523045
1293,0.17218005657196045,1e-04,0.11292094,0.013086304,0.11439539,0.15910004079341888,0.013020709156990051,0.0002143578021787107,0.014640962705016136
1294,0.17194893956184387,1e-04,0.112819195,0.013063249,0.11429457,0.1588897407054901,0.012903884053230286,0.00021173783170524985,0.014551213942468166
1295,0.17171825468540192,1e-04,0.11271763,0.013040249,0.11419391,0.15867985785007477,0.012787193059921265,0.00020914958440698683,0.014462004415690899
1296,0.17148801684379578,1e-04,0.11261624,0.013017313,0.11409344,0.15847043693065643,0.012670844793319702,0.00020660014706663787,0.014373592101037502
1297,0.17125827074050903,1e-04,0.11251504,0.0129944375,0.113993146,0.15826140344142914,0.012554764747619629,0.00020408714772202075,0.01428590714931488
1298,0.17102892696857452,1e-04,0.11241398,0.012971617,0.11389301,0.15805277228355408,0.01243852823972702,0.00020159504492767155,0.014198416844010353
1299,0.17080003023147583,1e-04,0.112313114,0.012948859,0.11379305,0.15784457325935364,0.012322604656219482,0.00019914105359930545,0.014111734926700592
1300,0.17057159543037415,1e-04,0.11221242,0.012926164,0.11369329,0.15763680636882782,0.012207113206386566,0.0001967266434803605,0.014025927521288395
1301,0.17034359276294708,1e-04,0.112111874,0.01290352,0.11359366,0.15742944180965424,0.012091904878616333,0.00019434609566815197,0.01394080650061369
1302,0.17011602222919464,1e-04,0.11201153,0.01288094,0.11349423,0.15722250938415527,0.011977285146713257,0.00019201076065655798,0.013856794685125351
1303,0.1698889285326004,1e-04,0.11191139,0.012858425,0.113395,0.15701597929000854,0.011862710118293762,0.0001897039037430659,0.013773304410278797
1304,0.1696622371673584,1e-04,0.11181138,0.012835956,0.113295875,0.15680986642837524,0.011748343706130981,0.00018742815882433206,0.013690439984202385
1305,0.1694359928369522,1e-04,0.111711554,0.01281355,0.113196954,0.15660417079925537,0.011634290218353271,0.00018518671276979148,0.013608332723379135
1306,0.16921019554138184,1e-04,0.11161188,0.012791204,0.113098204,0.15639889240264893,0.011520043015480042,0.0001829677785281092,0.013526557944715023
1307,0.16898484528064728,1e-04,0.11151239,0.012768914,0.11299962,0.15619401633739471,0.01140652596950531,0.00018079513392876834,0.01344600785523653
1308,0.16875991225242615,1e-04,0.11141307,0.012746681,0.1129012,0.15598955750465393,0.011293157935142517,0.00017865293193608522,0.013366111554205418
1309,0.16853541135787964,1e-04,0.11131393,0.012724511,0.112802975,0.15578551590442657,0.011180296540260315,0.00017654939438216388,0.013287189416587353
1310,0.16831135749816895,1e-04,0.11121497,0.012702397,0.11270491,0.15558187663555145,0.011067666113376617,0.0001744776382111013,0.013208998367190361
1311,0.16808773577213287,1e-04,0.11111619,0.012680341,0.11260702,0.15537865459918976,0.01095522940158844,0.0001724364992696792,0.01313150767236948
1312,0.16786456108093262,1e-04,0.11101755,0.012658334,0.112509266,0.1551758199930191,0.010842978954315186,0.00017042577383108437,0.013054721988737583
1313,0.1676417887210846,1e-04,0.110919096,0.012636398,0.11241174,0.1549733728170395,0.010730952024459839,0.00016844572382979095,0.012978664599359035
1314,0.16741943359375,1e-04,0.11082078,0.012614506,0.11231432,0.1547713577747345,0.010618999600410461,0.00016649521421641111,0.012903302907943726
1315,0.16719754040241241,1e-04,0.11072266,0.012592678,0.1122171,0.15456974506378174,0.01050761342048645,0.0001645832962822169,0.012829001992940903
1316,0.16697607934474945,1e-04,0.11062473,0.012570907,0.112120055,0.1543685495853424,0.010396599769592285,0.00016270490596070886,0.01275558304041624
1317,0.16675502061843872,1e-04,0.11052694,0.012549187,0.11202315,0.1541677564382553,0.010285884141921997,0.0001608581078471616,0.012682984583079815
1318,0.166534423828125,1e-04,0.11042937,0.012527533,0.11192646,0.15396733582019806,0.010175235569477081,0.00015903990424703807,0.012611102312803268
1319,0.1663142293691635,1e-04,0.110331915,0.012505926,0.1118299,0.15376731753349304,0.010064780712127686,0.00015724910190328956,0.012539900839328766
1320,0.16609445214271545,1e-04,0.11023464,0.012484379,0.11173352,0.15356771647930145,0.009954512119293213,0.0001554879709146917,0.01246948167681694
1321,0.1658751219511032,1e-04,0.11013752,0.012462888,0.1116373,0.1533685177564621,0.009869180619716644,0.00015376036753877997,0.012400015257298946
1322,0.1656562089920044,1e-04,0.1100406,0.0124414535,0.111541264,0.15316970646381378,0.009823538362979889,0.00015206169337034225,0.01233132928609848
1323,0.165437713265419,1e-04,0.109943844,0.012420078,0.111445405,0.1529712826013565,0.009778149425983429,0.0001503984531154856,0.012263705022633076
1324,0.16521964967250824,1e-04,0.10984725,0.012398754,0.111349694,0.15277327597141266,0.009732849895954132,0.00014876574277877808,0.01219695620238781
1325,0.1650019884109497,1e-04,0.109750815,0.012377483,0.11125413,0.15257567167282104,0.00968778133392334,0.00014716864097863436,0.01213130820542574
1326,0.1647847592830658,1e-04,0.10965455,0.012356269,0.11115876,0.15237842500209808,0.009642630815505981,0.00014559202827513218,0.012066151946783066
1327,0.1645679473876953,1e-04,0.10955846,0.0123351095,0.11106354,0.15218159556388855,0.00959746539592743,0.00014404355897568166,0.012001815252006054
1328,0.16435158252716064,1e-04,0.10946254,0.012314008,0.1109685,0.15198515355587006,0.009552374482154846,0.000142522098030895,0.011938261799514294
1329,0.16413559019565582,1e-04,0.109366775,0.012292963,0.11087364,0.1517890989780426,0.009507454931735992,0.00014103305875323713,0.011875733733177185
1330,0.16392002999782562,1e-04,0.10927119,0.0122719705,0.11077893,0.1515934318304062,0.009462781250476837,0.00013958016643300653,0.011814405210316181
1331,0.16370488703250885,1e-04,0.10917578,0.012251032,0.11068438,0.151398167014122,0.009418047964572906,0.00013814977137371898,0.01175371278077364
1332,0.1634901612997055,1e-04,0.109080516,0.012230147,0.110589996,0.15120327472686768,0.009373605251312256,0.00013675256923306733,0.011694125831127167
1333,0.1632758378982544,1e-04,0.108985424,0.012209314,0.11049576,0.15100876986980438,0.009329147636890411,0.00013538202620111406,0.011635378003120422
1334,0.1630619317293167,1e-04,0.108890496,0.012188536,0.110401705,0.15081468224525452,0.00928466022014618,0.0001340375019935891,0.011577456258237362
1335,0.16284845769405365,1e-04,0.10879573,0.012167816,0.11030783,0.1506209373474121,0.009240269660949707,0.00013271678471937776,0.01152027677744627
1336,0.16263535618782043,1e-04,0.10870113,0.012147148,0.1102141,0.15042757987976074,0.009195879101753235,0.00013142195530235767,0.01146394107490778
1337,0.16242270171642303,1e-04,0.108606696,0.012126532,0.110120535,0.1502346396446228,0.009151875972747803,0.00013016548473387957,0.011409008875489235
1338,0.16221044957637787,1e-04,0.10851244,0.0121059725,0.11002714,0.15004205703735352,0.009107910096645355,0.00012893491657450795,0.011354951187968254
1339,0.16199858486652374,1e-04,0.108418345,0.0120854685,0.10993393,0.14984989166259766,0.00906422734260559,0.0001277368573937565,0.011302073486149311
1340,0.16178715229034424,1e-04,0.1083244,0.012065009,0.10984083,0.14965806901454926,0.009020350873470306,0.00012655819591600448,0.011249808594584465
1341,0.16157612204551697,1e-04,0.10823065,0.012044612,0.109747946,0.1494666337966919,0.00897660106420517,0.00012540436000563204,0.011198408901691437
1342,0.16136549413204193,1e-04,0.10813705,0.012024265,0.10965521,0.14927558600902557,0.008932963013648987,0.00012428041372913867,0.011148112826049328
1343,0.16115529835224152,1e-04,0.10804359,0.0120039685,0.10956262,0.1490849107503891,0.008889459073543549,0.00012318301014602184,0.011098784394562244
1344,0.16094546020030975,1e-04,0.10795031,0.011983726,0.1094702,0.14889460802078247,0.008845888078212738,0.00012210715794935822,0.0110502103343606
1345,0.1607360541820526,1e-04,0.10785719,0.011963535,0.10937794,0.14870470762252808,0.008802667260169983,0.00012106569192837924,0.011002985760569572
1346,0.16052702069282532,1e-04,0.10776425,0.0119434,0.10928586,0.14851514995098114,0.008759327232837677,0.00012004395830444992,0.010956457816064358
1347,0.16031841933727264,1e-04,0.10767145,0.01192331,0.10919391,0.14832597970962524,0.008716240525245667,0.00011905362771358341,0.010911169461905956
1348,0.160110205411911,1e-04,0.10757881,0.011903276,0.10910214,0.1481371968984604,0.00867338478565216,0.00011808845010818914,0.01086685061454773
1349,0.159902423620224,1e-04,0.107486375,0.011883303,0.10901056,0.14794877171516418,0.008630305528640747,0.00011714547872543335,0.010823376476764679
1350,0.15969498455524445,1e-04,0.10739408,0.01186337,0.1089191,0.14776071906089783,0.008587516844272614,0.00011623000318650156,0.01078100223094225
1351,0.1594879925251007,1e-04,0.10730194,0.011843494,0.10882782,0.1475730538368225,0.00854475051164627,0.00011533903307281435,0.010739601217210293
1352,0.15928137302398682,1e-04,0.10720994,0.011823664,0.10873667,0.14738573133945465,0.008502133190631866,0.00011447368888184428,0.010699237696826458
1353,0.15907514095306396,1e-04,0.10711812,0.011803891,0.108645715,0.14719879627227783,0.008459538221359253,0.00011363024532329291,0.010659748688340187
1354,0.15886934101581573,1e-04,0.10702648,0.01178417,0.108554915,0.14701223373413086,0.00841713696718216,0.00011281543265795335,0.01062146108597517
1355,0.15866391360759735,1e-04,0.106934965,0.011764497,0.10846426,0.14682604372501373,0.008374907076358795,0.00011202669702470303,0.010584266856312752
1356,0.1584589034318924,1e-04,0.10684366,0.011744878,0.10837379,0.14664021134376526,0.008332714438438416,0.0001112628960981965,0.0105481231585145
1357,0.1582542508840561,1e-04,0.10675249,0.01172531,0.108283475,0.14645472168922424,0.008290506899356842,0.00011051770707126707,0.010512740351259708
1358,0.15805000066757202,1e-04,0.1066615,0.011705791,0.1081933,0.14626961946487427,0.008248552680015564,0.00010980246588587761,0.010478666983544827
1359,0.15784615278244019,1e-04,0.10657064,0.011686324,0.108103305,0.14608488976955414,0.008206278085708618,0.00010909965203609318,0.010445077903568745
1360,0.1576426923274994,1e-04,0.10647994,0.011666906,0.10801345,0.14590051770210266,0.008164554834365845,0.00010843202471733093,0.01041307020932436
1361,0.15743963420391083,1e-04,0.10638941,0.011647538,0.10792376,0.14571648836135864,0.00812269002199173,0.00010777935676742345,0.010381683707237244
1362,0.15723693370819092,1e-04,0.10629904,0.011628222,0.107834235,0.14553286135196686,0.00814647227525711,0.00010715549433371052,0.010351593606173992
1363,0.15703465044498444,1e-04,0.10620883,0.011608954,0.10774486,0.14534954726696014,0.008172474801540375,0.00010655514779500663,0.010322554968297482
1364,0.1568327397108078,1e-04,0.106118776,0.011589736,0.10765564,0.14516663551330566,0.00819830596446991,0.00010597746586427093,0.010294536128640175
1365,0.1566312313079834,1e-04,0.10602888,0.011570568,0.10756657,0.14498408138751984,0.008224144577980042,0.00010542025120230392,0.010267436504364014
1366,0.15643011033535004,1e-04,0.10593915,0.01155145,0.10747767,0.14480184018611908,0.008249811828136444,0.00010488833504496142,0.010241501033306122
1367,0.15622933208942413,1e-04,0.105849564,0.011532384,0.107388936,0.14462000131607056,0.008275367319583893,0.00010437515447847545,0.010216415859758854
1368,0.15602898597717285,1e-04,0.10576012,0.011513363,0.10730034,0.1444385051727295,0.008301019668579102,0.00010388792725279927,0.01019254233688116
1369,0.15582901239395142,1e-04,0.10567089,0.011494397,0.107211925,0.1442573517560959,0.00832655280828476,0.00010342305904487148,0.010169712826609612
1370,0.15562941133975983,1e-04,0.1055818,0.011475476,0.10712365,0.14407655596733093,0.008352063596248627,0.0001029811828630045,0.01014796458184719
1371,0.15543019771575928,1e-04,0.10549286,0.011456606,0.10703553,0.14389614760875702,0.008377425372600555,0.00010255917004542425,0.01012715045362711
1372,0.15523137152194977,1e-04,0.10540408,0.011437786,0.106947586,0.14371606707572937,0.00840265303850174,0.00010215744259767234,0.010107296518981457
1373,0.1550329178571701,1e-04,0.10531544,0.011419009,0.106859766,0.14353632926940918,0.008427850902080536,0.00010177500371355563,0.0100883599370718
1374,0.15483485162258148,1e-04,0.105226934,0.011400285,0.10677212,0.14335694909095764,0.008453071117401123,0.00010141882376046851,0.010070690885186195
1375,0.1546371430158615,1e-04,0.10513864,0.011381611,0.10668463,0.14317794144153595,0.008478239178657532,0.00010108456626767293,0.010054081678390503
1376,0.15443983674049377,1e-04,0.105050474,0.011362984,0.1065973,0.14299926161766052,0.008503347635269165,0.00010077230399474502,0.010038540698587894
1377,0.15424290299415588,1e-04,0.104962476,0.011344406,0.10651012,0.14282093942165375,0.008528098464012146,0.00010047393152490258,0.01002366840839386
1378,0.15404634177684784,1e-04,0.10487463,0.011325871,0.10642307,0.14264297485351562,0.008553005754947662,0.00010019994078902528,0.010009991936385632
1379,0.15385016798973083,1e-04,0.10478693,0.011307389,0.106336206,0.14246533811092377,0.008577942848205566,9.99482290353626e-05,0.009997410699725151
1380,0.1536543369293213,1e-04,0.104699396,0.011288955,0.1062495,0.14228805899620056,0.008602611720561981,9.971402323571965e-05,0.00998569093644619
1381,0.15345889329910278,1e-04,0.104612,0.011270565,0.10616292,0.14211112260818481,0.008627399802207947,9.950444655260071e-05,0.009975191205739975
1382,0.15326383709907532,1e-04,0.10452476,0.011252224,0.1060765,0.14193452894687653,0.008651971817016602,9.931202657753602e-05,0.009965541772544384
1383,0.1530691534280777,1e-04,0.10443771,0.011233937,0.10599027,0.1417582780122757,0.008676573634147644,9.914100519381464e-05,0.009956957772374153
1384,0.15287482738494873,1e-04,0.10435078,0.011215687,0.10590414,0.14158238470554352,0.008701160550117493,9.899253927869722e-05,0.009949499741196632
1385,0.1526808738708496,1e-04,0.10426404,0.01119749,0.10581819,0.1414068192243576,0.008725561201572418,9.885861072689295e-05,0.009942767210304737
1386,0.15248729288578033,1e-04,0.104177415,0.011179338,0.10573239,0.14123159646987915,0.008749909698963165,9.874405077425763e-05,0.009937004186213017
1387,0.1522940844297409,1e-04,0.10409096,0.011161235,0.105646744,0.14105671644210815,0.008774206042289734,9.864958701655269e-05,0.009932249784469604
1388,0.15210124850273132,1e-04,0.10400465,0.011143181,0.105561264,0.1408821940422058,0.008798487484455109,9.85753140412271e-05,0.009928510524332523
1389,0.1519087851047516,1e-04,0.10391849,0.01112517,0.10547592,0.14070799946784973,0.008822821080684662,9.852557559497654e-05,0.009926005266606808
1390,0.1517166793346405,1e-04,0.10383251,0.011107207,0.105390735,0.1405341476202011,0.008846841752529144,9.84875368885696e-05,0.009924088604748249
1391,0.15152493119239807,1e-04,0.103746675,0.0110892905,0.1053057,0.14036062359809875,0.008870922029018402,9.847144974628463e-05,0.009923278354108334
1392,0.15133357048034668,1e-04,0.10366099,0.011071418,0.10522081,0.14018744230270386,0.008895017206668854,9.847695764619857e-05,0.009923555888235569
1393,0.15114253759384155,1e-04,0.103575446,0.011053593,0.10513607,0.14001458883285522,0.0089188814163208,9.849546768236905e-05,0.009924488142132759
1394,0.15095190703868866,1e-04,0.10349006,0.011035815,0.10505149,0.13984207808971405,0.008942745625972748,9.853405208559707e-05,0.009926431812345982
1395,0.15076163411140442,1e-04,0.10340481,0.01101808,0.10496704,0.13966989517211914,0.008966512978076935,9.858866542344913e-05,0.009929182939231396
1396,0.15057170391082764,1e-04,0.10331971,0.011000392,0.104882754,0.1394980549812317,0.008990220725536346,9.866283653536811e-05,0.00993291661143303
1397,0.1503821462392807,1e-04,0.1032348,0.010982755,0.10479864,0.1393265575170517,0.009014122188091278,9.876074909698218e-05,0.00993784423917532
1398,0.1501929610967636,1e-04,0.10315003,0.010965161,0.10471466,0.13915537297725677,0.009037628769874573,9.886964107863605e-05,0.009943321347236633
1399,0.15000411868095398,1e-04,0.103065394,0.010947605,0.1046308,0.1389845311641693,0.009061187505722046,9.899833094095811e-05,0.009949790313839912
1400,0.1498156189918518,1e-04,0.10298091,0.010930101,0.10454713,0.1388140320777893,0.00908469408750534,9.914390102494508e-05,0.009957103058695793
1401,0.14962752163410187,1e-04,0.10289659,0.010912645,0.10446361,0.13864383101463318,0.009108029305934906,9.930368105415255e-05,0.009965123608708382
1402,0.1494397521018982,1e-04,0.10281239,0.010895229,0.10438021,0.1384739726781845,0.009131483733654022,9.948648221325129e-05,0.009974290616810322
1403,0.14925234019756317,1e-04,0.10272837,0.010877859,0.104296975,0.1383044570684433,0.009154804050922394,9.9684446468018e-05,0.009984210133552551
1404,0.149065300822258,1e-04,0.10264448,0.0108605325,0.10421388,0.13813525438308716,0.0091780424118042,9.989928366849199e-05,0.009994963183999062
1405,0.14887860417366028,1e-04,0.102560796,0.010843257,0.10413096,0.13796639442443848,0.009201288223266602,0.00010013191786129028,0.01000659354031086
1406,0.1486922800540924,1e-04,0.10247717,0.010826017,0.10404815,0.13779783248901367,0.009224392473697662,0.00010037940228357911,0.010018952190876007
1407,0.1485062837600708,1e-04,0.10239377,0.010808829,0.10396552,0.13762961328029633,0.009247466921806335,0.0001006437887554057,0.010032137855887413
1408,0.14832065999507904,1e-04,0.10231048,0.010791682,0.10388302,0.13746172189712524,0.009270548820495605,0.00010092653974425048,0.010046220384538174
1409,0.14813539385795593,1e-04,0.10222736,0.010774583,0.103800684,0.13729414343833923,0.009293414652347565,0.00010122171079274267,0.010060899890959263
1410,0.1479504406452179,1e-04,0.10214436,0.010757522,0.103718475,0.1371268928050995,0.009316377341747284,0.00010153706534765661,0.010076560080051422
1411,0.1477658748626709,1e-04,0.10206153,0.010740508,0.10363642,0.136959969997406,0.009339295327663422,0.0001018677867250517,0.010092956945300102
1412,0.14758166670799255,1e-04,0.10197884,0.010723538,0.10355452,0.1367933750152588,0.009362094104290009,0.00010221330740023404,0.010110059753060341
1413,0.14739777147769928,1e-04,0.10189631,0.010706611,0.103472754,0.13662709295749664,0.009384788572788239,0.0001025743767968379,0.01012790109962225
1414,0.14721424877643585,1e-04,0.101813935,0.010689729,0.10339115,0.13646112382411957,0.009407512843608856,0.00010295271931681782,0.01014656201004982
1415,0.14703106880187988,1e-04,0.10173168,0.010672889,0.103309676,0.13629546761512756,0.009429998695850372,0.0001033429434755817,0.010165773332118988
1416,0.14684821665287018,1e-04,0.101649575,0.010656093,0.10322835,0.13613015413284302,0.00945262610912323,0.00010375183774158359,0.010185864754021168
1417,0.1466657519340515,1e-04,0.1015676,0.01063934,0.10314717,0.13596513867378235,0.00947510451078415,0.00010417576413601637,0.01020665280520916
1418,0.14648360013961792,1e-04,0.10148581,0.010622628,0.10306613,0.13580046594142914,0.00949764996767044,0.0001046167453750968,0.010228232480585575
1419,0.14630180597305298,1e-04,0.10140417,0.010605966,0.10298527,0.1356360912322998,0.009520098567008972,0.0001050713617587462,0.010250432416796684
1420,0.1461203545331955,1e-04,0.10132266,0.010589342,0.10290453,0.13547201454639435,0.009542398154735565,0.00010553780157351866,0.010273159481585026
1421,0.14593923091888428,1e-04,0.10124129,0.010572761,0.102823935,0.13530826568603516,0.00956457108259201,0.00010601892427075654,0.010296548716723919
1422,0.1457584798336029,1e-04,0.10116005,0.010556221,0.10274347,0.13514485955238342,0.0095868781208992,0.00010651939373929054,0.010320823639631271
1423,0.145578071475029,1e-04,0.101078965,0.010539725,0.10266317,0.13498172163963318,0.009608954191207886,0.00010702900908654556,0.010345482267439365
1424,0.14539797604084015,1e-04,0.100998044,0.010523272,0.102583,0.1348189413547516,0.009631112217903137,0.00010755776020232588,0.010371006093919277
1425,0.14521823823451996,1e-04,0.10091724,0.010506858,0.102502964,0.13465644419193268,0.00965319573879242,0.00010809781088028103,0.010397009551525116
1426,0.14503884315490723,1e-04,0.100836605,0.010490492,0.1024231,0.13449427485466003,0.009675413370132446,0.00010865733202081174,0.010423882864415646
1427,0.14485977590084076,1e-04,0.10075613,0.010474164,0.102343366,0.13433240354061127,0.009697236120700836,0.00010922464571194723,0.0104510597884655
1428,0.14468105137348175,1e-04,0.100675784,0.010457881,0.10226378,0.13417083024978638,0.009719155728816986,0.00010980766091961414,0.010478914715349674
1429,0.1445026695728302,1e-04,0.10059557,0.0104416385,0.10218433,0.13400958478450775,0.009740956127643585,0.00011040421668440104,0.010507341474294662
1430,0.14432461559772491,1e-04,0.10051551,0.010425438,0.10210504,0.133848637342453,0.009762726724147797,0.00011101361451437697,0.010536300018429756
1431,0.1441469043493271,1e-04,0.10043558,0.010409277,0.10202587,0.13368800282478333,0.009784460067749023,0.00011163789895363152,0.010565883480012417
1432,0.14396952092647552,1e-04,0.1003558,0.01039316,0.10194685,0.13352768123149872,0.009806022047996521,0.00011227278446312994,0.01059588510543108
1433,0.14379249513149261,1e-04,0.10027615,0.010377085,0.101867974,0.1333676427602768,0.009827569127082825,0.00011292176350252703,0.010626465082168579
1434,0.14361576735973358,1e-04,0.10019666,0.010361048,0.101789236,0.13320794701576233,0.009849369525909424,0.000113590998807922,0.010657907463610172
1435,0.1434394121170044,1e-04,0.100117326,0.010345057,0.101710655,0.13304851949214935,0.009870834648609161,0.00011426539276726544,0.010689498856663704
1436,0.14326335489749908,1e-04,0.10003811,0.010329098,0.10163217,0.13288941979408264,0.009892314672470093,0.0001149570380221121,0.010721801780164242
1437,0.14308765530586243,1e-04,0.09995907,0.010313191,0.10155389,0.1327306181192398,0.009913690388202667,0.00011565809836611152,0.010754445567727089
1438,0.14291226863861084,1e-04,0.09988013,0.010297319,0.10147571,0.13257211446762085,0.009935133159160614,0.00011637563875410706,0.010787754319608212
1439,0.1427372246980667,1e-04,0.099801324,0.010281486,0.10139766,0.13241392374038696,0.009956397116184235,0.00011710298713296652,0.01082141324877739
1440,0.14256252348423004,1e-04,0.09972272,0.010265701,0.1013198,0.13225601613521576,0.009977616369724274,0.00011784160597017035,0.010855487547814846
1441,0.14238813519477844,1e-04,0.09964421,0.010249951,0.10124204,0.13209842145442963,0.009998798370361328,0.00011859351070597768,0.010890064761042595
1442,0.1422140747308731,1e-04,0.099565856,0.010234242,0.10116443,0.13194110989570618,0.010020002722740173,0.00011936145892832428,0.01092526689171791
1443,0.14204032719135284,1e-04,0.09948763,0.010218573,0.10108696,0.131784126162529,0.0100412517786026,0.0001201413688249886,0.010960902087390423
1444,0.14186692237854004,1e-04,0.09940956,0.010202943,0.10100962,0.1316274106502533,0.010062210261821747,0.00012092770339222625,0.010996713303029537
1445,0.1416938453912735,1e-04,0.099331625,0.010187357,0.100932434,0.13147102296352386,0.010083377361297607,0.00012173229333711788,0.011033236049115658
1446,0.14152109622955322,1e-04,0.099253826,0.010171807,0.10085538,0.13131490349769592,0.01010420173406601,0.00012254259490873665,0.011069895699620247
1447,0.14134865999221802,1e-04,0.09917617,0.010156299,0.10077847,0.13115909695625305,0.010125041007995605,0.0001233664370374754,0.011107044294476509
1448,0.14117655158042908,1e-04,0.09909866,0.01014083,0.10070169,0.13100358843803406,0.010145969688892365,0.00012420449638739228,0.011144706979393959
1449,0.1410048007965088,1e-04,0.09902129,0.010125403,0.10062506,0.13084837794303894,0.01016668975353241,0.00012504990445449948,0.0111825717613101
1450,0.14083333313465118,1e-04,0.09894404,0.01011001,0.10054855,0.1306934356689453,0.010187432169914246,0.00012591038830578327,0.011220979504287243
1451,0.14066217839717865,1e-04,0.09886693,0.01009466,0.10047219,0.13053880631923676,0.010208196938037872,0.00012678290659096092,0.011259791441261768
1452,0.14049136638641357,1e-04,0.09878999,0.01007935,0.10039597,0.13038447499275208,0.010228872299194336,0.00012766494182869792,0.01129889115691185
1453,0.14032088220119476,1e-04,0.09871317,0.010064081,0.10031989,0.13023041188716888,0.010249488055706024,0.000128557687276043,0.011338328011333942
1454,0.14015069603919983,1e-04,0.098636486,0.010048847,0.10024393,0.13007666170597076,0.010269954800605774,0.00012946139031555504,0.011378110386431217
1455,0.13998085260391235,1e-04,0.09855992,0.010033651,0.10016812,0.12992319464683533,0.010290473699569702,0.00013037474127486348,0.011418175883591175
1456,0.13981132209300995,1e-04,0.09848354,0.010018499,0.10009245,0.12977002561092377,0.010311096906661987,0.00013130326988175511,0.011458763852715492
1457,0.13964210450649261,1e-04,0.098407246,0.010003378,0.100016885,0.1296171396970749,0.010331399738788605,0.0001322375173913315,0.011499457061290741
1458,0.13947319984436035,1e-04,0.09833113,0.009988304,0.09994151,0.1294645220041275,0.010351821780204773,0.00013318339188117534,0.011540510691702366
1459,0.13930460810661316,1e-04,0.09825512,0.009973262,0.09986623,0.12931223213672638,0.010372035205364227,0.0001341399911325425,0.011581881903111935
1460,0.13913635909557343,1e-04,0.09817926,0.009958263,0.099791095,0.12916019558906555,0.010392308235168457,0.00013510766439139843,0.011623581871390343
1461,0.13896840810775757,1e-04,0.09810353,0.009943299,0.09971609,0.1290084719657898,0.01041259616613388,0.00013608657172881067,0.011665615253150463
1462,0.13880077004432678,1e-04,0.09802797,0.009928378,0.09964125,0.12885703146457672,0.01043296605348587,0.00013707786274608225,0.011708025820553303
1463,0.13863344490528107,1e-04,0.097952515,0.009913491,0.09956652,0.12870585918426514,0.01045297086238861,0.0001380717585561797,0.01175039354711771
1464,0.13846643269062042,1e-04,0.097877204,0.009898643,0.099491924,0.12855498492717743,0.010473117232322693,0.00013908119581174105,0.011793268844485283
1465,0.13829974830150604,1e-04,0.09780202,0.009883832,0.09941746,0.1284043788909912,0.010493092238903046,0.00014009798178449273,0.011836299672722816
1466,0.13813334703445435,1e-04,0.09772697,0.0098690605,0.09934314,0.12825407087802887,0.010512962937355042,0.00014112265489529818,0.011879505589604378
1467,0.1379672735929489,1e-04,0.097652055,0.009854325,0.09926895,0.1281040608882904,0.010532960295677185,0.00014216014824341983,0.011923093348741531
1468,0.13780152797698975,1e-04,0.097577296,0.009839631,0.099194914,0.12795430421829224,0.010552830994129181,0.00014320640184450895,0.01196688786149025
1469,0.13763606548309326,1e-04,0.09750267,0.009824972,0.099121,0.12780483067035675,0.010572746396064758,0.0001442631910322234,0.012010960839688778
1470,0.13747091591358185,1e-04,0.097428165,0.009810346,0.09904719,0.12765564024448395,0.010592587292194366,0.0001453280565328896,0.012055208906531334
1471,0.1373060792684555,1e-04,0.09735379,0.009795763,0.09897354,0.12750673294067383,0.0106123685836792,0.00014640475274063647,0.012099782936275005
1472,0.13714155554771423,1e-04,0.09727957,0.009781217,0.098900035,0.12735812366008759,0.010632090270519257,0.00014748764806427062,0.012144449166953564
1473,0.13697732985019684,1e-04,0.09720544,0.009766703,0.09882663,0.12720976769924164,0.01065158098936081,0.00014857605856377631,0.012189177796244621
1474,0.13681341707706451,1e-04,0.09713147,0.009752229,0.09875337,0.12706170976161957,0.010671369731426239,0.00014968121831770986,0.012234427966177464
1475,0.13664981722831726,1e-04,0.09705764,0.0097377915,0.09868025,0.1269139051437378,0.01069100946187973,0.00015079192235134542,0.012279735878109932
1476,0.1364865005016327,1e-04,0.09698395,0.009723391,0.09860726,0.1267663985490799,0.010710470378398895,0.00015191004786174744,0.012325179763138294
1477,0.13632351160049438,1e-04,0.09691039,0.0097090285,0.098534405,0.1266191601753235,0.010729953646659851,0.00015303662803489715,0.01237079780548811
1478,0.13616082072257996,1e-04,0.09683696,0.009694704,0.09846169,0.12647220492362976,0.01074950397014618,0.00015417486429214478,0.012416716665029526
1479,0.1359984278678894,1e-04,0.09676363,0.00968041,0.098389074,0.12632550299167633,0.010768845677375793,0.0001553195179440081,0.012462724931538105
1480,0.13583634793758392,1e-04,0.09669045,0.009666158,0.09831662,0.12617908418178558,0.010788246989250183,0.00015647428517695516,0.012508967891335487
1481,0.13567453622817993,1e-04,0.09661741,0.009651937,0.09824427,0.12603294849395752,0.010807707905769348,0.0001576373615534976,0.012555371969938278
1482,0.1355130672454834,1e-04,0.09654453,0.009637757,0.098172076,0.12588706612586975,0.01085101068019867,0.00015880672435741872,0.012601854279637337
1483,0.13535186648368835,1e-04,0.09647175,0.009623609,0.09809999,0.12574149668216705,0.010905541479587555,0.00015998363960534334,0.012648464180529118
1484,0.13519100844860077,1e-04,0.09639912,0.009609501,0.098028064,0.12559616565704346,0.010959997773170471,0.00016117071209009737,0.012695303186774254
1485,0.13503041863441467,1e-04,0.0963266,0.009595425,0.09795624,0.12545111775398254,0.011014260351657867,0.00016236433293670416,0.012742226012051105
1486,0.13487014174461365,1e-04,0.09625421,0.009581387,0.09788456,0.12530632317066193,0.011068500578403473,0.00016356697597075254,0.012789330445230007
1487,0.1347101330757141,1e-04,0.09618194,0.009567384,0.097813,0.125161811709404,0.011122465133666992,0.0001647770986892283,0.012836553156375885
1488,0.13455045223236084,1e-04,0.09610981,0.009553417,0.09774158,0.12501758337020874,0.011176221072673798,0.00016599225637037307,0.012883798219263554
1489,0.13439106941223145,1e-04,0.09603784,0.009539486,0.097670294,0.12487359344959259,0.011229880154132843,0.00016721735300961882,0.01293125469237566
1490,0.13423195481300354,1e-04,0.09596598,0.009525588,0.09759912,0.12472988665103912,0.011283427476882935,0.0001684511371422559,0.012978872284293175
1491,0.1340731680393219,1e-04,0.09589427,0.009511728,0.097528085,0.12458644062280655,0.011336877942085266,0.0001696919498499483,0.01302658673375845
1492,0.13391466438770294,1e-04,0.09582266,0.0094979005,0.09745717,0.12444328516721725,0.011390231549739838,0.0001709407806629315,0.013074432499706745
1493,0.13375645875930786,1e-04,0.09575119,0.0094841095,0.09738639,0.12430037558078766,0.011443331837654114,0.00017219511209987104,0.013122313655912876
1494,0.13359853625297546,1e-04,0.09567982,0.009470352,0.097315736,0.12415774166584015,0.01149635761976242,0.0001734576653689146,0.01317033264786005
1495,0.13344091176986694,1e-04,0.0956086,0.009456632,0.09724522,0.12401536852121353,0.011549241840839386,0.00017472845502197742,0.013218489475548267
1496,0.1332835853099823,1e-04,0.095537536,0.009442945,0.097174816,0.12387324869632721,0.01160190999507904,0.00017600413411855698,0.013266654685139656
1497,0.13312654197216034,1e-04,0.09546656,0.009429291,0.097104535,0.12373140454292297,0.011654339730739594,0.00017728543025441468,0.01331485714763403
1498,0.13296979665756226,1e-04,0.09539575,0.009415675,0.0970344,0.12358980625867844,0.011706739664077759,0.00017857595230452716,0.013363230973482132
1499,0.13281333446502686,1e-04,0.09532505,0.0094020935,0.0969644,0.12344849109649658,0.011759139597415924,0.00017987513274420053,0.013411753810942173
1500,0.13265715539455414,1e-04,0.09525448,0.009388545,0.0968945,0.12330744415521622,0.011811293661594391,0.00018117792205885053,0.013460234738886356
1501,0.1325012892484665,1e-04,0.09518402,0.009375027,0.09682473,0.12316663563251495,0.01186329871416092,0.00018248907872475684,0.013508851639926434
1502,0.13234570622444153,1e-04,0.09511369,0.009361548,0.096755095,0.12302608788013458,0.011915244162082672,0.00018380736582912505,0.013557557947933674
1503,0.13219037652015686,1e-04,0.0950435,0.009348102,0.09668558,0.1228858232498169,0.011966973543167114,0.0001851310080382973,0.01360628567636013
1504,0.13203537464141846,1e-04,0.09497342,0.009334688,0.096616186,0.1227458044886589,0.012018442153930664,0.00018645802629180253,0.013654963113367558
1505,0.13188065588474274,1e-04,0.09490351,0.009321311,0.09654693,0.12260604649782181,0.012069940567016602,0.00018779617676045746,0.013703874312341213
1506,0.1317262202501297,1e-04,0.0948337,0.0093079675,0.09647781,0.12246653437614441,0.012121275067329407,0.00018913892563432455,0.013752778992056847
1507,0.13157205283641815,1e-04,0.09476403,0.00929466,0.096408814,0.1223272830247879,0.012172378599643707,0.00019048654939979315,0.013801686465740204
1508,0.13141818344593048,1e-04,0.09469447,0.009281381,0.096339926,0.12218829989433289,0.012223482131958008,0.00019184304983355105,0.013850742019712925
1509,0.1312645971775055,1e-04,0.094625026,0.009268136,0.09627116,0.12204956263303757,0.012274429202079773,0.00019320458522997797,0.013899805024266243
1510,0.131111279129982,1e-04,0.09455571,0.009254927,0.09620253,0.12191110104322433,0.012325145304203033,0.0001945698750205338,0.013948830775916576
1511,0.13095828890800476,1e-04,0.09448651,0.009241748,0.09613401,0.1217728778719902,0.012375965714454651,0.00019594686455093324,0.013998102396726608
1512,0.13080553710460663,1e-04,0.09441745,0.009228602,0.09606561,0.12163491547107697,0.01242634654045105,0.0001973232429008931,0.014047179371118546
1513,0.13065308332443237,1e-04,0.09434854,0.009215496,0.09599737,0.12149719893932343,0.012476734817028046,0.0001987098075915128,0.014096446335315704
1514,0.1305008977651596,1e-04,0.094279744,0.009202417,0.09592923,0.12135975062847137,0.012526974081993103,0.00020009910804219544,0.014145638793706894
1515,0.1303490251302719,1e-04,0.094211034,0.009189367,0.09586119,0.12122254073619843,0.012577109038829803,0.00020149745978415012,0.014194980263710022
1516,0.1301974058151245,1e-04,0.0941425,0.0091763595,0.095793314,0.12108559906482697,0.012627027928829193,0.0002028967865044251,0.014244183897972107
1517,0.1300460696220398,1e-04,0.09407403,0.009163377,0.09572553,0.12094888091087341,0.012676961719989777,0.0002043061249423772,0.014293569140136242
1518,0.12989500164985657,1e-04,0.094005704,0.00915043,0.09565788,0.12081243842840195,0.01272670179605484,0.00020571959612425417,0.014342928305268288
1519,0.12974423170089722,1e-04,0.093937494,0.009137513,0.09559034,0.12067624181509018,0.012776248157024384,0.00020713619596790522,0.014392226934432983
1520,0.12959372997283936,1e-04,0.09386947,0.009124636,0.09552296,0.12054028362035751,0.012825652956962585,0.00020855922775808722,0.014441579580307007
1521,0.12944351136684418,1e-04,0.093801506,0.009111785,0.09545567,0.12040457129478455,0.012874871492385864,0.00020998544641770422,0.014490874484181404
1522,0.1292935609817505,1e-04,0.093733706,0.0090989685,0.09538852,0.12026912719011307,0.012924067676067352,0.000211420061532408,0.014540291391313076
1523,0.12914389371871948,1e-04,0.093665995,0.009086183,0.09532148,0.12013392150402069,0.012973077595233917,0.00021285729599185288,0.01458963006734848
1524,0.12899450957775116,1e-04,0.093598425,0.009073432,0.09525456,0.11999896913766861,0.013022080063819885,0.00021430256310850382,0.01463907677680254
1525,0.12884536385536194,1e-04,0.09353096,0.00906071,0.09518776,0.11986426264047623,0.013071000576019287,0.00021575402934104204,0.014688568189740181
1526,0.1286965310573578,1e-04,0.09346364,0.009048024,0.0951211,0.11972980201244354,0.013119451701641083,0.00021720373479183763,0.01473783329129219
1527,0.12854796648025513,1e-04,0.093396425,0.009035365,0.09505454,0.11959559470415115,0.01316816359758377,0.00021866575116291642,0.014787350781261921
1528,0.12839967012405396,1e-04,0.09332935,0.0090227425,0.094988115,0.11946161091327667,0.013216502964496613,0.00022012641420587897,0.014836657792329788
1529,0.12825164198875427,1e-04,0.093262374,0.009010147,0.0949218,0.11932788789272308,0.013264715671539307,0.00022159403306432068,0.014886034652590752
1530,0.12810388207435608,1e-04,0.09319552,0.008997586,0.09485561,0.11919441819190979,0.013312861323356628,0.00022306633763946593,0.014935405924916267
1531,0.12795640528202057,1e-04,0.0931288,0.008985054,0.09478952,0.1190611869096756,0.013360761106014252,0.00022454001009464264,0.014984658919274807
1532,0.12780919671058655,1e-04,0.093062185,0.008972553,0.09472356,0.11892817914485931,0.013408660888671875,0.00022602148237638175,0.015034010633826256
1533,0.12766224145889282,1e-04,0.0929957,0.008960086,0.094657734,0.11879541724920273,0.013456463813781738,0.00022750836797058582,0.015083380974829197
1534,0.12751555442810059,1e-04,0.09292934,0.008947649,0.09459201,0.11866290122270584,0.013504095375537872,0.00022899836767464876,0.015132691711187363
1535,0.12736915051937103,1e-04,0.09286308,0.008935242,0.09452641,0.11853064596652985,0.01355171948671341,0.00023049658921081573,0.015182114206254482
1536,0.12722301483154297,1e-04,0.09279696,0.00892287,0.09446095,0.11839861422777176,0.013599000871181488,0.00023199277347885072,0.015231308527290821
1537,0.1270771324634552,1e-04,0.09273095,0.008910524,0.09439557,0.11826682835817337,0.013646222651004791,0.00023349425464402884,0.015280518680810928
1538,0.1269315481185913,1e-04,0.09266508,0.008898214,0.09433035,0.11813528835773468,0.013693243265151978,0.00023499884991906583,0.015329672023653984
1539,0.1267862170934677,1e-04,0.09259931,0.00888593,0.094265215,0.1180039718747139,0.013740360736846924,0.00023651341325603426,0.01537899300456047
1540,0.1266411393880844,1e-04,0.09253367,0.00887368,0.09420021,0.11787290871143341,0.013787291944026947,0.0002380291116423905,0.015428191982209682
1541,0.1264963448047638,1e-04,0.092468135,0.00886146,0.09413533,0.11774208396673203,0.013833969831466675,0.00023954568314366043,0.015477263368666172
1542,0.12635180354118347,1e-04,0.09240272,0.008849271,0.09407056,0.11761148273944855,0.013880617916584015,0.000241070898482576,0.01552645768970251
1543,0.12620751559734344,1e-04,0.0923374,0.008837107,0.09400588,0.11748111993074417,0.013927102088928223,0.00024259675410576165,0.015575517900288105
1544,0.1260635107755661,1e-04,0.092272244,0.008824981,0.09394137,0.11735101044178009,0.013973422348499298,0.00024412402126472443,0.015624468214809895
1545,0.12591975927352905,1e-04,0.09220719,0.008812882,0.09387695,0.11722111701965332,0.014019586145877838,0.00024565550847910345,0.015673400834202766
1546,0.1257762759923935,1e-04,0.09214226,0.008800812,0.093812644,0.11709146201610565,0.014065876603126526,0.0002471980405971408,0.01572253368794918
1547,0.12563303112983704,1e-04,0.092077434,0.008788773,0.09374846,0.11696205288171768,0.01411178708076477,0.0002487360034137964,0.01577136665582657
1548,0.12549006938934326,1e-04,0.092012726,0.008776764,0.09368439,0.11683288216590881,0.014157742261886597,0.00025028258096426725,0.015820322558283806
1549,0.12534737586975098,1e-04,0.09194812,0.008764785,0.09362043,0.11670392751693726,0.014203481376171112,0.0002518313121981919,0.015869194641709328
1550,0.125204935669899,1e-04,0.09188365,0.008752835,0.09355659,0.1165752112865448,0.014249145984649658,0.00025338272098451853,0.015917999669909477
1551,0.1250627487897873,1e-04,0.09181931,0.008740918,0.09349287,0.11644672602415085,0.014294616878032684,0.00025493610883131623,0.015966719016432762
1552,0.12492082267999649,1e-04,0.09175507,0.008729028,0.09342927,0.11631850153207779,0.014340013265609741,0.0002564943570178002,0.016015442088246346
1553,0.12477917224168777,1e-04,0.09169093,0.008717164,0.09336576,0.11619047075510025,0.014385245740413666,0.0002580543514341116,0.016064070165157318
1554,0.12463776022195816,1e-04,0.09162694,0.008705336,0.09330239,0.1160627007484436,0.014430567622184753,0.0002596250851638615,0.016112886369228363
1555,0.12449660897254944,1e-04,0.091563046,0.008693536,0.093239136,0.11593513190746307,0.014475643634796143,0.00026119378162547946,0.016161490231752396
1556,0.12435570359230042,1e-04,0.09149927,0.008681764,0.093175985,0.11580780893564224,0.014520525932312012,0.00026276439893990755,0.016210008412599564
1557,0.12421506643295288,1e-04,0.09143559,0.008670021,0.093112946,0.11568071693181992,0.01456540822982788,0.0002643409534357488,0.016258565708994865
1558,0.12407469004392624,1e-04,0.09137204,0.008658308,0.093050025,0.1155538484454155,0.014610037207603455,0.0002659158781170845,0.016306927427649498
1559,0.1239345595240593,1e-04,0.091308616,0.008646623,0.092987224,0.11542721837759018,0.014654606580734253,0.00026749575044959784,0.016355296596884727
1560,0.12379468977451324,1e-04,0.09124529,0.008634965,0.09292451,0.11530080437660217,0.014699108898639679,0.00026907899882644415,0.016403628513216972
1561,0.12365506589412689,1e-04,0.09118211,0.00862334,0.09286194,0.11517462879419327,0.014743447303771973,0.00027066588518209755,0.01645192690193653
1562,0.12351571023464203,1e-04,0.09111902,0.008611743,0.09279948,0.11504868417978287,0.014787651598453522,0.0002722550998441875,0.01650015451014042
1563,0.12337660044431686,1e-04,0.09105603,0.008600173,0.092737116,0.11492294818162918,0.014831796288490295,0.00027384754503145814,0.016548339277505875
1564,0.1232377365231514,1e-04,0.090993166,0.008588634,0.09267489,0.114797443151474,0.014875814318656921,0.00027544371550902724,0.01659649796783924
1565,0.12309911847114563,1e-04,0.09093041,0.0085771205,0.09261274,0.11467216908931732,0.014919742941856384,0.0002770432038232684,0.016644615679979324
1566,0.12296076118946075,1e-04,0.09086778,0.008565636,0.092550725,0.11454712599515915,0.014963485300540924,0.0002786426921375096,0.016692593693733215
1567,0.12282266467809677,1e-04,0.090805255,0.008554182,0.09248882,0.11442230641841888,0.01500719040632248,0.0002802466624416411,0.016740569844841957
1568,0.12268481403589249,1e-04,0.09074285,0.008542757,0.09242703,0.11429770290851593,0.015050679445266724,0.00028185039991512895,0.01678840070962906
1569,0.1225472092628479,1e-04,0.09068055,0.008531355,0.09236534,0.11417330056428909,0.015094123780727386,0.00028345827013254166,0.016836218535900116
1570,0.12240983545780182,1e-04,0.09061837,0.008519989,0.09230379,0.11404916644096375,0.015137404203414917,0.0002850676537491381,0.01688394695520401
1571,0.12227274477481842,1e-04,0.0905563,0.008508645,0.092242315,0.11392521858215332,0.015180595219135284,0.0002866798313334584,0.016931621357798576
1572,0.12213587015867233,1e-04,0.090494335,0.00849733,0.09218097,0.113801509141922,0.015223652124404907,0.0002882944536395371,0.016979236155748367
1573,0.12199926376342773,1e-04,0.09043249,0.008486045,0.09211973,0.11367801576852798,0.015266664326190948,0.00028991291765123606,0.017026828601956367
1574,0.12186288833618164,1e-04,0.09037075,0.008474788,0.09205861,0.11355476081371307,0.015309624373912811,0.000291535077849403,0.017074398696422577
1575,0.12172678112983704,1e-04,0.090309106,0.008463554,0.09199758,0.11343169957399368,0.015352413058280945,0.00029315799474716187,0.017121857032179832
1576,0.12159090489149094,1e-04,0.0902476,0.008452355,0.09193669,0.1133088693022728,0.015394993126392365,0.0002947807952295989,0.017169181257486343
1577,0.12145527452230453,1e-04,0.0901862,0.008441179,0.09187589,0.11318626254796982,0.015437602996826172,0.0002964085142593831,0.0172165185213089
1578,0.12131988257169724,1e-04,0.090124905,0.00843003,0.091815196,0.11306387186050415,0.015479929745197296,0.0002980333229061216,0.017263641580939293
1579,0.12118475139141083,1e-04,0.09006373,0.00841891,0.09175462,0.1129416972398758,0.015522226691246033,0.00029966403963044286,0.01731080748140812
1580,0.12104985862970352,1e-04,0.09000268,0.008407821,0.09169417,0.11281973123550415,0.015564531087875366,0.0003012991219293326,0.017357969656586647
1581,0.12091518938541412,1e-04,0.0899417,0.008396755,0.09163381,0.1126980111002922,0.015606649219989777,0.0003029352519661188,0.017405034974217415
1582,0.12078079581260681,1e-04,0.089880854,0.008385717,0.09157356,0.11257648468017578,0.015648700296878815,0.0003045749035663903,0.017452074214816093
1583,0.12064662575721741,1e-04,0.08982009,0.008374706,0.09151342,0.11245518922805786,0.015690527856349945,0.0003062116738874465,0.017498904839158058
1584,0.1205126941204071,1e-04,0.08975946,0.008363721,0.09145338,0.11233410239219666,0.015732310712337494,0.0003078522568102926,0.01754571869969368
1585,0.1203790232539177,1e-04,0.08969893,0.008352764,0.091393456,0.11221323162317276,0.015774019062519073,0.0003094967396464199,0.017592519521713257
1586,0.12024557590484619,1e-04,0.08963853,0.008341837,0.09133366,0.11209256947040558,0.01581556349992752,0.00031113976729102433,0.017639154568314552
1587,0.1201123595237732,1e-04,0.089578204,0.008330929,0.091273926,0.1119721308350563,0.015857018530368805,0.00031278515234589577,0.01768573373556137
1588,0.11997939646244049,1e-04,0.08951801,0.008320053,0.09121432,0.11185190081596375,0.015898287296295166,0.00031442957697436213,0.0177321620285511
1589,0.11984667181968689,1e-04,0.08945793,0.008309204,0.091154836,0.1117318868637085,0.015939682722091675,0.00031608634162694216,0.01777881756424904
1590,0.1197141781449318,1e-04,0.089397945,0.00829838,0.09109545,0.11161209642887115,0.01598084717988968,0.0003177375183440745,0.01782519370317459
1591,0.11958193778991699,1e-04,0.08933807,0.008287586,0.09103618,0.11149250715970993,0.016021862626075745,0.000319389597279951,0.017871474847197533
1592,0.11944993585348129,1e-04,0.0892783,0.0082768155,0.090977006,0.11137311905622482,0.01606278121471405,0.0003210458380635828,0.017917752265930176
1593,0.1193181499838829,1e-04,0.08921864,0.008266072,0.09091794,0.11125396192073822,0.016103632748126984,0.00032270164228975773,0.017963897436857224
1594,0.11918662488460541,1e-04,0.089159094,0.008255354,0.09085898,0.11113500595092773,0.016144245862960815,0.0003243539249524474,0.01800982840359211
1595,0.11905531585216522,1e-04,0.08909965,0.008244663,0.09080012,0.11101625859737396,0.016184858977794647,0.00032601397833786905,0.018055858090519905
1596,0.11892423033714294,1e-04,0.0890403,0.008233995,0.090741366,0.1108977347612381,0.01622549444437027,0.00032767903758212924,0.018101906403899193
1597,0.11879341304302216,1e-04,0.08898109,0.008223359,0.09068274,0.11077941954135895,0.016265831887722015,0.0003293381305411458,0.018147675320506096
1598,0.11866283416748047,1e-04,0.08892197,0.008212749,0.09062422,0.11066129803657532,0.016306176781654358,0.00033100383006967604,0.01819351129233837
1599,0.1185324490070343,1e-04,0.08886295,0.008202162,0.090565786,0.1105434000492096,0.01634635031223297,0.0003326674923300743,0.018239174038171768
1600,0.11840233206748962,1e-04,0.08880403,0.0081916,0.09050746,0.1104256883263588,0.016386568546295166,0.00033433595672249794,0.018284855410456657
1601,0.11827241629362106,1e-04,0.08874523,0.008181064,0.09044924,0.1103082075715065,0.016426540911197662,0.00033600255846977234,0.018330372869968414
1602,0.1181427538394928,1e-04,0.088686526,0.008170554,0.09039112,0.11019092798233032,0.016466423869132996,0.00033766753040254116,0.018375732004642487
1603,0.11801332980394363,1e-04,0.088627934,0.008160069,0.0903331,0.11007385700941086,0.01650623232126236,0.00033933966187760234,0.018421174958348274
1604,0.11788412928581238,1e-04,0.08856944,0.008149612,0.0902752,0.10995697975158691,0.01654604822397232,0.00034101447090506554,0.01846657693386078
1605,0.11775514483451843,1e-04,0.08851107,0.00813918,0.090217404,0.10984031856060028,0.01658562570810318,0.0003426870971452445,0.018511809408664703
1606,0.11762639880180359,1e-04,0.088452764,0.008128771,0.09015969,0.10972386598587036,0.01662520319223404,0.00034436420537531376,0.018557053059339523
1607,0.11749789118766785,1e-04,0.08839459,0.008118391,0.090102114,0.10960762947797775,0.01666460931301117,0.00034603680251166224,0.01860206387937069
1608,0.1173696219921112,1e-04,0.088336535,0.008108036,0.09004463,0.10949157178401947,0.016703911125659943,0.00034771242644637823,0.018647048622369766
1609,0.11724156886339188,1e-04,0.08827857,0.008097704,0.08998724,0.1093757227063179,0.016743071377277374,0.0003493863623589277,0.018691878765821457
1610,0.11711372435092926,1e-04,0.08822071,0.008087396,0.089929946,0.10926009714603424,0.016782239079475403,0.00035106606082990766,0.018736757338047028
1611,0.11698614805936813,1e-04,0.088162966,0.008077118,0.089872785,0.1091446578502655,0.016821250319480896,0.00035274430410936475,0.01878148876130581
1612,0.11685878038406372,1e-04,0.08810532,0.008066863,0.08981571,0.10902941972017288,0.016860201954841614,0.00035442635999061167,0.018826214596629143
1613,0.11673162132501602,1e-04,0.08804774,0.008056629,0.08975873,0.10891440510749817,0.01689903438091278,0.00035610655322670937,0.01887078583240509
1614,0.11660471558570862,1e-04,0.08799029,0.008046423,0.08970185,0.10879956930875778,0.016937747597694397,0.00035778904566541314,0.018915312364697456
1615,0.11647801846265793,1e-04,0.087932944,0.00803624,0.08964508,0.10868492722511292,0.01697646826505661,0.0003594739828258753,0.01895979978144169
1616,0.11635154485702515,1e-04,0.08787572,0.008026085,0.08958842,0.10857050865888596,0.01701512187719345,0.0003611627616919577,0.019004283472895622
1617,0.11622530221939087,1e-04,0.087818585,0.008015955,0.08953187,0.10845628380775452,0.017053455114364624,0.00036284318775869906,0.01904844306409359
1618,0.1160992830991745,1e-04,0.08776154,0.008005846,0.08947539,0.1083422601222992,0.01709180325269699,0.00036452856147661805,0.019092630594968796
1619,0.11597348749637604,1e-04,0.08770462,0.007995763,0.08941903,0.10822844505310059,0.01713019609451294,0.00036621885374188423,0.01913684606552124
1620,0.11584793031215668,1e-04,0.08764777,0.007985705,0.08936277,0.1081148162484169,0.017168357968330383,0.00036790547892451286,0.019180862233042717
1621,0.11572257429361343,1e-04,0.087591045,0.007975669,0.0893066,0.10800139605998993,0.01720639318227768,0.0003695942577905953,0.019224833697080612
1622,0.11559745669364929,1e-04,0.08753442,0.007965659,0.08925054,0.10788816958665848,0.01724448800086975,0.00037128612166270614,0.019268786534667015
1623,0.11547256261110306,1e-04,0.087477885,0.007955674,0.08919459,0.10777514427900314,0.017282411456108093,0.0003729785676114261,0.019312653690576553
1624,0.11534786969423294,1e-04,0.08742145,0.00794571,0.08913871,0.10766231268644333,0.017320193350315094,0.00037466699723154306,0.019356315955519676
1625,0.11522342264652252,1e-04,0.08736513,0.0079357745,0.089082964,0.10754966735839844,0.017357870936393738,0.0003763558343052864,0.019399892538785934
1626,0.11509917676448822,1e-04,0.08730892,0.0079258615,0.08902731,0.10743722319602966,0.01739548146724701,0.0003780463302973658,0.019443413242697716
1627,0.11497515439987183,1e-04,0.087252796,0.00791597,0.088971734,0.1073249876499176,0.01743312180042267,0.0003797432582359761,0.01948700286448002
1628,0.11485135555267334,1e-04,0.08719679,0.007906108,0.0889163,0.10721295326948166,0.017470695078372955,0.00038144132122397423,0.0195305235683918
1629,0.11472778022289276,1e-04,0.08714086,0.007896267,0.088860944,0.10710109770298004,0.017507903277873993,0.00038313225377351046,0.019573764875531197
1630,0.1146044135093689,1e-04,0.08708503,0.007886447,0.08880567,0.10698943585157394,0.017545185983181,0.0003848272608593106,0.01961701549589634
1631,0.11448127031326294,1e-04,0.0870293,0.007876653,0.08875051,0.10687798261642456,0.01758236438035965,0.00038652107468806207,0.019660139456391335
1632,0.11435835063457489,1e-04,0.08697369,0.007866885,0.08869546,0.1067667081952095,0.017619453370571136,0.00038821756606921554,0.01970323733985424
1633,0.11423563212156296,1e-04,0.08691817,0.0078571355,0.08864048,0.10665562748908997,0.01765645295381546,0.00038991181645542383,0.01974618434906006
1634,0.11411313712596893,1e-04,0.08686274,0.007847413,0.08858563,0.10654475539922714,0.01769338548183441,0.00039160880260169506,0.019789109006524086
1635,0.11399085819721222,1e-04,0.08680741,0.00783771,0.08853084,0.10643407702445984,0.01773018389940262,0.0003933064581360668,0.019831955432891846
1636,0.11386880278587341,1e-04,0.08675218,0.007828033,0.088476166,0.10632358491420746,0.017767049372196198,0.00039500900311395526,0.019874833524227142
1637,0.11374695599079132,1e-04,0.086697064,0.007818381,0.08842161,0.1062132865190506,0.017803743481636047,0.0003967086086049676,0.019917545840144157
1638,0.11362533271312714,1e-04,0.08664202,0.0078087505,0.088367134,0.10610317438840866,0.01784031093120575,0.00039840879617258906,0.019960179924964905
1639,0.11350391060113907,1e-04,0.086587094,0.0077991434,0.08831276,0.10599324852228165,0.017876803874969482,0.00040010770317167044,0.020002692937850952
1640,0.11338269710540771,1e-04,0.086532265,0.007789561,0.08825849,0.10588351637125015,0.017913207411766052,0.00040180643554776907,0.02004510909318924
1641,0.11326170712709427,1e-04,0.086477526,0.007779997,0.08820429,0.10577397793531418,0.01794949173927307,0.0004035064484924078,0.02008746936917305
1642,0.11314093321561813,1e-04,0.08642291,0.0077704624,0.088150226,0.10566461831331253,0.01798573136329651,0.0004052048025187105,0.020129699259996414
1643,0.11302036046981812,1e-04,0.086368375,0.007760946,0.08809623,0.1055554747581482,0.01802188903093338,0.00040690647438168526,0.02017192356288433
1644,0.1129000335931778,1e-04,0.086313926,0.0077514537,0.08804234,0.10544649511575699,0.018057920038700104,0.00040860928129404783,0.020214086398482323
1645,0.11277987062931061,1e-04,0.08625957,0.007741984,0.08798855,0.1053377166390419,0.018094077706336975,0.00041031636646948755,0.020256267860531807
1646,0.11265993863344193,1e-04,0.08620534,0.0077325404,0.08793487,0.10522913187742233,0.018129944801330566,0.0004120196681469679,0.020298266783356667
1647,0.11254023015499115,1e-04,0.08615118,0.0077231154,0.08788126,0.1051207184791565,0.01816578209400177,0.0004137213691137731,0.020340140908956528
1648,0.1124207153916359,1e-04,0.08609713,0.0077137128,0.08782774,0.10501250624656677,0.01820152997970581,0.00041542391409166157,0.020381949841976166
1649,0.11230141669511795,1e-04,0.08604318,0.007704334,0.08777434,0.10490448027849197,0.01823718100786209,0.0004171288455836475,0.020423732697963715
1650,0.11218232661485672,1e-04,0.0859893,0.0076949745,0.087721005,0.1047966331243515,0.018272846937179565,0.00041883334051817656,0.020465418696403503
1651,0.1120634377002716,1e-04,0.085935555,0.0076856413,0.08766779,0.10468897968530655,0.0183083638548851,0.0004205386503599584,0.02050703950226307
1652,0.1119447723031044,1e-04,0.08588189,0.0076763327,0.087614685,0.10458150506019592,0.018343716859817505,0.0004222403222229332,0.020548487082123756
1653,0.11182630807161331,1e-04,0.085828304,0.0076670423,0.08756165,0.10447421669960022,0.0183790922164917,0.00042394548654556274,0.020589936524629593
1654,0.11170805245637894,1e-04,0.08577484,0.007657776,0.08750872,0.10436712205410004,0.018414504826068878,0.0004256581887602806,0.02063148468732834
1655,0.11158998310565948,1e-04,0.08572144,0.007648528,0.08745586,0.10426019877195358,0.018449611961841583,0.0004273604426998645,0.020672697573900223
1656,0.11147213727235794,1e-04,0.08566815,0.007639305,0.08740312,0.10415346920490265,0.018484726548194885,0.00042906636372208595,0.020713917911052704
1657,0.1113545149564743,1e-04,0.08561496,0.007630103,0.08735046,0.10404691845178604,0.018519744277000427,0.0004307692579459399,0.02075498178601265
1658,0.111237071454525,1e-04,0.085561834,0.007620919,0.08729787,0.10394055396318436,0.0185546875,0.00043247774010524154,0.020796099677681923
1659,0.111119844019413,1e-04,0.08550885,0.007611764,0.08724543,0.10383438318967819,0.018589623272418976,0.0004341848543845117,0.020837102085351944
1660,0.11100282520055771,1e-04,0.08545593,0.0076026283,0.08719305,0.10372837632894516,0.01862451434135437,0.0004358950536698103,0.020878100767731667
1661,0.11088599264621735,1e-04,0.08540312,0.0075935144,0.087140776,0.10362255573272705,0.01865915209054947,0.00043759873369708657,0.020918861031532288
1662,0.1107693761587143,1e-04,0.0853504,0.007584424,0.0870886,0.10351692140102386,0.018693841993808746,0.00043930578976869583,0.020959623157978058
1663,0.11065296828746796,1e-04,0.08529776,0.0075753517,0.0870365,0.103411465883255,0.018728487193584442,0.00044101395178586245,0.0210003312677145
1664,0.11053675413131714,1e-04,0.08524523,0.0075663016,0.08698449,0.10330618172883987,0.018762953579425812,0.0004427227540872991,0.02104097791016102
1665,0.11042073369026184,1e-04,0.0851928,0.0075572766,0.0869326,0.10320109874010086,0.018797382712364197,0.00044442949001677334,0.02108149603009224
1666,0.11030494421720505,1e-04,0.085140444,0.007548269,0.08688077,0.10309619456529617,0.018831767141819,0.00044613954378291965,0.02112201601266861
1667,0.11018934100866318,1e-04,0.08508819,0.0075392853,0.08682906,0.10299146175384521,0.018866032361984253,0.00044784683268517256,0.02116239257156849
1668,0.11007393896579742,1e-04,0.08503605,0.0075303237,0.08677744,0.10288690030574799,0.01890021562576294,0.00044955540215596557,0.02120272070169449
1669,0.1099587231874466,1e-04,0.08498397,0.00752138,0.08672589,0.10278253257274628,0.01893441379070282,0.00045126493205316365,0.02124299667775631
1670,0.10984373092651367,1e-04,0.08493201,0.00751246,0.08667445,0.1026783362030983,0.018968455493450165,0.0004529723373707384,0.021283145993947983
1671,0.10972891747951508,1e-04,0.08488011,0.0075035593,0.08662309,0.10257432609796524,0.01900244504213333,0.00045468041207641363,0.02132323570549488
1672,0.10961432754993439,1e-04,0.08482832,0.007494681,0.08657183,0.10247047245502472,0.019036322832107544,0.0004563884576782584,0.02136325091123581
1673,0.10949990153312683,1e-04,0.0847766,0.0074858204,0.086520635,0.10236681997776031,0.019070178270339966,0.00045809667790308595,0.021403193473815918
1674,0.10938569903373718,1e-04,0.084725,0.007476985,0.08646956,0.10226333141326904,0.01910392940044403,0.0004598056257236749,0.0214430782943964
1675,0.10927170515060425,1e-04,0.08467349,0.00746817,0.08641858,0.10216003656387329,0.01913771778345108,0.0004615177749656141,0.021482964977622032
1676,0.10915789008140564,1e-04,0.08462205,0.0074593746,0.086367674,0.10205690562725067,0.019171379506587982,0.00046322878915816545,0.021522751078009605
1677,0.10904427617788315,1e-04,0.08457071,0.0074506016,0.08631687,0.10195393860340118,0.01920488476753235,0.0004649345064535737,0.02156233973801136
1678,0.10893085598945618,1e-04,0.084519476,0.0074418467,0.08626614,0.10185117274522781,0.019238322973251343,0.0004666408058255911,0.02160187065601349
1679,0.10881764441728592,1e-04,0.08446831,0.007433113,0.0862155,0.10174855589866638,0.01927177608013153,0.00046835053944960237,0.021641407161951065
1680,0.10870460420846939,1e-04,0.084417254,0.0074244007,0.08616496,0.10164613276720047,0.019305117428302765,0.0004700605641119182,0.021680880337953568
1681,0.10859178006649017,1e-04,0.084366284,0.0074157096,0.08611451,0.10154388844966888,0.019338443875312805,0.0004717706760857254,0.0217202827334404
1682,0.10847915709018707,1e-04,0.0843154,0.0074070375,0.086064145,0.10144180059432983,0.019371621310710907,0.0004734779940918088,0.021759549155831337
1683,0.1083667129278183,1e-04,0.0842646,0.0073983856,0.08601387,0.1013399064540863,0.019404873251914978,0.000475192500744015,0.021798910573124886
1684,0.10825446993112564,1e-04,0.08421389,0.0073897564,0.08596369,0.10123816877603531,0.019437916576862335,0.0004769033985212445,0.021838117390871048
1685,0.10814240574836731,1e-04,0.08416327,0.0073811454,0.08591359,0.10113661736249924,0.019471049308776855,0.00047861807979643345,0.021877340972423553
1686,0.10803055018186569,1e-04,0.084112756,0.007372556,0.08586359,0.1010352298617363,0.01950392872095108,0.00048032263293862343,0.021916264668107033
1687,0.10791889578104019,1e-04,0.084062316,0.007363985,0.085813664,0.10093400627374649,0.019536808133125305,0.00048203422920778394,0.021955277770757675
1688,0.10780740529298782,1e-04,0.08401197,0.0073554353,0.085763834,0.1008329689502716,0.019569657742977142,0.00048374634934589267,0.02199423499405384
1689,0.10769613087177277,1e-04,0.083961725,0.007346907,0.0857141,0.10073211044073105,0.01960248500108719,0.0004854578583035618,0.02203310839831829
1690,0.10758505016565323,1e-04,0.08391156,0.0073383986,0.08566445,0.10063140094280243,0.019635088741779327,0.0004871647688560188,0.022071808576583862
1691,0.10747414082288742,1e-04,0.08386146,0.007329906,0.08561487,0.10053087025880814,0.019667714834213257,0.0004888744442723691,0.022110505029559135
1692,0.10736343264579773,1e-04,0.08381147,0.0073214374,0.085565396,0.10043051838874817,0.01970033347606659,0.0004905877285636961,0.022149214521050453
1693,0.10725292563438416,1e-04,0.08376157,0.007312989,0.08551601,0.10033033043146133,0.019732803106307983,0.0004922986845485866,0.02218780480325222
1694,0.10714259743690491,1e-04,0.08371175,0.0073045585,0.08546671,0.10023032128810883,0.019765213131904602,0.0004940080689266324,0.02222629263997078
1695,0.10703244805335999,1e-04,0.08366201,0.0072961454,0.08541748,0.10013046860694885,0.019797667860984802,0.000495721644256264,0.022264806553721428
1696,0.10692249983549118,1e-04,0.08361238,0.0072877575,0.085368365,0.1000307947397232,0.01982995867729187,0.0004974304465577006,0.022303149104118347
1697,0.1068127453327179,1e-04,0.08356283,0.0072793863,0.08531932,0.0999312773346901,0.019862182438373566,0.0004991417517885566,0.02234148047864437
1698,0.10670316964387894,1e-04,0.08351337,0.007271036,0.08527037,0.0998319461941719,0.019894488155841827,0.0005008575972169638,0.02237984724342823
1699,0.1065937876701355,1e-04,0.08346399,0.007262703,0.08522149,0.09973277151584625,0.0199265256524086,0.0005025658756494522,0.022417981177568436
1700,0.10648459941148758,1e-04,0.0834147,0.0072543914,0.08517271,0.09963376820087433,0.019958600401878357,0.0005042790435254574,0.022456157952547073
1701,0.10637558996677399,1e-04,0.0833655,0.007246099,0.08512402,0.09953492879867554,0.01999058574438095,0.0005059877876192331,0.022494172677397728
1702,0.10626675188541412,1e-04,0.08331636,0.0072378223,0.08507539,0.09943625330924988,0.020022541284561157,0.0005077006644569337,0.022532213479280472
1703,0.10615812242031097,1e-04,0.083267346,0.007229569,0.085026875,0.09933775663375854,0.02005450427532196,0.0005094170337542892,0.02257026918232441
1704,0.10604966431856155,1e-04,0.08321839,0.0072213323,0.084978424,0.09923940896987915,0.020086362957954407,0.0005111302598379552,0.022608190774917603
1705,0.10594139993190765,1e-04,0.08316954,0.0072131194,0.084930085,0.09914124757051468,0.020118117332458496,0.0005128413322381675,0.022646000608801842
1706,0.10583332180976868,1e-04,0.08312076,0.0072049224,0.08488181,0.09904323518276215,0.020149938762187958,0.0005145578179508448,0.022683866322040558
1707,0.10572542250156403,1e-04,0.08307207,0.007196743,0.08483362,0.09894540905952454,0.02018149197101593,0.000516267551574856,0.02272152155637741
1708,0.10561772435903549,1e-04,0.083023466,0.0071885833,0.08478551,0.09884771704673767,0.02021312713623047,0.0005179793806746602,0.02275916002690792
1709,0.1055101826786995,1e-04,0.08297496,0.0071804468,0.08473752,0.09875021129846573,0.020244628190994263,0.0005196916172280908,0.022796746343374252
1710,0.10540284216403961,1e-04,0.082926534,0.007172325,0.08468958,0.09865286946296692,0.02027621865272522,0.000521409441716969,0.02283439226448536
1711,0.10529568791389465,1e-04,0.08287818,0.0071642236,0.08464174,0.09855567663908005,0.020307689905166626,0.0005231243558228016,0.02287191152572632
1712,0.10518869757652283,1e-04,0.082829915,0.0071561406,0.084593974,0.0984586626291275,0.020339027047157288,0.0005248361267149448,0.02290930226445198
1713,0.10508190840482712,1e-04,0.08278174,0.0071480754,0.08454629,0.09836180508136749,0.020370349287986755,0.0005265511572360992,0.02294670231640339
1714,0.10497529804706573,1e-04,0.082733646,0.007140031,0.0844987,0.09826511889696121,0.020401664078235626,0.0005282670026645064,0.022984059527516365
1715,0.10486885160207748,1e-04,0.08268563,0.0071320026,0.08445118,0.09816858917474747,0.020432792603969574,0.0005299769691191614,0.02302122861146927
1716,0.10476259887218475,1e-04,0.08263769,0.0071239923,0.084403746,0.09807221591472626,0.020464055240154266,0.0005316939204931259,0.023058488965034485
1717,0.10465652495622635,1e-04,0.082589865,0.007116005,0.08435641,0.09797601401805878,0.020495183765888214,0.0005334124434739351,0.02309572324156761
1718,0.10455063730478287,1e-04,0.08254211,0.0071080313,0.08430914,0.09787996858358383,0.020526200532913208,0.0005351259605959058,0.023132789880037308
1719,0.10444492846727371,1e-04,0.08249443,0.0071000797,0.08426197,0.09778407216072083,0.02055712789297104,0.0005368378479033709,0.023169761523604393
1720,0.10433937609195709,1e-04,0.082446836,0.0070921443,0.08421487,0.09768836945295334,0.02058824896812439,0.0005385591648519039,0.02320687845349312
1721,0.10423404723405838,1e-04,0.08239933,0.00708423,0.08416787,0.097592793405056,0.020619042217731476,0.0005402729730121791,0.023243771865963936
1722,0.10412885993719101,1e-04,0.08235191,0.0070763323,0.08412094,0.09749739617109299,0.020649924874305725,0.0005419912049546838,0.023280704393982887
1723,0.10402385145425797,1e-04,0.082304545,0.007068449,0.08407407,0.0974021628499031,0.020680740475654602,0.0005437065847218037,0.02331751585006714
1724,0.10391904413700104,1e-04,0.0822573,0.007060589,0.08402731,0.09730707854032516,0.02071155607700348,0.0005454271449707448,0.023354381322860718
1725,0.10381439328193665,1e-04,0.08221012,0.0070527443,0.08398062,0.09721214324235916,0.020742133259773254,0.0005471361218951643,0.023390941321849823
1726,0.10370992869138718,1e-04,0.08216303,0.0070449193,0.08393402,0.09711738675832748,0.020772792398929596,0.0005488558090291917,0.023427672684192657
1727,0.10360564291477203,1e-04,0.08211601,0.0070371106,0.08388749,0.09702277928590775,0.02080342173576355,0.0005505748558789492,0.023464331403374672
1728,0.10350152105093002,1e-04,0.082069084,0.0070293224,0.083841056,0.09692833572626114,0.02083398401737213,0.0005522925057448447,0.023500904440879822
1729,0.10339758545160294,1e-04,0.08202223,0.00702155,0.08379469,0.09683404862880707,0.02086443454027176,0.0005540093407034874,0.023537402972579002
1730,0.10329382121562958,1e-04,0.08197546,0.0070137954,0.08374841,0.09673991054296494,0.02089489996433258,0.0005557286203838885,0.023573897778987885
1731,0.10319025069475174,1e-04,0.08192877,0.007006059,0.08370221,0.09664593636989594,0.020925253629684448,0.0005574438255280256,0.023610249161720276
1732,0.10308682918548584,1e-04,0.08188218,0.0069983434,0.0836561,0.09655211120843887,0.0209556445479393,0.0005591677036136389,0.023646727204322815
1733,0.10298358649015427,1e-04,0.08183565,0.0069906414,0.08361006,0.09645844995975494,0.020985998213291168,0.0005608879728242755,0.02368307299911976
1734,0.10288052260875702,1e-04,0.0817892,0.00698296,0.0835641,0.09636493772268295,0.021016202867031097,0.000562606262974441,0.023719321936368942
1735,0.1027776375412941,1e-04,0.08174285,0.006975295,0.08351823,0.09627160429954529,0.021046467125415802,0.0005643287440761924,0.023755604401230812
1736,0.10267491638660431,1e-04,0.08169655,0.006967645,0.08347242,0.09617840498685837,0.021076612174510956,0.000566049013286829,0.023791784420609474
1737,0.10257237404584885,1e-04,0.08165037,0.0069600176,0.08342672,0.09608536958694458,0.02110680192708969,0.0005677711451426148,0.023827949538826942
1738,0.10247000306844711,1e-04,0.081604235,0.0069524026,0.08338107,0.09599249064922333,0.02113679051399231,0.000569491065107286,0.023864012211561203
1739,0.1023678109049797,1e-04,0.081558205,0.0069448077,0.08333551,0.09589976817369461,0.02116682380437851,0.0005712122656404972,0.023900046944618225
1740,0.10226578265428543,1e-04,0.08151225,0.0069372305,0.08329004,0.09580717980861664,0.021196827292442322,0.0005729339318349957,0.023936038836836815
1741,0.10216391831636429,1e-04,0.08146637,0.006929671,0.083244644,0.0957147628068924,0.021226733922958374,0.0005746565293520689,0.02397199533879757
1742,0.10206224024295807,1e-04,0.08142056,0.0069221277,0.08319932,0.09562249481678009,0.021256640553474426,0.0005763800581917167,0.02400791645050049
1743,0.10196071863174438,1e-04,0.08137483,0.006914599,0.08315407,0.09553039073944092,0.021286509931087494,0.0005781039362773299,0.024043792858719826
1744,0.10185937583446503,1e-04,0.081329204,0.0069070943,0.08310893,0.09543842077255249,0.021316304802894592,0.000579827232286334,0.02407960221171379
1745,0.1017581969499588,1e-04,0.08128364,0.006899601,0.08306383,0.0953466147184372,0.021346017718315125,0.0005815515760332346,0.02411537989974022
1746,0.10165718197822571,1e-04,0.08123814,0.0068921247,0.083018824,0.09525496512651443,0.02137574553489685,0.0005832744063809514,0.024151073768734932
1747,0.10155635327100754,1e-04,0.081192754,0.006884668,0.0829739,0.09516344964504242,0.021405406296253204,0.0005849988665431738,0.024186749011278152
1748,0.1014556735754013,1e-04,0.08114742,0.006877227,0.08292905,0.09507211297750473,0.021435044705867767,0.0005867242580279708,0.024222392588853836
1749,0.1013551875948906,1e-04,0.08110217,0.006869804,0.08288428,0.09498090296983719,0.021464727818965912,0.0005884559359401464,0.02425811067223549
1750,0.10125484317541122,1e-04,0.081057,0.006862395,0.08283957,0.09488986432552338,0.021494165062904358,0.0005901785334572196,0.02429359033703804
1751,0.10115468502044678,1e-04,0.08101189,0.0068550035,0.08279495,0.09479895979166031,0.021523699164390564,0.0005919068353250623,0.024329135194420815
1752,0.10105469077825546,1e-04,0.0809669,0.0068476335,0.08275043,0.09470821917057037,0.021553151309490204,0.0005936361849308014,0.0243646502494812
1753,0.10095485299825668,1e-04,0.08092195,0.0068402756,0.08270596,0.09461762011051178,0.02158258855342865,0.0005953657673671842,0.024400118738412857
1754,0.10085520148277283,1e-04,0.080877095,0.0068329372,0.082661584,0.09452717006206512,0.021611958742141724,0.0005970955826342106,0.024435538798570633
1755,0.10075569152832031,1e-04,0.08083231,0.0068256147,0.082617275,0.094436876475811,0.021641328930854797,0.0005988243501633406,0.024470888078212738
1756,0.10065636783838272,1e-04,0.08078761,0.006818307,0.08257304,0.09434672445058823,0.02167065441608429,0.0006005540490150452,0.024506203830242157
1757,0.10055718570947647,1e-04,0.08074299,0.006811017,0.08252889,0.09425672888755798,0.021699853241443634,0.0006022836314514279,0.024541467428207397
1758,0.10045818984508514,1e-04,0.08069845,0.006803745,0.08248482,0.09416688233613968,0.021729134023189545,0.000604016415309161,0.024576745927333832
1759,0.10035935789346695,1e-04,0.08065397,0.006796486,0.0824408,0.09407718479633331,0.02175835520029068,0.0006057514110580087,0.02461201697587967
1760,0.10026068240404129,1e-04,0.08060957,0.006789246,0.08239688,0.09398763626813889,0.021787472069263458,0.0006074825068935752,0.02464715950191021
1761,0.10016217082738876,1e-04,0.08056525,0.006782023,0.08235304,0.0938982367515564,0.021816693246364594,0.0006092215189710259,0.024682413786649704
1762,0.10006383061408997,1e-04,0.08052101,0.006774815,0.08230926,0.09380896389484406,0.021845698356628418,0.0006109523819759488,0.02471745014190674
1763,0.0999656394124031,1e-04,0.08047684,0.0067676236,0.08226557,0.09371986985206604,0.02187468111515045,0.0006126861553639174,0.024752497673034668
1764,0.09986762702465057,1e-04,0.080432735,0.0067604445,0.082221925,0.09363090991973877,0.02190382033586502,0.0006144281942397356,0.024787662550807
1765,0.09976977109909058,1e-04,0.080388725,0.006753287,0.082178384,0.09354209154844284,0.021932698786258698,0.0006161618512123823,0.02482260763645172
1766,0.09967207163572311,1e-04,0.08034479,0.006746143,0.08213491,0.09345341473817825,0.021961607038974762,0.0006178973708301783,0.024857541546225548
1767,0.09957452863454819,1e-04,0.08030092,0.006739015,0.0820915,0.0933648943901062,0.021990537643432617,0.0006196348695084453,0.024892466142773628
1768,0.09947717189788818,1e-04,0.080257125,0.0067319036,0.08204818,0.09327651560306549,0.022019416093826294,0.0006213753367774189,0.024927401915192604
1769,0.09937995672225952,1e-04,0.08021343,0.0067248107,0.08200494,0.09318829327821732,0.02204829454421997,0.0006231203442439437,0.024962378665804863
1770,0.09928290545940399,1e-04,0.080169804,0.0067177336,0.08196178,0.09310020506381989,0.022077083587646484,0.0006248609861359,0.024997219443321228
1771,0.0991860181093216,1e-04,0.0801262,0.0067106658,0.08191866,0.0930122584104538,0.022105827927589417,0.0006266030250117183,0.02503203973174095
1772,0.09908926486968994,1e-04,0.08008271,0.0067036184,0.08187563,0.09292446821928024,0.022134609520435333,0.0006283462280407548,0.025066835805773735
1773,0.0989927127957344,1e-04,0.08003929,0.006696586,0.08183267,0.09283681958913803,0.022163309156894684,0.0006300879758782685,0.02510155364871025
1774,0.09889629483222961,1e-04,0.07999595,0.0066895685,0.081789784,0.09274930506944656,0.022191889584064484,0.0006318319938145578,0.025136267766356468
1775,0.09880004823207855,1e-04,0.079952694,0.006682571,0.081746995,0.09266194701194763,0.022220544517040253,0.00063357810722664,0.025170978158712387
1776,0.09870395064353943,1e-04,0.0799095,0.0066755856,0.08170426,0.09257471561431885,0.02224913239479065,0.0006353234639391303,0.025205623358488083
1777,0.09860800206661224,1e-04,0.07986639,0.0066686175,0.081661604,0.0924876481294632,0.022277727723121643,0.00063707196386531,0.025240285322070122
1778,0.09851223975419998,1e-04,0.079823345,0.0066616633,0.08161901,0.09240070730447769,0.022306255996227264,0.0006388173205778003,0.025274835526943207
1779,0.09841661900281906,1e-04,0.07978038,0.006654727,0.08157651,0.09231390804052353,0.022334732115268707,0.0006405688473023474,0.02530946210026741
1780,0.09832114726305008,1e-04,0.07973746,0.0066478048,0.08153407,0.0922272801399231,0.022363267838954926,0.0006423213053494692,0.025344058871269226
1781,0.09822584688663483,1e-04,0.079694636,0.0066408976,0.0814917,0.09214075654745102,0.02239163964986801,0.0006440680008381605,0.025378495454788208
1782,0.09813068807125092,1e-04,0.0796519,0.006634006,0.081449404,0.09205438196659088,0.022420018911361694,0.0006458194111473858,0.02541297674179077
1783,0.09803569316864014,1e-04,0.079609215,0.006627129,0.08140718,0.09196816384792328,0.022448383271694183,0.0006475723930634558,0.02544744312763214
1784,0.09794086217880249,1e-04,0.07956662,0.0066202697,0.08136504,0.09188207983970642,0.02247673273086548,0.0006493254331871867,0.02548186480998993
1785,0.09784618020057678,1e-04,0.07952409,0.006613426,0.081322975,0.0917961373925209,0.02250499278306961,0.0006510787061415613,0.025516243651509285
1786,0.09775165468454361,1e-04,0.079481624,0.006606595,0.08128096,0.09171032905578613,0.022533394396305084,0.0006528380326926708,0.02555069513618946
1787,0.09765727818012238,1e-04,0.07943922,0.006599779,0.08123902,0.0916246771812439,0.022561632096767426,0.0006545954965986311,0.02558506466448307
1788,0.09756305813789368,1e-04,0.07939691,0.006592979,0.081197165,0.09153915196657181,0.022589847445487976,0.0006563529605045915,0.0256193857640028
1789,0.09746899455785751,1e-04,0.079354666,0.0065861936,0.08115537,0.09145377576351166,0.022618114948272705,0.0006581154884770513,0.025653760880231857
1790,0.09737509489059448,1e-04,0.07931251,0.0065794266,0.08111367,0.09136852622032166,0.022646181285381317,0.0006598721374757588,0.02568797580897808
1791,0.0972813218832016,1e-04,0.07927038,0.006572667,0.08107199,0.091283418238163,0.022674299776554108,0.0006616314640268683,0.0257221981883049
1792,0.09718772023916245,1e-04,0.07922835,0.006565927,0.081030406,0.09119846671819687,0.02270250767469406,0.0006633983575738966,0.02575652115046978
1793,0.09709427505731583,1e-04,0.07918641,0.006559206,0.08098893,0.09111364185810089,0.022730626165866852,0.0006651643197983503,0.025790778920054436
1794,0.09700097143650055,1e-04,0.07914451,0.0065524946,0.08094748,0.09102895855903625,0.022758692502975464,0.0006669308058917522,0.025825003162026405
1795,0.09690782427787781,1e-04,0.0791027,0.006545802,0.08090613,0.09094440191984177,0.022786691784858704,0.0006686973501928151,0.025859182700514793
1796,0.096814826130867,1e-04,0.079060964,0.00653912,0.080864824,0.09085999429225922,0.02281469851732254,0.0006704626139253378,0.02589329332113266
1797,0.09672198444604874,1e-04,0.0790193,0.0065324567,0.080823615,0.09077571332454681,0.022842712700366974,0.0006722341058775783,0.025927478447556496
1798,0.09662928432226181,1e-04,0.07897769,0.0065258048,0.08078245,0.09069158136844635,0.022870659828186035,0.0006740051321685314,0.025961609557271004
1799,0.09653674066066742,1e-04,0.07893614,0.0065191663,0.08074135,0.09060759097337723,0.02289867401123047,0.0006757809896953404,0.025995787233114243
1800,0.09644435346126556,1e-04,0.07889468,0.0065125464,0.08070035,0.09052374213933945,0.02292667329311371,0.0006775587098672986,0.026029957458376884
1801,0.09635211527347565,1e-04,0.07885327,0.0065059364,0.08065938,0.09044001251459122,0.02295447140932083,0.000679331598803401,0.026063989847898483
1802,0.09626002609729767,1e-04,0.07881198,0.00649935,0.080618545,0.09035642445087433,0.022982321679592133,0.0006811062921769917,0.026098012924194336
1803,0.09616808593273163,1e-04,0.07877073,0.006492771,0.08057773,0.09027297049760818,0.023010194301605225,0.0006828850600868464,0.026132069528102875
1804,0.09607629477977753,1e-04,0.07872954,0.0064862072,0.08053699,0.09018965810537338,0.023038096725940704,0.0006846675532869995,0.026166152209043503
1805,0.09598464518785477,1e-04,0.07868842,0.006479658,0.080496326,0.09010647237300873,0.02306588739156723,0.0006864473107270896,0.02620013989508152
1806,0.09589314460754395,1e-04,0.0786474,0.0064731254,0.080455735,0.09002341330051422,0.023093603551387787,0.0006882277666591108,0.026234095916152
1807,0.09580179303884506,1e-04,0.078606404,0.0064666043,0.0804152,0.08994051069021225,0.02312140166759491,0.0006900124717503786,0.026268089190125465
1808,0.09571059793233871,1e-04,0.078565516,0.006460099,0.08037474,0.08985774219036102,0.023149199783802032,0.0006918010767549276,0.026302112266421318
1809,0.0956195518374443,1e-04,0.07852467,0.0064536068,0.08033434,0.08977508544921875,0.0231768935918808,0.000693588110152632,0.0263360608369112
1810,0.09552863240242004,1e-04,0.0784839,0.006447131,0.08029403,0.08969258517026901,0.023204617202281952,0.0006953791016712785,0.026370041072368622
1811,0.09543787688016891,1e-04,0.07844319,0.0064406674,0.08025377,0.08961022645235062,0.023232311010360718,0.0006971728871576488,0.026404032483696938
1812,0.09534727782011032,1e-04,0.07840257,0.0064342194,0.080213584,0.08952797949314117,0.023259975016117096,0.0006989641115069389,0.026437928900122643
1813,0.09525679796934128,1e-04,0.078361996,0.006427782,0.08017345,0.08944587409496307,0.023287557065486908,0.0007007568492554128,0.026471812278032303
1814,0.09516647458076477,1e-04,0.07832151,0.0064213625,0.0801334,0.08936388790607452,0.02331516146659851,0.0007025497616268694,0.02650565467774868
1815,0.0950763002038002,1e-04,0.07828109,0.006414956,0.08009342,0.08928205072879791,0.02334275096654892,0.0007043431978672743,0.02653946541249752
1816,0.09498627483844757,1e-04,0.078240745,0.006408566,0.08005352,0.08920034766197205,0.023370325565338135,0.0007061446667648852,0.026573382318019867
1817,0.09489639103412628,1e-04,0.07820045,0.0064021866,0.08001366,0.08911877870559692,0.02339794486761093,0.0007079493952915072,0.026607317849993706
1818,0.09480664134025574,1e-04,0.07816023,0.006395822,0.079973884,0.08903734385967255,0.023425526916980743,0.0007097572670318186,0.026641270145773888
1819,0.09471705555915833,1e-04,0.078120045,0.0063894684,0.07993415,0.08895602822303772,0.023453034460544586,0.0007115603657439351,0.026675088331103325
1820,0.09462760388851166,1e-04,0.078079976,0.0063831327,0.07989451,0.08887485414743423,0.023480534553527832,0.0007133669569157064,0.026708930730819702
1821,0.09453829377889633,1e-04,0.07803994,0.0063768085,0.07985492,0.0887938067317009,0.02350810170173645,0.0007151797763071954,0.0267428457736969
1822,0.09444912523031235,1e-04,0.07799999,0.0063704983,0.0798154,0.08871287852525711,0.023535482585430145,0.0007169836899265647,0.026776550337672234
1823,0.0943601056933403,1e-04,0.077960126,0.0063642063,0.079775974,0.08863209187984467,0.02356298267841339,0.0007187945302575827,0.02681034430861473
1824,0.094271220266819,1e-04,0.0779203,0.006357923,0.07973658,0.08855143189430237,0.023590393364429474,0.0007206078735180199,0.026844140142202377
1825,0.09418247640132904,1e-04,0.07788055,0.006351655,0.07969727,0.08847090601921082,0.02361784130334854,0.000722424709238112,0.026877960190176964
1826,0.09409388154745102,1e-04,0.07784086,0.0063453987,0.07965801,0.08839051425457001,0.023645304143428802,0.0007242452702485025,0.02691180631518364
1827,0.09400542825460434,1e-04,0.07780123,0.0063391575,0.07961883,0.08831024914979935,0.0236726775765419,0.000726063852198422,0.0269455723464489
1828,0.0939171239733696,1e-04,0.07776168,0.00633293,0.07957971,0.08823011815547943,0.02370002120733261,0.0007278856937773526,0.02697935700416565
1829,0.093828946352005,1e-04,0.077722184,0.0063267145,0.07954065,0.08815011382102966,0.023727387189865112,0.0007297092815861106,0.027013132348656654
1830,0.09374091774225235,1e-04,0.07768276,0.006320515,0.079501666,0.08807023614645004,0.023754730820655823,0.0007315350230783224,0.02704690396785736
1831,0.09365303069353104,1e-04,0.07764342,0.0063143293,0.07946275,0.08799049258232117,0.023782111704349518,0.0007333672256208956,0.027080753818154335
1832,0.09356527775526047,1e-04,0.07760411,0.006308153,0.07942388,0.08791087567806244,0.023809388279914856,0.0007351931417360902,0.027114445343613625
1833,0.09347767382860184,1e-04,0.07756489,0.006301992,0.07938509,0.08783137798309326,0.023836709558963776,0.000737024936825037,0.027148203924298286
1834,0.09339019656181335,1e-04,0.07752574,0.0062958472,0.07934637,0.08775201439857483,0.023863941431045532,0.0007388570229522884,0.027181925252079964
1835,0.09330286085605621,1e-04,0.07748664,0.0062897117,0.079307705,0.08767278492450714,0.023891285061836243,0.0007406964432448149,0.027215739712119102
1836,0.09321567416191101,1e-04,0.077447616,0.0062835924,0.07926911,0.087593674659729,0.023918598890304565,0.0007425362127833068,0.027249516919255257
1837,0.09312862157821655,1e-04,0.07740864,0.006277485,0.07923058,0.08751469105482101,0.02394578605890274,0.0007443750509992242,0.027283238247036934
1838,0.09304170310497284,1e-04,0.07736973,0.006271387,0.07919209,0.08743583410978317,0.02397306263446808,0.0007462211651727557,0.027317048981785774
1839,0.09295491874217987,1e-04,0.077330895,0.006265307,0.079153694,0.08735711127519608,0.024000264704227448,0.0007480637868866324,0.027350755408406258
1840,0.09286829084157944,1e-04,0.07729212,0.006259239,0.07911535,0.08727851510047913,0.024027489125728607,0.0007499111234210432,0.027384504675865173
1841,0.09278178960084915,1e-04,0.07725343,0.006253185,0.07907709,0.08720003813505173,0.024054720997810364,0.0007517592748627067,0.02741822972893715
1842,0.09269542247056961,1e-04,0.07721477,0.0062471405,0.07903885,0.08712169528007507,0.024081900715827942,0.0007536112098023295,0.027451980859041214
1843,0.09260919690132141,1e-04,0.077176206,0.0062411125,0.07900071,0.08704347163438797,0.02410903573036194,0.0007554627954959869,0.0274856835603714
1844,0.09252310544252396,1e-04,0.0771377,0.006235098,0.07896264,0.08696536719799042,0.024136267602443695,0.0007573219481855631,0.027519483119249344
1845,0.09243714064359665,1e-04,0.07709923,0.006229093,0.078924604,0.0868874043226242,0.024163365364074707,0.0007591794710606337,0.027553211897611618
1846,0.09235133230686188,1e-04,0.077060826,0.0062231,0.07888663,0.08680954575538635,0.02419046312570572,0.0007610361208207905,0.027586882933974266
1847,0.09226563572883606,1e-04,0.077022515,0.0062171235,0.078848734,0.08673183619976044,0.02421765774488449,0.0007629047031514347,0.027620729058980942
1848,0.09218008816242218,1e-04,0.07698425,0.006211158,0.0788109,0.08665424585342407,0.024244822561740875,0.0007647719467058778,0.027654509991407394
1849,0.09209467470645905,1e-04,0.07694605,0.0062052063,0.07877313,0.08657677471637726,0.024271920323371887,0.0007666407036595047,0.027688277885317802
1850,0.09200939536094666,1e-04,0.07690791,0.0061992654,0.07873541,0.08649942278862,0.0242990180850029,0.0007685105665586889,0.02772202342748642
1851,0.0919242575764656,1e-04,0.07686986,0.006193342,0.07869779,0.08642220497131348,0.024326130747795105,0.0007703856099396944,0.027755821123719215
1852,0.0918392464518547,1e-04,0.07683185,0.0061874264,0.0786602,0.08634509891271591,0.024353213608264923,0.0007722615846432745,0.02778959460556507
1853,0.09175436198711395,1e-04,0.0767939,0.006181525,0.07862268,0.08626812696456909,0.024380363523960114,0.0007741446606814861,0.02782345563173294
1854,0.09166961908340454,1e-04,0.07675602,0.0061756372,0.07858522,0.08619128167629242,0.024407364428043365,0.0007760212174616754,0.027857156470417976
1855,0.09158501029014587,1e-04,0.07671817,0.0061697564,0.0785478,0.0861145481467247,0.02443450689315796,0.0007779079023748636,0.027891000732779503
1856,0.09150053560733795,1e-04,0.076680414,0.0061638947,0.07851048,0.08603793382644653,0.024461552500724792,0.0007797920261509717,0.027924755588173866
1857,0.09141618758440018,1e-04,0.07664273,0.0061580427,0.078473195,0.08596146106719971,0.024488598108291626,0.000781683367677033,0.027958601713180542
1858,0.09133198112249374,1e-04,0.07660509,0.006152203,0.07843598,0.08588510006666183,0.024515651166439056,0.0007835759897716343,0.027992427349090576
1859,0.09124790132045746,1e-04,0.07656751,0.0061463774,0.07839884,0.08580885082483292,0.024542711675167084,0.000785472453571856,0.02802628092467785
1860,0.09116394072771072,1e-04,0.07653,0.006140563,0.07836174,0.08573274314403534,0.024569734930992126,0.0007873665890656412,0.028060052543878555
1861,0.09108014404773712,1e-04,0.076492555,0.006134762,0.07832472,0.08565674722194672,0.02459672838449478,0.0007892662542872131,0.028093883767724037
1862,0.09099644422531128,1e-04,0.07645515,0.006128969,0.078287736,0.08558087050914764,0.024623803794384003,0.0007911702850833535,0.028127748519182205
1863,0.09091289341449738,1e-04,0.07641783,0.0061231926,0.07825083,0.08550510555505753,0.02465074509382248,0.0007930712308734655,0.02816152013838291
1864,0.09082946181297302,1e-04,0.07638056,0.0061174273,0.07821398,0.08542947471141815,0.02467779815196991,0.0007949832361191511,0.028195446357131004
1865,0.09074616432189941,1e-04,0.07634335,0.006111674,0.0781772,0.08535397797822952,0.024704836308956146,0.0007968982681632042,0.02822938747704029
1866,0.09066300839185715,1e-04,0.0763062,0.0061059333,0.078140475,0.08527858555316925,0.02473185956478119,0.0007988150464370847,0.028263315558433533
1867,0.09057997912168503,1e-04,0.07626911,0.0061002024,0.078103796,0.08520331233739853,0.024758823215961456,0.0008007328142412007,0.028297223150730133
1868,0.09049706906080246,1e-04,0.07623208,0.006094488,0.0780672,0.08512817323207855,0.0247858464717865,0.0008026535506360233,0.02833114191889763
1869,0.09041430056095123,1e-04,0.07619511,0.0060887816,0.078030646,0.08505313098430634,0.024812810122966766,0.0008045737631618977,0.028365010395646095
1870,0.09033164381980896,1e-04,0.0761582,0.006083088,0.07799415,0.08497822284698486,0.02483975887298584,0.0008064991561695933,0.02839892916381359
1871,0.09024912863969803,1e-04,0.07612138,0.00607741,0.07795775,0.08490342646837234,0.024866797029972076,0.0008084297296591103,0.028432898223400116
1872,0.09016674011945724,1e-04,0.07608461,0.006071741,0.077921376,0.08482874929904938,0.02489374577999115,0.0008103604195639491,0.028466830030083656
1873,0.09008447825908661,1e-04,0.07604787,0.0060660834,0.07788507,0.08475420624017715,0.024920739233493805,0.000812297104857862,0.02850082702934742
1874,0.09000235050916672,1e-04,0.0760112,0.006060438,0.077848814,0.08467976748943329,0.024947725236415863,0.0008142376900650561,0.028534850105643272
1875,0.08992034196853638,1e-04,0.07597461,0.0060548075,0.07781264,0.08460544794797897,0.024974703788757324,0.0008161787409335375,0.028568841516971588
1876,0.08983845263719559,1e-04,0.075938046,0.0060491837,0.0777765,0.0845312625169754,0.025001637637615204,0.0008181239245459437,0.02860286645591259
1877,0.08975671231746674,1e-04,0.07590158,0.006043577,0.077740446,0.08445717394351959,0.025028623640537262,0.0008200713200494647,0.028636887669563293
1878,0.08967508375644684,1e-04,0.07586514,0.006037978,0.07770443,0.08438321948051453,0.025055594742298126,0.0008220230229198933,0.028670944273471832
1879,0.08959358930587769,1e-04,0.07582877,0.0060323905,0.077668466,0.08430936932563782,0.025082550942897797,0.0008239749586209655,0.028704963624477386
1880,0.08951221406459808,1e-04,0.07579248,0.006026818,0.07763258,0.08423565328121185,0.02510949969291687,0.0008259323658421636,0.028739038854837418
1881,0.08943097293376923,1e-04,0.07575622,0.0060212538,0.07759674,0.08416203409433365,0.02513643354177475,0.000827892916277051,0.028773128986358643
1882,0.08934984356164932,1e-04,0.07572002,0.0060157017,0.077560954,0.08408854901790619,0.025163426995277405,0.000829859753139317,0.02880728617310524
1883,0.08926885575056076,1e-04,0.07568389,0.006010163,0.07752524,0.08401517570018768,0.025190405547618866,0.0008318297914229333,0.02884146012365818
1884,0.08918797969818115,1e-04,0.075647816,0.0060046366,0.07748959,0.08394190669059753,0.025217324495315552,0.0008337987819686532,0.028875574469566345
1885,0.08910723030567169,1e-04,0.0756118,0.0059991195,0.077453986,0.08386877179145813,0.025244303047657013,0.000835772545542568,0.028909731656312943
1886,0.08902661502361298,1e-04,0.07557585,0.005993616,0.07741845,0.08379574120044708,0.025271214544773102,0.0008377458434551954,0.02894383855164051
1887,0.08894611895084381,1e-04,0.07553995,0.0059881224,0.07738296,0.08372282981872559,0.025298185646533966,0.0008397256606258452,0.028978019952774048
1888,0.0888657420873642,1e-04,0.07550412,0.0059826397,0.077347524,0.08365004509687424,0.025325104594230652,0.0008417089120484889,0.029012219980359077
1889,0.08878549933433533,1e-04,0.07546834,0.00597717,0.07731216,0.08357734978199005,0.02535204589366913,0.0008436952484771609,0.02904643304646015
1890,0.08870536088943481,1e-04,0.075432606,0.0059717097,0.07727684,0.08350478857755661,0.025379039347171783,0.0008456891519017518,0.02908073551952839
1891,0.08862536400556564,1e-04,0.07539693,0.0059662615,0.07724158,0.08343234658241272,0.025405973196029663,0.0008476843358948827,0.029115019366145134
1892,0.08854548633098602,1e-04,0.07536132,0.005960826,0.07720639,0.08336001634597778,0.02543293684720993,0.0008496849914081395,0.029149357229471207
1893,0.08846573531627655,1e-04,0.07532577,0.0059554023,0.07717125,0.0832877978682518,0.025459937751293182,0.0008516843663528562,0.029183631762862206
1894,0.08838610351085663,1e-04,0.07529027,0.0059499876,0.07713616,0.08321567624807358,0.025486871600151062,0.0008536897366866469,0.029217969626188278
1895,0.08830656856298447,1e-04,0.075254835,0.0059445836,0.07710113,0.0831436961889267,0.025513865053653717,0.0008556981338188052,0.029252318665385246
1896,0.08822718262672424,1e-04,0.075219445,0.0059391893,0.07706614,0.08307181298732758,0.02554071694612503,0.0008577046100981534,0.029286595061421394
1897,0.08814791589975357,1e-04,0.07518411,0.0059338086,0.07703122,0.083000048995018,0.025567688047885895,0.0008597178384661674,0.02932094596326351
1898,0.08806876838207245,1e-04,0.07514886,0.005928442,0.07699638,0.08292838931083679,0.02559458464384079,0.0008617333369329572,0.02935529500246048
1899,0.08798973262310028,1e-04,0.07511363,0.005923081,0.076961555,0.08285684138536453,0.025621570646762848,0.000863756868056953,0.029389740899205208
1900,0.08791082352399826,1e-04,0.075078495,0.005917737,0.07692683,0.08278542757034302,0.025648541748523712,0.0008657852886244655,0.029424229636788368
1901,0.08783203363418579,1e-04,0.07504337,0.0059123985,0.07689212,0.08271411806344986,0.025675445795059204,0.0008678108570165932,0.029458628967404366
1902,0.08775337785482407,1e-04,0.07500834,0.0059070736,0.07685749,0.08264291286468506,0.02570246160030365,0.0008698470192030072,0.029493169859051704
1903,0.0876748263835907,1e-04,0.07497334,0.005901759,0.07682291,0.0825718343257904,0.025729425251483917,0.0008718845201656222,0.0295276902616024
1904,0.08759640902280807,1e-04,0.07493841,0.005896456,0.07678839,0.08250086009502411,0.025756359100341797,0.0008739219047129154,0.029562169685959816
1905,0.08751809597015381,1e-04,0.07490354,0.0058911643,0.07675392,0.08242999017238617,0.025783397257328033,0.0008759697084315121,0.029596785083413124
1906,0.08743990212678909,1e-04,0.0748687,0.00588588,0.076719485,0.08235924690961838,0.025810353457927704,0.000878016697242856,0.029631346464157104
1907,0.08736184239387512,1e-04,0.07483396,0.0058806115,0.076685145,0.08228860795497894,0.025837302207946777,0.0008800667710602283,0.02966591902077198
1908,0.0872838944196701,1e-04,0.07479925,0.0058753514,0.07665084,0.08221806585788727,0.025864310562610626,0.0008821231313049793,0.02970055863261223
1909,0.08720605075359344,1e-04,0.07476459,0.005870102,0.07661659,0.08214765787124634,0.025891296565532684,0.0008841842063702643,0.02973523549735546
1910,0.08712834119796753,1e-04,0.07472999,0.0058648624,0.07658239,0.08207735419273376,0.02591826766729355,0.0008862477843649685,0.029769914224743843
1911,0.08705074340105057,1e-04,0.074695446,0.005859636,0.076548256,0.08200715482234955,0.0259452685713768,0.0008883146801963449,0.02980460785329342
1912,0.08697325736284256,1e-04,0.074660935,0.0058544152,0.07651415,0.08193707466125488,0.025972284376621246,0.0008903862908482552,0.02983934059739113
1913,0.0868959054350853,1e-04,0.07462651,0.005849212,0.07648014,0.08186710625886917,0.025999367237091064,0.0008924679714255035,0.029874201864004135
1914,0.0868186503648758,1e-04,0.07459212,0.0058440133,0.076446146,0.08179724216461182,0.02602636069059372,0.0008945472072809935,0.029908981174230576
1915,0.08674152940511703,1e-04,0.0745578,0.00583883,0.07641224,0.08172748982906342,0.026053354144096375,0.0008966298773884773,0.02994377911090851
1916,0.08666451275348663,1e-04,0.07452353,0.0058336533,0.07637835,0.08165784925222397,0.026080422103405,0.0008987201726995409,0.029978662729263306
1917,0.08658762276172638,1e-04,0.07448932,0.00582849,0.07634455,0.08158831298351288,0.026107460260391235,0.0009008141933009028,0.030013566836714745
1918,0.08651083707809448,1e-04,0.07445515,0.0058233365,0.07631079,0.08151888847351074,0.026134446263313293,0.0009029059438034892,0.030048392713069916
1919,0.08643418550491333,1e-04,0.074421026,0.005818192,0.07627707,0.08144957572221756,0.026161491870880127,0.0009050063090398908,0.030083322897553444
1920,0.08635763078927994,1e-04,0.07438698,0.005813059,0.076243415,0.08138036727905273,0.026188544929027557,0.0009071116801351309,0.030118294060230255
1921,0.0862811878323555,1e-04,0.07435298,0.0058079376,0.07620983,0.08131126314401627,0.026215657591819763,0.0009092220570892096,0.030153309926390648
1922,0.08620487153530121,1e-04,0.07431903,0.005802825,0.07617628,0.08124229311943054,0.02624274045228958,0.0009113370906561613,0.030188359320163727
1923,0.08612868189811707,1e-04,0.074285135,0.0057977233,0.07614278,0.08117341250181198,0.026269763708114624,0.0009134537540376186,0.03022339753806591
1924,0.08605258911848068,1e-04,0.07425129,0.0057926322,0.07610934,0.08110463619232178,0.026296861469745636,0.0009155769366770983,0.030258502811193466
1925,0.08597661554813385,1e-04,0.07421749,0.00578755,0.07607595,0.08103597164154053,0.026323944330215454,0.0009177025640383363,0.030293606221675873
1926,0.08590075373649597,1e-04,0.07418377,0.005782481,0.07604262,0.08096741139888763,0.026351049542427063,0.0009198343614116311,0.030328771099448204
1927,0.08582499623298645,1e-04,0.07415008,0.005777419,0.07600933,0.0808989629149437,0.026378192007541656,0.0009219695348292589,0.03036395087838173
1928,0.08574936538934708,1e-04,0.07411646,0.005772371,0.07597612,0.08083062618970871,0.026405230164527893,0.0009241052903234959,0.030399100854992867
1929,0.08567384630441666,1e-04,0.074082874,0.005767328,0.075942926,0.08076240122318268,0.026432380080223083,0.0009262495441362262,0.030434347689151764
1930,0.08559845387935638,1e-04,0.07404936,0.0057622995,0.07590981,0.0806942731142044,0.026459500193595886,0.0009283992112614214,0.03046964481472969
1931,0.08552315086126328,1e-04,0.074015886,0.0057572797,0.07587674,0.08062624931335449,0.02648666501045227,0.0009305551648139954,0.030505001544952393
1932,0.08544796705245972,1e-04,0.073982455,0.005752268,0.07584371,0.08055834472179413,0.026513829827308655,0.0009327135630883276,0.030540360137820244
1933,0.08537290245294571,1e-04,0.07394908,0.0057472684,0.07581074,0.08049054443836212,0.02654097229242325,0.000934874638915062,0.030575720593333244
1934,0.08529794216156006,1e-04,0.07391577,0.0057422793,0.07577783,0.08042284101247787,0.026568152010440826,0.0009370429906994104,0.030611157417297363
1935,0.08522309362888336,1e-04,0.07388251,0.005737301,0.07574497,0.08035524189472198,0.0265953466296196,0.0009392143692821264,0.030646605417132378
1936,0.08514836430549622,1e-04,0.07384928,0.005732329,0.075712144,0.08028775453567505,0.026622503995895386,0.0009413867956027389,0.030682027339935303
1937,0.08507373929023743,1e-04,0.07381615,0.005727371,0.0756794,0.08022037148475647,0.02664964646100998,0.0009435646934434772,0.030717497691512108
1938,0.08499922603368759,1e-04,0.07378304,0.0057224208,0.07564668,0.08015310019254684,0.026676855981349945,0.0009457481210120022,0.030753018334507942
1939,0.08492483198642731,1e-04,0.07374999,0.005717481,0.07561403,0.08008591830730438,0.026704028248786926,0.000947935099247843,0.03078855387866497
1940,0.08485054224729538,1e-04,0.073717,0.0057125525,0.07558143,0.08001886308193207,0.026731319725513458,0.0009501345921307802,0.03082425333559513
1941,0.084776371717453,1e-04,0.07368403,0.0057076323,0.07554887,0.07995189726352692,0.026758551597595215,0.000952335016336292,0.030859924852848053
1942,0.08470229059457779,1e-04,0.07365111,0.0057027205,0.07551636,0.07988505810499191,0.026785798370838165,0.0009545421926304698,0.030895667150616646
1943,0.08462833613157272,1e-04,0.07361826,0.0056978217,0.07548392,0.07981830090284348,0.02681303769350052,0.0009567481465637684,0.030931346118450165
1944,0.08455447852611542,1e-04,0.07358546,0.005692929,0.0754515,0.07975165545940399,0.026840269565582275,0.0009589598048478365,0.030967075377702713
1945,0.08448074758052826,1e-04,0.073552705,0.0056880466,0.07541914,0.07968510687351227,0.02686757594347,0.0009611769346520305,0.03100285306572914
1946,0.08440711349248886,1e-04,0.07352003,0.0056831767,0.075386845,0.0796186774969101,0.026894807815551758,0.0009633958106860518,0.031038617715239525
1947,0.08433358371257782,1e-04,0.07348737,0.0056783147,0.07535459,0.07955233007669449,0.0269220769405365,0.0009656225447542965,0.031074468046426773
1948,0.08426016569137573,1e-04,0.07345477,0.005673462,0.07532239,0.07948610186576843,0.02694942057132721,0.0009678567876107991,0.03111039660871029
1949,0.0841868668794632,1e-04,0.073422216,0.005668618,0.075290225,0.07941998541355133,0.02697678655385971,0.0009700984228402376,0.031146403402090073
1950,0.08411367237567902,1e-04,0.073389724,0.0056637875,0.075258136,0.07935395836830139,0.02700408548116684,0.000972338835708797,0.03118234872817993
1951,0.0840405821800232,1e-04,0.07335726,0.0056589623,0.075226076,0.07928803563117981,0.027031421661376953,0.0009745866991579533,0.03121837042272091
1952,0.08396760374307632,1e-04,0.07332489,0.005654151,0.07519409,0.07922221720218658,0.027058757841587067,0.0009768392192199826,0.03125442564487457
1953,0.08389471471309662,1e-04,0.07329252,0.0056493445,0.07516212,0.07915650308132172,0.027086161077022552,0.0009790973272174597,0.031290531158447266
1954,0.08382195979356766,1e-04,0.07326025,0.005644554,0.07513025,0.0790908932685852,0.027113549411296844,0.0009813618380576372,0.031326696276664734
1955,0.08374929428100586,1e-04,0.073227994,0.005639767,0.07509838,0.07902538031339645,0.027140893042087555,0.0009836271638050675,0.031362831592559814
1956,0.08367674797773361,1e-04,0.07319581,0.005634992,0.07506658,0.07895997166633606,0.027168303728103638,0.0009859002893790603,0.03139904886484146
1957,0.08360430598258972,1e-04,0.07316365,0.0056302235,0.07503481,0.07889467477798462,0.027195706963539124,0.0009881766745820642,0.031435277312994
1958,0.08353196084499359,1e-04,0.073131554,0.005625469,0.075003125,0.07882946729660034,0.02722317725419998,0.0009904603939503431,0.031471580266952515
1959,0.08345972746610641,1e-04,0.0730995,0.00562072,0.07497146,0.07876436412334442,0.02725060284137726,0.0009927479550242424,0.03150790184736252
1960,0.0833875983953476,1e-04,0.07306752,0.005615983,0.07493986,0.07869936525821686,0.027278080582618713,0.000995043432340026,0.03154430910944939
1961,0.08331557363271713,1e-04,0.07303556,0.0056112534,0.0749083,0.07863447070121765,0.027305543422698975,0.0009973461274057627,0.031580787152051926
1962,0.08324366062879562,1e-04,0.07300364,0.0056065335,0.074876785,0.07856966555118561,0.027333013713359833,0.0009996492881327868,0.03161723166704178
1963,0.08317184448242188,1e-04,0.07297179,0.0056018247,0.07484534,0.07850497961044312,0.027360551059246063,0.0010019604815170169,0.0316537581384182
1964,0.08310014009475708,1e-04,0.07293999,0.005597122,0.07481392,0.07844038307666779,0.02738805115222931,0.0010042740032076836,0.03169028088450432
1965,0.08302853256464005,1e-04,0.07290823,0.00559243,0.07478255,0.07837587594985962,0.027415506541728973,0.0010065889218822122,0.03172678500413895
1966,0.08295704424381256,1e-04,0.072876535,0.005587748,0.07475124,0.078311488032341,0.027443110942840576,0.0010089203715324402,0.031763505190610886
1967,0.08288564532995224,1e-04,0.07284486,0.005583074,0.07471997,0.07824718952178955,0.02747056633234024,0.0010112456511706114,0.03180008754134178
1968,0.08281435072422028,1e-04,0.072813265,0.00557841,0.074688755,0.07818301022052765,0.02749820053577423,0.0010135853663086891,0.0318368561565876
1969,0.08274316787719727,1e-04,0.0727817,0.0055737547,0.07465758,0.07811890542507172,0.02752581238746643,0.001015926944091916,0.031873609870672226
1970,0.08267208188772202,1e-04,0.072750196,0.00556911,0.07462647,0.07805490493774414,0.02755334973335266,0.001018271315842867,0.03191036358475685
1971,0.08260111510753632,1e-04,0.07271872,0.0055644717,0.074595384,0.07799101620912552,0.027580931782722473,0.001020623603835702,0.03194719925522804
1972,0.08253023028373718,1e-04,0.07268729,0.005559843,0.07456435,0.07792721688747406,0.027608543634414673,0.0010229811305180192,0.03198407590389252
1973,0.0824594646692276,1e-04,0.07265592,0.005555225,0.07453338,0.07786352187395096,0.027636229991912842,0.0010253468062728643,0.032021038234233856
1974,0.08238878846168518,1e-04,0.0726246,0.005550614,0.074502446,0.07779991626739502,0.027663834393024445,0.0010277160909026861,0.03205801174044609
1975,0.08231821656227112,1e-04,0.072593324,0.0055460143,0.07447157,0.07773642241954803,0.027691558003425598,0.0010300923604518175,0.0320950523018837
1976,0.08224775642156601,1e-04,0.0725621,0.00554142,0.07444072,0.07767302542924881,0.027719199657440186,0.001032468630000949,0.03213204815983772
1977,0.08217739313840866,1e-04,0.07253092,0.005536838,0.07440993,0.07760971784591675,0.02774684876203537,0.0010348514188081026,0.03216910734772682
1978,0.08210712671279907,1e-04,0.07249978,0.005532263,0.07437918,0.07754652202129364,0.027774639427661896,0.00103724782820791,0.03220633044838905
1979,0.08203697204589844,1e-04,0.0724687,0.005527699,0.074348494,0.0774834156036377,0.027802281081676483,0.0010396393481642008,0.03224343806505203
1980,0.08196690678596497,1e-04,0.07243767,0.005523143,0.07431785,0.07742039859294891,0.027830004692077637,0.0010420405305922031,0.03228065371513367
1981,0.08189695328474045,1e-04,0.07240666,0.0055185915,0.07428722,0.07735750079154968,0.02785780280828476,0.0010444545187056065,0.03231802210211754
1982,0.08182709664106369,1e-04,0.07237571,0.005514053,0.07425667,0.07729469239711761,0.027885571122169495,0.0010468681575730443,0.03235534206032753
1983,0.08175733685493469,1e-04,0.07234481,0.0055095237,0.07422616,0.07723196595907211,0.02791333943605423,0.001049285288900137,0.03239267319440842
1984,0.08168768882751465,1e-04,0.07231396,0.0055050016,0.0741957,0.07716935873031616,0.027941212058067322,0.001051716972142458,0.03243018686771393
1985,0.08161813020706177,1e-04,0.07228314,0.0055004884,0.07416528,0.07710683345794678,0.027969002723693848,0.0010541458614170551,0.03246761113405228
1986,0.08154867589473724,1e-04,0.072252385,0.0054959836,0.0741349,0.07704440504312515,0.027996763586997986,0.0010565787088125944,0.032505057752132416
1987,0.08147931843996048,1e-04,0.07222167,0.005491489,0.074104585,0.07698208838701248,0.028024673461914062,0.0010590262245386839,0.03254268318414688
1988,0.08141006529331207,1e-04,0.07219099,0.005487001,0.07407429,0.07691985368728638,0.02805248647928238,0.0010614710627123713,0.03258022665977478
1989,0.08134090900421143,1e-04,0.07216037,0.0054825232,0.07404406,0.07685772329568863,0.02808043360710144,0.0010639277752488852,0.032617904245853424
1990,0.08127184957265854,1e-04,0.07212979,0.005478054,0.074013874,0.07679568231105804,0.028108246624469757,0.0010663842549547553,0.032655540853738785
1991,0.08120289444923401,1e-04,0.072099276,0.0054735932,0.07398374,0.07673374563455582,0.0281362384557724,0.0010688570328056812,0.03269337862730026
1992,0.08113402873277664,1e-04,0.07206879,0.005469141,0.07395364,0.07667190581560135,0.02816418558359146,0.0010713303927332163,0.032731182873249054
1993,0.08106527477502823,1e-04,0.07203835,0.0054646973,0.07392359,0.07661015540361404,0.02819211781024933,0.0010738092241808772,0.03276902809739113
1994,0.08099661022424698,1e-04,0.07200795,0.00546026,0.07389357,0.0765485018491745,0.028220079839229584,0.0010762913152575493,0.0328068807721138
1995,0.08092804998159409,1e-04,0.07197761,0.005455835,0.073863626,0.07648695260286331,0.028248056769371033,0.0010787828359752893,0.03284483030438423
1996,0.08085957914590836,1e-04,0.0719473,0.005451415,0.0738337,0.0764254778623581,0.028276078402996063,0.0010812781983986497,0.03288279473781586
1997,0.08079121261835098,1e-04,0.07191705,0.0054470063,0.073803835,0.07636412233114243,0.028304077684879303,0.0010837819427251816,0.03292084485292435
1998,0.08072294294834137,1e-04,0.07188683,0.005442604,0.073774,0.07630284875631332,0.028332099318504333,0.001086291391402483,0.03295893594622612
1999,0.08065477013587952,1e-04,0.071856655,0.005438212,0.07374423,0.07624167203903198,0.028360165655612946,0.0010888089891523123,0.03299710527062416
2000,0.08058668673038483,1e-04,0.071826525,0.0054338253,0.07371449,0.0761805921792984,0.028388291597366333,0.0010913331061601639,0.03303533047437668
2001,0.0805187076330185,1e-04,0.07179644,0.0054294467,0.07368478,0.07611960172653198,0.028416328132152557,0.001093860249966383,0.033073559403419495
2002,0.08045081794261932,1e-04,0.071766414,0.0054250807,0.07365514,0.07605870813131332,0.028444446623325348,0.0010963920503854752,0.0331118106842041
2003,0.08038304001092911,1e-04,0.07173643,0.0054207216,0.07362555,0.07599790394306183,0.028472550213336945,0.001098931417800486,0.03315013274550438
2004,0.08031535148620605,1e-04,0.07170648,0.005416369,0.073595986,0.07593721151351929,0.028500676155090332,0.001101477537304163,0.03318851441144943
2005,0.08024775236845016,1e-04,0.07167657,0.0054120235,0.07356646,0.07587659358978271,0.02852887660264969,0.0011040314566344023,0.033226970583200455
2006,0.08018025010824203,1e-04,0.07164673,0.0054076896,0.07353699,0.0758160725235939,0.02855706214904785,0.001106591080315411,0.03326546400785446
2007,0.08011284470558167,1e-04,0.07161691,0.005403361,0.073507555,0.07575565576553345,0.028585247695446014,0.0011091564083471894,0.03330399841070175
2008,0.08004553616046906,1e-04,0.07158712,0.005399041,0.07347816,0.07569532096385956,0.028613515198230743,0.0011117326794192195,0.03334265574812889
2009,0.0799783244729042,1e-04,0.0715574,0.005394732,0.07344884,0.07563507556915283,0.028641678392887115,0.0011143060401082039,0.03338122367858887
2010,0.07991120219230652,1e-04,0.07152773,0.0053904294,0.07341954,0.07557494193315506,0.02866993099451065,0.0011168912751600146,0.03341992199420929
2011,0.07984418421983719,1e-04,0.07149809,0.0053861346,0.07339029,0.07551489770412445,0.02869819849729538,0.0011194837279617786,0.033458687365055084
2012,0.07977726310491562,1e-04,0.071468495,0.0053818487,0.073361084,0.07545493543148041,0.028726480901241302,0.0011220788583159447,0.03349744528532028
2013,0.07971042394638062,1e-04,0.07143894,0.0053775697,0.073331915,0.07539505511522293,0.02875475585460663,0.0011246784124523401,0.03353622555732727
2014,0.07964367419481277,1e-04,0.071409434,0.0053732996,0.07330279,0.07533528655767441,0.028783045709133148,0.0011272896081209183,0.03357513248920441
2015,0.07957703620195389,1e-04,0.07137997,0.0053690374,0.07327372,0.07527561485767365,0.028811410069465637,0.0011299048783257604,0.033614058047533035
2016,0.07951048016548157,1e-04,0.07135055,0.005364783,0.07324468,0.07521601766347885,0.028839729726314545,0.0011325270170345902,0.03365303948521614
2017,0.0794440284371376,1e-04,0.07132118,0.0053605367,0.073215686,0.07515652477741241,0.028868183493614197,0.0011351616121828556,0.03369215875864029
2018,0.0793776586651802,1e-04,0.07129183,0.005356297,0.073186725,0.07509711384773254,0.028896577656269073,0.001137798884883523,0.03373127430677414
2019,0.07931138575077057,1e-04,0.07126253,0.0053520654,0.07315781,0.07503780722618103,0.028924986720085144,0.0011404437245801091,0.03377045691013336
2020,0.07924520969390869,1e-04,0.071233265,0.005347843,0.073128946,0.07497858256101608,0.028953440487384796,0.0011430917074903846,0.033809639513492584
2021,0.07917911559343338,1e-04,0.071204074,0.0053436286,0.07310013,0.0749194473028183,0.028981894254684448,0.0011457469081506133,0.03384888172149658
2022,0.07911312580108643,1e-04,0.07117493,0.0053394246,0.07307137,0.07486040890216827,0.029010362923145294,0.0011484103742986917,0.033888205885887146
2023,0.07904721796512604,1e-04,0.07114578,0.0053352215,0.0730426,0.07480145990848541,0.02903883159160614,0.0011510764015838504,0.033927515149116516
2024,0.078981414437294,1e-04,0.07111671,0.0053310306,0.07301391,0.07474260032176971,0.029067352414131165,0.001153753837570548,0.033966951072216034
2025,0.07891568541526794,1e-04,0.07108768,0.00532685,0.07298527,0.07468383759260178,0.029095850884914398,0.001156435115262866,0.03400639817118645
2026,0.07885007560253143,1e-04,0.07105869,0.0053226748,0.07295667,0.07462514936923981,0.029124394059181213,0.0011591255897656083,0.03404593467712402
2027,0.0787845253944397,1e-04,0.071029715,0.005318504,0.07292807,0.0745665654540062,0.02915295958518982,0.0011618207208812237,0.03408548980951309
2028,0.07871908694505692,1e-04,0.071000785,0.0053143427,0.072899535,0.07450807094573975,0.02918156236410141,0.0011645256308838725,0.03412514552474022
2029,0.0786537379026413,1e-04,0.07097193,0.0053101922,0.07287107,0.07444965839385986,0.029210202395915985,0.0011672368273139,0.034164849668741226
2030,0.07858847081661224,1e-04,0.07094311,0.0053060483,0.07284263,0.07439135015010834,0.02923879772424698,0.0011699518654495478,0.03420455753803253
2031,0.07852330803871155,1e-04,0.07091432,0.00530191,0.07281422,0.07433311641216278,0.029267393052577972,0.001172673306427896,0.034244317561388016
2032,0.07845821976661682,1e-04,0.07088558,0.0052977814,0.07278586,0.07427497953176498,0.02929612249135971,0.0011754059232771397,0.03428419306874275
2033,0.07839322835206985,1e-04,0.07085688,0.00529366,0.07275754,0.07421692460775375,0.029324762523174286,0.0011781412176787853,0.03432406112551689
2034,0.07832832634449005,1e-04,0.07082821,0.005289545,0.07272926,0.07415898144245148,0.029353536665439606,0.001180891296826303,0.03436410054564476
2035,0.07826352119445801,1e-04,0.07079959,0.005285438,0.07270102,0.07410110533237457,0.029382221400737762,0.0011836407938972116,0.03440408036112785
2036,0.07819880545139313,1e-04,0.070771,0.0052813385,0.07267282,0.07404333353042603,0.02941100299358368,0.0011864020489156246,0.034444186836481094
2037,0.07813417911529541,1e-04,0.07074248,0.0052772495,0.07264468,0.07398564368486404,0.029439769685268402,0.0011891670292243361,0.03448430076241493
2038,0.07806964218616486,1e-04,0.070713975,0.005273165,0.07261656,0.07392803579568863,0.02946852147579193,0.0011919379467144608,0.03452445566654205
2039,0.07800518721342087,1e-04,0.07068551,0.0052690874,0.07258848,0.07387052476406097,0.02949732542037964,0.0011947178281843662,0.03456468880176544
2040,0.07794082164764404,1e-04,0.07065709,0.0052650175,0.07256044,0.07381310313940048,0.02952619642019272,0.0011975090019404888,0.03460504487156868
2041,0.07787655293941498,1e-04,0.07062871,0.005260957,0.07253245,0.07375576347112656,0.02955501526594162,0.0012003007577732205,0.034645356237888336
2042,0.07781237363815308,1e-04,0.0706004,0.0052569057,0.07250452,0.0736985132098198,0.029583893716335297,0.001203102176077664,0.03468576446175575
2043,0.07774826884269714,1e-04,0.07057209,0.0052528568,0.072476596,0.0736413523554802,0.029612794518470764,0.0012059113942086697,0.03472623601555824
2044,0.07768426090478897,1e-04,0.07054385,0.0052488185,0.07244873,0.07358428835868835,0.029641717672348022,0.0012087279465049505,0.03476676344871521
2045,0.07762034237384796,1e-04,0.07051562,0.0052447855,0.07242089,0.07352729886770248,0.029670625925064087,0.0012115504359826446,0.03480733186006546
2046,0.07755650579929352,1e-04,0.07048744,0.0052407593,0.07239309,0.07347040623426437,0.029699653387069702,0.0012143845669925213,0.03484801948070526
2047,0.07749276608228683,1e-04,0.07045931,0.0052367435,0.07236534,0.07341359555721283,0.029728636145591736,0.001217224751599133,0.034888748079538345
2048,0.07742910832166672,1e-04,0.07043123,0.005232735,0.07233765,0.07335688173770905,0.029757656157016754,0.0012200723867863417,0.034929536283016205
2049,0.07736553251743317,1e-04,0.07040318,0.005228733,0.07230998,0.07330024242401123,0.02978663146495819,0.0012229201383888721,0.034970276057720184
2050,0.07730205357074738,1e-04,0.07037515,0.005224736,0.07228234,0.07324369251728058,0.029815666377544403,0.0012257779017090797,0.035011112689971924
2051,0.07723866403102875,1e-04,0.07034718,0.0052207485,0.07225475,0.07318723201751709,0.02984471619129181,0.0012286449782550335,0.03505203127861023
2052,0.07717534899711609,1e-04,0.07031924,0.0052167675,0.072227195,0.07313085347414017,0.02987382560968399,0.001231521600857377,0.035093042999506
2053,0.0771121233701706,1e-04,0.07029134,0.0052127927,0.07219967,0.07307456433773041,0.02990291267633438,0.0012344004353508353,0.03513403609395027
2054,0.07704898715019226,1e-04,0.0702635,0.0052088276,0.07217221,0.07301837205886841,0.029932022094726562,0.0012372902128845453,0.0351751372218132
2055,0.07698594033718109,1e-04,0.07023568,0.005204869,0.07214478,0.07296225428581238,0.02996119111776352,0.0012401872081682086,0.03521629050374031
2056,0.07692298293113708,1e-04,0.0702079,0.0052009164,0.07211738,0.07290621101856232,0.0299903005361557,0.001243086182512343,0.035257428884506226
2057,0.07686010003089905,1e-04,0.070180155,0.0051969704,0.072090015,0.07285027951002121,0.03001955896615982,0.0012460022699087858,0.03529875725507736
2058,0.07679730653762817,1e-04,0.070152454,0.005193033,0.0720627,0.07279442250728607,0.030048750340938568,0.0012489205691963434,0.035340070724487305
2059,0.07673460245132446,1e-04,0.070124805,0.0051891026,0.072035424,0.0727386474609375,0.03007790446281433,0.0012518446892499924,0.035381417721509933
2060,0.07667198777198792,1e-04,0.07009718,0.005185179,0.072008185,0.07268296927213669,0.030107222497463226,0.0012547837104648352,0.035422924906015396
2061,0.07660944759845734,1e-04,0.0700696,0.0051812646,0.071981005,0.07262737303972244,0.030136510729789734,0.001257724012248218,0.03546440601348877
2062,0.07654700428247452,1e-04,0.07004207,0.005177355,0.07195384,0.07257185131311417,0.030165769159793854,0.0012606719974428415,0.03550594300031662
2063,0.07648463547229767,1e-04,0.07001456,0.0051734517,0.07192671,0.07251641899347305,0.030195102095603943,0.0012636282481253147,0.03554755076766014
2064,0.07642234861850739,1e-04,0.06998709,0.005169557,0.07189963,0.0724610686302185,0.030224420130252838,0.001266593812033534,0.03558923676609993
2065,0.07636015117168427,1e-04,0.06995967,0.005165669,0.07187259,0.07240581512451172,0.030253738164901733,0.0012695614714175463,0.035630907863378525
2066,0.07629803568124771,1e-04,0.06993226,0.0051617846,0.07184556,0.0723506361246109,0.03028317540884018,0.0012725443812087178,0.035672739148139954
2067,0.07623600959777832,1e-04,0.06990492,0.005157914,0.07181862,0.07229554653167725,0.030312493443489075,0.001275528920814395,0.03571454808115959
2068,0.0761740580201149,1e-04,0.06987761,0.005154045,0.07179168,0.07224054634571075,0.030341923236846924,0.0012785226572304964,0.0357564352452755
2069,0.07611220329999924,1e-04,0.06985033,0.0051501845,0.07176479,0.07218562066555023,0.03037140518426895,0.0012815285008400679,0.035798441618680954
2070,0.07605042308568954,1e-04,0.0698231,0.0051463298,0.07173792,0.07213078439235687,0.030400894582271576,0.0012845407472923398,0.035840488970279694
2071,0.07598872482776642,1e-04,0.0697959,0.005142484,0.071711116,0.07207603752613068,0.03043043613433838,0.0012875634711235762,0.03588263317942619
2072,0.07592710852622986,1e-04,0.06976872,0.005138641,0.071684316,0.07202135771512985,0.03045988827943802,0.001290586544200778,0.03592473268508911
2073,0.07586558163166046,1e-04,0.0697416,0.0051348093,0.07165758,0.07196678221225739,0.030489392578601837,0.0012936207931488752,0.035966940224170685
2074,0.07580414414405823,1e-04,0.06971451,0.005130983,0.07163088,0.07191227376461029,0.030518949031829834,0.0012966613285243511,0.03600918501615524
2075,0.07574277371168137,1e-04,0.06968746,0.005127163,0.071604215,0.07185785472393036,0.030548542737960815,0.0012997121084481478,0.036051519215106964
2076,0.07568149268627167,1e-04,0.06966046,0.005123351,0.071577586,0.071803517639637,0.0305781289935112,0.0013027666136622429,0.036093857139348984
2077,0.07562029361724854,1e-04,0.069633506,0.0051195477,0.07155102,0.07174926996231079,0.03060773015022278,0.0013058313634246588,0.036136288195848465
2078,0.07555918395519257,1e-04,0.06960654,0.0051157447,0.071524434,0.07169509679079056,0.030637361109256744,0.0013089048443362117,0.03617879003286362
2079,0.07549814879894257,1e-04,0.06957965,0.0051119537,0.071497925,0.07164101302623749,0.030667021870613098,0.0013119863579049706,0.036221351474523544
2080,0.07543719559907913,1e-04,0.0695528,0.0051081693,0.07147146,0.07158700376749039,0.030696697533130646,0.0013150738086551428,0.03626394644379616
2081,0.07537631690502167,1e-04,0.069525965,0.005104389,0.07144501,0.07153308391571045,0.030726447701454163,0.0013181754620745778,0.03630668669939041
2082,0.07531553506851196,1e-04,0.06949919,0.0051006177,0.071418606,0.07147925347089767,0.030756182968616486,0.0013212827034294605,0.036349453032016754
2083,0.07525482028722763,1e-04,0.069472425,0.0050968505,0.07139223,0.07142549753189087,0.03078588843345642,0.0013243944849818945,0.03639223054051399
2084,0.07519419491291046,1e-04,0.06944571,0.0050930907,0.07136589,0.07137182354927063,0.030815698206424713,0.0013275179080665112,0.036435119807720184
2085,0.07513364404439926,1e-04,0.06941904,0.0050893407,0.071339615,0.07131823152303696,0.030845478177070618,0.0013306443579494953,0.03647799789905548
2086,0.07507318258285522,1e-04,0.06939239,0.0050855936,0.071313344,0.07126472890377045,0.030875302851200104,0.0013337810523808002,0.03652096912264824
2087,0.07501280307769775,1e-04,0.06936579,0.005081854,0.071287125,0.07121128588914871,0.03090508282184601,0.001336920540779829,0.0365639254450798
2088,0.07495249062776566,1e-04,0.06933922,0.00507812,0.07126093,0.07115793973207474,0.030934929847717285,0.0013400737661868334,0.03660701960325241
2089,0.07489226758480072,1e-04,0.0693127,0.0050743963,0.0712348,0.07110467553138733,0.03096480667591095,0.0013432350242510438,0.036650169640779495
2090,0.07483211904764175,1e-04,0.06928619,0.005070674,0.07120866,0.07105150073766708,0.030994728207588196,0.0013464090880006552,0.03669344633817673
2091,0.07477205246686935,1e-04,0.06925973,0.005066962,0.07118259,0.07099840044975281,0.031024664640426636,0.0013495900202542543,0.03673676773905754
2092,0.07471206784248352,1e-04,0.06923332,0.0050632562,0.07115656,0.0709453821182251,0.03105461597442627,0.0013527768896892667,0.036780115216970444
2093,0.07465215027332306,1e-04,0.069206916,0.0050595547,0.071130544,0.07089244574308395,0.031084567308425903,0.0013559713261201978,0.036823514848947525
2094,0.07459233701229095,1e-04,0.06918057,0.0050558615,0.07110458,0.07083959132432938,0.031114622950553894,0.0013591786846518517,0.036867041140794754
2095,0.07453258335590363,1e-04,0.06915425,0.005052174,0.07107864,0.07078681141138077,0.03114461898803711,0.0013623887207359076,0.03691054880619049
2096,0.07447291910648346,1e-04,0.06912797,0.0050484925,0.071052745,0.07073411345481873,0.031174637377262115,0.0013656062074005604,0.036954108625650406
2097,0.07441332936286926,1e-04,0.06910173,0.0050448193,0.07102689,0.07068149745464325,0.03120466321706772,0.0013688307953998446,0.0369977131485939
2098,0.07435381412506104,1e-04,0.06907552,0.00504115,0.07100105,0.07062897086143494,0.031234778463840485,0.0013720681890845299,0.03704144060611725
2099,0.07429438829421997,1e-04,0.06904935,0.005037489,0.07097527,0.070576511323452,0.03126484900712967,0.0013753108214586973,0.03708518296480179
2100,0.07423502951860428,1e-04,0.069023214,0.0050338334,0.07094951,0.07052414119243622,0.03129503130912781,0.0013785695191472769,0.03712909296154976
2101,0.07417575269937515,1e-04,0.06899711,0.005030185,0.0709238,0.07047184556722641,0.03132515400648117,0.0013818300794810057,0.03717297688126564
2102,0.07411655783653259,1e-04,0.06897104,0.0050265426,0.070898116,0.07041963189840317,0.03135531395673752,0.0013850985560566187,0.0372169129550457
2103,0.074057437479496,1e-04,0.068945,0.0050229044,0.07087245,0.07036750018596649,0.031385503709316254,0.0013883758801966906,0.03726091608405113
2104,0.07399839162826538,1e-04,0.068919,0.0050192755,0.07084685,0.07031543552875519,0.031415656208992004,0.0013916576281189919,0.03730492666363716
2105,0.07393942773342133,1e-04,0.06889304,0.00501565,0.070821255,0.07026346027851105,0.0314459353685379,0.001394956256262958,0.03734911233186722
2106,0.07388053834438324,1e-04,0.06886711,0.005012033,0.070795715,0.07021155953407288,0.031476184725761414,0.0013982574455440044,0.03739327937364578
2107,0.07382172346115112,1e-04,0.068841204,0.00500842,0.07077019,0.07015974819660187,0.0315064862370491,0.0014015715569257736,0.037437569350004196
2108,0.07376299053430557,1e-04,0.06881534,0.005004814,0.07074471,0.07010801136493683,0.031536765396595,0.0014048893935978413,0.03748185560107231
2109,0.07370433956384659,1e-04,0.068789534,0.0050012167,0.07071928,0.07005635648965836,0.03156706690788269,0.0014082205016165972,0.037526264786720276
2110,0.07364576309919357,1e-04,0.068763755,0.004997625,0.07069388,0.07000477612018585,0.03159744292497635,0.001411557663232088,0.03757070377469063
2111,0.07358725368976593,1e-04,0.06873799,0.0049940376,0.0706685,0.06995327770709991,0.03162776678800583,0.0014149006456136703,0.03761516511440277
2112,0.07352882623672485,1e-04,0.06871224,0.0049904543,0.07064315,0.06990185379981995,0.03165816515684128,0.0014182566665112972,0.03765974938869476
2113,0.07347048074007034,1e-04,0.06868657,0.0049868817,0.070617855,0.06985051184892654,0.03168855607509613,0.0014216224662959576,0.037704408168792725
2114,0.0734122022986412,1e-04,0.06866091,0.004983312,0.070592575,0.06979924440383911,0.03171905130147934,0.0014249951345846057,0.03774910792708397
2115,0.07335399836301804,1e-04,0.06863531,0.004979752,0.070567355,0.06974805146455765,0.031749434769153595,0.0014283694326877594,0.03779377415776253
2116,0.07329587638378143,1e-04,0.06860972,0.004976196,0.07054216,0.06969694048166275,0.031779952347278595,0.0014317595632746816,0.03783860057592392
2117,0.0732378289103508,1e-04,0.06858418,0.004972648,0.070517,0.06964591145515442,0.03181040287017822,0.0014351546997204423,0.03788343444466591
2118,0.07317985594272614,1e-04,0.06855866,0.004969102,0.07049186,0.06959495693445206,0.03184092789888382,0.001438559964299202,0.03792835399508476
2119,0.07312195748090744,1e-04,0.06853316,0.0049655624,0.07046675,0.06954408437013626,0.031871452927589417,0.0014419746585190296,0.03797334060072899
2120,0.07306414097547531,1e-04,0.06850772,0.004962032,0.07044169,0.06949328631162643,0.03190397471189499,0.0014454012271016836,0.03801843151450157
2121,0.07300639152526855,1e-04,0.06848232,0.004958508,0.070416674,0.06944256275892258,0.031953245401382446,0.0014488300075754523,0.038063500076532364
2122,0.07294872403144836,1e-04,0.06845694,0.0049549886,0.07039168,0.06939192861318588,0.03200267255306244,0.001452278345823288,0.03810876980423927
2123,0.07289112359285355,1e-04,0.068431586,0.0049514733,0.0703667,0.06934136152267456,0.03205209970474243,0.0014557274989783764,0.0381539985537529
2124,0.0728335976600647,1e-04,0.06840627,0.0049479655,0.07034177,0.0692908763885498,0.03210161626338959,0.0014591878280043602,0.03819931671023369
2125,0.07277615368366241,1e-04,0.06838098,0.0049444633,0.07031688,0.06924046576023102,0.03215116262435913,0.001462655607610941,0.03824467957019806
2126,0.0727187767624855,1e-04,0.06835575,0.0049409685,0.070292026,0.0691901221871376,0.03220074623823166,0.0014661275781691074,0.03829004615545273
2127,0.07266147434711456,1e-04,0.06833052,0.0049374755,0.07026717,0.06913986802101135,0.032250478863716125,0.0014696139842271805,0.038335543125867844
2128,0.07260425388813019,1e-04,0.06830534,0.004933993,0.07024239,0.06908968091011047,0.03230021893978119,0.0014731071423739195,0.038381077349185944
2129,0.07254709303379059,1e-04,0.06828019,0.0049305134,0.07021762,0.06903958320617676,0.032350070774555206,0.0014766065869480371,0.03842663764953613
2130,0.07249001413583755,1e-04,0.068255074,0.004927041,0.07019288,0.06898955255746841,0.03240000456571579,0.0014801190700381994,0.03847231715917587
2131,0.07243300974369049,1e-04,0.06823,0.0049235756,0.0701682,0.06893960386514664,0.03244996815919876,0.0014836398186162114,0.03851804509758949
2132,0.0723760798573494,1e-04,0.06820495,0.004920115,0.070143536,0.06888972967863083,0.032500073313713074,0.001487170229665935,0.03856384754180908
2133,0.07231921702623367,1e-04,0.06817994,0.0049166605,0.070118904,0.06883992999792099,0.032550230622291565,0.001490710536018014,0.03860972076654434
2134,0.07226242870092392,1e-04,0.06815493,0.0049132076,0.07009428,0.06879021227359772,0.032600462436676025,0.0014942568959668279,0.03865562006831169
2135,0.07220572233200073,1e-04,0.06812998,0.0049097645,0.070069715,0.06874056160449982,0.03265081346035004,0.0014978176914155483,0.03870164975523949
2136,0.07214908301830292,1e-04,0.06810507,0.0049063284,0.07004519,0.06869100034236908,0.032701171934604645,0.0015013846568763256,0.03874770551919937
2137,0.07209250330924988,1e-04,0.06808019,0.004902897,0.07002069,0.06864149868488312,0.03275159001350403,0.0015049581415951252,0.038793791085481644
2138,0.0720360055565834,1e-04,0.068055324,0.0048994687,0.06999621,0.06859208643436432,0.03280212730169296,0.0015085453633219004,0.03883999586105347
2139,0.0719795823097229,1e-04,0.068030484,0.0048960466,0.069971755,0.0685427337884903,0.03285262733697891,0.00151213223580271,0.03888614475727081
2140,0.07192323356866837,1e-04,0.06800569,0.004892631,0.06994735,0.06849346309900284,0.03290330618619919,0.001515736454166472,0.03893246129155159
2141,0.0718669518828392,1e-04,0.067980945,0.004889223,0.069922976,0.06844426691532135,0.03295401483774185,0.0015193468425422907,0.03897880017757416
2142,0.07181073725223541,1e-04,0.0679562,0.0048858183,0.06989863,0.06839515268802643,0.03300487995147705,0.0015229717828333378,0.03902526944875717
2143,0.07175459712743759,1e-04,0.067931525,0.0048824227,0.06987434,0.06834611296653748,0.033055759966373444,0.0015266016125679016,0.03907174989581108
2144,0.07169853895902634,1e-04,0.067906864,0.0048790313,0.069850065,0.0682971403002739,0.033106669783592224,0.001530240522697568,0.039118289947509766
2145,0.07164254039525986,1e-04,0.06788222,0.0048756427,0.069825806,0.06824824213981628,0.033157676458358765,0.0015338878147304058,0.03916487842798233
2146,0.07158661633729935,1e-04,0.067857616,0.0048722615,0.069801584,0.06819942593574524,0.033208705484867096,0.0015375434886664152,0.03921152278780937
2147,0.0715307667851448,1e-04,0.06783304,0.0048688864,0.06977741,0.06815066933631897,0.03325983136892319,0.0015412059146910906,0.0392581969499588
2148,0.07147498428821564,1e-04,0.06780851,0.0048655164,0.06975325,0.06810200214385986,0.033310987055301666,0.0015448781196027994,0.0393049381673336
2149,0.07141927629709244,1e-04,0.06778401,0.0048621534,0.06972914,0.06805340945720673,0.0333622470498085,0.0015485645271837711,0.03935180604457855
2150,0.07136362791061401,1e-04,0.06775952,0.0048587923,0.06970504,0.06800486892461777,0.03341358155012131,0.0015522546600550413,0.039398662745952606
2151,0.07130805402994156,1e-04,0.06773508,0.004855439,0.06968098,0.06795643270015717,0.033464983105659485,0.0015559564344584942,0.03944561257958412
2152,0.07125256955623627,1e-04,0.06771066,0.0048520896,0.06965694,0.06790804862976074,0.033516526222229004,0.0015596701996400952,0.0394926592707634
2153,0.07119712978601456,1e-04,0.06768629,0.004848749,0.069632955,0.06785975396633148,0.03356808423995972,0.0015633944422006607,0.03953978419303894
2154,0.07114177197217941,1e-04,0.06766193,0.004845412,0.069608994,0.0678115263581276,0.03361976891756058,0.0015671260189265013,0.03958694264292717
2155,0.07108648121356964,1e-04,0.0676376,0.00484208,0.069585055,0.06776337325572968,0.03367149084806442,0.0015708667924627662,0.039634160697460175
2156,0.07103125751018524,1e-04,0.0676133,0.004838754,0.06956115,0.06771528720855713,0.03372321277856827,0.0015746110584586859,0.039681367576122284
2157,0.07097610831260681,1e-04,0.067589074,0.004835436,0.0695373,0.06766727566719055,0.03377494961023331,0.0015783647540956736,0.03972863778471947
2158,0.07092103362083435,1e-04,0.067564845,0.0048321206,0.069513455,0.06761934608221054,0.03382688760757446,0.001582136144861579,0.03977607563138008
2159,0.07086601853370667,1e-04,0.06754066,0.004828812,0.06948966,0.0675714761018753,0.03387881815433502,0.0015859098639339209,0.03982348367571831
2160,0.07081107795238495,1e-04,0.06751648,0.004825506,0.06946586,0.06752368807792664,0.03393083065748215,0.0015896947588771582,0.0398709774017334
2161,0.07075619697570801,1e-04,0.06749234,0.004822206,0.06944211,0.06747596710920334,0.03398294001817703,0.0015934909461066127,0.039918553084135056
2162,0.07070139050483704,1e-04,0.06746825,0.004818914,0.0694184,0.06742832809686661,0.03403519093990326,0.0015972997061908245,0.03996623307466507
2163,0.07064665853977203,1e-04,0.06744418,0.004815627,0.069394715,0.06738075613975525,0.03408738970756531,0.00160110997967422,0.0400138720870018
2164,0.0705919861793518,1e-04,0.06742013,0.0048123444,0.06937107,0.06733325868844986,0.03413982689380646,0.0016049410915002227,0.04006171599030495
2165,0.07053738087415695,1e-04,0.0673961,0.004809065,0.06934742,0.06728583574295044,0.03419220447540283,0.0016087733674794436,0.04010951891541481
2166,0.07048286497592926,1e-04,0.06737212,0.004805794,0.06932384,0.06723848730325699,0.03424466401338577,0.0016126182163134217,0.040157418698072433
2167,0.07042839378118515,1e-04,0.06734817,0.0048025274,0.06930027,0.06719119846820831,0.03429722040891647,0.001616471679881215,0.040205370634794235
2168,0.07037399709224701,1e-04,0.06732423,0.004799265,0.06927673,0.0671439915895462,0.03434982895851135,0.0016203334089368582,0.04025336354970932
2169,0.07031966745853424,1e-04,0.067300335,0.004796008,0.06925321,0.06709685921669006,0.034402504563331604,0.001624206081032753,0.04030143842101097
2170,0.07026541233062744,1e-04,0.067276485,0.004792758,0.069229744,0.0670497864484787,0.03445520997047424,0.001628085970878601,0.04034954681992531
2171,0.07021121680736542,1e-04,0.06725266,0.004789513,0.069206305,0.0670027956366539,0.034507960081100464,0.0016319756396114826,0.04039771854877472
2172,0.07015709578990936,1e-04,0.06722885,0.0047862725,0.069182895,0.06695587188005447,0.03456082195043564,0.001635875552892685,0.0404459573328495
2173,0.07010302692651749,1e-04,0.067205064,0.0047830343,0.069159485,0.06690902262926102,0.03461378067731857,0.001639787806198001,0.040494292974472046
2174,0.07004904001951218,1e-04,0.067181334,0.004779807,0.06913615,0.06686223298311234,0.03466671705245972,0.0016437036683782935,0.040542613714933395
2175,0.06999511271715164,1e-04,0.067157604,0.0047765807,0.069112815,0.06681553274393082,0.0347198024392128,0.001647631055675447,0.04059102013707161
2176,0.06994125992059708,1e-04,0.06713392,0.004773361,0.06908952,0.06676889955997467,0.03477300703525543,0.0016515734605491161,0.04063955694437027
2177,0.06988747417926788,1e-04,0.06711027,0.0047701476,0.06906626,0.0667223334312439,0.03482619673013687,0.0016555212205275893,0.04068809747695923
2178,0.06983374059200287,1e-04,0.06708663,0.0047669373,0.06904301,0.0666758343577385,0.034879475831985474,0.001659480738453567,0.04073672369122505
2179,0.06978008896112442,1e-04,0.06706304,0.004763733,0.0690198,0.06662940979003906,0.03493279963731766,0.0016634459607303143,0.04078536480665207
2180,0.06972649693489075,1e-04,0.06703946,0.004760533,0.068996616,0.0665830597281456,0.03498624265193939,0.0016674268990755081,0.04083414003252983
2181,0.06967297941446304,1e-04,0.06701592,0.0047573396,0.06897347,0.06653677672147751,0.03503972291946411,0.0016714130761101842,0.04088291898369789
2182,0.06961951404809952,1e-04,0.06699242,0.0047541517,0.068950355,0.06649056077003479,0.03509330749511719,0.0016754120588302612,0.04093179851770401
2183,0.06956611573696136,1e-04,0.06696894,0.0047509675,0.068927266,0.06644442677497864,0.035146892070770264,0.001679417910054326,0.04098070040345192
2184,0.06951279193162918,1e-04,0.06694547,0.004747787,0.068904184,0.06639835983514786,0.0352005809545517,0.0016834348207339644,0.0410296805202961
2185,0.06945953518152237,1e-04,0.06692206,0.004744615,0.06888117,0.06635235249996185,0.03525431454181671,0.0016874608118087053,0.04107871651649475
2186,0.06940633803606033,1e-04,0.06689867,0.004741447,0.06885817,0.06630642712116241,0.03530821204185486,0.0016915033338591456,0.04112789034843445
2187,0.06935320794582367,1e-04,0.0668753,0.004738283,0.068835184,0.06626056134700775,0.035362035036087036,0.001695543876849115,0.04117698222398758
2188,0.06930013746023178,1e-04,0.06685195,0.004735123,0.06881223,0.06621477007865906,0.035416051745414734,0.001699603395536542,0.04122624546289444
2189,0.06924714148044586,1e-04,0.066828646,0.0047319713,0.068789326,0.06616903841495514,0.03546995669603348,0.0017036623321473598,0.041275445371866226
2190,0.06919419765472412,1e-04,0.06680536,0.0047288206,0.06876642,0.06612339615821838,0.035524092614650726,0.0017077421071007848,0.041324835270643234
2191,0.06914133578538895,1e-04,0.06678212,0.004725678,0.068743564,0.0660778135061264,0.03557819128036499,0.0017118258401751518,0.041374217718839645
2192,0.06908851861953735,1e-04,0.06675887,0.004722537,0.06872072,0.0660322979092598,0.035632431507110596,0.0017159223789349198,0.04142369329929352
2193,0.06903578341007233,1e-04,0.066735685,0.004719405,0.06869792,0.06598685681819916,0.03568671643733978,0.0017200283473357558,0.04147322475910187
2194,0.06898310035467148,1e-04,0.066712506,0.004716275,0.06867514,0.06594148278236389,0.03574107587337494,0.0017241435125470161,0.041522808372974396
2195,0.068930484354496,1e-04,0.06668935,0.0047131493,0.06865238,0.0658961832523346,0.03579545021057129,0.0017282647313550115,0.04157240316271782
2196,0.0688779428601265,1e-04,0.06666625,0.0047100303,0.06862966,0.06585093587636948,0.03584989160299301,0.001732397242449224,0.04162207618355751
2197,0.06882546097040176,1e-04,0.06664317,0.0047069173,0.06860698,0.06580576300621033,0.03590443730354309,0.0017365417443215847,0.041671834886074066
2198,0.06877303123474121,1e-04,0.06662011,0.004703807,0.06858431,0.06576065719127655,0.03595895320177078,0.001740691950544715,0.04172160103917122
2199,0.06872066855430603,1e-04,0.06659707,0.004700702,0.068561666,0.06571563333272934,0.036013633012771606,0.0017448554281145334,0.04177146777510643
2200,0.06866838783025742,1e-04,0.06657409,0.004697604,0.06853907,0.0656706690788269,0.03606829047203064,0.0017490254249423742,0.041821353137493134
2201,0.06861615180969238,1e-04,0.06655109,0.004694506,0.06851646,0.06562577188014984,0.03612302988767624,0.0017532053170725703,0.041871294379234314
2202,0.06856398284435272,1e-04,0.066528164,0.0046914187,0.06849393,0.06558094918727875,0.036177858710289,0.0017573977820575237,0.041921328753232956
2203,0.06851188838481903,1e-04,0.06650525,0.0046883337,0.06847141,0.06553619354963303,0.03623279929161072,0.001761603052727878,0.04197145625948906
2204,0.06845983862876892,1e-04,0.06648234,0.004685252,0.0684489,0.06549150496721268,0.036287806928157806,0.0017658169381320477,0.042021624743938446
2205,0.06840786337852478,1e-04,0.06645948,0.0046821763,0.06842643,0.0654468908905983,0.036342866718769073,0.0017700414173305035,0.042071860283613205
2206,0.06835595518350601,1e-04,0.06643664,0.0046791057,0.06840399,0.0654023289680481,0.03639797121286392,0.0017742745112627745,0.04212213680148125
2207,0.06830409914255142,1e-04,0.06641383,0.00467604,0.06838158,0.06535783410072327,0.036453090608119965,0.0017785143572837114,0.04217243567109108
2208,0.06825230270624161,1e-04,0.06639104,0.004672979,0.06835919,0.0653134286403656,0.03650834411382675,0.0017827663104981184,0.04222281649708748
2209,0.06820057332515717,1e-04,0.06636829,0.004669921,0.06833682,0.06526907533407211,0.03656352311372757,0.001787023851647973,0.042273204773664474
2210,0.06814891844987869,1e-04,0.06634557,0.00466687,0.06831449,0.0652247816324234,0.03661883622407913,0.001791293965652585,0.04232368245720863
2211,0.0680973157286644,1e-04,0.06632287,0.004663823,0.06829219,0.06518056988716125,0.03667421638965607,0.001795576885342598,0.042374249547719955
2212,0.06804577261209488,1e-04,0.06630019,0.00466078,0.06826991,0.06513642519712448,0.036729685962200165,0.0017998688854277134,0.04242486134171486
2213,0.06799429655075073,1e-04,0.06627754,0.004657742,0.06824765,0.06509233266115189,0.03678517043590546,0.0018041677540168166,0.04247549548745155
2214,0.06794287264347076,1e-04,0.06625493,0.004654709,0.06822543,0.06504832208156586,0.03684080392122269,0.0018084824550896883,0.042526256293058395
2215,0.06789152324199677,1e-04,0.066232346,0.004651682,0.06820324,0.0650043785572052,0.03689645975828171,0.001812805887311697,0.04257705807685852
2216,0.06784023344516754,1e-04,0.06620977,0.004648657,0.06818106,0.06496050208806992,0.036952242255210876,0.0018171410774812102,0.04262793809175491
2217,0.0677890032529831,1e-04,0.066187225,0.004645638,0.06815892,0.06491669267416,0.037008024752140045,0.0018214844167232513,0.04267885163426399
2218,0.06773783266544342,1e-04,0.06616471,0.0046426235,0.0681368,0.06487294286489487,0.03706385940313339,0.0018258359050378203,0.042729802429676056
2219,0.06768672168254852,1e-04,0.06614221,0.004639612,0.0681147,0.0648292601108551,0.037119731307029724,0.0018301969394087791,0.042780801653862
2220,0.0676356703042984,1e-04,0.06611976,0.0046366085,0.068092644,0.06478564441204071,0.037175700068473816,0.001834571361541748,0.0428318977355957
2221,0.06758467853069305,1e-04,0.06609733,0.0046336073,0.068070605,0.06474210321903229,0.03723163902759552,0.0018389476463198662,0.042882952839136124
2222,0.06753376126289368,1e-04,0.066074915,0.004630611,0.06804859,0.06469861418008804,0.03728771209716797,0.0018433398799970746,0.04293413460254669
2223,0.06748288869857788,1e-04,0.06605254,0.00462762,0.06802661,0.06465519219636917,0.03734380751848221,0.0018477409612387419,0.04298535734415054
2224,0.06743208318948746,1e-04,0.06603018,0.0046246317,0.068004645,0.06461184471845627,0.03739992529153824,0.0018521492602303624,0.043036602437496185
2225,0.0673813447356224,1e-04,0.06600785,0.004621649,0.06798271,0.06456857174634933,0.03745627403259277,0.0018565782811492682,0.04308803007006645
2226,0.06733066588640213,1e-04,0.06598554,0.0046186703,0.0679608,0.06452535837888718,0.03751271218061447,0.0018610171973705292,0.0431395098567009
2227,0.06728003919124603,1e-04,0.065963276,0.0046156994,0.06793894,0.0644821971654892,0.03756909817457199,0.0018654627492651343,0.043191004544496536
2228,0.06722946465015411,1e-04,0.06594103,0.00461273,0.06791708,0.06443911790847778,0.03762552887201309,0.00186991598457098,0.043242525309324265
2229,0.06717896461486816,1e-04,0.065918796,0.0046097655,0.067895256,0.06439611315727234,0.03768213093280792,0.0018743862165138125,0.043294183909893036
2230,0.06712853163480759,1e-04,0.06589659,0.0046068053,0.06787345,0.06435314565896988,0.03773866593837738,0.0018788601737469435,0.043345820158720016
2231,0.06707813590765,1e-04,0.06587441,0.0046038493,0.06785167,0.06431025266647339,0.03779524564743042,0.0018833396025002003,0.043397460132837296
2232,0.06702780723571777,1e-04,0.06585226,0.004600898,0.06782992,0.06426743417978287,0.0378519669175148,0.0018878377741202712,0.04344925656914711
2233,0.06697754561901093,1e-04,0.065830134,0.0045979507,0.06780819,0.06422467529773712,0.03790871798992157,0.0018923436291515827,0.043501075357198715
2234,0.06692734360694885,1e-04,0.065808035,0.004595008,0.06778649,0.06418198347091675,0.03796546906232834,0.001896856352686882,0.04355291277170181
2235,0.06687720119953156,1e-04,0.06578599,0.0045920727,0.06776483,0.06413935869932175,0.03802231699228287,0.0019013817654922605,0.043604835867881775
2236,0.06682711839675903,1e-04,0.06576394,0.00458914,0.06774319,0.06409679353237152,0.03807922452688217,0.0019059169571846724,0.04365680739283562
2237,0.06677708029747009,1e-04,0.06574191,0.004586209,0.06772155,0.06405429542064667,0.03813622146844864,0.0019104658858850598,0.04370887577533722
2238,0.06672710925340652,1e-04,0.065719925,0.0045832857,0.06769997,0.06401185691356659,0.038193315267562866,0.0019150245934724808,0.0437609925866127
2239,0.06667719781398773,1e-04,0.06569793,0.004580364,0.067678384,0.06396949291229248,0.03825046122074127,0.0019195943605154753,0.043813176453113556
2240,0.06662735342979431,1e-04,0.06567598,0.0045774467,0.06765683,0.06392718851566315,0.038307562470436096,0.0019241671543568373,0.04386533051729202
2241,0.06657756119966507,1e-04,0.06565408,0.0045745373,0.06763533,0.06388494372367859,0.03836480528116226,0.0019287578761577606,0.04391762614250183
2242,0.0665278211236,1e-04,0.06563217,0.0045716297,0.067613825,0.0638427734375,0.03842204064130783,0.001933353254571557,0.04396991431713104
2243,0.06647814810276031,1e-04,0.06561029,0.0045687263,0.06759235,0.06380066275596619,0.038479335606098175,0.0019379581790417433,0.044022247195243835
2244,0.0664285346865654,1e-04,0.065588444,0.0045658266,0.0675709,0.06375861167907715,0.03853672742843628,0.0019425773061811924,0.04407467693090439
2245,0.06637897342443466,1e-04,0.06556664,0.004562935,0.0675495,0.06371662765741348,0.03859411180019379,0.0019472038839012384,0.04412713274359703
2246,0.0663294643163681,1e-04,0.06554485,0.0045600454,0.067528106,0.06367470324039459,0.03865154832601547,0.0019518386106938124,0.04417961835861206
2247,0.06628002226352692,1e-04,0.065523066,0.0045571583,0.06750673,0.06363284587860107,0.0387091264128685,0.001956488937139511,0.044232215732336044
2248,0.06623063236474991,1e-04,0.065501325,0.0045542773,0.067485385,0.06359105557203293,0.0387667641043663,0.0019611488096415997,0.04428486153483391
2249,0.06618130952119827,1e-04,0.06547958,0.0045513976,0.067464046,0.06354932487010956,0.038824401795864105,0.001965817529708147,0.04433754086494446
2250,0.06613203883171082,1e-04,0.0654579,0.0045485273,0.06744277,0.06350766122341156,0.03888210654258728,0.001970497891306877,0.04439029097557068
2251,0.06608282029628754,1e-04,0.06543622,0.0045456574,0.06742149,0.06346605718135834,0.03893980383872986,0.0019751815125346184,0.04444301500916481
2252,0.06603366881608963,1e-04,0.06541458,0.0045427936,0.06740025,0.06342451274394989,0.03899762034416199,0.00197988236322999,0.04449586942791939
2253,0.0659845620393753,1e-04,0.065392934,0.004539931,0.06737901,0.06338303536176682,0.03905551880598068,0.001984592992812395,0.044548772275447845
2254,0.06593552231788635,1e-04,0.06537134,0.0045370767,0.06735782,0.06334162503480911,0.03911343216896057,0.0019893129356205463,0.044601716101169586
2255,0.06588654220104218,1e-04,0.065349765,0.004534224,0.06733665,0.06330027431249619,0.039171427488327026,0.0019940431229770184,0.04465470835566521
2256,0.06583760678768158,1e-04,0.0653282,0.004531376,0.0673155,0.06325899064540863,0.03922949731349945,0.001998787047341466,0.04470779746770859
2257,0.06578873097896576,1e-04,0.065306686,0.004528533,0.067294374,0.06321776658296585,0.03928758203983307,0.002003537956625223,0.044760897755622864
2258,0.06573992222547531,1e-04,0.06528517,0.004525693,0.067273274,0.06317660212516785,0.03934571146965027,0.0020082988776266575,0.04481404647231102
2259,0.06569115817546844,1e-04,0.06526369,0.0045228577,0.0672522,0.06313551217317581,0.03940396010875702,0.0020130728371441364,0.04486728087067604
2260,0.06564246118068695,1e-04,0.06524222,0.0045200256,0.06723113,0.06309446692466736,0.03946218639612198,0.0020178542472422123,0.044920533895492554
2261,0.06559380888938904,1e-04,0.0652208,0.0045172,0.067210115,0.06305348873138428,0.03952042758464813,0.0020226421765983105,0.044973794370889664
2262,0.0655452236533165,1e-04,0.065199405,0.004514378,0.06718912,0.06301257759332657,0.03957878053188324,0.002027447335422039,0.04502718523144722
2263,0.06549669057130814,1e-04,0.065178014,0.004511558,0.06716813,0.06297172605991364,0.039637140929698944,0.0020322557538747787,0.04508054628968239
2264,0.06544820964336395,1e-04,0.06515666,0.0045087445,0.06714719,0.06293094158172607,0.039695657789707184,0.0020370848942548037,0.045134078711271286
2265,0.06539979577064514,1e-04,0.06513531,0.0045059323,0.067126244,0.06289021670818329,0.03975424915552139,0.0020419233478605747,0.04518764466047287
2266,0.06535142660140991,1e-04,0.065114,0.004503127,0.067105345,0.06284955143928528,0.039812810719013214,0.0020467659924179316,0.04524119943380356
2267,0.06530311703681946,1e-04,0.06509271,0.0045003244,0.067084454,0.06280894577503204,0.0398714542388916,0.0020516235381364822,0.04529485106468201
2268,0.06525485217571259,1e-04,0.06507144,0.0044975267,0.0670636,0.06276840716600418,0.039930082857608795,0.0020564841106534004,0.04534847289323807
2269,0.06520665436983109,1e-04,0.06505019,0.004494732,0.06704276,0.0627279281616211,0.03998880833387375,0.0020613609813153744,0.04540221393108368
2270,0.06515850871801376,1e-04,0.065028965,0.004491941,0.06702194,0.06268751621246338,0.04004763066768646,0.002066249493509531,0.045456018298864365
2271,0.06511042267084122,1e-04,0.06500777,0.004489153,0.06700114,0.06264716386795044,0.04010646045207977,0.002071146620437503,0.04550985246896744
2272,0.06506238877773285,1e-04,0.0649866,0.0044863713,0.06698038,0.06260687112808228,0.04016532748937607,0.0020760521292686462,0.0455637164413929
2273,0.06501440703868866,1e-04,0.06496544,0.0044835927,0.066959634,0.06256663799285889,0.04022420942783356,0.002080966718494892,0.045617613941431046
2274,0.06496649235486984,1e-04,0.064944334,0.004480821,0.06693894,0.06252646446228027,0.0402831956744194,0.0020858945790678263,0.04567159339785576
2275,0.06491861492395401,1e-04,0.06492323,0.00447805,0.06691823,0.062486350536346436,0.04034224897623062,0.002090834779664874,0.04572564736008644
2276,0.06487079709768295,1e-04,0.06490213,0.004475281,0.06689754,0.06244629621505737,0.040401309728622437,0.0020957819651812315,0.04577971249818802
2277,0.06482303887605667,1e-04,0.06488108,0.0044725207,0.0668769,0.06240630894899368,0.04046043008565903,0.0021007386967539787,0.04583381488919258
2278,0.06477532535791397,1e-04,0.06486004,0.0044697616,0.06685627,0.062366385012865067,0.04051963984966278,0.002105710096657276,0.0458880178630352
2279,0.06472767889499664,1e-04,0.06483903,0.0044670072,0.06683567,0.06232651323080063,0.04057881236076355,0.0021106856875121593,0.04594219848513603
2280,0.0646800845861435,1e-04,0.06481805,0.004464258,0.0668151,0.062286701053380966,0.04063807427883148,0.0021156726870685816,0.045996442437171936
2281,0.06463253498077393,1e-04,0.06479708,0.0044615106,0.06679454,0.062246955931186676,0.04069742560386658,0.002120675053447485,0.0460507869720459
2282,0.06458504498004913,1e-04,0.06477613,0.004458768,0.066774,0.06220727413892746,0.04075685888528824,0.0021256892941892147,0.04610519856214523
2283,0.06453761458396912,1e-04,0.06475521,0.0044560283,0.06675349,0.06216765195131302,0.04081634432077408,0.0021307142451405525,0.04615965858101845
2284,0.06449022889137268,1e-04,0.0647343,0.004453294,0.066733,0.062128081917762756,0.04087577760219574,0.002135741990059614,0.046214088797569275
2285,0.06444290280342102,1e-04,0.06471343,0.0044505633,0.06671254,0.062088578939437866,0.04093529284000397,0.0021407839376479387,0.04626860469579697
2286,0.06439563632011414,1e-04,0.06469257,0.004447835,0.06669209,0.06204913184046745,0.04099486768245697,0.0021458356641232967,0.04632316529750824
2287,0.06434840708971024,1e-04,0.06467173,0.00444511,0.066671655,0.06200975179672241,0.04105452448129654,0.0021509015932679176,0.046377815306186676
2288,0.06430124491453171,1e-04,0.06465093,0.004442392,0.06665127,0.06197042018175125,0.04111413657665253,0.0021559724118560553,0.04643245041370392
2289,0.06425412744283676,1e-04,0.06463016,0.004439678,0.06663091,0.06193115562200546,0.04117388278245926,0.002161057200282812,0.046487171202898026
2290,0.064207062125206,1e-04,0.06460937,0.004436964,0.06661054,0.06189195066690445,0.04123365134000778,0.002166151301935315,0.04654192924499512
2291,0.0641600489616394,1e-04,0.064588636,0.004434256,0.06659021,0.06185280531644821,0.04129350185394287,0.0021712579764425755,0.04659675806760788
2292,0.06411309540271759,1e-04,0.06456792,0.0044315537,0.06656992,0.06181371957063675,0.04135341942310333,0.002176376525312662,0.046651650220155716
2293,0.06406619399785995,1e-04,0.06454722,0.004428853,0.06654963,0.06177470088005066,0.0414133220911026,0.0021815032232552767,0.04670656472444534
2294,0.0640193521976471,1e-04,0.06452655,0.0044261566,0.06652936,0.06173572689294815,0.041473306715488434,0.0021866406314074993,0.04676152765750885
2295,0.06397254765033722,1e-04,0.06450588,0.0044234623,0.06650911,0.06169681251049042,0.04153328388929367,0.0021917850244790316,0.04681650549173355
2296,0.06392580270767212,1e-04,0.064485244,0.004420772,0.066488884,0.06165796518325806,0.04159335792064667,0.0021969443187117577,0.046871572732925415
2297,0.0638791099190712,1e-04,0.064464636,0.0044180877,0.06646869,0.06161917746067047,0.04165348410606384,0.0022021133918315172,0.04692668095231056
2298,0.06383247673511505,1e-04,0.064444065,0.004415408,0.06644853,0.06158044934272766,0.041713647544384,0.002207292942330241,0.04698183760046959
2299,0.06378588080406189,1e-04,0.064423494,0.0044127293,0.06642838,0.061541780829429626,0.041773855686187744,0.0022124832030385733,0.0470370389521122
2300,0.0637393519282341,1e-04,0.064402945,0.004410055,0.06640825,0.06150316447019577,0.04183414578437805,0.0022176853381097317,0.04709230735898018
2301,0.06369286775588989,1e-04,0.06438241,0.0044073844,0.06638814,0.061464615166187286,0.041894420981407166,0.0022228946909308434,0.04714758321642876
2302,0.06364643573760986,1e-04,0.06436191,0.0044047176,0.06636804,0.06142612546682358,0.041954852640628815,0.0022281233686953783,0.047203000634908676
2303,0.06360005587339401,1e-04,0.06434142,0.0044020535,0.06634797,0.06138768047094345,0.042015157639980316,0.0022333490196615458,0.047258321195840836
2304,0.06355372816324234,1e-04,0.064320974,0.004399395,0.06632794,0.061349302530288696,0.04207559674978256,0.0022385907359421253,0.04731374606490135
2305,0.06350745260715485,1e-04,0.06430053,0.004396739,0.06630791,0.06131098046898842,0.042136050760746,0.00224384106695652,0.047369200736284256
2306,0.06346122920513153,1e-04,0.06428011,0.004394086,0.066287905,0.06127271056175232,0.04219654202461243,0.0022491011768579483,0.047424688935279846
2307,0.0634150505065918,1e-04,0.06425972,0.0043914393,0.06626794,0.06123451143503189,0.042257122695446014,0.0022543752565979958,0.0474802628159523
2308,0.06336893141269684,1e-04,0.064239345,0.004388794,0.06624797,0.06119636073708534,0.04231768846511841,0.002259654924273491,0.04753582924604416
2309,0.06332285702228546,1e-04,0.06421899,0.004386153,0.06622804,0.06115827336907387,0.04237830638885498,0.0022649469319730997,0.04759145900607109
2310,0.06327684223651886,1e-04,0.06419865,0.004383514,0.06620811,0.06112024188041687,0.042439013719558716,0.0022702517453581095,0.04764715954661369
2311,0.06323087215423584,1e-04,0.064178355,0.004380883,0.06618824,0.061082273721694946,0.042499758303165436,0.002275567501783371,0.047702908515930176
2312,0.063184954226017,1e-04,0.064158075,0.004378253,0.06616837,0.0610443577170372,0.04256056249141693,0.002280893735587597,0.04775870218873024
2313,0.06313908845186234,1e-04,0.0641378,0.004375626,0.06614851,0.06100649759173393,0.0426214262843132,0.00228623254224658,0.047814562916755676
2314,0.06309326738119125,1e-04,0.06411755,0.0043730037,0.06612869,0.06096869707107544,0.04268225282430649,0.0022915746085345745,0.047870393842458725
2315,0.06304750591516495,1e-04,0.06409732,0.0043703844,0.06610888,0.06093095988035202,0.04274321347475052,0.002296935534104705,0.04792635515332222
2316,0.06300179660320282,1e-04,0.064077124,0.004367769,0.0660891,0.06089326739311218,0.04280412197113037,0.0023022983223199844,0.04798227176070213
2317,0.06295612454414368,1e-04,0.064056925,0.004365155,0.06606932,0.06085564196109772,0.04286513477563858,0.0023076762445271015,0.04803827777504921
2318,0.0629105195403099,1e-04,0.06403679,0.0043625496,0.0660496,0.06081806868314743,0.042926110327243805,0.002313061151653528,0.04809429496526718
2319,0.06286494433879852,1e-04,0.06401663,0.004359942,0.066029854,0.06078054755926132,0.0429871529340744,0.002318456070497632,0.04815034940838814
2320,0.06281942874193192,1e-04,0.06399649,0.0043573375,0.06601013,0.060743093490600586,0.04304827004671097,0.0023238633293658495,0.04820646718144417
2321,0.06277397274971008,1e-04,0.06397639,0.0043547414,0.06599046,0.06070569530129433,0.04310944676399231,0.002329285256564617,0.04826267063617706
2322,0.06272855401039124,1e-04,0.06395631,0.004352147,0.06597081,0.060668352991342545,0.043170638382434845,0.002334712538868189,0.04831886291503906
2323,0.06268319487571716,1e-04,0.063936256,0.0043495563,0.06595117,0.060631055384874344,0.04323182255029678,0.00234014680609107,0.04837506264448166
2324,0.06263788044452667,1e-04,0.0639162,0.004346967,0.065931536,0.06059383600950241,0.04329312592744827,0.0023456006310880184,0.0484314002096653
2325,0.06259261816740036,1e-04,0.063896194,0.0043443856,0.065911956,0.06055665388703346,0.04335445910692215,0.002351060276851058,0.04848773404955864
2326,0.06254740059375763,1e-04,0.06387619,0.004341805,0.065892376,0.060519538819789886,0.043415799736976624,0.0023565301671624184,0.048544105142354965
2327,0.06250223517417908,1e-04,0.06385619,0.0043392256,0.065872796,0.06048247963190079,0.04347716271877289,0.0023620082065463066,0.04860049486160278
2328,0.0624571219086647,1e-04,0.06383624,0.004336652,0.06585326,0.06044546887278557,0.04353858530521393,0.002367498353123665,0.04865694418549538
2329,0.06241205334663391,1e-04,0.0638163,0.0043340824,0.06583375,0.06040852144360542,0.043600112199783325,0.002373004099354148,0.04871349036693573
2330,0.062367040663957596,1e-04,0.063796386,0.004331516,0.06581426,0.06037162244319916,0.04366154223680496,0.0023785089142620564,0.048769958317279816
2331,0.06232207268476486,1e-04,0.06377649,0.0043289545,0.06579479,0.060334786772727966,0.043723128736019135,0.0023840339854359627,0.04882657155394554
2332,0.06227714568376541,1e-04,0.063756615,0.0043263934,0.06577533,0.06029801070690155,0.04378470778465271,0.002389566507190466,0.048883192241191864
2333,0.062232282012701035,1e-04,0.063736744,0.0043238364,0.06575588,0.06026128679513931,0.043846286833286285,0.002395104384049773,0.04893980547785759
2334,0.06218746304512024,1e-04,0.063716896,0.0043212827,0.065736465,0.06022460386157036,0.04390794038772583,0.0024006562307476997,0.048996493220329285
2335,0.06214268133044243,1e-04,0.06369709,0.0043187332,0.06571707,0.060187991708517075,0.043969638645648956,0.002406219020485878,0.04905322566628456
2336,0.06209796294569969,1e-04,0.063677296,0.004316189,0.06569771,0.06015143543481827,0.04403139650821686,0.00241179415024817,0.04911002144217491
2337,0.06205328553915024,1e-04,0.0636575,0.004313645,0.06567834,0.060114938765764236,0.044093236327171326,0.0024173827841877937,0.04916688799858093
2338,0.06200866401195526,1e-04,0.06363775,0.0043111057,0.06565901,0.06007848680019379,0.04415503889322281,0.0024229753762483597,0.049223728477954865
2339,0.06196408346295357,1e-04,0.063618004,0.00430857,0.0656397,0.06004209816455841,0.04421687126159668,0.002428579144179821,0.049280617386102676
2340,0.06191955506801605,1e-04,0.063598275,0.0043060356,0.06562039,0.060005754232406616,0.04427877068519592,0.0024341936223208904,0.04933754727244377
2341,0.06187506765127182,1e-04,0.063578576,0.004303507,0.06560112,0.0599694699048996,0.04434064030647278,0.002439816016703844,0.04939449205994606
2342,0.06183063983917236,1e-04,0.0635589,0.0043009804,0.06558186,0.059933241456747055,0.04440253973007202,0.0024454479571431875,0.049451470375061035
2343,0.06178625300526619,1e-04,0.06353924,0.0042984583,0.06556263,0.05989706516265869,0.04446454346179962,0.002451092004776001,0.04950850456953049
2344,0.0617419108748436,1e-04,0.0635196,0.004295939,0.06554341,0.059860944747924805,0.04452656954526901,0.0024567481596022844,0.049565594643354416
2345,0.06169762462377548,1e-04,0.06349998,0.0042934236,0.06552422,0.059824876487255096,0.044588617980480194,0.002462411765009165,0.04962269589304924
2346,0.06165337562561035,1e-04,0.06348037,0.00429091,0.065505035,0.05978887528181076,0.04465072602033615,0.002468089573085308,0.049679871648550034
2347,0.061609186232089996,1e-04,0.063460775,0.0042884005,0.06548588,0.059752918779850006,0.0447128564119339,0.00247377622872591,0.04973706975579262
2348,0.061565034091472626,1e-04,0.06344121,0.004285895,0.06546675,0.05971701443195343,0.04477503150701523,0.002479471964761615,0.04979429766535759
2349,0.06152094155550003,1e-04,0.063421674,0.0042833947,0.06544765,0.05968116596341133,0.044837258756160736,0.0024851809721440077,0.049851588904857635
2350,0.061476875096559525,1e-04,0.06340214,0.0042808927,0.06542853,0.05964537709951401,0.044899456202983856,0.0024908948689699173,0.04990886524319649
2351,0.06143288314342499,1e-04,0.06338264,0.0042783977,0.06540946,0.059609636664390564,0.04496172070503235,0.0024966225028038025,0.04996621236205101
2352,0.06138891726732254,1e-04,0.06336314,0.004275903,0.06539039,0.059573959559202194,0.045024022459983826,0.0025023603811860085,0.05002359673380852
2353,0.06134501472115517,1e-04,0.06334368,0.004273414,0.06537136,0.059538327157497406,0.04508635401725769,0.002508107339963317,0.050081007182598114
2354,0.06130114942789078,1e-04,0.063324206,0.0042709247,0.06535231,0.0595027431845665,0.045148685574531555,0.0025138631463050842,0.0501384399831295
2355,0.06125732511281967,1e-04,0.063304774,0.004268441,0.06533331,0.05946722626686096,0.04521115869283676,0.002519635483622551,0.05019596964120865
2356,0.061213552951812744,1e-04,0.06328537,0.0042659626,0.06531434,0.059431761503219604,0.045273557305336,0.00252541177906096,0.050253476947546005
2357,0.06116984039545059,1e-04,0.06326598,0.0042634862,0.065295376,0.059396348893642426,0.045336030423641205,0.0025312001816928387,0.05031103268265724
2358,0.06112615764141083,1e-04,0.06324659,0.0042610117,0.06527643,0.059360988438129425,0.04539860039949417,0.002537003019824624,0.050368670374155045
2359,0.06108252331614494,1e-04,0.063227236,0.004258541,0.0652575,0.0593256875872612,0.04546117037534714,0.002542817033827305,0.05042635276913643
2360,0.061038948595523834,1e-04,0.063207895,0.004256075,0.0652386,0.059290431439876556,0.045523740351200104,0.0025486359372735023,0.05048401653766632
2361,0.06099540740251541,1e-04,0.063188575,0.00425361,0.06521971,0.05925523117184639,0.045586347579956055,0.0025544650852680206,0.0505417175590992
2362,0.06095191463828087,1e-04,0.06316927,0.0042511486,0.065200835,0.059220090508461,0.045648977160453796,0.0025603061076253653,0.050599467009305954
2363,0.0609084814786911,1e-04,0.063149996,0.0042486917,0.06518199,0.05918498337268829,0.04571158438920975,0.0025661513209342957,0.05065719410777092
2364,0.060865070670843124,1e-04,0.063130744,0.004246239,0.06516317,0.05914994329214096,0.04577421396970749,0.002572004683315754,0.05071493610739708
2365,0.06082171946763992,1e-04,0.06311148,0.004243784,0.06514433,0.05911495164036751,0.045836955308914185,0.00257787574082613,0.050772786140441895
2366,0.0607784166932106,1e-04,0.06309227,0.0042413385,0.06512556,0.05908002331852913,0.04589977115392685,0.0025837612338364124,0.05083071067929268
2367,0.060735154896974564,1e-04,0.06307305,0.0042388923,0.06510678,0.05904515087604523,0.0459626168012619,0.002589655574411154,0.050888657569885254
2368,0.060691945254802704,1e-04,0.063053854,0.004236451,0.065088026,0.05901031568646431,0.046025440096855164,0.0025955564342439175,0.05094660446047783
2369,0.06064877286553383,1e-04,0.06303469,0.0042340127,0.06506929,0.05897554010152817,0.04608825594186783,0.0026014642789959908,0.051004551351070404
2370,0.06060565263032913,1e-04,0.06301554,0.0042315773,0.06505057,0.05894080922007561,0.04615108668804169,0.002607382368296385,0.051062535494565964
2371,0.06056256964802742,1e-04,0.0629964,0.0042291437,0.065031864,0.05890613794326782,0.04621399939060211,0.0026133134961128235,0.0511205792427063
2372,0.060519538819789886,1e-04,0.06297728,0.0042267134,0.06501318,0.058871518820524216,0.046276964247226715,0.002619256731122732,0.05117867514491081
2373,0.060476548969745636,1e-04,0.06295817,0.004224287,0.064994514,0.058836959302425385,0.04633992165327072,0.0026252050884068012,0.05123675614595413
2374,0.060433611273765564,1e-04,0.06293908,0.004221861,0.06497585,0.058802440762519836,0.046402931213378906,0.002631168346852064,0.05129491537809372
2375,0.06039071083068848,1e-04,0.062920034,0.004219443,0.06495724,0.05876797437667847,0.0464659109711647,0.0026371360290795565,0.051353052258491516
2376,0.06034786254167557,1e-04,0.06290099,0.0042170254,0.06493863,0.058733563870191574,0.04652897268533707,0.002643117681145668,0.051411259919404984
2377,0.06030505523085594,1e-04,0.06288197,0.0042146123,0.064920045,0.05869921296834946,0.04659213870763779,0.0026491160970181227,0.05146956443786621
2378,0.060262300074100494,1e-04,0.06286295,0.0042122,0.06490146,0.05866490304470062,0.046655260026454926,0.0026551177725195885,0.05152783542871475
2379,0.06021957844495773,1e-04,0.062843956,0.0042097922,0.06488291,0.058630652725696564,0.04671843349933624,0.0026611327193677425,0.05158616974949837
2380,0.06017690151929855,1e-04,0.062824965,0.004207386,0.06486437,0.058596447110176086,0.046781621873378754,0.002667154185473919,0.051644496619701385
2381,0.06013428047299385,1e-04,0.06280602,0.0042049848,0.06484585,0.058562301099300385,0.046844832599163055,0.002673187293112278,0.05170287564396858
2382,0.06009169667959213,1e-04,0.06278708,0.004202586,0.06482735,0.05852820724248886,0.04690811038017273,0.0026792334392666817,0.051761310547590256
2383,0.06004916504025459,1e-04,0.062768154,0.00420019,0.064808875,0.05849415063858032,0.046971336007118225,0.002685282379388809,0.05181971192359924
2384,0.06000667065382004,1e-04,0.06274926,0.004197798,0.06479042,0.05846015363931656,0.047034576535224915,0.0026913427282124758,0.051878154277801514
2385,0.059964217245578766,1e-04,0.062730365,0.0041954066,0.06477196,0.058426208794116974,0.04709789901971817,0.002697414718568325,0.051936641335487366
2386,0.05992181599140167,1e-04,0.06271151,0.0041930205,0.06475354,0.058392323553562164,0.047161199152469635,0.002703495556488633,0.05199515074491501
2387,0.05987945944070816,1e-04,0.062692665,0.0041906373,0.06473513,0.058358464390039444,0.0472245067358017,0.0027095801196992397,0.052053626626729965
2388,0.059837136417627335,1e-04,0.062673815,0.004188254,0.06471672,0.058324672281742096,0.04728791117668152,0.002715683076530695,0.052112217992544174
2389,0.05979486554861069,1e-04,0.06265501,0.004185878,0.06469836,0.05829094350337982,0.047351427376270294,0.002721803029999137,0.052170902490615845
2390,0.05975264310836792,1e-04,0.062636204,0.0041835024,0.06468,0.058257244527339935,0.04741475731134415,0.002727916929870844,0.052229464054107666
2391,0.05971045792102814,1e-04,0.06261742,0.0041811303,0.06466166,0.05822360888123512,0.0474783256649971,0.002734055742621422,0.052288200706243515
2392,0.05966831371188164,1e-04,0.06259865,0.0041787606,0.06464333,0.05819001793861389,0.0475417822599411,0.0027401938568800688,0.052346862852573395
2393,0.05962621793150902,1e-04,0.06257991,0.0041763945,0.06462503,0.05815648287534714,0.04760531336069107,0.002746347803622484,0.05240560695528984
2394,0.05958416685461998,1e-04,0.062561184,0.0041740327,0.064606756,0.05812299624085426,0.04766885191202164,0.002752508968114853,0.052464358508586884
2395,0.059542156755924225,1e-04,0.062542476,0.0041716713,0.06458848,0.05808955430984497,0.047732360661029816,0.00275867385789752,0.05252308025956154
2396,0.05950019508600235,1e-04,0.06252378,0.0041693156,0.06457024,0.05805616453289986,0.04779590666294098,0.0027648527175188065,0.05258186534047127
2397,0.05945827066898346,1e-04,0.062505096,0.0041669593,0.06455199,0.058022819459438324,0.047859467566013336,0.0027710385620594025,0.052640654146671295
2398,0.05941639095544815,1e-04,0.06248644,0.0041646073,0.06453377,0.05798953399062157,0.04792308062314987,0.0027772376779466867,0.0526995025575161
2399,0.05937455594539642,1e-04,0.062467813,0.004162261,0.06451558,0.05795630067586899,0.047986745834350586,0.002783448901027441,0.05275839939713478
2400,0.05933276563882828,1e-04,0.06244917,0.004159913,0.06449739,0.05792311578989029,0.04805043339729309,0.0027896680403500795,0.05281730741262436
2401,0.05929102003574371,1e-04,0.06243056,0.0041575697,0.06447922,0.05788997560739517,0.04811409115791321,0.0027958950959146023,0.052876222878694534
2402,0.059249311685562134,1e-04,0.062411964,0.0041552302,0.064461075,0.05785689502954483,0.04817788302898407,0.0028021398466080427,0.052935242652893066
2403,0.059207648038864136,1e-04,0.062393393,0.0041528945,0.064442955,0.05782386288046837,0.04824165254831314,0.0028083911165595055,0.052994254976511
2404,0.05916602909564972,1e-04,0.06237482,0.004150558,0.06442482,0.05779086425900459,0.048305414617061615,0.002814648672938347,0.05305326357483864
2405,0.05912444368004799,1e-04,0.062356263,0.0041482253,0.064406715,0.05775793269276619,0.04836917668581009,0.0028209153097122908,0.05311229079961777
2406,0.059082914143800735,1e-04,0.062337745,0.0041458975,0.06438864,0.05772504210472107,0.048432961106300354,0.0028271907940506935,0.05317133292555809
2407,0.05904142186045647,1e-04,0.062319234,0.004143571,0.06437057,0.057692207396030426,0.048496849834918976,0.002833483275026083,0.05323047190904617
2408,0.05899997055530548,1e-04,0.06230074,0.0041412483,0.064352535,0.05765942111611366,0.04856070876121521,0.00283978134393692,0.05328959971666336
2409,0.058958567678928375,1e-04,0.06228228,0.0041389302,0.06433452,0.05762667953968048,0.04862460494041443,0.002846089657396078,0.05334875360131264
2410,0.058917202055454254,1e-04,0.062263805,0.0041366112,0.064316496,0.05759399011731148,0.04868850111961365,0.002852407284080982,0.053407933562994
2411,0.058875881135463715,1e-04,0.06224538,0.0041342992,0.06429852,0.057561349123716354,0.04875244200229645,0.0028587356209754944,0.053467147052288055
2412,0.05883459746837616,1e-04,0.062226925,0.0041319844,0.06428051,0.05752875655889511,0.048816367983818054,0.0028650721069425344,0.053526367992162704
2413,0.058793362230062485,1e-04,0.062208522,0.0041296748,0.06426255,0.05749621242284775,0.04888031631708145,0.0028714172076433897,0.053585607558488846
2414,0.058752164244651794,1e-04,0.062190127,0.0041273697,0.064244606,0.05746372044086456,0.048944324254989624,0.002877776976674795,0.05364491418004036
2415,0.05871100723743439,1e-04,0.062171757,0.0041250675,0.06422669,0.05743127316236496,0.0490083172917366,0.0028841402381658554,0.053704190999269485
2416,0.05866989493370056,1e-04,0.06215338,0.0041227653,0.06420876,0.05739888176321983,0.04907236993312836,0.002890519332140684,0.05376354977488518
2417,0.05862882733345032,1e-04,0.062135037,0.0041204668,0.064190865,0.05736652761697769,0.049136385321617126,0.0028969014529138803,0.053822871297597885
2418,0.05858779698610306,1e-04,0.062116716,0.004118173,0.06417299,0.05733422935009003,0.04920042306184769,0.00290329335257411,0.05388221889734268
2419,0.05854681134223938,1e-04,0.062098403,0.004115881,0.06415513,0.057301975786685944,0.04926455020904541,0.002909701783210039,0.05394165217876434
2420,0.05850587040185928,1e-04,0.062080096,0.004113591,0.06413728,0.057269781827926636,0.04932866990566254,0.0029161181300878525,0.0540010929107666
2421,0.05846496671438217,1e-04,0.062061828,0.0041113044,0.06411945,0.05723762512207031,0.04939281940460205,0.002922543091699481,0.054060548543930054
2422,0.058424100279808044,1e-04,0.062043548,0.004109019,0.06410163,0.05720552057027817,0.049456946551799774,0.002928974572569132,0.05412000045180321
2423,0.058383285999298096,1e-04,0.062025305,0.004106739,0.064083844,0.057173456996679306,0.04952104389667511,0.002935411175712943,0.05417943373322487
2424,0.05834250524640083,1e-04,0.06200706,0.0041044583,0.064066045,0.05714145302772522,0.049585238099098206,0.0029418659396469593,0.05423897132277489
2425,0.05830176919698715,1e-04,0.061988857,0.004102185,0.0640483,0.05710948631167412,0.04964941740036011,0.002948325825855136,0.054298486560583115
2426,0.058261070400476456,1e-04,0.061970662,0.0040999115,0.06403055,0.057077571749687195,0.04971355199813843,0.0029547910671681166,0.05435799062252045
2427,0.05822042003273964,1e-04,0.06195247,0.0040976405,0.06401282,0.05704570561647415,0.049777768552303314,0.002961268648505211,0.05441753938794136
2428,0.05817980319261551,1e-04,0.06193428,0.0040953704,0.06399508,0.05701388418674469,0.0498419925570488,0.0029677562415599823,0.05447711795568466
2429,0.05813923478126526,1e-04,0.06191614,0.0040931064,0.06397739,0.05698211491107941,0.049906276166439056,0.002974258502945304,0.054536763578653336
2430,0.05809870362281799,1e-04,0.061898004,0.004090844,0.06395971,0.0569503977894783,0.0499706044793129,0.002980769844725728,0.0545964278280735
2431,0.05805820971727371,1e-04,0.061879873,0.0040885843,0.06394204,0.05691871792078018,0.05003487318754196,0.0029872851446270943,0.05465606227517128
2432,0.05801776051521301,1e-04,0.06186177,0.004086327,0.06392439,0.05688709393143654,0.05009923130273819,0.0029938174411654472,0.05471578612923622
2433,0.057977352291345596,1e-04,0.06184368,0.004084073,0.06390675,0.05685551464557648,0.05016355216503143,0.0030003522988408804,0.05477547273039818
2434,0.05793698877096176,1e-04,0.061825592,0.0040818215,0.06388914,0.0568239763379097,0.05022785812616348,0.003006895072758198,0.05483516305685043
2435,0.057896651327610016,1e-04,0.061807532,0.004079572,0.063871525,0.0567924901843071,0.05029219388961792,0.003013450652360916,0.05489490553736687
2436,0.05785636603832245,1e-04,0.061789498,0.004077325,0.063853934,0.05676104873418808,0.050356559455394745,0.0030200129840523005,0.054954644292593
2437,0.057816118001937866,1e-04,0.061771467,0.0040750825,0.06383637,0.05672965198755264,0.05042091757059097,0.0030265850946307182,0.05501440912485123
2438,0.05777590721845627,1e-04,0.06175345,0.0040728403,0.063818805,0.056698307394981384,0.050485335290431976,0.0030331690795719624,0.055074214935302734
2439,0.05773574113845825,1e-04,0.061735462,0.004070603,0.06380127,0.05666700378060341,0.05054967850446701,0.003039755392819643,0.05513397604227066
2440,0.05769561603665352,1e-04,0.06171748,0.004068366,0.06378374,0.05663575232028961,0.050614096224308014,0.003046357072889805,0.055193815380334854
2441,0.05765552818775177,1e-04,0.06169951,0.0040661325,0.06376623,0.0566045418381691,0.050678499042987823,0.0030529643408954144,0.055253636091947556
2442,0.057615481317043304,1e-04,0.061681557,0.004063902,0.06374874,0.05657338723540306,0.05074296146631241,0.003059585578739643,0.05531352013349533
2443,0.05757547542452812,1e-04,0.061663624,0.004061674,0.06373126,0.056542277336120605,0.05080743879079819,0.0030662138015031815,0.055373404175043106
2444,0.057535506784915924,1e-04,0.061645698,0.0040594474,0.0637138,0.05651120841503143,0.05087190866470337,0.0030728508718311787,0.05543329939246178
2445,0.057495586574077606,1e-04,0.061627775,0.004057223,0.06369633,0.05648019164800644,0.05093640834093094,0.0030794988851994276,0.05549323186278343
2446,0.057455696165561676,1e-04,0.06160989,0.0040550036,0.06367891,0.05644921958446503,0.051000915467739105,0.00308615411631763,0.05555316433310509
2447,0.05741585046052933,1e-04,0.061592013,0.004052786,0.06366149,0.0564182884991169,0.05106544494628906,0.0030928205233067274,0.05561313405632973
2448,0.057376038283109665,1e-04,0.06157415,0.004050571,0.063644096,0.05638740956783295,0.051129959523677826,0.0030994932167232037,0.05567309260368347
2449,0.057336270809173584,1e-04,0.061556306,0.004048358,0.06362671,0.056356579065322876,0.051194481551647186,0.0031061768531799316,0.0557330846786499
2450,0.057296544313430786,1e-04,0.06153846,0.0040461468,0.06360933,0.05632578581571579,0.05125900357961655,0.0031128660775721073,0.05579306557774544
2451,0.05725686252117157,1e-04,0.061520666,0.004043941,0.06359199,0.056295037269592285,0.051323555409908295,0.0031195650808513165,0.055853065103292465
2452,0.05721720680594444,1e-04,0.061502844,0.0040417346,0.063574634,0.056264329701662064,0.05138804018497467,0.0031262673437595367,0.055913034826517105
2453,0.057177599519491196,1e-04,0.06148507,0.004039533,0.06355732,0.05623367801308632,0.05145259201526642,0.00313298380933702,0.05597306415438652
2454,0.05713802948594093,1e-04,0.0614673,0.004037333,0.06354001,0.056203074753284454,0.051517195999622345,0.0031397142447531223,0.05603315308690071
2455,0.05709849298000336,1e-04,0.06144954,0.0040351353,0.06352271,0.05617251247167587,0.05158175528049469,0.003146446542814374,0.05609319359064102
2456,0.05705900490283966,1e-04,0.061431795,0.004032939,0.063505426,0.056141987442970276,0.05164632946252823,0.003153187222778797,0.056153248995542526
2457,0.05701954662799835,1e-04,0.06141405,0.004030745,0.06348815,0.056111522018909454,0.051710985600948334,0.0031599458307027817,0.056213393807411194
2458,0.056980133056640625,1e-04,0.061396334,0.0040285555,0.0634709,0.05608109384775162,0.05177558213472366,0.0031667063012719154,0.05627349391579628
2459,0.056940749287605286,1e-04,0.061378643,0.004026368,0.06345367,0.056050706654787064,0.05184021592140198,0.0031734779477119446,0.05633363127708435
2460,0.056901413947343826,1e-04,0.061360966,0.0040241843,0.063436456,0.056020379066467285,0.05190485715866089,0.00318025890737772,0.056393783539533615
2461,0.05686211585998535,1e-04,0.061343282,0.0040220004,0.063419245,0.05599008873105049,0.05196954309940338,0.0031870498787611723,0.05645396187901497
2462,0.05682285875082016,1e-04,0.06132562,0.0040198197,0.06340205,0.055959850549697876,0.05203423649072647,0.0031938524916768074,0.056514181196689606
2463,0.05678363889455795,1e-04,0.061307997,0.004017644,0.06338489,0.05592964217066765,0.05209887772798538,0.0032006569672375917,0.056574348360300064
2464,0.05674445629119873,1e-04,0.061290383,0.00401547,0.06336774,0.0558994859457016,0.05216351896524429,0.0032074693590402603,0.05663452297449112
2465,0.05670531094074249,1e-04,0.06127275,0.0040132944,0.063350566,0.05586937442421913,0.05222819000482559,0.0032142912968993187,0.056694719940423965
2466,0.05666620656847954,1e-04,0.061255157,0.004011126,0.06333345,0.05583930388092995,0.052292853593826294,0.0032211216166615486,0.05675492435693741
2467,0.05662713944911957,1e-04,0.06123757,0.0040089567,0.06331632,0.055809278041124344,0.052357494831085205,0.003227959154173732,0.05681513249874115
2468,0.05658810958266258,1e-04,0.06122,0.0040067914,0.063299224,0.05577930435538292,0.05242221802473068,0.0032348111271858215,0.05687540024518967
2469,0.05654912069439888,1e-04,0.061202455,0.0040046293,0.06328214,0.05574936792254448,0.052486926317214966,0.00324166938662529,0.05693566054105759
2470,0.05651016905903816,1e-04,0.061184924,0.00400247,0.06326508,0.05571947246789932,0.05255160480737686,0.003248532535508275,0.056995898485183716
2471,0.05647125095129013,1e-04,0.061167378,0.0040003085,0.06324799,0.05568963289260864,0.052616335451602936,0.0032554094213992357,0.05705619603395462
2472,0.05643237754702568,1e-04,0.06114989,0.0039981566,0.06323098,0.05565983057022095,0.052681080996990204,0.003262295387685299,0.05711650848388672
2473,0.056393541395664215,1e-04,0.061132386,0.003996002,0.06321394,0.055630072951316833,0.052745841443538666,0.003269190900027752,0.05717683956027031
2474,0.05635473504662514,1e-04,0.061114896,0.0039938507,0.06319692,0.0556003674864769,0.05281062424182892,0.0032760940957814455,0.0572371743619442
2475,0.05631597340106964,1e-04,0.061097432,0.003991704,0.06317993,0.05557069182395935,0.05287536233663559,0.0032830049749463797,0.057297512888908386
2476,0.05627724528312683,1e-04,0.061079968,0.0039895573,0.063162945,0.05554107576608658,0.052940137684345245,0.0032899254001677036,0.057357870042324066
2477,0.0562385618686676,1e-04,0.06106252,0.0039874124,0.06314596,0.05551149696111679,0.05300488322973251,0.0032968507148325443,0.057418208569288254
2478,0.05619991570711136,1e-04,0.06104512,0.003985274,0.06312903,0.05548195540904999,0.05306962877511978,0.003303786041215062,0.05747856944799423
2479,0.0561612993478775,1e-04,0.061027676,0.0039831325,0.063112065,0.05545245483517647,0.05313435196876526,0.003310725325718522,0.05753890424966812
2480,0.05612272769212723,1e-04,0.06101029,0.0039809975,0.063095145,0.055423006415367126,0.05319913476705551,0.0033176783472299576,0.05759929120540619
2481,0.05608418956398964,1e-04,0.06099291,0.0039788634,0.06307823,0.05539359524846077,0.053263865411281586,0.0033246357925236225,0.057659655809402466
2482,0.056045688688755035,1e-04,0.06097552,0.003976729,0.06306131,0.055364228785037994,0.05332859605550766,0.003331599524244666,0.05772000923752785
2483,0.056007228791713715,1e-04,0.060958188,0.003974603,0.06304445,0.0553349032998085,0.05339336395263672,0.0033385760616511106,0.05778041109442711
2484,0.05596880242228508,1e-04,0.060940843,0.003972476,0.06302758,0.05530562251806259,0.05345810949802399,0.0033455579541623592,0.057840798050165176
2485,0.05593041330575943,1e-04,0.0609235,0.0039703497,0.06301071,0.05527639016509056,0.05352289229631424,0.003352551721036434,0.05790122225880623
2486,0.05589206516742706,1e-04,0.060906187,0.003968227,0.06299387,0.055247195065021515,0.0535876601934433,0.0033595506101846695,0.05796163156628609
2487,0.05585375428199768,1e-04,0.060888905,0.0039661103,0.06297706,0.05521804466843605,0.05365249514579773,0.0033665653318166733,0.058022111654281616
2488,0.05581546947360039,1e-04,0.0608716,0.00396399,0.06296023,0.05518893897533417,0.05371730029582977,0.003373584244400263,0.058082565665245056
2489,0.05577723681926727,1e-04,0.060854334,0.003961877,0.06294344,0.05515987426042557,0.05378209054470062,0.0033806089777499437,0.0581430047750473
2490,0.05573903024196625,1e-04,0.060837056,0.003959762,0.06292664,0.05513085797429085,0.05384691059589386,0.003387648146599531,0.05820350721478462
2491,0.055700864642858505,1e-04,0.060819816,0.003957652,0.06290987,0.05510188266634941,0.05391170084476471,0.003394689876586199,0.05826396867632866
2492,0.05566273629665375,1e-04,0.06080258,0.0039555435,0.062893115,0.05507294461131096,0.05397649109363556,0.003401738591492176,0.0583244264125824
2493,0.055624645203351974,1e-04,0.060785357,0.0039534373,0.062876366,0.05504404753446579,0.05404123663902283,0.003408792894333601,0.05838486924767494
2494,0.055586591362953186,1e-04,0.06076814,0.003951332,0.062859625,0.0550151988863945,0.05410604923963547,0.0034158609341830015,0.058445367962121964
2495,0.05554856359958649,1e-04,0.06075095,0.003949232,0.06284291,0.0549863837659359,0.05417083203792572,0.0034229340963065624,0.05850584805011749
2496,0.05551058053970337,1e-04,0.060733754,0.00394713,0.06282619,0.054957613348960876,0.05423562228679657,0.003430015640333295,0.05856633558869362
2497,0.055472634732723236,1e-04,0.0607166,0.003945034,0.062809505,0.05492889881134033,0.05430042743682861,0.0034371078945696354,0.05862685292959213
2498,0.055434729903936386,1e-04,0.06069945,0.003942941,0.06279284,0.05490020662546158,0.054365187883377075,0.0034442017786204815,0.058687321841716766
2499,0.055396854877471924,1e-04,0.0606823,0.0039408472,0.06277617,0.0548715703189373,0.054430022835731506,0.003451312892138958,0.058747876435518265
2500,0.05535901337862015,1e-04,0.060665164,0.0039387555,0.0627595,0.05484297126531601,0.054494842886924744,0.003458429127931595,0.05880840867757797
2501,0.055321209132671356,1e-04,0.060648054,0.0039366684,0.062742874,0.054814413189888,0.05455964058637619,0.003465551184490323,0.05886893346905708
2502,0.05528344586491585,1e-04,0.060630966,0.003934585,0.062726274,0.05478589981794357,0.05462440103292465,0.0034726776648312807,0.058929428458213806
2503,0.055245719850063324,1e-04,0.06061386,0.0039325,0.062709644,0.05475742369890213,0.054689183831214905,0.0034798146225512028,0.05898995324969292
2504,0.055208031088113785,1e-04,0.060596805,0.00393042,0.06269306,0.05472898855805397,0.05475396662950516,0.0034869592636823654,0.059050481766462326
2505,0.055170368403196335,1e-04,0.060579736,0.0039283405,0.062676474,0.05470059812068939,0.0548187792301178,0.003494114149361849,0.059111032634973526
2506,0.055132750421762466,1e-04,0.06056269,0.003926264,0.06265991,0.054672252386808395,0.05488356202840805,0.003501275787129998,0.05917157977819443
2507,0.055095162242650986,1e-04,0.060545642,0.0039241887,0.06264334,0.05464393272995949,0.054948315024375916,0.003508442547172308,0.05923210829496384
2508,0.05505761131644249,1e-04,0.060528632,0.003922118,0.06262682,0.05461566895246506,0.05501309782266617,0.0035156188532710075,0.05929265543818474
2509,0.05502010136842728,1e-04,0.060511608,0.003920046,0.06261027,0.05458745360374451,0.05507791042327881,0.003522806568071246,0.059353236109018326
2510,0.05498262494802475,1e-04,0.06049462,0.0039179795,0.062593766,0.054559268057346344,0.05514270067214966,0.003529999637976289,0.05941380187869072
2511,0.05494517832994461,1e-04,0.06047763,0.003915913,0.062577255,0.054531123489141464,0.05520748347043991,0.0035372008569538593,0.05947437137365341
2512,0.054907772690057755,1e-04,0.060460668,0.0039138505,0.062560774,0.05450301617383957,0.05527224391698837,0.0035444064997136593,0.05953491851687431
2513,0.054870396852493286,1e-04,0.06044371,0.003911789,0.06254429,0.05447496473789215,0.05533706396818161,0.0035516261123120785,0.05959552153944969
2514,0.0548330694437027,1e-04,0.06042676,0.003909731,0.06252784,0.05444693937897682,0.05540180206298828,0.003558846190571785,0.059656064957380295
2515,0.0547957643866539,1e-04,0.060409814,0.0039076717,0.06251137,0.054418954998254776,0.05546657741069794,0.003566077444702387,0.059716641902923584
2516,0.054758500307798386,1e-04,0.060392905,0.0039056188,0.06249495,0.05439101904630661,0.05553136020898819,0.0035733189433813095,0.05977724492549896
2517,0.05472126975655556,1e-04,0.060376,0.0039035662,0.062478527,0.05436312034726143,0.055596135556697845,0.0035805669613182545,0.059837840497493744
2518,0.05468406900763512,1e-04,0.06035909,0.003901514,0.0624621,0.05433526262640953,0.05566085875034332,0.003587815910577774,0.05989838019013405
2519,0.05464691296219826,1e-04,0.06034221,0.0038994655,0.0624457,0.054307445883750916,0.05572562664747238,0.0035950792953372,0.05995897948741913
2520,0.05460978299379349,1e-04,0.060325336,0.0038974192,0.062429313,0.05427966266870499,0.05579036474227905,0.0036023485008627176,0.06001956760883331
2521,0.0545726902782917,1e-04,0.060308497,0.0038953766,0.06241295,0.05425192788243294,0.055855073034763336,0.003609620500355959,0.06008011847734451
2522,0.0545356422662735,1e-04,0.060291648,0.0038933351,0.062396597,0.05422423034906387,0.055919840931892395,0.0036169057711958885,0.06014071777462959
2523,0.054498620331287384,1e-04,0.06027482,0.0038912955,0.06238025,0.054196570068597794,0.05598454922437668,0.0036241943016648293,0.06020127981901169
2524,0.054461635649204254,1e-04,0.060258,0.0038892587,0.062363923,0.054168958216905594,0.05604928731918335,0.0036314940080046654,0.06026187911629677
2525,0.05442468822002411,1e-04,0.060241193,0.0038872224,0.062347595,0.05414138361811638,0.05611405521631241,0.0036388044245541096,0.06032250449061394
2526,0.05438777059316635,1e-04,0.060224395,0.0038851898,0.06233129,0.05411384999752045,0.05617878586053848,0.0036461183335632086,0.06038309633731842
2527,0.05435089021921158,1e-04,0.060207624,0.00388316,0.062315006,0.0540863499045372,0.056243471801280975,0.0036534355022013187,0.06044365465641022
2528,0.05431404709815979,1e-04,0.060190853,0.003881131,0.062298726,0.05405889451503754,0.05630817264318466,0.0036607636138796806,0.0605042427778244
2529,0.05427723377943039,1e-04,0.06017408,0.003879102,0.062282436,0.05403146892786026,0.05637286603450775,0.0036680970806628466,0.06056481599807739
2530,0.05424044653773308,1e-04,0.06015734,0.0038770773,0.062266182,0.05400409549474716,0.056437574326992035,0.0036754412576556206,0.06062541902065277
2531,0.054203711450099945,1e-04,0.060140606,0.0038750551,0.06224994,0.05397675558924675,0.05650220811367035,0.0036827856674790382,0.060685958713293076
2532,0.0541670061647892,1e-04,0.0601239,0.0038730362,0.062233724,0.05394946038722992,0.05656689405441284,0.0036901431158185005,0.06074654683470726
2533,0.05413033440709114,1e-04,0.06010719,0.0038710171,0.0622175,0.053922198712825775,0.056631624698638916,0.0036975122056901455,0.06080717220902443
2534,0.05409368872642517,1e-04,0.060090493,0.0038690006,0.06220129,0.05389497056603432,0.05669625103473663,0.0037048794329166412,0.06086771935224533
2535,0.05405707657337189,1e-04,0.06007381,0.0038669873,0.062185105,0.05386779457330704,0.05676090717315674,0.003712258068844676,0.06092830374836922
2536,0.05402051657438278,1e-04,0.060057152,0.0038649763,0.062168933,0.053840648382902145,0.056825533509254456,0.0037196408957242966,0.060988858342170715
2537,0.05398397147655487,1e-04,0.060040485,0.0038629652,0.06215276,0.053813543170690536,0.05689014494419098,0.0037270300090312958,0.06104940548539162
2538,0.05394746735692024,1e-04,0.060023844,0.0038609577,0.062136605,0.05378647521138191,0.05695478618144989,0.0037344289012253284,0.06110997498035431
2539,0.0539109967648983,1e-04,0.060007203,0.0038589507,0.062120453,0.05375944823026657,0.05701933056116104,0.0037418287247419357,0.061170488595962524
2540,0.05387456715106964,1e-04,0.059990585,0.0038569474,0.062104326,0.05373246222734451,0.057083964347839355,0.003749243915081024,0.06123106926679611
2541,0.05383816361427307,1e-04,0.05997398,0.003854946,0.06208821,0.05370551347732544,0.057148560881614685,0.003756661666557193,0.061291612684726715
2542,0.053801797330379486,1e-04,0.05995737,0.0038529448,0.062072095,0.05367860943078995,0.05721321702003479,0.0037640954833477736,0.06135222315788269
2543,0.05376546457409859,1e-04,0.059940785,0.0038509488,0.062056012,0.05365174636244774,0.05727781355381012,0.0037715286016464233,0.06141277402639389
2544,0.05372916907072067,1e-04,0.059924215,0.0038489534,0.062039934,0.05362490564584732,0.05734235793352127,0.003778966376557946,0.061473298817873
2545,0.05369289591908455,1e-04,0.05990764,0.003846958,0.062023852,0.053598105907440186,0.05740688741207123,0.003786411602050066,0.06153382360935211
2546,0.05365666002035141,1e-04,0.059891086,0.0038449655,0.062007785,0.05357135832309723,0.057471491396427155,0.003793869400396943,0.061594393104314804
2547,0.053620465099811554,1e-04,0.059874553,0.003842977,0.06199175,0.05354463681578636,0.05753599852323532,0.003801328130066395,0.06165491044521332
2548,0.053584299981594086,1e-04,0.059858035,0.0038409906,0.061975725,0.05351795256137848,0.05760049819946289,0.003808791283518076,0.06171540543437004
2549,0.05354815721511841,1e-04,0.059841495,0.0038390018,0.06195968,0.05349130183458328,0.05766493082046509,0.0038162546698004007,0.06177584081888199
2550,0.05351206660270691,1e-04,0.059825014,0.003837021,0.06194369,0.053464703261852264,0.05772947520017624,0.0038237408734858036,0.061836402863264084
2551,0.0534760020673275,1e-04,0.059808522,0.003835039,0.06192769,0.053438134491443634,0.05779394507408142,0.003831224050372839,0.06189688295125961
2552,0.05343996733427048,1e-04,0.059792038,0.003833059,0.061911702,0.05341160297393799,0.0578584223985672,0.0038387172389775515,0.061957381665706635
2553,0.05340396612882614,1e-04,0.05977558,0.003831083,0.061895743,0.05338510870933533,0.057922862470149994,0.0038462127558887005,0.06201784312725067
2554,0.05336800217628479,1e-04,0.05975911,0.003829106,0.06187977,0.05335865914821625,0.05798735469579697,0.0038537238724529743,0.06207836791872978
2555,0.053332068026065826,1e-04,0.05974267,0.0038271332,0.06186383,0.053332239389419556,0.05805177241563797,0.003861233126372099,0.06213882192969322
2556,0.05329617112874985,1e-04,0.059726242,0.0038251628,0.0618479,0.053305868059396744,0.058116234838962555,0.0038687570486217737,0.06219933182001114
2557,0.053260304033756256,1e-04,0.059709817,0.0038231926,0.06183197,0.05327952653169632,0.05818064510822296,0.0038762835320085287,0.06225980818271637
2558,0.05322447046637535,1e-04,0.059693407,0.003821225,0.061816055,0.05325322598218918,0.058245062828063965,0.003883814439177513,0.06232025846838951
2559,0.053188666701316833,1e-04,0.059677,0.0038192587,0.061800152,0.053226958960294724,0.05830943584442139,0.0038913507014513016,0.06238069012761116
2560,0.0531529076397419,1e-04,0.05966063,0.0038172968,0.061784275,0.05320072919130325,0.05837380886077881,0.003898897673934698,0.062441155314445496
2561,0.053117167204618454,1e-04,0.059644252,0.0038153345,0.061768394,0.053174540400505066,0.05843818932771683,0.003906448371708393,0.06250158697366714
2562,0.05308146774768829,1e-04,0.059627872,0.003813373,0.061752513,0.05314837768673897,0.05850248038768768,0.003914001397788525,0.06256198137998581
2563,0.053045790642499924,1e-04,0.059611518,0.0038114153,0.061736662,0.05312225967645645,0.058566831052303314,0.003921566531062126,0.06262241303920746
2564,0.05301015451550484,1e-04,0.059595183,0.0038094597,0.061720822,0.05309617891907692,0.058631181716918945,0.003929137717932463,0.06268283724784851
2565,0.052974551916122437,1e-04,0.05957887,0.0038075082,0.06170501,0.05307013541460037,0.058695435523986816,0.003936709836125374,0.06274320185184479
2566,0.05293898284435272,1e-04,0.059562545,0.0038055554,0.061689183,0.05304412543773651,0.05875974893569946,0.003944294527173042,0.06280361860990524
2567,0.0529034361243248,1e-04,0.059546232,0.003803605,0.061673373,0.053018148988485336,0.05882399529218674,0.003951879683881998,0.06286397576332092
2568,0.05286792665719986,1e-04,0.05952994,0.0038016587,0.061657593,0.05299222096800804,0.0588882714509964,0.003959476016461849,0.06292437016963959
2569,0.052832458168268204,1e-04,0.05951366,0.0037997116,0.0616418,0.052966322749853134,0.05895250290632248,0.003967074677348137,0.06298471987247467
2570,0.05279701575636864,1e-04,0.059497386,0.0037977684,0.061626036,0.05294046178460121,0.05901673436164856,0.0039746821857988834,0.06304507702589035
2571,0.05276160314679146,1e-04,0.059481114,0.003795825,0.061610267,0.05291463062167168,0.059080928564071655,0.003982291556894779,0.06310539692640305
2572,0.052726224064826965,1e-04,0.059464853,0.0037938834,0.06159451,0.05288884788751602,0.059145115315914154,0.003989911172538996,0.06316574662923813
2573,0.052690885961055756,1e-04,0.05944863,0.0037919462,0.06157878,0.052863091230392456,0.05920928716659546,0.003997533582150936,0.06322605162858963
2574,0.05265557020902634,1e-04,0.059432387,0.0037900081,0.06156304,0.05283737927675247,0.05927343666553497,0.004005162511020899,0.06328635662794113
2575,0.0526202917098999,1e-04,0.059416186,0.0037880756,0.061547346,0.052811700850725174,0.059337615966796875,0.004012802615761757,0.06334668397903442
2576,0.05258503928780556,1e-04,0.059399966,0.003786142,0.061531633,0.052786048501729965,0.05940171331167221,0.004020442254841328,0.06340695917606354
2577,0.0525498166680336,1e-04,0.05938377,0.0037842107,0.06151594,0.05276043713092804,0.05946583300828934,0.004028089344501495,0.06346722692251205
2578,0.05251462757587433,1e-04,0.059367582,0.0037822814,0.061500255,0.0527348667383194,0.059529878199100494,0.004035737831145525,0.06352745741605759
2579,0.05247948318719864,1e-04,0.059351426,0.0037803564,0.0614846,0.05270933359861374,0.059593990445137024,0.0040434012189507484,0.0635877475142479
2580,0.05244436115026474,1e-04,0.05933526,0.0037784309,0.061468944,0.05268383398652077,0.05965805798768997,0.004051068797707558,0.06364800781011581
2581,0.05240926891565323,1e-04,0.059319094,0.0037765056,0.06145328,0.05265836417675018,0.05972202867269516,0.0040587326511740685,0.06370818614959717
2582,0.052374217659235,1e-04,0.05930296,0.0037745852,0.06143765,0.05263293907046318,0.05978608876466751,0.004066413268446922,0.0637684315443039
2583,0.05233918875455856,1e-04,0.059286814,0.0037726646,0.06142202,0.05260754004120827,0.05985007435083389,0.004074093420058489,0.06382862478494644
2584,0.052304189652204514,1e-04,0.059270706,0.003770747,0.061406408,0.05258218199014664,0.05991405248641968,0.004081781022250652,0.06388881802558899
2585,0.052269235253334045,1e-04,0.059254605,0.0037688327,0.061390817,0.052556850016117096,0.059978000819683075,0.004089472349733114,0.06394898146390915
2586,0.05223429575562477,1e-04,0.059238505,0.0037669179,0.061375223,0.052531562745571136,0.060041941702365875,0.004097171127796173,0.0640091523528099
2587,0.05219939351081848,1e-04,0.05922242,0.0037650063,0.061359648,0.05250630900263786,0.06010589748620987,0.004104879684746265,0.06406933814287186
2588,0.05216452479362488,1e-04,0.05920634,0.0037630955,0.061344076,0.05248109623789787,0.06016983836889267,0.004112592898309231,0.06412950158119202
2589,0.05212968960404396,1e-04,0.059190277,0.003761188,0.061328523,0.05245592072606087,0.06023373454809189,0.004120309837162495,0.06418964266777039
2590,0.052094895392656326,1e-04,0.05917424,0.0037592836,0.061312996,0.05243076756596565,0.06029759347438812,0.004128029569983482,0.06424974650144577
2591,0.05206011235713959,1e-04,0.05915818,0.0037573765,0.061297443,0.05240565165877342,0.06036141514778137,0.0041357544250786304,0.06430982798337936
2592,0.05202537029981613,1e-04,0.05914216,0.0037554747,0.061281927,0.05238056927919388,0.060425229370594025,0.004143483471125364,0.06436989456415176
2593,0.051990658044815063,1e-04,0.059126135,0.0037535736,0.061266415,0.05235551670193672,0.060488976538181305,0.004151215776801109,0.06442993134260178
2594,0.05195597559213638,1e-04,0.059110116,0.003751673,0.061250903,0.05233050882816315,0.06055275350809097,0.004158956930041313,0.06448997557163239
2595,0.05192133039236069,1e-04,0.05909412,0.003749776,0.061235413,0.05230553075671196,0.06061650067567825,0.004166703205555677,0.0645500048995018
2596,0.05188671126961708,1e-04,0.059078146,0.0037478816,0.061219946,0.05228058993816376,0.06068021059036255,0.004174451809376478,0.06460999697446823
2597,0.05185212567448616,1e-04,0.05906215,0.0037459861,0.061204463,0.05225568264722824,0.06074395775794983,0.004182213451713324,0.06467003375291824
2598,0.05181756243109703,5e-05,0.059046183,0.0037440944,0.061189007,0.05223391577601433,0.060697413980960846,0.004176760092377663,0.06462785601615906
2599,0.05180030316114426,5e-05,0.059038203,0.003743149,0.06118128,0.05221222713589668,0.060651496052742004,0.0041713896207511425,0.06458629667758942
2600,0.05178304389119148,5e-05,0.059030235,0.0037422043,0.06117356,0.052190639078617096,0.06060630828142166,0.004166109021753073,0.0645454004406929
2601,0.051765792071819305,5e-05,0.059022263,0.0037412595,0.061165836,0.05216915160417557,0.06056181341409683,0.0041609155014157295,0.06450515985488892
2602,0.051748551428318024,5e-05,0.05901429,0.003740315,0.061158117,0.0521477647125721,0.06051799654960632,0.004155807197093964,0.06446555256843567
2603,0.051731329411268234,2.5e-05,0.059006345,0.003739372,0.061150406,0.05212804675102234,0.060419961810112,0.004144233651459217,0.06437572091817856
2604,0.05172271281480789,2.5e-05,0.05900235,0.003738898,0.06114653,0.05210849270224571,0.06032305210828781,0.00413281237706542,0.06428695470094681
2605,0.051714107394218445,2.5e-05,0.058998387,0.0037384282,0.061142687,0.05208908021450043,0.060227200388908386,0.004121535457670689,0.06419918686151505
2606,0.051705501973629,2.5e-05,0.0589944,0.0037379563,0.061138827,0.05206981673836708,0.06013243645429611,0.00411040335893631,0.06411242485046387
2607,0.05169690027832985,2.5e-05,0.058990434,0.003737485,0.061134975,0.052050698548555374,0.06003875285387039,0.004099417943507433,0.06402669847011566
2608,0.051688291132450104,1.25e-05,0.058986444,0.003737012,0.061131105,0.052032552659511566,0.05991877615451813,0.004085337743163109,0.0639166459441185
2609,0.05168398842215538,1.25e-05,0.058984447,0.0037367751,0.061129168,0.05201457813382149,0.05980006605386734,0.004071434494107962,0.06380779296159744
2610,0.05167968571186066,1.25e-05,0.058982473,0.0037365407,0.06112725,0.051996782422065735,0.05968257039785385,0.004057701677083969,0.06370009481906891
2611,0.05167538672685623,1.25e-05,0.058980476,0.0037363041,0.061125316,0.05197915807366371,0.059566304087638855,0.0040441397577524185,0.0635935515165329
2612,0.05167108401656151,1.25e-05,0.05897848,0.0037360678,0.061123382,0.05196169763803482,0.059451282024383545,0.004030750133097172,0.0634881854057312
2613,0.051666781306266785,1.25e-05,0.0589765,0.0037358329,0.06112146,0.05194441229104996,0.059337466955184937,0.004017525352537632,0.06338395178318024
2614,0.05166248232126236,6.25e-06,0.05897451,0.003735597,0.06111953,0.05192771553993225,0.05921109765768051,0.004002859815955162,0.06326815485954285
2615,0.051660336554050446,6.25e-06,0.05897351,0.003735479,0.061118565,0.05191120505332947,0.05908610671758652,0.003988384734839201,0.06315366178750992
2616,0.051658179610967636,6.25e-06,0.058972497,0.0037353588,0.061117582,0.05189486965537071,0.0589623749256134,0.003974085673689842,0.0630403459072113
2617,0.051656026393175125,6.25e-06,0.058971513,0.0037352417,0.061116625,0.05187872052192688,0.05883993208408356,0.00395996542647481,0.06292825937271118
2618,0.05165387690067291,6.25e-06,0.058970507,0.0037351225,0.06111565,0.05186273157596588,0.05871867388486862,0.003946011420339346,0.06281728297472
2619,0.0516517236828804,6.25e-06,0.0589695,0.0037350033,0.061114673,0.05184691399335861,0.05859864503145218,0.003932229243218899,0.06270749121904373
2620,0.05164957046508789,3.125e-06,0.058968514,0.0037348864,0.06111372,0.051831506192684174,0.05847308039665222,0.003917833790183067,0.06259260326623917
2621,0.051648497581481934,3.125e-06,0.058968026,0.0037348282,0.061113242,0.051816266030073166,0.058348752558231354,0.003903611795976758,0.062478892505168915
2622,0.05164742097258568,3.125e-06,0.058967505,0.0037347674,0.061112743,0.05180119350552559,0.058225661516189575,0.0038895606994628906,0.06236634403467178
2623,0.05164634436368942,3.125e-06,0.05896702,0.0037347095,0.06111227,0.05178629979491234,0.05810382962226868,0.0038756830617785454,0.06225498393177986
2624,0.05164526775479317,3.125e-06,0.058966517,0.0037346494,0.061111778,0.05177156999707222,0.057983189821243286,0.0038619721308350563,0.06214476749300957
2625,0.051644183695316315,3.125e-06,0.058966,0.0037345893,0.061111286,0.051757004112005234,0.05786377936601639,0.0038484276738017797,0.0620356984436512
2626,0.05164310708642006,3.125e-06,0.058965515,0.0037345316,0.061110813,0.05174260959029198,0.057745590806007385,0.0038350489921867847,0.06192777305841446
2627,0.051642030477523804,1.5625e-06,0.058964998,0.0037344703,0.061110314,0.05172848701477051,0.05762512981891632,0.003821440041065216,0.061817798763513565
2628,0.05164148658514023,1.5625e-06,0.058964748,0.0037344403,0.061110068,0.05171453580260277,0.05750593543052673,0.003808000823482871,0.061709001660346985
2629,0.05164094641804695,1.5625e-06,0.058964506,0.0037344124,0.061109837,0.05170074850320816,0.05738786607980728,0.003794716903939843,0.06160127371549606
2630,0.05164041370153427,1.5625e-06,0.058964252,0.0037343826,0.061109595,0.05168711766600609,0.05727104842662811,0.003781599923968315,0.06149471551179886
2631,0.051639869809150696,1.5625e-06,0.058964003,0.0037343528,0.06110935,0.05167364329099655,0.05715535581111908,0.003768638474866748,0.06138923764228821
2632,0.05163932591676712,1.5625e-06,0.058963746,0.003734322,0.0611091,0.05166032537817955,0.05704081058502197,0.0037558311596512794,0.06128483638167381
2633,0.05163878947496414,1.5625e-06,0.058963504,0.003734294,0.061108872,0.051647160202264786,0.05692736804485321,0.003743171226233244,0.06118146330118179
2634,0.051638249307870865,7.8125e-07,0.058963228,0.003734262,0.061108608,0.05163421109318733,0.05681339651346207,0.0037304789293557405,0.06107764691114426
2635,0.051637981086969376,7.8125e-07,0.05896313,0.0037342496,0.061108507,0.05162140727043152,0.05670050531625748,0.0037179305218160152,0.060974836349487305
2636,0.05163770914077759,7.8125e-07,0.058962997,0.003734234,0.06110838,0.05160875990986824,0.05658882111310959,0.003705540904775262,0.06087315455079079
2637,0.0516374409198761,7.8125e-07,0.05896288,0.003734221,0.061108273,0.0515962578356266,0.05647820234298706,0.003693293547257781,0.060772474855184555
2638,0.05163716897368431,7.8125e-07,0.058962744,0.0037342042,0.061108135,0.0515839084982872,0.056368693709373474,0.0036811952013522387,0.06067285314202309
2639,0.05163689702749252,7.8125e-07,0.058962613,0.003734189,0.06110801,0.051571689546108246,0.056260257959365845,0.003669237019494176,0.06057422608137131
2640,0.051636628806591034,7.8125e-07,0.058962494,0.0037341744,0.061107893,0.05155961960554123,0.05615290254354477,0.003657420165836811,0.06047660857439041
2641,0.051636356860399246,7.8125e-07,0.058962356,0.0037341586,0.061107762,0.051547691226005554,0.05604662746191025,0.0036457472015172243,0.06038002297282219
2642,0.05163608491420746,3.90625e-07,0.058962226,0.0037341425,0.06110763,0.05153592675924301,0.05594055354595184,0.003634116379544139,0.06028363108634949
2643,0.051635950803756714,3.90625e-07,0.05896217,0.0037341367,0.061107583,0.05152431130409241,0.05583552271127701,0.0036226205993443727,0.060188211500644684
2644,0.05163581669330597,3.90625e-07,0.058962096,0.0037341274,0.061107505,0.05151281878352165,0.05573149770498276,0.003611259628087282,0.06009375676512718
2645,0.051635678857564926,3.90625e-07,0.058962032,0.00373412,0.061107446,0.05150146782398224,0.05562856048345566,0.0036000360269099474,0.06000030040740967
2646,0.05163554474711418,1.953125e-07,0.058961973,0.0037341125,0.061107386,0.051490262150764465,0.05552618205547333,0.0035888950806111097,0.05990738794207573
2647,0.05163548141717911,1.953125e-07,0.05896194,0.0037341092,0.06110736,0.051479194313287735,0.05542488396167755,0.0035778903402388096,0.05981547012925148
2648,0.05163541063666344,1.953125e-07,0.058961917,0.0037341062,0.061107334,0.05146825686097145,0.05532453954219818,0.003567011561244726,0.059724465012550354
2649,0.05163534730672836,1.953125e-07,0.05896187,0.0037341008,0.06110729,0.05145743861794472,0.05522516369819641,0.0035562547855079174,0.05963434278964996
2650,0.05163528025150299,1.953125e-07,0.058961835,0.0037340962,0.06110725,0.05144675076007843,0.055126845836639404,0.0035456351470202208,0.05954523757100105
2651,0.05163521319627762,1e-07,0.058961812,0.0037340948,0.06110724,0.05143619328737259,0.05502926558256149,0.003535111667588353,0.059456806629896164
2652,0.051635175943374634,1e-07,0.05896179,0.003734092,0.06110722,0.051425762474536896,0.0549326166510582,0.0035247080959379673,0.059369251132011414
2653,0.051635146141052246,1e-07,0.05896178,0.0037340904,0.061107203,0.05141543969511986,0.0548369437456131,0.003514427226036787,0.05928260460495949
2654,0.051635101437568665,1e-07,0.05896176,0.0037340878,0.061107185,0.051405251026153564,0.054742246866226196,0.0035042688250541687,0.05919686332345009
2655,0.05163507163524628,1e-07,0.058961738,0.0037340864,0.06110717,0.05139517784118652,0.0546485111117363,0.0034942319616675377,0.059112027287483215
2656,0.051635030657052994,1e-07,0.05896173,0.0037340845,0.061107155,0.05138522386550903,0.05455567687749863,0.0034843082539737225,0.059028029441833496
2657,0.05163499712944031,1e-07,0.0589617,0.0037340813,0.06110713,0.0513753779232502,0.05446375906467438,0.0034744986332952976,0.05894487723708153
2658,0.05163495987653732,1e-07,0.058961693,0.0037340808,0.061107125,0.051365647464990616,0.054372720420360565,0.0034648003056645393,0.058862555772066116
2659,0.05163492262363434,1e-07,0.058961663,0.0037340776,0.0611071,0.051356032490730286,0.054282642900943756,0.00345521979033947,0.05878111720085144
2660,0.05163489282131195,1e-07,0.058961656,0.0037340762,0.061107088,0.05134652927517891,0.05419342219829559,0.0034457456786185503,0.058700475841760635
2661,0.051634855568408966,1e-07,0.05896164,0.0037340738,0.06110707,0.05133712664246559,0.05410508066415787,0.0034363814629614353,0.05862065777182579
2662,0.05163481831550598,1e-07,0.05896162,0.003734072,0.061107054,0.051327839493751526,0.05401763319969177,0.0034271287731826305,0.058541685342788696
2663,0.0516347773373127,1e-07,0.0589616,0.0037340699,0.061107036,0.051318660378456116,0.05393107980489731,0.003417982254177332,0.05846351385116577
2664,0.05163475126028061,1e-07,0.05896159,0.003734069,0.06110703,0.05130958557128906,0.0538453683257103,0.003408940974622965,0.05838613584637642
2665,0.051634710282087326,1e-07,0.05896157,0.0037340668,0.06110701,0.05130061134696007,0.053760506212711334,0.0034000042360275984,0.05830955505371094
2666,0.05163467302918434,1e-07,0.05896155,0.0037340636,0.061106984,0.05129174515604973,0.05367646366357803,0.0033911671489477158,0.058233726769685745
2667,0.051634639501571655,1e-07,0.05896154,0.0037340627,0.061106976,0.05128297582268715,0.053593285381793976,0.0033824359998106956,0.058158714324235916
2668,0.05163459852337837,1e-07,0.05896151,0.0037340596,0.061106954,0.05127431079745293,0.053510911762714386,0.0033738003112375736,0.05808442458510399
2669,0.051634568721055984,1e-07,0.0589615,0.0037340585,0.061106943,0.051265742629766464,0.05342935770750046,0.0033652661368250847,0.05801091343164444
2670,0.051634531468153,1e-07,0.05896148,0.0037340566,0.061106928,0.05125727504491806,0.053348638117313385,0.003356830682605505,0.05793816223740578
2671,0.051634494215250015,1e-07,0.05896145,0.0037340529,0.061106898,0.05124889686703682,0.05326870083808899,0.003348489524796605,0.057866133749485016
2672,0.05163446068763733,1e-07,0.05896144,0.0037340515,0.061106887,0.051240622997283936,0.053189583122730255,0.0033402475528419018,0.057794876396656036
2673,0.051634423434734344,1e-07,0.05896142,0.0037340496,0.06110687,0.051232434809207916,0.05311121046543121,0.0033320935908704996,0.05772428959608078
2674,0.05163438990712166,1e-07,0.058961406,0.0037340473,0.061106853,0.05122434347867966,0.05303365737199783,0.0033240385819226503,0.057654477655887604
2675,0.051634348928928375,1e-07,0.058961388,0.0037340454,0.061106835,0.05121633782982826,0.05295683443546295,0.0033160701859742403,0.057585328817367554
2676,0.05163431167602539,1e-07,0.05896136,0.0037340422,0.06110681,0.05120842903852463,0.052880801260471344,0.003308196784928441,0.057516925036907196
2677,0.051634274423122406,1e-07,0.05896136,0.0037340422,0.06110681,0.051200613379478455,0.05280550569295883,0.003300410695374012,0.05744919925928116
2678,0.05163424462080002,1e-07,0.05896132,0.0037340382,0.06110678,0.051192883402109146,0.052730999886989594,0.0032927151769399643,0.05738218501210213
2679,0.051634203642606735,1e-07,0.058961302,0.003734036,0.06110676,0.051185235381126404,0.052657224237918854,0.0032851072028279305,0.05731585621833801
2680,0.05163416266441345,1e-07,0.05896129,0.0037340345,0.061106745,0.05117768049240112,0.05258413404226303,0.003277580253779888,0.05725015327334404
2681,0.051634132862091064,1e-07,0.058961272,0.003734032,0.061106727,0.05117020756006241,0.0525117963552475,0.0032701436430215836,0.05718516930937767
2682,0.05163409560918808,1e-07,0.05896126,0.003734031,0.06110672,0.05116282403469086,0.05244019627571106,0.003262789687141776,0.05712083354592323
2683,0.051634062081575394,1e-07,0.058961242,0.003734029,0.0611067,0.051155515015125275,0.05236928164958954,0.0032555186189711094,0.057057153433561325
2684,0.05163402855396271,1e-07,0.058961213,0.0037340254,0.06110667,0.051148299127817154,0.05229910463094711,0.0032483316026628017,0.05699413642287254
2685,0.05163399130105972,1e-07,0.0589612,0.0037340242,0.061106663,0.051141154021024704,0.052229635417461395,0.0032412256114184856,0.056931763887405396
2686,0.05163395032286644,1e-07,0.058961183,0.0037340226,0.06110665,0.05113409459590912,0.05216079205274582,0.0032341955229640007,0.056869987398386
2687,0.051633916795253754,1e-07,0.058961168,0.0037340198,0.061106626,0.0511271096765995,0.05209268629550934,0.003227247390896082,0.05680886656045914
2688,0.05163387954235077,1e-07,0.05896114,0.0037340175,0.061106607,0.05112020671367645,0.05202523618936539,0.003220377489924431,0.056748371571302414
2689,0.051633842289447784,1e-07,0.058961123,0.0037340156,0.061106592,0.05111337825655937,0.051958464086055756,0.0032135844230651855,0.05668848752975464
2690,0.0516338087618351,1e-07,0.058961112,0.003734014,0.061106578,0.05110662803053856,0.05189237743616104,0.0032068700529634953,0.0566292330622673
2691,0.051633767783641815,1e-07,0.058961075,0.0037340093,0.06110654,0.051099956035614014,0.051826901733875275,0.0032002266962081194,0.056570544838905334
2692,0.05163373798131943,1e-07,0.058961052,0.0037340072,0.061106525,0.05109335109591484,0.051762089133262634,0.0031936580780893564,0.056512460112571716
2693,0.05163370072841644,1e-07,0.05896106,0.0037340075,0.061106525,0.051086828112602234,0.05169794708490372,0.0031871655955910683,0.056454986333847046
2694,0.05163366720080376,1e-07,0.05896103,0.003734004,0.061106496,0.051080372184515,0.05163443088531494,0.0031807455234229565,0.056398097425699234
2695,0.05163362994790077,1e-07,0.058961008,0.0037340026,0.061106484,0.05107398331165314,0.05157154053449631,0.003174395067617297,0.05634177103638649
2696,0.05163359269499779,1e-07,0.058961004,0.0037340021,0.06110648,0.05106767639517784,0.0515093058347702,0.003168119117617607,0.0562860481441021
2697,0.0516335554420948,1e-07,0.058960978,0.0037339989,0.061106455,0.05106143280863762,0.05144765228033066,0.0031619106885045767,0.05623086914420128
2698,0.05163351818919182,1e-07,0.058960963,0.003733997,0.06110644,0.05105526000261307,0.051386669278144836,0.0031557760667055845,0.05617629364132881
2699,0.051633480936288834,1e-07,0.058960944,0.0037339951,0.061106425,0.05104915797710419,0.051326215267181396,0.003149702213704586,0.05612220615148544
2700,0.051633451133966446,1e-07,0.05896093,0.0037339933,0.06110641,0.05104312300682068,0.05126640945672989,0.0031436998397111893,0.05606870725750923
2701,0.05163341388106346,1e-07,0.058960915,0.0037339914,0.061106395,0.05103715509176254,0.05120720714330673,0.0031377654522657394,0.05601575970649719
2702,0.05163337662816048,1e-07,0.058960874,0.0037339868,0.061106358,0.051031243056058884,0.051148563623428345,0.003131893230602145,0.055963318794965744
2703,0.05163333937525749,1e-07,0.058960874,0.003733987,0.061106358,0.051025405526161194,0.05109050124883652,0.003126087598502636,0.05591142550110817
2704,0.05163330212235451,1e-07,0.058960855,0.003733985,0.06110634,0.051019635051488876,0.05103308707475662,0.0031203515827655792,0.05586010590195656
2705,0.05163326859474182,1e-07,0.058960836,0.0037339826,0.06110632,0.051013920456171036,0.05097613483667374,0.00311466958373785,0.055809225887060165
2706,0.05163322761654854,1e-07,0.058960814,0.0037339798,0.061106298,0.051008276641368866,0.050919823348522186,0.0031090574339032173,0.055758923292160034
2707,0.05163319781422615,1e-07,0.0589608,0.0037339788,0.06110629,0.05100268870592117,0.05086405575275421,0.00310350488871336,0.055709108710289
2708,0.05163315683603287,1e-07,0.058960777,0.0037339765,0.061106272,0.050997160375118256,0.050808824598789215,0.0030980126466602087,0.05565979331731796
2709,0.05163312330842018,1e-07,0.058960754,0.0037339733,0.061106246,0.05099169909954071,0.05075417459011078,0.003092583268880844,0.05561099946498871
2710,0.0516330860555172,1e-07,0.058960736,0.0037339712,0.061106227,0.05098629370331764,0.050700053572654724,0.003087213495746255,0.05556269735097885
2711,0.05163304880261421,1e-07,0.058960725,0.0037339702,0.06110622,0.05098095163702965,0.05064650624990463,0.003081904724240303,0.05551490560173988
2712,0.05163301154971123,1e-07,0.058960695,0.0037339665,0.06110619,0.05097566545009613,0.05059347301721573,0.003076654626056552,0.055467598140239716
2713,0.05163297429680824,1e-07,0.058960687,0.0037339646,0.061106175,0.05097043886780739,0.050540946424007416,0.0030714585445821285,0.05542074143886566
2714,0.051632944494485855,1e-07,0.058960665,0.003733964,0.061106168,0.050965264439582825,0.05048897862434387,0.003066322999075055,0.0553743876516819
2715,0.05163290351629257,1e-07,0.058960635,0.0037339602,0.061106138,0.050960153341293335,0.05043751746416092,0.0030612433329224586,0.055328503251075745
2716,0.05163286626338959,1e-07,0.058960617,0.0037339574,0.061106116,0.050955090671777725,0.05038654804229736,0.0030562174506485462,0.055283065885305405
2717,0.0516328327357769,1e-07,0.058960605,0.0037339565,0.061106108,0.05095008388161659,0.05033610016107559,0.003051247913390398,0.05523810163140297
2718,0.05163278803229332,1e-07,0.058960587,0.0037339542,0.06110609,0.050945136696100235,0.050286151468753815,0.0030463337898254395,0.05519360303878784
2719,0.05163275822997093,1e-07,0.05896057,0.0037339518,0.06110607,0.050940241664648056,0.050236694514751434,0.0030414708890020847,0.05514953285455704
2720,0.05163272097706795,1e-07,0.058960553,0.0037339504,0.06110606,0.05093539506196976,0.05018772929906845,0.003036662470549345,0.055105920881032944
2721,0.051632679998874664,1e-07,0.05896054,0.0037339488,0.061106045,0.050930608063936234,0.050139255821704865,0.003031906671822071,0.05506275221705437
2722,0.05163264647126198,1e-07,0.0589605,0.0037339448,0.061106015,0.05092587321996689,0.050091296434402466,0.0030272044241428375,0.0550200380384922
2723,0.05163261294364929,1e-07,0.05896048,0.0037339423,0.061105993,0.05092118680477142,0.050043776631355286,0.003022552467882633,0.054977744817733765
2724,0.05163257569074631,1e-07,0.058960468,0.0037339411,0.06110598,0.05091655254364014,0.04999677091836929,0.003017952898517251,0.05493589863181114
2725,0.05163253843784332,1e-07,0.058960468,0.0037339407,0.061105978,0.05091196298599243,0.04995017498731613,0.003013398265466094,0.054894428700208664
2726,0.05163250118494034,1e-07,0.058960427,0.003733936,0.06110594,0.050907429307699203,0.049904100596904755,0.003008898813277483,0.05485343188047409
2727,0.05163246765732765,1e-07,0.058960408,0.0037339341,0.061105926,0.050902944058179855,0.049858458340168,0.003004447091370821,0.05481283739209175
2728,0.05163242667913437,1e-07,0.05896039,0.0037339318,0.061105907,0.05089849978685379,0.04981325566768646,0.003000040538609028,0.05477262660861015
2729,0.051632389426231384,1e-07,0.05896038,0.0037339302,0.061105892,0.0508941151201725,0.04976855218410492,0.0029956880025565624,0.054732877761125565
2730,0.0516323558986187,1e-07,0.058960352,0.0037339274,0.06110587,0.05088977515697479,0.04972429573535919,0.002991383196786046,0.05469353869557381
2731,0.051632314920425415,1e-07,0.05896033,0.0037339253,0.061105855,0.05088547617197037,0.04968041181564331,0.002987117040902376,0.054654523730278015
2732,0.05163228139281273,1e-07,0.05896032,0.0037339234,0.061105836,0.05088122561573982,0.04963700473308563,0.0029829025734215975,0.05461595579981804
2733,0.051632244139909744,1e-07,0.0589603,0.0037339225,0.06110583,0.05087702348828316,0.04959405958652496,0.0029787346720695496,0.05457778647542
2734,0.05163220688700676,1e-07,0.058960263,0.0037339174,0.061105788,0.050872862339019775,0.049551524221897125,0.0029746112413704395,0.0545399971306324
2735,0.051632173359394073,1e-07,0.058960248,0.0037339162,0.06110578,0.050868745893239975,0.049509383738040924,0.002970527857542038,0.05450255051255226
2736,0.05163213238120079,1e-07,0.05896024,0.0037339143,0.061105765,0.05086468160152435,0.049467675387859344,0.00296649313531816,0.05446552112698555
2737,0.0516321025788784,1e-07,0.058960225,0.0037339132,0.061105754,0.050860654562711716,0.049426399171352386,0.002962500788271427,0.054428860545158386
2738,0.05163206160068512,1e-07,0.05896019,0.0037339095,0.061105724,0.05085666850209236,0.04938553273677826,0.0029585519805550575,0.05439257249236107
2739,0.05163202062249184,1e-07,0.05896017,0.003733907,0.061105702,0.05085273087024689,0.04934506118297577,0.0029546464793384075,0.054356660693883896
2740,0.05163199082016945,1e-07,0.05896015,0.0037339043,0.061105683,0.0508488304913044,0.0493050217628479,0.00295078381896019,0.05432111769914627
2741,0.051631949841976166,1e-07,0.05896012,0.0037339004,0.06110565,0.05084497481584549,0.04926536977291107,0.0029469612054526806,0.0542859211564064
2742,0.05163191258907318,1e-07,0.05896011,0.0037339006,0.06110565,0.050841156393289566,0.04922610521316528,0.0029431807342916727,0.054251089692115784
2743,0.0516318753361702,1e-07,0.05896009,0.0037338983,0.06110563,0.050837382674217224,0.04918723553419113,0.002939441241323948,0.05421661585569382
2744,0.05163183808326721,1e-07,0.05896008,0.0037338976,0.061105628,0.050833653658628464,0.04914878308773041,0.002935743657872081,0.0541825033724308
2745,0.051631804555654526,1e-07,0.05896006,0.003733894,0.061105598,0.05082995444536209,0.04911063611507416,0.0029320796020329,0.054148681461811066
2746,0.05163177102804184,1e-07,0.058960047,0.0037338927,0.061105587,0.050826296210289,0.04907294362783432,0.002928461879491806,0.05411526560783386
2747,0.05163172632455826,1e-07,0.05896002,0.00373389,0.061105564,0.05082268267869949,0.049035586416721344,0.0029248774517327547,0.05408213660120964
2748,0.05163169652223587,1e-07,0.058960002,0.0037338876,0.061105546,0.05081910267472267,0.04899861663579941,0.00292133423499763,0.05404936894774437
2749,0.05163165554404259,1e-07,0.058959987,0.0037338864,0.061105534,0.05081556364893913,0.04896201938390732,0.0029178292024880648,0.05401693284511566
2750,0.051631614565849304,1e-07,0.05895996,0.0037338834,0.06110551,0.05081206560134888,0.04892580211162567,0.0029143623542040586,0.053984835743904114
2751,0.05163158103823662,1e-07,0.058959927,0.003733879,0.061105475,0.05080859363079071,0.04888990521430969,0.002910930197685957,0.05395303666591644
2752,0.051631540060043335,1e-07,0.058959905,0.0037338773,0.06110546,0.050805170089006424,0.04885442554950714,0.0029075387865304947,0.05392159894108772
2753,0.05163151025772095,1e-07,0.0589599,0.0037338764,0.061105452,0.05080178380012512,0.04881926625967026,0.002904182765632868,0.053890470415353775
2754,0.05163147300481796,1e-07,0.058959875,0.0037338743,0.061105438,0.050798431038856506,0.048784494400024414,0.002900863764807582,0.05385966598987579
2755,0.05163143575191498,1e-07,0.05895986,0.0037338722,0.06110542,0.05079510807991028,0.04875003546476364,0.0028975780587643385,0.05382915586233139
2756,0.05163139849901199,1e-07,0.058959838,0.003733869,0.061105393,0.050791822373867035,0.04871588200330734,0.002894323319196701,0.05379891395568848
2757,0.05163136124610901,1e-07,0.058959812,0.0037338666,0.061105374,0.05078857019543648,0.04868213087320328,0.0028911104891449213,0.05376904830336571
2758,0.05163132771849632,1e-07,0.0589598,0.0037338652,0.061105363,0.050785355269908905,0.04864870011806488,0.002887929789721966,0.05373946204781532
2759,0.05163128674030304,1e-07,0.05895978,0.003733863,0.06110534,0.05078217759728432,0.048615626990795135,0.0028847847133874893,0.05371019244194031
2760,0.05163125321269035,1e-07,0.05895977,0.0037338622,0.061105337,0.05077901855111122,0.04858282953500748,0.0028816673438996077,0.05368116497993469
2761,0.05163120850920677,1e-07,0.058959734,0.0037338575,0.0611053,0.0507759153842926,0.048550404608249664,0.00287858908995986,0.053652483969926834
2762,0.051631178706884384,1e-07,0.05895971,0.0037338547,0.061105277,0.05077282339334488,0.04851827025413513,0.0028755399398505688,0.05362406000494957
2763,0.0516311340034008,1e-07,0.058959693,0.0037338536,0.061105266,0.05076977610588074,0.048486463725566864,0.002872524317353964,0.05359593406319618
2764,0.051631104201078415,1e-07,0.058959667,0.0037338503,0.06110524,0.050766754895448685,0.04845497012138367,0.002869539661332965,0.05356808379292488
2765,0.05163106694817543,1e-07,0.05895965,0.003733849,0.06110523,0.05076377093791962,0.048423826694488525,0.002866589929908514,0.05354054644703865
2766,0.05163102596998215,1e-07,0.058959644,0.0037338475,0.061105218,0.05076081305742264,0.04839298129081726,0.002863669767975807,0.053513266146183014
2767,0.05163098871707916,1e-07,0.058959607,0.0037338429,0.06110518,0.05075789615511894,0.04836243391036987,0.0028607819695025682,0.053486280143260956
2768,0.051630955189466476,1e-07,0.058959603,0.0037338426,0.061105177,0.05075499415397644,0.04833216965198517,0.002857920480892062,0.053459521383047104
2769,0.05163091421127319,1e-07,0.0589596,0.0037338426,0.061105177,0.05075213685631752,0.04830220341682434,0.002855091355741024,0.05343305319547653
2770,0.051630884408950806,1e-07,0.05895957,0.0037338387,0.061105143,0.05074930563569069,0.048272594809532166,0.0028522945940494537,0.05340687930583954
2771,0.05163084343075752,1e-07,0.058959533,0.003733835,0.061105113,0.050746504217386246,0.04824325442314148,0.002849528333172202,0.053380973637104034
2772,0.05163080617785454,1e-07,0.058959525,0.0037338336,0.061105102,0.05074372515082359,0.04821418970823288,0.0028467869851738214,0.05335529148578644
2773,0.05163076892495155,1e-07,0.058959495,0.0037338294,0.06110507,0.050740983337163925,0.048185452818870544,0.0028440800961107016,0.053329918533563614
2774,0.05163073539733887,1e-07,0.058959488,0.0037338296,0.06110507,0.05073826387524605,0.04815695434808731,0.0028413967229425907,0.053304754197597504
2775,0.051630694419145584,1e-07,0.058959465,0.003733827,0.06110505,0.050735581666231155,0.048128798604011536,0.0028387466445565224,0.05327988788485527
2776,0.0516306608915329,1e-07,0.058959454,0.0037338256,0.06110504,0.050732918083667755,0.04810086637735367,0.00283611798658967,0.05325521528720856
2777,0.05163062363862991,1e-07,0.058959436,0.003733823,0.061105017,0.05073028802871704,0.048073261976242065,0.0028335233218967915,0.05323084816336632
2778,0.05163057893514633,1e-07,0.058959395,0.0037338184,0.06110498,0.050727684050798416,0.04804591089487076,0.0028309542685747147,0.05320671200752258
2779,0.051630549132823944,1e-07,0.058959384,0.0037338173,0.06110497,0.05072510614991188,0.04801882058382034,0.00282841082662344,0.05318280681967735
2780,0.05163050815463066,1e-07,0.058959354,0.0037338145,0.061104946,0.05072256177663803,0.0479920357465744,0.0028258967213332653,0.053159162402153015
2781,0.051630474627017975,1e-07,0.058959346,0.0037338128,0.061104935,0.050720036029815674,0.04796548932790756,0.0028234063647687435,0.05313573405146599
2782,0.05163044109940529,1e-07,0.058959316,0.00373381,0.06110491,0.050717536360025406,0.04793919622898102,0.0028209423180669546,0.05311254411935806
2783,0.051630400121212006,1e-07,0.058959294,0.0037338075,0.06110489,0.050715066492557526,0.04791322350502014,0.002818509005010128,0.05308963358402252
2784,0.05163036659359932,1e-07,0.05895929,0.003733806,0.06110488,0.05071261525154114,0.047887466847896576,0.002816096879541874,0.053066909313201904
2785,0.05163032189011574,1e-07,0.058959264,0.0037338038,0.06110486,0.05071019381284714,0.04786194860935211,0.002813709434121847,0.053044408559799194
2786,0.05163028836250305,1e-07,0.05895925,0.003733802,0.061104845,0.050707802176475525,0.04783671349287033,0.0028113476000726223,0.05302214249968529
2787,0.05163025110960007,1e-07,0.058959235,0.0037338007,0.061104834,0.050705425441265106,0.04781171679496765,0.0028090127743780613,0.05300012230873108
2788,0.05163021385669708,1e-07,0.058959205,0.0037337968,0.0611048,0.050703082233667374,0.04778698831796646,0.002806700300425291,0.05297829955816269
2789,0.0516301766037941,1e-07,0.058959186,0.0037337942,0.061104782,0.05070076882839203,0.04776252061128616,0.0028044157661497593,0.05295673385262489
2790,0.05163013935089111,1e-07,0.058959156,0.0037337914,0.061104756,0.05069846287369728,0.047738268971443176,0.0028021528851240873,0.052935365587472916
2791,0.05163010209798813,1e-07,0.05895914,0.0037337895,0.06110474,0.05069619417190552,0.04771427810192108,0.00279991514980793,0.052914224565029144
2792,0.051630064845085144,1e-07,0.05895913,0.0037337884,0.061104733,0.05069394409656525,0.0476905032992363,0.002797696739435196,0.0528932586312294
2793,0.05163003131747246,1e-07,0.0589591,0.0037337847,0.061104704,0.050691716372966766,0.0476670116186142,0.0027955076657235622,0.052872560918331146
2794,0.05162999406456947,1e-07,0.058959097,0.003733784,0.061104696,0.05068951100111008,0.047643713653087616,0.0027933381497859955,0.05285204201936722
2795,0.05162995308637619,1e-07,0.058959067,0.003733781,0.06110467,0.050687335431575775,0.047620661556720734,0.002791191451251507,0.052831728011369705
2796,0.0516299232840538,1e-07,0.058959052,0.0037337795,0.06110466,0.05068517476320267,0.047597840428352356,0.002789068501442671,0.0528116337954998
2797,0.05162987858057022,1e-07,0.058959026,0.0037337765,0.061104637,0.05068302899599075,0.047575242817401886,0.0027869665063917637,0.05279172584414482
2798,0.05162983760237694,1e-07,0.058959007,0.003733774,0.061104614,0.05068092420697212,0.047552891075611115,0.0027848887257277966,0.05277204513549805
2799,0.05162980780005455,1e-07,0.058959004,0.0037337735,0.06110461,0.05067882686853409,0.04753074795007706,0.002782831434160471,0.052752550691366196
2800,0.05162976682186127,1e-07,0.058958974,0.0037337698,0.06110458,0.05067675560712814,0.0475088432431221,0.002780795795843005,0.052733249962329865
2801,0.05162972956895828,1e-07,0.05895896,0.003733768,0.061104566,0.05067470669746399,0.04748710244894028,0.002778777852654457,0.052714113146066666
2802,0.051629696041345596,1e-07,0.058958948,0.0037337672,0.06110456,0.050672680139541626,0.04746563732624054,0.0027767859864979982,0.05269521847367287
2803,0.05162965506315231,1e-07,0.058958918,0.0037337635,0.06110453,0.050670672208070755,0.04744437336921692,0.002774813212454319,0.0526764951646328
2804,0.05162962153553963,1e-07,0.058958907,0.0037337616,0.061104514,0.050668682903051376,0.04742332547903061,0.002772862557321787,0.05265797674655914
2805,0.051629576832056046,1e-07,0.058958877,0.0037337586,0.061104488,0.05066671967506409,0.04740248620510101,0.0027709316927939653,0.052639640867710114
2806,0.05162954330444336,1e-07,0.05895886,0.003733756,0.06110447,0.05066477134823799,0.047381848096847534,0.0027690203860402107,0.05262148380279541
2807,0.051629502326250076,1e-07,0.05895884,0.0037337549,0.061104458,0.050662845373153687,0.04736141860485077,0.0027671281713992357,0.052603498101234436
2808,0.05162946879863739,1e-07,0.05895883,0.0037337523,0.06110444,0.050660938024520874,0.04734121263027191,0.0027652569115161896,0.05258570984005928
2809,0.051629431545734406,1e-07,0.058958802,0.0037337497,0.061104417,0.050659049302339554,0.04732116311788559,0.0027634045109152794,0.052568092942237854
2810,0.05162939429283142,1e-07,0.058958787,0.0037337483,0.061104406,0.05065719038248062,0.04730138182640076,0.0027615753933787346,0.05255069211125374
2811,0.051629357039928436,1e-07,0.058958758,0.0037337455,0.061104383,0.05065533518791199,0.04728173464536667,0.00275975838303566,0.05253340303897858
2812,0.05162931978702545,1e-07,0.058958743,0.0037337432,0.061104365,0.05065350607037544,0.047262340784072876,0.0027579665184020996,0.05251634493470192
2813,0.05162927880883217,1e-07,0.058958728,0.0037337418,0.061104354,0.05065169930458069,0.04724312573671341,0.00275619188323617,0.052499447017908096
2814,0.05162924528121948,1e-07,0.058958706,0.0037337383,0.061104324,0.05064989998936653,0.047224074602127075,0.002754433546215296,0.05248269811272621
2815,0.0516292005777359,1e-07,0.058958683,0.0037337365,0.06110431,0.050648126751184464,0.04720522463321686,0.0027526936028152704,0.05246611684560776
2816,0.051629167050123215,1e-07,0.05895867,0.0037337346,0.061104294,0.05064636841416359,0.04718655347824097,0.0027509727515280247,0.05244971811771393
2817,0.05162912607192993,1e-07,0.05895865,0.0037337327,0.06110428,0.050644636154174805,0.047168128192424774,0.002749272156506777,0.052433501929044724
2818,0.051629092544317245,1e-07,0.058958635,0.0037337306,0.06110426,0.050642915070056915,0.04714984446763992,0.002747588325291872,0.052417442202568054
2819,0.05162905529141426,1e-07,0.058958605,0.0037337278,0.061104238,0.05064121261239052,0.047131769359111786,0.002745922189205885,0.05240154638886452
2820,0.051629018038511276,1e-07,0.058958594,0.0037337262,0.061104223,0.05063953250646591,0.047113820910453796,0.002744270022958517,0.052385780960321426
2821,0.05162898451089859,1e-07,0.058958575,0.0037337232,0.0611042,0.050637856125831604,0.047096073627471924,0.0027426364831626415,0.052370186895132065
2822,0.05162893980741501,1e-07,0.05895854,0.00373372,0.06110417,0.050636209547519684,0.047078512609004974,0.0027410213369876146,0.05235476419329643
2823,0.05162890627980232,1e-07,0.058958527,0.0037337185,0.06110416,0.05063457414507866,0.04706115275621414,0.002739423420280218,0.052339501678943634
2824,0.05162886902689934,1e-07,0.058958516,0.0037337176,0.061104152,0.05063295364379883,0.04704395681619644,0.0027378415688872337,0.052324388176202774
2825,0.051628828048706055,1e-07,0.058958504,0.0037337157,0.061104137,0.05063135176897049,0.047026894986629486,0.0027362736873328686,0.05230940505862236
2826,0.05162879079580307,1e-07,0.058958482,0.0037337122,0.06110411,0.05062977224588394,0.04701007157564163,0.0027347274590283632,0.05229462310671806
2827,0.05162876099348068,1e-07,0.058958467,0.0037337116,0.061104104,0.05062820762395859,0.04699336737394333,0.0027331942692399025,0.05227996036410332
2828,0.0516287200152874,1e-07,0.05895844,0.0037337088,0.06110408,0.05062664672732353,0.04697680473327637,0.0027316738851368427,0.05226541683077812
2829,0.051628679037094116,1e-07,0.05895843,0.003733707,0.061104067,0.050625111907720566,0.046960458159446716,0.0027301711961627007,0.05225104093551636
2830,0.05162864550948143,1e-07,0.0589584,0.0037337032,0.061104037,0.05062359198927879,0.04694425314664841,0.002728685736656189,0.05223682522773743
2831,0.051628608256578445,1e-07,0.058958378,0.0037337013,0.061104022,0.05062207952141762,0.04692823439836502,0.0027272156439721584,0.05222275108098984
2832,0.051628563553094864,1e-07,0.05895837,0.0037337001,0.06110401,0.050620585680007935,0.046912334859371185,0.002725758124142885,0.0522087924182415
2833,0.05162852630019188,1e-07,0.05895834,0.003733697,0.061103985,0.050619110465049744,0.04689660668373108,0.0027243164367973804,0.0521949864923954
2834,0.05162849277257919,1e-07,0.058958337,0.0037336964,0.06110398,0.050617653876543045,0.04688107222318649,0.0027228938415646553,0.05218135565519333
2835,0.05162845179438591,1e-07,0.058958303,0.0037336925,0.061103947,0.050616201013326645,0.046865664422512054,0.0027214817237108946,0.05216782167553902
2836,0.05162841081619263,1e-07,0.05895829,0.0037336906,0.061103933,0.050614774227142334,0.046850405633449554,0.002720084972679615,0.052154432982206345
2837,0.05162838101387024,1e-07,0.058958273,0.0037336883,0.061103914,0.05061335861682892,0.046835318207740784,0.002718703355640173,0.052141185849905014
2838,0.05162833631038666,1e-07,0.058958244,0.0037336855,0.06110389,0.0506119467318058,0.04682035744190216,0.002717335242778063,0.05212806537747383
2839,0.051628295332193375,1e-07,0.05895823,0.0037336827,0.06110387,0.05061056464910507,0.04680558294057846,0.002715982496738434,0.05211509019136429
2840,0.05162826180458069,1e-07,0.058958214,0.0037336817,0.06110386,0.05060919001698494,0.046790920197963715,0.0027146427892148495,0.052102234214544296
2841,0.051628224551677704,1e-07,0.058958188,0.0037336785,0.061103832,0.0506078265607357,0.0467764288187027,0.002713317982852459,0.052089519798755646
2842,0.05162818357348442,1e-07,0.058958184,0.003733678,0.06110383,0.05060648173093796,0.046762093901634216,0.002712007611989975,0.05207693949341774
2843,0.051628150045871735,1e-07,0.05895816,0.0037336752,0.061103806,0.05060514807701111,0.046747900545597076,0.002710710745304823,0.05206448584794998
2844,0.05162811279296875,1e-07,0.058958143,0.0037336734,0.06110379,0.050603825598955154,0.04673381149768829,0.0027094243559986353,0.05205213278532028
2845,0.05162807181477547,1e-07,0.058958102,0.0037336692,0.061103757,0.05060252174735069,0.04671990126371384,0.0027081549633294344,0.05203993618488312
2846,0.051628030836582184,1e-07,0.058958087,0.0037336666,0.061103735,0.050601229071617126,0.046706125140190125,0.0027068965137004852,0.05202784389257431
2847,0.0516279973089695,1e-07,0.058958072,0.0037336645,0.06110372,0.05059994384646416,0.04669245332479477,0.0027056485414505005,0.05201584845781326
2848,0.051627956330776215,1e-07,0.058958042,0.0037336622,0.0611037,0.05059867352247238,0.04667893797159195,0.002704416401684284,0.052004002034664154
2849,0.05162791535258293,1e-07,0.058958013,0.003733658,0.061103664,0.0505974143743515,0.04666556417942047,0.0027031959034502506,0.051992267370224
2850,0.05162787437438965,1e-07,0.058957998,0.0037336561,0.06110365,0.05059617757797241,0.046652331948280334,0.002701990306377411,0.051980674266815186
2851,0.05162784084677696,1e-07,0.058957983,0.0037336543,0.061103635,0.05059494823217392,0.04663921892642975,0.0027007958851754665,0.05196918174624443
2852,0.051627807319164276,1e-07,0.05895798,0.0037336538,0.06110363,0.050593726336956024,0.0466262549161911,0.002699613105505705,0.05195780098438263
2853,0.051627762615680695,1e-07,0.058957946,0.003733651,0.06110361,0.05059252306818962,0.0466134175658226,0.002698443830013275,0.051946546882390976
2854,0.05162772908806801,1e-07,0.058957923,0.003733648,0.061103582,0.050591327250003815,0.04660068452358246,0.002697284799069166,0.05193538963794708
2855,0.051627688109874725,1e-07,0.05895791,0.0037336461,0.061103567,0.050590142607688904,0.04658808559179306,0.0026961371768265963,0.051924340426921844
2856,0.051627643406391144,1e-07,0.058957886,0.003733643,0.061103545,0.050588976591825485,0.04657561331987381,0.0026950030587613583,0.051913417875766754
2857,0.051627613604068756,1e-07,0.05895787,0.0037336412,0.06110353,0.050587818026542664,0.0465632826089859,0.0026938801165670156,0.05190260335803032
2858,0.05162757635116577,1e-07,0.058957845,0.003733638,0.0611035,0.05058667063713074,0.046551115810871124,0.0026927737053483725,0.05189194157719612
2859,0.05162753164768219,1e-07,0.058957826,0.0037336356,0.06110348,0.050585534423589706,0.046538978815078735,0.002691670786589384,0.05188131332397461
2860,0.051627498120069504,1e-07,0.058957797,0.0037336324,0.061103456,0.05058441311120987,0.04652702808380127,0.0026905834674835205,0.051870834082365036
2861,0.05162746086716652,1e-07,0.058957774,0.0037336305,0.06110344,0.05058329924941063,0.04651512950658798,0.00268950336612761,0.051860421895980835
2862,0.051627423614263535,1e-07,0.05895775,0.0037336266,0.061103407,0.050582196563482285,0.046503424644470215,0.002688438631594181,0.051850154995918274
2863,0.05162738263607025,1e-07,0.058957726,0.0037336245,0.061103392,0.05058110132813454,0.04649181663990021,0.0026873841416090727,0.05183998495340347
2864,0.05162734165787697,1e-07,0.058957722,0.0037336238,0.061103385,0.05058002471923828,0.046480320394039154,0.002686339896172285,0.05182991176843643
2865,0.051627300679683685,1e-07,0.058957696,0.0037336207,0.061103363,0.05057895556092262,0.04646892100572586,0.002685306128114462,0.05181993916630745
2866,0.051627267152071,1e-07,0.058957677,0.0037336184,0.061103344,0.05057789385318756,0.04645765572786331,0.002684282371774316,0.05181005969643593
2867,0.051627229899168015,1e-07,0.058957662,0.0037336156,0.061103318,0.05057685077190399,0.04644651710987091,0.0026832707226276398,0.05180029571056366
2868,0.05162719264626503,1e-07,0.05895765,0.0037336152,0.061103314,0.05057581514120102,0.04643546789884567,0.0026822679210454226,0.051790617406368256
2869,0.05162715166807175,1e-07,0.058957625,0.0037336114,0.061103284,0.050574783235788345,0.04642453044652939,0.0026812776923179626,0.051781054586172104
2870,0.05162711441516876,1e-07,0.058957607,0.0037336096,0.06110327,0.05057376250624657,0.04641369730234146,0.002680294681340456,0.05177156254649162
2871,0.05162707716226578,1e-07,0.05895758,0.003733607,0.061103247,0.05057276040315628,0.04640303552150726,0.0026793284341692924,0.051762230694293976
2872,0.05162703990936279,1e-07,0.05895755,0.003733603,0.061103217,0.05057176202535629,0.04639241844415665,0.0026783649809658527,0.05175292119383812
2873,0.05162700265645981,1e-07,0.058957547,0.0037336026,0.061103214,0.0505707710981369,0.046381935477256775,0.0026774154976010323,0.051743749529123306
2874,0.05162695795297623,1e-07,0.058957517,0.0037335996,0.061103188,0.050569798797369,0.04637154936790466,0.0026764757931232452,0.051734667271375656
2875,0.051626916974782944,1e-07,0.0589575,0.0037335965,0.06110316,0.0505688339471817,0.04636126756668091,0.0026755421422421932,0.05172564461827278
2876,0.05162688344717026,1e-07,0.05895747,0.003733594,0.061103143,0.0505678690969944,0.04635106772184372,0.002674620132893324,0.05171672999858856
2877,0.051626842468976974,1e-07,0.05895744,0.0037335895,0.061103106,0.05056692287325859,0.046341024339199066,0.0026737102307379246,0.051707930862903595
2878,0.05162680149078369,1e-07,0.058957428,0.003733589,0.0611031,0.05056598782539368,0.04633105546236038,0.0026728082448244095,0.051699209958314896
2879,0.051626767963171005,1e-07,0.0589574,0.0037335858,0.061103076,0.05056506395339966,0.04632118344306946,0.0026719144079834223,0.051690563559532166
2880,0.05162672698497772,1e-07,0.058957383,0.0037335835,0.061103057,0.05056413263082504,0.0463113859295845,0.00267102662473917,0.05168197676539421
2881,0.05162668973207474,1e-07,0.05895738,0.0037335828,0.06110305,0.05056322365999222,0.04630168527364731,0.002670150948688388,0.05167350172996521
2882,0.051626648753881454,1e-07,0.05895734,0.003733578,0.061103012,0.05056232213973999,0.046292148530483246,0.002669286448508501,0.05166513845324516
2883,0.05162661522626877,1e-07,0.058957323,0.003733577,0.061103,0.05056143179535866,0.04628267139196396,0.0026684310287237167,0.05165685713291168
2884,0.051626574248075485,1e-07,0.058957305,0.0037335742,0.06110298,0.050560541450977325,0.04627325385808945,0.0026675795670598745,0.051648616790771484
2885,0.0516265332698822,1e-07,0.05895728,0.003733571,0.061102953,0.050559669733047485,0.04626397043466568,0.002666741143912077,0.051640499383211136
2886,0.05162649601697922,1e-07,0.058957268,0.0037335698,0.061102945,0.05055879428982735,0.04625474661588669,0.0026659080758690834,0.051632434129714966
2887,0.051626455038785934,1e-07,0.05895726,0.0037335686,0.061102934,0.050557941198349,0.04624566435813904,0.002665085718035698,0.051624469459056854
2888,0.05162641778588295,1e-07,0.058957208,0.003733563,0.06110289,0.05055709183216095,0.046236634254455566,0.0026642712764441967,0.05161657929420471
2889,0.051626384258270264,1e-07,0.058957193,0.0037335611,0.061102875,0.0505562499165535,0.04622770845890045,0.0026634642854332924,0.05160875990986824
2890,0.05162634700536728,1e-07,0.05895718,0.0037335595,0.06110286,0.05055541545152664,0.046218909323215485,0.0026626703329384327,0.051601070910692215
2891,0.0516263023018837,1e-07,0.058957156,0.003733557,0.061102837,0.05055459588766098,0.0462101548910141,0.0026618805713951588,0.051593415439128876
2892,0.05162627249956131,1e-07,0.05895714,0.0037335549,0.061102822,0.05055377632379532,0.046201497316360474,0.002661098726093769,0.051585838198661804
2893,0.05162622779607773,1e-07,0.05895711,0.0037335511,0.061102793,0.050552960485219955,0.046192899346351624,0.0026603220030665398,0.05157830938696861
2894,0.051626186817884445,1e-07,0.05895708,0.0037335474,0.061102763,0.05055215209722519,0.04618437588214874,0.0026595541276037693,0.051570866256952286
2895,0.05162614583969116,1e-07,0.05895708,0.0037335474,0.061102763,0.05055136978626251,0.046176016330718994,0.002658799523487687,0.05156354978680611
2896,0.051626116037368774,1e-07,0.05895706,0.0037335453,0.061102744,0.05055058375000954,0.04616769403219223,0.0026580500416457653,0.05155628174543381
2897,0.05162607505917549,1e-07,0.05895703,0.0037335411,0.06110271,0.05054980516433716,0.04615943133831024,0.0026573045179247856,0.05154905095696449
2898,0.05162603408098221,1e-07,0.05895702,0.00373354,0.0611027,0.05054903030395508,0.04615132510662079,0.002656572498381138,0.051541950553655624
2899,0.05162600055336952,1e-07,0.05895701,0.0037335393,0.061102696,0.05054827407002449,0.04614326357841492,0.002655845833942294,0.051534898579120636
2900,0.05162596330046654,1e-07,0.058956977,0.0037335344,0.061102655,0.050547510385513306,0.04613524675369263,0.002655123360455036,0.05152788758277893
2901,0.05162591487169266,1e-07,0.058956962,0.0037335332,0.061102644,0.05054676532745361,0.04612736403942108,0.002654413226991892,0.051520999521017075
2902,0.05162588134407997,1e-07,0.058956932,0.003733529,0.06110261,0.05054602026939392,0.04611950367689133,0.002653706120327115,0.05151413381099701
2903,0.05162584036588669,1e-07,0.05895692,0.0037335288,0.06110261,0.05054529011249542,0.046111784875392914,0.002653010655194521,0.051507383584976196
2904,0.051625803112983704,1e-07,0.058956888,0.0037335248,0.061102577,0.05054456368088722,0.04610411822795868,0.0026523200795054436,0.05150068178772926
2905,0.05162576586008072,1e-07,0.05895686,0.003733521,0.061102547,0.05054383724927902,0.046096526086330414,0.002651635790243745,0.05149403586983681
2906,0.05162572115659714,1e-07,0.058956858,0.0037335202,0.06110254,0.05054313316941261,0.04608902335166931,0.0026509615126997232,0.05148749053478241
2907,0.05162568762898445,1e-07,0.05895682,0.0037335164,0.061102506,0.050542429089546204,0.04608159512281418,0.0026502921245992184,0.051480986177921295
2908,0.05162565037608147,1e-07,0.058956806,0.0037335146,0.06110249,0.050541721284389496,0.04607419669628143,0.002649627160280943,0.05147453024983406
2909,0.051625609397888184,1e-07,0.05895679,0.0037335132,0.06110248,0.05054102838039398,0.04606691747903824,0.0026489717420190573,0.05146816372871399
2910,0.0516255684196949,1e-07,0.05895677,0.0037335102,0.061102457,0.050540342926979065,0.046059682965278625,0.0026483226101845503,0.05146185681223869
2911,0.05162552744150162,1e-07,0.058956757,0.0037335083,0.061102442,0.05053966864943504,0.04605257511138916,0.002647681161761284,0.051455624401569366
2912,0.05162549018859863,1e-07,0.058956727,0.0037335053,0.061102416,0.05053899437189102,0.04604547470808029,0.0026470422744750977,0.05144941434264183
2913,0.05162545293569565,1e-07,0.05895671,0.0037335034,0.0611024,0.050538331270217896,0.046038493514060974,0.002646414563059807,0.05144331231713295
2914,0.051625415682792664,1e-07,0.05895667,0.0037334983,0.06110236,0.05053766816854477,0.04603157192468643,0.0026457926724106073,0.051437269896268845
2915,0.05162537097930908,1e-07,0.058956653,0.003733496,0.061102338,0.05053701996803284,0.04602472484111786,0.002645176602527499,0.05143127962946892
2916,0.051625341176986694,1e-07,0.05895664,0.0037334955,0.061102334,0.0505363754928112,0.04601792246103287,0.002644565422087908,0.05142533779144287
2917,0.05162530019879341,1e-07,0.058956612,0.0037334918,0.061102305,0.05053572729229927,0.046011194586753845,0.0026439600624144077,0.0514194518327713
2918,0.05162525922060013,1e-07,0.058956604,0.00373349,0.06110229,0.05053509399294853,0.046004518866539,0.00264336122199893,0.051413629204034805
2919,0.051625221967697144,1e-07,0.05895658,0.0037334878,0.061102275,0.05053446814417839,0.045997925102710724,0.0026427689008414745,0.05140786990523338
2920,0.05162518098950386,1e-07,0.05895656,0.0037334848,0.06110225,0.05053384229540825,0.045991405844688416,0.0026421821676194668,0.05140216276049614
2921,0.051625143736600876,1e-07,0.058956534,0.0037334824,0.06110223,0.050533223897218704,0.04598494619131088,0.002641602884978056,0.05139652639627457
2922,0.05162510275840759,1e-07,0.058956522,0.003733481,0.06110222,0.050532616674900055,0.045978568494319916,0.0026410298887640238,0.05139094963669777
2923,0.05162506550550461,1e-07,0.0589565,0.0037334776,0.06110219,0.050532009452581406,0.045972250401973724,0.0026404624804854393,0.05138543248176575
2924,0.05162502080202103,1e-07,0.058956474,0.0037334755,0.06110217,0.05053141713142395,0.04596599191427231,0.0026399020571261644,0.0513799786567688
2925,0.05162498727440834,1e-07,0.05895646,0.003733473,0.061102152,0.050530821084976196,0.045959800481796265,0.002639345359057188,0.05137455835938454
2926,0.05162494629621506,1e-07,0.058956433,0.003733471,0.061102137,0.050530239939689636,0.04595367610454559,0.002638795878738165,0.051369212567806244
2927,0.05162490904331207,1e-07,0.058956426,0.0037334685,0.061102115,0.05052964761853218,0.04594755917787552,0.0026382459327578545,0.051363859325647354
2928,0.05162486806511879,1e-07,0.058956403,0.0037334661,0.061102096,0.050529077649116516,0.04594157636165619,0.0026377104222774506,0.05135864391922951
2929,0.051624830812215805,1e-07,0.058956385,0.0037334643,0.06110208,0.05052851140499115,0.045935630798339844,0.0026371763087809086,0.051353443413972855
2930,0.05162479728460312,1e-07,0.058956355,0.003733461,0.061102055,0.050527941435575485,0.04592975229024887,0.0026366484817117453,0.051348306238651276
2931,0.05162474885582924,1e-07,0.05895634,0.0037334587,0.061102036,0.05052737891674042,0.04592391848564148,0.0026361257769167423,0.05134321376681328
2932,0.051624711602926254,1e-07,0.058956314,0.0037334554,0.06110201,0.05052683502435684,0.045918144285678864,0.0026356088928878307,0.051338180899620056
2933,0.05162467807531357,1e-07,0.05895629,0.003733453,0.061101988,0.05052627623081207,0.04591240733861923,0.002635093405842781,0.05133315920829773
2934,0.05162463337182999,1e-07,0.05895627,0.0037334505,0.06110197,0.0505257323384285,0.04590677469968796,0.0026345886290073395,0.05132824555039406
2935,0.051624592393636703,1e-07,0.05895626,0.0037334494,0.06110196,0.05052519589662552,0.045901164412498474,0.0026340866461396217,0.05132335424423218
2936,0.05162455514073372,1e-07,0.058956247,0.0037334468,0.06110194,0.05052466318011284,0.045895613729953766,0.002633587922900915,0.05131849646568298
2937,0.051624517887830734,1e-07,0.058956224,0.0037334443,0.061101917,0.05052413418889046,0.04589013755321503,0.002633096883073449,0.05131370946764946
2938,0.05162448436021805,1e-07,0.058956217,0.003733444,0.061101913,0.05052361637353897,0.04588473588228226,0.0026326149236410856,0.0513090156018734
2939,0.051624443382024765,1e-07,0.058956195,0.0037334415,0.061101895,0.05052309110760689,0.04587934911251068,0.0026321308687329292,0.05130429565906525
2940,0.051624398678541183,1e-07,0.058956176,0.0037334384,0.06110187,0.0505225770175457,0.04587399214506149,0.0026316512376070023,0.05129962041974068
2941,0.0516243577003479,1e-07,0.058956128,0.0037334336,0.061101828,0.05052207410335541,0.04586876928806305,0.0026311823166906834,0.05129505321383476
2942,0.051624324172735214,1e-07,0.058956128,0.0037334326,0.06110182,0.050521571189165115,0.0458635538816452,0.0026307161897420883,0.05129050835967064
2943,0.05162428691983223,1e-07,0.058956105,0.0037334308,0.061101805,0.050521064549684525,0.045858338475227356,0.0026302493643015623,0.05128595605492592
2944,0.05162424594163895,1e-07,0.058956087,0.0037334282,0.061101787,0.05052056908607483,0.04585324227809906,0.0026297923177480698,0.05128150060772896
2945,0.05162420496344566,1e-07,0.058956075,0.003733427,0.061101776,0.05052008479833603,0.04584820568561554,0.002629342954605818,0.05127711966633797
2946,0.05162416398525238,1e-07,0.058956053,0.0037334238,0.06110175,0.05051960423588753,0.045843206346035004,0.002628894057124853,0.051272742450237274
2947,0.051624126732349396,1e-07,0.058956016,0.0037334196,0.061101716,0.050519123673439026,0.04583826661109924,0.0026284526102244854,0.05126843601465225
2948,0.05162408947944641,1e-07,0.05895601,0.0037334189,0.06110171,0.050518643110990524,0.045833319425582886,0.0026280097663402557,0.051264118403196335
2949,0.05162404850125313,1e-07,0.05895597,0.0037334145,0.06110167,0.05051816999912262,0.04582846909761429,0.002627575770020485,0.051259882748126984
2950,0.051624007523059845,1e-07,0.05895598,0.003733415,0.06110168,0.05051770061254501,0.045823656022548676,0.0026271441020071507,0.05125567317008972
2951,0.05162396654486656,1e-07,0.058955956,0.0037334124,0.061101656,0.0505172424018383,0.04581891745328903,0.002626721514388919,0.05125155299901962
2952,0.051623933017253876,1e-07,0.05895594,0.0037334105,0.06110164,0.05051678419113159,0.04581419378519058,0.002626298926770687,0.051247429102659225
2953,0.05162389203906059,1e-07,0.05895592,0.0037334077,0.06110162,0.05051632970571518,0.045809559524059296,0.0026258828584104776,0.0512433685362339
2954,0.05162385106086731,1e-07,0.058955897,0.0037334051,0.061101597,0.05051588639616966,0.04580499231815338,0.0026254758704453707,0.05123939737677574
2955,0.051623813807964325,1e-07,0.058955867,0.003733402,0.06110157,0.05051543563604355,0.04580039530992508,0.0026250635273754597,0.0512353740632534
2956,0.05162377282977104,1e-07,0.058955852,0.0037334003,0.061101556,0.05051499232649803,0.04579587280750275,0.002624660264700651,0.05123143643140793
2957,0.05162372812628746,1e-07,0.05895583,0.0037333968,0.06110153,0.05051456019282341,0.04579143226146698,0.002624262124300003,0.05122755095362663
2958,0.051623694598674774,1e-07,0.05895582,0.0037333958,0.061101522,0.05051412805914879,0.045787014067173004,0.0026238677091896534,0.05122370272874832
2959,0.05162365734577179,1e-07,0.058955807,0.0037333947,0.06110151,0.050513699650764465,0.04578261822462082,0.0026234746910631657,0.051219865679740906
2960,0.05162361264228821,1e-07,0.058955777,0.003733391,0.06110148,0.05051327124238014,0.045778267085552216,0.0026230872608721256,0.05121608451008797
2961,0.051623571664094925,1e-07,0.05895576,0.003733388,0.061101455,0.050512850284576416,0.045773960649967194,0.002622701460495591,0.05121231824159622
2962,0.05162353441119194,1e-07,0.05895574,0.0037333856,0.061101437,0.05051243305206299,0.04576973617076874,0.0026223238091915846,0.051208630204200745
2963,0.05162349343299866,1e-07,0.058955703,0.0037333823,0.06110141,0.05051202327013016,0.045765526592731476,0.002621948253363371,0.05120496451854706
2964,0.05162345618009567,1e-07,0.0589557,0.003733381,0.0611014,0.05051161348819733,0.045761361718177795,0.002621576189994812,0.05120132863521576
2965,0.05162341520190239,1e-07,0.058955673,0.0037333781,0.061101377,0.050511203706264496,0.0457572340965271,0.002621205523610115,0.05119771137833595
2966,0.051623377948999405,1e-07,0.058955673,0.0037333786,0.06110138,0.05051080882549286,0.04575315862894058,0.0026208425406366587,0.05119416490197182
2967,0.05162333697080612,1e-07,0.05895565,0.003733375,0.06110135,0.05051041394472122,0.04574914276599884,0.0026204849127680063,0.05119067057967186
2968,0.05162329971790314,1e-07,0.058955625,0.003733372,0.061101325,0.050510019063949585,0.04574514925479889,0.0026201268192380667,0.051187172532081604
2969,0.05162326246500015,1e-07,0.05895561,0.0037333707,0.061101314,0.05050962418317795,0.045741185545921326,0.002619774080812931,0.051183730363845825
2970,0.05162321776151657,1e-07,0.05895558,0.0037333667,0.061101284,0.05050923675298691,0.04573725908994675,0.0026194220408797264,0.051180288195610046
2971,0.051623180508613586,1e-07,0.058955565,0.0037333649,0.06110127,0.050508856773376465,0.04573342204093933,0.00261908071115613,0.05117695406079292
2972,0.051623135805130005,1e-07,0.05895555,0.0037333632,0.061101254,0.05050847306847572,0.04572953283786774,0.0026187333278357983,0.051173560321331024
2973,0.05162310227751732,1e-07,0.058955535,0.0037333614,0.06110124,0.05050810053944588,0.04572572559118271,0.0026183940935879946,0.05117024481296539
2974,0.051623065024614334,1e-07,0.05895551,0.0037333586,0.061101217,0.05050773173570633,0.04572199285030365,0.0026180604472756386,0.05116698518395424
2975,0.05162302404642105,1e-07,0.05895549,0.0037333556,0.06110119,0.050507351756095886,0.045718222856521606,0.0026177240069955587,0.051163699477910995
2976,0.05162297934293747,1e-07,0.05895548,0.0037333553,0.06110119,0.050506990402936935,0.04571456462144852,0.0026173978112637997,0.05116051062941551
2977,0.051622942090034485,1e-07,0.058955457,0.0037333518,0.06110116,0.050506625324487686,0.045710913836956024,0.002617072546854615,0.051157332956790924
2978,0.0516229011118412,1e-07,0.05895543,0.0037333488,0.061101135,0.050506267696619034,0.04570731520652771,0.0026167496107518673,0.05115417391061783
